{"type":"FeatureCollection","features":[{"type":"Feature","properties":{"source_layer":"Parcel","source_feature_count":1,"PARCEL_TYPE":14,"اسم_المحور":"محور دهشور","اسم_المحافظة":"محافظة الجيزة","نوع_نمط_العمران":"صناعي","نوع_طبيعة_المنطقة":"قائمة","GlobalID":"{B91A211D-B311-4FC0-B96E-F3BAB7D8E28B}","SHAPE_Length":699.6857768724471,"SHAPE_Area":24457.209180215785},"geometry":{"type":"Polygon","coordinates":[[[30.847835,29.946566],[30.846929,29.946066],[30.845473,29.947867],[30.846107,29.94829],[30.846867,29.947508],[30.847015,29.947526],[30.847835,29.946566]]]}},{"type":"Feature","properties":{"source_layer":"Parcel","source_feature_count":1,"PARCEL_TYPE":9,"اسم_المحور":"محور دهشور","اسم_المحافظة":"محافظة الجيزة","نوع_نمط_العمران":"صناعي","نوع_طبيعة_المنطقة":"قائمة","GlobalID":"{76D5206A-4B9F-4DB1-AE5C-A727C5CB6802}","SHAPE_Length":286.1900971400888,"SHAPE_Area":4809.473794850544},"geometry":{"type":"Polygon","coordinates":[[[30.855439,29.942796],[30.856177,29.943276],[30.856517,29.942887],[30.855779,29.942407],[30.855439,29.942796]]]}},{"type":"Feature","properties":{"source_layer":"Parcel","source_feature_count":1,"PARCEL_TYPE":14,"اسم_المحور":"محور دهشور","اسم_المحافظة":"محافظة الجيزة","نوع_نمط_العمران":"صناعي","نوع_طبيعة_المنطقة":"قائمة","GlobalID":"{A450B2F8-0B37-42C7-B23D-15AB0124EE40}","SHAPE_Length":415.50372177691406,"SHAPE_Area":8335.796457416192},"geometry":{"type":"Polygon","coordinates":[[[30.855459,29.942773],[30.855779,29.942407],[30.854503,29.941575],[30.854169,29.941972],[30.855459,29.942773]]]}},{"type":"Feature","properties":{"source_layer":"Parcel","source_feature_count":1,"PARCEL_TYPE":14,"اسم_المحور":"محور دهشور","اسم_المحافظة":"محافظة الجيزة","نوع_نمط_العمران":"صناعي","نوع_طبيعة_المنطقة":"قائمة","GlobalID":"{C9676100-8BA6-45B3-B5CD-797E42F6B08E}","SHAPE_Length":232.66237904749687,"SHAPE_Area":3099.943654355822},"geometry":{"type":"Polygon","coordinates":[[[30.845176,29.940795],[30.844686,29.941382],[30.845003,29.941591],[30.845437,29.941063],[30.845176,29.940795]]]}},{"type":"Feature","properties":{"source_layer":"Parcel","source_feature_count":1,"PARCEL_TYPE":9,"اسم_المحور":"محور دهشور","اسم_المحافظة":"محافظة الجيزة","نوع_نمط_العمران":"صناعي","نوع_طبيعة_المنطقة":"قائمة","GlobalID":"{88F520D5-D65D-41CB-85BA-D00671720A41}","SHAPE_Length":1677.2188279633851,"SHAPE_Area":80849.59490135711},"geometry":{"type":"MultiPolygon","coordinates":[[[[30.844158,29.940225],[30.842267,29.942411],[30.842329,29.942575],[30.843441,29.943295],[30.845003,29.941591],[30.844686,29.941382],[30.845167,29.940789],[30.844158,29.940225]]],[[[30.845015,29.939214],[30.844336,29.93999],[30.844347,29.940139],[30.846184,29.941353],[30.846432,29.941343],[30.847048,29.940654],[30.847048,29.940461],[30.845173,29.93921],[30.845015,29.939214]]]]}},{"type":"Feature","properties":{"source_layer":"Parcel","source_feature_count":1,"PARCEL_TYPE":9,"اسم_المحور":"محور دهشور","اسم_المحافظة":"محافظة الجيزة","نوع_نمط_العمران":"صناعي","نوع_طبيعة_المنطقة":"قائمة","GlobalID":"{E98B86A7-35B5-44AB-B362-D9B6D9AE64AC}","SHAPE_Length":371.87826432496456,"SHAPE_Area":8392.117872568431},"geometry":{"type":"Polygon","coordinates":[[[30.841498,29.939345],[30.84083,29.94013],[30.841455,29.940543],[30.842141,29.939746],[30.841498,29.939345]]]}},{"type":"Feature","properties":{"source_layer":"Parcel","source_feature_count":1,"PARCEL_TYPE":9,"اسم_المحور":"محور دهشور","اسم_المحافظة":"محافظة الجيزة","نوع_نمط_العمران":"صناعي","نوع_طبيعة_المنطقة":"قائمة","GlobalID":"{A9CE1A6C-ABB6-4E78-AF8F-0D709E07E1B1}","SHAPE_Length":789.7829159782067,"SHAPE_Area":39590.92031128594},"geometry":{"type":"Polygon","coordinates":[[[30.848235,29.93469],[30.84652,29.933458],[30.84544,29.934744],[30.8473,29.935968],[30.848204,29.934912],[30.848235,29.93469]]]}},{"type":"Feature","properties":{"source_layer":"Parcel","source_feature_count":1,"PARCEL_TYPE":14,"اسم_المحور":"محور دهشور","اسم_المحافظة":"محافظة الجيزة","نوع_نمط_العمران":"صناعي","نوع_طبيعة_المنطقة":"قائمة","GlobalID":"{B6C333C0-1FD5-4B28-BA60-480F7DFCD26D}","SHAPE_Length":482.6036170428196,"SHAPE_Area":13017.65673313966},"geometry":{"type":"Polygon","coordinates":[[[30.845965,29.938076],[30.84729,29.93893],[30.847804,29.93833],[30.846463,29.937489],[30.845965,29.938076]]]}},{"type":"Feature","properties":{"source_layer":"Parcel","source_feature_count":1,"PARCEL_TYPE":14,"اسم_المحور":"محور دهشور","اسم_المحافظة":"محافظة الجيزة","نوع_نمط_العمران":"صناعي","نوع_طبيعة_المنطقة":"قائمة","GlobalID":"{A4434A48-D937-4053-BFE2-3F7CD3493319}","SHAPE_Length":1308.853628133652,"SHAPE_Area":98834.92243511924},"geometry":{"type":"Polygon","coordinates":[[[30.844278,29.93612],[30.841599,29.939233],[30.843374,29.940421],[30.846093,29.937355],[30.845971,29.937167],[30.844278,29.93612]]]}},{"type":"Feature","properties":{"source_layer":"Parcel","source_feature_count":1,"PARCEL_TYPE":9,"اسم_المحور":"محور دهشور","اسم_المحافظة":"محافظة الجيزة","نوع_نمط_العمران":"صناعي","نوع_طبيعة_المنطقة":"قائمة","GlobalID":"{4B00851C-A7DC-47CF-BBD2-16496CB18009}","SHAPE_Length":885.839841763643,"SHAPE_Area":53247.341036768135},"geometry":{"type":"Polygon","coordinates":[[[30.859207,29.940316],[30.858116,29.941481],[30.85809,29.941678],[30.8599,29.942934],[30.86018,29.942977],[30.861255,29.941813],[30.861288,29.941609],[30.859516,29.940382],[30.859207,29.940316]]]}},{"type":"Feature","properties":{"source_layer":"Parcel","source_feature_count":1,"PARCEL_TYPE":9,"اسم_المحور":"محور دهشور","اسم_المحافظة":"محافظة الجيزة","نوع_نمط_العمران":"صناعي","نوع_طبيعة_المنطقة":"قائمة","GlobalID":"{3F84F4B5-CE6B-49C7-84BD-08EA8BEA337E}","SHAPE_Length":1331.0804097829177,"SHAPE_Area":94062.43928895984},"geometry":{"type":"Polygon","coordinates":[[[30.856177,29.943276],[30.854169,29.941972],[30.85195,29.94457],[30.852941,29.945207],[30.852527,29.945692],[30.853513,29.946333],[30.856177,29.943276]]]}},{"type":"Feature","properties":{"source_layer":"Parcel","source_feature_count":1,"PARCEL_TYPE":14,"اسم_المحور":"محور دهشور","اسم_المحافظة":"محافظة الجيزة","نوع_نمط_العمران":"صناعي","نوع_طبيعة_المنطقة":"قائمة","GlobalID":"{45C15320-1B89-461E-9C38-13AE0EFE3D63}","SHAPE_Length":774.719506153544,"SHAPE_Area":29061.87484810563},"geometry":{"type":"Polygon","coordinates":[[[30.84329,29.940552],[30.842141,29.939746],[30.841455,29.940543],[30.84083,29.94013],[30.840478,29.940544],[30.84232,29.941761],[30.84329,29.940552]]]}},{"type":"Feature","properties":{"source_layer":"Parcel","source_feature_count":1,"PARCEL_TYPE":9,"اسم_المحور":"محور دهشور","اسم_المحافظة":"محافظة الجيزة","نوع_نمط_العمران":"صناعي","نوع_طبيعة_المنطقة":"قائمة","GlobalID":"{B7E36CDF-01D9-419B-AD4B-0CEE8BFFF387}","SHAPE_Length":1284.7248437321055,"SHAPE_Area":105530.53032655365},"geometry":{"type":"Polygon","coordinates":[[[30.853049,29.940991],[30.855064,29.938642],[30.85512,29.93836],[30.853076,29.936957],[30.852766,29.936891],[30.851093,29.938719],[30.851216,29.9388],[30.850813,29.939355],[30.851562,29.939827],[30.851578,29.940054],[30.853049,29.940991]]]}},{"type":"Feature","properties":{"source_layer":"Parcel","source_feature_count":1,"PARCEL_TYPE":9,"اسم_المحور":"محور دهشور","اسم_المحافظة":"محافظة الجيزة","نوع_نمط_العمران":"صناعي","نوع_طبيعة_المنطقة":"قائمة","GlobalID":"{85F00168-DF01-42D6-B8FE-73ACF5EC208D}","SHAPE_Length":665.4430242765487,"SHAPE_Area":21873.37385194707},"geometry":{"type":"Polygon","coordinates":[[[30.849917,29.941442],[30.850116,29.94149],[30.851444,29.939952],[30.850771,29.93944],[30.850644,29.939455],[30.849342,29.940983],[30.849447,29.941117],[30.849358,29.941176],[30.849896,29.941526],[30.849917,29.941442]]]}},{"type":"Feature","properties":{"source_layer":"Parcel","source_feature_count":1,"PARCEL_TYPE":9,"اسم_المحور":"محور دهشور","اسم_المحافظة":"محافظة الجيزة","نوع_نمط_العمران":"صناعي","نوع_طبيعة_المنطقة":"قائمة","GlobalID":"{5F3C04C5-7B1B-4813-83D9-F7326D3BA6A0}","SHAPE_Length":1151.3834765157874,"SHAPE_Area":85341.80126509002},"geometry":{"type":"Polygon","coordinates":[[[30.85765,29.942029],[30.855796,29.944183],[30.857984,29.945618],[30.859875,29.943326],[30.859761,29.943128],[30.858046,29.942005],[30.85765,29.942029]]]}},{"type":"Feature","properties":{"source_layer":"Parcel","source_feature_count":1,"PARCEL_TYPE":14,"اسم_المحور":"محور دهشور","اسم_المحافظة":"محافظة الجيزة","نوع_نمط_العمران":"صناعي","نوع_طبيعة_المنطقة":"قائمة","GlobalID":"{73CB3EF6-8ADC-4999-8CCE-2282AB7D70DB}","SHAPE_Length":759.3529600711078,"SHAPE_Area":35761.42398287411},"geometry":{"type":"Polygon","coordinates":[[[30.845471,29.934764],[30.844468,29.935892],[30.846309,29.937054],[30.8473,29.935968],[30.845471,29.934764]]]}},{"type":"Feature","properties":{"source_layer":"Parcel","source_feature_count":1,"PARCEL_TYPE":9,"اسم_المحور":"محور دهشور","اسم_المحافظة":"محافظة الجيزة","نوع_نمط_العمران":"صناعي","نوع_طبيعة_المنطقة":"قائمة","GlobalID":"{798DF5E0-C08C-4653-870A-F40BF7F14DCB}","SHAPE_Length":870.0913314936862,"SHAPE_Area":29510.425802342586},"geometry":{"type":"Polygon","coordinates":[[[30.847307,29.948987],[30.848653,29.947431],[30.848463,29.947218],[30.848543,29.947106],[30.848809,29.947215],[30.847835,29.946566],[30.847015,29.947526],[30.846867,29.947508],[30.846107,29.94829],[30.846305,29.948376],[30.84651,29.948249],[30.847067,29.948612],[30.846958,29.94879],[30.847307,29.948987]]]}},{"type":"Feature","properties":{"source_layer":"Parcel","source_feature_count":1,"PARCEL_TYPE":3,"اسم_المحور":"محور دهشور","اسم_المحافظة":"محافظة الجيزة","نوع_نمط_العمران":"صناعي","نوع_طبيعة_المنطقة":"قائمة","GlobalID":"{6F166FB9-813D-4ADF-8E7D-0617C0F45930}","SHAPE_Length":135.58784738929754,"SHAPE_Area":1031.7438438942734},"geometry":{"type":"Polygon","coordinates":[[[30.852955,29.948241],[30.852764,29.948117],[30.852487,29.94844],[30.852678,29.948565],[30.852955,29.948241]]]}},{"type":"Feature","properties":{"source_layer":"Parcel","source_feature_count":1,"PARCEL_TYPE":9,"اسم_المحور":"محور دهشور","اسم_المحافظة":"محافظة الجيزة","نوع_نمط_العمران":"صناعي","نوع_طبيعة_المنطقة":"قائمة","GlobalID":"{63FC8BF0-338C-4054-AB1D-47F111228D48}","SHAPE_Length":518.0903159426961,"SHAPE_Area":7998.371550831343},"geometry":{"type":"Polygon","coordinates":[[[30.851525,29.950059],[30.85133,29.950316],[30.853181,29.951516],[30.853387,29.951258],[30.851525,29.950059]]]}},{"type":"Feature","properties":{"source_layer":"Parcel","source_feature_count":1,"PARCEL_TYPE":14,"اسم_المحور":"محور دهشور","اسم_المحافظة":"محافظة الجيزة","نوع_نمط_العمران":"صناعي","نوع_طبيعة_المنطقة":"قائمة","GlobalID":"{DB473C06-4D7B-4C91-A228-FAAD00804181}","SHAPE_Length":359.92410530417715,"SHAPE_Area":8752.025760094151},"geometry":{"type":"Polygon","coordinates":[[[30.848213,29.933423],[30.847658,29.934103],[30.848458,29.934485],[30.848764,29.934319],[30.848983,29.933982],[30.848213,29.933423]]]}},{"type":"Feature","properties":{"source_layer":"Parcel","source_feature_count":1,"PARCEL_TYPE":14,"اسم_المحور":"محور دهشور","اسم_المحافظة":"محافظة الجيزة","نوع_نمط_العمران":"صناعي","نوع_طبيعة_المنطقة":"قائمة","GlobalID":"{A38D8AFC-5C9D-4AEF-8F19-E3806880C700}","SHAPE_Length":456.2083689508823,"SHAPE_Area":9776.131966023293},"geometry":{"type":"Polygon","coordinates":[[[30.848541,29.931426],[30.847791,29.932304],[30.848584,29.932848],[30.84901,29.932365],[30.848608,29.932105],[30.849014,29.931601],[30.84872,29.931412],[30.848541,29.931426]]]}},{"type":"Feature","properties":{"source_layer":"Parcel","source_feature_count":1,"PARCEL_TYPE":14,"اسم_المحور":"محور دهشور","اسم_المحافظة":"محافظة الجيزة","نوع_نمط_العمران":"صناعي","نوع_طبيعة_المنطقة":"قائمة","GlobalID":"{3A0B2A74-38F8-4431-8768-1DDB4F8C44D8}","SHAPE_Length":567.9565775716103,"SHAPE_Area":19541.68562861872},"geometry":{"type":"Polygon","coordinates":[[[30.849565,29.932004],[30.848363,29.933289],[30.848406,29.933431],[30.849046,29.93384],[30.849218,29.933796],[30.850292,29.932534],[30.849565,29.932004]]]}},{"type":"Feature","properties":{"source_layer":"Parcel","source_feature_count":1,"PARCEL_TYPE":9,"اسم_المحور":"محور دهشور","اسم_المحافظة":"محافظة الجيزة","نوع_نمط_العمران":"صناعي","نوع_طبيعة_المنطقة":"قائمة","GlobalID":"{AA37257E-225B-4F7A-8F0B-D2E9088FCD43}","SHAPE_Length":833.5764640753472,"SHAPE_Area":42845.49713493533},"geometry":{"type":"Polygon","coordinates":[[[30.842171,29.942597],[30.840537,29.944453],[30.840578,29.944597],[30.841663,29.945307],[30.84185,29.945256],[30.843395,29.943442],[30.842171,29.942597]]]}},{"type":"Feature","properties":{"source_layer":"Parcel","source_feature_count":1,"PARCEL_TYPE":14,"اسم_المحور":"محور دهشور","اسم_المحافظة":"محافظة الجيزة","نوع_نمط_العمران":"صناعي","نوع_طبيعة_المنطقة":"قائمة","GlobalID":"{047D53EB-1E7D-47C9-AB8C-50ED2ADC7026}","SHAPE_Length":406.2875451423889,"SHAPE_Area":9262.10829564012},"geometry":{"type":"Polygon","coordinates":[[[30.854349,29.948026],[30.853158,29.947245],[30.85289,29.94757],[30.852959,29.947853],[30.853942,29.948497],[30.854349,29.948026]]]}},{"type":"Feature","properties":{"source_layer":"Parcel","source_feature_count":1,"PARCEL_TYPE":9,"اسم_المحور":"محور دهشور","اسم_المحافظة":"محافظة الجيزة","نوع_نمط_العمران":"صناعي","نوع_طبيعة_المنطقة":"قائمة","GlobalID":"{6E649490-C5F7-46FB-8C43-1D922874FE11}","SHAPE_Length":265.44666994292567,"SHAPE_Area":4381.889347917329},"geometry":{"type":"Polygon","coordinates":[[[30.854903,29.94839],[30.854349,29.948026],[30.853942,29.948497],[30.854506,29.948863],[30.854903,29.94839]]]}},{"type":"Feature","properties":{"source_layer":"Parcel","source_feature_count":1,"PARCEL_TYPE":14,"اسم_المحور":"محور دهشور","اسم_المحافظة":"محافظة الجيزة","نوع_نمط_العمران":"صناعي","نوع_طبيعة_المنطقة":"قائمة","GlobalID":"{D723F129-977D-40E6-B54E-52E9BB19B4E4}","SHAPE_Length":223.65159406495215,"SHAPE_Area":3287.6103443637767},"geometry":{"type":"Polygon","coordinates":[[[30.855051,29.949001],[30.855347,29.948683],[30.854904,29.948393],[30.854506,29.948863],[30.8548,29.949035],[30.855051,29.949001]]]}},{"type":"Feature","properties":{"source_layer":"Parcel","source_feature_count":1,"PARCEL_TYPE":9,"اسم_المحور":"محور دهشور","اسم_المحافظة":"محافظة الجيزة","نوع_نمط_العمران":"صناعي","نوع_طبيعة_المنطقة":"قائمة","GlobalID":"{41AAB7CF-1F6A-48CC-987B-597C1F85BBC2}","SHAPE_Length":931.5264296045515,"SHAPE_Area":53622.62533337817},"geometry":{"type":"Polygon","coordinates":[[[30.85695,29.946773],[30.855259,29.945684],[30.853655,29.947571],[30.855347,29.948683],[30.85695,29.946773]]]}},{"type":"Feature","properties":{"source_layer":"Parcel","source_feature_count":1,"PARCEL_TYPE":1,"اسم_المحور":"محور دهشور","اسم_المحافظة":"محافظة الجيزة","نوع_نمط_العمران":"صناعي","نوع_طبيعة_المنطقة":"قائمة","GlobalID":"{3F5E0C54-EA5A-49E5-B583-FBF69BE9FB11}","SHAPE_Length":664.2524766419896,"SHAPE_Area":17923.746128637114},"geometry":{"type":"Polygon","coordinates":[[[30.857984,29.945618],[30.855796,29.944183],[30.855374,29.944673],[30.857567,29.946104],[30.857984,29.945618]]]}},{"type":"Feature","properties":{"source_layer":"Parcel","source_feature_count":1,"PARCEL_TYPE":9,"اسم_المحور":"محور دهشور","اسم_المحافظة":"محافظة الجيزة","نوع_نمط_العمران":"صناعي","نوع_طبيعة_المنطقة":"قائمة","GlobalID":"{E404B7A4-42E8-4902-A297-B941B9E9F8CD}","SHAPE_Length":439.3208778543411,"SHAPE_Area":12199.003645439936},"geometry":{"type":"Polygon","coordinates":[[[30.851712,29.949116],[30.851472,29.949207],[30.851073,29.94967],[30.852171,29.950403],[30.852749,29.949735],[30.851712,29.949116]]]}},{"type":"Feature","properties":{"source_layer":"Parcel","source_feature_count":1,"PARCEL_TYPE":1,"اسم_المحور":"محور دهشور","اسم_المحافظة":"محافظة الجيزة","نوع_نمط_العمران":"صناعي","نوع_طبيعة_المنطقة":"قائمة","GlobalID":"{D2643556-70F1-47B5-9818-079FBD4C0D23}","SHAPE_Length":520.055730435402,"SHAPE_Area":15429.00466605111},"geometry":{"type":"Polygon","coordinates":[[[30.854132,29.950649],[30.852749,29.949735],[30.852171,29.950403],[30.853564,29.951312],[30.854132,29.950649]]]}},{"type":"Feature","properties":{"source_layer":"Parcel","source_feature_count":1,"PARCEL_TYPE":14,"اسم_المحور":"محور دهشور","اسم_المحافظة":"محافظة الجيزة","نوع_نمط_العمران":"صناعي","نوع_طبيعة_المنطقة":"قائمة","GlobalID":"{AEBD1600-2120-4826-BF77-95BBEAD294CB}","SHAPE_Length":318.5263571636388,"SHAPE_Area":6446.852764062909},"geometry":{"type":"Polygon","coordinates":[[[30.853033,29.948866],[30.852227,29.948336],[30.851926,29.948719],[30.852015,29.948966],[30.852609,29.949352],[30.853033,29.948866]]]}},{"type":"Feature","properties":{"source_layer":"Parcel","source_feature_count":1,"PARCEL_TYPE":14,"اسم_المحور":"محور دهشور","اسم_المحافظة":"محافظة الجيزة","نوع_نمط_العمران":"صناعي","نوع_طبيعة_المنطقة":"قائمة","GlobalID":"{FDC49B9B-6C60-4171-A740-370716E7B366}","SHAPE_Length":838.0645980962885,"SHAPE_Area":34908.3626098635},"geometry":{"type":"Polygon","coordinates":[[[30.852478,29.952576],[30.853287,29.951682],[30.851182,29.9503],[30.850699,29.950827],[30.850333,29.950622],[30.850217,29.950753],[30.850251,29.951143],[30.852478,29.952576]]]}},{"type":"Feature","properties":{"source_layer":"Parcel","source_feature_count":1,"PARCEL_TYPE":14,"اسم_المحور":"محور دهشور","اسم_المحافظة":"محافظة الجيزة","نوع_نمط_العمران":"صناعي","نوع_طبيعة_المنطقة":"قائمة","GlobalID":"{8884B0ED-42C8-4B96-A6FF-7F82141EEE98}","SHAPE_Length":407.1107798457399,"SHAPE_Area":11394.21677033085},"geometry":{"type":"Polygon","coordinates":[[[30.851344,29.935662],[30.851262,29.935443],[30.850441,29.934896],[30.850253,29.934967],[30.849885,29.935445],[30.849931,29.935577],[30.850789,29.93611],[30.85101,29.936035],[30.851344,29.935662]]]}},{"type":"Feature","properties":{"source_layer":"Parcel","source_feature_count":1,"PARCEL_TYPE":9,"اسم_المحور":"محور دهشور","اسم_المحافظة":"محافظة الجيزة","نوع_نمط_العمران":"صناعي","نوع_طبيعة_المنطقة":"قائمة","GlobalID":"{9DEACBFA-1B93-4D91-A5AF-AD5EFE2EDB5E}","SHAPE_Length":1104.9728921381186,"SHAPE_Area":60189.34940664902},"geometry":{"type":"Polygon","coordinates":[[[30.848727,29.93899],[30.849972,29.939799],[30.852475,29.936888],[30.851227,29.936089],[30.848727,29.93899]]]}},{"type":"Feature","properties":{"source_layer":"Parcel","source_feature_count":1,"PARCEL_TYPE":9,"اسم_المحور":"محور دهشور","اسم_المحافظة":"محافظة الجيزة","نوع_نمط_العمران":"صناعي","نوع_طبيعة_المنطقة":"قائمة","GlobalID":"{48133E3B-FCD3-40E8-B155-A18F842052A0}","SHAPE_Length":451.64858997278867,"SHAPE_Area":11971.478926330028},"geometry":{"type":"Polygon","coordinates":[[[30.851698,29.947318],[30.850537,29.946556],[30.850003,29.947173],[30.851168,29.947932],[30.851698,29.947318]]]}},{"type":"Feature","properties":{"source_layer":"Parcel","source_feature_count":1,"PARCEL_TYPE":1,"اسم_المحور":"محور دهشور","اسم_المحافظة":"محافظة الجيزة","نوع_نمط_العمران":"صناعي","نوع_طبيعة_المنطقة":"قائمة","GlobalID":"{319127A5-BAAE-4458-9AAE-DB606CB6DD8A}","SHAPE_Length":322.3730344563369,"SHAPE_Area":6830.356583937708},"geometry":{"type":"Polygon","coordinates":[[[30.852159,29.947619],[30.851698,29.947318],[30.851168,29.947932],[30.851853,29.948375],[30.852239,29.947913],[30.852159,29.947619]]]}},{"type":"Feature","properties":{"source_layer":"Parcel","source_feature_count":1,"PARCEL_TYPE":14,"اسم_المحور":"محور دهشور","اسم_المحافظة":"محافظة الجيزة","نوع_نمط_العمران":"صناعي","نوع_طبيعة_المنطقة":"قائمة","GlobalID":"{87695AB5-2DCE-4C35-9EDA-FF8BBD8CF02A}","SHAPE_Length":623.3511296924164,"SHAPE_Area":10868.068172882478},"geometry":{"type":"Polygon","coordinates":[[[30.851853,29.948375],[30.84958,29.946898],[30.849349,29.947167],[30.851618,29.94865],[30.851853,29.948375]]]}},{"type":"Feature","properties":{"source_layer":"Parcel","source_feature_count":1,"PARCEL_TYPE":9,"اسم_المحور":"محور دهشور","اسم_المحافظة":"محافظة الجيزة","نوع_نمط_العمران":"صناعي","نوع_طبيعة_المنطقة":"قائمة","GlobalID":"{F9DE9697-913C-42F3-B919-BA3A37F16437}","SHAPE_Length":576.6464376737551,"SHAPE_Area":21648.002514864675},"geometry":{"type":"Polygon","coordinates":[[[30.845997,29.938096],[30.845205,29.939067],[30.846421,29.939862],[30.84729,29.93893],[30.845997,29.938096]]]}},{"type":"Feature","properties":{"source_layer":"Parcel","source_feature_count":1,"PARCEL_TYPE":9,"اسم_المحور":"محور دهشور","اسم_المحافظة":"محافظة الجيزة","نوع_نمط_العمران":"صناعي","نوع_طبيعة_المنطقة":"قائمة","GlobalID":"{C30AACF0-9098-4A0B-BF82-3FB53BA33201}","SHAPE_Length":471.60708309650954,"SHAPE_Area":13384.979688799962},"geometry":{"type":"Polygon","coordinates":[[[30.847044,29.936939],[30.846463,29.937489],[30.847804,29.93833],[30.848226,29.937692],[30.847044,29.936939]]]}},{"type":"Feature","properties":{"source_layer":"Parcel","source_feature_count":1,"PARCEL_TYPE":14,"اسم_المحور":"محور دهشور","اسم_المحافظة":"محافظة الجيزة","نوع_نمط_العمران":"صناعي","نوع_طبيعة_المنطقة":"قائمة","GlobalID":"{9075017E-5A2E-4DE0-AF3A-F64150E18608}","SHAPE_Length":347.48441456027666,"SHAPE_Area":7517.90607017315},"geometry":{"type":"Polygon","coordinates":[[[30.857514,29.939079],[30.85712,29.938831],[30.856869,29.938833],[30.856252,29.939499],[30.856826,29.939876],[30.857514,29.939079]]]}},{"type":"Feature","properties":{"source_layer":"Parcel","source_feature_count":1,"PARCEL_TYPE":9,"اسم_المحور":"محور دهشور","اسم_المحافظة":"محافظة الجيزة","نوع_نمط_العمران":"صناعي","نوع_طبيعة_المنطقة":"قائمة","GlobalID":"{ABCEBA0A-1B28-43C8-BD09-90D79AD83BA1}","SHAPE_Length":785.511959378028,"SHAPE_Area":30579.447839784636},"geometry":{"type":"Polygon","coordinates":[[[30.85751,29.941804],[30.858847,29.940247],[30.858879,29.940038],[30.858097,29.939462],[30.857151,29.940573],[30.856762,29.940319],[30.856208,29.940966],[30.85751,29.941804]]]}},{"type":"Feature","properties":{"source_layer":"Parcel","source_feature_count":1,"PARCEL_TYPE":1,"اسم_المحور":"محور دهشور","اسم_المحافظة":"محافظة الجيزة","نوع_نمط_العمران":"صناعي","نوع_طبيعة_المنطقة":"قائمة","GlobalID":"{1BA513D0-B999-4C8B-AF1F-0CFC561CA500}","SHAPE_Length":1296.4797435757282,"SHAPE_Area":62486.51004534889},"geometry":{"type":"Polygon","coordinates":[[[30.859495,29.940088],[30.860253,29.939191],[30.860949,29.939641],[30.861157,29.939414],[30.861411,29.939513],[30.861997,29.938839],[30.858859,29.936811],[30.858637,29.936774],[30.857818,29.937665],[30.859559,29.938804],[30.858839,29.939662],[30.859495,29.940088]]]}},{"type":"Feature","properties":{"source_layer":"Parcel","source_feature_count":1,"PARCEL_TYPE":14,"اسم_المحور":"محور دهشور","اسم_المحافظة":"محافظة الجيزة","نوع_نمط_العمران":"صناعي","نوع_طبيعة_المنطقة":"قائمة","GlobalID":"{213C1CC7-668E-454E-BB95-B173DEC0BA50}","SHAPE_Length":563.985437961906,"SHAPE_Area":21236.868447059114},"geometry":{"type":"Polygon","coordinates":[[[30.850451,29.934621],[30.851392,29.93356],[30.850446,29.932887],[30.849404,29.934028],[30.850224,29.934637],[30.850451,29.934621]]]}},{"type":"Feature","properties":{"source_layer":"Parcel","source_feature_count":1,"PARCEL_TYPE":3,"اسم_المحور":"محور دهشور","اسم_المحافظة":"محافظة الجيزة","نوع_نمط_العمران":"كمبوند","نوع_طبيعة_المنطقة":"قائمة","GlobalID":"{B18B2824-FFC7-4035-A010-0E0637358D09}","SHAPE_Length":715.8761696675568,"SHAPE_Area":6503.469129696771},"geometry":{"type":"Polygon","coordinates":[[[30.909113,30.001427],[30.909064,30.001206],[30.90865,30.001236],[30.908446,30.000856],[30.908701,30.000658],[30.90837,30.000409],[30.90841,30.001225],[30.908026,30.001228],[30.908029,30.001431],[30.908412,30.001428],[30.908419,30.002169],[30.908329,30.002286],[30.908007,30.002288],[30.908056,30.00246],[30.908206,30.002521],[30.908559,30.002072],[30.908703,30.001425],[30.909113,30.001427]]]}},{"type":"Feature","properties":{"source_layer":"Parcel","source_feature_count":1,"PARCEL_TYPE":3,"اسم_المحور":"محور دهشور","اسم_المحافظة":"محافظة الجيزة","نوع_نمط_العمران":"كمبوند","نوع_طبيعة_المنطقة":"قائمة","GlobalID":"{943BC27B-FB6D-4EA6-86BE-70AA3AC7629F}","SHAPE_Length":177.41193315730698,"SHAPE_Area":1109.915020897615},"geometry":{"type":"Polygon","coordinates":[[[30.907593,29.999897],[30.907002,29.999504],[30.906951,29.999565],[30.907244,30.000021],[30.907593,29.999897]]]}},{"type":"Feature","properties":{"source_layer":"Parcel","source_feature_count":1,"PARCEL_TYPE":9,"اسم_المحور":"محور دهشور","اسم_المحافظة":"محافظة الجيزة","نوع_نمط_العمران":"كمبوند","نوع_طبيعة_المنطقة":"قائمة","GlobalID":"{55BF1D93-8A00-4F54-A513-29F67B173DBF}","SHAPE_Length":491.3444330297804,"SHAPE_Area":10863.779250520509},"geometry":{"type":"Polygon","coordinates":[[[30.917632,29.987959],[30.91644,29.989325],[30.916832,29.989615],[30.918037,29.988265],[30.917632,29.987959]]]}},{"type":"Feature","properties":{"source_layer":"Parcel","source_feature_count":1,"PARCEL_TYPE":9,"اسم_المحور":"محور دهشور","اسم_المحافظة":"محافظة الجيزة","نوع_نمط_العمران":"كمبوند","نوع_طبيعة_المنطقة":"قائمة","GlobalID":"{55F54251-63CC-4177-9963-EA65CF6777E7}","SHAPE_Length":350.69978419029206,"SHAPE_Area":6826.896467823834},"geometry":{"type":"Polygon","coordinates":[[[30.915004,29.98774],[30.914289,29.988615],[30.914694,29.988882],[30.915473,29.988022],[30.915004,29.98774]]]}},{"type":"Feature","properties":{"source_layer":"Parcel","source_feature_count":1,"PARCEL_TYPE":9,"اسم_المحور":"محور دهشور","اسم_المحافظة":"محافظة الجيزة","نوع_نمط_العمران":"كمبوند","نوع_طبيعة_المنطقة":"قائمة","GlobalID":"{F89E9C8F-2635-4E25-B0B6-C4FE99104EA4}","SHAPE_Length":1074.5548807275484,"SHAPE_Area":26835.46334832497},"geometry":{"type":"Polygon","coordinates":[[[30.913152,29.989991],[30.912865,29.990248],[30.912889,29.990423],[30.916923,29.992928],[30.917156,29.992538],[30.913152,29.989991]]]}},{"type":"Feature","properties":{"source_layer":"Parcel","source_feature_count":1,"PARCEL_TYPE":9,"اسم_المحور":"محور دهشور","اسم_المحافظة":"محافظة الجيزة","نوع_نمط_العمران":"كمبوند","نوع_طبيعة_المنطقة":"قائمة","GlobalID":"{D321E7C2-1A3F-4FED-BB2C-34EAC6A6DEDB}","SHAPE_Length":361.68133901912444,"SHAPE_Area":7050.231288427055},"geometry":{"type":"Polygon","coordinates":[[[30.920302,29.99043],[30.919517,29.991332],[30.919912,29.991612],[30.920725,29.990693],[30.920302,29.99043]]]}},{"type":"Feature","properties":{"source_layer":"Parcel","source_feature_count":1,"PARCEL_TYPE":9,"اسم_المحور":"محور دهشور","اسم_المحافظة":"محافظة الجيزة","نوع_نمط_العمران":"كمبوند","نوع_طبيعة_المنطقة":"قائمة","GlobalID":"{A34BEE9F-7542-4E6F-900C-68321C366EAC}","SHAPE_Length":1910.4114947044454,"SHAPE_Area":48235.32763333331},"geometry":{"type":"Polygon","coordinates":[[[30.915523,29.994494],[30.916776,29.993015],[30.916339,29.992779],[30.915372,29.993794],[30.911726,29.991499],[30.913013,29.989942],[30.912592,29.989655],[30.911045,29.991497],[30.911054,29.99165],[30.915523,29.994494]]]}},{"type":"Feature","properties":{"source_layer":"Parcel","source_feature_count":1,"PARCEL_TYPE":9,"اسم_المحور":"محور دهشور","اسم_المحافظة":"محافظة الجيزة","نوع_نمط_العمران":"كمبوند","نوع_طبيعة_المنطقة":"قائمة","GlobalID":"{ACC560A1-9A79-4D38-98B2-87612DAF1A76}","SHAPE_Length":1007.7277612330352,"SHAPE_Area":24184.76219390937},"geometry":{"type":"Polygon","coordinates":[[[30.921316,29.990885],[30.921465,29.9907],[30.921758,29.990887],[30.92194,29.990671],[30.918132,29.988303],[30.917864,29.988683],[30.921316,29.990885]]]}},{"type":"Feature","properties":{"source_layer":"Parcel","source_feature_count":1,"PARCEL_TYPE":9,"اسم_المحور":"محور دهشور","اسم_المحافظة":"محافظة الجيزة","نوع_نمط_العمران":"كمبوند","نوع_طبيعة_المنطقة":"قائمة","GlobalID":"{9989D68D-4187-4541-97C1-6CBBE3320D38}","SHAPE_Length":439.7486998666642,"SHAPE_Area":9618.62227692744},"geometry":{"type":"Polygon","coordinates":[[[30.913245,29.991764],[30.912985,29.992175],[30.914379,29.993004],[30.91463,29.992589],[30.913245,29.991764]]]}},{"type":"Feature","properties":{"source_layer":"Parcel","source_feature_count":1,"PARCEL_TYPE":9,"اسم_المحور":"محور دهشور","اسم_المحافظة":"محافظة الجيزة","نوع_نمط_العمران":"كمبوند","نوع_طبيعة_المنطقة":"قائمة","GlobalID":"{02603A44-EE20-42DE-B2C4-627E266D938A}","SHAPE_Length":378.8849619235689,"SHAPE_Area":7478.4170601578635},"geometry":{"type":"Polygon","coordinates":[[[30.915816,29.992439],[30.914974,29.993412],[30.915378,29.993679],[30.916263,29.992716],[30.915816,29.992439]]]}},{"type":"Feature","properties":{"source_layer":"Parcel","source_feature_count":1,"PARCEL_TYPE":9,"اسم_المحور":"محور دهشور","اسم_المحافظة":"محافظة الجيزة","نوع_نمط_العمران":"كمبوند","نوع_طبيعة_المنطقة":"قائمة","GlobalID":"{741C2D8C-B85A-42A4-8A8E-76E3C6B8AA0A}","SHAPE_Length":821.8332266744968,"SHAPE_Area":19519.536203354597},"geometry":{"type":"Polygon","coordinates":[[[30.918261,29.991572],[30.916133,29.994073],[30.916136,29.994181],[30.916496,29.99441],[30.918739,29.991833],[30.918261,29.991572]]]}},{"type":"Feature","properties":{"source_layer":"Parcel","source_feature_count":1,"PARCEL_TYPE":9,"اسم_المحور":"محور دهشور","اسم_المحافظة":"محافظة الجيزة","نوع_نمط_العمران":"كمبوند","نوع_طبيعة_المنطقة":"قائمة","GlobalID":"{D68B67E7-FD38-4488-9E9C-846299A12FDC}","SHAPE_Length":356.985176042853,"SHAPE_Area":6899.240421301724},"geometry":{"type":"Polygon","coordinates":[[[30.917324,29.993667],[30.917048,29.994054],[30.918099,29.994699],[30.918406,29.994329],[30.917324,29.993667]]]}},{"type":"Feature","properties":{"source_layer":"Parcel","source_feature_count":1,"PARCEL_TYPE":9,"اسم_المحور":"محور دهشور","اسم_المحافظة":"محافظة الجيزة","نوع_نمط_العمران":"كمبوند","نوع_طبيعة_المنطقة":"قائمة","GlobalID":"{334BCF09-CCB6-4620-8FFD-E7F489E567BB}","SHAPE_Length":366.9572716292489,"SHAPE_Area":7363.87911620222},"geometry":{"type":"Polygon","coordinates":[[[30.920823,29.990776],[30.920043,29.99167],[30.92043,29.991956],[30.921277,29.991053],[30.920823,29.990776]]]}},{"type":"Feature","properties":{"source_layer":"Parcel","source_feature_count":1,"PARCEL_TYPE":9,"اسم_المحور":"محور دهشور","اسم_المحافظة":"محافظة الجيزة","نوع_نمط_العمران":"كمبوند","نوع_طبيعة_المنطقة":"قائمة","GlobalID":"{006D208C-A8CB-4078-81B2-A4DF19949496}","SHAPE_Length":332.9161958166977,"SHAPE_Area":6340.706562860182},"geometry":{"type":"Polygon","coordinates":[[[30.919387,29.991478],[30.91915,29.991836],[30.920118,29.992416],[30.920388,29.992023],[30.919387,29.991478]]]}},{"type":"Feature","properties":{"source_layer":"Parcel","source_feature_count":1,"PARCEL_TYPE":9,"اسم_المحور":"محور دهشور","اسم_المحافظة":"محافظة الجيزة","نوع_نمط_العمران":"كمبوند","نوع_طبيعة_المنطقة":"قائمة","GlobalID":"{4A63B3BF-19C9-4C67-805A-F31C4968ABFD}","SHAPE_Length":368.24901623207757,"SHAPE_Area":7499.3028489281},"geometry":{"type":"Polygon","coordinates":[[[30.918883,29.991861],[30.918552,29.992232],[30.919504,29.992871],[30.919695,29.992878],[30.919965,29.992527],[30.918883,29.991861]]]}},{"type":"Feature","properties":{"source_layer":"Parcel","source_feature_count":1,"PARCEL_TYPE":9,"اسم_المحور":"محور دهشور","اسم_المحافظة":"محافظة الجيزة","نوع_نمط_العمران":"كمبوند","نوع_طبيعة_المنطقة":"قائمة","GlobalID":"{50557232-A0FC-4676-9F77-C225A9A13288}","SHAPE_Length":519.7993839980593,"SHAPE_Area":11526.193675316006},"geometry":{"type":"Polygon","coordinates":[[[30.920079,29.992621],[30.918779,29.994095],[30.919247,29.994382],[30.9205,29.992926],[30.920079,29.992621]]]}},{"type":"Feature","properties":{"source_layer":"Parcel","source_feature_count":1,"PARCEL_TYPE":9,"اسم_المحور":"محور دهشور","اسم_المحافظة":"محافظة الجيزة","نوع_نمط_العمران":"كمبوند","نوع_طبيعة_المنطقة":"قائمة","GlobalID":"{B8D86152-6560-444C-A32C-621DF74A0505}","SHAPE_Length":953.9597083134837,"SHAPE_Area":22674.762578448725},"geometry":{"type":"Polygon","coordinates":[[[30.917843,29.996016],[30.919221,29.994413],[30.918756,29.994123],[30.917716,29.99534],[30.916025,29.994271],[30.915714,29.994649],[30.917843,29.996016]]]}},{"type":"Feature","properties":{"source_layer":"Parcel","source_feature_count":1,"PARCEL_TYPE":9,"اسم_المحور":"محور دهشور","اسم_المحافظة":"محافظة الجيزة","نوع_نمط_العمران":"كمبوند","نوع_طبيعة_المنطقة":"قائمة","GlobalID":"{EACB3637-493E-49FE-80C5-F7F17DAD3C44}","SHAPE_Length":345.30165854371376,"SHAPE_Area":6346.150139252044},"geometry":{"type":"Polygon","coordinates":[[[30.916961,29.994138],[30.916646,29.99451],[30.917685,29.995136],[30.917971,29.994794],[30.916961,29.994138]]]}},{"type":"Feature","properties":{"source_layer":"Parcel","source_feature_count":1,"PARCEL_TYPE":9,"اسم_المحور":"محور دهشور","اسم_المحافظة":"محافظة الجيزة","نوع_نمط_العمران":"كمبوند","نوع_طبيعة_المنطقة":"قائمة","GlobalID":"{7D319B28-F6AB-4E2E-85A0-11B60CFA67A6}","SHAPE_Length":363.2453606133147,"SHAPE_Area":7105.720922122503},"geometry":{"type":"Polygon","coordinates":[[[30.918434,29.992326],[30.918182,29.99272],[30.91926,29.993371],[30.91953,29.992976],[30.918434,29.992326]]]}},{"type":"Feature","properties":{"source_layer":"Parcel","source_feature_count":1,"PARCEL_TYPE":9,"اسم_المحور":"محور دهشور","اسم_المحافظة":"محافظة الجيزة","نوع_نمط_العمران":"كمبوند","نوع_طبيعة_المنطقة":"قائمة","GlobalID":"{F553610C-F8F9-4E2A-875A-83FEA734FE37}","SHAPE_Length":309.5722651774605,"SHAPE_Area":5637.945005404682},"geometry":{"type":"Polygon","coordinates":[[[30.918765,29.993229],[30.918086,29.99397],[30.918481,29.99425],[30.919122,29.993511],[30.918765,29.993229]]]}},{"type":"Feature","properties":{"source_layer":"Parcel","source_feature_count":1,"PARCEL_TYPE":9,"اسم_المحور":"محور دهشور","اسم_المحافظة":"محافظة الجيزة","نوع_نمط_العمران":"كمبوند","نوع_طبيعة_المنطقة":"قائمة","GlobalID":"{96E3F911-06D2-431C-AFF2-D7DCD4D5BE7E}","SHAPE_Length":547.4984216586473,"SHAPE_Area":8582.752681928603},"geometry":{"type":"Polygon","coordinates":[[[30.918255,29.989125],[30.918167,29.989338],[30.919332,29.990085],[30.9195,29.990441],[30.919952,29.990674],[30.92021,29.9903],[30.918255,29.989125]]]}},{"type":"Feature","properties":{"source_layer":"Parcel","source_feature_count":1,"PARCEL_TYPE":9,"اسم_المحور":"محور دهشور","اسم_المحافظة":"محافظة الجيزة","نوع_نمط_العمران":"كمبوند","نوع_طبيعة_المنطقة":"قائمة","GlobalID":"{C8218BDB-EC54-4D93-A45A-841BCF77B95C}","SHAPE_Length":371.06522561571757,"SHAPE_Area":7543.060156987074},"geometry":{"type":"Polygon","coordinates":[[[30.919424,29.990529],[30.918579,29.991447],[30.918986,29.991743],[30.919832,29.990807],[30.919424,29.990529]]]}},{"type":"Feature","properties":{"source_layer":"Parcel","source_feature_count":1,"PARCEL_TYPE":9,"اسم_المحور":"محور دهشور","اسم_المحافظة":"محافظة الجيزة","نوع_نمط_العمران":"كمبوند","نوع_طبيعة_المنطقة":"قائمة","GlobalID":"{253D096B-A958-4F21-A519-4255636C1F64}","SHAPE_Length":356.3948147027663,"SHAPE_Area":6946.584464629323},"geometry":{"type":"Polygon","coordinates":[[[30.917697,29.988812],[30.916973,29.989669],[30.91737,29.989961],[30.91815,29.989058],[30.917857,29.988791],[30.917697,29.988812]]]}},{"type":"Feature","properties":{"source_layer":"Parcel","source_feature_count":1,"PARCEL_TYPE":9,"اسم_المحور":"محور دهشور","اسم_المحافظة":"محافظة الجيزة","نوع_نمط_العمران":"كمبوند","نوع_طبيعة_المنطقة":"قائمة","GlobalID":"{39AC9262-A665-4F48-9AAD-61D40CE11657}","SHAPE_Length":371.08287732063087,"SHAPE_Area":7479.835091947872},"geometry":{"type":"Polygon","coordinates":[[[30.912381,29.99168],[30.913153,29.99075],[30.912779,29.990448],[30.911954,29.991365],[30.912,29.991509],[30.912381,29.99168]]]}},{"type":"Feature","properties":{"source_layer":"Parcel","source_feature_count":1,"PARCEL_TYPE":9,"اسم_المحور":"محور دهشور","اسم_المحافظة":"محافظة الجيزة","نوع_نمط_العمران":"كمبوند","نوع_طبيعة_المنطقة":"قائمة","GlobalID":"{19B00320-E8EA-46C6-960F-416B15A44080}","SHAPE_Length":375.6507043359014,"SHAPE_Area":7735.285038235689},"geometry":{"type":"Polygon","coordinates":[[[30.913218,29.99081],[30.91246,29.991741],[30.912777,29.992027],[30.912918,29.991999],[30.913701,29.991117],[30.913218,29.99081]]]}},{"type":"Feature","properties":{"source_layer":"Parcel","source_feature_count":1,"PARCEL_TYPE":9,"اسم_المحور":"محور دهشور","اسم_المحافظة":"محافظة الجيزة","نوع_نمط_العمران":"كمبوند","نوع_طبيعة_المنطقة":"قائمة","GlobalID":"{F07A8F4E-A183-45E8-BE2F-BBAB6C1B92F9}","SHAPE_Length":383.1297556011222,"SHAPE_Area":7654.024291745847},"geometry":{"type":"Polygon","coordinates":[[[30.915278,29.992086],[30.914459,29.99308],[30.914855,29.993361],[30.915734,29.99238],[30.915278,29.992086]]]}},{"type":"Feature","properties":{"source_layer":"Parcel","source_feature_count":1,"PARCEL_TYPE":9,"اسم_المحور":"محور دهشور","اسم_المحافظة":"محافظة الجيزة","نوع_نمط_العمران":"كمبوند","نوع_طبيعة_المنطقة":"قائمة","GlobalID":"{C2154CBE-7E9A-4304-900E-336523C872C6}","SHAPE_Length":378.86364256012024,"SHAPE_Area":7325.651516485414},"geometry":{"type":"Polygon","coordinates":[[[30.917793,29.99118],[30.916953,29.992173],[30.917318,29.992454],[30.918199,29.99147],[30.917793,29.99118]]]}},{"type":"Feature","properties":{"source_layer":"Parcel","source_feature_count":1,"PARCEL_TYPE":9,"اسم_المحور":"محور دهشور","اسم_المحافظة":"محافظة الجيزة","نوع_نمط_العمران":"كمبوند","نوع_طبيعة_المنطقة":"قائمة","GlobalID":"{B710317C-7C8A-4D0A-A202-873AEDEF8A60}","SHAPE_Length":350.85004127076513,"SHAPE_Area":5437.646104797168},"geometry":{"type":"Polygon","coordinates":[[[30.915794,29.991147],[30.915652,29.991404],[30.91685,29.992105],[30.916964,29.991825],[30.915794,29.991147]]]}},{"type":"Feature","properties":{"source_layer":"Parcel","source_feature_count":1,"PARCEL_TYPE":9,"اسم_المحور":"محور دهشور","اسم_المحافظة":"محافظة الجيزة","نوع_نمط_العمران":"كمبوند","نوع_طبيعة_المنطقة":"قائمة","GlobalID":"{4F7B202A-8B96-43C0-A256-48FA6D2C1DDB}","SHAPE_Length":498.21497265069974,"SHAPE_Area":11331.40699342377},"geometry":{"type":"Polygon","coordinates":[[[30.916588,29.988064],[30.915457,29.989407],[30.91583,29.989733],[30.917058,29.988352],[30.916588,29.988064]]]}},{"type":"Feature","properties":{"source_layer":"Parcel","source_feature_count":1,"PARCEL_TYPE":9,"اسم_المحور":"محور دهشور","اسم_المحافظة":"محافظة الجيزة","نوع_نمط_العمران":"كمبوند","نوع_طبيعة_المنطقة":"قائمة","GlobalID":"{0A89F308-6A4D-42AB-A695-A9B5EA090CB7}","SHAPE_Length":1351.4514150010377,"SHAPE_Area":38518.3913710653},"geometry":{"type":"Polygon","coordinates":[[[30.915447,29.987182],[30.91714,29.988211],[30.917472,29.98786],[30.915584,29.986599],[30.915128,29.986571],[30.912715,29.989315],[30.912778,29.98955],[30.913173,29.989765],[30.915286,29.987241],[30.915447,29.987182]]]}},{"type":"Feature","properties":{"source_layer":"Parcel","source_feature_count":1,"PARCEL_TYPE":9,"اسم_المحور":"محور دهشور","اسم_المحافظة":"محافظة الجيزة","نوع_نمط_العمران":"كمبوند","نوع_طبيعة_المنطقة":"قائمة","GlobalID":"{F9D28118-E983-4632-B850-D2FE1A037DC4}","SHAPE_Length":363.8036164740542,"SHAPE_Area":7387.436758499334},"geometry":{"type":"Polygon","coordinates":[[[30.916243,29.988322],[30.916519,29.987928],[30.915531,29.987296],[30.915364,29.98731],[30.915181,29.987687],[30.916243,29.988322]]]}},{"type":"Feature","properties":{"source_layer":"Parcel","source_feature_count":1,"PARCEL_TYPE":9,"اسم_المحور":"محور دهشور","اسم_المحافظة":"محافظة الجيزة","نوع_نمط_العمران":"كمبوند","نوع_طبيعة_المنطقة":"قائمة","GlobalID":"{355DD651-411F-4BC2-B083-CAD5ABA15A35}","SHAPE_Length":357.8368570985552,"SHAPE_Area":7367.320718797873},"geometry":{"type":"Polygon","coordinates":[[[30.915624,29.988123],[30.914922,29.988966],[30.915346,29.989295],[30.916128,29.988458],[30.915624,29.988123]]]}},{"type":"Feature","properties":{"source_layer":"Parcel","source_feature_count":1,"PARCEL_TYPE":9,"اسم_المحور":"محور دهشور","اسم_المحافظة":"محافظة الجيزة","نوع_نمط_العمران":"كمبوند","نوع_طبيعة_المنطقة":"قائمة","GlobalID":"{FCAC8600-63BB-410E-B634-F835575328AB}","SHAPE_Length":395.63198687112384,"SHAPE_Area":8359.56445927392},"geometry":{"type":"Polygon","coordinates":[[[30.915358,29.989577],[30.914482,29.990569],[30.914897,29.990898],[30.915786,29.989883],[30.915358,29.989577]]]}},{"type":"Feature","properties":{"source_layer":"Parcel","source_feature_count":1,"PARCEL_TYPE":9,"اسم_المحور":"محور دهشور","اسم_المحافظة":"محافظة الجيزة","نوع_نمط_العمران":"كمبوند","نوع_طبيعة_المنطقة":"قائمة","GlobalID":"{9745E343-0633-4F48-8409-68BE3AC13728}","SHAPE_Length":404.30964397541516,"SHAPE_Area":9200.837926978513},"geometry":{"type":"Polygon","coordinates":[[[30.91586,29.989975],[30.915047,29.990953],[30.915495,29.991293],[30.916395,29.990303],[30.91586,29.989975]]]}},{"type":"Feature","properties":{"source_layer":"Parcel","source_feature_count":1,"PARCEL_TYPE":9,"اسم_المحور":"محور دهشور","اسم_المحافظة":"محافظة الجيزة","نوع_نمط_العمران":"كمبوند","نوع_طبيعة_المنطقة":"قائمة","GlobalID":"{D01BF6D4-8154-498B-BAF0-E5FA3F03ABE4}","SHAPE_Length":679.8993614694848,"SHAPE_Area":15168.8533700158},"geometry":{"type":"Polygon","coordinates":[[[30.900693,29.986729],[30.900459,29.987083],[30.901601,29.987851],[30.901587,29.988029],[30.901107,29.988643],[30.901476,29.988854],[30.902262,29.987964],[30.902289,29.987759],[30.901745,29.98731],[30.900693,29.986729]]]}},{"type":"Feature","properties":{"source_layer":"Parcel","source_feature_count":1,"PARCEL_TYPE":9,"اسم_المحور":"محور دهشور","اسم_المحافظة":"محافظة الجيزة","نوع_نمط_العمران":"كمبوند","نوع_طبيعة_المنطقة":"قائمة","GlobalID":"{E55E63A4-F1B8-4A5C-867E-5A2B395F9F9F}","SHAPE_Length":398.33396669025194,"SHAPE_Area":8617.351991562608},"geometry":{"type":"Polygon","coordinates":[[[30.898963,29.988762],[30.898664,29.989185],[30.899752,29.989882],[30.899895,29.989873],[30.900171,29.989486],[30.898963,29.988762]]]}},{"type":"Feature","properties":{"source_layer":"Parcel","source_feature_count":1,"PARCEL_TYPE":9,"اسم_المحور":"محور دهشور","اسم_المحافظة":"محافظة الجيزة","نوع_نمط_العمران":"كمبوند","نوع_طبيعة_المنطقة":"قائمة","GlobalID":"{856B3202-4131-4A43-B4E5-E3D26C24299F}","SHAPE_Length":441.48150059094144,"SHAPE_Area":8571.247270443337},"geometry":{"type":"Polygon","coordinates":[[[30.898512,29.989061],[30.899594,29.987866],[30.899565,29.987722],[30.899253,29.987534],[30.898195,29.988796],[30.898512,29.989061]]]}},{"type":"Feature","properties":{"source_layer":"Parcel","source_feature_count":1,"PARCEL_TYPE":9,"اسم_المحور":"محور دهشور","اسم_المحافظة":"محافظة الجيزة","نوع_نمط_العمران":"كمبوند","نوع_طبيعة_المنطقة":"قائمة","GlobalID":"{7F164194-1DC9-4567-B4A9-3AD063591B26}","SHAPE_Length":263.6966959666967,"SHAPE_Area":4268.183710075068},"geometry":{"type":"Polygon","coordinates":[[[30.900819,29.987434],[30.90057,29.987777],[30.901308,29.988228],[30.901485,29.987864],[30.900819,29.987434]]]}},{"type":"Feature","properties":{"source_layer":"Parcel","source_feature_count":1,"PARCEL_TYPE":9,"اسم_المحور":"محور دهشور","اسم_المحافظة":"محافظة الجيزة","نوع_نمط_العمران":"كمبوند","نوع_طبيعة_المنطقة":"قائمة","GlobalID":"{354A9989-F343-4C35-B477-14B9311075BB}","SHAPE_Length":419.1545073591588,"SHAPE_Area":7709.525005499729},"geometry":{"type":"Polygon","coordinates":[[[30.901002,29.988802],[30.89996,29.989948],[30.900267,29.990216],[30.901321,29.989047],[30.901002,29.988802]]]}},{"type":"Feature","properties":{"source_layer":"Parcel","source_feature_count":1,"PARCEL_TYPE":9,"اسم_المحور":"محور دهشور","اسم_المحافظة":"محافظة الجيزة","نوع_نمط_العمران":"كمبوند","نوع_طبيعة_المنطقة":"قائمة","GlobalID":"{2D7D4649-68F8-4AB1-A295-BAAF165A0126}","SHAPE_Length":293.7931466581996,"SHAPE_Area":4405.018700798758},"geometry":{"type":"Polygon","coordinates":[[[30.900372,29.988981],[30.899633,29.988492],[30.899247,29.988775],[30.900065,29.989306],[30.900372,29.988981]]]}},{"type":"Feature","properties":{"source_layer":"Parcel","source_feature_count":1,"PARCEL_TYPE":9,"اسم_المحور":"محور دهشور","اسم_المحافظة":"محافظة الجيزة","نوع_نمط_العمران":"كمبوند","نوع_طبيعة_المنطقة":"قائمة","GlobalID":"{36954C9E-6685-49D0-9A8B-8F3A4D19ABA7}","SHAPE_Length":380.3935521086012,"SHAPE_Area":7191.144641838461},"geometry":{"type":"Polygon","coordinates":[[[30.90027,29.986475],[30.900076,29.986552],[30.899294,29.987486],[30.89964,29.98769],[30.900584,29.986705],[30.900553,29.986581],[30.90027,29.986475]]]}},{"type":"Feature","properties":{"source_layer":"Parcel","source_feature_count":1,"PARCEL_TYPE":9,"اسم_المحور":"محور دهشور","اسم_المحافظة":"محافظة الجيزة","نوع_نمط_العمران":"كمبوند","نوع_طبيعة_المنطقة":"قائمة","GlobalID":"{915680B3-586E-4F88-8169-A9B93485D0CA}","SHAPE_Length":644.9020300604888,"SHAPE_Area":14860.858163343577},"geometry":{"type":"Polygon","coordinates":[[[30.899302,29.983673],[30.898244,29.984922],[30.89944,29.98577],[30.8998,29.985389],[30.899075,29.984806],[30.899696,29.9839],[30.899302,29.983673]]]}},{"type":"Feature","properties":{"source_layer":"Parcel","source_feature_count":1,"PARCEL_TYPE":9,"اسم_المحور":"محور دهشور","اسم_المحافظة":"محافظة الجيزة","نوع_نمط_العمران":"كمبوند","نوع_طبيعة_المنطقة":"قائمة","GlobalID":"{A1197362-75F9-41FA-A1E0-B5C40B3399A7}","SHAPE_Length":411.51544575149717,"SHAPE_Area":8228.395596405033},"geometry":{"type":"Polygon","coordinates":[[[30.903136,29.986201],[30.902302,29.987201],[30.902385,29.987526],[30.902718,29.987468],[30.903579,29.986447],[30.903274,29.986177],[30.903136,29.986201]]]}},{"type":"Feature","properties":{"source_layer":"Parcel","source_feature_count":1,"PARCEL_TYPE":9,"اسم_المحور":"محور دهشور","اسم_المحافظة":"محافظة الجيزة","نوع_نمط_العمران":"كمبوند","نوع_طبيعة_المنطقة":"قائمة","GlobalID":"{3387E63D-5786-4BD2-A876-38AC35C5B95A}","SHAPE_Length":454.0902852195652,"SHAPE_Area":10200.737043507384},"geometry":{"type":"Polygon","coordinates":[[[30.901948,29.983121],[30.901593,29.983525],[30.903036,29.984398],[30.903318,29.983966],[30.901948,29.983121]]]}},{"type":"Feature","properties":{"source_layer":"Parcel","source_feature_count":1,"PARCEL_TYPE":9,"اسم_المحور":"محور دهشور","اسم_المحافظة":"محافظة الجيزة","نوع_نمط_العمران":"كمبوند","نوع_طبيعة_المنطقة":"قائمة","GlobalID":"{F61EFDFF-D4F6-4864-B489-5FD2871CC487}","SHAPE_Length":419.50840356944,"SHAPE_Area":7839.887841103232},"geometry":{"type":"Polygon","coordinates":[[[30.903164,29.985316],[30.902191,29.986494],[30.902583,29.986741],[30.903562,29.985571],[30.903164,29.985316]]]}},{"type":"Feature","properties":{"source_layer":"Parcel","source_feature_count":1,"PARCEL_TYPE":9,"اسم_المحور":"محور دهشور","اسم_المحافظة":"محافظة الجيزة","نوع_نمط_العمران":"كمبوند","نوع_طبيعة_المنطقة":"قائمة","GlobalID":"{822C9CC4-CBA1-4EED-AB6A-957498B73A5E}","SHAPE_Length":361.73500962736455,"SHAPE_Area":6574.7295112611455},"geometry":{"type":"Polygon","coordinates":[[[30.901,29.985583],[30.900812,29.985888],[30.901999,29.986553],[30.902184,29.986236],[30.90113,29.985564],[30.901,29.985583]]]}},{"type":"Feature","properties":{"source_layer":"Parcel","source_feature_count":1,"PARCEL_TYPE":9,"اسم_المحور":"محور دهشور","اسم_المحافظة":"محافظة الجيزة","نوع_نمط_العمران":"كمبوند","نوع_طبيعة_المنطقة":"قائمة","GlobalID":"{D5A6CBD6-CBA6-477B-9DC0-17B3D3A13B93}","SHAPE_Length":249.18518153044928,"SHAPE_Area":3859.87184981921},"geometry":{"type":"Polygon","coordinates":[[[30.901847,29.985467],[30.901624,29.985768],[30.902309,29.986171],[30.902542,29.985842],[30.901847,29.985467]]]}},{"type":"Feature","properties":{"source_layer":"Parcel","source_feature_count":1,"PARCEL_TYPE":9,"اسم_المحور":"محور دهشور","اسم_المحافظة":"محافظة الجيزة","نوع_نمط_العمران":"كمبوند","نوع_طبيعة_المنطقة":"قائمة","GlobalID":"{02AC760E-8D25-46F0-A550-3A75382867C0}","SHAPE_Length":415.0528014970231,"SHAPE_Area":7623.671544847176},"geometry":{"type":"Polygon","coordinates":[[[30.902537,29.984534],[30.902138,29.984271],[30.901168,29.985425],[30.901472,29.985676],[30.902537,29.984534]]]}},{"type":"Feature","properties":{"source_layer":"Parcel","source_feature_count":1,"PARCEL_TYPE":9,"اسم_المحور":"محور دهشور","اسم_المحافظة":"محافظة الجيزة","نوع_نمط_العمران":"كمبوند","نوع_طبيعة_المنطقة":"قائمة","GlobalID":"{C4089019-8E71-43B2-A535-CA8ED2F27537}","SHAPE_Length":322.02824821756,"SHAPE_Area":5612.820074702284},"geometry":{"type":"Polygon","coordinates":[[[30.902834,29.984419],[30.902516,29.984767],[30.903429,29.98535],[30.903744,29.984995],[30.902834,29.984419]]]}},{"type":"Feature","properties":{"source_layer":"Parcel","source_feature_count":1,"PARCEL_TYPE":9,"اسم_المحور":"محور دهشور","اسم_المحافظة":"محافظة الجيزة","نوع_نمط_العمران":"كمبوند","نوع_طبيعة_المنطقة":"قائمة","GlobalID":"{CE6C5339-CD93-4C3B-B1F4-6B26E2A4740A}","SHAPE_Length":471.3085951640263,"SHAPE_Area":9488.112688130568},"geometry":{"type":"Polygon","coordinates":[[[30.901414,29.984221],[30.900362,29.985526],[30.900693,29.985811],[30.901874,29.984456],[30.901414,29.984221]]]}},{"type":"Feature","properties":{"source_layer":"Parcel","source_feature_count":1,"PARCEL_TYPE":9,"اسم_المحور":"محور دهشور","اسم_المحافظة":"محافظة الجيزة","نوع_نمط_العمران":"كمبوند","نوع_طبيعة_المنطقة":"قائمة","GlobalID":"{748BDC08-B3B0-4DED-A310-ECEC424D635E}","SHAPE_Length":364.91051379168937,"SHAPE_Area":6674.154116623572},"geometry":{"type":"Polygon","coordinates":[[[30.899357,29.984456],[30.899166,29.984644],[30.899191,29.984839],[30.900296,29.985492],[30.900523,29.98516],[30.899357,29.984456]]]}},{"type":"Feature","properties":{"source_layer":"Parcel","source_feature_count":1,"PARCEL_TYPE":9,"اسم_المحور":"محور دهشور","اسم_المحافظة":"محافظة الجيزة","نوع_نمط_العمران":"كمبوند","نوع_طبيعة_المنطقة":"قائمة","GlobalID":"{692A1BE2-19A8-4B60-BB1A-49949E650B44}","SHAPE_Length":472.5809962393564,"SHAPE_Area":9454.13638544731},"geometry":{"type":"Polygon","coordinates":[[[30.900574,29.98304],[30.899432,29.984345],[30.899786,29.984613],[30.900992,29.983292],[30.900574,29.98304]]]}},{"type":"Feature","properties":{"source_layer":"Parcel","source_feature_count":1,"PARCEL_TYPE":9,"اسم_المحور":"محور دهشور","اسم_المحافظة":"محافظة الجيزة","نوع_نمط_العمران":"كمبوند","نوع_طبيعة_المنطقة":"قائمة","GlobalID":"{3D5791BF-7854-438E-8CA1-63FC7976542F}","SHAPE_Length":351.4167438527249,"SHAPE_Area":6526.250565949014},"geometry":{"type":"Polygon","coordinates":[[[30.90113,29.983337],[30.90083,29.983688],[30.901948,29.984336],[30.902156,29.983985],[30.90113,29.983337]]]}},{"type":"Feature","properties":{"source_layer":"Parcel","source_feature_count":1,"PARCEL_TYPE":9,"اسم_المحور":"محور دهشور","اسم_المحافظة":"محافظة الجيزة","نوع_نمط_العمران":"كمبوند","نوع_طبيعة_المنطقة":"قائمة","GlobalID":"{FCEE9986-6628-42CB-AEC6-44AADB9F3555}","SHAPE_Length":478.33054464030806,"SHAPE_Area":9721.444964668406},"geometry":{"type":"Polygon","coordinates":[[[30.904476,29.984693],[30.903284,29.986028],[30.903617,29.986306],[30.90484,29.984951],[30.904476,29.984693]]]}},{"type":"Feature","properties":{"source_layer":"Parcel","source_feature_count":1,"PARCEL_TYPE":9,"اسم_المحور":"محور دهشور","اسم_المحافظة":"محافظة الجيزة","نوع_نمط_العمران":"كمبوند","نوع_طبيعة_المنطقة":"قائمة","GlobalID":"{40207F85-74C5-468C-99D3-85825CAF4781}","SHAPE_Length":329.7430002464972,"SHAPE_Area":6352.3425912677485},"geometry":{"type":"Polygon","coordinates":[[[30.901551,29.986448],[30.901227,29.986884],[30.902206,29.987394],[30.902358,29.986941],[30.901551,29.986448]]]}},{"type":"Feature","properties":{"source_layer":"Parcel","source_feature_count":1,"PARCEL_TYPE":9,"اسم_المحور":"محور دهشور","اسم_المحافظة":"محافظة الجيزة","نوع_نمط_العمران":"كمبوند","نوع_طبيعة_المنطقة":"قائمة","GlobalID":"{C258AACE-8A95-4E8E-884C-2001EFD13221}","SHAPE_Length":467.3489384538532,"SHAPE_Area":10644.406975547547},"geometry":{"type":"Polygon","coordinates":[[[30.899937,29.985437],[30.89961,29.985883],[30.901099,29.986758],[30.9014,29.986359],[30.899937,29.985437]]]}},{"type":"Feature","properties":{"source_layer":"Parcel","source_feature_count":1,"PARCEL_TYPE":9,"اسم_المحور":"محور دهشور","اسم_المحافظة":"محافظة الجيزة","نوع_نمط_العمران":"كمبوند","نوع_طبيعة_المنطقة":"قائمة","GlobalID":"{79679612-49D0-4592-A040-A992FC452EA5}","SHAPE_Length":250.24458916925985,"SHAPE_Area":4029.8677134548893},"geometry":{"type":"Polygon","coordinates":[[[30.900749,29.983726],[30.900449,29.984087],[30.901093,29.984475],[30.90136,29.984112],[30.900749,29.983726]]]}},{"type":"Feature","properties":{"source_layer":"Parcel","source_feature_count":1,"PARCEL_TYPE":9,"اسم_المحور":"محور دهشور","اسم_المحافظة":"محافظة الجيزة","نوع_نمط_العمران":"كمبوند","نوع_طبيعة_المنطقة":"قائمة","GlobalID":"{03859732-0875-4A91-97D6-09D2D00D133E}","SHAPE_Length":291.29263947599867,"SHAPE_Area":5343.132287860127},"geometry":{"type":"Polygon","coordinates":[[[30.901058,29.982572],[30.900687,29.982949],[30.901496,29.983417],[30.901738,29.982991],[30.901058,29.982572]]]}},{"type":"Feature","properties":{"source_layer":"Parcel","source_feature_count":1,"PARCEL_TYPE":9,"اسم_المحور":"محور دهشور","اسم_المحافظة":"محافظة الجيزة","نوع_نمط_العمران":"كمبوند","نوع_طبيعة_المنطقة":"قائمة","GlobalID":"{CD62FCD3-2183-4D59-8B7F-8E912FA573C4}","SHAPE_Length":320.7909053659735,"SHAPE_Area":6398.834309549609},"geometry":{"type":"Polygon","coordinates":[[[30.903557,29.984108],[30.903405,29.984149],[30.903143,29.984517],[30.904007,29.985044],[30.904338,29.984624],[30.903557,29.984108]]]}},{"type":"Feature","properties":{"source_layer":"Parcel","source_feature_count":1,"PARCEL_TYPE":9,"اسم_المحور":"محور دهشور","اسم_المحافظة":"محافظة الجيزة","نوع_نمط_العمران":"كمبوند","نوع_طبيعة_المنطقة":"قائمة","GlobalID":"{CB6C1DA8-31D9-4037-90EC-2C3FDCF33477}","SHAPE_Length":439.9166787588013,"SHAPE_Area":8301.18788222005},"geometry":{"type":"Polygon","coordinates":[[[30.900498,29.982284],[30.899444,29.983509],[30.899769,29.983755],[30.900877,29.982544],[30.900498,29.982284]]]}},{"type":"Feature","properties":{"source_layer":"Parcel","source_feature_count":1,"PARCEL_TYPE":9,"اسم_المحور":"محور دهشور","اسم_المحافظة":"محافظة الجيزة","نوع_نمط_العمران":"كمبوند","نوع_طبيعة_المنطقة":"قائمة","GlobalID":"{B71D54AD-FC86-4D57-9A7B-537565BD9E26}","SHAPE_Length":205.52316167169747,"SHAPE_Area":2177.510957078349},"geometry":{"type":"Polygon","coordinates":[[[30.915191,29.992027],[30.914968,29.991851],[30.914514,29.992414],[30.914778,29.992536],[30.915191,29.992027]]]}},{"type":"Feature","properties":{"source_layer":"Parcel","source_feature_count":1,"PARCEL_TYPE":9,"اسم_المحور":"محور دهشور","اسم_المحافظة":"محافظة الجيزة","نوع_نمط_العمران":"كمبوند","نوع_طبيعة_المنطقة":"قائمة","GlobalID":"{1D1C7DBD-2804-4A27-95B5-9E95856D47AF}","SHAPE_Length":456.3146142166321,"SHAPE_Area":9998.904503005662},"geometry":{"type":"Polygon","coordinates":[[[30.916365,29.989447],[30.916016,29.989848],[30.917441,29.990778],[30.917746,29.990334],[30.916365,29.989447]]]}},{"type":"Feature","properties":{"source_layer":"Parcel","source_feature_count":1,"PARCEL_TYPE":9,"اسم_المحور":"محور دهشور","اسم_المحافظة":"محافظة الجيزة","نوع_نمط_العمران":"كمبوند","نوع_طبيعة_المنطقة":"قائمة","GlobalID":"{A65390DE-8DFE-47A2-B996-BFE3CC2BA18F}","SHAPE_Length":125.49294635102748,"SHAPE_Area":898.5541157451319},"geometry":{"type":"Polygon","coordinates":[[[30.917972,29.990125],[30.917631,29.989907],[30.917534,29.990025],[30.917823,29.990306],[30.917972,29.990125]]]}},{"type":"Feature","properties":{"source_layer":"Parcel","source_feature_count":1,"PARCEL_TYPE":9,"اسم_المحور":"محور دهشور","اسم_المحافظة":"محافظة الجيزة","نوع_نمط_العمران":"كمبوند","نوع_طبيعة_المنطقة":"قائمة","GlobalID":"{163461E3-3990-43C1-A808-A37FA02EB1B6}","SHAPE_Length":312.6569209893836,"SHAPE_Area":6562.9688749417555},"geometry":{"type":"Polygon","coordinates":[[[30.90239,29.984853],[30.901981,29.985375],[30.902665,29.985785],[30.903107,29.98524],[30.90239,29.984853]]]}},{"type":"Feature","properties":{"source_layer":"Parcel","source_feature_count":1,"PARCEL_TYPE":9,"اسم_المحور":"محور دهشور","اسم_المحافظة":"محافظة الجيزة","نوع_نمط_العمران":"كمبوند","نوع_طبيعة_المنطقة":"قائمة","GlobalID":"{C779679C-BE5F-4EB3-99FF-9A21C9A29C64}","SHAPE_Length":206.37264997628796,"SHAPE_Area":2693.9714386437395},"geometry":{"type":"Polygon","coordinates":[[[30.913988,29.989776],[30.913564,29.989481],[30.913236,29.989844],[30.913652,29.990129],[30.913988,29.989776]]]}},{"type":"Feature","properties":{"source_layer":"Parcel","source_feature_count":1,"PARCEL_TYPE":9,"اسم_المحور":"محور دهشور","اسم_المحافظة":"محافظة الجيزة","نوع_نمط_العمران":"اسكان مخطط اقتصادى","نوع_طبيعة_المنطقة":"قائمة","GlobalID":"{47D5C0EA-E9F8-4FC2-BC30-BD18DE7B0CC7}","SHAPE_Length":491.7706514856228,"SHAPE_Area":12662.347047399237},"geometry":{"type":"Polygon","coordinates":[[[30.89745,29.976052],[30.896442,29.977272],[30.896469,29.977412],[30.896856,29.977656],[30.898044,29.976387],[30.897611,29.976022],[30.89745,29.976052]]]}},{"type":"Feature","properties":{"source_layer":"Parcel","source_feature_count":1,"PARCEL_TYPE":9,"اسم_المحور":"محور دهشور","اسم_المحافظة":"محافظة الجيزة","نوع_نمط_العمران":"اسكان مخطط اقتصادى","نوع_طبيعة_المنطقة":"قائمة","GlobalID":"{5F8028EC-F3EF-46B5-B7D8-BDC34763EC72}","SHAPE_Length":533.4777915323351,"SHAPE_Area":15604.458540134125},"geometry":{"type":"Polygon","coordinates":[[[30.899844,29.976589],[30.898733,29.977885],[30.899308,29.978333],[30.900526,29.97702],[30.899844,29.976589]]]}},{"type":"Feature","properties":{"source_layer":"Parcel","source_feature_count":1,"PARCEL_TYPE":9,"اسم_المحور":"محور دهشور","اسم_المحافظة":"محافظة الجيزة","نوع_نمط_العمران":"اسكان مخطط اقتصادى","نوع_طبيعة_المنطقة":"قائمة","GlobalID":"{64694ECD-2481-41C4-806A-E61F1E3665FC}","SHAPE_Length":526.9805363451235,"SHAPE_Area":13807.697529612258},"geometry":{"type":"Polygon","coordinates":[[[30.896294,29.977551],[30.895889,29.978017],[30.897586,29.979023],[30.897922,29.978573],[30.896294,29.977551]]]}},{"type":"Feature","properties":{"source_layer":"Parcel","source_feature_count":1,"PARCEL_TYPE":9,"اسم_المحور":"محور دهشور","اسم_المحافظة":"محافظة الجيزة","نوع_نمط_العمران":"اسكان مخطط اقتصادى","نوع_طبيعة_المنطقة":"قائمة","GlobalID":"{8CA90A8C-18A5-46B4-9A5E-4BBA89345372}","SHAPE_Length":587.4028338615348,"SHAPE_Area":17721.661094314088},"geometry":{"type":"Polygon","coordinates":[[[30.898106,29.978691],[30.896782,29.980215],[30.897298,29.980636],[30.897447,29.980609],[30.898734,29.979129],[30.898106,29.978691]]]}},{"type":"Feature","properties":{"source_layer":"Parcel","source_feature_count":1,"PARCEL_TYPE":9,"اسم_المحور":"محور دهشور","اسم_المحافظة":"محافظة الجيزة","نوع_نمط_العمران":"اسكان مخطط اقتصادى","نوع_طبيعة_المنطقة":"قائمة","GlobalID":"{F527D7B5-92FF-4E91-8D12-686EC5998A79}","SHAPE_Length":551.4160762910649,"SHAPE_Area":16829.755897922227},"geometry":{"type":"Polygon","coordinates":[[[30.89543,29.979707],[30.895161,29.980056],[30.895178,29.980303],[30.896586,29.981189],[30.896928,29.981199],[30.897202,29.980888],[30.897176,29.980694],[30.895642,29.97969],[30.89543,29.979707]]]}},{"type":"Feature","properties":{"source_layer":"Parcel","source_feature_count":1,"PARCEL_TYPE":9,"اسم_المحور":"محور دهشور","اسم_المحافظة":"محافظة الجيزة","نوع_نمط_العمران":"اسكان مخطط اقتصادى","نوع_طبيعة_المنطقة":"قائمة","GlobalID":"{FD878A32-F99E-4084-927B-48E686E6D762}","SHAPE_Length":467.4226729057187,"SHAPE_Area":11579.442563023973},"geometry":{"type":"Polygon","coordinates":[[[30.891291,29.986667],[30.890356,29.987793],[30.890849,29.988195],[30.891853,29.986978],[30.891485,29.986605],[30.891291,29.986667]]]}},{"type":"Feature","properties":{"source_layer":"Parcel","source_feature_count":1,"PARCEL_TYPE":9,"اسم_المحور":"محور دهشور","اسم_المحافظة":"محافظة الجيزة","نوع_نمط_العمران":"اسكان مخطط اقتصادى","نوع_طبيعة_المنطقة":"قائمة","GlobalID":"{2BD5401A-F42B-4957-9E3E-50063C2209C3}","SHAPE_Length":544.6485924163982,"SHAPE_Area":16984.37403797364},"geometry":{"type":"Polygon","coordinates":[[[30.888859,29.986296],[30.888496,29.986739],[30.888519,29.986955],[30.890054,29.987869],[30.890502,29.987257],[30.888859,29.986296]]]}},{"type":"Feature","properties":{"source_layer":"Parcel","source_feature_count":1,"PARCEL_TYPE":9,"اسم_المحور":"محور دهشور","اسم_المحافظة":"محافظة الجيزة","نوع_نمط_العمران":"اسكان مخطط اقتصادى","نوع_طبيعة_المنطقة":"قائمة","GlobalID":"{57D93F48-4EA5-43FD-864B-E8B484575E3B}","SHAPE_Length":517.7483190827659,"SHAPE_Area":13284.560770582313},"geometry":{"type":"Polygon","coordinates":[[[30.890643,29.985333],[30.890451,29.985593],[30.890492,29.98577],[30.892017,29.986772],[30.892433,29.986282],[30.89088,29.985282],[30.890643,29.985333]]]}},{"type":"Feature","properties":{"source_layer":"Parcel","source_feature_count":1,"PARCEL_TYPE":9,"اسم_المحور":"محور دهشور","اسم_المحافظة":"محافظة الجيزة","نوع_نمط_العمران":"اسكان مخطط اقتصادى","نوع_طبيعة_المنطقة":"قائمة","GlobalID":"{B2CBD651-82A3-4D88-A6E4-B756DAFB0992}","SHAPE_Length":505.79261003754635,"SHAPE_Area":13631.421750940899},"geometry":{"type":"Polygon","coordinates":[[[30.890136,29.984823],[30.888981,29.986126],[30.889479,29.986485],[30.890677,29.985196],[30.890136,29.984823]]]}},{"type":"Feature","properties":{"source_layer":"Parcel","source_feature_count":1,"PARCEL_TYPE":9,"اسم_المحور":"محور دهشور","اسم_المحافظة":"محافظة الجيزة","نوع_نمط_العمران":"اسكان مخطط اقتصادى","نوع_طبيعة_المنطقة":"قائمة","GlobalID":"{24D7D18D-D804-4E43-A1FE-25327F5E0C62}","SHAPE_Length":594.0355050571362,"SHAPE_Area":16342.988339374435},"geometry":{"type":"Polygon","coordinates":[[[30.889192,29.984196],[30.887334,29.982984],[30.886924,29.983509],[30.888893,29.984694],[30.889192,29.984196]]]}},{"type":"Feature","properties":{"source_layer":"Parcel","source_feature_count":1,"PARCEL_TYPE":9,"اسم_المحور":"محور دهشور","اسم_المحافظة":"محافظة الجيزة","نوع_نمط_العمران":"اسكان مخطط اقتصادى","نوع_طبيعة_المنطقة":"قائمة","GlobalID":"{9D062C43-F7FA-4FDD-A013-DA982F45BD04}","SHAPE_Length":533.614229799938,"SHAPE_Area":13532.508009352805},"geometry":{"type":"Polygon","coordinates":[[[30.893353,29.984253],[30.892168,29.985633],[30.89218,29.985799],[30.892488,29.986004],[30.8927,29.985976],[30.893925,29.984582],[30.893353,29.984253]]]}},{"type":"Feature","properties":{"source_layer":"Parcel","source_feature_count":1,"PARCEL_TYPE":9,"اسم_المحور":"محور دهشور","اسم_المحافظة":"محافظة الجيزة","نوع_نمط_العمران":"اسكان مخطط اقتصادى","نوع_طبيعة_المنطقة":"قائمة","GlobalID":"{8552CD70-BAD7-4017-9FE7-837466F39F27}","SHAPE_Length":517.0223962998886,"SHAPE_Area":13878.507935372385},"geometry":{"type":"Polygon","coordinates":[[[30.890735,29.984158],[30.890362,29.984492],[30.890401,29.984718],[30.891828,29.985629],[30.892005,29.985618],[30.892281,29.985279],[30.892252,29.985126],[30.890735,29.984158]]]}},{"type":"Feature","properties":{"source_layer":"Parcel","source_feature_count":1,"PARCEL_TYPE":9,"اسم_المحور":"محور دهشور","اسم_المحافظة":"محافظة الجيزة","نوع_نمط_العمران":"اسكان مخطط اقتصادى","نوع_طبيعة_المنطقة":"قائمة","GlobalID":"{CD6E3CB8-885C-47E3-962E-936BD83D4319}","SHAPE_Length":497.09327354772483,"SHAPE_Area":12817.231513144945},"geometry":{"type":"Polygon","coordinates":[[[30.892654,29.983028],[30.892423,29.983287],[30.892451,29.983439],[30.893888,29.984376],[30.894074,29.984367],[30.894287,29.984083],[30.894217,29.983846],[30.892921,29.983002],[30.892654,29.983028]]]}},{"type":"Feature","properties":{"source_layer":"Parcel","source_feature_count":1,"PARCEL_TYPE":9,"اسم_المحور":"محور دهشور","اسم_المحافظة":"محافظة الجيزة","نوع_نمط_العمران":"اسكان مخطط اقتصادى","نوع_طبيعة_المنطقة":"قائمة","GlobalID":"{71C869AF-E947-4A74-B972-6D0CF53F6436}","SHAPE_Length":538.7253089115278,"SHAPE_Area":13666.122183816662},"geometry":{"type":"Polygon","coordinates":[[[30.892533,29.982764],[30.892086,29.98247],[30.890873,29.983914],[30.890872,29.984089],[30.891186,29.984304],[30.89138,29.984277],[30.892556,29.982913],[30.892533,29.982764]]]}},{"type":"Feature","properties":{"source_layer":"Parcel","source_feature_count":1,"PARCEL_TYPE":9,"اسم_المحور":"محور دهشور","اسم_المحافظة":"محافظة الجيزة","نوع_نمط_العمران":"اسكان مخطط اقتصادى","نوع_طبيعة_المنطقة":"قائمة","GlobalID":"{B3B045DC-736C-442E-806A-D19DFF1E4A78}","SHAPE_Length":562.285345594777,"SHAPE_Area":14306.680583274585},"geometry":{"type":"Polygon","coordinates":[[[30.889817,29.984315],[30.889981,29.984115],[30.890249,29.984298],[30.89043,29.983958],[30.888618,29.982892],[30.888316,29.983395],[30.889817,29.984315]]]}},{"type":"Feature","properties":{"source_layer":"Parcel","source_feature_count":1,"PARCEL_TYPE":9,"اسم_المحور":"محور دهشور","اسم_المحافظة":"محافظة الجيزة","نوع_نمط_العمران":"اسكان مخطط اقتصادى","نوع_طبيعة_المنطقة":"قائمة","GlobalID":"{B2EA2C7A-047E-4D7F-ABC3-5960E689B16B}","SHAPE_Length":590.0509162557471,"SHAPE_Area":16387.261188341487},"geometry":{"type":"Polygon","coordinates":[[[30.891335,29.981937],[30.889993,29.983509],[30.890519,29.983892],[30.891949,29.982309],[30.891335,29.981937]]]}},{"type":"Feature","properties":{"source_layer":"Parcel","source_feature_count":1,"PARCEL_TYPE":9,"اسم_المحور":"محور دهشور","اسم_المحافظة":"محافظة الجيزة","نوع_نمط_العمران":"اسكان مخطط اقتصادى","نوع_طبيعة_المنطقة":"قائمة","GlobalID":"{CC71D083-0EB3-4BB0-B68C-E73143687F36}","SHAPE_Length":666.795584556621,"SHAPE_Area":11216.96474188352},"geometry":{"type":"Polygon","coordinates":[[[30.888702,29.981238],[30.887722,29.981696],[30.887526,29.981923],[30.887516,29.982675],[30.888113,29.983265],[30.888359,29.983045],[30.887902,29.982688],[30.887822,29.982248],[30.888061,29.981925],[30.888906,29.981645],[30.889099,29.981417],[30.888702,29.981238]]]}},{"type":"Feature","properties":{"source_layer":"Parcel","source_feature_count":1,"PARCEL_TYPE":9,"اسم_المحور":"محور دهشور","اسم_المحافظة":"محافظة الجيزة","نوع_نمط_العمران":"اسكان مخطط اقتصادى","نوع_طبيعة_المنطقة":"قائمة","GlobalID":"{7DF5068E-439E-48C9-BE9D-141F5EDC1C41}","SHAPE_Length":574.2327521305492,"SHAPE_Area":17265.435072400644},"geometry":{"type":"Polygon","coordinates":[[[30.88949,29.980841],[30.888986,29.981059],[30.888966,29.981207],[30.89085,29.982341],[30.891226,29.981782],[30.889903,29.980929],[30.88949,29.980841]]]}},{"type":"Feature","properties":{"source_layer":"Parcel","source_feature_count":1,"PARCEL_TYPE":9,"اسم_المحور":"محور دهشور","اسم_المحافظة":"محافظة الجيزة","نوع_نمط_العمران":"اسكان مخطط اقتصادى","نوع_طبيعة_المنطقة":"قائمة","GlobalID":"{0DFFF1E5-8994-457E-9C72-FDD26796A69E}","SHAPE_Length":661.2574102196754,"SHAPE_Area":17550.886907227745},"geometry":{"type":"Polygon","coordinates":[[[30.894433,29.983351],[30.89461,29.983139],[30.894943,29.983353],[30.89627,29.981786],[30.896193,29.981452],[30.895903,29.981279],[30.895742,29.981315],[30.894195,29.983199],[30.894433,29.983351]]]}},{"type":"Feature","properties":{"source_layer":"Parcel","source_feature_count":1,"PARCEL_TYPE":9,"اسم_المحور":"محور دهشور","اسم_المحافظة":"محافظة الجيزة","نوع_نمط_العمران":"اسكان مخطط اقتصادى","نوع_طبيعة_المنطقة":"قائمة","GlobalID":"{355D3925-A0BB-4D39-B013-B443F27274A0}","SHAPE_Length":631.1558593201855,"SHAPE_Area":16438.32552458262},"geometry":{"type":"Polygon","coordinates":[[[30.894487,29.98057],[30.893058,29.982298],[30.893092,29.982493],[30.893372,29.982656],[30.893589,29.982607],[30.895002,29.980905],[30.895003,29.980694],[30.894666,29.980496],[30.894487,29.98057]]]}},{"type":"Feature","properties":{"source_layer":"Parcel","source_feature_count":1,"PARCEL_TYPE":9,"اسم_المحور":"محور دهشور","اسم_المحافظة":"محافظة الجيزة","نوع_نمط_العمران":"اسكان مخطط اقتصادى","نوع_طبيعة_المنطقة":"قائمة","GlobalID":"{FFF94317-9722-4B76-8350-5686AFD9CF0D}","SHAPE_Length":630.4460112307775,"SHAPE_Area":16705.627684370676},"geometry":{"type":"Polygon","coordinates":[[[30.892544,29.979353],[30.891135,29.981085],[30.891167,29.981218],[30.891518,29.981425],[30.8917,29.981377],[30.893125,29.979626],[30.893104,29.979481],[30.892845,29.979309],[30.892544,29.979353]]]}},{"type":"Feature","properties":{"source_layer":"Parcel","source_feature_count":1,"PARCEL_TYPE":9,"اسم_المحور":"محور دهشور","اسم_المحافظة":"محافظة الجيزة","نوع_نمط_العمران":"اسكان مخطط اقتصادى","نوع_طبيعة_المنطقة":"قائمة","GlobalID":"{A4267E5B-A4AA-4CF9-8319-818282EBD77B}","SHAPE_Length":646.9265665545448,"SHAPE_Area":18631.328376929247},"geometry":{"type":"Polygon","coordinates":[[[30.891281,29.978547],[30.88992,29.980162],[30.889966,29.980477],[30.890338,29.980721],[30.891918,29.978865],[30.891879,29.978683],[30.891611,29.978514],[30.891281,29.978547]]]}},{"type":"Feature","properties":{"source_layer":"Parcel","source_feature_count":1,"PARCEL_TYPE":9,"اسم_المحور":"محور دهشور","اسم_المحافظة":"محافظة الجيزة","نوع_نمط_العمران":"اسكان مخطط اقتصادى","نوع_طبيعة_المنطقة":"قائمة","GlobalID":"{03274B10-EAB7-43C7-91F5-7EADBBC4EAB0}","SHAPE_Length":362.46262909696026,"SHAPE_Area":7014.828991765923},"geometry":{"type":"Polygon","coordinates":[[[30.893235,29.979706],[30.893096,29.980018],[30.894228,29.980687],[30.894427,29.980439],[30.89439,29.980284],[30.893431,29.979668],[30.893235,29.979706]]]}},{"type":"Feature","properties":{"source_layer":"Parcel","source_feature_count":1,"PARCEL_TYPE":9,"اسم_المحور":"محور دهشور","اسم_المحافظة":"محافظة الجيزة","نوع_نمط_العمران":"اسكان مخطط اقتصادى","نوع_طبيعة_المنطقة":"قائمة","GlobalID":"{BD86F85F-B6AB-4B7A-8B97-4D8170F2FD57}","SHAPE_Length":573.1251407874734,"SHAPE_Area":15793.959425449877},"geometry":{"type":"Polygon","coordinates":[[[30.895669,29.978148],[30.894371,29.979681],[30.8948,29.980036],[30.895013,29.979986],[30.896214,29.978532],[30.896148,29.978322],[30.895843,29.978123],[30.895669,29.978148]]]}},{"type":"Feature","properties":{"source_layer":"Parcel","source_feature_count":1,"PARCEL_TYPE":9,"اسم_المحور":"محور دهشور","اسم_المحافظة":"محافظة الجيزة","نوع_نمط_العمران":"اسكان مخطط اقتصادى","نوع_طبيعة_المنطقة":"قائمة","GlobalID":"{F1ACE827-EB6E-4768-B6CE-F201E5216330}","SHAPE_Length":540.9932823360435,"SHAPE_Area":14430.651347093035},"geometry":{"type":"Polygon","coordinates":[[[30.898009,29.975412],[30.897657,29.975887],[30.899372,29.976936],[30.899735,29.976455],[30.898009,29.975412]]]}},{"type":"Feature","properties":{"source_layer":"Parcel","source_feature_count":1,"PARCEL_TYPE":9,"اسم_المحور":"محور دهشور","اسم_المحافظة":"محافظة الجيزة","نوع_نمط_العمران":"اسكان مخطط اقتصادى","نوع_طبيعة_المنطقة":"قائمة","GlobalID":"{45ECBA94-ABCF-4138-ABD1-10D72725D8EB}","SHAPE_Length":480.7120343985869,"SHAPE_Area":13185.401140780798},"geometry":{"type":"Polygon","coordinates":[[[30.890743,29.974215],[30.890378,29.97469],[30.891173,29.975743],[30.891892,29.975608],[30.891438,29.974718],[30.890743,29.974215]]]}},{"type":"Feature","properties":{"source_layer":"Parcel","source_feature_count":1,"PARCEL_TYPE":9,"اسم_المحور":"محور دهشور","اسم_المحافظة":"محافظة الجيزة","نوع_نمط_العمران":"اسكان مخطط اقتصادى","نوع_طبيعة_المنطقة":"قائمة","GlobalID":"{0456213B-45AF-4DFC-92A7-7C6486360481}","SHAPE_Length":571.2241582530688,"SHAPE_Area":15620.194833811223},"geometry":{"type":"Polygon","coordinates":[[[30.894917,29.97768],[30.893693,29.979194],[30.893716,29.979341],[30.894039,29.979542],[30.894294,29.979491],[30.895538,29.978026],[30.895121,29.977662],[30.894917,29.97768]]]}},{"type":"Feature","properties":{"source_layer":"Parcel","source_feature_count":1,"PARCEL_TYPE":9,"اسم_المحور":"محور دهشور","اسم_المحافظة":"محافظة الجيزة","نوع_نمط_العمران":"اسكان مخطط اقتصادى","نوع_طبيعة_المنطقة":"قائمة","GlobalID":"{45BF949B-B209-4C07-A164-971ACC29AFAA}","SHAPE_Length":587.4767261290233,"SHAPE_Area":17707.867533728415},"geometry":{"type":"Polygon","coordinates":[[[30.892003,29.97741],[30.891858,29.97788],[30.891978,29.978178],[30.893417,29.979155],[30.893564,29.97915],[30.89393,29.978602],[30.892003,29.97741]]]}},{"type":"Feature","properties":{"source_layer":"Parcel","source_feature_count":1,"PARCEL_TYPE":9,"اسم_المحور":"محور دهشور","اسم_المحافظة":"محافظة الجيزة","نوع_نمط_العمران":"اسكان مخطط اقتصادى","نوع_طبيعة_المنطقة":"قائمة","GlobalID":"{855C50FF-5F51-44E9-815C-09988ECC2764}","SHAPE_Length":549.8715929444478,"SHAPE_Area":14940.84578347647},"geometry":{"type":"Polygon","coordinates":[[[30.894186,29.976263],[30.893908,29.976732],[30.895529,29.977817],[30.89573,29.977793],[30.895949,29.97748],[30.895877,29.977252],[30.894329,29.976249],[30.894186,29.976263]]]}},{"type":"Feature","properties":{"source_layer":"Parcel","source_feature_count":1,"PARCEL_TYPE":9,"اسم_المحور":"محور دهشور","اسم_المحافظة":"محافظة الجيزة","نوع_نمط_العمران":"اسكان مخطط اقتصادى","نوع_طبيعة_المنطقة":"قائمة","GlobalID":"{75B0D86B-76B3-4CD7-B820-41D54FA5C94D}","SHAPE_Length":630.0894888069233,"SHAPE_Area":8814.28462188411},"geometry":{"type":"Polygon","coordinates":[[[30.893583,29.976196],[30.893951,29.976416],[30.894064,29.976263],[30.893988,29.976087],[30.89344,29.975863],[30.892992,29.975888],[30.892634,29.976065],[30.892317,29.976531],[30.892203,29.977364],[30.892383,29.977484],[30.892549,29.977284],[30.892634,29.976598],[30.892828,29.97627],[30.893192,29.976126],[30.893583,29.976196]]]}},{"type":"Feature","properties":{"source_layer":"Parcel","source_feature_count":1,"PARCEL_TYPE":9,"اسم_المحور":"محور دهشور","اسم_المحافظة":"محافظة الجيزة","نوع_نمط_العمران":"اسكان مخطط اقتصادى","نوع_طبيعة_المنطقة":"قائمة","GlobalID":"{1D0F2BAD-7DDE-4489-827D-75AB0AF98233}","SHAPE_Length":491.9755855669399,"SHAPE_Area":13326.073269497316},"geometry":{"type":"Polygon","coordinates":[[[30.896707,29.975547],[30.895687,29.976775],[30.895712,29.976929],[30.896013,29.977129],[30.89636,29.977045],[30.897279,29.975935],[30.897211,29.975751],[30.896855,29.975526],[30.896707,29.975547]]]}},{"type":"Feature","properties":{"source_layer":"Parcel","source_feature_count":1,"PARCEL_TYPE":9,"اسم_المحور":"محور دهشور","اسم_المحافظة":"محافظة الجيزة","نوع_نمط_العمران":"اسكان مخطط اقتصادى","نوع_طبيعة_المنطقة":"قائمة","GlobalID":"{EF0BC6E1-27AC-4A28-92E3-D708F86FC161}","SHAPE_Length":599.0038650953422,"SHAPE_Area":17110.54707002063},"geometry":{"type":"Polygon","coordinates":[[[30.894058,29.975071],[30.893633,29.975625],[30.895575,29.976775],[30.895904,29.97625],[30.894058,29.975071]]]}},{"type":"Feature","properties":{"source_layer":"Parcel","source_feature_count":1,"PARCEL_TYPE":9,"اسم_المحور":"محور دهشور","اسم_المحافظة":"محافظة الجيزة","نوع_نمط_العمران":"اسكان مخطط اقتصادى","نوع_طبيعة_المنطقة":"قائمة","GlobalID":"{4729A624-2466-42DA-8316-4A52381C762E}","SHAPE_Length":487.95369561915,"SHAPE_Area":12781.65554523058},"geometry":{"type":"Polygon","coordinates":[[[30.896339,29.974328],[30.895899,29.974695],[30.89591,29.974838],[30.897288,29.97569],[30.897454,29.975695],[30.897715,29.975406],[30.8977,29.975209],[30.896339,29.974328]]]}},{"type":"Feature","properties":{"source_layer":"Parcel","source_feature_count":1,"PARCEL_TYPE":9,"اسم_المحور":"محور دهشور","اسم_المحافظة":"محافظة الجيزة","نوع_نمط_العمران":"اسكان مخطط اقتصادى","نوع_طبيعة_المنطقة":"قائمة","GlobalID":"{53B83660-2BC4-4CFA-9A35-22FFA58ABC13}","SHAPE_Length":490.92104706530523,"SHAPE_Area":12680.296765980112},"geometry":{"type":"Polygon","coordinates":[[[30.895625,29.97391],[30.895461,29.97397],[30.894476,29.975171],[30.894923,29.975529],[30.896092,29.974281],[30.89604,29.974126],[30.895625,29.97391]]]}},{"type":"Feature","properties":{"source_layer":"Parcel","source_feature_count":1,"PARCEL_TYPE":9,"اسم_المحور":"محور دهشور","اسم_المحافظة":"محافظة الجيزة","نوع_نمط_العمران":"اسكان مخطط اقتصادى","نوع_طبيعة_المنطقة":"قائمة","GlobalID":"{FD6CED48-0561-43E6-8BDE-947738F247FA}","SHAPE_Length":464.50458140484085,"SHAPE_Area":11260.78691566232},"geometry":{"type":"Polygon","coordinates":[[[30.894786,29.973484],[30.89378,29.974671],[30.894137,29.975011],[30.894333,29.974975],[30.895224,29.973876],[30.895146,29.973574],[30.894786,29.973484]]]}},{"type":"Feature","properties":{"source_layer":"Parcel","source_feature_count":1,"PARCEL_TYPE":9,"اسم_المحور":"محور دهشور","اسم_المحافظة":"محافظة الجيزة","نوع_نمط_العمران":"اسكان مخطط اقتصادى","نوع_طبيعة_المنطقة":"قائمة","GlobalID":"{5649B01D-D405-4605-B8FC-61490012EB0C}","SHAPE_Length":595.5980789560887,"SHAPE_Area":17104.217553162536},"geometry":{"type":"Polygon","coordinates":[[[30.892652,29.972153],[30.892407,29.972576],[30.894203,29.973727],[30.894372,29.973709],[30.894682,29.973233],[30.892961,29.9721],[30.892652,29.972153]]]}},{"type":"Feature","properties":{"source_layer":"Parcel","source_feature_count":1,"PARCEL_TYPE":9,"اسم_المحور":"محور دهشور","اسم_المحافظة":"محافظة الجيزة","نوع_نمط_العمران":"اسكان مخطط اقتصادى","نوع_طبيعة_المنطقة":"قائمة","GlobalID":"{AC96E422-870B-4250-B047-9A4BA104F9DC}","SHAPE_Length":314.7258749096311,"SHAPE_Area":6433.14207180433},"geometry":{"type":"Polygon","coordinates":[[[30.885001,29.972973],[30.884726,29.973429],[30.885427,29.973906],[30.885855,29.973411],[30.885145,29.972956],[30.885001,29.972973]]]}},{"type":"Feature","properties":{"source_layer":"Parcel","source_feature_count":1,"PARCEL_TYPE":9,"اسم_المحور":"محور دهشور","اسم_المحافظة":"محافظة الجيزة","نوع_نمط_العمران":"اسكان مخطط اقتصادى","نوع_طبيعة_المنطقة":"قائمة","GlobalID":"{CFD8BE98-0FD6-4EBF-BD77-D3B16EC10A09}","SHAPE_Length":541.8469255940925,"SHAPE_Area":13775.204375767467},"geometry":{"type":"Polygon","coordinates":[[[30.888789,29.97046],[30.887595,29.971882],[30.888186,29.972258],[30.889386,29.970783],[30.888924,29.970434],[30.888789,29.97046]]]}},{"type":"Feature","properties":{"source_layer":"Parcel","source_feature_count":1,"PARCEL_TYPE":9,"اسم_المحور":"محور دهشور","اسم_المحافظة":"محافظة الجيزة","نوع_نمط_العمران":"اسكان مخطط اقتصادى","نوع_طبيعة_المنطقة":"قائمة","GlobalID":"{059F8A7F-A75D-4DA1-BCDD-FFB28159790B}","SHAPE_Length":499.14743286563316,"SHAPE_Area":13431.701383953054},"geometry":{"type":"Polygon","coordinates":[[[30.890806,29.973693],[30.891058,29.973556],[30.891959,29.97248],[30.891553,29.972135],[30.891284,29.972195],[30.890309,29.973425],[30.890406,29.973667],[30.890806,29.973693]]]}},{"type":"Feature","properties":{"source_layer":"Parcel","source_feature_count":1,"PARCEL_TYPE":9,"اسم_المحور":"محور دهشور","اسم_المحافظة":"محافظة الجيزة","نوع_نمط_العمران":"اسكان مخطط اقتصادى","نوع_طبيعة_المنطقة":"قائمة","GlobalID":"{4F956476-E8C8-4C23-B356-9DE21D6F28EA}","SHAPE_Length":496.7209194320053,"SHAPE_Area":13287.469998213586},"geometry":{"type":"Polygon","coordinates":[[[30.885649,29.971011],[30.885489,29.971232],[30.885527,29.97142],[30.887055,29.972294],[30.887381,29.9718],[30.886061,29.970967],[30.885649,29.971011]]]}},{"type":"Feature","properties":{"source_layer":"Parcel","source_feature_count":1,"PARCEL_TYPE":9,"اسم_المحور":"محور دهشور","اسم_المحافظة":"محافظة الجيزة","نوع_نمط_العمران":"اسكان مخطط اقتصادى","نوع_طبيعة_المنطقة":"قائمة","GlobalID":"{17FB70F6-ECF7-4BBD-863E-8E3E62E62B00}","SHAPE_Length":472.24635972334676,"SHAPE_Area":11768.312473163196},"geometry":{"type":"Polygon","coordinates":[[[30.889935,29.970529],[30.889011,29.971607],[30.889477,29.971985],[30.890554,29.970748],[30.890319,29.97045],[30.889935,29.970529]]]}},{"type":"Feature","properties":{"source_layer":"Parcel","source_feature_count":1,"PARCEL_TYPE":9,"اسم_المحور":"محور دهشور","اسم_المحافظة":"محافظة الجيزة","نوع_نمط_العمران":"اسكان مخطط اقتصادى","نوع_طبيعة_المنطقة":"قائمة","GlobalID":"{8594F5D2-D92F-4810-8DD7-9A03D13C545A}","SHAPE_Length":177.70930644199186,"SHAPE_Area":1919.1632659745515},"geometry":{"type":"Polygon","coordinates":[[[30.890304,29.973121],[30.890073,29.972977],[30.889776,29.973132],[30.889767,29.97348],[30.890076,29.973434],[30.890304,29.973121]]]}},{"type":"Feature","properties":{"source_layer":"Parcel","source_feature_count":1,"PARCEL_TYPE":9,"اسم_المحور":"محور دهشور","اسم_المحافظة":"محافظة الجيزة","نوع_نمط_العمران":"اسكان مخطط اقتصادى","نوع_طبيعة_المنطقة":"قائمة","GlobalID":"{C56B0AEA-40DB-4719-B33A-601D3BACAB6E}","SHAPE_Length":550.1862785663958,"SHAPE_Area":15032.419136166493},"geometry":{"type":"Polygon","coordinates":[[[30.888697,29.973649],[30.887879,29.973799],[30.887061,29.974168],[30.886726,29.974502],[30.886837,29.974878],[30.88704,29.974999],[30.8878,29.974523],[30.888721,29.974287],[30.888697,29.973649]]]}},{"type":"Feature","properties":{"source_layer":"Parcel","source_feature_count":1,"PARCEL_TYPE":9,"اسم_المحور":"محور دهشور","اسم_المحافظة":"محافظة الجيزة","نوع_نمط_العمران":"اسكان مخطط اقتصادى","نوع_طبيعة_المنطقة":"قائمة","GlobalID":"{DE06DDFE-F566-481E-8753-56969ACD706A}","SHAPE_Length":325.4246355077921,"SHAPE_Area":4932.443159965932},"geometry":{"type":"Polygon","coordinates":[[[30.890181,29.974805],[30.890023,29.975052],[30.890651,29.975833],[30.891017,29.975807],[30.890704,29.975182],[30.890181,29.974805]]]}},{"type":"Feature","properties":{"source_layer":"Parcel","source_feature_count":1,"PARCEL_TYPE":9,"اسم_المحور":"محور دهشور","اسم_المحافظة":"محافظة الجيزة","نوع_نمط_العمران":"اسكان مخطط اقتصادى","نوع_طبيعة_المنطقة":"قائمة","GlobalID":"{63085AE7-F917-4AF6-BE12-3C134C9E5CA4}","SHAPE_Length":530.9966833834978,"SHAPE_Area":14145.06910565807},"geometry":{"type":"Polygon","coordinates":[[[30.879453,29.979847],[30.878805,29.979943],[30.879093,29.980617],[30.879822,29.981223],[30.880216,29.981357],[30.8805,29.981292],[30.880671,29.980995],[30.8798,29.980387],[30.879453,29.979847]]]}},{"type":"Feature","properties":{"source_layer":"Parcel","source_feature_count":1,"PARCEL_TYPE":9,"اسم_المحور":"محور دهشور","اسم_المحافظة":"محافظة الجيزة","نوع_نمط_العمران":"اسكان مخطط اقتصادى","نوع_طبيعة_المنطقة":"قائمة","GlobalID":"{503AEB47-BA1C-498E-9952-02C1FD31A808}","SHAPE_Length":560.0198845324472,"SHAPE_Area":20691.04332713024},"geometry":{"type":"Polygon","coordinates":[[[30.882605,29.977781],[30.88155,29.979043],[30.882145,29.979427],[30.883125,29.979167],[30.883365,29.978924],[30.883452,29.978245],[30.882605,29.977781]]]}},{"type":"Feature","properties":{"source_layer":"Parcel","source_feature_count":1,"PARCEL_TYPE":9,"اسم_المحور":"محور دهشور","اسم_المحافظة":"محافظة الجيزة","نوع_نمط_العمران":"اسكان مخطط اقتصادى","نوع_طبيعة_المنطقة":"قائمة","GlobalID":"{53B3CBA2-6CA9-400F-A7C0-73F86FAE2DFF}","SHAPE_Length":298.0761358593361,"SHAPE_Area":5707.372361396674},"geometry":{"type":"Polygon","coordinates":[[[30.879757,29.978269],[30.879447,29.97835],[30.879235,29.978573],[30.880032,29.979046],[30.880437,29.978583],[30.879757,29.978269]]]}},{"type":"Feature","properties":{"source_layer":"Parcel","source_feature_count":1,"PARCEL_TYPE":9,"اسم_المحور":"محور دهشور","اسم_المحافظة":"محافظة الجيزة","نوع_نمط_العمران":"اسكان مخطط اقتصادى","نوع_طبيعة_المنطقة":"قائمة","GlobalID":"{77F5B9C0-0C79-4BAD-A054-9F31314D89E9}","SHAPE_Length":561.6563435826389,"SHAPE_Area":14415.643663739222},"geometry":{"type":"Polygon","coordinates":[[[30.882191,29.976105],[30.881611,29.975754],[30.880312,29.977337],[30.880898,29.977627],[30.882191,29.976105]]]}},{"type":"Feature","properties":{"source_layer":"Parcel","source_feature_count":1,"PARCEL_TYPE":9,"اسم_المحور":"محور دهشور","اسم_المحافظة":"محافظة الجيزة","نوع_نمط_العمران":"اسكان مخطط اقتصادى","نوع_طبيعة_المنطقة":"قائمة","GlobalID":"{E6F1CC5C-E2C4-4854-AEBE-581B82977BC4}","SHAPE_Length":305.93800703953644,"SHAPE_Area":6132.389620476697},"geometry":{"type":"Polygon","coordinates":[[[30.882183,29.976258],[30.881932,29.976675],[30.882663,29.977133],[30.883046,29.976675],[30.882399,29.976249],[30.882183,29.976258]]]}},{"type":"Feature","properties":{"source_layer":"Parcel","source_feature_count":1,"PARCEL_TYPE":9,"اسم_المحور":"محور دهشور","اسم_المحافظة":"محافظة الجيزة","نوع_نمط_العمران":"اسكان مخطط اقتصادى","نوع_طبيعة_المنطقة":"قائمة","GlobalID":"{598F7D1A-308E-49E6-93B3-8FB64AB917BE}","SHAPE_Length":495.5275181540282,"SHAPE_Area":12707.204103608838},"geometry":{"type":"Polygon","coordinates":[[[30.881514,29.981702],[30.881296,29.98198],[30.881361,29.982183],[30.882624,29.982979],[30.882889,29.983004],[30.883119,29.982886],[30.883169,29.982611],[30.881723,29.981671],[30.881514,29.981702]]]}},{"type":"Feature","properties":{"source_layer":"Parcel","source_feature_count":1,"PARCEL_TYPE":9,"اسم_المحور":"محور دهشور","اسم_المحافظة":"محافظة الجيزة","نوع_نمط_العمران":"اسكان مخطط اقتصادى","نوع_طبيعة_المنطقة":"قائمة","GlobalID":"{2037D07F-81C7-406E-99C9-8AC06F5CEE51}","SHAPE_Length":992.5593888526112,"SHAPE_Area":14536.236518694783},"geometry":{"type":"Polygon","coordinates":[[[30.883481,29.981255],[30.883874,29.980641],[30.883564,29.979912],[30.883039,29.979543],[30.882386,29.979592],[30.881942,29.979943],[30.881848,29.980203],[30.882792,29.980834],[30.882989,29.980607],[30.882221,29.980112],[30.882603,29.979807],[30.883112,29.979861],[30.883547,29.980655],[30.883389,29.980853],[30.88309,29.980678],[30.882892,29.980899],[30.883481,29.981255]]]}},{"type":"Feature","properties":{"source_layer":"Parcel","source_feature_count":1,"PARCEL_TYPE":9,"اسم_المحور":"محور دهشور","اسم_المحافظة":"محافظة الجيزة","نوع_نمط_العمران":"اسكان مخطط اقتصادى","نوع_طبيعة_المنطقة":"قائمة","GlobalID":"{8C195B98-A353-45DC-BD2D-6B41756A84EC}","SHAPE_Length":456.8550010072604,"SHAPE_Area":11228.73969785944},"geometry":{"type":"Polygon","coordinates":[[[30.881565,29.980417],[30.880724,29.981457],[30.880785,29.981745],[30.881098,29.981957],[30.882104,29.980735],[30.881762,29.980379],[30.881565,29.980417]]]}},{"type":"Feature","properties":{"source_layer":"Parcel","source_feature_count":1,"PARCEL_TYPE":9,"اسم_المحور":"محور دهشور","اسم_المحافظة":"محافظة الجيزة","نوع_نمط_العمران":"اسكان مخطط اقتصادى","نوع_طبيعة_المنطقة":"قائمة","GlobalID":"{77ADFE0F-2E0E-45D3-B3D6-5A750FAEDF7E}","SHAPE_Length":439.44622795276325,"SHAPE_Area":13451.957228805431},"geometry":{"type":"Polygon","coordinates":[[[30.882382,29.980753],[30.881756,29.981488],[30.882758,29.982071],[30.883336,29.981368],[30.882382,29.980753]]]}},{"type":"Feature","properties":{"source_layer":"Parcel","source_feature_count":1,"PARCEL_TYPE":9,"اسم_المحور":"محور دهشور","اسم_المحافظة":"محافظة الجيزة","نوع_نمط_العمران":"اسكان مخطط اقتصادى","نوع_طبيعة_المنطقة":"قائمة","GlobalID":"{FACBAB26-4884-4C29-ABF4-09BB87CC443D}","SHAPE_Length":503.9324208858524,"SHAPE_Area":13272.422770651643},"geometry":{"type":"Polygon","coordinates":[[[30.884019,29.980862],[30.882968,29.982127],[30.882957,29.982278],[30.883349,29.982525],[30.883531,29.982477],[30.884448,29.98134],[30.88443,29.980938],[30.884237,29.980814],[30.884019,29.980862]]]}},{"type":"Feature","properties":{"source_layer":"Parcel","source_feature_count":1,"PARCEL_TYPE":9,"اسم_المحور":"محور دهشور","اسم_المحافظة":"محافظة الجيزة","نوع_نمط_العمران":"اسكان مخطط اقتصادى","نوع_طبيعة_المنطقة":"قائمة","GlobalID":"{76742FCB-F51C-4805-ADE6-049B1143E5E5}","SHAPE_Length":523.4142245209284,"SHAPE_Area":14367.31275925981},"geometry":{"type":"Polygon","coordinates":[[[30.88469,29.981523],[30.883704,29.982732],[30.884227,29.983115],[30.885408,29.98171],[30.885363,29.981528],[30.885099,29.981394],[30.88469,29.981523]]]}},{"type":"Feature","properties":{"source_layer":"Parcel","source_feature_count":1,"PARCEL_TYPE":9,"اسم_المحور":"محور دهشور","اسم_المحافظة":"محافظة الجيزة","نوع_نمط_العمران":"اسكان مخطط اقتصادى","نوع_طبيعة_المنطقة":"قائمة","GlobalID":"{FE11CFBA-263D-4665-947D-0D91A0DE3538}","SHAPE_Length":574.8281079687947,"SHAPE_Area":15990.75835900468},"geometry":{"type":"Polygon","coordinates":[[[30.883522,29.982954],[30.883391,29.983272],[30.883497,29.983549],[30.885131,29.984611],[30.88549,29.984199],[30.885471,29.98404],[30.883755,29.982924],[30.883522,29.982954]]]}},{"type":"Feature","properties":{"source_layer":"Parcel","source_feature_count":1,"PARCEL_TYPE":9,"اسم_المحور":"محور دهشور","اسم_المحافظة":"محافظة الجيزة","نوع_نمط_العمران":"اسكان مخطط اقتصادى","نوع_طبيعة_المنطقة":"قائمة","GlobalID":"{45B5EE41-3CE9-45AF-92E5-605FAEA88298}","SHAPE_Length":478.5248297848493,"SHAPE_Area":12042.249577790017},"geometry":{"type":"Polygon","coordinates":[[[30.887044,29.983956],[30.886205,29.985018],[30.886253,29.98528],[30.886593,29.985515],[30.887722,29.984201],[30.887284,29.983896],[30.887044,29.983956]]]}},{"type":"Feature","properties":{"source_layer":"Parcel","source_feature_count":1,"PARCEL_TYPE":9,"اسم_المحور":"محور دهشور","اسم_المحافظة":"محافظة الجيزة","نوع_نمط_العمران":"اسكان مخطط اقتصادى","نوع_طبيعة_المنطقة":"قائمة","GlobalID":"{143D002A-89B1-4522-A8BB-2000FEEBB98F}","SHAPE_Length":304.5276753427584,"SHAPE_Area":3169.360997483912},"geometry":{"type":"Polygon","coordinates":[[[30.883351,29.974813],[30.883233,29.974958],[30.884318,29.97565],[30.884439,29.975454],[30.883351,29.974813]]]}},{"type":"Feature","properties":{"source_layer":"Parcel","source_feature_count":1,"PARCEL_TYPE":9,"اسم_المحور":"محور دهشور","اسم_المحافظة":"محافظة الجيزة","نوع_نمط_العمران":"اسكان مخطط اقتصادى","نوع_طبيعة_المنطقة":"قائمة","GlobalID":"{7C821E8C-3CC9-4CDD-97BD-072A37B51461}","SHAPE_Length":644.5837659790916,"SHAPE_Area":16470.798962240147},"geometry":{"type":"Polygon","coordinates":[[[30.884077,29.973795],[30.883627,29.973408],[30.882104,29.97519],[30.882116,29.975414],[30.88249,29.97568],[30.884077,29.973795]]]}},{"type":"Feature","properties":{"source_layer":"Parcel","source_feature_count":1,"PARCEL_TYPE":9,"اسم_المحور":"محور دهشور","اسم_المحافظة":"محافظة الجيزة","نوع_نمط_العمران":"اسكان مخطط اقتصادى","نوع_طبيعة_المنطقة":"قائمة","GlobalID":"{28AA2850-7D19-429C-9A35-47BFF020E9AA}","SHAPE_Length":347.2977938064581,"SHAPE_Area":6576.005796259987},"geometry":{"type":"Polygon","coordinates":[[[30.885253,29.974406],[30.884297,29.973804],[30.883948,29.974093],[30.884963,29.974797],[30.885253,29.974406]]]}},{"type":"Feature","properties":{"source_layer":"Parcel","source_feature_count":1,"PARCEL_TYPE":9,"اسم_المحور":"محور دهشور","اسم_المحافظة":"محافظة الجيزة","نوع_نمط_العمران":"اسكان مخطط اقتصادى","نوع_طبيعة_المنطقة":"قائمة","GlobalID":"{040FA363-BB8F-4416-A6E0-2F7B1985B14E}","SHAPE_Length":532.1951178978404,"SHAPE_Area":14124.836353620942},"geometry":{"type":"Polygon","coordinates":[[[30.881514,29.979111],[30.880324,29.980503],[30.880359,29.980647],[30.880721,29.980888],[30.880903,29.980852],[30.882073,29.979495],[30.881514,29.979111]]]}},{"type":"Feature","properties":{"source_layer":"Parcel","source_feature_count":1,"PARCEL_TYPE":9,"اسم_المحور":"محور دهشور","اسم_المحافظة":"محافظة الجيزة","نوع_نمط_العمران":"اسكان مخطط اقتصادى","نوع_طبيعة_المنطقة":"قائمة","GlobalID":"{31060907-48B3-4745-8650-0EDB2C76E626}","SHAPE_Length":237.79518056339055,"SHAPE_Area":3177.375079101345},"geometry":{"type":"Polygon","coordinates":[[[30.882921,29.977479],[30.882722,29.977713],[30.883496,29.978167],[30.883521,29.977827],[30.882921,29.977479]]]}},{"type":"Feature","properties":{"source_layer":"Parcel","source_feature_count":1,"PARCEL_TYPE":9,"اسم_المحور":"محور دهشور","اسم_المحافظة":"محافظة الجيزة","نوع_نمط_العمران":"اسكان مخطط اقتصادى","نوع_طبيعة_المنطقة":"قائمة","GlobalID":"{EE0FAED4-BC5A-4336-A510-C9742423FE9A}","SHAPE_Length":561.35794094667,"SHAPE_Area":14535.426170088556},"geometry":{"type":"Polygon","coordinates":[[[30.884505,29.979266],[30.884475,29.978506],[30.884808,29.977663],[30.88435,29.977463],[30.884093,29.977584],[30.883886,29.977968],[30.88373,29.97907],[30.88377,29.979326],[30.884076,29.979255],[30.884122,29.979404],[30.884505,29.979266]]]}},{"type":"Feature","properties":{"source_layer":"Parcel","source_feature_count":1,"PARCEL_TYPE":9,"اسم_المحور":"محور دهشور","اسم_المحافظة":"محافظة الجيزة","نوع_نمط_العمران":"اسكان مخطط اقتصادى","نوع_طبيعة_المنطقة":"قائمة","GlobalID":"{08FD844A-2899-4033-A257-E04BAD32AFE2}","SHAPE_Length":326.6927483511433,"SHAPE_Area":6941.613751279787},"geometry":{"type":"Polygon","coordinates":[[[30.881032,29.97796],[30.880635,29.978468],[30.881463,29.978941],[30.881806,29.978443],[30.881032,29.97796]]]}},{"type":"Feature","properties":{"source_layer":"Parcel","source_feature_count":1,"PARCEL_TYPE":9,"اسم_المحور":"محور دهشور","اسم_المحافظة":"محافظة الجيزة","نوع_نمط_العمران":"اسكان مخطط اقتصادى","نوع_طبيعة_المنطقة":"قائمة","GlobalID":"{EDC2628E-9180-4138-AD3F-3D17E0A23C31}","SHAPE_Length":326.6725599180358,"SHAPE_Area":6883.07346986423},"geometry":{"type":"Polygon","coordinates":[[[30.880488,29.978615],[30.880112,29.979105],[30.88093,29.979575],[30.88131,29.979082],[30.880488,29.978615]]]}},{"type":"Feature","properties":{"source_layer":"Parcel","source_feature_count":1,"PARCEL_TYPE":9,"اسم_المحور":"محور دهشور","اسم_المحافظة":"محافظة الجيزة","نوع_نمط_العمران":"اسكان مخطط اقتصادى","نوع_طبيعة_المنطقة":"قائمة","GlobalID":"{E5E5760E-40D3-4AAF-BB2A-8E1FF78D0D6F}","SHAPE_Length":362.02494548617807,"SHAPE_Area":7577.707904550376},"geometry":{"type":"Polygon","coordinates":[[[30.879653,29.978985],[30.879174,29.978656],[30.879043,29.978848],[30.878799,29.979276],[30.878793,29.979874],[30.879474,29.979761],[30.879463,29.979392],[30.879653,29.978985]]]}},{"type":"Feature","properties":{"source_layer":"Parcel","source_feature_count":1,"PARCEL_TYPE":9,"اسم_المحور":"محور دهشور","اسم_المحافظة":"محافظة الجيزة","نوع_نمط_العمران":"اسكان مخطط اقتصادى","نوع_طبيعة_المنطقة":"قائمة","GlobalID":"{4EFCCE38-CB0D-4521-B53C-D868A7E87376}","SHAPE_Length":309.2338240284762,"SHAPE_Area":6192.5358011931485},"geometry":{"type":"Polygon","coordinates":[[[30.883165,29.976754],[30.882756,29.977213],[30.883659,29.977657],[30.883806,29.977455],[30.883776,29.977181],[30.883165,29.976754]]]}},{"type":"Feature","properties":{"source_layer":"Parcel","source_feature_count":1,"PARCEL_TYPE":9,"اسم_المحور":"محور دهشور","اسم_المحافظة":"محافظة الجيزة","نوع_نمط_العمران":"اسكان مخطط اقتصادى","نوع_طبيعة_المنطقة":"قائمة","GlobalID":"{BB3E8E36-74C9-45A9-980D-8F60C8C26945}","SHAPE_Length":313.7580287273381,"SHAPE_Area":3825.253742818941},"geometry":{"type":"Polygon","coordinates":[[[30.884708,29.975182],[30.883618,29.974487],[30.883471,29.974689],[30.884547,29.975367],[30.884708,29.975182]]]}},{"type":"Feature","properties":{"source_layer":"Parcel","source_feature_count":1,"PARCEL_TYPE":9,"اسم_المحور":"محور دهشور","اسم_المحافظة":"محافظة الجيزة","نوع_نمط_العمران":"اسكان مخطط اقتصادى","نوع_طبيعة_المنطقة":"قائمة","GlobalID":"{0AC5CF1D-4131-45E2-9621-1A05DFF0A228}","SHAPE_Length":315.98066287220644,"SHAPE_Area":4240.456757337479},"geometry":{"type":"Polygon","coordinates":[[[30.88682,29.972329],[30.886005,29.971846],[30.885693,29.972139],[30.885856,29.972242],[30.885923,29.972161],[30.886753,29.972683],[30.886888,29.972489],[30.88682,29.972329]]]}},{"type":"Feature","properties":{"source_layer":"Parcel","source_feature_count":1,"PARCEL_TYPE":9,"اسم_المحور":"محور دهشور","اسم_المحافظة":"محافظة الجيزة","نوع_نمط_العمران":"اسكان مخطط اقتصادى","نوع_طبيعة_المنطقة":"قائمة","GlobalID":"{A3394246-9734-4074-A780-28B0561A2204}","SHAPE_Length":394.87691581159174,"SHAPE_Area":10593.704364277195},"geometry":{"type":"Polygon","coordinates":[[[30.87989,29.979125],[30.879624,29.97938],[30.879649,29.979937],[30.879805,29.980232],[30.880144,29.980454],[30.880774,29.979699],[30.87989,29.979125]]]}},{"type":"Feature","properties":{"source_layer":"Parcel","source_feature_count":1,"PARCEL_TYPE":9,"اسم_المحور":"محور دهشور","اسم_المحافظة":"محافظة الجيزة","نوع_نمط_العمران":"اسكان مخطط اقتصادى","نوع_طبيعة_المنطقة":"قائمة","GlobalID":"{0D4DDED6-44E4-48B0-907B-7471C86D96DE}","SHAPE_Length":233.25167125550539,"SHAPE_Area":3048.318913867614},"geometry":{"type":"Polygon","coordinates":[[[30.886401,29.973296],[30.886306,29.973539],[30.886878,29.973928],[30.887141,29.973839],[30.88713,29.973696],[30.886401,29.973296]]]}},{"type":"Feature","properties":{"source_layer":"Parcel","source_feature_count":1,"PARCEL_TYPE":9,"اسم_المحور":"محور دهشور","اسم_المحافظة":"محافظة الجيزة","نوع_نمط_العمران":"اسكان مخطط اقتصادى","نوع_طبيعة_المنطقة":"قائمة","GlobalID":"{51EEC02E-9805-4C7C-A2CB-9FEDFBF1A525}","SHAPE_Length":658.322218800332,"SHAPE_Area":10824.513166951592},"geometry":{"type":"Polygon","coordinates":[[[30.887444,29.97574],[30.885687,29.977794],[30.885941,29.978021],[30.887793,29.975888],[30.887444,29.97574]]]}},{"type":"Feature","properties":{"source_layer":"Parcel","source_feature_count":1,"PARCEL_TYPE":9,"اسم_المحور":"محور دهشور","اسم_المحافظة":"محافظة الجيزة","نوع_نمط_العمران":"اسكان مخطط اقتصادى","نوع_طبيعة_المنطقة":"قائمة","GlobalID":"{236BB95B-6851-4865-A30B-9AE3F87388AF}","SHAPE_Length":649.7264486363845,"SHAPE_Area":9777.947285270828},"geometry":{"type":"Polygon","coordinates":[[[30.889736,29.977152],[30.887937,29.979302],[30.888145,29.979436],[30.889981,29.977381],[30.889736,29.977152]]]}},{"type":"Feature","properties":{"source_layer":"Parcel","source_feature_count":1,"PARCEL_TYPE":9,"اسم_المحور":"محور دهشور","اسم_المحافظة":"محافظة الجيزة","نوع_نمط_العمران":"اسكان مخطط اقتصادى","نوع_طبيعة_المنطقة":"قائمة","GlobalID":"{6639472F-8607-417E-A252-F4FEB42494AD}","SHAPE_Length":311.7704675340591,"SHAPE_Area":4361.376161567409},"geometry":{"type":"Polygon","coordinates":[[[30.8909,29.972518],[30.889854,29.971857],[30.889678,29.972084],[30.890572,29.972718],[30.890731,29.97272],[30.8909,29.972518]]]}},{"type":"Feature","properties":{"source_layer":"Parcel","source_feature_count":1,"PARCEL_TYPE":9,"اسم_المحور":"محور دهشور","اسم_المحافظة":"محافظة الجيزة","نوع_نمط_العمران":"اسكان مخطط اقتصادى","نوع_طبيعة_المنطقة":"قائمة","GlobalID":"{2B982872-BF1E-42D2-97FF-13F06739F57E}","SHAPE_Length":298.0054648285026,"SHAPE_Area":3902.2050758371593},"geometry":{"type":"Polygon","coordinates":[[[30.89081,29.986977],[30.889825,29.986334],[30.889644,29.986548],[30.890632,29.987177],[30.89081,29.986977]]]}},{"type":"Feature","properties":{"source_layer":"Parcel","source_feature_count":1,"PARCEL_TYPE":9,"اسم_المحور":"محور دهشور","اسم_المحافظة":"محافظة الجيزة","نوع_نمط_العمران":"اسكان مخطط اقتصادى","نوع_طبيعة_المنطقة":"قائمة","GlobalID":"{ACB8DAD6-9C5E-4355-88C6-11FEE17CC6D8}","SHAPE_Length":378.7486588172637,"SHAPE_Area":5636.021751759192},"geometry":{"type":"Polygon","coordinates":[[[30.892998,29.973046],[30.892709,29.973264],[30.894028,29.974105],[30.894165,29.973794],[30.892998,29.973046]]]}},{"type":"Feature","properties":{"source_layer":"Parcel","source_feature_count":1,"PARCEL_TYPE":9,"اسم_المحور":"محور دهشور","اسم_المحافظة":"محافظة الجيزة","نوع_نمط_العمران":"اسكان مخطط اقتصادى","نوع_طبيعة_المنطقة":"قائمة","GlobalID":"{8C84CEB4-5710-4BB2-B575-3A2B6A5B5591}","SHAPE_Length":293.8346362232684,"SHAPE_Area":4183.5261968981795},"geometry":{"type":"Polygon","coordinates":[[[30.896253,29.975957],[30.895297,29.975368],[30.895101,29.975595],[30.895956,29.976191],[30.896253,29.975957]]]}},{"type":"Feature","properties":{"source_layer":"Parcel","source_feature_count":1,"PARCEL_TYPE":9,"اسم_المحور":"محور دهشور","اسم_المحافظة":"محافظة الجيزة","نوع_نمط_العمران":"اسكان مخطط اقتصادى","نوع_طبيعة_المنطقة":"قائمة","GlobalID":"{E1094F8C-977E-4F76-846C-825793C439CA}","SHAPE_Length":206.5226495088416,"SHAPE_Area":2841.081875926231},"geometry":{"type":"Polygon","coordinates":[[[30.891253,29.980784],[30.890705,29.980446],[30.890495,29.98073],[30.890544,29.980862],[30.890945,29.981051],[30.891253,29.980784]]]}},{"type":"Feature","properties":{"source_layer":"Parcel","source_feature_count":1,"PARCEL_TYPE":9,"اسم_المحور":"محور دهشور","اسم_المحافظة":"محافظة الجيزة","نوع_نمط_العمران":"اسكان مخطط اقتصادى","نوع_طبيعة_المنطقة":"قائمة","GlobalID":"{11CFC705-FA8C-4287-8126-37B3123B0374}","SHAPE_Length":472.3904843706299,"SHAPE_Area":10994.385381798222},"geometry":{"type":"Polygon","coordinates":[[[30.892018,29.978921],[30.890971,29.980137],[30.891509,29.980469],[30.892532,29.979204],[30.892233,29.978913],[30.892018,29.978921]]]}},{"type":"Feature","properties":{"source_layer":"Parcel","source_feature_count":1,"PARCEL_TYPE":9,"اسم_المحور":"محور دهشور","اسم_المحافظة":"محافظة الجيزة","نوع_نمط_العمران":"اسكان مخطط اقتصادى","نوع_طبيعة_المنطقة":"قائمة","GlobalID":"{1E907E5F-8ECD-475C-A4CD-7519A7347D2D}","SHAPE_Length":279.60556344009024,"SHAPE_Area":3917.8787431737305},"geometry":{"type":"Polygon","coordinates":[[[30.887922,29.984307],[30.887597,29.984515],[30.888514,29.985079],[30.888669,29.984769],[30.887922,29.984307]]]}},{"type":"Feature","properties":{"source_layer":"Parcel","source_feature_count":1,"PARCEL_TYPE":9,"اسم_المحور":"محور دهشور","اسم_المحافظة":"محافظة الجيزة","نوع_نمط_العمران":"اسكان مخطط اقتصادى","نوع_طبيعة_المنطقة":"قائمة","GlobalID":"{E10EA523-B680-4C9B-86B3-8832397997E2}","SHAPE_Length":299.1675674084448,"SHAPE_Area":4343.528658094004},"geometry":{"type":"Polygon","coordinates":[[[30.892205,29.983532],[30.892037,29.983721],[30.893041,29.984351],[30.89315,29.984017],[30.892385,29.983512],[30.892205,29.983532]]]}},{"type":"Feature","properties":{"source_layer":"Parcel","source_feature_count":1,"PARCEL_TYPE":9,"اسم_المحور":"محور دهشور","اسم_المحافظة":"محافظة الجيزة","نوع_نمط_العمران":"اسكان مخطط اقتصادى","نوع_طبيعة_المنطقة":"قائمة","GlobalID":"{BC8D405D-02F5-429A-A6C3-75D7129865D2}","SHAPE_Length":306.6041873026386,"SHAPE_Area":4345.895273582601},"geometry":{"type":"Polygon","coordinates":[[[30.892647,29.984826],[30.891625,29.984184],[30.891467,29.984367],[30.891495,29.9845],[30.892359,29.985048],[30.892647,29.984826]]]}},{"type":"Feature","properties":{"source_layer":"Parcel","source_feature_count":1,"PARCEL_TYPE":9,"اسم_المحور":"محور دهشور","اسم_المحافظة":"محافظة الجيزة","نوع_نمط_العمران":"اسكان مخطط اقتصادى","نوع_طبيعة_المنطقة":"قائمة","GlobalID":"{C9C856C6-610C-4CE1-85CB-02A924DA5155}","SHAPE_Length":307.7919963115169,"SHAPE_Area":4236.682202760235},"geometry":{"type":"Polygon","coordinates":[[[30.898322,29.976462],[30.89801,29.976648],[30.899044,29.977318],[30.899188,29.977026],[30.898322,29.976462]]]}},{"type":"Feature","properties":{"source_layer":"Parcel","source_feature_count":1,"PARCEL_TYPE":9,"اسم_المحور":"محور دهشور","اسم_المحافظة":"محافظة الجيزة","نوع_نمط_العمران":"اسكان مخطط اقتصادى","نوع_طبيعة_المنطقة":"قائمة","GlobalID":"{8DDCA659-537D-489D-B094-15E29E83F498}","SHAPE_Length":344.1020711680208,"SHAPE_Area":5041.677983721989},"geometry":{"type":"Polygon","coordinates":[[[30.894253,29.978296],[30.893079,29.977551],[30.892908,29.977753],[30.893945,29.978515],[30.894253,29.978296]]]}},{"type":"Feature","properties":{"source_layer":"Parcel","source_feature_count":1,"PARCEL_TYPE":9,"اسم_المحور":"محور دهشور","اسم_المحافظة":"محافظة الجيزة","نوع_نمط_العمران":"اسكان مخطط اقتصادى","نوع_طبيعة_المنطقة":"قائمة","GlobalID":"{ABE22975-669D-4944-B1F4-611982978E03}","SHAPE_Length":347.95963888965315,"SHAPE_Area":5558.082834869887},"geometry":{"type":"Polygon","coordinates":[[[30.893693,29.976837],[30.893502,29.977059],[30.894669,29.9778],[30.894814,29.977461],[30.89386,29.976818],[30.893693,29.976837]]]}},{"type":"Feature","properties":{"source_layer":"Parcel","source_feature_count":1,"PARCEL_TYPE":9,"اسم_المحور":"محور دهشور","اسم_المحافظة":"محافظة الجيزة","نوع_نمط_العمران":"اسكان مخطط اقتصادى","نوع_طبيعة_المنطقة":"قائمة","GlobalID":"{06EF419F-BA03-484F-A5CC-0AB24D8D8EDE}","SHAPE_Length":334.9102998066097,"SHAPE_Area":3922.367570007972},"geometry":{"type":"Polygon","coordinates":[[[30.893891,29.981089],[30.892685,29.980335],[30.892562,29.980487],[30.893674,29.981257],[30.893891,29.981089]]]}},{"type":"Feature","properties":{"source_layer":"Parcel","source_feature_count":1,"PARCEL_TYPE":9,"اسم_المحور":"محور دهشور","اسم_المحافظة":"محافظة الجيزة","نوع_نمط_العمران":"اسكان مخطط اقتصادى","نوع_طبيعة_المنطقة":"قائمة","GlobalID":"{53439676-B681-4824-8322-D561DD9BABB3}","SHAPE_Length":296.5783205646939,"SHAPE_Area":5334.261857242461},"geometry":{"type":"Polygon","coordinates":[[[30.895185,29.981778],[30.894668,29.981453],[30.894144,29.982088],[30.894655,29.982415],[30.895185,29.981778]]]}},{"type":"Feature","properties":{"source_layer":"Parcel","source_feature_count":1,"PARCEL_TYPE":9,"اسم_المحور":"محور دهشور","اسم_المحافظة":"محافظة الجيزة","نوع_نمط_العمران":"اسكان مخطط اقتصادى","نوع_طبيعة_المنطقة":"قائمة","GlobalID":"{B536D4A6-FC56-415D-8EDE-A92C17709C06}","SHAPE_Length":540.7322849428381,"SHAPE_Area":17104.10368846518},"geometry":{"type":"Polygon","coordinates":[[[30.887153,29.985133],[30.886621,29.985746],[30.888054,29.986677],[30.88824,29.986686],[30.888623,29.986258],[30.888637,29.986075],[30.887153,29.985133]]]}},{"type":"Feature","properties":{"source_layer":"Parcel","source_feature_count":1,"PARCEL_TYPE":9,"اسم_المحور":"محور دهشور","اسم_المحافظة":"محافظة الجيزة","نوع_نمط_العمران":"اسكان مخطط اقتصادى","نوع_طبيعة_المنطقة":"قائمة","GlobalID":"{A32AD561-5AF2-4EFE-92E9-C0E8A867D513}","SHAPE_Length":490.95415414960576,"SHAPE_Area":12793.257199441881},"geometry":{"type":"Polygon","coordinates":[[[30.889294,29.984335],[30.888218,29.985593],[30.888689,29.985967],[30.888793,29.985978],[30.889748,29.984837],[30.889715,29.984516],[30.889294,29.984335]]]}},{"type":"Feature","properties":{"source_layer":"Parcel","source_feature_count":1,"PARCEL_TYPE":9,"اسم_المحور":"محور دهشور","اسم_المحافظة":"محافظة الجيزة","نوع_نمط_العمران":"اسكان مخطط اقتصادى","نوع_طبيعة_المنطقة":"قائمة","GlobalID":"{43A8B124-2EB5-4A8B-A3C0-E4C98F1B3C4C}","SHAPE_Length":295.4920815141064,"SHAPE_Area":4133.131561658171},"geometry":{"type":"Polygon","coordinates":[[[30.881916,29.97679],[30.881588,29.976976],[30.882584,29.977617],[30.882722,29.977418],[30.882671,29.977279],[30.881916,29.97679]]]}},{"type":"Feature","properties":{"source_layer":"Parcel","source_feature_count":1,"PARCEL_TYPE":9,"اسم_المحور":"محور دهشور","اسم_المحافظة":"محافظة الجيزة","نوع_نمط_العمران":"اسكان مخطط اقتصادى","نوع_طبيعة_المنطقة":"قائمة","GlobalID":"{44913493-7840-44E4-9583-2AD25F936335}","SHAPE_Length":542.8959083319363,"SHAPE_Area":14538.73584880455},"geometry":{"type":"Polygon","coordinates":[[[30.888651,29.980157],[30.88782,29.980672],[30.886949,29.980875],[30.88701,29.981513],[30.88794,29.981326],[30.888808,29.980847],[30.888956,29.98052],[30.888651,29.980157]]]}},{"type":"Feature","properties":{"source_layer":"Parcel","source_feature_count":1,"PARCEL_TYPE":9,"اسم_المحور":"محور دهشور","اسم_المحافظة":"محافظة الجيزة","نوع_نمط_العمران":"اسكان مخطط اقتصادى","نوع_طبيعة_المنطقة":"قائمة","GlobalID":"{2E12F13A-2CFA-4CD9-BD09-6425B0F31C35}","SHAPE_Length":678.4527097663037,"SHAPE_Area":12300.963836665733},"geometry":{"type":"Polygon","coordinates":[[[30.88854,29.980142],[30.888192,29.979854],[30.887717,29.980205],[30.887188,29.980402],[30.88645,29.980418],[30.885745,29.980161],[30.885497,29.980449],[30.886276,29.980744],[30.887095,29.980773],[30.887879,29.980565],[30.88854,29.980142]]]}},{"type":"Feature","properties":{"source_layer":"Parcel","source_feature_count":1,"PARCEL_TYPE":9,"اسم_المحور":"محور دهشور","اسم_المحافظة":"محافظة الجيزة","نوع_نمط_العمران":"اسكان مخطط اقتصادى","نوع_طبيعة_المنطقة":"قائمة","GlobalID":"{900B9A31-4F62-411D-8DBE-FBE566001788}","SHAPE_Length":657.8131419908309,"SHAPE_Area":11573.300648187085},"geometry":{"type":"Polygon","coordinates":[[[30.889232,29.974761],[30.88992,29.974978],[30.890155,29.974739],[30.889475,29.974456],[30.888601,29.974408],[30.887792,29.974625],[30.887147,29.975092],[30.887468,29.975289],[30.888243,29.974849],[30.889232,29.974761]]]}},{"type":"Feature","properties":{"source_layer":"Parcel","source_feature_count":1,"PARCEL_TYPE":9,"اسم_المحور":"محور دهشور","اسم_المحافظة":"محافظة الجيزة","نوع_نمط_العمران":"اسكان مخطط اقتصادى","نوع_طبيعة_المنطقة":"قائمة","GlobalID":"{AACB232E-C790-4EA8-A505-63A63D683D71}","SHAPE_Length":467.23394390025675,"SHAPE_Area":12115.655483889368},"geometry":{"type":"Polygon","coordinates":[[[30.890319,29.974586],[30.89063,29.974069],[30.889732,29.973726],[30.888868,29.973665],[30.888878,29.974287],[30.890319,29.974586]]]}},{"type":"Feature","properties":{"source_layer":"Parcel","source_feature_count":1,"PARCEL_TYPE":9,"اسم_المحور":"محور دهشور","اسم_المحافظة":"محافظة الجيزة","نوع_نمط_العمران":"اسكان مخطط اقتصادى","نوع_طبيعة_المنطقة":"قائمة","GlobalID":"{498C894F-F0B5-4ABD-9E3D-49D751ED6BBB}","SHAPE_Length":402.0248711545202,"SHAPE_Area":6437.455710222905},"geometry":{"type":"Polygon","coordinates":[[[30.890989,29.975884],[30.890668,29.975991],[30.890692,29.976611],[30.890445,29.977197],[30.890752,29.977444],[30.891074,29.976678],[30.890989,29.975884]]]}},{"type":"Feature","properties":{"source_layer":"Parcel","source_feature_count":1,"PARCEL_TYPE":9,"اسم_المحور":"محور دهشور","اسم_المحافظة":"محافظة الجيزة","نوع_نمط_العمران":"اسكان مخطط اقتصادى","نوع_طبيعة_المنطقة":"قائمة","GlobalID":"{EBEC1C28-DB33-473C-B54D-74A6C7F6BC2D}","SHAPE_Length":553.9015517014382,"SHAPE_Area":15683.11503573582},"geometry":{"type":"Polygon","coordinates":[[[30.891864,29.975707],[30.891204,29.975878],[30.891202,29.97672],[30.890893,29.977504],[30.891066,29.977642],[30.891563,29.9776],[30.891863,29.977161],[30.892025,29.976352],[30.891864,29.975707]]]}},{"type":"Feature","properties":{"source_layer":"Parcel","source_feature_count":1,"PARCEL_TYPE":9,"اسم_المحور":"محور دهشور","اسم_المحافظة":"محافظة الجيزة","نوع_نمط_العمران":"اسكان مخطط اقتصادى","نوع_طبيعة_المنطقة":"قائمة","GlobalID":"{4C1553AE-D752-4464-B938-154C1FD533EC}","SHAPE_Length":293.83976354170034,"SHAPE_Area":3979.0102989396146},"geometry":{"type":"Polygon","coordinates":[[[30.888293,29.970854],[30.887323,29.970231],[30.887141,29.970367],[30.887174,29.970515],[30.887981,29.97103],[30.888293,29.970854]]]}},{"type":"Feature","properties":{"source_layer":"Parcel","source_feature_count":1,"PARCEL_TYPE":9,"اسم_المحور":"محور دهشور","اسم_المحافظة":"محافظة الجيزة","نوع_نمط_العمران":"اسكان مخطط اقتصادى","نوع_طبيعة_المنطقة":"قائمة","GlobalID":"{42446EAF-2BA9-4E09-A553-70F23F1CAFA5}","SHAPE_Length":669.5787955289853,"SHAPE_Area":12210.890729469484},"geometry":{"type":"Polygon","coordinates":[[[30.884924,29.977746],[30.884617,29.978368],[30.884598,29.979169],[30.884908,29.979896],[30.885418,29.980382],[30.885649,29.980098],[30.885169,29.979548],[30.884982,29.978938],[30.885247,29.977943],[30.884924,29.977746]]]}},{"type":"Feature","properties":{"source_layer":"Parcel","source_feature_count":1,"PARCEL_TYPE":9,"اسم_المحور":"محور دهشور","اسم_المحافظة":"محافظة الجيزة","نوع_نمط_العمران":"اسكان مخطط اقتصادى","نوع_طبيعة_المنطقة":"قائمة","GlobalID":"{1082D37A-5417-4554-A8CC-FE0AFEF0A486}","SHAPE_Length":333.66030755915887,"SHAPE_Area":4015.1437177138105},"geometry":{"type":"Polygon","coordinates":[[[30.892422,29.980656],[30.892292,29.980814],[30.893499,29.981559],[30.893588,29.981319],[30.892422,29.980656]]]}},{"type":"Feature","properties":{"source_layer":"Parcel","source_feature_count":1,"PARCEL_TYPE":9,"اسم_المحور":"محور دهشور","اسم_المحافظة":"محافظة الجيزة","نوع_نمط_العمران":"اسكان مخطط اقتصادى","نوع_طبيعة_المنطقة":"قائمة","GlobalID":"{7D6FA6E8-A702-4FD8-AA23-520CD6DF755A}","SHAPE_Length":307.79106400629746,"SHAPE_Area":4331.003413873062},"geometry":{"type":"Polygon","coordinates":[[[30.896425,29.978573],[30.896196,29.978758],[30.897242,29.979442],[30.897388,29.979246],[30.897337,29.9791],[30.896425,29.978573]]]}},{"type":"Feature","properties":{"source_layer":"Parcel","source_feature_count":1,"PARCEL_TYPE":9,"اسم_المحور":"محور دهشور","اسم_المحافظة":"محافظة الجيزة","نوع_نمط_العمران":"اسكان مخطط اقتصادى","نوع_طبيعة_المنطقة":"قائمة","GlobalID":"{7DC667C9-5D53-462F-824B-F75D18E51436}","SHAPE_Length":309.2772215675433,"SHAPE_Area":3998.204534783736},"geometry":{"type":"Polygon","coordinates":[[[30.896816,29.97995],[30.895765,29.979273],[30.895612,29.979472],[30.896641,29.980151],[30.896816,29.97995]]]}},{"type":"Feature","properties":{"source_layer":"Parcel","source_feature_count":1,"PARCEL_TYPE":9,"اسم_المحور":"محور دهشور","اسم_المحافظة":"محافظة الجيزة","نوع_نمط_العمران":"كمبوند","نوع_طبيعة_المنطقة":"قائمة","GlobalID":"{C8AF7A5E-FAF5-4FF8-BB86-107C0A7E1BCD}","SHAPE_Length":763.5452221362486,"SHAPE_Area":38669.37846099484},"geometry":{"type":"Polygon","coordinates":[[[30.881211,29.982563],[30.880243,29.983134],[30.880109,29.98353],[30.880786,29.984163],[30.881787,29.984846],[30.882922,29.983541],[30.881461,29.982587],[30.881211,29.982563]]]}},{"type":"Feature","properties":{"source_layer":"Parcel","source_feature_count":1,"PARCEL_TYPE":9,"اسم_المحور":"محور دهشور","اسم_المحافظة":"محافظة الجيزة","نوع_نمط_العمران":"كمبوند","نوع_طبيعة_المنطقة":"قائمة","GlobalID":"{7343AFF2-D918-487A-936F-69F5D13ECBC8}","SHAPE_Length":391.16847675763273,"SHAPE_Area":5728.39669656324},"geometry":{"type":"Polygon","coordinates":[[[30.878852,29.981382],[30.87943,29.982587],[30.879916,29.982329],[30.879806,29.982207],[30.879844,29.981918],[30.879523,29.981925],[30.878974,29.981297],[30.878852,29.981382]]]}},{"type":"Feature","properties":{"source_layer":"Parcel","source_feature_count":1,"PARCEL_TYPE":9,"اسم_المحور":"محور دهشور","اسم_المحافظة":"محافظة الجيزة","نوع_نمط_العمران":"كمبوند","نوع_طبيعة_المنطقة":"تحت الانشاء","GlobalID":"{8D253F28-F62C-4724-AB21-73730583F91E}","SHAPE_Length":2667.079720804768,"SHAPE_Area":266599.08352903964},"geometry":{"type":"Polygon","coordinates":[[[30.893238,30.054374],[30.893083,30.056745],[30.893981,30.056741],[30.894675,30.056987],[30.894929,30.057197],[30.895366,30.057222],[30.904594,30.055792],[30.904847,30.054523],[30.893238,30.054374]]]}},{"type":"Feature","properties":{"source_layer":"Parcel","source_feature_count":1,"PARCEL_TYPE":9,"اسم_المحور":"محور دهشور","اسم_المحافظة":"محافظة الجيزة","نوع_نمط_العمران":"كمبوند","نوع_طبيعة_المنطقة":"قائمة","GlobalID":"{77DC4DA6-803B-4EB3-A113-3AAB61B93086}","SHAPE_Length":215.9369680277996,"SHAPE_Area":2906.3586573182024},"geometry":{"type":"Polygon","coordinates":[[[30.918155,29.992815],[30.917816,29.993068],[30.918394,29.993443],[30.918613,29.993121],[30.918155,29.992815]]]}},{"type":"Feature","properties":{"source_layer":"Parcel","source_feature_count":1,"PARCEL_TYPE":9,"اسم_المحور":"محور دهشور","اسم_المحافظة":"محافظة الجيزة","نوع_نمط_العمران":"كمبوند","نوع_طبيعة_المنطقة":"قائمة","GlobalID":"{ED608BF6-DA3D-4C47-8A53-9F6C8E82512B}","SHAPE_Length":1752.419954601985,"SHAPE_Area":66694.13159034177},"geometry":{"type":"Polygon","coordinates":[[[30.906324,29.997179],[30.906156,29.997224],[30.905904,29.99755],[30.905962,29.997814],[30.91244,30.001909],[30.912686,30.001909],[30.912954,30.001633],[30.912987,30.001446],[30.912846,30.001272],[30.906324,29.997179]]]}},{"type":"Feature","properties":{"source_layer":"Parcel","source_feature_count":1,"PARCEL_TYPE":9,"اسم_المحور":"محور دهشور","اسم_المحافظة":"محافظة الجيزة","نوع_نمط_العمران":"كمبوند","نوع_طبيعة_المنطقة":"قائمة","GlobalID":"{9E334C65-BF5F-4649-AF8C-BA2AEFB50F9B}","SHAPE_Length":604.1748174038175,"SHAPE_Area":18576.404375238864},"geometry":{"type":"Polygon","coordinates":[[[30.905258,29.99437],[30.904516,29.995113],[30.903945,29.99591],[30.904646,29.996418],[30.905212,29.995505],[30.905873,29.994795],[30.905258,29.99437]]]}},{"type":"Feature","properties":{"source_layer":"Parcel","source_feature_count":1,"PARCEL_TYPE":9,"اسم_المحور":"محور دهشور","اسم_المحافظة":"محافظة الجيزة","نوع_نمط_العمران":"كمبوند","نوع_طبيعة_المنطقة":"قائمة","GlobalID":"{E9E0B34F-C97A-4B68-B421-68A743B22FB3}","SHAPE_Length":619.3150132650295,"SHAPE_Area":9981.985018404193},"geometry":{"type":"Polygon","coordinates":[[[30.906743,29.995246],[30.906724,29.995512],[30.905173,29.99735],[30.905249,29.997398],[30.905635,29.997405],[30.906931,29.995827],[30.906958,29.995504],[30.906743,29.995246]]]}},{"type":"Feature","properties":{"source_layer":"Parcel","source_feature_count":1,"PARCEL_TYPE":9,"اسم_المحور":"محور دهشور","اسم_المحافظة":"محافظة الجيزة","نوع_نمط_العمران":"كمبوند","نوع_طبيعة_المنطقة":"قائمة","GlobalID":"{5A868A50-74EC-4612-8631-96D5D8487126}","SHAPE_Length":854.5904651474002,"SHAPE_Area":14586.902395857982},"geometry":{"type":"Polygon","coordinates":[[[30.871391,29.977342],[30.871215,29.97761],[30.873137,29.978911],[30.873287,29.979248],[30.873298,29.980082],[30.873644,29.980104],[30.873655,29.979041],[30.873495,29.978744],[30.871391,29.977342]]]}},{"type":"Feature","properties":{"source_layer":"Parcel","source_feature_count":1,"PARCEL_TYPE":9,"اسم_المحور":"محور دهشور","اسم_المحافظة":"محافظة الجيزة","نوع_نمط_العمران":"كمبوند","نوع_طبيعة_المنطقة":"قائمة","GlobalID":"{8AC82ACA-60A4-4E3C-8253-EE2332386C4C}","SHAPE_Length":548.8007085316206,"SHAPE_Area":11864.404719907956},"geometry":{"type":"Polygon","coordinates":[[[30.872114,29.980282],[30.873195,29.980061],[30.873175,29.979679],[30.872327,29.979736],[30.871542,29.980025],[30.870924,29.980558],[30.871332,29.980793],[30.872114,29.980282]]]}},{"type":"Feature","properties":{"source_layer":"Parcel","source_feature_count":1,"PARCEL_TYPE":9,"اسم_المحور":"محور دهشور","اسم_المحافظة":"محافظة الجيزة","نوع_نمط_العمران":"كمبوند","نوع_طبيعة_المنطقة":"قائمة","GlobalID":"{FEA65EC7-0BA4-42BB-B434-4B5F1FB2562D}","SHAPE_Length":663.0040804317053,"SHAPE_Area":15463.42589098157},"geometry":{"type":"Polygon","coordinates":[[[30.871049,29.977692],[30.870834,29.978066],[30.872543,29.979187],[30.872716,29.979577],[30.873175,29.979552],[30.873167,29.979171],[30.872894,29.978792],[30.871177,29.97768],[30.871049,29.977692]]]}},{"type":"Feature","properties":{"source_layer":"Parcel","source_feature_count":1,"PARCEL_TYPE":9,"اسم_المحور":"محور دهشور","اسم_المحافظة":"محافظة الجيزة","نوع_نمط_العمران":"كمبوند","نوع_طبيعة_المنطقة":"قائمة","GlobalID":"{DB1DBAFD-B503-4BCD-91BB-9294EA61E147}","SHAPE_Length":550.0273434362457,"SHAPE_Area":11543.746943798553},"geometry":{"type":"Polygon","coordinates":[[[30.870664,29.978143],[30.870478,29.978496],[30.872236,29.979638],[30.872547,29.979595],[30.872503,29.979255],[30.870664,29.978143]]]}},{"type":"Feature","properties":{"source_layer":"Parcel","source_feature_count":1,"PARCEL_TYPE":9,"اسم_المحور":"محور دهشور","اسم_المحافظة":"محافظة الجيزة","نوع_نمط_العمران":"كمبوند","نوع_طبيعة_المنطقة":"قائمة","GlobalID":"{1EAED712-1D8A-400C-A1D9-04773E55D741}","SHAPE_Length":488.8017982499905,"SHAPE_Area":9881.091964570845},"geometry":{"type":"Polygon","coordinates":[[[30.870312,29.978561],[30.870122,29.978905],[30.871589,29.979867],[30.872029,29.979713],[30.872034,29.979609],[30.870312,29.978561]]]}},{"type":"Feature","properties":{"source_layer":"Parcel","source_feature_count":1,"PARCEL_TYPE":9,"اسم_المحور":"محور دهشور","اسم_المحافظة":"محافظة الجيزة","نوع_نمط_العمران":"كمبوند","نوع_طبيعة_المنطقة":"قائمة","GlobalID":"{B93539B7-958F-4806-8129-A829D6D76AC7}","SHAPE_Length":422.88074250599277,"SHAPE_Area":8426.650108941116},"geometry":{"type":"Polygon","coordinates":[[[30.871016,29.979679],[30.870379,29.980238],[30.870032,29.980759],[30.870356,29.981033],[30.871454,29.979951],[30.871016,29.979679]]]}},{"type":"Feature","properties":{"source_layer":"Parcel","source_feature_count":1,"PARCEL_TYPE":9,"اسم_المحور":"محور دهشور","اسم_المحافظة":"محافظة الجيزة","نوع_نمط_العمران":"كمبوند","نوع_طبيعة_المنطقة":"قائمة","GlobalID":"{801EBF3A-7F70-4C1A-B635-D329D30A59E8}","SHAPE_Length":313.86664248200833,"SHAPE_Area":5607.7555254500485},"geometry":{"type":"Polygon","coordinates":[[[30.869964,29.978968],[30.869772,29.979333],[30.870578,29.979858],[30.87092,29.979632],[30.870903,29.979521],[30.869964,29.978968]]]}},{"type":"Feature","properties":{"source_layer":"Parcel","source_feature_count":1,"PARCEL_TYPE":9,"اسم_المحور":"محور دهشور","اسم_المحافظة":"محافظة الجيزة","نوع_نمط_العمران":"كمبوند","نوع_طبيعة_المنطقة":"قائمة","GlobalID":"{D9F306A2-4862-4B42-8DD8-EEEB7AE5B002}","SHAPE_Length":298.7656303920541,"SHAPE_Area":5225.387253519657},"geometry":{"type":"Polygon","coordinates":[[[30.869587,29.9794],[30.869383,29.979722],[30.87025,29.980245],[30.870477,29.979905],[30.869587,29.9794]]]}},{"type":"Feature","properties":{"source_layer":"Parcel","source_feature_count":1,"PARCEL_TYPE":9,"اسم_المحور":"محور دهشور","اسم_المحافظة":"محافظة الجيزة","نوع_نمط_العمران":"كمبوند","نوع_طبيعة_المنطقة":"قائمة","GlobalID":"{7EB47E90-AB1A-49ED-A7B7-EC71D46E8998}","SHAPE_Length":306.1719638728032,"SHAPE_Area":5472.576666923364},"geometry":{"type":"Polygon","coordinates":[[[30.86924,29.979814],[30.869037,29.980167],[30.869944,29.980694],[30.870112,29.980309],[30.86924,29.979814]]]}},{"type":"Feature","properties":{"source_layer":"Parcel","source_feature_count":1,"PARCEL_TYPE":9,"اسم_المحور":"محور دهشور","اسم_المحافظة":"محافظة الجيزة","نوع_نمط_العمران":"كمبوند","نوع_طبيعة_المنطقة":"قائمة","GlobalID":"{7C08F80C-986B-4EFA-8661-2A0E09AAA4CC}","SHAPE_Length":464.64882872361204,"SHAPE_Area":9358.485128406419},"geometry":{"type":"Polygon","coordinates":[[[30.868872,29.980239],[30.868678,29.980588],[30.870269,29.981561],[30.870346,29.981125],[30.868872,29.980239]]]}},{"type":"Feature","properties":{"source_layer":"Parcel","source_feature_count":1,"PARCEL_TYPE":9,"اسم_المحور":"محور دهشور","اسم_المحافظة":"محافظة الجيزة","نوع_نمط_العمران":"كمبوند","نوع_طبيعة_المنطقة":"قائمة","GlobalID":"{740A1C9C-137D-4A3C-A7A3-CE955707F905}","SHAPE_Length":543.2948769776821,"SHAPE_Area":11702.052715290461},"geometry":{"type":"Polygon","coordinates":[[[30.86851,29.980664],[30.86832,29.9809],[30.868367,29.981086],[30.870249,29.982218],[30.870238,29.981714],[30.86851,29.980664]]]}},{"type":"Feature","properties":{"source_layer":"Parcel","source_feature_count":1,"PARCEL_TYPE":9,"اسم_المحور":"محور دهشور","اسم_المحافظة":"محافظة الجيزة","نوع_نمط_العمران":"كمبوند","نوع_طبيعة_المنطقة":"قائمة","GlobalID":"{1FF70727-4B14-474C-8793-6CF156D67452}","SHAPE_Length":531.8167266344535,"SHAPE_Area":11423.954692411713},"geometry":{"type":"Polygon","coordinates":[[[30.870789,29.980667],[30.870466,29.981256],[30.870361,29.981975],[30.870459,29.98246],[30.870904,29.982724],[30.871051,29.982589],[30.870933,29.981602],[30.871227,29.980921],[30.870789,29.980667]]]}},{"type":"Feature","properties":{"source_layer":"Parcel","source_feature_count":1,"PARCEL_TYPE":9,"اسم_المحور":"محور دهشور","اسم_المحافظة":"محافظة الجيزة","نوع_نمط_العمران":"كمبوند","نوع_طبيعة_المنطقة":"قائمة","GlobalID":"{290E3FB6-E09C-47C6-B097-32EF347B880C}","SHAPE_Length":1051.8291696293093,"SHAPE_Area":22476.38558285367},"geometry":{"type":"Polygon","coordinates":[[[30.877344,29.986775],[30.8785,29.986278],[30.878325,29.985921],[30.877161,29.986398],[30.876913,29.986396],[30.875077,29.985196],[30.875001,29.984699],[30.874544,29.98463],[30.874457,29.985092],[30.874764,29.985506],[30.876646,29.986733],[30.877344,29.986775]]]}},{"type":"Feature","properties":{"source_layer":"Parcel","source_feature_count":1,"PARCEL_TYPE":9,"اسم_المحور":"محور دهشور","اسم_المحافظة":"محافظة الجيزة","نوع_نمط_العمران":"كمبوند","نوع_طبيعة_المنطقة":"قائمة","GlobalID":"{A1298387-5183-44A7-A5D8-8960BA237C12}","SHAPE_Length":751.3476933339292,"SHAPE_Area":16296.333435467966},"geometry":{"type":"Polygon","coordinates":[[[30.878217,29.985755],[30.877687,29.984914],[30.87728,29.984754],[30.875207,29.984722],[30.875091,29.984905],[30.875161,29.985107],[30.875369,29.985178],[30.877257,29.985208],[30.877834,29.985942],[30.878217,29.985755]]]}},{"type":"Feature","properties":{"source_layer":"Parcel","source_feature_count":1,"PARCEL_TYPE":9,"اسم_المحور":"محور دهشور","اسم_المحافظة":"محافظة الجيزة","نوع_نمط_العمران":"كمبوند","نوع_طبيعة_المنطقة":"قائمة","GlobalID":"{0134FD6B-122D-4A7D-AE18-2BFA76728ABD}","SHAPE_Length":649.6263386125706,"SHAPE_Area":10627.729202513376},"geometry":{"type":"Polygon","coordinates":[[[30.877661,29.986033],[30.877177,29.985306],[30.875635,29.985373],[30.876188,29.985752],[30.877231,29.985741],[30.877197,29.985921],[30.876503,29.985907],[30.877029,29.986279],[30.877661,29.986033]]]}},{"type":"Feature","properties":{"source_layer":"Parcel","source_feature_count":1,"PARCEL_TYPE":9,"اسم_المحور":"محور دهشور","اسم_المحافظة":"محافظة الجيزة","نوع_نمط_العمران":"كمبوند","نوع_طبيعة_المنطقة":"قائمة","GlobalID":"{0FA76DD7-ABB5-4B4C-ACBA-38D055EEDA8C}","SHAPE_Length":495.00625736657594,"SHAPE_Area":10604.336705238557},"geometry":{"type":"Polygon","coordinates":[[[30.879545,29.984108],[30.877844,29.984628],[30.877974,29.985047],[30.879947,29.984467],[30.879971,29.984358],[30.879545,29.984108]]]}},{"type":"Feature","properties":{"source_layer":"Parcel","source_feature_count":1,"PARCEL_TYPE":9,"اسم_المحور":"محور دهشور","اسم_المحافظة":"محافظة الجيزة","نوع_نمط_العمران":"كمبوند","نوع_طبيعة_المنطقة":"قائمة","GlobalID":"{428C5DAA-D693-4716-AFE4-98D202DF89C4}","SHAPE_Length":346.29125837651463,"SHAPE_Area":6700.3085900322485},"geometry":{"type":"Polygon","coordinates":[[[30.878496,29.985042],[30.87808,29.985228],[30.878696,29.98621],[30.879098,29.985962],[30.878496,29.985042]]]}},{"type":"Feature","properties":{"source_layer":"Parcel","source_feature_count":1,"PARCEL_TYPE":9,"اسم_المحور":"محور دهشور","اسم_المحافظة":"محافظة الجيزة","نوع_نمط_العمران":"كمبوند","نوع_طبيعة_المنطقة":"قائمة","GlobalID":"{35D20244-F216-4CE4-A639-3B0DEC10FC0A}","SHAPE_Length":324.3888006085015,"SHAPE_Area":6011.007780210801},"geometry":{"type":"Polygon","coordinates":[[[30.879104,29.98486],[30.878691,29.985061],[30.879261,29.985956],[30.879656,29.985728],[30.879104,29.98486]]]}},{"type":"Feature","properties":{"source_layer":"Parcel","source_feature_count":1,"PARCEL_TYPE":9,"اسم_المحور":"محور دهشور","اسم_المحافظة":"محافظة الجيزة","نوع_نمط_العمران":"كمبوند","نوع_طبيعة_المنطقة":"قائمة","GlobalID":"{5648F2C4-6CA8-4B0D-A203-FD34EAA9124B}","SHAPE_Length":308.7425773565639,"SHAPE_Area":5584.244689115328},"geometry":{"type":"Polygon","coordinates":[[[30.879701,29.984665],[30.879288,29.984867],[30.879809,29.985706],[30.880211,29.98548],[30.879701,29.984665]]]}},{"type":"Feature","properties":{"source_layer":"Parcel","source_feature_count":1,"PARCEL_TYPE":9,"اسم_المحور":"محور دهشور","اسم_المحافظة":"محافظة الجيزة","نوع_نمط_العمران":"كمبوند","نوع_طبيعة_المنطقة":"قائمة","GlobalID":"{B3399BD5-A88C-423F-BE1D-12740D283ED6}","SHAPE_Length":297.1063640001427,"SHAPE_Area":5430.5398979154215},"geometry":{"type":"Polygon","coordinates":[[[30.880074,29.984496],[30.879863,29.984672],[30.880378,29.985456],[30.880705,29.985271],[30.880817,29.985057],[30.880074,29.984496]]]}},{"type":"Feature","properties":{"source_layer":"Parcel","source_feature_count":1,"PARCEL_TYPE":9,"اسم_المحور":"محور دهشور","اسم_المحافظة":"محافظة الجيزة","نوع_نمط_العمران":"كمبوند","نوع_طبيعة_المنطقة":"قائمة","GlobalID":"{8F9D5005-A8F3-4927-BFD0-DBFA6EFCAEBC}","SHAPE_Length":1723.7949198543172,"SHAPE_Area":178660.73093572672},"geometry":{"type":"Polygon","coordinates":[[[30.878935,29.98238],[30.877986,29.980667],[30.87784,29.980611],[30.876057,29.981099],[30.875552,29.981023],[30.874645,29.980633],[30.873986,29.98063],[30.873165,29.981025],[30.872466,29.981182],[30.872138,29.98148],[30.87201,29.981817],[30.872258,29.982364],[30.873579,29.983175],[30.874563,29.983554],[30.875826,29.983778],[30.877217,29.983727],[30.878489,29.983408],[30.878851,29.983206],[30.879012,29.982968],[30.878935,29.98238]]]}},{"type":"Feature","properties":{"source_layer":"Parcel","source_feature_count":1,"PARCEL_TYPE":9,"اسم_المحور":"محور دهشور","اسم_المحافظة":"محافظة الجيزة","نوع_نمط_العمران":"كمبوند","نوع_طبيعة_المنطقة":"قائمة","GlobalID":"{4F51EECA-2C0D-4929-B77B-4FBDB8F9D00D}","SHAPE_Length":570.2756849482336,"SHAPE_Area":16045.164772441836},"geometry":{"type":"Polygon","coordinates":[[[30.87777,29.98453],[30.879887,29.983775],[30.879612,29.983514],[30.879289,29.983428],[30.877463,29.98393],[30.877631,29.98444],[30.87777,29.98453]]]}},{"type":"Feature","properties":{"source_layer":"Parcel","source_feature_count":1,"PARCEL_TYPE":9,"اسم_المحور":"محور دهشور","اسم_المحافظة":"محافظة الجيزة","نوع_نمط_العمران":"كمبوند","نوع_طبيعة_المنطقة":"قائمة","GlobalID":"{DD277BC2-EB01-4D3A-91B0-3601E8930BD8}","SHAPE_Length":1153.323743028376,"SHAPE_Area":38777.31307032462},"geometry":{"type":"Polygon","coordinates":[[[30.874493,29.984381],[30.874647,29.983796],[30.873355,29.983287],[30.872151,29.982499],[30.871838,29.98198],[30.871965,29.981336],[30.87134,29.981001],[30.871104,29.981425],[30.871024,29.981978],[30.871121,29.982418],[30.871478,29.982958],[30.872922,29.98389],[30.874036,29.98434],[30.874493,29.984381]]]}},{"type":"Feature","properties":{"source_layer":"Parcel","source_feature_count":1,"PARCEL_TYPE":9,"اسم_المحور":"محور دهشور","اسم_المحافظة":"محافظة الجيزة","نوع_نمط_العمران":"كمبوند","نوع_طبيعة_المنطقة":"قائمة","GlobalID":"{FF5A7C4B-7539-4768-940D-BBA970D532FD}","SHAPE_Length":662.1710890952303,"SHAPE_Area":19796.091267478132},"geometry":{"type":"Polygon","coordinates":[[[30.877236,29.983944],[30.876081,29.98398],[30.874759,29.983786],[30.874623,29.984379],[30.876221,29.984682],[30.87737,29.984569],[30.877455,29.984442],[30.877236,29.983944]]]}},{"type":"Feature","properties":{"source_layer":"Parcel","source_feature_count":1,"PARCEL_TYPE":9,"اسم_المحور":"محور دهشور","اسم_المحافظة":"محافظة الجيزة","نوع_نمط_العمران":"كمبوند","نوع_طبيعة_المنطقة":"قائمة","GlobalID":"{C1288D78-9D84-41BD-AA09-5EB2EC7832C5}","SHAPE_Length":615.9475830335484,"SHAPE_Area":10104.70770616445},"geometry":{"type":"Polygon","coordinates":[[[30.891494,29.989031],[30.889236,29.987607],[30.889006,29.987894],[30.891255,29.989311],[30.891494,29.989031]]]}},{"type":"Feature","properties":{"source_layer":"Parcel","source_feature_count":1,"PARCEL_TYPE":9,"اسم_المحور":"محور دهشور","اسم_المحافظة":"محافظة الجيزة","نوع_نمط_العمران":"كمبوند","نوع_طبيعة_المنطقة":"قائمة","GlobalID":"{AD4AD7F1-5900-4A75-A2BE-B924FB595711}","SHAPE_Length":511.5588506350938,"SHAPE_Area":8605.792100103172},"geometry":{"type":"Polygon","coordinates":[[[30.891548,29.989073],[30.891304,29.989336],[30.89263,29.990179],[30.892893,29.99048],[30.893216,29.990357],[30.893362,29.990183],[30.891548,29.989073]]]}},{"type":"Feature","properties":{"source_layer":"Parcel","source_feature_count":1,"PARCEL_TYPE":9,"اسم_المحور":"محور دهشور","اسم_المحافظة":"محافظة الجيزة","نوع_نمط_العمران":"كمبوند","نوع_طبيعة_المنطقة":"قائمة","GlobalID":"{5BBB0D8E-EE4D-42BA-9730-04F1698A346A}","SHAPE_Length":507.6503524727279,"SHAPE_Area":6935.683717382159},"geometry":{"type":"Polygon","coordinates":[[[30.893428,29.990734],[30.893348,29.99045],[30.892925,29.990553],[30.892881,29.991017],[30.892094,29.991946],[30.892207,29.992271],[30.893428,29.990734]]]}},{"type":"Feature","properties":{"source_layer":"Parcel","source_feature_count":1,"PARCEL_TYPE":9,"اسم_المحور":"محور دهشور","اسم_المحافظة":"محافظة الجيزة","نوع_نمط_العمران":"كمبوند","نوع_طبيعة_المنطقة":"قائمة","GlobalID":"{47388536-B27C-4821-80ED-700131B07224}","SHAPE_Length":441.5610986646956,"SHAPE_Area":5486.699342440904},"geometry":{"type":"Polygon","coordinates":[[[30.892126,29.992516],[30.890913,29.993872],[30.89111,29.994027],[30.89233,29.992634],[30.892126,29.992516]]]}},{"type":"Feature","properties":{"source_layer":"Parcel","source_feature_count":1,"PARCEL_TYPE":9,"اسم_المحور":"محور دهشور","اسم_المحافظة":"محافظة الجيزة","نوع_نمط_العمران":"كمبوند","نوع_طبيعة_المنطقة":"قائمة","GlobalID":"{847C0040-5879-4C42-954B-D17D4893A6EB}","SHAPE_Length":356.06509785256003,"SHAPE_Area":4165.006438187782},"geometry":{"type":"Polygon","coordinates":[[[30.890853,29.993949],[30.889968,29.995026],[30.890123,29.995176],[30.891082,29.994099],[30.890853,29.993949]]]}},{"type":"Feature","properties":{"source_layer":"Parcel","source_feature_count":1,"PARCEL_TYPE":9,"اسم_المحور":"محور دهشور","اسم_المحافظة":"محافظة الجيزة","نوع_نمط_العمران":"كمبوند","نوع_طبيعة_المنطقة":"قائمة","GlobalID":"{3D2AFCCA-B1B3-4FF3-8A5C-10294AF85A39}","SHAPE_Length":252.03119383493393,"SHAPE_Area":3442.4721705363845},"geometry":{"type":"Polygon","coordinates":[[[30.890526,29.993496],[30.890021,29.99406],[30.890292,29.994316],[30.890854,29.993626],[30.890526,29.993496]]]}},{"type":"Feature","properties":{"source_layer":"Parcel","source_feature_count":1,"PARCEL_TYPE":9,"اسم_المحور":"محور دهشور","اسم_المحافظة":"محافظة الجيزة","نوع_نمط_العمران":"كمبوند","نوع_طبيعة_المنطقة":"قائمة","GlobalID":"{709164BE-9CDF-4E67-B270-6810554F60E8}","SHAPE_Length":301.50371361552317,"SHAPE_Area":4998.178144061851},"geometry":{"type":"Polygon","coordinates":[[[30.88911,29.993988],[30.888276,29.993479],[30.888,29.99373],[30.888895,29.994346],[30.889125,29.994135],[30.88911,29.993988]]]}},{"type":"Feature","properties":{"source_layer":"Parcel","source_feature_count":1,"PARCEL_TYPE":9,"اسم_المحور":"محور دهشور","اسم_المحافظة":"محافظة الجيزة","نوع_نمط_العمران":"كمبوند","نوع_طبيعة_المنطقة":"قائمة","GlobalID":"{452A6AAF-12B7-4DA6-8CCF-5B1F69D9E173}","SHAPE_Length":1023.5145762224305,"SHAPE_Area":15277.1604519683},"geometry":{"type":"Polygon","coordinates":[[[30.890108,29.995274],[30.886136,29.992689],[30.885931,29.992915],[30.88992,29.995498],[30.890108,29.995274]]]}},{"type":"Feature","properties":{"source_layer":"Parcel","source_feature_count":1,"PARCEL_TYPE":9,"اسم_المحور":"محور دهشور","اسم_المحافظة":"محافظة الجيزة","نوع_نمط_العمران":"كمبوند","نوع_طبيعة_المنطقة":"قائمة","GlobalID":"{F964EE1E-4745-46A0-AF52-0BF3589E8A78}","SHAPE_Length":145.07516458315837,"SHAPE_Area":1152.4379646681264},"geometry":{"type":"Polygon","coordinates":[[[30.891719,29.989764],[30.891803,29.990082],[30.892185,29.990108],[30.891719,29.989764]]]}},{"type":"Feature","properties":{"source_layer":"Parcel","source_feature_count":1,"PARCEL_TYPE":9,"اسم_المحور":"محور دهشور","اسم_المحافظة":"محافظة الجيزة","نوع_نمط_العمران":"كمبوند","نوع_طبيعة_المنطقة":"قائمة","GlobalID":"{5CB2C44A-C549-4A71-8C73-B62A27628ADF}","SHAPE_Length":2347.8554600297434,"SHAPE_Area":54690.72955589562},"geometry":{"type":"Polygon","coordinates":[[[30.899571,29.996027],[30.900051,29.994843],[30.899849,29.99441],[30.893665,29.990451],[30.893423,29.990945],[30.894029,29.991167],[30.895321,29.991981],[30.895803,29.992584],[30.896338,29.992587],[30.89914,29.994414],[30.899391,29.995049],[30.899126,29.995577],[30.898631,29.995786],[30.89783,29.99531],[30.897578,29.995611],[30.899206,29.996876],[30.899506,29.996749],[30.899571,29.996027]]]}},{"type":"Feature","properties":{"source_layer":"Parcel","source_feature_count":1,"PARCEL_TYPE":9,"اسم_المحور":"محور دهشور","اسم_المحافظة":"محافظة الجيزة","نوع_نمط_العمران":"كمبوند","نوع_طبيعة_المنطقة":"قائمة","GlobalID":"{EC6DF637-568E-4C37-8DC5-FBEA8A95A338}","SHAPE_Length":141.98515095453328,"SHAPE_Area":1349.1599454841062},"geometry":{"type":"Polygon","coordinates":[[[30.893497,29.991088],[30.893297,29.991305],[30.893619,29.991489],[30.893811,29.991196],[30.893497,29.991088]]]}},{"type":"Feature","properties":{"source_layer":"Parcel","source_feature_count":1,"PARCEL_TYPE":9,"اسم_المحور":"محور دهشور","اسم_المحافظة":"محافظة الجيزة","نوع_نمط_العمران":"كمبوند","نوع_طبيعة_المنطقة":"قائمة","GlobalID":"{B2243E1D-9641-4F0A-8C09-F597E1B924BC}","SHAPE_Length":626.7913735884172,"SHAPE_Area":15849.156952629157},"geometry":{"type":"Polygon","coordinates":[[[30.894096,29.991339],[30.893804,29.991625],[30.89462,29.992405],[30.895179,29.993335],[30.895888,29.993151],[30.895341,29.992173],[30.894096,29.991339]]]}},{"type":"Feature","properties":{"source_layer":"Parcel","source_feature_count":1,"PARCEL_TYPE":9,"اسم_المحور":"محور دهشور","اسم_المحافظة":"محافظة الجيزة","نوع_نمط_العمران":"كمبوند","نوع_طبيعة_المنطقة":"قائمة","GlobalID":"{C288672A-177A-4EA0-B657-C3A372D5B7DE}","SHAPE_Length":409.15202362314784,"SHAPE_Area":9342.777619728613},"geometry":{"type":"Polygon","coordinates":[[[30.896689,29.994446],[30.897115,29.994039],[30.896726,29.992999],[30.896074,29.9932],[30.896335,29.994048],[30.896689,29.994446]]]}},{"type":"Feature","properties":{"source_layer":"Parcel","source_feature_count":1,"PARCEL_TYPE":9,"اسم_المحور":"محور دهشور","اسم_المحافظة":"محافظة الجيزة","نوع_نمط_العمران":"كمبوند","نوع_طبيعة_المنطقة":"قائمة","GlobalID":"{447552E8-56B2-4BDC-94C6-CDE8A4F84F15}","SHAPE_Length":227.09984552693444,"SHAPE_Area":3075.4688201036925},"geometry":{"type":"Polygon","coordinates":[[[30.89673,29.992979],[30.89619,29.992599],[30.895867,29.992703],[30.896062,29.993134],[30.89673,29.992979]]]}},{"type":"Feature","properties":{"source_layer":"Parcel","source_feature_count":1,"PARCEL_TYPE":9,"اسم_المحور":"محور دهشور","اسم_المحافظة":"محافظة الجيزة","نوع_نمط_العمران":"كمبوند","نوع_طبيعة_المنطقة":"قائمة","GlobalID":"{8A27AA9F-A81A-409B-942A-8200E4879F91}","SHAPE_Length":443.748203635835,"SHAPE_Area":11411.15237270272},"geometry":{"type":"Polygon","coordinates":[[[30.893215,29.991517],[30.89308,29.991554],[30.892776,29.992077],[30.893781,29.992869],[30.894397,29.992486],[30.893215,29.991517]]]}},{"type":"Feature","properties":{"source_layer":"Parcel","source_feature_count":1,"PARCEL_TYPE":9,"اسم_المحور":"محور دهشور","اسم_المحافظة":"محافظة الجيزة","نوع_نمط_العمران":"كمبوند","نوع_طبيعة_المنطقة":"قائمة","GlobalID":"{D13C08FA-3769-491F-B1A2-0C4BD31CDAD4}","SHAPE_Length":425.02892510053704,"SHAPE_Area":7831.227530322382},"geometry":{"type":"Polygon","coordinates":[[[30.894414,29.992525],[30.893799,29.992929],[30.894106,29.993403],[30.894454,29.993258],[30.894668,29.99382],[30.895056,29.99372],[30.894414,29.992525]]]}},{"type":"Feature","properties":{"source_layer":"Parcel","source_feature_count":1,"PARCEL_TYPE":9,"اسم_المحور":"محور دهشور","اسم_المحافظة":"محافظة الجيزة","نوع_نمط_العمران":"كمبوند","نوع_طبيعة_المنطقة":"قائمة","GlobalID":"{8B1603AF-06B7-4536-842D-331085410546}","SHAPE_Length":639.9432977270568,"SHAPE_Area":17078.236269790516},"geometry":{"type":"Polygon","coordinates":[[[30.898675,29.995683],[30.899126,29.995474],[30.899298,29.995099],[30.898637,29.994991],[30.89715,29.994064],[30.896721,29.994519],[30.898675,29.995683]]]}},{"type":"Feature","properties":{"source_layer":"Parcel","source_feature_count":1,"PARCEL_TYPE":9,"اسم_المحور":"محور دهشور","اسم_المحافظة":"محافظة الجيزة","نوع_نمط_العمران":"كمبوند","نوع_طبيعة_المنطقة":"قائمة","GlobalID":"{F59FD785-4740-46FC-A6B2-DE62296C0FD5}","SHAPE_Length":748.4209572506591,"SHAPE_Area":17217.527543199696},"geometry":{"type":"Polygon","coordinates":[[[30.895895,29.993187],[30.895213,29.99339],[30.895396,29.994067],[30.895718,29.994487],[30.897501,29.995521],[30.897652,29.99523],[30.896355,29.994326],[30.895895,29.993187]]]}},{"type":"Feature","properties":{"source_layer":"Parcel","source_feature_count":1,"PARCEL_TYPE":9,"اسم_المحور":"محور دهشور","اسم_المحافظة":"محافظة الجيزة","نوع_نمط_العمران":"كمبوند","نوع_طبيعة_المنطقة":"قائمة","GlobalID":"{B35E0483-2059-4E34-BF1E-4E3BB98AAFE9}","SHAPE_Length":397.88940161299865,"SHAPE_Area":6582.801843610619},"geometry":{"type":"Polygon","coordinates":[[[30.905621,29.999888],[30.905283,30.000129],[30.905688,30.000761],[30.90575,30.001272],[30.90622,30.001299],[30.906058,30.000551],[30.905621,29.999888]]]}},{"type":"Feature","properties":{"source_layer":"Parcel","source_feature_count":1,"PARCEL_TYPE":9,"اسم_المحور":"محور دهشور","اسم_المحافظة":"محافظة الجيزة","نوع_نمط_العمران":"كمبوند","نوع_طبيعة_المنطقة":"قائمة","GlobalID":"{475879FE-F4CB-4CF2-AFD6-91A5CDAAB17C}","SHAPE_Length":395.3967007772759,"SHAPE_Area":6580.899101479585},"geometry":{"type":"Polygon","coordinates":[[[30.901494,29.997946],[30.9016,29.997576],[30.899986,29.997361],[30.899927,29.997489],[30.900092,29.997794],[30.901494,29.997946]]]}},{"type":"Feature","properties":{"source_layer":"Parcel","source_feature_count":1,"PARCEL_TYPE":9,"اسم_المحور":"محور دهشور","اسم_المحافظة":"محافظة الجيزة","نوع_نمط_العمران":"كمبوند","نوع_طبيعة_المنطقة":"قائمة","GlobalID":"{E59A0ED4-A4E3-42D2-A307-9FA1815655B9}","SHAPE_Length":354.5803906448592,"SHAPE_Area":5758.088240382808},"geometry":{"type":"Polygon","coordinates":[[[30.901628,29.997581],[30.901573,29.997955],[30.902731,29.99843],[30.902986,29.998134],[30.902351,29.997776],[30.901628,29.997581]]]}},{"type":"Feature","properties":{"source_layer":"Parcel","source_feature_count":1,"PARCEL_TYPE":9,"اسم_المحور":"محور دهشور","اسم_المحافظة":"محافظة الجيزة","نوع_نمط_العمران":"كمبوند","نوع_طبيعة_المنطقة":"قائمة","GlobalID":"{430F0E0D-5472-4363-85FE-47E9E1BD8084}","SHAPE_Length":707.6064125785308,"SHAPE_Area":21327.254932010437},"geometry":{"type":"Polygon","coordinates":[[[30.902122,29.998206],[30.90016,29.997925],[30.900729,29.998463],[30.901488,29.998885],[30.902461,29.999134],[30.903327,29.999069],[30.903299,29.998907],[30.902122,29.998206]]]}},{"type":"Feature","properties":{"source_layer":"Parcel","source_feature_count":1,"PARCEL_TYPE":9,"اسم_المحور":"محور دهشور","اسم_المحافظة":"محافظة الجيزة","نوع_نمط_العمران":"كمبوند","نوع_طبيعة_المنطقة":"قائمة","GlobalID":"{BE03E2FB-39E3-47DF-B1FF-E4043BA518BE}","SHAPE_Length":959.3450299577416,"SHAPE_Area":19679.57048902695},"geometry":{"type":"Polygon","coordinates":[[[30.903298,29.999691],[30.903253,29.999301],[30.90207,29.999243],[30.900974,29.998852],[30.900259,29.998344],[30.899717,29.997693],[30.899299,29.99789],[30.900029,29.998732],[30.901024,29.999348],[30.902187,29.999674],[30.903298,29.999691]]]}},{"type":"Feature","properties":{"source_layer":"Parcel","source_feature_count":1,"PARCEL_TYPE":9,"اسم_المحور":"محور دهشور","اسم_المحافظة":"محافظة الجيزة","نوع_نمط_العمران":"كمبوند","نوع_طبيعة_المنطقة":"قائمة","GlobalID":"{1BF3CCD3-D069-49BE-8BE5-92270486308B}","SHAPE_Length":255.1427610898586,"SHAPE_Area":4224.629367330623},"geometry":{"type":"Polygon","coordinates":[[[30.910099,30.002247],[30.909734,30.002692],[30.91028,30.003037],[30.910655,30.002589],[30.910099,30.002247]]]}},{"type":"Feature","properties":{"source_layer":"Parcel","source_feature_count":1,"PARCEL_TYPE":9,"اسم_المحور":"محور دهشور","اسم_المحافظة":"محافظة الجيزة","نوع_نمط_العمران":"كمبوند","نوع_طبيعة_المنطقة":"قائمة","GlobalID":"{FCC66FB2-90C7-46E2-808F-1C9B2C9AA6B6}","SHAPE_Length":389.2569611628754,"SHAPE_Area":9094.775273598972},"geometry":{"type":"Polygon","coordinates":[[[30.909855,30.001341],[30.909095,30.002214],[30.909683,30.002586],[30.910437,30.001666],[30.909855,30.001341]]]}},{"type":"Feature","properties":{"source_layer":"Parcel","source_feature_count":1,"PARCEL_TYPE":9,"اسم_المحور":"محور دهشور","اسم_المحافظة":"محافظة الجيزة","نوع_نمط_العمران":"كمبوند","نوع_طبيعة_المنطقة":"قائمة","GlobalID":"{480FFC3F-5463-4633-9552-511A8DA1010D}","SHAPE_Length":292.80346763024653,"SHAPE_Area":5402.262430260129},"geometry":{"type":"Polygon","coordinates":[[[30.909144,30.003143],[30.909664,30.002609],[30.909079,30.002233],[30.908619,30.002786],[30.909144,30.003143]]]}},{"type":"Feature","properties":{"source_layer":"Parcel","source_feature_count":1,"PARCEL_TYPE":9,"اسم_المحور":"محور دهشور","اسم_المحافظة":"محافظة الجيزة","نوع_نمط_العمران":"كمبوند","نوع_طبيعة_المنطقة":"قائمة","GlobalID":"{9482EAC7-FF10-4471-97E1-894B25250E7E}","SHAPE_Length":435.37205955800357,"SHAPE_Area":10654.126041192474},"geometry":{"type":"Polygon","coordinates":[[[30.907869,30.001361],[30.907143,30.001416],[30.907171,30.002675],[30.907976,30.00259],[30.907869,30.001361]]]}},{"type":"Feature","properties":{"source_layer":"Parcel","source_feature_count":1,"PARCEL_TYPE":9,"اسم_المحور":"محور دهشور","اسم_المحافظة":"محافظة الجيزة","نوع_نمط_العمران":"كمبوند","نوع_طبيعة_المنطقة":"قائمة","GlobalID":"{0FA8EF26-9C3C-43C0-93BD-BA6A509BFD49}","SHAPE_Length":433.40097017093314,"SHAPE_Area":10638.853560935859},"geometry":{"type":"Polygon","coordinates":[[[30.907194,30.001311],[30.90792,30.001249],[30.90762,29.999921],[30.906894,30.000174],[30.907194,30.001311]]]}},{"type":"Feature","properties":{"source_layer":"Parcel","source_feature_count":1,"PARCEL_TYPE":9,"اسم_المحور":"محور دهشور","اسم_المحافظة":"محافظة الجيزة","نوع_نمط_العمران":"كمبوند","نوع_طبيعة_المنطقة":"قائمة","GlobalID":"{EEA96913-77A8-4185-837C-0424B5AB345A}","SHAPE_Length":224.64207125742828,"SHAPE_Area":2848.8160764073455},"geometry":{"type":"Polygon","coordinates":[[[30.907244,30.000021],[30.907002,29.999504],[30.906802,29.999436],[30.906613,29.999552],[30.906882,30.000148],[30.907244,30.000021]]]}},{"type":"Feature","properties":{"source_layer":"Parcel","source_feature_count":1,"PARCEL_TYPE":9,"اسم_المحور":"محور دهشور","اسم_المحافظة":"محافظة الجيزة","نوع_نمط_العمران":"كمبوند","نوع_طبيعة_المنطقة":"قائمة","GlobalID":"{5C57C442-FE5F-4AB1-AA66-9286D10B1C1E}","SHAPE_Length":614.9414944131393,"SHAPE_Area":12731.70154782991},"geometry":{"type":"Polygon","coordinates":[[[30.906564,30.003691],[30.907026,30.003749],[30.907091,30.003654],[30.906988,30.001378],[30.906533,30.001439],[30.906564,30.003691]]]}},{"type":"Feature","properties":{"source_layer":"Parcel","source_feature_count":1,"PARCEL_TYPE":9,"اسم_المحور":"محور دهشور","اسم_المحافظة":"محافظة الجيزة","نوع_نمط_العمران":"كمبوند","نوع_طبيعة_المنطقة":"قائمة","GlobalID":"{8192AD00-3FA6-4ECE-9AF3-41B4DC5A1069}","SHAPE_Length":618.4591711112565,"SHAPE_Area":13017.82226873295},"geometry":{"type":"Polygon","coordinates":[[[30.906206,30.001395],[30.905751,30.001457],[30.905856,30.003791],[30.906312,30.003705],[30.906206,30.001395]]]}},{"type":"Feature","properties":{"source_layer":"Parcel","source_feature_count":1,"PARCEL_TYPE":9,"اسم_المحور":"محور دهشور","اسم_المحافظة":"محافظة الجيزة","نوع_نمط_العمران":"كمبوند","نوع_طبيعة_المنطقة":"قائمة","GlobalID":"{B6FAB08E-42E4-494A-A4C8-16A8954010A1}","SHAPE_Length":492.4256014322665,"SHAPE_Area":8110.565736528395},"geometry":{"type":"Polygon","coordinates":[[[30.906223,30.003889],[30.905839,30.003885],[30.905821,30.004217],[30.906157,30.005078],[30.906611,30.005681],[30.906897,30.005509],[30.906371,30.004655],[30.906223,30.003889]]]}},{"type":"Feature","properties":{"source_layer":"Parcel","source_feature_count":1,"PARCEL_TYPE":9,"اسم_المحور":"محور دهشور","اسم_المحافظة":"محافظة الجيزة","نوع_نمط_العمران":"كمبوند","نوع_طبيعة_المنطقة":"قائمة","GlobalID":"{8DF2C303-11DF-4AEC-8CC3-94A159B05718}","SHAPE_Length":292.28127103891535,"SHAPE_Area":5303.950567316068},"geometry":{"type":"Polygon","coordinates":[[[30.908768,30.00365],[30.908197,30.003284],[30.90772,30.003853],[30.908289,30.004214],[30.908768,30.00365]]]}},{"type":"Feature","properties":{"source_layer":"Parcel","source_feature_count":1,"PARCEL_TYPE":9,"اسم_المحور":"محور دهشور","اسم_المحافظة":"محافظة الجيزة","نوع_نمط_العمران":"كمبوند","نوع_طبيعة_المنطقة":"قائمة","GlobalID":"{84C2799A-A2C7-47E6-8E28-9413E14DB4A1}","SHAPE_Length":635.7358737773171,"SHAPE_Area":16505.02140717873},"geometry":{"type":"Polygon","coordinates":[[[30.908382,30.005337],[30.909778,30.003658],[30.909226,30.003247],[30.907739,30.005014],[30.908201,30.005383],[30.908382,30.005337]]]}},{"type":"Feature","properties":{"source_layer":"Parcel","source_feature_count":1,"PARCEL_TYPE":9,"اسم_المحور":"محور دهشور","اسم_المحافظة":"محافظة الجيزة","نوع_نمط_العمران":"كمبوند","نوع_طبيعة_المنطقة":"قائمة","GlobalID":"{89AE1A42-5D00-461E-A10A-5AC2087DE264}","SHAPE_Length":514.0608235747285,"SHAPE_Area":9581.946085314023},"geometry":{"type":"Polygon","coordinates":[[[30.903708,29.999223],[30.903618,29.999588],[30.904703,30.0003],[30.905081,30.000687],[30.90543,30.00067],[30.905489,30.000545],[30.905039,30.000032],[30.903708,29.999223]]]}},{"type":"Feature","properties":{"source_layer":"Parcel","source_feature_count":1,"PARCEL_TYPE":9,"اسم_المحور":"محور دهشور","اسم_المحافظة":"محافظة الجيزة","نوع_نمط_العمران":"كمبوند","نوع_طبيعة_المنطقة":"قائمة","GlobalID":"{015B4EFD-9E56-4D52-8343-1DC4F182AEAE}","SHAPE_Length":707.9426990647495,"SHAPE_Area":13220.638903360868},"geometry":{"type":"Polygon","coordinates":[[[30.898656,29.997067],[30.898785,29.996866],[30.898359,29.996469],[30.896266,29.995111],[30.896506,29.995729],[30.89774,29.996521],[30.897999,29.997151],[30.898515,29.996985],[30.898656,29.997067]]]}},{"type":"Feature","properties":{"source_layer":"Parcel","source_feature_count":1,"PARCEL_TYPE":9,"اسم_المحور":"محور دهشور","اسم_المحافظة":"محافظة الجيزة","نوع_نمط_العمران":"كمبوند","نوع_طبيعة_المنطقة":"قائمة","GlobalID":"{172DD10F-0057-4FC7-AC9B-F350DA516819}","SHAPE_Length":541.2457644207809,"SHAPE_Area":15596.008401027373},"geometry":{"type":"Polygon","coordinates":[[[30.896996,29.996329],[30.896418,29.995856],[30.895792,29.996214],[30.896241,29.99672],[30.896676,29.997006],[30.897259,29.997182],[30.897863,29.997185],[30.897678,29.996593],[30.896996,29.996329]]]}},{"type":"Feature","properties":{"source_layer":"Parcel","source_feature_count":1,"PARCEL_TYPE":9,"اسم_المحور":"محور دهشور","اسم_المحافظة":"محافظة الجيزة","نوع_نمط_العمران":"كمبوند","نوع_طبيعة_المنطقة":"قائمة","GlobalID":"{104C26AA-A89C-4D4E-A3F3-2B380834AF0B}","SHAPE_Length":685.3293455964432,"SHAPE_Area":14396.754959574231},"geometry":{"type":"Polygon","coordinates":[[[30.898934,29.997507],[30.898691,29.997138],[30.897925,29.997346],[30.89729,29.997356],[30.896717,29.997211],[30.896164,29.996876],[30.895817,29.997219],[30.896558,29.997632],[30.897454,29.997812],[30.898251,29.997748],[30.898934,29.997507]]]}},{"type":"Feature","properties":{"source_layer":"Parcel","source_feature_count":1,"PARCEL_TYPE":9,"اسم_المحور":"محور دهشور","اسم_المحافظة":"محافظة الجيزة","نوع_نمط_العمران":"كمبوند","نوع_طبيعة_المنطقة":"قائمة","GlobalID":"{1660D0D5-A736-4C44-9E2B-4B0E84180947}","SHAPE_Length":80.0262966318183,"SHAPE_Area":346.14608842534733},"geometry":{"type":"Polygon","coordinates":[[[30.906692,29.999414],[30.906629,29.99933],[30.906403,29.999488],[30.906494,29.999581],[30.906692,29.999414]]]}},{"type":"Feature","properties":{"source_layer":"Parcel","source_feature_count":1,"PARCEL_TYPE":9,"اسم_المحور":"محور دهشور","اسم_المحافظة":"محافظة الجيزة","نوع_نمط_العمران":"كمبوند","نوع_طبيعة_المنطقة":"قائمة","GlobalID":"{D28E51CD-43FF-4D92-8D24-C33359012DE1}","SHAPE_Length":190.91927166506468,"SHAPE_Area":2165.98108888837},"geometry":{"type":"Polygon","coordinates":[[[30.908701,30.000658],[30.908446,30.000856],[30.90865,30.001236],[30.909064,30.001206],[30.908701,30.000658]]]}},{"type":"Feature","properties":{"source_layer":"Parcel","source_feature_count":1,"PARCEL_TYPE":9,"اسم_المحور":"محور دهشور","اسم_المحافظة":"محافظة الجيزة","نوع_نمط_العمران":"كمبوند","نوع_طبيعة_المنطقة":"قائمة","GlobalID":"{AD64D84B-092C-4E60-B701-79D1E91F0BBD}","SHAPE_Length":373.1555958333859,"SHAPE_Area":5608.861631861713},"geometry":{"type":"Polygon","coordinates":[[[30.909113,30.001427],[30.908703,30.001425],[30.908638,30.001926],[30.908206,30.002521],[30.908461,30.002716],[30.908963,30.002146],[30.909113,30.001427]]]}},{"type":"Feature","properties":{"source_layer":"Parcel","source_feature_count":1,"PARCEL_TYPE":9,"اسم_المحور":"محور دهشور","اسم_المحافظة":"محافظة الجيزة","نوع_نمط_العمران":"كمبوند","نوع_طبيعة_المنطقة":"قائمة","GlobalID":"{78CA8B59-9E42-4692-956F-CCFD0B8B6831}","SHAPE_Length":261.4127448893058,"SHAPE_Area":3462.433193356116},"geometry":{"type":"Polygon","coordinates":[[[30.908419,30.002169],[30.908412,30.001428],[30.908029,30.001431],[30.908007,30.002288],[30.908329,30.002286],[30.908419,30.002169]]]}},{"type":"Feature","properties":{"source_layer":"Parcel","source_feature_count":1,"PARCEL_TYPE":9,"اسم_المحور":"محور دهشور","اسم_المحافظة":"محافظة الجيزة","نوع_نمط_العمران":"كمبوند","نوع_طبيعة_المنطقة":"قائمة","GlobalID":"{265DC5C6-C434-4D2B-BDC6-85AAEAA91814}","SHAPE_Length":275.43100013924317,"SHAPE_Area":3826.9305791473066},"geometry":{"type":"Polygon","coordinates":[[[30.908091,30.000271],[30.907917,30.000543],[30.908026,30.001228],[30.90841,30.001225],[30.90837,30.000409],[30.908091,30.000271]]]}},{"type":"Feature","properties":{"source_layer":"Parcel","source_feature_count":1,"PARCEL_TYPE":9,"اسم_المحور":"محور دهشور","اسم_المحافظة":"محافظة الجيزة","نوع_نمط_العمران":"كمبوند","نوع_طبيعة_المنطقة":"قائمة","GlobalID":"{8A6221C3-D0CD-4D03-B914-23BA5283770A}","SHAPE_Length":310.8675464557761,"SHAPE_Area":4770.204688325932},"geometry":{"type":"Polygon","coordinates":[[[30.908132,30.002616],[30.907171,30.002675],[30.907184,30.003378],[30.907553,30.003306],[30.908132,30.002616]]]}},{"type":"Feature","properties":{"source_layer":"Parcel","source_feature_count":1,"PARCEL_TYPE":9,"اسم_المحور":"محور دهشور","اسم_المحافظة":"محافظة الجيزة","نوع_نمط_العمران":"كمبوند","نوع_طبيعة_المنطقة":"قائمة","GlobalID":"{F4186FF2-31B1-42AD-8519-658958008A37}","SHAPE_Length":382.48944709264686,"SHAPE_Area":6025.235989117992},"geometry":{"type":"Polygon","coordinates":[[[30.907926,30.003472],[30.908426,30.002843],[30.908155,30.002603],[30.907553,30.003306],[30.907184,30.003378],[30.907168,30.003693],[30.907556,30.003711],[30.907926,30.003472]]]}},{"type":"Feature","properties":{"source_layer":"Parcel","source_feature_count":1,"PARCEL_TYPE":9,"اسم_المحور":"محور دهشور","اسم_المحافظة":"محافظة الجيزة","نوع_نمط_العمران":"كمبوند","نوع_طبيعة_المنطقة":"قائمة","GlobalID":"{F5C2FB52-DB3D-4772-B10B-C5F522E68E65}","SHAPE_Length":642.2763999864244,"SHAPE_Area":12237.098561744873},"geometry":{"type":"Polygon","coordinates":[[[30.907975,30.005917],[30.908052,30.005828],[30.907841,30.005709],[30.907958,30.005576],[30.908124,30.00564],[30.908198,30.005479],[30.907381,30.004793],[30.90706,30.003845],[30.906618,30.00384],[30.906678,30.004487],[30.906919,30.005008],[30.907975,30.005917]]]}},{"type":"Feature","properties":{"source_layer":"Parcel","source_feature_count":1,"PARCEL_TYPE":9,"اسم_المحور":"محور دهشور","اسم_المحافظة":"محافظة الجيزة","نوع_نمط_العمران":"كمبوند","نوع_طبيعة_المنطقة":"قائمة","GlobalID":"{EDCFD702-E27E-46DA-9CAE-DB990E5F6105}","SHAPE_Length":946.9456025381446,"SHAPE_Area":15189.814095652942},"geometry":{"type":"Polygon","coordinates":[[[30.903985,30.004269],[30.903625,30.004347],[30.903669,30.00454],[30.907215,30.006859],[30.907426,30.006597],[30.903985,30.004269]]]}},{"type":"Feature","properties":{"source_layer":"Parcel","source_feature_count":1,"PARCEL_TYPE":9,"اسم_المحور":"محور دهشور","اسم_المحافظة":"محافظة الجيزة","نوع_نمط_العمران":"كمبوند","نوع_طبيعة_المنطقة":"قائمة","GlobalID":"{71F32384-6064-4048-B0A5-A15BD5315AF2}","SHAPE_Length":621.4912848595056,"SHAPE_Area":15844.890109564982},"geometry":{"type":"Polygon","coordinates":[[[30.896943,29.993378],[30.897189,29.993971],[30.898632,29.994889],[30.899175,29.994974],[30.89917,29.994692],[30.89873,29.994227],[30.897156,29.993224],[30.896993,29.993241],[30.896943,29.993378]]]}},{"type":"Feature","properties":{"source_layer":"Parcel","source_feature_count":1,"PARCEL_TYPE":9,"اسم_المحور":"محور دهشور","اسم_المحافظة":"محافظة الجيزة","نوع_نمط_العمران":"كمبوند","نوع_طبيعة_المنطقة":"قائمة","GlobalID":"{127C0F9B-1D98-4712-8883-2B726AEFA14C}","SHAPE_Length":271.3989483974292,"SHAPE_Area":4653.850386606122},"geometry":{"type":"Polygon","coordinates":[[[30.909807,30.003565],[30.910224,30.003051],[30.909681,30.002738],[30.909291,30.003228],[30.909807,30.003565]]]}},{"type":"Feature","properties":{"source_layer":"Parcel","source_feature_count":1,"PARCEL_TYPE":9,"اسم_المحور":"محور دهشور","اسم_المحافظة":"محافظة الجيزة","نوع_نمط_العمران":"كمبوند","نوع_طبيعة_المنطقة":"قائمة","GlobalID":"{99EB9594-7325-411C-BAF2-DCB0A149C448}","SHAPE_Length":263.77099318738186,"SHAPE_Area":4642.408992497836},"geometry":{"type":"Polygon","coordinates":[[[30.910533,30.001707],[30.91016,30.002199],[30.910696,30.002544],[30.911064,30.002087],[30.910533,30.001707]]]}},{"type":"Feature","properties":{"source_layer":"Parcel","source_feature_count":1,"PARCEL_TYPE":9,"اسم_المحور":"محور دهشور","اسم_المحافظة":"محافظة الجيزة","نوع_نمط_العمران":"كمبوند","نوع_طبيعة_المنطقة":"قائمة","GlobalID":"{DB10B820-2AB4-4C2A-A282-BB86B1B0D26C}","SHAPE_Length":328.4684196052054,"SHAPE_Area":4698.758193956699},"geometry":{"type":"Polygon","coordinates":[[[30.90803,29.999646],[30.9078,29.99991],[30.908793,30.000583],[30.909103,30.00033],[30.90803,29.999646]]]}},{"type":"Feature","properties":{"source_layer":"Parcel","source_feature_count":1,"PARCEL_TYPE":9,"اسم_المحور":"محور دهشور","اسم_المحافظة":"محافظة الجيزة","نوع_نمط_العمران":"كمبوند","نوع_طبيعة_المنطقة":"قائمة","GlobalID":"{6869BFC2-A20F-4963-B07D-12F2E07C83FA}","SHAPE_Length":327.07484982250793,"SHAPE_Area":4785.524531886223},"geometry":{"type":"Polygon","coordinates":[[[30.90695,29.998951],[30.906705,29.999235],[30.907762,29.999886],[30.907986,29.999616],[30.90695,29.998951]]]}},{"type":"Feature","properties":{"source_layer":"Parcel","source_feature_count":1,"PARCEL_TYPE":9,"اسم_المحور":"محور دهشور","اسم_المحافظة":"محافظة الجيزة","نوع_نمط_العمران":"كمبوند","نوع_طبيعة_المنطقة":"قائمة","GlobalID":"{F92C032A-8AEA-4C81-8A6D-35D07B5AE1CC}","SHAPE_Length":337.6014987096243,"SHAPE_Area":5014.463241762932},"geometry":{"type":"Polygon","coordinates":[[[30.9059,29.998247],[30.905616,29.998537],[30.906675,29.999216],[30.90691,29.998926],[30.9059,29.998247]]]}},{"type":"Feature","properties":{"source_layer":"Parcel","source_feature_count":1,"PARCEL_TYPE":9,"اسم_المحور":"محور دهشور","اسم_المحافظة":"محافظة الجيزة","نوع_نمط_العمران":"كمبوند","نوع_طبيعة_المنطقة":"قائمة","GlobalID":"{69168A26-9105-4B7D-B60B-4CC596DFC0E6}","SHAPE_Length":325.1572737095814,"SHAPE_Area":5661.540274103881},"geometry":{"type":"Polygon","coordinates":[[[30.906779,30.000208],[30.906316,30.000374],[30.906538,30.001273],[30.906979,30.001313],[30.907053,30.001151],[30.906779,30.000208]]]}},{"type":"Feature","properties":{"source_layer":"Parcel","source_feature_count":1,"PARCEL_TYPE":9,"اسم_المحور":"محور دهشور","اسم_المحافظة":"محافظة الجيزة","نوع_نمط_العمران":"كمبوند","نوع_طبيعة_المنطقة":"قائمة","GlobalID":"{D57B921D-C9A5-471E-A4E9-785E7B8BE79A}","SHAPE_Length":349.61612272975503,"SHAPE_Area":6273.643195706163},"geometry":{"type":"Polygon","coordinates":[[[30.905985,29.99916],[30.905635,29.999504],[30.9063,30.000337],[30.906765,30.00018],[30.906462,29.999648],[30.905985,29.99916]]]}},{"type":"Feature","properties":{"source_layer":"Parcel","source_feature_count":1,"PARCEL_TYPE":9,"اسم_المحور":"محور دهشور","اسم_المحافظة":"محافظة الجيزة","نوع_نمط_العمران":"كمبوند","نوع_طبيعة_المنطقة":"قائمة","GlobalID":"{E273802D-E3B9-4B5E-AECC-D74A3487D1AD}","SHAPE_Length":246.56903517788533,"SHAPE_Area":3863.30522341989},"geometry":{"type":"Polygon","coordinates":[[[30.908786,30.003629],[30.909085,30.003193],[30.908553,30.002877],[30.908214,30.003264],[30.908786,30.003629]]]}},{"type":"Feature","properties":{"source_layer":"Parcel","source_feature_count":1,"PARCEL_TYPE":9,"اسم_المحور":"محور دهشور","اسم_المحافظة":"محافظة الجيزة","نوع_نمط_العمران":"كمبوند","نوع_طبيعة_المنطقة":"قائمة","GlobalID":"{65A3A499-AC3A-4F2A-8B0C-BAD2B81D661E}","SHAPE_Length":316.10361327144165,"SHAPE_Area":6110.176221855485},"geometry":{"type":"Polygon","coordinates":[[[30.908271,30.004236],[30.907702,30.003873],[30.907256,30.004386],[30.907583,30.00493],[30.908271,30.004236]]]}},{"type":"Feature","properties":{"source_layer":"Parcel","source_feature_count":1,"PARCEL_TYPE":9,"اسم_المحور":"محور دهشور","اسم_المحافظة":"محافظة الجيزة","نوع_نمط_العمران":"كمبوند","نوع_طبيعة_المنطقة":"قائمة","GlobalID":"{FA6BEE78-290B-4B76-B5A1-A8E707F6C11A}","SHAPE_Length":263.4466283024064,"SHAPE_Area":4111.4390470268045},"geometry":{"type":"Polygon","coordinates":[[[30.905334,29.998715],[30.904951,29.999037],[30.905617,29.999489],[30.905965,29.999143],[30.905334,29.998715]]]}},{"type":"Feature","properties":{"source_layer":"Parcel","source_feature_count":1,"PARCEL_TYPE":9,"اسم_المحور":"محور دهشور","اسم_المحافظة":"محافظة الجيزة","نوع_نمط_العمران":"كمبوند","نوع_طبيعة_المنطقة":"قائمة","GlobalID":"{C6123B0E-E4CD-44D1-9627-3AB9561EBEE8}","SHAPE_Length":608.6917278084389,"SHAPE_Area":11961.99592353727},"geometry":{"type":"Polygon","coordinates":[[[30.911782,30.002031],[30.911438,30.001815],[30.909854,30.0037],[30.910237,30.003953],[30.911782,30.002031]]]}},{"type":"Feature","properties":{"source_layer":"Parcel","source_feature_count":1,"PARCEL_TYPE":9,"اسم_المحور":"محور دهشور","اسم_المحافظة":"محافظة الجيزة","نوع_نمط_العمران":"كمبوند","نوع_طبيعة_المنطقة":"قائمة","GlobalID":"{D89F507B-A95C-4329-8A38-7EBE5F57CE26}","SHAPE_Length":388.1323174150786,"SHAPE_Area":7305.469550040021},"geometry":{"type":"Polygon","coordinates":[[[30.905529,29.998479],[30.905863,29.998192],[30.905271,29.99787],[30.904533,29.998741],[30.904901,29.999005],[30.905283,29.99868],[30.905299,29.998486],[30.905529,29.998479]]]}},{"type":"Feature","properties":{"source_layer":"Parcel","source_feature_count":1,"PARCEL_TYPE":9,"اسم_المحور":"محور دهشور","اسم_المحافظة":"محافظة الجيزة","نوع_نمط_العمران":"كمبوند","نوع_طبيعة_المنطقة":"قائمة","GlobalID":"{88FBB77A-B04A-4FF9-86C4-696F065B6CB7}","SHAPE_Length":688.8850507218515,"SHAPE_Area":13973.21616363269},"geometry":{"type":"Polygon","coordinates":[[[30.908519,30.005987],[30.910237,30.003953],[30.909854,30.0037],[30.907975,30.005917],[30.908519,30.005987]]]}},{"type":"Feature","properties":{"source_layer":"Parcel","source_feature_count":1,"PARCEL_TYPE":14,"اسم_المحور":"محور دهشور","اسم_المحافظة":"محافظة الجيزة","نوع_نمط_العمران":"كمبوند","نوع_طبيعة_المنطقة":"قائمة","GlobalID":"{0C7A96E3-2590-4869-AED4-DE3486D83A52}","SHAPE_Length":454.0674845347181,"SHAPE_Area":13480.46850047919},"geometry":{"type":"Polygon","coordinates":[[[30.916533,29.990411],[30.915955,29.991035],[30.917145,29.991728],[30.917652,29.991082],[30.916533,29.990411]]]}},{"type":"Feature","properties":{"source_layer":"Parcel","source_feature_count":1,"PARCEL_TYPE":14,"اسم_المحور":"محور دهشور","اسم_المحافظة":"محافظة الجيزة","نوع_نمط_العمران":"كمبوند","نوع_طبيعة_المنطقة":"قائمة","GlobalID":"{4482A85F-2745-4607-B61B-049F1ABCC3F8}","SHAPE_Length":416.79874089119085,"SHAPE_Area":10349.025422182938},"geometry":{"type":"Polygon","coordinates":[[[30.914968,29.991851],[30.913833,29.99118],[30.913411,29.991607],[30.913448,29.991743],[30.914514,29.992414],[30.914968,29.991851]]]}},{"type":"Feature","properties":{"source_layer":"Parcel","source_feature_count":1,"PARCEL_TYPE":14,"اسم_المحور":"محور دهشور","اسم_المحافظة":"محافظة الجيزة","نوع_نمط_العمران":"كمبوند","نوع_طبيعة_المنطقة":"قائمة","GlobalID":"{DEF50184-FAE3-4141-BA83-E975470F5858}","SHAPE_Length":538.7685138391372,"SHAPE_Area":17008.658686775467},"geometry":{"type":"Polygon","coordinates":[[[30.91413,29.988824],[30.913564,29.989481],[30.913988,29.989776],[30.913652,29.990129],[30.91415,29.990403],[30.914841,29.989891],[30.915211,29.989398],[30.914669,29.988948],[30.914301,29.988782],[30.91413,29.988824]]]}},{"type":"Feature","properties":{"source_layer":"Parcel","source_feature_count":1,"PARCEL_TYPE":14,"اسم_المحور":"محور دهشور","اسم_المحافظة":"محافظة الجيزة","نوع_نمط_العمران":"كمبوند","نوع_طبيعة_المنطقة":"قائمة","GlobalID":"{1091B789-0BA0-44B9-BA9B-2B92C57757A2}","SHAPE_Length":267.49204814466844,"SHAPE_Area":4621.298723655543},"geometry":{"type":"Polygon","coordinates":[[[30.918394,29.993443],[30.917816,29.993068],[30.917435,29.993548],[30.917967,29.99391],[30.918394,29.993443]]]}},{"type":"Feature","properties":{"source_layer":"Parcel","source_feature_count":1,"PARCEL_TYPE":14,"اسم_المحور":"محور دهشور","اسم_المحافظة":"محافظة الجيزة","نوع_نمط_العمران":"كمبوند","نوع_طبيعة_المنطقة":"قائمة","GlobalID":"{8925A831-6E48-4B8F-89AA-4DAA7AC604BD}","SHAPE_Length":304.32825370878624,"SHAPE_Area":6311.47886242135},"geometry":{"type":"Polygon","coordinates":[[[30.900532,29.985075],[30.901008,29.984523],[30.900353,29.984166],[30.899926,29.984689],[30.900532,29.985075]]]}},{"type":"Feature","properties":{"source_layer":"Parcel","source_feature_count":1,"PARCEL_TYPE":14,"اسم_المحور":"محور دهشور","اسم_المحافظة":"محافظة الجيزة","نوع_نمط_العمران":"كمبوند","نوع_طبيعة_المنطقة":"قائمة","GlobalID":"{436B98D1-8879-4549-A447-658851CBB75F}","SHAPE_Length":142.32071610170127,"SHAPE_Area":1216.7741827117336},"geometry":{"type":"Polygon","coordinates":[[[30.903686,29.985434],[30.903909,29.985155],[30.903744,29.984995],[30.903429,29.98535],[30.903686,29.985434]]]}},{"type":"Feature","properties":{"source_layer":"Parcel","source_feature_count":1,"PARCEL_TYPE":14,"اسم_المحور":"محور دهشور","اسم_المحافظة":"محافظة الجيزة","نوع_نمط_العمران":"كمبوند","نوع_طبيعة_المنطقة":"قائمة","GlobalID":"{42A2C14C-B440-4A58-B788-9D728E01DF37}","SHAPE_Length":144.74888324787653,"SHAPE_Area":1289.3756229051119},"geometry":{"type":"Polygon","coordinates":[[[30.902259,29.984127],[30.902138,29.984271],[30.902537,29.984534],[30.902672,29.984316],[30.902259,29.984127]]]}},{"type":"Feature","properties":{"source_layer":"Parcel","source_feature_count":1,"PARCEL_TYPE":14,"اسم_المحور":"محور دهشور","اسم_المحافظة":"محافظة الجيزة","نوع_نمط_العمران":"كمبوند","نوع_طبيعة_المنطقة":"قائمة","GlobalID":"{91E18E8B-0553-4AA4-9B19-FCC369823133}","SHAPE_Length":607.9930609212315,"SHAPE_Area":20590.250357096473},"geometry":{"type":"Polygon","coordinates":[[[30.917631,29.989907],[30.917972,29.990125],[30.917657,29.990872],[30.91847,29.991389],[30.919317,29.990467],[30.919316,29.990256],[30.918086,29.989433],[30.917631,29.989907]]]}},{"type":"Feature","properties":{"source_layer":"Parcel","source_feature_count":1,"PARCEL_TYPE":14,"اسم_المحور":"محور دهشور","اسم_المحافظة":"محافظة الجيزة","نوع_نمط_العمران":"كمبوند","نوع_طبيعة_المنطقة":"قائمة","GlobalID":"{FE8468AE-A5D0-45A7-AB45-71037C0ADBED}","SHAPE_Length":137.25696596119587,"SHAPE_Area":1131.9616277530376},"geometry":{"type":"Polygon","coordinates":[[[30.902459,29.986894],[30.902583,29.986741],[30.902191,29.986494],[30.90209,29.986706],[30.902459,29.986894]]]}},{"type":"Feature","properties":{"source_layer":"Parcel","source_feature_count":1,"PARCEL_TYPE":14,"اسم_المحور":"محور دهشور","اسم_المحافظة":"محافظة الجيزة","نوع_نمط_العمران":"كمبوند","نوع_طبيعة_المنطقة":"قائمة","GlobalID":"{6537F16D-0798-4C0B-B947-EDABC690B088}","SHAPE_Length":160.7673661801319,"SHAPE_Area":1360.0180757851656},"geometry":{"type":"Polygon","coordinates":[[[30.899633,29.988492],[30.89935,29.988322],[30.899071,29.988657],[30.899247,29.988775],[30.899633,29.988492]]]}},{"type":"Feature","properties":{"source_layer":"Parcel","source_feature_count":1,"PARCEL_TYPE":14,"اسم_المحور":"محور دهشور","اسم_المحافظة":"محافظة الجيزة","نوع_نمط_العمران":"كمبوند","نوع_طبيعة_المنطقة":"قائمة","GlobalID":"{33069DEB-2FB1-48B5-A7AA-32B76EDFB719}","SHAPE_Length":136.02127334271168,"SHAPE_Area":1105.7116291862492},"geometry":{"type":"Polygon","coordinates":[[[30.900302,29.989402],[30.900537,29.989121],[30.900372,29.988981],[30.900065,29.989306],[30.900302,29.989402]]]}},{"type":"Feature","properties":{"source_layer":"Parcel","source_feature_count":1,"PARCEL_TYPE":14,"اسم_المحور":"محور دهشور","اسم_المحافظة":"محافظة الجيزة","نوع_نمط_العمران":"اسكان مخطط اقتصادى","نوع_طبيعة_المنطقة":"قائمة","GlobalID":"{34F2E8DC-860D-4FF0-8531-8A28C86923F1}","SHAPE_Length":392.87996384979755,"SHAPE_Area":8860.665426835387},"geometry":{"type":"Polygon","coordinates":[[[30.897242,29.979442],[30.896196,29.978758],[30.895765,29.979273],[30.896816,29.97995],[30.897242,29.979442]]]}},{"type":"Feature","properties":{"source_layer":"Parcel","source_feature_count":1,"PARCEL_TYPE":14,"اسم_المحور":"محور دهشور","اسم_المحافظة":"محافظة الجيزة","نوع_نمط_العمران":"اسكان مخطط اقتصادى","نوع_طبيعة_المنطقة":"قائمة","GlobalID":"{75C64E7E-F326-48AD-8815-107CE7814B79}","SHAPE_Length":341.992832055395,"SHAPE_Area":7285.227945196265},"geometry":{"type":"Polygon","coordinates":[[[30.888514,29.985079],[30.887597,29.984515],[30.887244,29.984964],[30.888056,29.985543],[30.888514,29.985079]]]}},{"type":"Feature","properties":{"source_layer":"Parcel","source_feature_count":1,"PARCEL_TYPE":14,"اسم_المحور":"محور دهشور","اسم_المحافظة":"محافظة الجيزة","نوع_نمط_العمران":"اسكان مخطط اقتصادى","نوع_طبيعة_المنطقة":"قائمة","GlobalID":"{4A42E778-723A-48D4-BB32-45742F938793}","SHAPE_Length":372.29744324277186,"SHAPE_Area":8306.74104466854},"geometry":{"type":"Polygon","coordinates":[[[30.891199,29.986428],[30.890283,29.985857],[30.889825,29.986334],[30.89081,29.986977],[30.891199,29.986428]]]}},{"type":"Feature","properties":{"source_layer":"Parcel","source_feature_count":1,"PARCEL_TYPE":14,"اسم_المحور":"محور دهشور","اسم_المحافظة":"محافظة الجيزة","نوع_نمط_العمران":"اسكان مخطط اقتصادى","نوع_طبيعة_المنطقة":"قائمة","GlobalID":"{3F432FB7-C786-46C4-91E9-8FEA7B19DCAF}","SHAPE_Length":370.86205025291275,"SHAPE_Area":7822.466133793177},"geometry":{"type":"Polygon","coordinates":[[[30.893041,29.984351],[30.892037,29.983721],[30.891625,29.984184],[30.892647,29.984826],[30.893041,29.984351]]]}},{"type":"Feature","properties":{"source_layer":"Parcel","source_feature_count":1,"PARCEL_TYPE":14,"اسم_المحور":"محور دهشور","اسم_المحافظة":"محافظة الجيزة","نوع_نمط_العمران":"اسكان مخطط اقتصادى","نوع_طبيعة_المنطقة":"قائمة","GlobalID":"{3C3D1255-904E-4D1E-BDBE-ED0743099C44}","SHAPE_Length":363.8627798636172,"SHAPE_Area":5865.763242018893},"geometry":{"type":"Polygon","coordinates":[[[30.892953,29.980053],[30.892685,29.980335],[30.893891,29.981089],[30.894104,29.980778],[30.892953,29.980053]]]}},{"type":"Feature","properties":{"source_layer":"Parcel","source_feature_count":1,"PARCEL_TYPE":14,"اسم_المحور":"محور دهشور","اسم_المحافظة":"محافظة الجيزة","نوع_نمط_العمران":"اسكان مخطط اقتصادى","نوع_طبيعة_المنطقة":"قائمة","GlobalID":"{0B3848CF-9A43-4AB6-879D-604919026910}","SHAPE_Length":367.45335523315373,"SHAPE_Area":6126.792685289878},"geometry":{"type":"Polygon","coordinates":[[[30.893284,29.981837],[30.893499,29.981559],[30.892292,29.980814],[30.892063,29.98114],[30.893284,29.981837]]]}},{"type":"Feature","properties":{"source_layer":"Parcel","source_feature_count":1,"PARCEL_TYPE":14,"اسم_المحور":"محور دهشور","اسم_المحافظة":"محافظة الجيزة","نوع_نمط_العمران":"اسكان مخطط اقتصادى","نوع_طبيعة_المنطقة":"قائمة","GlobalID":"{D87CEA5F-E001-422B-B31B-C976223341F3}","SHAPE_Length":363.72276349729407,"SHAPE_Area":8144.846270079445},"geometry":{"type":"Polygon","coordinates":[[[30.896657,29.975403],[30.895785,29.974879],[30.895297,29.975368],[30.896253,29.975957],[30.896657,29.975403]]]}},{"type":"Feature","properties":{"source_layer":"Parcel","source_feature_count":1,"PARCEL_TYPE":14,"اسم_المحور":"محور دهشور","اسم_المحافظة":"محافظة الجيزة","نوع_نمط_العمران":"اسكان مخطط اقتصادى","نوع_طبيعة_المنطقة":"قائمة","GlobalID":"{2461E7BD-F879-4968-BE2C-07B7FDE930A0}","SHAPE_Length":380.08121569982757,"SHAPE_Area":6466.462864550818},"geometry":{"type":"Polygon","coordinates":[[[30.886436,29.973051],[30.886128,29.972856],[30.886438,29.972485],[30.885923,29.972161],[30.885856,29.972242],[30.885693,29.972139],[30.885322,29.972585],[30.886295,29.973215],[30.886436,29.973051]]]}},{"type":"Feature","properties":{"source_layer":"Parcel","source_feature_count":1,"PARCEL_TYPE":14,"اسم_المحور":"محور دهشور","اسم_المحافظة":"محافظة الجيزة","نوع_نمط_العمران":"اسكان مخطط اقتصادى","نوع_طبيعة_المنطقة":"قائمة","GlobalID":"{C933E0D4-B245-450E-A275-63775E7F137F}","SHAPE_Length":768.1912822792143,"SHAPE_Area":32634.461071224043},"geometry":{"type":"Polygon","coordinates":[[[30.890284,29.977522],[30.888485,29.979596],[30.888995,29.979964],[30.889428,29.980045],[30.889651,29.979951],[30.890992,29.97837],[30.890933,29.977978],[30.890284,29.977522]]]}},{"type":"Feature","properties":{"source_layer":"Parcel","source_feature_count":1,"PARCEL_TYPE":14,"اسم_المحور":"محور دهشور","اسم_المحافظة":"محافظة الجيزة","نوع_نمط_العمران":"اسكان مخطط اقتصادى","نوع_طبيعة_المنطقة":"قائمة","GlobalID":"{26CEB9B6-6BC6-481A-894E-7FE0974A60E9}","SHAPE_Length":326.8713748777357,"SHAPE_Area":4694.305539731646},"geometry":{"type":"Polygon","coordinates":[[[30.884882,29.974974],[30.883899,29.974251],[30.883618,29.974487],[30.884708,29.975182],[30.884882,29.974974]]]}},{"type":"Feature","properties":{"source_layer":"Parcel","source_feature_count":1,"PARCEL_TYPE":14,"اسم_المحور":"محور دهشور","اسم_المحافظة":"محافظة الجيزة","نوع_نمط_العمران":"اسكان مخطط اقتصادى","نوع_طبيعة_المنطقة":"قائمة","GlobalID":"{F98FF200-0E48-4BC8-8E16-25AF90352F01}","SHAPE_Length":335.2122713806585,"SHAPE_Area":5340.793142887841},"geometry":{"type":"Polygon","coordinates":[[[30.884318,29.97565],[30.883233,29.974958],[30.883033,29.975201],[30.884008,29.975924],[30.884318,29.97565]]]}},{"type":"Feature","properties":{"source_layer":"Parcel","source_feature_count":1,"PARCEL_TYPE":14,"اسم_المحور":"محور دهشور","اسم_المحافظة":"محافظة الجيزة","نوع_نمط_العمران":"اسكان مخطط اقتصادى","نوع_طبيعة_المنطقة":"قائمة","GlobalID":"{F8D162F5-7020-42D9-8689-3991CF91F01E}","SHAPE_Length":1064.7730350808597,"SHAPE_Area":69962.6921265241},"geometry":{"type":"Polygon","coordinates":[[[30.889736,29.977152],[30.887793,29.975888],[30.885941,29.978021],[30.887937,29.979302],[30.889736,29.977152]]]}},{"type":"Feature","properties":{"source_layer":"Parcel","source_feature_count":1,"PARCEL_TYPE":14,"اسم_المحور":"محور دهشور","اسم_المحافظة":"محافظة الجيزة","نوع_نمط_العمران":"اسكان مخطط اقتصادى","نوع_طبيعة_المنطقة":"قائمة","GlobalID":"{870A2069-7F28-405B-8DE9-396D1FE9FBE3}","SHAPE_Length":768.0711091718189,"SHAPE_Area":32620.60593715399},"geometry":{"type":"Polygon","coordinates":[[[30.887204,29.975501],[30.886573,29.975145],[30.88608,29.975193],[30.88478,29.976716],[30.884713,29.976998],[30.884863,29.977309],[30.885453,29.977634],[30.887204,29.975501]]]}},{"type":"Feature","properties":{"source_layer":"Parcel","source_feature_count":1,"PARCEL_TYPE":14,"اسم_المحور":"محور دهشور","اسم_المحافظة":"محافظة الجيزة","نوع_نمط_العمران":"اسكان مخطط اقتصادى","نوع_طبيعة_المنطقة":"قائمة","GlobalID":"{5F02BDD3-A06E-4C3E-9E17-948565F497B2}","SHAPE_Length":453.1473305160564,"SHAPE_Area":7077.078194851861},"geometry":{"type":"Polygon","coordinates":[[[30.882259,29.978004],[30.881938,29.977795],[30.882152,29.977569],[30.882461,29.977764],[30.882584,29.977617],[30.881588,29.976976],[30.881157,29.977481],[30.882161,29.978119],[30.882259,29.978004]]]}},{"type":"Feature","properties":{"source_layer":"Parcel","source_feature_count":1,"PARCEL_TYPE":14,"اسم_المحور":"محور دهشور","اسم_المحافظة":"محافظة الجيزة","نوع_نمط_العمران":"اسكان مخطط اقتصادى","نوع_طبيعة_المنطقة":"قائمة","GlobalID":"{F402F405-D6A8-41DC-B78B-AB2AB023793A}","SHAPE_Length":804.7399853752244,"SHAPE_Area":39270.54492371959},"geometry":{"type":"Polygon","coordinates":[[[30.888041,29.97973],[30.885576,29.978129],[30.885328,29.978193],[30.885144,29.978662],[30.885174,29.979237],[30.885406,29.979689],[30.885879,29.980092],[30.886513,29.980305],[30.887075,29.980306],[30.8877,29.980088],[30.888041,29.97973]]]}},{"type":"Feature","properties":{"source_layer":"Parcel","source_feature_count":1,"PARCEL_TYPE":14,"اسم_المحور":"محور دهشور","اسم_المحافظة":"محافظة الجيزة","نوع_نمط_العمران":"اسكان مخطط اقتصادى","نوع_طبيعة_المنطقة":"قائمة","GlobalID":"{67CC9BB6-AF72-49CE-8A75-1F94A6BCAF56}","SHAPE_Length":334.77405665399743,"SHAPE_Area":6468.995746489306},"geometry":{"type":"Polygon","coordinates":[[[30.887339,29.970222],[30.888293,29.970854],[30.888705,29.970338],[30.888205,29.970076],[30.887339,29.970222]]]}},{"type":"Feature","properties":{"source_layer":"Parcel","source_feature_count":1,"PARCEL_TYPE":14,"اسم_المحور":"محور دهشور","اسم_المحافظة":"محافظة الجيزة","نوع_نمط_العمران":"اسكان مخطط اقتصادى","نوع_طبيعة_المنطقة":"قائمة","GlobalID":"{2C0630BF-F388-4D27-B801-287F3D2AE3CE}","SHAPE_Length":430.938193816445,"SHAPE_Area":8477.565272826592},"geometry":{"type":"Polygon","coordinates":[[[30.882792,29.980834],[30.882892,29.980899],[30.88309,29.980678],[30.883389,29.980853],[30.883551,29.980611],[30.883256,29.979979],[30.882798,29.979778],[30.882484,29.979858],[30.882221,29.980112],[30.882989,29.980607],[30.882792,29.980834]]]}},{"type":"Feature","properties":{"source_layer":"Parcel","source_feature_count":1,"PARCEL_TYPE":14,"اسم_المحور":"محور دهشور","اسم_المحافظة":"محافظة الجيزة","نوع_نمط_العمران":"اسكان مخطط اقتصادى","نوع_طبيعة_المنطقة":"قائمة","GlobalID":"{65B4EEA8-4307-4327-BF2C-DDD3E57BCBA9}","SHAPE_Length":109.54330911832538,"SHAPE_Area":749.9474033840692},"geometry":{"type":"Polygon","coordinates":[[[30.890177,29.984384],[30.890249,29.984298],[30.889981,29.984115],[30.889817,29.984315],[30.890177,29.984384]]]}},{"type":"Feature","properties":{"source_layer":"Parcel","source_feature_count":1,"PARCEL_TYPE":9,"اسم_المحور":"محور دهشور","اسم_المحافظة":"محافظة الجيزة","نوع_نمط_العمران":"اسكان مخطط اقتصادى","نوع_طبيعة_المنطقة":"قائمة","GlobalID":"{987712CA-C142-4058-9B8B-A59B90A0C524}","SHAPE_Length":547.2237323516121,"SHAPE_Area":15299.056579428008},"geometry":{"type":"Polygon","coordinates":[[[30.89076,29.970747],[30.890427,29.971255],[30.891993,29.972302],[30.892153,29.972286],[30.892484,29.971787],[30.89089,29.970735],[30.89076,29.970747]]]}},{"type":"Feature","properties":{"source_layer":"Parcel","source_feature_count":1,"PARCEL_TYPE":9,"اسم_المحور":"محور دهشور","اسم_المحافظة":"محافظة الجيزة","نوع_نمط_العمران":"اسكان مخطط اقتصادى","نوع_طبيعة_المنطقة":"قائمة","GlobalID":"{6276DE6D-0EFA-4CFF-92EB-417103F5FA3E}","SHAPE_Length":368.8547600575597,"SHAPE_Area":7201.338093370075},"geometry":{"type":"Polygon","coordinates":[[[30.882906,29.975342],[30.882569,29.975736],[30.88366,29.976437],[30.88397,29.97603],[30.882906,29.975342]]]}},{"type":"Feature","properties":{"source_layer":"Parcel","source_feature_count":1,"PARCEL_TYPE":9,"اسم_المحور":"محور دهشور","اسم_المحافظة":"محافظة الجيزة","نوع_نمط_العمران":"اسكان مخطط اقتصادى","نوع_طبيعة_المنطقة":"قائمة","GlobalID":"{CB27B52A-26F9-4474-8FB3-E80348FDFFC1}","SHAPE_Length":642.3366940348931,"SHAPE_Area":16769.252639977774},"geometry":{"type":"Polygon","coordinates":[[[30.885356,29.974596],[30.883747,29.976501],[30.884113,29.976719],[30.884373,29.976691],[30.885815,29.974993],[30.885721,29.974695],[30.885356,29.974596]]]}},{"type":"Feature","properties":{"source_layer":"Parcel","source_feature_count":1,"PARCEL_TYPE":9,"اسم_المحور":"محور دهشور","اسم_المحافظة":"محافظة الجيزة","نوع_نمط_العمران":"اسكان مخطط اقتصادى","نوع_طبيعة_المنطقة":"قائمة","GlobalID":"{98448B40-D767-4ACA-8906-B3B18D1F7A85}","SHAPE_Length":304.3125965591324,"SHAPE_Area":6179.117442610072},"geometry":{"type":"Polygon","coordinates":[[[30.880985,29.977924],[30.880249,29.977413],[30.880019,29.977773],[30.8801,29.978157],[30.880594,29.978401],[30.880985,29.977924]]]}},{"type":"Feature","properties":{"source_layer":"Parcel","source_feature_count":1,"PARCEL_TYPE":9,"اسم_المحور":"محور دهشور","اسم_المحافظة":"محافظة الجيزة","نوع_نمط_العمران":"اسكان مخطط اقتصادى","نوع_طبيعة_المنطقة":"قائمة","GlobalID":"{792E7028-638D-43D2-AF63-A3269A1AB5B0}","SHAPE_Length":531.8756758049566,"SHAPE_Area":13944.45799458989},"geometry":{"type":"Polygon","coordinates":[[[30.889693,29.97003],[30.888632,29.969407],[30.887758,29.969383],[30.887865,29.969971],[30.888526,29.970065],[30.889476,29.970646],[30.889758,29.970282],[30.889693,29.97003]]]}},{"type":"Feature","properties":{"source_layer":"Parcel","source_feature_count":1,"PARCEL_TYPE":9,"اسم_المحور":"محور دهشور","اسم_المحافظة":"محافظة الجيزة","نوع_نمط_العمران":"كمبوند","نوع_طبيعة_المنطقة":"قائمة","GlobalID":"{2B7ABF9A-52F5-4FEA-8ECC-89CA6F8E29D8}","SHAPE_Length":414.4333306714099,"SHAPE_Area":9954.621984070613},"geometry":{"type":"Polygon","coordinates":[[[30.936467,29.932473],[30.935841,29.93255],[30.935849,29.933247],[30.936329,29.933778],[30.936895,29.933553],[30.936571,29.933091],[30.936467,29.932473]]]}},{"type":"Feature","properties":{"source_layer":"Parcel","source_feature_count":1,"PARCEL_TYPE":9,"اسم_المحور":"محور دهشور","اسم_المحافظة":"محافظة الجيزة","نوع_نمط_العمران":"كمبوند","نوع_طبيعة_المنطقة":"قائمة","GlobalID":"{EB35E50D-7E1D-4B89-87A4-7EA546C1A924}","SHAPE_Length":609.7086189223897,"SHAPE_Area":17310.16592785376},"geometry":{"type":"Polygon","coordinates":[[[30.938323,29.932215],[30.938056,29.931632],[30.935828,29.931783],[30.935791,29.932391],[30.937838,29.932352],[30.938323,29.932215]]]}},{"type":"Feature","properties":{"source_layer":"Parcel","source_feature_count":1,"PARCEL_TYPE":9,"اسم_المحور":"محور دهشور","اسم_المحافظة":"محافظة الجيزة","نوع_نمط_العمران":"كمبوند","نوع_طبيعة_المنطقة":"قائمة","GlobalID":"{41C0F8BA-CA23-4BC3-A7F0-4026B59A17EA}","SHAPE_Length":400.34788326674214,"SHAPE_Area":10738.088850350585},"geometry":{"type":"Polygon","coordinates":[[[30.940288,29.93166],[30.939179,29.932039],[30.939484,29.932693],[30.940548,29.932437],[30.940288,29.93166]]]}},{"type":"Feature","properties":{"source_layer":"Parcel","source_feature_count":1,"PARCEL_TYPE":9,"اسم_المحور":"محور دهشور","اسم_المحافظة":"محافظة الجيزة","نوع_نمط_العمران":"كمبوند","نوع_طبيعة_المنطقة":"قائمة","GlobalID":"{1AEBF417-C453-4112-8903-33437B3623FD}","SHAPE_Length":1004.4514750262842,"SHAPE_Area":37389.09621913476},"geometry":{"type":"Polygon","coordinates":[[[30.937228,29.934507],[30.936907,29.933716],[30.936269,29.933845],[30.935816,29.933528],[30.935675,29.931811],[30.934791,29.931791],[30.934916,29.933519],[30.935669,29.934698],[30.936034,29.934896],[30.937228,29.934507]]]}},{"type":"Feature","properties":{"source_layer":"Parcel","source_feature_count":1,"PARCEL_TYPE":14,"اسم_المحور":"محور دهشور","اسم_المحافظة":"محافظة الجيزة","نوع_نمط_العمران":"كمبوند","نوع_طبيعة_المنطقة":"قائمة","GlobalID":"{CAB4A032-1F0D-45A8-A664-D4B570CE9F8F}","SHAPE_Length":622.8684101925685,"SHAPE_Area":20351.225266394522},"geometry":{"type":"Polygon","coordinates":[[[30.939333,29.933825],[30.939033,29.933021],[30.936907,29.933716],[30.937228,29.934507],[30.939333,29.933825]]]}},{"type":"Feature","properties":{"source_layer":"Parcel","source_feature_count":1,"PARCEL_TYPE":9,"اسم_المحور":"محور دهشور","اسم_المحافظة":"محافظة الجيزة","نوع_نمط_العمران":"كمبوند","نوع_طبيعة_المنطقة":"قائمة","GlobalID":"{AC7CBB8D-9410-42AE-A711-8730BD3B330C}","SHAPE_Length":338.9510156017775,"SHAPE_Area":5444.606457463218},"geometry":{"type":"Polygon","coordinates":[[[30.937066,29.932515],[30.936577,29.932532],[30.936625,29.933054],[30.937032,29.933572],[30.937462,29.933435],[30.937087,29.932954],[30.937066,29.932515]]]}},{"type":"Feature","properties":{"source_layer":"Parcel","source_feature_count":1,"PARCEL_TYPE":14,"اسم_المحور":"محور دهشور","اسم_المحافظة":"محافظة الجيزة","نوع_نمط_العمران":"كمبوند","نوع_طبيعة_المنطقة":"قائمة","GlobalID":"{73645BE9-F457-457D-8727-D812F644BD40}","SHAPE_Length":602.4015022890103,"SHAPE_Area":19502.247081397618},"geometry":{"type":"Polygon","coordinates":[[[30.937067,29.932487],[30.937087,29.932954],[30.937462,29.933435],[30.939418,29.932817],[30.939021,29.932101],[30.937827,29.932449],[30.937067,29.932487]]]}},{"type":"Feature","properties":{"source_layer":"Parcel","source_feature_count":1,"PARCEL_TYPE":9,"اسم_المحور":"محور دهشور","اسم_المحافظة":"محافظة الجيزة","نوع_نمط_العمران":"كمبوند","نوع_طبيعة_المنطقة":"قائمة","GlobalID":"{CFD54B6C-BFD5-4192-8AB6-0C5290744DD0}","SHAPE_Length":499.433910840141,"SHAPE_Area":12903.837140156902},"geometry":{"type":"Polygon","coordinates":[[[30.940025,29.931049],[30.938312,29.931545],[30.938471,29.932126],[30.940275,29.931624],[30.940025,29.931049]]]}},{"type":"Feature","properties":{"source_layer":"Parcel","source_feature_count":1,"PARCEL_TYPE":9,"اسم_المحور":"محور دهشور","اسم_المحافظة":"محافظة الجيزة","نوع_نمط_العمران":"كمبوند","نوع_طبيعة_المنطقة":"قائمة","GlobalID":"{AF6104D1-FE60-4270-B4FA-C16587377E50}","SHAPE_Length":803.4462132579159,"SHAPE_Area":37326.544256945126},"geometry":{"type":"Polygon","coordinates":[[[30.918276,29.981373],[30.917534,29.982182],[30.917503,29.982408],[30.917634,29.982592],[30.918867,29.983314],[30.920706,29.983054],[30.920675,29.98283],[30.918276,29.981373]]]}},{"type":"Feature","properties":{"source_layer":"Parcel","source_feature_count":1,"PARCEL_TYPE":9,"اسم_المحور":"محور دهشور","اسم_المحافظة":"محافظة الجيزة","نوع_نمط_العمران":"كمبوند","نوع_طبيعة_المنطقة":"قائمة","GlobalID":"{06A3529A-E091-43C5-94DB-E08446D97588}","SHAPE_Length":232.79109533036092,"SHAPE_Area":3251.344251609624},"geometry":{"type":"Polygon","coordinates":[[[30.920422,29.982132],[30.920202,29.982436],[30.920785,29.982818],[30.921078,29.982531],[30.920422,29.982132]]]}},{"type":"Feature","properties":{"source_layer":"Parcel","source_feature_count":1,"PARCEL_TYPE":9,"اسم_المحور":"محور دهشور","اسم_المحافظة":"محافظة الجيزة","نوع_نمط_العمران":"كمبوند","نوع_طبيعة_المنطقة":"قائمة","GlobalID":"{ED5567DE-1208-450D-9626-F8FF732EC27D}","SHAPE_Length":507.4371153347015,"SHAPE_Area":9559.945567861363},"geometry":{"type":"Polygon","coordinates":[[[30.918564,29.980917],[30.918376,29.981276],[30.920026,29.982331],[30.920155,29.982318],[30.920337,29.982031],[30.918564,29.980917]]]}},{"type":"Feature","properties":{"source_layer":"Parcel","source_feature_count":1,"PARCEL_TYPE":9,"اسم_المحور":"محور دهشور","اسم_المحافظة":"محافظة الجيزة","نوع_نمط_العمران":"كمبوند","نوع_طبيعة_المنطقة":"قائمة","GlobalID":"{EF0E0FD6-C81B-4563-BC80-D819F5B94965}","SHAPE_Length":1660.0367787510033,"SHAPE_Area":43653.29429035948},"geometry":{"type":"Polygon","coordinates":[[[30.920308,29.98362],[30.921607,29.98346],[30.921381,29.98285],[30.921078,29.982531],[30.920785,29.982818],[30.920706,29.983182],[30.919053,29.98343],[30.918665,29.98334],[30.917476,29.982569],[30.917429,29.982175],[30.918307,29.981221],[30.918433,29.980833],[30.918039,29.980894],[30.917033,29.982057],[30.916974,29.982512],[30.917231,29.982954],[30.919741,29.984541],[30.920384,29.984176],[30.920308,29.98362]]]}},{"type":"Feature","properties":{"source_layer":"Parcel","source_feature_count":1,"PARCEL_TYPE":9,"اسم_المحور":"محور دهشور","اسم_المحافظة":"محافظة الجيزة","نوع_نمط_العمران":"كمبوند","نوع_طبيعة_المنطقة":"قائمة","GlobalID":"{2D9A18D3-A159-49D6-A332-146678A47BAE}","SHAPE_Length":515.2938029911411,"SHAPE_Area":15130.857510671112},"geometry":{"type":"Polygon","coordinates":[[[30.920063,29.987037],[30.919985,29.98664],[30.918946,29.985962],[30.918335,29.986657],[30.919655,29.987499],[30.920063,29.987037]]]}},{"type":"Feature","properties":{"source_layer":"Parcel","source_feature_count":1,"PARCEL_TYPE":9,"اسم_المحور":"محور دهشور","اسم_المحافظة":"محافظة الجيزة","نوع_نمط_العمران":"كمبوند","نوع_طبيعة_المنطقة":"قائمة","GlobalID":"{39501DEE-47B3-4B23-8A30-696F254AEDE3}","SHAPE_Length":459.88656733795165,"SHAPE_Area":13599.614618635133},"geometry":{"type":"Polygon","coordinates":[[[30.918988,29.985722],[30.9181,29.985155],[30.91739,29.986106],[30.918158,29.986636],[30.918988,29.985722]]]}},{"type":"Feature","properties":{"source_layer":"Parcel","source_feature_count":1,"PARCEL_TYPE":9,"اسم_المحور":"محور دهشور","اسم_المحافظة":"محافظة الجيزة","نوع_نمط_العمران":"كمبوند","نوع_طبيعة_المنطقة":"قائمة","GlobalID":"{6AAF17E5-B3CD-4CBE-BB69-A815C391D8C9}","SHAPE_Length":771.3892244750432,"SHAPE_Area":22516.435662064796},"geometry":{"type":"Polygon","coordinates":[[[30.919436,29.98533],[30.918999,29.985861],[30.920127,29.986629],[30.920208,29.987088],[30.919849,29.987625],[30.920385,29.987925],[30.920955,29.987302],[30.920753,29.986229],[30.919436,29.98533]]]}},{"type":"Feature","properties":{"source_layer":"Parcel","source_feature_count":1,"PARCEL_TYPE":9,"اسم_المحور":"محور دهشور","اسم_المحافظة":"محافظة الجيزة","نوع_نمط_العمران":"خدمات ","نوع_طبيعة_المنطقة":"قائمة","GlobalID":"{1128A540-B4B4-45E7-922A-99EC271A06FA}","SHAPE_Length":496.13909963801467,"SHAPE_Area":15223.223788795818},"geometry":{"type":"Polygon","coordinates":[[[30.925762,29.982258],[30.924971,29.982833],[30.925398,29.983937],[30.926271,29.9838],[30.92609,29.982721],[30.925762,29.982258]]]}},{"type":"Feature","properties":{"source_layer":"Parcel","source_feature_count":1,"PARCEL_TYPE":9,"اسم_المحور":"محور دهشور","اسم_المحافظة":"محافظة الجيزة","نوع_نمط_العمران":"كمبوند","نوع_طبيعة_المنطقة":"تحت الانشاء","GlobalID":"{157C99F3-A604-4A0F-B5EB-F50837F25B57}","SHAPE_Length":390.12524119787867,"SHAPE_Area":9942.769692174514},"geometry":{"type":"Polygon","coordinates":[[[30.92328,29.981016],[30.923078,29.981252],[30.923105,29.981544],[30.923966,29.9821],[30.924482,29.981503],[30.923642,29.98096],[30.92328,29.981016]]]}},{"type":"Feature","properties":{"source_layer":"Parcel","source_feature_count":1,"PARCEL_TYPE":9,"اسم_المحور":"محور دهشور","اسم_المحافظة":"محافظة الجيزة","نوع_نمط_العمران":"كمبوند","نوع_طبيعة_المنطقة":"قائمة","GlobalID":"{B5BDDBE9-52BD-43A4-805A-500F79614666}","SHAPE_Length":1223.1783005273487,"SHAPE_Area":32826.29782904814},"geometry":{"type":"Polygon","coordinates":[[[31.061816,29.898671],[31.060266,29.898594],[31.059722,29.898444],[31.05908,29.898076],[31.057737,29.896974],[31.05734,29.897035],[31.056855,29.897409],[31.057061,29.89775],[31.057493,29.897586],[31.057814,29.897636],[31.058891,29.898639],[31.059853,29.899051],[31.061844,29.899195],[31.062091,29.898879],[31.061816,29.898671]]]}},{"type":"Feature","properties":{"source_layer":"Parcel","source_feature_count":1,"PARCEL_TYPE":9,"اسم_المحور":"محور دهشور","اسم_المحافظة":"محافظة الجيزة","نوع_نمط_العمران":"كمبوند","نوع_طبيعة_المنطقة":"قائمة","GlobalID":"{496C22A9-599E-4285-B1D8-1C2CC32C27C6}","SHAPE_Length":949.7568563954226,"SHAPE_Area":25509.03643291678},"geometry":{"type":"Polygon","coordinates":[[[31.054511,29.903278],[31.054236,29.902103],[31.05407,29.902003],[31.050899,29.902207],[31.050704,29.902336],[31.050845,29.902703],[31.053432,29.90257],[31.053685,29.902747],[31.054053,29.903401],[31.054511,29.903278]]]}},{"type":"Feature","properties":{"source_layer":"Parcel","source_feature_count":1,"PARCEL_TYPE":9,"اسم_المحور":"محور دهشور","اسم_المحافظة":"محافظة الجيزة","نوع_نمط_العمران":"كمبوند","نوع_طبيعة_المنطقة":"قائمة","GlobalID":"{E31F0D0F-E474-4982-BB21-FE1389088FFD}","SHAPE_Length":388.38364671376223,"SHAPE_Area":7716.976514723564},"geometry":{"type":"Polygon","coordinates":[[[31.054709,29.901963],[31.054335,29.902071],[31.0546,29.903236],[31.054736,29.903328],[31.05511,29.903292],[31.054914,29.902213],[31.054709,29.901963]]]}},{"type":"Feature","properties":{"source_layer":"Parcel","source_feature_count":1,"PARCEL_TYPE":9,"اسم_المحور":"محور دهشور","اسم_المحافظة":"محافظة الجيزة","نوع_نمط_العمران":"كمبوند","نوع_طبيعة_المنطقة":"قائمة","GlobalID":"{8A74810D-592D-4BA4-AE90-D03C4C01156E}","SHAPE_Length":904.3585874794405,"SHAPE_Area":22241.493444225554},"geometry":{"type":"Polygon","coordinates":[[[31.055377,29.904161],[31.055204,29.903988],[31.052685,29.904118],[31.052329,29.903876],[31.052138,29.90335],[31.051784,29.903341],[31.051633,29.903481],[31.051863,29.90421],[31.052592,29.904613],[31.055256,29.904454],[31.055386,29.90438],[31.055377,29.904161]]]}},{"type":"Feature","properties":{"source_layer":"Parcel","source_feature_count":1,"PARCEL_TYPE":9,"اسم_المحور":"محور دهشور","اسم_المحافظة":"محافظة الجيزة","نوع_نمط_العمران":"اسكان اجتماعى شباب","نوع_طبيعة_المنطقة":"قائمة","GlobalID":"{C8497D68-4074-42E5-B9A4-C33ADFF8EE43}","SHAPE_Length":419.022688554175,"SHAPE_Area":6284.724689192962},"geometry":{"type":"Polygon","coordinates":[[[31.030841,29.92437],[31.031084,29.924107],[31.030707,29.923862],[31.03109,29.923425],[31.03067,29.923154],[31.030285,29.923601],[31.03039,29.923703],[31.030068,29.923862],[31.030841,29.92437]]]}},{"type":"Feature","properties":{"source_layer":"Parcel","source_feature_count":1,"PARCEL_TYPE":9,"اسم_المحور":"محور دهشور","اسم_المحافظة":"محافظة الجيزة","نوع_نمط_العمران":"كمبوند","نوع_طبيعة_المنطقة":"قائمة","GlobalID":"{256E6545-2936-4B00-8D50-348F6A4C142C}","SHAPE_Length":758.9556547718931,"SHAPE_Area":31788.24227857561},"geometry":{"type":"Polygon","coordinates":[[[31.041819,29.923158],[31.040944,29.92393],[31.043255,29.925433],[31.043721,29.924984],[31.043687,29.924499],[31.041819,29.923158]]]}},{"type":"Feature","properties":{"source_layer":"Parcel","source_feature_count":1,"PARCEL_TYPE":9,"اسم_المحور":"محور دهشور","اسم_المحافظة":"محافظة الجيزة","نوع_نمط_العمران":"كمبوند","نوع_طبيعة_المنطقة":"تحت الانشاء","GlobalID":"{894BD837-CD2A-45E4-A57A-E8B3EBC7971F}","SHAPE_Length":440.21562515892026,"SHAPE_Area":12512.528156771252},"geometry":{"type":"Polygon","coordinates":[[[31.032092,29.918003],[31.0323,29.917841],[31.032259,29.917182],[31.030839,29.917235],[31.030917,29.917971],[31.032092,29.918003]]]}},{"type":"Feature","properties":{"source_layer":"Parcel","source_feature_count":1,"PARCEL_TYPE":9,"اسم_المحور":"محور دهشور","اسم_المحافظة":"محافظة الجيزة","نوع_نمط_العمران":"كمبوند","نوع_طبيعة_المنطقة":"تحت الانشاء","GlobalID":"{C248E264-23E3-4979-A36F-AC8974ABA895}","SHAPE_Length":627.0072534323002,"SHAPE_Area":16172.229451300398},"geometry":{"type":"Polygon","coordinates":[[[31.031712,29.918895],[31.03171,29.918076],[31.030835,29.918037],[31.030692,29.917241],[31.030299,29.917232],[31.030367,29.918929],[31.031712,29.918895]]]}},{"type":"Feature","properties":{"source_layer":"Parcel","source_feature_count":1,"PARCEL_TYPE":9,"اسم_المحور":"محور دهشور","اسم_المحافظة":"محافظة الجيزة","نوع_نمط_العمران":"كمبوند","نوع_طبيعة_المنطقة":"تحت الانشاء","GlobalID":"{9661D849-85E1-4C39-9E64-183181895CEE}","SHAPE_Length":698.0369720958372,"SHAPE_Area":24826.5349854599},"geometry":{"type":"Polygon","coordinates":[[[31.027982,29.917812],[31.030139,29.917698],[31.030113,29.917272],[31.029499,29.917101],[31.029428,29.91679],[31.029573,29.916514],[31.029199,29.916169],[31.027823,29.917255],[31.027837,29.917662],[31.027982,29.917812]]]}},{"type":"Feature","properties":{"source_layer":"Parcel","source_feature_count":1,"PARCEL_TYPE":9,"اسم_المحور":"محور دهشور","اسم_المحافظة":"محافظة الجيزة","نوع_نمط_العمران":"كمبوند","نوع_طبيعة_المنطقة":"تحت الانشاء","GlobalID":"{C3EB119D-0671-45AF-A55E-CF03CBE0114D}","SHAPE_Length":644.8271050972086,"SHAPE_Area":15949.56502731971},"geometry":{"type":"Polygon","coordinates":[[[31.02957,29.915327],[31.030208,29.914818],[31.029652,29.914317],[31.028473,29.915252],[31.029759,29.916387],[31.030003,29.916181],[31.029498,29.915636],[31.02957,29.915327]]]}},{"type":"Feature","properties":{"source_layer":"Parcel","source_feature_count":1,"PARCEL_TYPE":9,"اسم_المحور":"محور دهشور","اسم_المحافظة":"محافظة الجيزة","نوع_نمط_العمران":"كمبوند","نوع_طبيعة_المنطقة":"تحت الانشاء","GlobalID":"{871F4E05-D317-440E-A28B-EC7FC8EBE031}","SHAPE_Length":100.31733213926411,"SHAPE_Area":513.3892501777908},"geometry":{"type":"Polygon","coordinates":[[[31.031855,29.917055],[31.031854,29.91693],[31.031483,29.916933],[31.031484,29.917064],[31.031855,29.917055]]]}},{"type":"Feature","properties":{"source_layer":"Parcel","source_feature_count":1,"PARCEL_TYPE":9,"اسم_المحور":"محور دهشور","اسم_المحافظة":"محافظة الجيزة","نوع_نمط_العمران":"كمبوند","نوع_طبيعة_المنطقة":"تحت الانشاء","GlobalID":"{63CDFA7E-0067-4AFF-BE56-71C3AC5CD3DC}","SHAPE_Length":521.9821128014859,"SHAPE_Area":14407.44809837355},"geometry":{"type":"Polygon","coordinates":[[[31.034995,29.917417],[31.034894,29.916988],[31.033107,29.917139],[31.032944,29.917267],[31.032957,29.917759],[31.034693,29.917741],[31.034917,29.91763],[31.034995,29.917417]]]}},{"type":"Feature","properties":{"source_layer":"Parcel","source_feature_count":1,"PARCEL_TYPE":9,"اسم_المحور":"محور دهشور","اسم_المحافظة":"محافظة الجيزة","نوع_نمط_العمران":"كمبوند","نوع_طبيعة_المنطقة":"تحت الانشاء","GlobalID":"{74756FB3-F663-4B29-868F-7DA2573B1ED4}","SHAPE_Length":716.8587191286712,"SHAPE_Area":25406.67851619043},"geometry":{"type":"Polygon","coordinates":[[[31.034061,29.916559],[31.032092,29.915244],[31.031688,29.915678],[31.032062,29.915926],[31.03213,29.917046],[31.034168,29.916942],[31.034061,29.916559]]]}},{"type":"Feature","properties":{"source_layer":"Parcel","source_feature_count":1,"PARCEL_TYPE":9,"اسم_المحور":"محور دهشور","اسم_المحافظة":"محافظة الجيزة","نوع_نمط_العمران":"كمبوند","نوع_طبيعة_المنطقة":"قائمة","GlobalID":"{E46D7967-BA95-47F9-9238-E7488125B033}","SHAPE_Length":727.7819721027352,"SHAPE_Area":21493.428101919377},"geometry":{"type":"Polygon","coordinates":[[[31.07455,29.905441],[31.07423,29.905138],[31.073885,29.905415],[31.07364,29.905183],[31.071823,29.906666],[31.072447,29.907144],[31.07455,29.905441]]]}},{"type":"Feature","properties":{"source_layer":"Parcel","source_feature_count":1,"PARCEL_TYPE":9,"اسم_المحور":"محور دهشور","اسم_المحافظة":"محافظة الجيزة","نوع_نمط_العمران":"كمبوند","نوع_طبيعة_المنطقة":"قائمة","GlobalID":"{61E90A2F-265A-48DE-AFC1-A8FDBFDAB9DE}","SHAPE_Length":407.79615233745733,"SHAPE_Area":9489.65263574168},"geometry":{"type":"Polygon","coordinates":[[[31.071958,29.903534],[31.071014,29.90263],[31.070492,29.903052],[31.071486,29.90393],[31.071958,29.903534]]]}},{"type":"Feature","properties":{"source_layer":"Parcel","source_feature_count":1,"PARCEL_TYPE":9,"اسم_المحور":"محور دهشور","اسم_المحافظة":"محافظة الجيزة","نوع_نمط_العمران":"كمبوند","نوع_طبيعة_المنطقة":"قائمة","GlobalID":"{A305D800-95AF-4C3A-AC10-2E749C2F32FF}","SHAPE_Length":459.1903680140237,"SHAPE_Area":11277.758133241789},"geometry":{"type":"Polygon","coordinates":[[[31.072481,29.905126],[31.071261,29.906099],[31.071689,29.906538],[31.072949,29.905567],[31.072481,29.905126]]]}},{"type":"Feature","properties":{"source_layer":"Parcel","source_feature_count":1,"PARCEL_TYPE":9,"اسم_المحور":"محور دهشور","اسم_المحافظة":"محافظة الجيزة","نوع_نمط_العمران":"كمبوند","نوع_طبيعة_المنطقة":"قائمة","GlobalID":"{6F5BA1AD-52CA-42C7-9276-34A36581C087}","SHAPE_Length":471.4994760467504,"SHAPE_Area":11375.330798783874},"geometry":{"type":"Polygon","coordinates":[[[31.071636,29.905671],[31.070449,29.904548],[31.069916,29.904972],[31.071142,29.906051],[31.071636,29.905671]]]}},{"type":"Feature","properties":{"source_layer":"Parcel","source_feature_count":1,"PARCEL_TYPE":9,"اسم_المحور":"محور دهشور","اسم_المحافظة":"محافظة الجيزة","نوع_نمط_العمران":"كمبوند","نوع_طبيعة_المنطقة":"قائمة","GlobalID":"{11C3CE36-E00C-4F58-8EF2-965C2F1AB111}","SHAPE_Length":484.22248391369004,"SHAPE_Area":13407.507557017563},"geometry":{"type":"Polygon","coordinates":[[[31.072043,29.903689],[31.070762,29.904642],[31.071219,29.905134],[31.071371,29.905124],[31.072527,29.904193],[31.072509,29.904018],[31.072043,29.903689]]]}},{"type":"Feature","properties":{"source_layer":"Parcel","source_feature_count":1,"PARCEL_TYPE":9,"اسم_المحور":"محور دهشور","اسم_المحافظة":"محافظة الجيزة","نوع_نمط_العمران":"كمبوند","نوع_طبيعة_المنطقة":"قائمة","GlobalID":"{F5075B9A-3C20-483F-8697-6F6368139196}","SHAPE_Length":537.6450056290101,"SHAPE_Area":13634.673539287956},"geometry":{"type":"Polygon","coordinates":[[[31.070051,29.905336],[31.069619,29.905695],[31.071107,29.907045],[31.071526,29.90661],[31.070051,29.905336]]]}},{"type":"Feature","properties":{"source_layer":"Parcel","source_feature_count":1,"PARCEL_TYPE":9,"اسم_المحور":"محور دهشور","اسم_المحافظة":"محافظة الجيزة","نوع_نمط_العمران":"كمبوند","نوع_طبيعة_المنطقة":"قائمة","GlobalID":"{B575BFCC-5A61-4AFC-96F9-18CF989BED4B}","SHAPE_Length":441.2859912875239,"SHAPE_Area":10540.545806079477},"geometry":{"type":"Polygon","coordinates":[[[31.070496,29.906729],[31.069335,29.907653],[31.069753,29.908092],[31.070958,29.907162],[31.070496,29.906729]]]}},{"type":"Feature","properties":{"source_layer":"Parcel","source_feature_count":1,"PARCEL_TYPE":9,"اسم_المحور":"محور دهشور","اسم_المحافظة":"محافظة الجيزة","نوع_نمط_العمران":"كمبوند","نوع_طبيعة_المنطقة":"قائمة","GlobalID":"{8B9D029A-9B73-4AD3-AA87-10C63F68193A}","SHAPE_Length":390.8822856214948,"SHAPE_Area":8967.125153722702},"geometry":{"type":"Polygon","coordinates":[[[31.068697,29.907343],[31.068238,29.907718],[31.069178,29.908578],[31.06963,29.908177],[31.068697,29.907343]]]}},{"type":"Feature","properties":{"source_layer":"Parcel","source_feature_count":1,"PARCEL_TYPE":9,"اسم_المحور":"محور دهشور","اسم_المحافظة":"محافظة الجيزة","نوع_نمط_العمران":"كمبوند","نوع_طبيعة_المنطقة":"قائمة","GlobalID":"{4FC29AF7-3A02-4670-A9AD-F0620BA3D186}","SHAPE_Length":446.5086719053823,"SHAPE_Area":10729.830787882418},"geometry":{"type":"Polygon","coordinates":[[[31.068897,29.906234],[31.067692,29.907205],[31.068106,29.907599],[31.069351,29.90672],[31.068897,29.906234]]]}},{"type":"Feature","properties":{"source_layer":"Parcel","source_feature_count":1,"PARCEL_TYPE":9,"اسم_المحور":"محور دهشور","اسم_المحافظة":"محافظة الجيزة","نوع_نمط_العمران":"كمبوند","نوع_طبيعة_المنطقة":"قائمة","GlobalID":"{917B2FB7-920A-42CC-A00F-80D60238AE05}","SHAPE_Length":386.82129903018875,"SHAPE_Area":8830.34066907547},"geometry":{"type":"Polygon","coordinates":[[[31.069475,29.905769],[31.069032,29.906182],[31.06994,29.906996],[31.070398,29.906594],[31.069475,29.905769]]]}},{"type":"Feature","properties":{"source_layer":"Parcel","source_feature_count":1,"PARCEL_TYPE":9,"اسم_المحور":"محور دهشور","اسم_المحافظة":"محافظة الجيزة","نوع_نمط_العمران":"كمبوند","نوع_طبيعة_المنطقة":"قائمة","GlobalID":"{BA7811EE-50B4-49AE-9A13-C23B70040935}","SHAPE_Length":464.7701961701128,"SHAPE_Area":11254.452548474457},"geometry":{"type":"Polygon","coordinates":[[[31.063331,29.906045],[31.06285,29.906446],[31.06405,29.907546],[31.064491,29.907145],[31.063331,29.906045]]]}},{"type":"Feature","properties":{"source_layer":"Parcel","source_feature_count":1,"PARCEL_TYPE":9,"اسم_المحور":"محور دهشور","اسم_المحافظة":"محافظة الجيزة","نوع_نمط_العمران":"كمبوند","نوع_طبيعة_المنطقة":"قائمة","GlobalID":"{D80EE8B4-44AF-40BC-B2ED-0BC7790A6012}","SHAPE_Length":320.43903642052123,"SHAPE_Area":6511.7352673943005},"geometry":{"type":"Polygon","coordinates":[[[31.066577,29.909906],[31.066092,29.910312],[31.066786,29.91093],[31.067231,29.910551],[31.066577,29.909906]]]}},{"type":"Feature","properties":{"source_layer":"Parcel","source_feature_count":1,"PARCEL_TYPE":9,"اسم_المحور":"محور دهشور","اسم_المحافظة":"محافظة الجيزة","نوع_نمط_العمران":"كمبوند","نوع_طبيعة_المنطقة":"قائمة","GlobalID":"{B1FB1490-E5F7-4BA7-A805-EEE379CE6997}","SHAPE_Length":542.8048875630401,"SHAPE_Area":9466.889557580931},"geometry":{"type":"Polygon","coordinates":[[[31.067258,29.909028],[31.065652,29.907491],[31.065338,29.907738],[31.066941,29.909276],[31.067258,29.909028]]]}},{"type":"Feature","properties":{"source_layer":"Parcel","source_feature_count":1,"PARCEL_TYPE":9,"اسم_المحور":"محور دهشور","اسم_المحافظة":"محافظة الجيزة","نوع_نمط_العمران":"كمبوند","نوع_طبيعة_المنطقة":"قائمة","GlobalID":"{5CE5A8B4-C193-494D-8178-ABA31F81F64A}","SHAPE_Length":436.04509137597313,"SHAPE_Area":10167.927859838239},"geometry":{"type":"Polygon","coordinates":[[[31.066264,29.908841],[31.065219,29.907832],[31.064714,29.90823],[31.065856,29.909232],[31.066264,29.908841]]]}},{"type":"Feature","properties":{"source_layer":"Parcel","source_feature_count":1,"PARCEL_TYPE":9,"اسم_المحور":"محور دهشور","اسم_المحافظة":"محافظة الجيزة","نوع_نمط_العمران":"كمبوند","نوع_طبيعة_المنطقة":"قائمة","GlobalID":"{E3DE4589-0B2E-47A9-A99A-16C4BC12933A}","SHAPE_Length":429.29185274426743,"SHAPE_Area":9812.957580042405},"geometry":{"type":"Polygon","coordinates":[[[31.064681,29.909186],[31.06426,29.909561],[31.065305,29.910554],[31.065799,29.910168],[31.064681,29.909186]]]}},{"type":"Feature","properties":{"source_layer":"Parcel","source_feature_count":1,"PARCEL_TYPE":9,"اسم_المحور":"محور دهشور","اسم_المحافظة":"محافظة الجيزة","نوع_نمط_العمران":"كمبوند","نوع_طبيعة_المنطقة":"قائمة","GlobalID":"{E6355964-88E2-42E8-9963-EB3D982819E0}","SHAPE_Length":356.00000733702433,"SHAPE_Area":7524.815448602026},"geometry":{"type":"Polygon","coordinates":[[[31.06458,29.907306],[31.063721,29.907988],[31.064098,29.908381],[31.065033,29.907702],[31.06458,29.907306]]]}},{"type":"Feature","properties":{"source_layer":"Parcel","source_feature_count":1,"PARCEL_TYPE":9,"اسم_المحور":"محور دهشور","اسم_المحافظة":"محافظة الجيزة","نوع_نمط_العمران":"كمبوند","نوع_طبيعة_المنطقة":"قائمة","GlobalID":"{F590823A-2D34-4AB3-AECF-DAA44F9CA0AC}","SHAPE_Length":366.9056544129444,"SHAPE_Area":8034.842220653746},"geometry":{"type":"Polygon","coordinates":[[[31.062741,29.906515],[31.061833,29.907238],[31.062259,29.90766],[31.063168,29.90698],[31.062741,29.906515]]]}},{"type":"Feature","properties":{"source_layer":"Parcel","source_feature_count":1,"PARCEL_TYPE":9,"اسم_المحور":"محور دهشور","اسم_المحافظة":"محافظة الجيزة","نوع_نمط_العمران":"كمبوند","نوع_طبيعة_المنطقة":"قائمة","GlobalID":"{85B1534E-C471-4932-8006-CB4AB8EEDB8C}","SHAPE_Length":449.5605475834913,"SHAPE_Area":10800.923591761268},"geometry":{"type":"Polygon","coordinates":[[[31.062852,29.907408],[31.062405,29.907807],[31.063549,29.908839],[31.064005,29.90846],[31.062852,29.907408]]]}},{"type":"Feature","properties":{"source_layer":"Parcel","source_feature_count":1,"PARCEL_TYPE":9,"اسم_المحور":"محور دهشور","اسم_المحافظة":"محافظة الجيزة","نوع_نمط_العمران":"كمبوند","نوع_طبيعة_المنطقة":"قائمة","GlobalID":"{50EF8B92-54A5-4513-B962-889F6D9273D9}","SHAPE_Length":376.8837209835813,"SHAPE_Area":8559.800461461618},"geometry":{"type":"Polygon","coordinates":[[[31.067607,29.907317],[31.067104,29.907709],[31.067968,29.908508],[31.068455,29.908105],[31.067607,29.907317]]]}},{"type":"Feature","properties":{"source_layer":"Parcel","source_feature_count":1,"PARCEL_TYPE":9,"اسم_المحور":"محور دهشور","اسم_المحافظة":"محافظة الجيزة","نوع_نمط_العمران":"كمبوند","نوع_طبيعة_المنطقة":"قائمة","GlobalID":"{B176429E-B4D8-4E80-91CC-4492A3BC66DF}","SHAPE_Length":782.4222974627056,"SHAPE_Area":25759.06020502034},"geometry":{"type":"Polygon","coordinates":[[[31.071635,29.906787],[31.069319,29.908637],[31.069896,29.909191],[31.07225,29.90728],[31.071635,29.906787]]]}},{"type":"Feature","properties":{"source_layer":"Parcel","source_feature_count":1,"PARCEL_TYPE":9,"اسم_المحور":"محور دهشور","اسم_المحافظة":"محافظة الجيزة","نوع_نمط_العمران":"كمبوند","نوع_طبيعة_المنطقة":"قائمة","GlobalID":"{C5887C2F-AF93-448B-8900-690C50E54137}","SHAPE_Length":607.5770252838921,"SHAPE_Area":22519.115254466564},"geometry":{"type":"Polygon","coordinates":[[[31.069896,29.909191],[31.069319,29.908637],[31.069117,29.908731],[31.068562,29.908224],[31.067579,29.908948],[31.068537,29.909854],[31.068737,29.909907],[31.069097,29.909825],[31.069896,29.909191]]]}},{"type":"Feature","properties":{"source_layer":"Parcel","source_feature_count":1,"PARCEL_TYPE":14,"اسم_المحور":"محور دهشور","اسم_المحافظة":"محافظة الجيزة","نوع_نمط_العمران":"كمبوند","نوع_طبيعة_المنطقة":"قائمة","GlobalID":"{23D0D8D5-4200-4C7E-A849-8258B4383DA7}","SHAPE_Length":247.25464801359425,"SHAPE_Area":3988.787867921211},"geometry":{"type":"Polygon","coordinates":[[[31.069464,29.906789],[31.068904,29.907203],[31.069193,29.907552],[31.069787,29.90711],[31.069464,29.906789]]]}},{"type":"Feature","properties":{"source_layer":"Parcel","source_feature_count":1,"PARCEL_TYPE":9,"اسم_المحور":"محور دهشور","اسم_المحافظة":"محافظة الجيزة","نوع_نمط_العمران":"كمبوند","نوع_طبيعة_المنطقة":"قائمة","GlobalID":"{9DD28307-D85E-4514-8B93-8E88322AAEC6}","SHAPE_Length":370.75796258653605,"SHAPE_Area":8438.24223829878},"geometry":{"type":"Polygon","coordinates":[[[31.072688,29.904243],[31.072246,29.904641],[31.073135,29.905409],[31.073558,29.905023],[31.072688,29.904243]]]}},{"type":"Feature","properties":{"source_layer":"Parcel","source_feature_count":1,"PARCEL_TYPE":9,"اسم_المحور":"محور دهشور","اسم_المحافظة":"محافظة الجيزة","نوع_نمط_العمران":"كمبوند","نوع_طبيعة_المنطقة":"قائمة","GlobalID":"{D5618E79-38AC-447F-A87B-C4617AC75A32}","SHAPE_Length":304.9046258700267,"SHAPE_Area":5210.174999690741},"geometry":{"type":"Polygon","coordinates":[[[31.072043,29.904734],[31.071289,29.905337],[31.071636,29.905671],[31.072418,29.905041],[31.072043,29.904734]]]}},{"type":"Feature","properties":{"source_layer":"Parcel","source_feature_count":1,"PARCEL_TYPE":14,"اسم_المحور":"محور دهشور","اسم_المحافظة":"محافظة الجيزة","نوع_نمط_العمران":"كمبوند","نوع_طبيعة_المنطقة":"قائمة","GlobalID":"{0193ABFA-92D8-42F3-B069-0FDBB1A6F6B7}","SHAPE_Length":204.22532333011745,"SHAPE_Area":2238.144463870038},"geometry":{"type":"Polygon","coordinates":[[[31.070449,29.904548],[31.070225,29.904337],[31.069685,29.904767],[31.069916,29.904972],[31.070449,29.904548]]]}},{"type":"Feature","properties":{"source_layer":"Parcel","source_feature_count":1,"PARCEL_TYPE":9,"اسم_المحور":"محور دهشور","اسم_المحافظة":"محافظة الجيزة","نوع_نمط_العمران":"كمبوند","نوع_طبيعة_المنطقة":"قائمة","GlobalID":"{EAF47877-963F-4104-AA60-07ED0A2602DD}","SHAPE_Length":232.03222207776264,"SHAPE_Area":3185.2004050616647},"geometry":{"type":"Polygon","coordinates":[[[31.070225,29.904337],[31.069903,29.904033],[31.06937,29.904487],[31.069685,29.904767],[31.070225,29.904337]]]}},{"type":"Feature","properties":{"source_layer":"Parcel","source_feature_count":1,"PARCEL_TYPE":14,"اسم_المحور":"محور دهشور","اسم_المحافظة":"محافظة الجيزة","نوع_نمط_العمران":"كمبوند","نوع_طبيعة_المنطقة":"قائمة","GlobalID":"{21B9E78D-97B6-4E46-B7C2-37BE2FEB047D}","SHAPE_Length":170.57429470317763,"SHAPE_Area":1068.029917750779},"geometry":{"type":"Polygon","coordinates":[[[31.069903,29.904033],[31.069702,29.903922],[31.069362,29.904481],[31.06937,29.904487],[31.069903,29.904033]]]}},{"type":"Feature","properties":{"source_layer":"Parcel","source_feature_count":1,"PARCEL_TYPE":14,"اسم_المحور":"محور دهشور","اسم_المحافظة":"محافظة الجيزة","نوع_نمط_العمران":"كمبوند","نوع_طبيعة_المنطقة":"قائمة","GlobalID":"{81E11FAA-E436-4685-A157-16C714201819}","SHAPE_Length":182.65958480111053,"SHAPE_Area":1698.6692921915908},"geometry":{"type":"Polygon","coordinates":[[[31.071014,29.90263],[31.07074,29.902453],[31.070435,29.902999],[31.070492,29.903052],[31.071014,29.90263]]]}},{"type":"Feature","properties":{"source_layer":"Parcel","source_feature_count":1,"PARCEL_TYPE":9,"اسم_المحور":"محور دهشور","اسم_المحافظة":"محافظة الجيزة","نوع_نمط_العمران":"كمبوند","نوع_طبيعة_المنطقة":"قائمة","GlobalID":"{46B43977-32E1-4AC9-BE5A-8EA1B2DEEB61}","SHAPE_Length":591.8033420235394,"SHAPE_Area":17560.571122918805},"geometry":{"type":"Polygon","coordinates":[[[31.071219,29.901554],[31.070589,29.902027],[31.072147,29.903438],[31.072694,29.902956],[31.071219,29.901554]]]}},{"type":"Feature","properties":{"source_layer":"Parcel","source_feature_count":1,"PARCEL_TYPE":9,"اسم_المحور":"محور دهشور","اسم_المحافظة":"محافظة الجيزة","نوع_نمط_العمران":"كمبوند","نوع_طبيعة_المنطقة":"قائمة","GlobalID":"{74181C12-ADFB-4CE6-9917-5D072876B90D}","SHAPE_Length":357.17516356553574,"SHAPE_Area":7400.526050019245},"geometry":{"type":"Polygon","coordinates":[[[31.066382,29.908979],[31.065515,29.909668],[31.065893,29.910095],[31.066822,29.909369],[31.066382,29.908979]]]}},{"type":"Feature","properties":{"source_layer":"Parcel","source_feature_count":1,"PARCEL_TYPE":9,"اسم_المحور":"محور دهشور","اسم_المحافظة":"محافظة الجيزة","نوع_نمط_العمران":"كمبوند","نوع_طبيعة_المنطقة":"قائمة","GlobalID":"{551B2323-6265-4C77-B368-91B41BCD16F1}","SHAPE_Length":472.60829089480166,"SHAPE_Area":7427.999952701242},"geometry":{"type":"Polygon","coordinates":[[[31.063035,29.908599],[31.061641,29.907281],[31.061354,29.907509],[31.062752,29.908828],[31.063035,29.908599]]]}},{"type":"Feature","properties":{"source_layer":"Parcel","source_feature_count":1,"PARCEL_TYPE":9,"اسم_المحور":"محور دهشور","اسم_المحافظة":"محافظة الجيزة","نوع_نمط_العمران":"كمبوند","نوع_طبيعة_المنطقة":"قائمة","GlobalID":"{F0F38761-B2C2-470A-BBEA-7AFDCF8CDED2}","SHAPE_Length":595.5560710361215,"SHAPE_Area":10949.85364205006},"geometry":{"type":"Polygon","coordinates":[[[31.063671,29.905637],[31.063378,29.905861],[31.065217,29.907568],[31.065485,29.907312],[31.063671,29.905637]]]}},{"type":"Feature","properties":{"source_layer":"Parcel","source_feature_count":1,"PARCEL_TYPE":9,"اسم_المحور":"محور دهشور","اسم_المحافظة":"محافظة الجيزة","نوع_نمط_العمران":"كمبوند","نوع_طبيعة_المنطقة":"قائمة","GlobalID":"{CAEECA28-21AD-4E27-ABC0-4344A1442287}","SHAPE_Length":455.6194337795923,"SHAPE_Area":11185.415578236742},"geometry":{"type":"Polygon","coordinates":[[[31.068098,29.909993],[31.067335,29.909277],[31.066701,29.909809],[31.067692,29.910775],[31.067989,29.910543],[31.067788,29.910322],[31.068098,29.909993]]]}},{"type":"Feature","properties":{"source_layer":"Parcel","source_feature_count":1,"PARCEL_TYPE":9,"اسم_المحور":"محور دهشور","اسم_المحافظة":"محافظة الجيزة","نوع_نمط_العمران":"كمبوند","نوع_طبيعة_المنطقة":"قائمة","GlobalID":"{8E15E7B2-05A3-496D-957D-427AF11F5319}","SHAPE_Length":364.6712283027062,"SHAPE_Area":8207.012363575906},"geometry":{"type":"Polygon","coordinates":[[[31.064519,29.908319],[31.063677,29.908976],[31.064125,29.909429],[31.065018,29.908767],[31.064519,29.908319]]]}},{"type":"Feature","properties":{"source_layer":"Parcel","source_feature_count":1,"PARCEL_TYPE":9,"اسم_المحور":"محور دهشور","اسم_المحافظة":"محافظة الجيزة","نوع_نمط_العمران":"كمبوند","نوع_طبيعة_المنطقة":"قائمة","GlobalID":"{39335B8A-6F82-4817-9770-979A443AED8D}","SHAPE_Length":277.12130340407646,"SHAPE_Area":3953.8123899861343},"geometry":{"type":"Polygon","coordinates":[[[31.05532,29.901134],[31.054991,29.900889],[31.054244,29.900956],[31.054359,29.901297],[31.055332,29.901317],[31.05532,29.901134]]]}},{"type":"Feature","properties":{"source_layer":"Parcel","source_feature_count":1,"PARCEL_TYPE":9,"اسم_المحور":"محور دهشور","اسم_المحافظة":"محافظة الجيزة","نوع_نمط_العمران":"كمبوند","نوع_طبيعة_المنطقة":"قائمة","GlobalID":"{2B6CE9F9-427E-4186-9DCA-F196D288CC8A}","SHAPE_Length":898.8112320519864,"SHAPE_Area":25072.752845247218},"geometry":{"type":"Polygon","coordinates":[[[31.05609,29.897924],[31.055482,29.898461],[31.055293,29.898984],[31.055813,29.901348],[31.055952,29.901458],[31.056447,29.901274],[31.055952,29.899027],[31.056063,29.898724],[31.056484,29.898271],[31.05609,29.897924]]]}},{"type":"Feature","properties":{"source_layer":"Parcel","source_feature_count":1,"PARCEL_TYPE":14,"اسم_المحور":"محور دهشور","اسم_المحافظة":"محافظة الجيزة","نوع_نمط_العمران":"كمبوند","نوع_طبيعة_المنطقة":"قائمة","GlobalID":"{6EAFCF53-6E49-4535-8A40-5B30ED1044AB}","SHAPE_Length":914.8581945043419,"SHAPE_Area":54349.21857879676},"geometry":{"type":"Polygon","coordinates":[[[31.060336,29.901108],[31.058482,29.899287],[31.05773,29.89981],[31.057682,29.90022],[31.05822,29.902276],[31.059293,29.902121],[31.060355,29.901298],[31.060336,29.901108]]]}},{"type":"Feature","properties":{"source_layer":"Parcel","source_feature_count":1,"PARCEL_TYPE":14,"اسم_المحور":"محور دهشور","اسم_المحافظة":"محافظة الجيزة","نوع_نمط_العمران":"كمبوند","نوع_طبيعة_المنطقة":"قائمة","GlobalID":"{81ECADE9-9AFF-4724-B16B-62FE98EF21D3}","SHAPE_Length":682.9245450017362,"SHAPE_Area":17434.88204218755},"geometry":{"type":"Polygon","coordinates":[[[31.052906,29.904014],[31.052765,29.903415],[31.05328,29.903369],[31.053417,29.90398],[31.053949,29.903912],[31.05376,29.90304],[31.053402,29.902647],[31.052346,29.9027],[31.052223,29.902806],[31.052427,29.903775],[31.052664,29.903982],[31.052906,29.904014]]]}},{"type":"Feature","properties":{"source_layer":"Parcel","source_feature_count":1,"PARCEL_TYPE":9,"اسم_المحور":"محور دهشور","اسم_المحافظة":"محافظة الجيزة","نوع_نمط_العمران":"كمبوند","نوع_طبيعة_المنطقة":"قائمة","GlobalID":"{D7735B99-5C95-402F-BABA-A29919227FA0}","SHAPE_Length":666.975440712567,"SHAPE_Area":15723.786154743235},"geometry":{"type":"Polygon","coordinates":[[[31.061492,29.903443],[31.060203,29.902284],[31.05982,29.902165],[31.059039,29.90235],[31.058882,29.902504],[31.058934,29.902747],[31.059138,29.902829],[31.059888,29.902671],[31.060985,29.90369],[31.061182,29.903682],[31.061492,29.903443]]]}},{"type":"Feature","properties":{"source_layer":"Parcel","source_feature_count":1,"PARCEL_TYPE":9,"اسم_المحور":"محور دهشور","اسم_المحافظة":"محافظة الجيزة","نوع_نمط_العمران":"كمبوند","نوع_طبيعة_المنطقة":"قائمة","GlobalID":"{635D9EB9-45FD-41B4-A2A3-254648571521}","SHAPE_Length":793.6777136598638,"SHAPE_Area":23443.86176827141},"geometry":{"type":"Polygon","coordinates":[[[31.08088,29.891288],[31.08049,29.891425],[31.079871,29.892534],[31.080246,29.892731],[31.079005,29.893145],[31.079091,29.893492],[31.081172,29.892839],[31.081323,29.892434],[31.08088,29.891288]]]}},{"type":"Feature","properties":{"source_layer":"Parcel","source_feature_count":1,"PARCEL_TYPE":9,"اسم_المحور":"محور دهشور","اسم_المحافظة":"محافظة الجيزة","نوع_نمط_العمران":"كمبوند","نوع_طبيعة_المنطقة":"قائمة","GlobalID":"{B790D319-5741-4B2B-898F-10D44A29CD25}","SHAPE_Length":314.98728115097015,"SHAPE_Area":6132.394336208561},"geometry":{"type":"Polygon","coordinates":[[[31.057401,29.900686],[31.056543,29.900863],[31.056553,29.901297],[31.057654,29.901107],[31.057658,29.900784],[31.057401,29.900686]]]}},{"type":"Feature","properties":{"source_layer":"Parcel","source_feature_count":1,"PARCEL_TYPE":9,"اسم_المحور":"محور دهشور","اسم_المحافظة":"محافظة الجيزة","نوع_نمط_العمران":"كمبوند","نوع_طبيعة_المنطقة":"قائمة","GlobalID":"{71B4F27A-05EB-41CC-8F6E-9C61F05F75E0}","SHAPE_Length":256.5029015082472,"SHAPE_Area":4523.965312181975},"geometry":{"type":"Polygon","coordinates":[[[31.056449,29.89844],[31.056037,29.898977],[31.056439,29.899198],[31.056909,29.898681],[31.056655,29.898405],[31.056449,29.89844]]]}},{"type":"Feature","properties":{"source_layer":"Parcel","source_feature_count":1,"PARCEL_TYPE":9,"اسم_المحور":"محور دهشور","اسم_المحافظة":"محافظة الجيزة","نوع_نمط_العمران":"كمبوند","نوع_طبيعة_المنطقة":"قائمة","GlobalID":"{9CED5CC0-926C-4F74-BFA3-E2C659B7BCDD}","SHAPE_Length":674.1163160168136,"SHAPE_Area":16580.403002660732},"geometry":{"type":"Polygon","coordinates":[[[31.057557,29.89764],[31.057287,29.897837],[31.057321,29.898034],[31.059193,29.899791],[31.059512,29.899685],[31.059614,29.899543],[31.059543,29.899385],[31.057802,29.897726],[31.057557,29.89764]]]}},{"type":"Feature","properties":{"source_layer":"Parcel","source_feature_count":1,"PARCEL_TYPE":9,"اسم_المحور":"محور دهشور","اسم_المحافظة":"محافظة الجيزة","نوع_نمط_العمران":"كمبوند","نوع_طبيعة_المنطقة":"قائمة","GlobalID":"{176FE55B-D14D-4559-8012-4A4A9C9CCCEB}","SHAPE_Length":713.6091046593781,"SHAPE_Area":16468.09199091126},"geometry":{"type":"Polygon","coordinates":[[[31.0619,29.903017],[31.063186,29.902075],[31.062893,29.901785],[31.062715,29.901794],[31.061706,29.902587],[31.061431,29.9025],[31.060837,29.901925],[31.060406,29.902161],[31.06098,29.902798],[31.061355,29.903012],[31.0619,29.903017]]]}},{"type":"Feature","properties":{"source_layer":"Parcel","source_feature_count":1,"PARCEL_TYPE":9,"اسم_المحور":"محور دهشور","اسم_المحافظة":"محافظة الجيزة","نوع_نمط_العمران":"كمبوند","نوع_طبيعة_المنطقة":"قائمة","GlobalID":"{296485A6-2BAF-46BA-84AF-DB4643273FC8}","SHAPE_Length":493.9257797805962,"SHAPE_Area":10205.967204174342},"geometry":{"type":"Polygon","coordinates":[[[31.057969,29.904598],[31.058589,29.904542],[31.058211,29.903035],[31.057927,29.90309],[31.057887,29.902922],[31.057624,29.902968],[31.057969,29.904598]]]}},{"type":"Feature","properties":{"source_layer":"Parcel","source_feature_count":1,"PARCEL_TYPE":9,"اسم_المحور":"محور دهشور","اسم_المحافظة":"محافظة الجيزة","نوع_نمط_العمران":"كمبوند","نوع_طبيعة_المنطقة":"قائمة","GlobalID":"{735EAAFD-E1EF-4CA0-A3D3-BC83DA7125FF}","SHAPE_Length":314.500241751453,"SHAPE_Area":6055.6701267235785},"geometry":{"type":"Polygon","coordinates":[[[31.056901,29.901389],[31.056047,29.901563],[31.056034,29.901931],[31.0562,29.902008],[31.05718,29.901824],[31.057155,29.90147],[31.056901,29.901389]]]}},{"type":"Feature","properties":{"source_layer":"Parcel","source_feature_count":1,"PARCEL_TYPE":9,"اسم_المحور":"محور دهشور","اسم_المحافظة":"محافظة الجيزة","نوع_نمط_العمران":"كمبوند","نوع_طبيعة_المنطقة":"قائمة","GlobalID":"{CFD5F2F0-9C8E-451A-83E8-A3C0C24D0EC5}","SHAPE_Length":457.3249926926856,"SHAPE_Area":9615.284648399975},"geometry":{"type":"Polygon","coordinates":[[[31.055761,29.903322],[31.05413,29.90347],[31.054003,29.903588],[31.054033,29.903852],[31.054163,29.903923],[31.055934,29.903778],[31.05594,29.903448],[31.055761,29.903322]]]}},{"type":"Feature","properties":{"source_layer":"Parcel","source_feature_count":1,"PARCEL_TYPE":9,"اسم_المحور":"محور دهشور","اسم_المحافظة":"محافظة الجيزة","نوع_نمط_العمران":"كمبوند","نوع_طبيعة_المنطقة":"قائمة","GlobalID":"{D8D548B8-FEE8-4C38-B08E-B48065AD8564}","SHAPE_Length":457.6463256833196,"SHAPE_Area":10710.464198992775},"geometry":{"type":"Polygon","coordinates":[[[31.051859,29.902742],[31.050281,29.902853],[31.05016,29.902992],[31.050217,29.90332],[31.051925,29.903251],[31.05212,29.902998],[31.052064,29.902812],[31.051859,29.902742]]]}},{"type":"Feature","properties":{"source_layer":"Parcel","source_feature_count":1,"PARCEL_TYPE":9,"اسم_المحور":"محور دهشور","اسم_المحافظة":"محافظة الجيزة","نوع_نمط_العمران":"كمبوند","نوع_طبيعة_المنطقة":"قائمة","GlobalID":"{0661F710-499F-4964-91F3-7017E4A2C10E}","SHAPE_Length":373.01271500453055,"SHAPE_Area":7737.979441583971},"geometry":{"type":"Polygon","coordinates":[[[31.051327,29.903361],[31.05105,29.903412],[31.050994,29.9036],[31.051219,29.904569],[31.051541,29.90469],[31.051769,29.904469],[31.051544,29.903484],[31.051327,29.903361]]]}},{"type":"Feature","properties":{"source_layer":"Parcel","source_feature_count":1,"PARCEL_TYPE":9,"اسم_المحور":"محور دهشور","اسم_المحافظة":"محافظة الجيزة","نوع_نمط_العمران":"كمبوند","نوع_طبيعة_المنطقة":"قائمة","GlobalID":"{0D6E4023-964C-4F74-9EBB-9AC8C40FCB12}","SHAPE_Length":583.9132816916923,"SHAPE_Area":20969.962757415968},"geometry":{"type":"Polygon","coordinates":[[[31.078437,29.891814],[31.078045,29.891861],[31.077313,29.891627],[31.076631,29.891833],[31.077182,29.893244],[31.077932,29.893004],[31.078536,29.89192],[31.078437,29.891814]]]}},{"type":"Feature","properties":{"source_layer":"Parcel","source_feature_count":1,"PARCEL_TYPE":9,"اسم_المحور":"محور دهشور","اسم_المحافظة":"محافظة الجيزة","نوع_نمط_العمران":"كمبوند","نوع_طبيعة_المنطقة":"قائمة","GlobalID":"{F6B4626D-81BF-465E-A85A-A45BEEE96921}","SHAPE_Length":440.3248224780791,"SHAPE_Area":9664.178397378935},"geometry":{"type":"Polygon","coordinates":[[[31.057579,29.901259],[31.057325,29.901316],[31.057244,29.901457],[31.057596,29.902854],[31.058148,29.902753],[31.057862,29.901461],[31.057579,29.901259]]]}},{"type":"Feature","properties":{"source_layer":"Parcel","source_feature_count":1,"PARCEL_TYPE":9,"اسم_المحور":"محور دهشور","اسم_المحافظة":"محافظة الجيزة","نوع_نمط_العمران":"كمبوند","نوع_طبيعة_المنطقة":"قائمة","GlobalID":"{7BB4D67D-EA4A-4AF4-9EB4-88DBA7A27523}","SHAPE_Length":974.3457442231854,"SHAPE_Area":24352.07081297136},"geometry":{"type":"Polygon","coordinates":[[[31.061977,29.900944],[31.063234,29.901995],[31.063439,29.902009],[31.06371,29.901779],[31.062561,29.900629],[31.061938,29.900429],[31.061326,29.900623],[31.059963,29.901828],[31.060359,29.902077],[31.061654,29.901017],[31.061977,29.900944]]]}},{"type":"Feature","properties":{"source_layer":"Parcel","source_feature_count":1,"PARCEL_TYPE":9,"اسم_المحور":"محور دهشور","اسم_المحافظة":"محافظة الجيزة","نوع_نمط_العمران":"كمبوند","نوع_طبيعة_المنطقة":"قائمة","GlobalID":"{6A81DD61-C1D7-4F25-A551-5D4304DD0253}","SHAPE_Length":186.15020267057096,"SHAPE_Area":1837.8267150325778},"geometry":{"type":"Polygon","coordinates":[[[31.063676,29.899871],[31.063133,29.900267],[31.063255,29.900383],[31.063724,29.900113],[31.06383,29.899931],[31.063676,29.899871]]]}},{"type":"Feature","properties":{"source_layer":"Parcel","source_feature_count":1,"PARCEL_TYPE":9,"اسم_المحور":"محور دهشور","اسم_المحافظة":"محافظة الجيزة","نوع_نمط_العمران":"كمبوند","نوع_طبيعة_المنطقة":"قائمة","GlobalID":"{5DC683F8-1131-444C-9856-F2F249C0077A}","SHAPE_Length":338.2784186968157,"SHAPE_Area":6444.953677485158},"geometry":{"type":"Polygon","coordinates":[[[31.064657,29.899824],[31.064688,29.899525],[31.064527,29.899367],[31.063551,29.899324],[31.063311,29.899732],[31.064657,29.899824]]]}},{"type":"Feature","properties":{"source_layer":"Parcel","source_feature_count":1,"PARCEL_TYPE":9,"اسم_المحور":"محور دهشور","اسم_المحافظة":"محافظة الجيزة","نوع_نمط_العمران":"كمبوند","نوع_طبيعة_المنطقة":"قائمة","GlobalID":"{DB9EE565-8C4E-4C61-BBF4-778E227E9B4D}","SHAPE_Length":219.26358319996314,"SHAPE_Area":3267.887219357554},"geometry":{"type":"Polygon","coordinates":[[[31.062117,29.902193],[31.061734,29.90184],[31.061329,29.902268],[31.061751,29.902501],[31.062117,29.902193]]]}},{"type":"Feature","properties":{"source_layer":"Parcel","source_feature_count":1,"PARCEL_TYPE":14,"اسم_المحور":"محور دهشور","اسم_المحافظة":"محافظة الجيزة","نوع_نمط_العمران":"كمبوند","نوع_طبيعة_المنطقة":"قائمة","GlobalID":"{A68EE200-D4AF-4272-8327-B159EEB54924}","SHAPE_Length":308.51016084509854,"SHAPE_Area":3329.1793547850307},"geometry":{"type":"Polygon","coordinates":[[[31.059967,29.902839],[31.059456,29.903126],[31.059312,29.903134],[31.059267,29.902902],[31.058987,29.902958],[31.059088,29.903286],[31.059342,29.903383],[31.059718,29.903301],[31.060116,29.903035],[31.059967,29.902839]]]}},{"type":"Feature","properties":{"source_layer":"Parcel","source_feature_count":1,"PARCEL_TYPE":9,"اسم_المحور":"محور دهشور","اسم_المحافظة":"محافظة الجيزة","نوع_نمط_العمران":"كمبوند","نوع_طبيعة_المنطقة":"قائمة","GlobalID":"{50A2DA4B-7723-41F3-AC35-C5751D07D3B8}","SHAPE_Length":589.2707343927499,"SHAPE_Area":15413.33353660219},"geometry":{"type":"Polygon","coordinates":[[[31.060205,29.904441],[31.061053,29.903862],[31.060649,29.903511],[31.059874,29.903912],[31.058675,29.904004],[31.058589,29.904131],[31.058671,29.904592],[31.060205,29.904441]]]}},{"type":"Feature","properties":{"source_layer":"Parcel","source_feature_count":1,"PARCEL_TYPE":9,"اسم_المحور":"محور دهشور","اسم_المحافظة":"محافظة الجيزة","نوع_نمط_العمران":"كمبوند","نوع_طبيعة_المنطقة":"قائمة","GlobalID":"{1C3137D8-5DB1-4776-9245-DF1AE68B4877}","SHAPE_Length":503.731351107165,"SHAPE_Area":11297.653123424585},"geometry":{"type":"Polygon","coordinates":[[[31.059483,29.903529],[31.058993,29.903304],[31.058756,29.90241],[31.058263,29.902443],[31.058199,29.902593],[31.058394,29.903374],[31.05862,29.903714],[31.059012,29.903907],[31.059535,29.903915],[31.059483,29.903529]]]}},{"type":"Feature","properties":{"source_layer":"Parcel","source_feature_count":1,"PARCEL_TYPE":9,"اسم_المحور":"محور دهشور","اسم_المحافظة":"محافظة الجيزة","نوع_نمط_العمران":"كمبوند","نوع_طبيعة_المنطقة":"قائمة","GlobalID":"{9FB7D267-45AC-4157-B141-B9971E01D264}","SHAPE_Length":559.4303366431143,"SHAPE_Area":12427.563249491457},"geometry":{"type":"Polygon","coordinates":[[[31.062818,29.899295],[31.062428,29.899783],[31.062433,29.900282],[31.062516,29.900503],[31.063322,29.901182],[31.063641,29.900861],[31.062949,29.900136],[31.063318,29.899365],[31.062818,29.899295]]]}},{"type":"Feature","properties":{"source_layer":"Parcel","source_feature_count":1,"PARCEL_TYPE":9,"اسم_المحور":"محور دهشور","اسم_المحافظة":"محافظة الجيزة","نوع_نمط_العمران":"كمبوند","نوع_طبيعة_المنطقة":"قائمة","GlobalID":"{5788AA6C-ED45-44B3-B273-C2E8A0C2FF17}","SHAPE_Length":325.9798197073871,"SHAPE_Area":5778.696659809581},"geometry":{"type":"Polygon","coordinates":[[[31.064191,29.899911],[31.063458,29.900462],[31.063742,29.900813],[31.064641,29.900089],[31.064641,29.89994],[31.064191,29.899911]]]}},{"type":"Feature","properties":{"source_layer":"Parcel","source_feature_count":1,"PARCEL_TYPE":14,"اسم_المحور":"محور دهشور","اسم_المحافظة":"محافظة الجيزة","نوع_نمط_العمران":"كمبوند","نوع_طبيعة_المنطقة":"قائمة","GlobalID":"{232F6E58-CE22-4A1F-9EED-442574D21629}","SHAPE_Length":147.97045649092038,"SHAPE_Area":1095.1973937831565},"geometry":{"type":"Polygon","coordinates":[[[31.061844,29.901654],[31.061463,29.901303],[31.06131,29.90143],[31.061689,29.901781],[31.061844,29.901654]]]}},{"type":"Feature","properties":{"source_layer":"Parcel","source_feature_count":1,"PARCEL_TYPE":14,"اسم_المحور":"محور دهشور","اسم_المحافظة":"محافظة الجيزة","نوع_نمط_العمران":"كمبوند","نوع_طبيعة_المنطقة":"قائمة","GlobalID":"{2E17DDB4-C68E-4B91-B030-EF857332DBFF}","SHAPE_Length":154.13699363798517,"SHAPE_Area":1265.8012926988563},"geometry":{"type":"Polygon","coordinates":[[[31.062281,29.902048],[31.061924,29.901687],[31.061734,29.90184],[31.062117,29.902193],[31.062281,29.902048]]]}},{"type":"Feature","properties":{"source_layer":"Parcel","source_feature_count":1,"PARCEL_TYPE":14,"اسم_المحور":"محور دهشور","اسم_المحافظة":"محافظة الجيزة","نوع_نمط_العمران":"كمبوند","نوع_طبيعة_المنطقة":"قائمة","GlobalID":"{3EED66E9-07D4-41FB-9C9F-19C456F6F0F7}","SHAPE_Length":373.34463091443195,"SHAPE_Area":9105.98281243799},"geometry":{"type":"Polygon","coordinates":[[[31.051033,29.901849],[31.050995,29.90112],[31.050179,29.901208],[31.049866,29.901511],[31.049896,29.901968],[31.051033,29.901849]]]}},{"type":"Feature","properties":{"source_layer":"Parcel","source_feature_count":1,"PARCEL_TYPE":9,"اسم_المحور":"محور دهشور","اسم_المحافظة":"محافظة الجيزة","نوع_نمط_العمران":"كمبوند","نوع_طبيعة_المنطقة":"قائمة","GlobalID":"{ACD41D29-52A1-438D-876D-477927643ADF}","SHAPE_Length":220.2391945077695,"SHAPE_Area":3179.9864991082577},"geometry":{"type":"Polygon","coordinates":[[[31.062445,29.901356],[31.061924,29.901687],[31.062281,29.902048],[31.062707,29.90164],[31.062445,29.901356]]]}},{"type":"Feature","properties":{"source_layer":"Parcel","source_feature_count":1,"PARCEL_TYPE":9,"اسم_المحور":"محور دهشور","اسم_المحافظة":"محافظة الجيزة","نوع_نمط_العمران":"كمبوند","نوع_طبيعة_المنطقة":"قائمة","GlobalID":"{FC819DD9-4455-4E0A-966A-4F816466AF95}","SHAPE_Length":307.8414902640356,"SHAPE_Area":5462.8318056164535},"geometry":{"type":"Polygon","coordinates":[[[31.059566,29.899067],[31.059478,29.899235],[31.060107,29.899843],[31.060584,29.899486],[31.060608,29.899252],[31.059566,29.899067]]]}},{"type":"Feature","properties":{"source_layer":"Parcel","source_feature_count":1,"PARCEL_TYPE":14,"اسم_المحور":"محور دهشور","اسم_المحافظة":"محافظة الجيزة","نوع_نمط_العمران":"كمبوند","نوع_طبيعة_المنطقة":"قائمة","GlobalID":"{E93A2B90-A632-4EAE-985F-B421B3ABADFA}","SHAPE_Length":159.3776530389883,"SHAPE_Area":1241.5970247892549},"geometry":{"type":"Polygon","coordinates":[[[31.063646,29.899869],[31.063238,29.899852],[31.063087,29.900223],[31.063133,29.900267],[31.063646,29.899869]]]}},{"type":"Feature","properties":{"source_layer":"Parcel","source_feature_count":1,"PARCEL_TYPE":9,"اسم_المحور":"محور دهشور","اسم_المحافظة":"محافظة الجيزة","نوع_نمط_العمران":"كمبوند","نوع_طبيعة_المنطقة":"قائمة","GlobalID":"{AA79E6F5-0279-4C6A-BEB1-2F3EEA92DCD2}","SHAPE_Length":178.1497754927215,"SHAPE_Area":1862.285279588843},"geometry":{"type":"Polygon","coordinates":[[[31.059668,29.902735],[31.059267,29.902902],[31.059312,29.903134],[31.059684,29.903061],[31.059967,29.902839],[31.059668,29.902735]]]}},{"type":"Feature","properties":{"source_layer":"Parcel","source_feature_count":1,"PARCEL_TYPE":9,"اسم_المحور":"محور دهشور","اسم_المحافظة":"محافظة الجيزة","نوع_نمط_العمران":"كمبوند","نوع_طبيعة_المنطقة":"قائمة","GlobalID":"{3C374FBD-8757-49FC-8920-7255252C8D7B}","SHAPE_Length":433.0392606226606,"SHAPE_Area":9693.840184660394},"geometry":{"type":"Polygon","coordinates":[[[31.056685,29.897621],[31.056396,29.897772],[31.056349,29.898008],[31.057385,29.898966],[31.057535,29.898983],[31.057826,29.898649],[31.056685,29.897621]]]}},{"type":"Feature","properties":{"source_layer":"Parcel","source_feature_count":1,"PARCEL_TYPE":9,"اسم_المحور":"محور دهشور","اسم_المحافظة":"محافظة الجيزة","نوع_نمط_العمران":"اسكان اجتماعى شباب","نوع_طبيعة_المنطقة":"قائمة","GlobalID":"{E8615D00-0A1A-4308-A9DA-ED1F273EE6CE}","SHAPE_Length":3213.8413409315244,"SHAPE_Area":270044.73955220764},"geometry":{"type":"Polygon","coordinates":[[[31.053566,29.883929],[31.052476,29.883533],[31.056109,29.882197],[31.056878,29.883615],[31.061991,29.881523],[31.06216,29.881021],[31.06123,29.879061],[31.04991,29.883249],[31.05012,29.883715],[31.050388,29.883823],[31.050521,29.88408],[31.05297,29.885003],[31.053566,29.883929]]]}},{"type":"Feature","properties":{"source_layer":"Parcel","source_feature_count":1,"PARCEL_TYPE":9,"اسم_المحور":"محور دهشور","اسم_المحافظة":"محافظة الجيزة","نوع_نمط_العمران":"اسكان اجتماعى شباب","نوع_طبيعة_المنطقة":"قائمة","GlobalID":"{437D859F-A722-440F-BE51-E0A55FE2C9E8}","SHAPE_Length":4032.5031633427307,"SHAPE_Area":244156.1871852363},"geometry":{"type":"Polygon","coordinates":[[[31.071603,29.873616],[31.05381,29.880322],[31.054373,29.88138],[31.072117,29.87472],[31.072228,29.874576],[31.071956,29.873967],[31.071976,29.873692],[31.071603,29.873616]]]}},{"type":"Feature","properties":{"source_layer":"Parcel","source_feature_count":1,"PARCEL_TYPE":9,"اسم_المحور":"محور دهشور","اسم_المحافظة":"محافظة الجيزة","نوع_نمط_العمران":"اسكان اجتماعى شباب","نوع_طبيعة_المنطقة":"قائمة","GlobalID":"{CA377EA9-395D-4034-B284-8EFA8F678C74}","SHAPE_Length":1327.90831287428,"SHAPE_Area":88022.68657124278},"geometry":{"type":"Polygon","coordinates":[[[31.070586,29.875514],[31.066037,29.877208],[31.066027,29.877437],[31.066404,29.878078],[31.067354,29.879088],[31.067482,29.87909],[31.071046,29.876256],[31.071118,29.875793],[31.070899,29.875586],[31.070586,29.875514]]]}},{"type":"Feature","properties":{"source_layer":"Parcel","source_feature_count":1,"PARCEL_TYPE":9,"اسم_المحور":"محور دهشور","اسم_المحافظة":"محافظة الجيزة","نوع_نمط_العمران":"اسكان اجتماعى شباب","نوع_طبيعة_المنطقة":"قائمة","GlobalID":"{B1EB4917-81A6-454E-879B-E4A0B6B0220A}","SHAPE_Length":2438.0737246695276,"SHAPE_Area":145242.98971264594},"geometry":{"type":"Polygon","coordinates":[[[31.047026,29.884292],[31.045813,29.884795],[31.048148,29.894484],[31.049312,29.893536],[31.047026,29.884292]]]}},{"type":"Feature","properties":{"source_layer":"Parcel","source_feature_count":1,"PARCEL_TYPE":9,"اسم_المحور":"محور دهشور","اسم_المحافظة":"محافظة الجيزة","نوع_نمط_العمران":"اسكان اجتماعى شباب","نوع_طبيعة_المنطقة":"قائمة","GlobalID":"{B543D969-2116-4EAF-8D64-6943E50B09FE}","SHAPE_Length":1534.6298046132538,"SHAPE_Area":78647.59480338656},"geometry":{"type":"Polygon","coordinates":[[[31.053577,29.891985],[31.05266,29.891066],[31.050598,29.892841],[31.048192,29.894697],[31.048487,29.895991],[31.053577,29.891985]]]}},{"type":"Feature","properties":{"source_layer":"Parcel","source_feature_count":1,"PARCEL_TYPE":9,"اسم_المحور":"محور دهشور","اسم_المحافظة":"محافظة الجيزة","نوع_نمط_العمران":"اسكان اجتماعى شباب","نوع_طبيعة_المنطقة":"قائمة","GlobalID":"{0CEF20CE-8FB8-4488-AE50-9F72C95E8DD5}","SHAPE_Length":185.87563805228595,"SHAPE_Area":2593.990068332717},"geometry":{"type":"Polygon","coordinates":[[[31.072,29.87547],[31.072312,29.875201],[31.072119,29.874942],[31.071683,29.875144],[31.071791,29.875432],[31.072,29.87547]]]}},{"type":"Feature","properties":{"source_layer":"Parcel","source_feature_count":1,"PARCEL_TYPE":9,"اسم_المحور":"محور دهشور","اسم_المحافظة":"محافظة الجيزة","نوع_نمط_العمران":"اسكان اجتماعى شباب","نوع_طبيعة_المنطقة":"قائمة","GlobalID":"{F17F25D3-9CD0-4500-B998-481435B55611}","SHAPE_Length":2910.544464906854,"SHAPE_Area":184984.58314828546},"geometry":{"type":"Polygon","coordinates":[[[31.066522,29.881708],[31.065593,29.880845],[31.059128,29.886],[31.058202,29.886528],[31.05634,29.887295],[31.055209,29.887958],[31.056783,29.889429],[31.066522,29.881708]]]}},{"type":"Feature","properties":{"source_layer":"Parcel","source_feature_count":1,"PARCEL_TYPE":9,"اسم_المحور":"محور دهشور","اسم_المحافظة":"محافظة الجيزة","نوع_نمط_العمران":"كمبوند","نوع_طبيعة_المنطقة":"تحت الانشاء","GlobalID":"{63518D8E-78B8-410C-9F49-AED56499B2DE}","SHAPE_Length":1700.7807812018666,"SHAPE_Area":176342.01832793446},"geometry":{"type":"Polygon","coordinates":[[[31.034927,29.910208],[31.031563,29.91281],[31.036087,29.915702],[31.037176,29.913007],[31.037198,29.912408],[31.036928,29.911862],[31.035389,29.91036],[31.034927,29.910208]]]}},{"type":"Feature","properties":{"source_layer":"Parcel","source_feature_count":1,"PARCEL_TYPE":14,"اسم_المحور":"محور دهشور","اسم_المحافظة":"محافظة الجيزة","نوع_نمط_العمران":"كمبوند","نوع_طبيعة_المنطقة":"تحت الانشاء","GlobalID":"{9F08CDD2-B5BB-4DB3-9933-E3AD937E07A2}","SHAPE_Length":521.4844946431067,"SHAPE_Area":16423.10757063537},"geometry":{"type":"Polygon","coordinates":[[[31.028382,29.915321],[31.027199,29.916262],[31.027937,29.916962],[31.029076,29.916086],[31.028382,29.915321]]]}},{"type":"Feature","properties":{"source_layer":"Parcel","source_feature_count":1,"PARCEL_TYPE":9,"اسم_المحور":"محور دهشور","اسم_المحافظة":"محافظة الجيزة","نوع_نمط_العمران":"كمبوند","نوع_طبيعة_المنطقة":"قائمة","GlobalID":"{F3B694FD-0A0C-4D98-A96A-76C018EFCB8A}","SHAPE_Length":442.4296317479549,"SHAPE_Area":10600.645252618619},"geometry":{"type":"Polygon","coordinates":[[[31.043399,29.919959],[31.043305,29.919558],[31.04276,29.919517],[31.042392,29.919098],[31.041986,29.919225],[31.042126,29.920175],[31.043399,29.919959]]]}},{"type":"Feature","properties":{"source_layer":"Parcel","source_feature_count":1,"PARCEL_TYPE":14,"اسم_المحور":"محور دهشور","اسم_المحافظة":"محافظة الجيزة","نوع_نمط_العمران":"كمبوند","نوع_طبيعة_المنطقة":"قائمة","GlobalID":"{2AA44A05-6207-460C-9C08-880F15717DA9}","SHAPE_Length":171.967850116411,"SHAPE_Area":1842.6875124992073},"geometry":{"type":"Polygon","coordinates":[[[31.043058,29.919506],[31.042964,29.919003],[31.042574,29.919076],[31.042705,29.919394],[31.043058,29.919506]]]}},{"type":"Feature","properties":{"source_layer":"Parcel","source_feature_count":1,"PARCEL_TYPE":9,"اسم_المحور":"محور دهشور","اسم_المحافظة":"محافظة الجيزة","نوع_نمط_العمران":"كمبوند","نوع_طبيعة_المنطقة":"قائمة","GlobalID":"{E61761F1-9971-4136-97D3-00DC60FD7004}","SHAPE_Length":765.4808692346598,"SHAPE_Area":21822.905587913625},"geometry":{"type":"Polygon","coordinates":[[[31.046234,29.924382],[31.045417,29.924388],[31.044673,29.923847],[31.044737,29.923428],[31.043873,29.924102],[31.046088,29.925531],[31.04658,29.924982],[31.046519,29.924555],[31.046234,29.924382]]]}},{"type":"Feature","properties":{"source_layer":"Parcel","source_feature_count":1,"PARCEL_TYPE":9,"اسم_المحور":"محور دهشور","اسم_المحافظة":"محافظة الجيزة","نوع_نمط_العمران":"كمبوند","نوع_طبيعة_المنطقة":"قائمة","GlobalID":"{F228B610-8204-4198-B468-808EAA8901BF}","SHAPE_Length":324.9399605196424,"SHAPE_Area":6090.028585436727},"geometry":{"type":"Polygon","coordinates":[[[31.047103,29.923614],[31.046491,29.924337],[31.046608,29.924599],[31.047181,29.924488],[31.047566,29.923894],[31.047103,29.923614]]]}},{"type":"Feature","properties":{"source_layer":"Parcel","source_feature_count":1,"PARCEL_TYPE":14,"اسم_المحور":"محور دهشور","اسم_المحافظة":"محافظة الجيزة","نوع_نمط_العمران":"كمبوند","نوع_طبيعة_المنطقة":"قائمة","GlobalID":"{A23DA0B3-A654-426F-B0C5-5C3CF824045F}","SHAPE_Length":227.7851495294033,"SHAPE_Area":2888.283182283665},"geometry":{"type":"Polygon","coordinates":[[[31.04644,29.923281],[31.046156,29.923119],[31.045648,29.92372],[31.045992,29.923747],[31.04644,29.923281]]]}},{"type":"Feature","properties":{"source_layer":"Parcel","source_feature_count":1,"PARCEL_TYPE":9,"اسم_المحور":"محور دهشور","اسم_المحافظة":"محافظة الجيزة","نوع_نمط_العمران":"كمبوند","نوع_طبيعة_المنطقة":"قائمة","GlobalID":"{F3F2B4D1-51FD-45C7-903E-ECCBDEEC5EA8}","SHAPE_Length":258.8110677136719,"SHAPE_Area":4466.650749932375},"geometry":{"type":"Polygon","coordinates":[[[31.046191,29.922406],[31.045839,29.92273],[31.046554,29.923132],[31.046801,29.922798],[31.046191,29.922406]]]}},{"type":"Feature","properties":{"source_layer":"Parcel","source_feature_count":1,"PARCEL_TYPE":9,"اسم_المحور":"محور دهشور","اسم_المحافظة":"محافظة الجيزة","نوع_نمط_العمران":"كمبوند","نوع_طبيعة_المنطقة":"قائمة","GlobalID":"{FC32C53E-B633-46F9-BA65-4A5D0BB0BDA1}","SHAPE_Length":623.5498572748323,"SHAPE_Area":15197.197495417853},"geometry":{"type":"Polygon","coordinates":[[[31.047995,29.923678],[31.047734,29.923825],[31.047242,29.924447],[31.047425,29.925506],[31.047959,29.925896],[31.048321,29.925621],[31.047957,29.925216],[31.047849,29.924634],[31.048387,29.923863],[31.047995,29.923678]]]}},{"type":"Feature","properties":{"source_layer":"Parcel","source_feature_count":1,"PARCEL_TYPE":9,"اسم_المحور":"محور دهشور","اسم_المحافظة":"محافظة الجيزة","نوع_نمط_العمران":"كمبوند","نوع_طبيعة_المنطقة":"قائمة","GlobalID":"{3C7B2DAD-4F74-4367-9F36-47C105EF65C2}","SHAPE_Length":273.57060910382694,"SHAPE_Area":4867.053618262713},"geometry":{"type":"Polygon","coordinates":[[[31.048796,29.924754],[31.048086,29.925256],[31.048397,29.92554],[31.049107,29.925035],[31.048796,29.924754]]]}},{"type":"Feature","properties":{"source_layer":"Parcel","source_feature_count":1,"PARCEL_TYPE":14,"اسم_المحور":"محور دهشور","اسم_المحافظة":"محافظة الجيزة","نوع_نمط_العمران":"كمبوند","نوع_طبيعة_المنطقة":"قائمة","GlobalID":"{FC308CBC-A51C-4ACF-B3E9-54BA2922447B}","SHAPE_Length":196.86300578476937,"SHAPE_Area":2235.8414206755438},"geometry":{"type":"Polygon","coordinates":[[[31.04848,29.924832],[31.047973,29.924505],[31.047946,29.92454],[31.048017,29.925161],[31.04848,29.924832]]]}},{"type":"Feature","properties":{"source_layer":"Parcel","source_feature_count":1,"PARCEL_TYPE":9,"اسم_المحور":"محور دهشور","اسم_المحافظة":"محافظة الجيزة","نوع_نمط_العمران":"كمبوند","نوع_طبيعة_المنطقة":"قائمة","GlobalID":"{DF562346-878B-4E42-9F54-DFF82AD9485A}","SHAPE_Length":349.7240594561602,"SHAPE_Area":7005.372430473703},"geometry":{"type":"Polygon","coordinates":[[[31.048428,29.923934],[31.048231,29.924292],[31.049256,29.924938],[31.049472,29.924732],[31.049439,29.924496],[31.048428,29.923934]]]}},{"type":"Feature","properties":{"source_layer":"Parcel","source_feature_count":1,"PARCEL_TYPE":9,"اسم_المحور":"محور دهشور","اسم_المحافظة":"محافظة الجيزة","نوع_نمط_العمران":"كمبوند","نوع_طبيعة_المنطقة":"قائمة","GlobalID":"{223CA80D-07BC-483D-9718-2764333D5CFC}","SHAPE_Length":992.5993471018818,"SHAPE_Area":24262.891863772817},"geometry":{"type":"Polygon","coordinates":[[[31.047505,29.918368],[31.045888,29.918637],[31.04555,29.918878],[31.04539,29.919174],[31.045613,29.920345],[31.045901,29.920656],[31.046682,29.921135],[31.046945,29.920915],[31.046951,29.920743],[31.046127,29.920107],[31.045973,29.919258],[31.046244,29.919019],[31.047589,29.918796],[31.047505,29.918368]]]}},{"type":"Feature","properties":{"source_layer":"Parcel","source_feature_count":1,"PARCEL_TYPE":14,"اسم_المحور":"محور دهشور","اسم_المحافظة":"محافظة الجيزة","نوع_نمط_العمران":"كمبوند","نوع_طبيعة_المنطقة":"قائمة","GlobalID":"{5FF3E807-E93E-43A5-8F2C-B051B3A57196}","SHAPE_Length":267.16749114793936,"SHAPE_Area":2445.9071631811744},"geometry":{"type":"Polygon","coordinates":[[[31.049741,29.919511],[31.049584,29.918854],[31.049209,29.918905],[31.049137,29.918694],[31.049091,29.918949],[31.049741,29.919511]]]}},{"type":"Feature","properties":{"source_layer":"Parcel","source_feature_count":1,"PARCEL_TYPE":9,"اسم_المحور":"محور دهشور","اسم_المحافظة":"محافظة الجيزة","نوع_نمط_العمران":"كمبوند","نوع_طبيعة_المنطقة":"قائمة","GlobalID":"{6D779EE7-AFFD-450A-A918-60C56AE8BE36}","SHAPE_Length":347.84441469707843,"SHAPE_Area":7417.144645025678},"geometry":{"type":"Polygon","coordinates":[[[31.050634,29.921858],[31.050135,29.921896],[31.050058,29.922192],[31.050219,29.922748],[31.050695,29.923052],[31.050831,29.922891],[31.050813,29.92261],[31.050634,29.921858]]]}},{"type":"Feature","properties":{"source_layer":"Parcel","source_feature_count":1,"PARCEL_TYPE":9,"اسم_المحور":"محور دهشور","اسم_المحافظة":"محافظة الجيزة","نوع_نمط_العمران":"كمبوند","نوع_طبيعة_المنطقة":"قائمة","GlobalID":"{845FFEBB-B2BB-40D7-B1DC-EC365C3039B0}","SHAPE_Length":395.21647951697196,"SHAPE_Area":8486.218642701107},"geometry":{"type":"Polygon","coordinates":[[[31.050589,29.921692],[31.050499,29.921358],[31.050332,29.921275],[31.049168,29.92152],[31.048981,29.921843],[31.049137,29.922053],[31.050589,29.921692]]]}},{"type":"Feature","properties":{"source_layer":"Parcel","source_feature_count":1,"PARCEL_TYPE":14,"اسم_المحور":"محور دهشور","اسم_المحافظة":"محافظة الجيزة","نوع_نمط_العمران":"كمبوند","نوع_طبيعة_المنطقة":"قائمة","GlobalID":"{B6407220-90BA-4F18-BA93-62747CAAA043}","SHAPE_Length":237.63707354908126,"SHAPE_Area":3232.9007596385427},"geometry":{"type":"Polygon","coordinates":[[[31.04643,29.919575],[31.046112,29.919674],[31.04616,29.920048],[31.046638,29.9204],[31.046546,29.919673],[31.04643,29.919575]]]}},{"type":"Feature","properties":{"source_layer":"Parcel","source_feature_count":1,"PARCEL_TYPE":9,"اسم_المحور":"محور دهشور","اسم_المحافظة":"محافظة الجيزة","نوع_نمط_العمران":"كمبوند","نوع_طبيعة_المنطقة":"قائمة","GlobalID":"{57956AAC-D91C-467B-A0FF-39BAF03105BC}","SHAPE_Length":700.3858750964566,"SHAPE_Area":17841.514896765748},"geometry":{"type":"Polygon","coordinates":[[[31.046388,29.924255],[31.047327,29.923246],[31.04705,29.922958],[31.046759,29.923012],[31.046006,29.923821],[31.045522,29.923735],[31.044985,29.923378],[31.044704,29.923585],[31.044785,29.923888],[31.045518,29.924374],[31.046388,29.924255]]]}},{"type":"Feature","properties":{"source_layer":"Parcel","source_feature_count":1,"PARCEL_TYPE":9,"اسم_المحور":"محور دهشور","اسم_المحافظة":"محافظة الجيزة","نوع_نمط_العمران":"كمبوند","نوع_طبيعة_المنطقة":"قائمة","GlobalID":"{58ADFC0F-CC35-45F1-B82F-006BCA916190}","SHAPE_Length":271.3038088062775,"SHAPE_Area":4956.584323608443},"geometry":{"type":"Polygon","coordinates":[[[31.045739,29.922801],[31.045097,29.923319],[31.045423,29.923618],[31.045606,29.923591],[31.046046,29.923129],[31.045984,29.922916],[31.045739,29.922801]]]}},{"type":"Feature","properties":{"source_layer":"Parcel","source_feature_count":1,"PARCEL_TYPE":9,"اسم_المحور":"محور دهشور","اسم_المحافظة":"محافظة الجيزة","نوع_نمط_العمران":"كمبوند","نوع_طبيعة_المنطقة":"قائمة","GlobalID":"{62343F1C-0B99-47FD-9C31-080DA3E5DDD3}","SHAPE_Length":1617.8656157676544,"SHAPE_Area":44711.17772962941},"geometry":{"type":"Polygon","coordinates":[[[31.042257,29.923006],[31.045344,29.921072],[31.04495,29.920645],[31.044719,29.919963],[31.043677,29.920085],[31.04371,29.92054],[31.044181,29.920832],[31.044252,29.921282],[31.044081,29.921526],[31.04284,29.922266],[31.042523,29.922196],[31.042359,29.921967],[31.042288,29.9212],[31.042503,29.920699],[31.042434,29.920257],[31.041416,29.92037],[31.041742,29.922221],[31.042068,29.922802],[31.042257,29.923006]]]}},{"type":"Feature","properties":{"source_layer":"Parcel","source_feature_count":1,"PARCEL_TYPE":9,"اسم_المحور":"محور دهشور","اسم_المحافظة":"محافظة الجيزة","نوع_نمط_العمران":"كمبوند","نوع_طبيعة_المنطقة":"قائمة","GlobalID":"{259D8666-779C-4FA7-A66C-494F8EB7A277}","SHAPE_Length":468.14027590980305,"SHAPE_Area":11433.006672075486},"geometry":{"type":"Polygon","coordinates":[[[31.044178,29.920997],[31.043745,29.920648],[31.042652,29.920735],[31.04237,29.92129],[31.043381,29.921251],[31.043941,29.921516],[31.044163,29.921315],[31.044178,29.920997]]]}},{"type":"Feature","properties":{"source_layer":"Parcel","source_feature_count":1,"PARCEL_TYPE":14,"اسم_المحور":"محور دهشور","اسم_المحافظة":"محافظة الجيزة","نوع_نمط_العمران":"كمبوند","نوع_طبيعة_المنطقة":"تحت الانشاء","GlobalID":"{9EE3CC7C-8CEC-404F-8A9C-717DA569335B}","SHAPE_Length":1988.6359553253185,"SHAPE_Area":129256.72263089161},"geometry":{"type":"Polygon","coordinates":[[[31.043818,29.929206],[31.041168,29.92745],[31.041748,29.926991],[31.041677,29.926905],[31.041425,29.926931],[31.039943,29.928041],[31.038617,29.927939],[31.037269,29.92721],[31.036741,29.92788],[31.036859,29.928278],[31.037886,29.928937],[31.038418,29.929096],[31.039371,29.929054],[31.039984,29.929181],[31.04056,29.929543],[31.041319,29.930381],[31.042063,29.930708],[31.043115,29.930627],[31.043985,29.93004],[31.043418,29.929662],[31.043818,29.929206]]]}},{"type":"Feature","properties":{"source_layer":"Parcel","source_feature_count":1,"PARCEL_TYPE":14,"اسم_المحور":"محور دهشور","اسم_المحافظة":"محافظة الجيزة","نوع_نمط_العمران":"كمبوند","نوع_طبيعة_المنطقة":"تحت الانشاء","GlobalID":"{8F5C4638-A49C-4AE0-BF9B-2DBBDE9F2193}","SHAPE_Length":687.7295464343504,"SHAPE_Area":28901.292886290004},"geometry":{"type":"Polygon","coordinates":[[[31.045779,29.925802],[31.045005,29.925308],[31.044467,29.925246],[31.044055,29.925405],[31.042944,29.926285],[31.044165,29.927045],[31.045779,29.925802]]]}},{"type":"Feature","properties":{"source_layer":"Parcel","source_feature_count":1,"PARCEL_TYPE":9,"اسم_المحور":"محور دهشور","اسم_المحافظة":"محافظة الجيزة","نوع_نمط_العمران":"كمبوند","نوع_طبيعة_المنطقة":"تحت الانشاء","GlobalID":"{231E04A8-1D9B-4861-A246-A4818844DD21}","SHAPE_Length":1228.8604561438417,"SHAPE_Area":82500.39507394316},"geometry":{"type":"Polygon","coordinates":[[[31.046112,29.928335],[31.042944,29.926285],[31.042371,29.926692],[31.041677,29.926905],[31.041748,29.926991],[31.041168,29.92745],[31.044469,29.929652],[31.046112,29.928335]]]}},{"type":"Feature","properties":{"source_layer":"Parcel","source_feature_count":1,"PARCEL_TYPE":14,"اسم_المحور":"محور دهشور","اسم_المحافظة":"محافظة الجيزة","نوع_نمط_العمران":"كمبوند","نوع_طبيعة_المنطقة":"قائمة","GlobalID":"{BF74F1A8-592B-43A8-B1B9-08E5DC361252}","SHAPE_Length":202.0559847512036,"SHAPE_Area":2647.0817740634693},"geometry":{"type":"Polygon","coordinates":[[[31.047208,29.924906],[31.047181,29.924488],[31.046608,29.924599],[31.04668,29.924988],[31.047208,29.924906]]]}},{"type":"Feature","properties":{"source_layer":"Parcel","source_feature_count":1,"PARCEL_TYPE":9,"اسم_المحور":"محور دهشور","اسم_المحافظة":"محافظة الجيزة","نوع_نمط_العمران":"كمبوند","نوع_طبيعة_المنطقة":"قائمة","GlobalID":"{80DAA7F3-3128-4647-B5D8-085679A445AC}","SHAPE_Length":184.55632038456505,"SHAPE_Area":2220.923251572792},"geometry":{"type":"Polygon","coordinates":[[[31.043511,29.920091],[31.043142,29.920136],[31.043194,29.920613],[31.043607,29.920532],[31.043511,29.920091]]]}},{"type":"Feature","properties":{"source_layer":"Parcel","source_feature_count":1,"PARCEL_TYPE":14,"اسم_المحور":"محور دهشور","اسم_المحافظة":"محافظة الجيزة","نوع_نمط_العمران":"كمبوند","نوع_طبيعة_المنطقة":"قائمة","GlobalID":"{8E690B44-993D-4E4A-8C19-B61936EBDF1E}","SHAPE_Length":219.8410751695648,"SHAPE_Area":3124.4835705594624},"geometry":{"type":"Polygon","coordinates":[[[31.043194,29.920613],[31.043142,29.920136],[31.042535,29.92023],[31.042602,29.92066],[31.043194,29.920613]]]}},{"type":"Feature","properties":{"source_layer":"Parcel","source_feature_count":1,"PARCEL_TYPE":9,"اسم_المحور":"محور دهشور","اسم_المحافظة":"محافظة الجيزة","نوع_نمط_العمران":"كمبوند","نوع_طبيعة_المنطقة":"قائمة","GlobalID":"{986DBD51-E866-463A-80C9-807D5EB2685B}","SHAPE_Length":573.8241776002694,"SHAPE_Area":19855.51207948578},"geometry":{"type":"Polygon","coordinates":[[[31.048372,29.919338],[31.047889,29.919467],[31.048062,29.920382],[31.048293,29.92072],[31.048649,29.920941],[31.049787,29.920718],[31.049676,29.92022],[31.049035,29.919891],[31.048372,29.919338]]]}},{"type":"Feature","properties":{"source_layer":"Parcel","source_feature_count":1,"PARCEL_TYPE":14,"اسم_المحور":"محور دهشور","اسم_المحافظة":"محافظة الجيزة","نوع_نمط_العمران":"كمبوند","نوع_طبيعة_المنطقة":"تحت الانشاء","GlobalID":"{8108F768-25D7-40DF-B55D-6D8A850F03FC}","SHAPE_Length":441.3369947301929,"SHAPE_Area":12382.82688150527},"geometry":{"type":"Polygon","coordinates":[[[31.034476,29.916566],[31.03477,29.916348],[31.034843,29.915969],[31.033791,29.915249],[31.033282,29.915855],[31.03429,29.916564],[31.034476,29.916566]]]}},{"type":"Feature","properties":{"source_layer":"Parcel","source_feature_count":1,"PARCEL_TYPE":9,"اسم_المحور":"محور دهشور","اسم_المحافظة":"محافظة الجيزة","نوع_نمط_العمران":"كمبوند","نوع_طبيعة_المنطقة":"تحت الانشاء","GlobalID":"{CE8849A2-FBB2-4B67-83AF-71C67F7F523A}","SHAPE_Length":325.121585229808,"SHAPE_Area":5829.95807173704},"geometry":{"type":"Polygon","coordinates":[[[31.03477,29.916517],[31.035675,29.916335],[31.035604,29.91592],[31.035223,29.915604],[31.034885,29.915766],[31.034996,29.916122],[31.03477,29.916517]]]}},{"type":"Feature","properties":{"source_layer":"Parcel","source_feature_count":1,"PARCEL_TYPE":14,"اسم_المحور":"محور دهشور","اسم_المحافظة":"محافظة الجيزة","نوع_نمط_العمران":"كمبوند","نوع_طبيعة_المنطقة":"تحت الانشاء","GlobalID":"{153F838F-A6C9-4E05-A927-FD2560830892}","SHAPE_Length":1154.8663645417482,"SHAPE_Area":53771.31836476228},"geometry":{"type":"Polygon","coordinates":[[[31.030127,29.918942],[31.030128,29.917889],[31.027848,29.917916],[31.027691,29.917744],[31.027773,29.916968],[31.027136,29.916348],[31.026815,29.916562],[31.026555,29.917153],[31.026634,29.918187],[31.027043,29.918759],[31.0277,29.918997],[31.030127,29.918942]]]}},{"type":"Feature","properties":{"source_layer":"Parcel","source_feature_count":1,"PARCEL_TYPE":14,"اسم_المحور":"محور دهشور","اسم_المحافظة":"محافظة الجيزة","نوع_نمط_العمران":"كمبوند","نوع_طبيعة_المنطقة":"تحت الانشاء","GlobalID":"{6ECA55B1-21C7-4780-ACD8-ED1584354AB2}","SHAPE_Length":1016.3900075619098,"SHAPE_Area":48312.36136116},"geometry":{"type":"Polygon","coordinates":[[[31.03567,29.918772],[31.036186,29.918585],[31.036459,29.918183],[31.036203,29.916819],[31.03506,29.916981],[31.035055,29.917529],[31.034775,29.917789],[31.032968,29.917898],[31.033035,29.918848],[31.03567,29.918772]]]}},{"type":"Feature","properties":{"source_layer":"Parcel","source_feature_count":1,"PARCEL_TYPE":14,"اسم_المحور":"محور دهشور","اسم_المحافظة":"محافظة الجيزة","نوع_نمط_العمران":"كمبوند","نوع_طبيعة_المنطقة":"تحت الانشاء","GlobalID":"{12CF6612-28E4-4E74-9901-796742D3F01D}","SHAPE_Length":860.7351456374199,"SHAPE_Area":32400.045493663638},"geometry":{"type":"Polygon","coordinates":[[[31.031484,29.917064],[31.031483,29.916933],[31.03213,29.917046],[31.032062,29.915926],[31.031688,29.915678],[31.032092,29.915244],[31.031809,29.91509],[31.031577,29.915154],[31.029579,29.916828],[31.029784,29.917111],[31.031484,29.917064]]]}},{"type":"Feature","properties":{"source_layer":"Parcel","source_feature_count":1,"PARCEL_TYPE":14,"اسم_المحور":"محور دهشور","اسم_المحافظة":"محافظة الجيزة","نوع_نمط_العمران":"كمبوند","نوع_طبيعة_المنطقة":"تحت الانشاء","GlobalID":"{1FA7A7F1-B4BB-4518-B60B-82BCFCCD335B}","SHAPE_Length":468.25826150719774,"SHAPE_Area":13691.718187709},"geometry":{"type":"Polygon","coordinates":[[[31.031545,29.913342],[31.030945,29.913826],[31.031784,29.914568],[31.031886,29.914481],[31.032106,29.914666],[31.032655,29.91395],[31.031783,29.913333],[31.031545,29.913342]]]}},{"type":"Feature","properties":{"source_layer":"Parcel","source_feature_count":1,"PARCEL_TYPE":14,"اسم_المحور":"محور دهشور","اسم_المحافظة":"محافظة الجيزة","نوع_نمط_العمران":"كمبوند","نوع_طبيعة_المنطقة":"تحت الانشاء","GlobalID":"{1CA47993-E7A3-471B-B19B-95DACE54CD84}","SHAPE_Length":431.87406088789623,"SHAPE_Area":12170.339676657342},"geometry":{"type":"Polygon","coordinates":[[[31.030171,29.916077],[31.031169,29.915296],[31.030604,29.914765],[31.030424,29.914795],[31.029602,29.915493],[31.030171,29.916077]]]}},{"type":"Feature","properties":{"source_layer":"Parcel","source_feature_count":1,"PARCEL_TYPE":3,"اسم_المحور":"محور دهشور","اسم_المحافظة":"محافظة الجيزة","نوع_نمط_العمران":"اسكان اجتماعى شباب","نوع_طبيعة_المنطقة":"قائمة","GlobalID":"{B0DA5F8D-B8B0-435C-AB23-D188A8191CAF}","SHAPE_Length":543.9580821194437,"SHAPE_Area":7552.672946697924},"geometry":{"type":"Polygon","coordinates":[[[31.032327,29.922977],[31.033637,29.923799],[31.033436,29.922814],[31.033177,29.922282],[31.032771,29.922438],[31.033013,29.922595],[31.032932,29.922698],[31.033032,29.922759],[31.032795,29.923022],[31.032327,29.922977]]]}},{"type":"Feature","properties":{"source_layer":"Parcel","source_feature_count":1,"PARCEL_TYPE":9,"اسم_المحور":"محور دهشور","اسم_المحافظة":"محافظة الجيزة","نوع_نمط_العمران":"كمبوند","نوع_طبيعة_المنطقة":"قائمة","GlobalID":"{C3474987-6E58-4BBC-9002-D64724232E3C}","SHAPE_Length":157.86050559793256,"SHAPE_Area":1386.018224912987},"geometry":{"type":"Polygon","coordinates":[[[31.043155,29.918972],[31.042964,29.919003],[31.043058,29.919506],[31.043301,29.919432],[31.043155,29.918972]]]}},{"type":"Feature","properties":{"source_layer":"Parcel","source_feature_count":1,"PARCEL_TYPE":9,"اسم_المحور":"محور دهشور","اسم_المحافظة":"محافظة الجيزة","نوع_نمط_العمران":"كمبوند","نوع_طبيعة_المنطقة":"قائمة","GlobalID":"{08F6685B-A726-4C11-8EA3-2A9D722A49B6}","SHAPE_Length":172.71409523909566,"SHAPE_Area":1672.2307377036184},"geometry":{"type":"Polygon","coordinates":[[[31.048107,29.924346],[31.047973,29.924505],[31.04848,29.924832],[31.048621,29.924635],[31.048107,29.924346]]]}},{"type":"Feature","properties":{"source_layer":"Parcel","source_feature_count":1,"PARCEL_TYPE":3,"اسم_المحور":"محور دهشور","اسم_المحافظة":"محافظة الجيزة","نوع_نمط_العمران":"اسكان اجتماعى شباب","نوع_طبيعة_المنطقة":"قائمة","GlobalID":"{8088416F-F851-4AB1-B4DD-A453B43A84EB}","SHAPE_Length":356.3344684289394,"SHAPE_Area":5220.462861384939},"geometry":{"type":"Polygon","coordinates":[[[31.032979,29.921324],[31.034103,29.921155],[31.032957,29.920467],[31.033082,29.921038],[31.032979,29.921063],[31.032979,29.921324]]]}},{"type":"Feature","properties":{"source_layer":"Parcel","source_feature_count":1,"PARCEL_TYPE":3,"اسم_المحور":"محور دهشور","اسم_المحافظة":"محافظة الجيزة","نوع_نمط_العمران":"اسكان اجتماعى شباب","نوع_طبيعة_المنطقة":"قائمة","GlobalID":"{D0E33A60-2569-4D36-A42F-74B0982D68A9}","SHAPE_Length":380.39169278036985,"SHAPE_Area":7121.211951011128},"geometry":{"type":"Polygon","coordinates":[[[31.033285,29.922089],[31.033115,29.921306],[31.03197,29.921355],[31.031973,29.921494],[31.032762,29.921923],[31.032953,29.922178],[31.033285,29.922089]]]}},{"type":"Feature","properties":{"source_layer":"Parcel","source_feature_count":1,"PARCEL_TYPE":3,"اسم_المحور":"محور دهشور","اسم_المحافظة":"محافظة الجيزة","نوع_نمط_العمران":"اسكان اجتماعى شباب","نوع_طبيعة_المنطقة":"قائمة","GlobalID":"{F05422C3-AFE1-4200-B8B9-589F71DA6570}","SHAPE_Length":126.035287311452,"SHAPE_Area":880.0626174832576},"geometry":{"type":"Polygon","coordinates":[[[31.032342,29.92216],[31.031999,29.921926],[31.031871,29.922079],[31.032215,29.922312],[31.032342,29.92216]]]}},{"type":"Feature","properties":{"source_layer":"Parcel","source_feature_count":1,"PARCEL_TYPE":3,"اسم_المحور":"محور دهشور","اسم_المحافظة":"محافظة الجيزة","نوع_نمط_العمران":"اسكان اجتماعى شباب","نوع_طبيعة_المنطقة":"قائمة","GlobalID":"{290F4EB6-ADC4-4A81-B3D8-A74C4C493C1B}","SHAPE_Length":585.5376286081762,"SHAPE_Area":6308.331129323481},"geometry":{"type":"Polygon","coordinates":[[[31.030991,29.922027],[31.031226,29.921605],[31.031347,29.921683],[31.031501,29.921517],[31.031752,29.921679],[31.031812,29.921414],[31.031711,29.921331],[31.031103,29.921499],[31.031031,29.921407],[31.029785,29.921437],[31.030313,29.921659],[31.030253,29.921737],[31.030705,29.922038],[31.030762,29.921967],[31.031038,29.922144],[31.030991,29.922027]]]}},{"type":"Feature","properties":{"source_layer":"Parcel","source_feature_count":1,"PARCEL_TYPE":9,"اسم_المحور":"محور دهشور","اسم_المحافظة":"محافظة الجيزة","نوع_نمط_العمران":"كمبوند","نوع_طبيعة_المنطقة":"قائمة","GlobalID":"{F74873FF-3B5B-4DF7-ACDE-37685BA59E6F}","SHAPE_Length":1083.6094144315223,"SHAPE_Area":62641.21376520778},"geometry":{"type":"Polygon","coordinates":[[[31.043873,29.924102],[31.046644,29.921917],[31.045344,29.921072],[31.042257,29.923006],[31.043873,29.924102]]]}},{"type":"Feature","properties":{"source_layer":"Parcel","source_feature_count":1,"PARCEL_TYPE":9,"اسم_المحور":"محور دهشور","اسم_المحافظة":"محافظة الجيزة","نوع_نمط_العمران":"كمبوند","نوع_طبيعة_المنطقة":"قائمة","GlobalID":"{A0D8F7B8-82E1-4868-B838-13A666FFCEC9}","SHAPE_Length":244.94933100224017,"SHAPE_Area":3902.8418751240556},"geometry":{"type":"Polygon","coordinates":[[[31.043005,29.921304],[31.043033,29.921674],[31.043243,29.921925],[31.043869,29.921568],[31.04347,29.921334],[31.043005,29.921304]]]}},{"type":"Feature","properties":{"source_layer":"Parcel","source_feature_count":1,"PARCEL_TYPE":9,"اسم_المحور":"محور دهشور","اسم_المحافظة":"محافظة الجيزة","نوع_نمط_العمران":"كمبوند","نوع_طبيعة_المنطقة":"قائمة","GlobalID":"{28533F8C-CAA0-485A-BB4F-67286AA95194}","SHAPE_Length":272.7916627496997,"SHAPE_Area":4793.368774355397},"geometry":{"type":"Polygon","coordinates":[[[31.042844,29.921339],[31.042392,29.921496],[31.042464,29.92202],[31.042762,29.922199],[31.043166,29.921992],[31.042844,29.921339]]]}},{"type":"Feature","properties":{"source_layer":"Parcel","source_feature_count":1,"PARCEL_TYPE":9,"اسم_المحور":"محور دهشور","اسم_المحافظة":"محافظة الجيزة","نوع_نمط_العمران":"كمبوند","نوع_طبيعة_المنطقة":"قائمة","GlobalID":"{E54DE308-84CD-4B5C-9992-2704804BEFDC}","SHAPE_Length":626.5019436169881,"SHAPE_Area":11012.161052968417},"geometry":{"type":"Polygon","coordinates":[[[31.061189,29.907346],[31.06171,29.906931],[31.06184,29.907044],[31.063209,29.905919],[31.062955,29.905687],[31.061762,29.906521],[31.060732,29.906888],[31.061189,29.907346]]]}},{"type":"Feature","properties":{"source_layer":"Parcel","source_feature_count":1,"PARCEL_TYPE":9,"اسم_المحور":"محور دهشور","اسم_المحافظة":"محافظة الجيزة","نوع_نمط_العمران":"كمبوند","نوع_طبيعة_المنطقة":"قائمة","GlobalID":"{33B44C54-8E5F-4B7A-8F59-B079935726E7}","SHAPE_Length":316.3239167241579,"SHAPE_Area":6246.333880467649},"geometry":{"type":"Polygon","coordinates":[[[31.065986,29.910386],[31.065537,29.910768],[31.066224,29.911391],[31.066668,29.911011],[31.065986,29.910386]]]}},{"type":"Feature","properties":{"source_layer":"Parcel","source_feature_count":1,"PARCEL_TYPE":9,"اسم_المحور":"محور دهشور","اسم_المحافظة":"محافظة الجيزة","نوع_نمط_العمران":"كمبوند","نوع_طبيعة_المنطقة":"قائمة","GlobalID":"{E1B844F8-79E2-43C7-8FE2-D3F72C0D1CBE}","SHAPE_Length":843.3729196518216,"SHAPE_Area":12620.940446284241},"geometry":{"type":"Polygon","coordinates":[[[31.069717,29.904997],[31.066725,29.907354],[31.066923,29.907543],[31.069953,29.905207],[31.069717,29.904997]]]}},{"type":"Feature","properties":{"source_layer":"Parcel","source_feature_count":1,"PARCEL_TYPE":9,"اسم_المحور":"محور دهشور","اسم_المحافظة":"محافظة الجيزة","نوع_نمط_العمران":"كمبوند","نوع_طبيعة_المنطقة":"قائمة","GlobalID":"{47937477-7C53-4780-A5E4-C0211F83C043}","SHAPE_Length":448.46797218072504,"SHAPE_Area":11813.307596674049},"geometry":{"type":"Polygon","coordinates":[[[31.053995,29.900918],[31.052585,29.901031],[31.05267,29.901781],[31.054127,29.901671],[31.053995,29.900918]]]}},{"type":"Feature","properties":{"source_layer":"Parcel","source_feature_count":1,"PARCEL_TYPE":9,"اسم_المحور":"محور دهشور","اسم_المحافظة":"محافظة الجيزة","نوع_نمط_العمران":"اسكان اجتماعى شباب","نوع_طبيعة_المنطقة":"قائمة","GlobalID":"{2BEDE055-CDBA-4940-BEE1-28E0A7D9BE0C}","SHAPE_Length":495.66685304027055,"SHAPE_Area":12629.56483565957},"geometry":{"type":"Polygon","coordinates":[[[31.035806,29.926958],[31.036706,29.926051],[31.035942,29.925537],[31.03512,29.926454],[31.035806,29.926958]]]}},{"type":"Feature","properties":{"source_layer":"Parcel","source_feature_count":1,"PARCEL_TYPE":9,"اسم_المحور":"محور دهشور","اسم_المحافظة":"محافظة الجيزة","نوع_نمط_العمران":"كمبوند","نوع_طبيعة_المنطقة":"قائمة","GlobalID":"{37DE8D96-9582-4D55-A067-9ADEE8FB3019}","SHAPE_Length":612.3995492441935,"SHAPE_Area":10294.92228710026},"geometry":{"type":"Polygon","coordinates":[[[31.070355,29.902237],[31.068862,29.904213],[31.069174,29.90449],[31.070648,29.902397],[31.070355,29.902237]]]}},{"type":"Feature","properties":{"source_layer":"Parcel","source_feature_count":1,"PARCEL_TYPE":9,"اسم_المحور":"محور دهشور","اسم_المحافظة":"محافظة الجيزة","نوع_نمط_العمران":"كمبوند","نوع_طبيعة_المنطقة":"قائمة","GlobalID":"{29211CC7-0945-471F-8F9C-B8DB58D24E1A}","SHAPE_Length":326.19900684541585,"SHAPE_Area":6686.977599310425},"geometry":{"type":"Polygon","coordinates":[[[31.070311,29.903096],[31.069812,29.903782],[31.070215,29.904193],[31.070905,29.903614],[31.070311,29.903096]]]}},{"type":"Feature","properties":{"source_layer":"Parcel","source_feature_count":1,"PARCEL_TYPE":9,"اسم_المحور":"محور دهشور","اسم_المحافظة":"محافظة الجيزة","نوع_نمط_العمران":"كمبوند","نوع_طبيعة_المنطقة":"قائمة","GlobalID":"{3A3CDB53-1A77-4F3E-AE98-B92D7AAB9E0A}","SHAPE_Length":256.60531491175215,"SHAPE_Area":3868.95515146939},"geometry":{"type":"Polygon","coordinates":[[[31.063253,29.907072],[31.062995,29.907329],[31.063621,29.907875],[31.063898,29.907628],[31.063253,29.907072]]]}},{"type":"Feature","properties":{"source_layer":"Parcel","source_feature_count":1,"PARCEL_TYPE":9,"اسم_المحور":"محور دهشور","اسم_المحافظة":"محافظة الجيزة","نوع_نمط_العمران":"كمبوند","نوع_طبيعة_المنطقة":"قائمة","GlobalID":"{2F965658-0B47-4516-95DD-26992636FF41}","SHAPE_Length":703.6017655499076,"SHAPE_Area":15983.809131151897},"geometry":{"type":"Polygon","coordinates":[[[31.065082,29.898938],[31.063069,29.898797],[31.062902,29.898895],[31.062876,29.899098],[31.063049,29.899231],[31.064583,29.899313],[31.064759,29.899463],[31.064738,29.900088],[31.065339,29.900107],[31.065332,29.899198],[31.065082,29.898938]]]}},{"type":"Feature","properties":{"source_layer":"Parcel","source_feature_count":1,"PARCEL_TYPE":14,"اسم_المحور":"محور دهشور","اسم_المحافظة":"محافظة الجيزة","نوع_نمط_العمران":"كمبوند","نوع_طبيعة_المنطقة":"تحت الانشاء","GlobalID":"{E051DF69-3B77-473B-A596-63E88F42E7F3}","SHAPE_Length":962.9188063379336,"SHAPE_Area":13570.404343490834},"geometry":{"type":"Polygon","coordinates":[[[31.033258,29.913877],[31.031563,29.91281],[31.030496,29.91367],[31.030745,29.913869],[31.031489,29.913279],[31.031712,29.913223],[31.032675,29.913822],[31.032722,29.91409],[31.031999,29.914937],[31.032159,29.915104],[31.033258,29.913877]]]}},{"type":"Feature","properties":{"source_layer":"Parcel","source_feature_count":1,"PARCEL_TYPE":14,"اسم_المحور":"محور دهشور","اسم_المحافظة":"محافظة الجيزة","نوع_نمط_العمران":"كمبوند","نوع_طبيعة_المنطقة":"تحت الانشاء","GlobalID":"{363CF927-2560-45FF-AEE5-AAEDFE9F9FD8}","SHAPE_Length":544.8825927630664,"SHAPE_Area":11363.286694999162},"geometry":{"type":"Polygon","coordinates":[[[31.033463,29.914043],[31.033308,29.913943],[31.032266,29.915155],[31.033126,29.915752],[31.033689,29.915176],[31.033061,29.914632],[31.033463,29.914043]]]}},{"type":"Feature","properties":{"source_layer":"Parcel","source_feature_count":1,"PARCEL_TYPE":14,"اسم_المحور":"محور دهشور","اسم_المحافظة":"محافظة الجيزة","نوع_نمط_العمران":"كمبوند","نوع_طبيعة_المنطقة":"تحت الانشاء","GlobalID":"{297FF8FC-A45D-4E71-85B0-F7BDF7B173F5}","SHAPE_Length":529.4223351388433,"SHAPE_Area":11260.14790514489},"geometry":{"type":"Polygon","coordinates":[[[31.03136,29.915153],[31.031583,29.914894],[31.03038,29.91378],[31.029652,29.914317],[31.030208,29.914818],[31.030582,29.914556],[31.03136,29.915153]]]}},{"type":"Feature","properties":{"source_layer":"Parcel","source_feature_count":1,"PARCEL_TYPE":9,"اسم_المحور":"محور دهشور","اسم_المحافظة":"محافظة الجيزة","نوع_نمط_العمران":"كمبوند","نوع_طبيعة_المنطقة":"تحت الانشاء","GlobalID":"{B45754E5-394C-4B30-AC4A-F51BCC80CF0E}","SHAPE_Length":364.3778832593843,"SHAPE_Area":4151.9806763059905},"geometry":{"type":"Polygon","coordinates":[[[31.032106,29.914666],[31.031886,29.914481],[31.031784,29.914568],[31.030945,29.913826],[31.030806,29.913943],[31.031807,29.914892],[31.032106,29.914666]]]}},{"type":"Feature","properties":{"source_layer":"Parcel","source_feature_count":1,"PARCEL_TYPE":9,"اسم_المحور":"محور دهشور","اسم_المحافظة":"محافظة الجيزة","نوع_نمط_العمران":"خدمات ","نوع_طبيعة_المنطقة":"قائمة","GlobalID":"{199F345A-D782-49E4-AD72-A47A676375F2}","SHAPE_Length":624.3961073701967,"SHAPE_Area":25477.564794640057},"geometry":{"type":"Polygon","coordinates":[[[31.073044,29.874555],[31.074057,29.874232],[31.074261,29.874057],[31.074309,29.873606],[31.074063,29.87296],[31.072138,29.873727],[31.072111,29.873922],[31.072413,29.874534],[31.073044,29.874555]]]}},{"type":"Feature","properties":{"source_layer":"Parcel","source_feature_count":1,"PARCEL_TYPE":9,"اسم_المحور":"محور دهشور","اسم_المحافظة":"محافظة الجيزة","نوع_نمط_العمران":"كمبوند","نوع_طبيعة_المنطقة":"قائمة","GlobalID":"{D0E179CF-BD01-4C12-A6A2-E1F7C13F7D3C}","SHAPE_Length":432.2673679092825,"SHAPE_Area":9041.994568575252},"geometry":{"type":"Polygon","coordinates":[[[31.078907,29.893472],[31.078743,29.893243],[31.07799,29.893452],[31.077502,29.893311],[31.077136,29.89348],[31.077268,29.893882],[31.077524,29.894028],[31.078827,29.893626],[31.078907,29.893472]]]}},{"type":"Feature","properties":{"source_layer":"Parcel","source_feature_count":1,"PARCEL_TYPE":9,"اسم_المحور":"محور دهشور","اسم_المحافظة":"محافظة الجيزة","نوع_نمط_العمران":"كمبوند","نوع_طبيعة_المنطقة":"قائمة","GlobalID":"{DD66B9A5-3CDF-4433-8B2A-50372B62F50D}","SHAPE_Length":573.818551281895,"SHAPE_Area":13717.705944666617},"geometry":{"type":"Polygon","coordinates":[[[31.079642,29.891548],[31.08072,29.891191],[31.080392,29.890508],[31.07819,29.891221],[31.078597,29.891218],[31.079642,29.891548]]]}},{"type":"Feature","properties":{"source_layer":"Parcel","source_feature_count":1,"PARCEL_TYPE":9,"اسم_المحور":"محور دهشور","اسم_المحافظة":"محافظة الجيزة","نوع_نمط_العمران":"كمبوند","نوع_طبيعة_المنطقة":"قائمة","GlobalID":"{940C1CAD-3BB1-465A-AF99-2E9A309F6247}","SHAPE_Length":388.1035427534345,"SHAPE_Area":5440.192415354684},"geometry":{"type":"Polygon","coordinates":[[[31.07932,29.891617],[31.078437,29.891279],[31.077479,29.891559],[31.077902,29.891734],[31.078431,29.891609],[31.078907,29.89177],[31.07932,29.891617]]]}},{"type":"Feature","properties":{"source_layer":"Parcel","source_feature_count":1,"PARCEL_TYPE":9,"اسم_المحور":"محور دهشور","اسم_المحافظة":"محافظة الجيزة","نوع_نمط_العمران":"كمبوند","نوع_طبيعة_المنطقة":"قائمة","GlobalID":"{D9140873-CFB3-48F0-A1D8-6401417EED3E}","SHAPE_Length":669.1238861364537,"SHAPE_Area":22171.23743723234},"geometry":{"type":"Polygon","coordinates":[[[31.080231,29.891452],[31.07866,29.891993],[31.077967,29.8933],[31.079582,29.892807],[31.080326,29.891547],[31.080231,29.891452]]]}},{"type":"Feature","properties":{"source_layer":"Parcel","source_feature_count":1,"PARCEL_TYPE":9,"اسم_المحور":"محور دهشور","اسم_المحافظة":"محافظة الجيزة","نوع_نمط_العمران":"كمبوند","نوع_طبيعة_المنطقة":"قائمة","GlobalID":"{9C369B22-8477-4FA7-8EC2-BE5A568C8F8C}","SHAPE_Length":230.84299422233096,"SHAPE_Area":3324.0957110275313},"geometry":{"type":"Polygon","coordinates":[[[31.065141,29.908859],[31.064856,29.909104],[31.06542,29.90958],[31.065666,29.909324],[31.065141,29.908859]]]}},{"type":"Feature","properties":{"source_layer":"Parcel","source_feature_count":1,"PARCEL_TYPE":14,"اسم_المحور":"محور دهشور","اسم_المحافظة":"محافظة الجيزة","نوع_نمط_العمران":"كمبوند","نوع_طبيعة_المنطقة":"تحت الانشاء","GlobalID":"{96831A08-00C1-4184-A275-799B392E0D41}","SHAPE_Length":441.829315445118,"SHAPE_Area":10915.151176550598},"geometry":{"type":"Polygon","coordinates":[[[31.040007,29.927905],[31.040161,29.927804],[31.040075,29.92767],[31.038936,29.926966],[31.038319,29.927666],[31.038813,29.927874],[31.040007,29.927905]]]}},{"type":"Feature","properties":{"source_layer":"Parcel","source_feature_count":1,"PARCEL_TYPE":9,"اسم_المحور":"محور دهشور","اسم_المحافظة":"محافظة الجيزة","نوع_نمط_العمران":"كمبوند","نوع_طبيعة_المنطقة":"قائمة","GlobalID":"{08788A36-BB51-474A-B464-9025F5153289}","SHAPE_Length":388.3960696516097,"SHAPE_Area":8667.39992120878},"geometry":{"type":"Polygon","coordinates":[[[31.043069,29.925522],[31.042129,29.924937],[31.041628,29.925388],[31.042517,29.92604],[31.043069,29.925522]]]}},{"type":"Feature","properties":{"source_layer":"Parcel","source_feature_count":1,"PARCEL_TYPE":9,"اسم_المحور":"محور دهشور","اسم_المحافظة":"محافظة الجيزة","نوع_نمط_العمران":"كمبوند","نوع_طبيعة_المنطقة":"قائمة","GlobalID":"{F9B3B969-C44D-4053-85F4-A5CEA1F35D5C}","SHAPE_Length":277.6254950962318,"SHAPE_Area":3534.7873646979006},"geometry":{"type":"Polygon","coordinates":[[[31.05004,29.921942],[31.049211,29.922102],[31.050094,29.922678],[31.05004,29.921942]]]}},{"type":"Feature","properties":{"source_layer":"Parcel","source_feature_count":1,"PARCEL_TYPE":14,"اسم_المحور":"محور دهشور","اسم_المحافظة":"محافظة الجيزة","نوع_نمط_العمران":"كمبوند","نوع_طبيعة_المنطقة":"تحت الانشاء","GlobalID":"{E9C035C4-0865-4ACE-B0E2-F4B19F6A3CB4}","SHAPE_Length":576.2297203963134,"SHAPE_Area":13545.653368237412},"geometry":{"type":"Polygon","coordinates":[[[31.032769,29.918862],[31.032767,29.917183],[31.032411,29.917165],[31.03237,29.917951],[31.032186,29.918066],[31.03171,29.918076],[31.031712,29.918895],[31.032769,29.918862]]]}},{"type":"Feature","properties":{"source_layer":"Parcel","source_feature_count":1,"PARCEL_TYPE":9,"اسم_المحور":"محور دهشور","اسم_المحافظة":"محافظة الجيزة","نوع_نمط_العمران":"اسكان اجتماعى شباب","نوع_طبيعة_المنطقة":"قائمة","GlobalID":"{5D7A1F7F-2045-442D-9F11-93A2B8E3B1A3}","SHAPE_Length":1639.5752613749185,"SHAPE_Area":162927.6005856956},"geometry":{"type":"Polygon","coordinates":[[[31.065681,29.87732],[31.061439,29.878929],[31.062393,29.880957],[31.062827,29.881221],[31.06289,29.881661],[31.063475,29.882219],[31.067238,29.879278],[31.066263,29.878155],[31.065852,29.877403],[31.065681,29.87732]]]}},{"type":"Feature","properties":{"source_layer":"Parcel","source_feature_count":1,"PARCEL_TYPE":9,"اسم_المحور":"محور دهشور","اسم_المحافظة":"محافظة الجيزة","نوع_نمط_العمران":"اسكان اجتماعى شباب","نوع_طبيعة_المنطقة":"قائمة","GlobalID":"{89770F5C-A47E-4D14-B94B-FAF815EEF4FD}","SHAPE_Length":2645.0637369205956,"SHAPE_Area":286030.6161242888},"geometry":{"type":"Polygon","coordinates":[[[31.062684,29.881798],[31.062068,29.881728],[31.053746,29.885163],[31.053569,29.885427],[31.05323,29.885625],[31.052413,29.887628],[31.054488,29.888285],[31.055948,29.887274],[31.058523,29.886139],[31.063255,29.882454],[31.062684,29.881798]]]}},{"type":"Feature","properties":{"source_layer":"Parcel","source_feature_count":1,"PARCEL_TYPE":9,"اسم_المحور":"محور دهشور","اسم_المحافظة":"محافظة الجيزة","نوع_نمط_العمران":"كمبوند","نوع_طبيعة_المنطقة":"قائمة","GlobalID":"{A7EE25E1-EA07-4CDB-BABE-F6B6B4377210}","SHAPE_Length":270.6083045477025,"SHAPE_Area":4715.837917951019},"geometry":{"type":"Polygon","coordinates":[[[31.060144,29.90313],[31.059567,29.903427],[31.059724,29.903886],[31.060497,29.903503],[31.060504,29.903333],[31.060144,29.90313]]]}},{"type":"Feature","properties":{"source_layer":"Parcel","source_feature_count":1,"PARCEL_TYPE":9,"اسم_المحور":"محور دهشور","اسم_المحافظة":"محافظة الجيزة","نوع_نمط_العمران":"اسكان اجتماعى شباب","نوع_طبيعة_المنطقة":"قائمة","GlobalID":"{D05415B0-8A75-4AE5-A449-25353895D95C}","SHAPE_Length":106.37537613727012,"SHAPE_Area":694.0773504848238},"geometry":{"type":"Polygon","coordinates":[[[31.071645,29.875515],[31.071555,29.875323],[31.071265,29.875428],[31.071357,29.875619],[31.071645,29.875515]]]}},{"type":"Feature","properties":{"source_layer":"Parcel","source_feature_count":1,"PARCEL_TYPE":9,"اسم_المحور":"محور دهشور","اسم_المحافظة":"محافظة الجيزة","نوع_نمط_العمران":"كمبوند","نوع_طبيعة_المنطقة":"قائمة","GlobalID":"{808DA8A6-AED7-47F0-861D-3B661A14E5C0}","SHAPE_Length":333.4463150722438,"SHAPE_Area":3683.5793033578957},"geometry":{"type":"Polygon","coordinates":[[[31.050013,29.91948],[31.049783,29.91861],[31.049164,29.918682],[31.049209,29.918905],[31.049584,29.918854],[31.049743,29.919526],[31.050013,29.91948]]]}},{"type":"Feature","properties":{"source_layer":"Parcel","source_feature_count":1,"PARCEL_TYPE":9,"اسم_المحور":"محور دهشور","اسم_المحافظة":"محافظة الجيزة","نوع_نمط_العمران":"كمبوند","نوع_طبيعة_المنطقة":"تحت الانشاء","GlobalID":"{9F54CC01-FE54-4389-9D2D-0B46E3B8DA84}","SHAPE_Length":275.97552899342514,"SHAPE_Area":4729.59596416281},"geometry":{"type":"Polygon","coordinates":[[[31.044469,29.929652],[31.043818,29.929206],[31.043418,29.929662],[31.043985,29.93004],[31.044469,29.929652]]]}},{"type":"Feature","properties":{"source_layer":"Parcel","source_feature_count":1,"PARCEL_TYPE":9,"اسم_المحور":"محور دهشور","اسم_المحافظة":"محافظة الجيزة","نوع_نمط_العمران":"كمبوند","نوع_طبيعة_المنطقة":"قائمة","GlobalID":"{2354874B-F262-4567-84B0-038EFB537CB4}","SHAPE_Length":399.02611025742505,"SHAPE_Area":8823.438869237949},"geometry":{"type":"Polygon","coordinates":[[[31.047701,29.922625],[31.046644,29.921917],[31.046163,29.922302],[31.047241,29.922991],[31.047551,29.922985],[31.047701,29.922625]]]}},{"type":"Feature","properties":{"source_layer":"Parcel","source_feature_count":1,"PARCEL_TYPE":9,"اسم_المحور":"محور دهشور","اسم_المحافظة":"محافظة الجيزة","نوع_نمط_العمران":"اسكان اجتماعى شباب","نوع_طبيعة_المنطقة":"قائمة","GlobalID":"{F0C54358-759C-4489-8877-315FA2ED417D}","SHAPE_Length":148.33076855978007,"SHAPE_Area":1283.7504894334966},"geometry":{"type":"Polygon","coordinates":[[[31.051555,29.884696],[31.051293,29.884598],[31.051102,29.884984],[31.051364,29.885082],[31.051555,29.884696]]]}},{"type":"Feature","properties":{"source_layer":"Parcel","source_feature_count":1,"PARCEL_TYPE":9,"اسم_المحور":"محور دهشور","اسم_المحافظة":"محافظة الجيزة","نوع_نمط_العمران":"اسكان اجتماعى شباب","نوع_طبيعة_المنطقة":"قائمة","GlobalID":"{2447086C-9809-4A38-8B67-2A268B30EAE3}","SHAPE_Length":166.96778969339903,"SHAPE_Area":1734.6275756983441},"geometry":{"type":"Polygon","coordinates":[[[31.050893,29.884447],[31.050522,29.884307],[31.050347,29.884683],[31.050721,29.884815],[31.050893,29.884447]]]}},{"type":"Feature","properties":{"source_layer":"Parcel","source_feature_count":1,"PARCEL_TYPE":9,"اسم_المحور":"محور دهشور","اسم_المحافظة":"محافظة الجيزة","نوع_نمط_العمران":"كمبوند","نوع_طبيعة_المنطقة":"قائمة","GlobalID":"{6C2CDB89-0A8B-47BC-90A0-6976D9626864}","SHAPE_Length":219.45883079968917,"SHAPE_Area":3253.883431783641},"geometry":{"type":"Polygon","coordinates":[[[31.061781,29.901045],[31.061463,29.901303],[31.061844,29.901654],[31.062282,29.901245],[31.062055,29.901032],[31.061781,29.901045]]]}},{"type":"Feature","properties":{"source_layer":"Parcel","source_feature_count":1,"PARCEL_TYPE":9,"اسم_المحور":"محور دهشور","اسم_المحافظة":"محافظة الجيزة","نوع_نمط_العمران":"كمبوند","نوع_طبيعة_المنطقة":"قائمة","GlobalID":"{163A29AE-77F7-4B7E-BD26-AD978DE91250}","SHAPE_Length":219.7808439488477,"SHAPE_Area":3244.0114651626814},"geometry":{"type":"Polygon","coordinates":[[[31.061689,29.901781],[31.06131,29.90143],[31.0609,29.901808],[31.061217,29.902116],[31.061689,29.901781]]]}},{"type":"Feature","properties":{"source_layer":"Parcel","source_feature_count":1,"PARCEL_TYPE":14,"اسم_المحور":"محور دهشور","اسم_المحافظة":"محافظة الجيزة","نوع_نمط_العمران":"اسكان اجتماعى شباب","نوع_طبيعة_المنطقة":"قائمة","GlobalID":"{54BDFC3D-E046-408E-B325-9A51DD62F0F7}","SHAPE_Length":582.8735380866058,"SHAPE_Area":17918.74178706817},"geometry":{"type":"Polygon","coordinates":[[[30.902144,29.895272],[30.900263,29.89439],[30.899865,29.89509],[30.901694,29.895966],[30.902144,29.895272]]]}},{"type":"Feature","properties":{"source_layer":"Parcel","source_feature_count":1,"PARCEL_TYPE":14,"اسم_المحور":"محور دهشور","اسم_المحافظة":"محافظة الجيزة","نوع_نمط_العمران":"اسكان اجتماعى شباب","نوع_طبيعة_المنطقة":"قائمة","GlobalID":"{08EE84DB-1985-44DE-A6BF-3CF583147A75}","SHAPE_Length":409.8680621622358,"SHAPE_Area":9822.627788028023},"geometry":{"type":"Polygon","coordinates":[[[30.964902,29.912155],[30.964632,29.911732],[30.96451,29.91179],[30.964246,29.911442],[30.963962,29.911602],[30.963832,29.911429],[30.963526,29.911644],[30.963537,29.911965],[30.964027,29.912448],[30.964291,29.912445],[30.964902,29.912155]]]}},{"type":"Feature","properties":{"source_layer":"Parcel","source_feature_count":1,"PARCEL_TYPE":9,"اسم_المحور":"محور دهشور","اسم_المحافظة":"محافظة الجيزة","نوع_نمط_العمران":"اسكان اجتماعى شباب","نوع_طبيعة_المنطقة":"قائمة","GlobalID":"{E0F5605B-5D74-4473-9089-EB94515B0132}","SHAPE_Length":854.5161186983768,"SHAPE_Area":33969.93120259709},"geometry":{"type":"Polygon","coordinates":[[[30.906298,29.879003],[30.907122,29.879297],[30.907726,29.878309],[30.906256,29.877559],[30.90607,29.87765],[30.904912,29.879678],[30.905518,29.879914],[30.906023,29.879106],[30.906298,29.879003]]]}},{"type":"Feature","properties":{"source_layer":"Parcel","source_feature_count":1,"PARCEL_TYPE":9,"اسم_المحور":"محور دهشور","اسم_المحافظة":"محافظة الجيزة","نوع_نمط_العمران":"اسكان اجتماعى شباب","نوع_طبيعة_المنطقة":"قائمة","GlobalID":"{61F16C64-1F47-44E5-BD49-8025B425DFE6}","SHAPE_Length":2378.016797443936,"SHAPE_Area":134676.29742524854},"geometry":{"type":"Polygon","coordinates":[[[30.906212,29.877459],[30.907776,29.878175],[30.907801,29.878441],[30.907256,29.879413],[30.908223,29.879892],[30.909912,29.877291],[30.906266,29.87612],[30.905793,29.876107],[30.903275,29.880188],[30.903297,29.88036],[30.904703,29.881018],[30.904901,29.880977],[30.905402,29.880108],[30.904804,29.879764],[30.904764,29.879638],[30.906042,29.877541],[30.906212,29.877459]]]}},{"type":"Feature","properties":{"source_layer":"Parcel","source_feature_count":1,"PARCEL_TYPE":9,"اسم_المحور":"محور دهشور","اسم_المحافظة":"محافظة الجيزة","نوع_نمط_العمران":"اسكان اجتماعى شباب","نوع_طبيعة_المنطقة":"قائمة","GlobalID":"{E3F91FB5-29B0-4F3A-898C-FA6A5500B734}","SHAPE_Length":831.7818538299897,"SHAPE_Area":32583.111427726028},"geometry":{"type":"Polygon","coordinates":[[[30.887265,29.880517],[30.887839,29.880741],[30.888431,29.879754],[30.88697,29.878999],[30.885708,29.881079],[30.886252,29.881364],[30.886761,29.880596],[30.887265,29.880517]]]}},{"type":"Feature","properties":{"source_layer":"Parcel","source_feature_count":1,"PARCEL_TYPE":9,"اسم_المحور":"محور دهشور","اسم_المحافظة":"محافظة الجيزة","نوع_نمط_العمران":"اسكان اجتماعى شباب","نوع_طبيعة_المنطقة":"قائمة","GlobalID":"{FC9FCE16-4EA6-4027-9E4C-29952D846D3F}","SHAPE_Length":2224.178833397927,"SHAPE_Area":102658.84867348598},"geometry":{"type":"Polygon","coordinates":[[[30.894148,29.88227],[30.895564,29.882958],[30.895587,29.883192],[30.895013,29.884169],[30.895824,29.884566],[30.89721,29.882361],[30.893899,29.880825],[30.891309,29.885176],[30.892515,29.885748],[30.892694,29.885712],[30.893196,29.884868],[30.892675,29.884538],[30.892622,29.88423],[30.893758,29.882371],[30.894148,29.88227]]]}},{"type":"Feature","properties":{"source_layer":"Parcel","source_feature_count":1,"PARCEL_TYPE":9,"اسم_المحور":"محور دهشور","اسم_المحافظة":"محافظة الجيزة","نوع_نمط_العمران":"اسكان اجتماعى شباب","نوع_طبيعة_المنطقة":"قائمة","GlobalID":"{E4A2DEC0-74B7-42C9-B0D7-80EC7D9FC108}","SHAPE_Length":829.0651843076084,"SHAPE_Area":33834.004888218304},"geometry":{"type":"Polygon","coordinates":[[[30.91138,29.880047],[30.909974,29.879397],[30.909415,29.880417],[30.91009,29.880923],[30.909616,29.881859],[30.910277,29.88217],[30.91041,29.882117],[30.911464,29.880206],[30.91138,29.880047]]]}},{"type":"Feature","properties":{"source_layer":"Parcel","source_feature_count":1,"PARCEL_TYPE":9,"اسم_المحور":"محور دهشور","اسم_المحافظة":"محافظة الجيزة","نوع_نمط_العمران":"اسكان اجتماعى شباب","نوع_طبيعة_المنطقة":"قائمة","GlobalID":"{2ED46B40-2C5B-4962-BD08-5600A97BEBDF}","SHAPE_Length":2437.868548746767,"SHAPE_Area":144561.1123801256},"geometry":{"type":"Polygon","coordinates":[[[30.910564,29.883623],[30.911522,29.882128],[30.911707,29.881541],[30.913681,29.878559],[30.913565,29.878381],[30.913249,29.878259],[30.910105,29.87731],[30.90836,29.879942],[30.909287,29.880406],[30.909912,29.879331],[30.910021,29.879315],[30.911507,29.879991],[30.911508,29.880435],[30.910502,29.882144],[30.910204,29.882242],[30.909524,29.881968],[30.908982,29.882909],[30.909027,29.883013],[30.910564,29.883623]]]}},{"type":"Feature","properties":{"source_layer":"Parcel","source_feature_count":1,"PARCEL_TYPE":9,"اسم_المحور":"محور دهشور","اسم_المحافظة":"محافظة الجيزة","نوع_نمط_العمران":"اسكان اجتماعى شباب","نوع_طبيعة_المنطقة":"قائمة","GlobalID":"{A93586A9-2521-43EB-B89B-447FC7280427}","SHAPE_Length":1187.6434798439325,"SHAPE_Area":68867.6449054568},"geometry":{"type":"Polygon","coordinates":[[[30.90692,29.880943],[30.907469,29.881106],[30.908153,29.880001],[30.906209,29.879102],[30.904356,29.882135],[30.905674,29.882804],[30.906754,29.881015],[30.90692,29.880943]]]}},{"type":"Feature","properties":{"source_layer":"Parcel","source_feature_count":1,"PARCEL_TYPE":9,"اسم_المحور":"محور دهشور","اسم_المحافظة":"محافظة الجيزة","نوع_نمط_العمران":"اسكان اجتماعى شباب","نوع_طبيعة_المنطقة":"قائمة","GlobalID":"{495BA155-E2D8-408B-8D96-E11B35BB17E2}","SHAPE_Length":1814.6461378342233,"SHAPE_Area":72130.34959921372},"geometry":{"type":"Polygon","coordinates":[[[30.904123,29.885263],[30.904991,29.883897],[30.904351,29.883639],[30.903983,29.884245],[30.903809,29.884326],[30.902411,29.883672],[30.903356,29.882025],[30.903606,29.881923],[30.904242,29.882073],[30.904744,29.881257],[30.904668,29.881098],[30.903391,29.880559],[30.903252,29.880607],[30.901194,29.883986],[30.904123,29.885263]]]}},{"type":"Feature","properties":{"source_layer":"Parcel","source_feature_count":1,"PARCEL_TYPE":9,"اسم_المحور":"محور دهشور","اسم_المحافظة":"محافظة الجيزة","نوع_نمط_العمران":"اسكان اجتماعى شباب","نوع_طبيعة_المنطقة":"قائمة","GlobalID":"{50C32860-A6DD-4408-BBF1-03747B934814}","SHAPE_Length":662.5677348047153,"SHAPE_Area":20004.73532575408},"geometry":{"type":"Polygon","coordinates":[[[30.884119,29.883609],[30.883362,29.884988],[30.883443,29.885124],[30.88453,29.885622],[30.884919,29.885038],[30.884444,29.884754],[30.884373,29.884539],[30.884888,29.883629],[30.88443,29.883463],[30.884119,29.883609]]]}},{"type":"Feature","properties":{"source_layer":"Parcel","source_feature_count":1,"PARCEL_TYPE":9,"اسم_المحور":"محور دهشور","اسم_المحافظة":"محافظة الجيزة","نوع_نمط_العمران":"اسكان اجتماعى شباب","نوع_طبيعة_المنطقة":"قائمة","GlobalID":"{6ABF5CB6-C3B8-4FDB-83BB-83585F168EE3}","SHAPE_Length":674.0376044556358,"SHAPE_Area":22465.612119985166},"geometry":{"type":"Polygon","coordinates":[[[30.907961,29.886021],[30.908798,29.884584],[30.908707,29.884398],[30.908226,29.884187],[30.907715,29.884946],[30.907449,29.885019],[30.906894,29.884885],[30.906551,29.885409],[30.906628,29.885587],[30.907719,29.886078],[30.907961,29.886021]]]}},{"type":"Feature","properties":{"source_layer":"Parcel","source_feature_count":1,"PARCEL_TYPE":9,"اسم_المحور":"محور دهشور","اسم_المحافظة":"محافظة الجيزة","نوع_نمط_العمران":"اسكان اجتماعى شباب","نوع_طبيعة_المنطقة":"قائمة","GlobalID":"{1C6819DB-AC7A-4A73-970D-656226427883}","SHAPE_Length":1762.5814326770849,"SHAPE_Area":63343.91677121004},"geometry":{"type":"Polygon","coordinates":[[[30.884832,29.886655],[30.885608,29.885346],[30.885077,29.885119],[30.884727,29.885665],[30.884434,29.885756],[30.883309,29.885243],[30.883169,29.885001],[30.884032,29.883461],[30.884373,29.883335],[30.884962,29.883493],[30.885502,29.882608],[30.884217,29.881979],[30.882099,29.885429],[30.884687,29.886707],[30.884832,29.886655]]]}},{"type":"Feature","properties":{"source_layer":"Parcel","source_feature_count":1,"PARCEL_TYPE":9,"اسم_المحور":"محور دهشور","اسم_المحافظة":"محافظة الجيزة","نوع_نمط_العمران":"اسكان اجتماعى شباب","نوع_طبيعة_المنطقة":"قائمة","GlobalID":"{EBA11EAD-5B2E-4A82-A0F6-6515945F4D77}","SHAPE_Length":663.157938096506,"SHAPE_Area":21628.11507307588},"geometry":{"type":"Polygon","coordinates":[[[30.888515,29.887481],[30.889499,29.885931],[30.888995,29.885584],[30.888394,29.886358],[30.888111,29.886406],[30.887623,29.886277],[30.887296,29.886887],[30.888515,29.887481]]]}},{"type":"Feature","properties":{"source_layer":"Parcel","source_feature_count":1,"PARCEL_TYPE":9,"اسم_المحور":"محور دهشور","اسم_المحافظة":"محافظة الجيزة","نوع_نمط_العمران":"كمبوند","نوع_طبيعة_المنطقة":"قائمة","GlobalID":"{8D019A72-82CC-4237-AF35-D02B54026B26}","SHAPE_Length":978.5313365116202,"SHAPE_Area":58902.52940586079},"geometry":{"type":"Polygon","coordinates":[[[30.910253,29.884864],[30.908824,29.887269],[30.908985,29.887529],[30.910351,29.888151],[30.911746,29.885905],[30.911572,29.885394],[30.910387,29.884836],[30.910253,29.884864]]]}},{"type":"Feature","properties":{"source_layer":"Parcel","source_feature_count":1,"PARCEL_TYPE":9,"اسم_المحور":"محور دهشور","اسم_المحافظة":"محافظة الجيزة","نوع_نمط_العمران":"اسكان اجتماعى شباب","نوع_طبيعة_المنطقة":"قائمة","GlobalID":"{5559F89F-8BB8-47A6-BA96-3D85C9AED237}","SHAPE_Length":858.1525270347861,"SHAPE_Area":34553.160441824235},"geometry":{"type":"Polygon","coordinates":[[[30.901446,29.887238],[30.902086,29.887533],[30.902244,29.887508],[30.90283,29.886526],[30.902736,29.886394],[30.901285,29.885784],[30.900024,29.887691],[30.900037,29.887887],[30.90055,29.888161],[30.901039,29.887366],[30.901446,29.887238]]]}},{"type":"Feature","properties":{"source_layer":"Parcel","source_feature_count":1,"PARCEL_TYPE":9,"اسم_المحور":"محور دهشور","اسم_المحافظة":"محافظة الجيزة","نوع_نمط_العمران":"كمبوند","نوع_طبيعة_المنطقة":"قائمة","GlobalID":"{E75EE2EA-43C1-4841-9D70-9B9CBD22742D}","SHAPE_Length":1038.887566008931,"SHAPE_Area":65606.54764408071},"geometry":{"type":"Polygon","coordinates":[[[30.913422,29.886264],[30.912504,29.885834],[30.911989,29.885952],[30.911176,29.887312],[30.914276,29.888755],[30.91506,29.887468],[30.913422,29.886264]]]}},{"type":"Feature","properties":{"source_layer":"Parcel","source_feature_count":1,"PARCEL_TYPE":9,"اسم_المحور":"محور دهشور","اسم_المحافظة":"محافظة الجيزة","نوع_نمط_العمران":"اسكان اجتماعى شباب","نوع_طبيعة_المنطقة":"قائمة","GlobalID":"{405ABAFC-2CDA-4181-B239-766BEE1E9C3C}","SHAPE_Length":1381.674838180476,"SHAPE_Area":78060.72319718906},"geometry":{"type":"Polygon","coordinates":[[[30.894748,29.885667],[30.895153,29.88577],[30.895722,29.884748],[30.894211,29.884009],[30.893957,29.883989],[30.891536,29.887988],[30.892752,29.888551],[30.894433,29.885798],[30.894748,29.885667]]]}},{"type":"Feature","properties":{"source_layer":"Parcel","source_feature_count":1,"PARCEL_TYPE":9,"اسم_المحور":"محور دهشور","اسم_المحافظة":"محافظة الجيزة","نوع_نمط_العمران":"كمبوند","نوع_طبيعة_المنطقة":"قائمة","GlobalID":"{3BBF17F3-3E8C-4B31-AB77-0D03E6CEB62F}","SHAPE_Length":889.7949559209654,"SHAPE_Area":36780.17100555315},"geometry":{"type":"Polygon","coordinates":[[[30.911079,29.887439],[30.910648,29.888291],[30.913736,29.889688],[30.914192,29.888841],[30.911079,29.887439]]]}},{"type":"Feature","properties":{"source_layer":"Parcel","source_feature_count":1,"PARCEL_TYPE":9,"اسم_المحور":"محور دهشور","اسم_المحافظة":"محافظة الجيزة","نوع_نمط_العمران":"كمبوند","نوع_طبيعة_المنطقة":"قائمة","GlobalID":"{AF939389-CD80-45E8-9FC9-13FD0CE89DFC}","SHAPE_Length":1029.4640190986097,"SHAPE_Area":65525.89314441067},"geometry":{"type":"Polygon","coordinates":[[[30.915183,29.887575],[30.914428,29.888847],[30.917596,29.890234],[30.918327,29.888966],[30.91815,29.888481],[30.917064,29.887987],[30.915183,29.887575]]]}},{"type":"Feature","properties":{"source_layer":"Parcel","source_feature_count":1,"PARCEL_TYPE":9,"اسم_المحور":"محور دهشور","اسم_المحافظة":"محافظة الجيزة","نوع_نمط_العمران":"اسكان اجتماعى شباب","نوع_طبيعة_المنطقة":"قائمة","GlobalID":"{41B6D472-DF6D-40E6-BFE3-9EFAD467B18D}","SHAPE_Length":419.3412401483388,"SHAPE_Area":11223.680378078016},"geometry":{"type":"Polygon","coordinates":[[[30.902575,29.889555],[30.901889,29.889321],[30.901396,29.890188],[30.902291,29.890597],[30.902776,29.889776],[30.902575,29.889555]]]}},{"type":"Feature","properties":{"source_layer":"Parcel","source_feature_count":1,"PARCEL_TYPE":9,"اسم_المحور":"محور دهشور","اسم_المحافظة":"محافظة الجيزة","نوع_نمط_العمران":"كمبوند","نوع_طبيعة_المنطقة":"قائمة","GlobalID":"{C5EBBC80-F5BF-40FF-8F0D-4C338C2BDD48}","SHAPE_Length":896.7542474325251,"SHAPE_Area":37320.01248589683},"geometry":{"type":"Polygon","coordinates":[[[30.914305,29.888956],[30.91386,29.88978],[30.916916,29.891197],[30.91706,29.891167],[30.917447,29.890347],[30.914305,29.888956]]]}},{"type":"Feature","properties":{"source_layer":"Parcel","source_feature_count":1,"PARCEL_TYPE":9,"اسم_المحور":"محور دهشور","اسم_المحافظة":"محافظة الجيزة","نوع_نمط_العمران":"اسكان اجتماعى شباب","نوع_طبيعة_المنطقة":"قائمة","GlobalID":"{89945A40-8B6B-413C-AF6C-8B5003E55BF2}","SHAPE_Length":712.7627068324425,"SHAPE_Area":-17573.51121998263},"geometry":{"type":"Polygon","coordinates":[[[30.902291,29.890597],[30.901369,29.892121],[30.90048,29.891703],[30.901396,29.890188],[30.902291,29.890597]],[[30.900949,29.89162],[30.90135,29.891813],[30.901466,29.891618],[30.901062,29.89143],[30.900949,29.89162]]]}},{"type":"Feature","properties":{"source_layer":"Parcel","source_feature_count":1,"PARCEL_TYPE":9,"اسم_المحور":"محور دهشور","اسم_المحافظة":"محافظة الجيزة","نوع_نمط_العمران":"كمبوند","نوع_طبيعة_المنطقة":"قائمة","GlobalID":"{61E099EC-46B0-4313-9E87-389FC610A437}","SHAPE_Length":894.9498333826948,"SHAPE_Area":45027.185893780006},"geometry":{"type":"Polygon","coordinates":[[[30.919053,29.888928],[30.918483,29.889138],[30.917221,29.891292],[30.918411,29.891903],[30.919982,29.889346],[30.919053,29.888928]]]}},{"type":"Feature","properties":{"source_layer":"Parcel","source_feature_count":1,"PARCEL_TYPE":9,"اسم_المحور":"محور دهشور","اسم_المحافظة":"محافظة الجيزة","نوع_نمط_العمران":"كمبوند","نوع_طبيعة_المنطقة":"قائمة","GlobalID":"{0CB45975-0F87-4168-9152-637A44C101B0}","SHAPE_Length":732.0705918940636,"SHAPE_Area":19423.441453561238},"geometry":{"type":"Polygon","coordinates":[[[30.920092,29.889429],[30.918609,29.891889],[30.918648,29.891984],[30.919298,29.891992],[30.919819,29.891201],[30.920577,29.889747],[30.920509,29.889576],[30.920092,29.889429]]]}},{"type":"Feature","properties":{"source_layer":"Parcel","source_feature_count":1,"PARCEL_TYPE":9,"اسم_المحور":"محور دهشور","اسم_المحافظة":"محافظة الجيزة","نوع_نمط_العمران":"اسكان اجتماعى شباب","نوع_طبيعة_المنطقة":"قائمة","GlobalID":"{9A646F55-642A-4981-8032-C5CF1728F4D9}","SHAPE_Length":680.5051999805064,"SHAPE_Area":12101.727165337927},"geometry":{"type":"Polygon","coordinates":[[[30.911301,29.89402],[30.909528,29.893315],[30.909327,29.893638],[30.91198,29.894865],[30.912157,29.894573],[30.911234,29.894139],[30.911301,29.89402]]]}},{"type":"Feature","properties":{"source_layer":"Parcel","source_feature_count":1,"PARCEL_TYPE":9,"اسم_المحور":"محور دهشور","اسم_المحافظة":"محافظة الجيزة","نوع_نمط_العمران":"اسكان اجتماعى شباب","نوع_طبيعة_المنطقة":"قائمة","GlobalID":"{1B7A9440-3193-45FF-B67D-D7894BC6C5FE}","SHAPE_Length":1044.9131718409355,"SHAPE_Area":40395.48376108413},"geometry":{"type":"Polygon","coordinates":[[[30.913956,29.896808],[30.914339,29.896108],[30.910457,29.894342],[30.91008,29.895081],[30.913212,29.896649],[30.913302,29.896502],[30.913956,29.896808]]]}},{"type":"Feature","properties":{"source_layer":"Parcel","source_feature_count":1,"PARCEL_TYPE":9,"اسم_المحور":"محور دهشور","اسم_المحافظة":"محافظة الجيزة","نوع_نمط_العمران":"اسكان اجتماعى شباب","نوع_طبيعة_المنطقة":"قائمة","GlobalID":"{2461DABA-E07E-414B-8640-90C5026AF48B}","SHAPE_Length":1314.440957761595,"SHAPE_Area":88322.44553067719},"geometry":{"type":"Polygon","coordinates":[[[30.910886,29.897346],[30.912,29.897195],[30.912491,29.896796],[30.912554,29.896516],[30.908025,29.894315],[30.90784,29.894361],[30.907068,29.895558],[30.907098,29.895756],[30.910266,29.897225],[30.910886,29.897346]]]}},{"type":"Feature","properties":{"source_layer":"Parcel","source_feature_count":1,"PARCEL_TYPE":9,"اسم_المحور":"محور دهشور","اسم_المحافظة":"محافظة الجيزة","نوع_نمط_العمران":"خدمات ","نوع_طبيعة_المنطقة":"قائمة","GlobalID":"{4CD0EA65-222C-4A88-8ADA-5F6728705DCE}","SHAPE_Length":604.8463336030433,"SHAPE_Area":22090.76765027378},"geometry":{"type":"Polygon","coordinates":[[[30.914204,29.900654],[30.912311,29.899796],[30.911749,29.900722],[30.912566,29.901134],[30.913087,29.901284],[30.913517,29.901239],[30.913867,29.901049],[30.914204,29.900654]]]}},{"type":"Feature","properties":{"source_layer":"Parcel","source_feature_count":1,"PARCEL_TYPE":9,"اسم_المحور":"محور دهشور","اسم_المحافظة":"محافظة الجيزة","نوع_نمط_العمران":"اسكان اجتماعى شباب","نوع_طبيعة_المنطقة":"قائمة","GlobalID":"{23E52A07-9AD0-4495-BBDA-B6C4D0C1790C}","SHAPE_Length":477.90580986737115,"SHAPE_Area":11391.697363801375},"geometry":{"type":"Polygon","coordinates":[[[30.948794,29.905395],[30.948778,29.904255],[30.948343,29.903711],[30.94785,29.904039],[30.948126,29.904536],[30.948194,29.90537],[30.948794,29.905395]]]}},{"type":"Feature","properties":{"source_layer":"Parcel","source_feature_count":1,"PARCEL_TYPE":9,"اسم_المحور":"محور دهشور","اسم_المحافظة":"محافظة الجيزة","نوع_نمط_العمران":"اسكان اجتماعى شباب","نوع_طبيعة_المنطقة":"قائمة","GlobalID":"{CF7FA124-C8F0-42B6-A404-E40DB39A87D5}","SHAPE_Length":754.9284956648418,"SHAPE_Area":17227.038998983833},"geometry":{"type":"Polygon","coordinates":[[[30.921594,29.905894],[30.922437,29.904825],[30.922343,29.904564],[30.921632,29.904759],[30.921427,29.905174],[30.919932,29.904728],[30.9197,29.904795],[30.919519,29.905093],[30.919912,29.905276],[30.920077,29.905204],[30.921594,29.905894]]]}},{"type":"Feature","properties":{"source_layer":"Parcel","source_feature_count":1,"PARCEL_TYPE":9,"اسم_المحور":"محور دهشور","اسم_المحافظة":"محافظة الجيزة","نوع_نمط_العمران":"اسكان اجتماعى شباب","نوع_طبيعة_المنطقة":"قائمة","GlobalID":"{C59D55C0-55DC-4554-B610-2C838217BD2B}","SHAPE_Length":87.17998045282947,"SHAPE_Area":473.7354510722012},"geometry":{"type":"Polygon","coordinates":[[[30.962753,29.907414],[30.962753,29.907229],[30.962511,29.907231],[30.962522,29.90742],[30.962753,29.907414]]]}},{"type":"Feature","properties":{"source_layer":"Parcel","source_feature_count":1,"PARCEL_TYPE":9,"اسم_المحور":"محور دهشور","اسم_المحافظة":"محافظة الجيزة","نوع_نمط_العمران":"اسكان اجتماعى شباب","نوع_طبيعة_المنطقة":"قائمة","GlobalID":"{FFCA5B06-9297-48C9-A90B-97255E42A656}","SHAPE_Length":1268.6189460824517,"SHAPE_Area":26996.299873066586},"geometry":{"type":"Polygon","coordinates":[[[30.96934,29.910168],[30.968255,29.90982],[30.967027,29.909773],[30.965289,29.910175],[30.964683,29.910426],[30.964595,29.910613],[30.964789,29.910816],[30.966445,29.910304],[30.967835,29.910147],[30.969028,29.910463],[30.969943,29.911197],[30.970389,29.910998],[30.970026,29.91059],[30.96934,29.910168]]]}},{"type":"Feature","properties":{"source_layer":"Parcel","source_feature_count":1,"PARCEL_TYPE":9,"اسم_المحور":"محور دهشور","اسم_المحافظة":"محافظة الجيزة","نوع_نمط_العمران":"اسكان اجتماعى شباب","نوع_طبيعة_المنطقة":"قائمة","GlobalID":"{426D4F4A-6A30-4D12-99B9-CE0134909730}","SHAPE_Length":1267.1351079611557,"SHAPE_Area":37916.46807354408},"geometry":{"type":"Polygon","coordinates":[[[30.963783,29.91],[30.962385,29.91086],[30.961208,29.911824],[30.960022,29.913237],[30.959837,29.91357],[30.959873,29.913801],[30.96051,29.91396],[30.960871,29.913187],[30.961902,29.912027],[30.962971,29.911195],[30.964221,29.910501],[30.964046,29.910101],[30.963783,29.91]]]}},{"type":"Feature","properties":{"source_layer":"Parcel","source_feature_count":1,"PARCEL_TYPE":9,"اسم_المحور":"محور دهشور","اسم_المحافظة":"محافظة الجيزة","نوع_نمط_العمران":"اسكان اجتماعى شباب","نوع_طبيعة_المنطقة":"قائمة","GlobalID":"{0CAA73F7-BD33-4AA6-AFE9-DDAB7AC4EB0A}","SHAPE_Length":1957.9103068755717,"SHAPE_Area":127425.74945881972},"geometry":{"type":"Polygon","coordinates":[[[30.964379,29.91388],[30.969559,29.911419],[30.969712,29.911231],[30.96967,29.911003],[30.969097,29.910616],[30.96848,29.910384],[30.9678,29.910294],[30.967116,29.910358],[30.966936,29.910553],[30.966983,29.911078],[30.966805,29.911362],[30.964327,29.912588],[30.96393,29.912558],[30.963279,29.912001],[30.963012,29.911992],[30.962154,29.912929],[30.961956,29.913466],[30.961928,29.91402],[30.962112,29.914229],[30.963309,29.914142],[30.964379,29.91388]]]}},{"type":"Feature","properties":{"source_layer":"Parcel","source_feature_count":1,"PARCEL_TYPE":9,"اسم_المحور":"محور دهشور","اسم_المحافظة":"محافظة الجيزة","نوع_نمط_العمران":"اسكان اجتماعى شباب","نوع_طبيعة_المنطقة":"قائمة","GlobalID":"{37717981-3EDF-4EDC-8ACC-1A14707AE479}","SHAPE_Length":1131.6026094674057,"SHAPE_Area":28071.511140193707},"geometry":{"type":"Polygon","coordinates":[[[30.964316,29.910655],[30.962821,29.911481],[30.961802,29.912336],[30.960898,29.913444],[30.960733,29.913859],[30.960785,29.91408],[30.961524,29.914209],[30.961714,29.914115],[30.961892,29.913195],[30.962162,29.912673],[30.963118,29.911753],[30.964421,29.910978],[30.964464,29.910838],[30.964316,29.910655]]]}},{"type":"Feature","properties":{"source_layer":"Parcel","source_feature_count":1,"PARCEL_TYPE":9,"اسم_المحور":"محور دهشور","اسم_المحافظة":"محافظة الجيزة","نوع_نمط_العمران":"اسكان اجتماعى شباب","نوع_طبيعة_المنطقة":null,"GlobalID":"{FC7B8DC7-FA2B-495A-836C-7322870F0960}","SHAPE_Length":2565.634074948483,"SHAPE_Area":138160.43432030393},"geometry":{"type":"Polygon","coordinates":[[[30.996635,29.926151],[31.002729,29.927625],[31.00309,29.926572],[30.99809,29.925362],[30.99638,29.92508],[30.995677,29.925239],[30.991478,29.927395],[30.992111,29.928325],[30.996176,29.926226],[30.996635,29.926151]]]}},{"type":"Feature","properties":{"source_layer":"Parcel","source_feature_count":1,"PARCEL_TYPE":9,"اسم_المحور":"محور دهشور","اسم_المحافظة":"محافظة الجيزة","نوع_نمط_العمران":"اسكان اجتماعى شباب","نوع_طبيعة_المنطقة":"قائمة","GlobalID":"{B6EA0F66-27E9-40AC-A8A2-FB9EC6AFA7E3}","SHAPE_Length":1582.3295635963173,"SHAPE_Area":81232.1371712163},"geometry":{"type":"Polygon","coordinates":[[[30.991672,29.928551],[30.991026,29.927632],[30.98507,29.930765],[30.985702,29.931644],[30.991672,29.928551]]]}},{"type":"Feature","properties":{"source_layer":"Parcel","source_feature_count":1,"PARCEL_TYPE":3,"اسم_المحور":"محور دهشور","اسم_المحافظة":"محافظة الجيزة","نوع_نمط_العمران":"اسكان اجتماعى شباب","نوع_طبيعة_المنطقة":"قائمة","GlobalID":"{79669323-A31A-49AA-ABD9-CAFF111CAC7A}","SHAPE_Length":125.22678376795443,"SHAPE_Area":959.9735470503282},"geometry":{"type":"Polygon","coordinates":[[[30.906121,29.883949],[30.905764,29.883787],[30.90565,29.883943],[30.90601,29.884126],[30.906121,29.883949]]]}},{"type":"Feature","properties":{"source_layer":"Parcel","source_feature_count":1,"PARCEL_TYPE":3,"اسم_المحور":"محور دهشور","اسم_المحافظة":"محافظة الجيزة","نوع_نمط_العمران":"اسكان اجتماعى شباب","نوع_طبيعة_المنطقة":"قائمة","GlobalID":"{8E2AB667-5CF3-4AB5-A682-974656D12BB1}","SHAPE_Length":132.75097103313237,"SHAPE_Area":1018.4694908214799},"geometry":{"type":"Polygon","coordinates":[[[30.894201,29.888199],[30.893812,29.888026],[30.893698,29.888219],[30.894088,29.888392],[30.894201,29.888199]]]}},{"type":"Feature","properties":{"source_layer":"Parcel","source_feature_count":1,"PARCEL_TYPE":3,"اسم_المحور":"محور دهشور","اسم_المحافظة":"محافظة الجيزة","نوع_نمط_العمران":"اسكان اجتماعى شباب","نوع_طبيعة_المنطقة":"قائمة","GlobalID":"{948ED9BE-5085-4916-B8B6-42354E9BBAE3}","SHAPE_Length":136.52263114575237,"SHAPE_Area":1062.175068543405},"geometry":{"type":"Polygon","coordinates":[[[30.901466,29.891618],[30.901062,29.89143],[30.900949,29.89162],[30.90135,29.891813],[30.901466,29.891618]]]}},{"type":"Feature","properties":{"source_layer":"Parcel","source_feature_count":1,"PARCEL_TYPE":9,"اسم_المحور":"محور دهشور","اسم_المحافظة":"محافظة الجيزة","نوع_نمط_العمران":"اسكان اجتماعى شباب","نوع_طبيعة_المنطقة":"قائمة","GlobalID":"{6A1BBCBC-1EAF-44F1-B49D-4B1326A4A975}","SHAPE_Length":349.28730314278044,"SHAPE_Area":6069.429229644268},"geometry":{"type":"Polygon","coordinates":[[[31.010029,29.929726],[31.010511,29.92938],[31.010781,29.929563],[31.011027,29.929356],[31.010377,29.928807],[31.009759,29.929408],[31.010029,29.929726]]]}},{"type":"Feature","properties":{"source_layer":"Parcel","source_feature_count":1,"PARCEL_TYPE":9,"اسم_المحور":"محور دهشور","اسم_المحافظة":"محافظة الجيزة","نوع_نمط_العمران":"اسكان اجتماعى شباب","نوع_طبيعة_المنطقة":"قائمة","GlobalID":"{CD6EB981-7E3C-450F-A319-E05CB1D9643F}","SHAPE_Length":1534.2138539691564,"SHAPE_Area":82047.58928838723},"geometry":{"type":"Polygon","coordinates":[[[31.005024,29.936426],[30.999926,29.940199],[31.000623,29.941004],[31.000867,29.941008],[31.005707,29.937297],[31.005709,29.9371],[31.005024,29.936426]]]}},{"type":"Feature","properties":{"source_layer":"Parcel","source_feature_count":1,"PARCEL_TYPE":9,"اسم_المحور":"محور دهشور","اسم_المحافظة":"محافظة الجيزة","نوع_نمط_العمران":"اسكان اجتماعى شباب","نوع_طبيعة_المنطقة":"قائمة","GlobalID":"{827BC9DD-BC1A-46BA-B3DA-D394DAD61DF4}","SHAPE_Length":955.0600853112986,"SHAPE_Area":43219.199863610746},"geometry":{"type":"Polygon","coordinates":[[[31.011359,29.939244],[31.010665,29.93982],[31.011429,29.940768],[31.010442,29.941523],[31.011243,29.94226],[31.01308,29.940844],[31.011591,29.939303],[31.011359,29.939244]]]}},{"type":"Feature","properties":{"source_layer":"Parcel","source_feature_count":1,"PARCEL_TYPE":9,"اسم_المحور":"محور دهشور","اسم_المحافظة":"محافظة الجيزة","نوع_نمط_العمران":"اسكان اجتماعى شباب","نوع_طبيعة_المنطقة":"قائمة","GlobalID":"{148A0BF2-CA01-4BF1-907B-E36FC948A3AD}","SHAPE_Length":1251.0142155373535,"SHAPE_Area":57787.1792860733},"geometry":{"type":"Polygon","coordinates":[[[31.007051,29.939752],[31.006048,29.938724],[31.005579,29.939099],[31.005151,29.938813],[31.002262,29.941048],[31.002193,29.9413],[31.002573,29.941686],[31.002788,29.941712],[31.004298,29.940582],[31.00522,29.940321],[31.006699,29.94022],[31.007053,29.940026],[31.007051,29.939752]]]}},{"type":"Feature","properties":{"source_layer":"Parcel","source_feature_count":1,"PARCEL_TYPE":9,"اسم_المحور":"محور دهشور","اسم_المحافظة":"محافظة الجيزة","نوع_نمط_العمران":"اسكان اجتماعى شباب","نوع_طبيعة_المنطقة":"قائمة","GlobalID":"{7F6F4788-68E2-4693-960E-7A533FC41CE8}","SHAPE_Length":1292.50224046824,"SHAPE_Area":86836.39933024897},"geometry":{"type":"Polygon","coordinates":[[[31.008,29.942899],[31.008984,29.942319],[31.009115,29.942036],[31.00795,29.940763],[31.00729,29.941163],[31.006724,29.941327],[31.005093,29.941389],[31.003513,29.942589],[31.003926,29.943063],[31.004097,29.943108],[31.008,29.942899]]]}},{"type":"Feature","properties":{"source_layer":"Parcel","source_feature_count":1,"PARCEL_TYPE":9,"اسم_المحور":"محور دهشور","اسم_المحافظة":"محافظة الجيزة","نوع_نمط_العمران":"اسكان اجتماعى شباب","نوع_طبيعة_المنطقة":"قائمة","GlobalID":"{D4AD2B00-A0A5-4AEE-AEFF-AF25C168575C}","SHAPE_Length":2911.081350337056,"SHAPE_Area":138668.11125221947},"geometry":{"type":"Polygon","coordinates":[[[31.006426,29.944313],[31.008123,29.944231],[31.00886,29.944051],[31.01112,29.942494],[31.006116,29.937431],[31.005903,29.937404],[31.005694,29.937449],[31.003575,29.939125],[31.00355,29.939398],[31.003762,29.939585],[31.004005,29.939581],[31.005462,29.938451],[31.005806,29.938411],[31.009104,29.941633],[31.009247,29.941955],[31.009169,29.942293],[31.008265,29.94297],[31.006156,29.94316],[31.006141,29.944129],[31.006426,29.944313]]]}},{"type":"Feature","properties":{"source_layer":"Parcel","source_feature_count":1,"PARCEL_TYPE":9,"اسم_المحور":"محور دهشور","اسم_المحافظة":"محافظة الجيزة","نوع_نمط_العمران":"اسكان اجتماعى شباب","نوع_طبيعة_المنطقة":"قائمة","GlobalID":"{AD9E8499-9B66-49A1-A14C-F2AC82A31820}","SHAPE_Length":1004.8490500663245,"SHAPE_Area":41555.32942808366},"geometry":{"type":"Polygon","coordinates":[[[30.997611,29.943523],[31.000451,29.941307],[30.999618,29.940436],[30.99811,29.941597],[30.998279,29.941783],[30.997774,29.942201],[30.997757,29.94242],[30.99703,29.942921],[30.996959,29.943063],[30.997611,29.943523]]]}},{"type":"Feature","properties":{"source_layer":"Parcel","source_feature_count":1,"PARCEL_TYPE":9,"اسم_المحور":"محور دهشور","اسم_المحافظة":"محافظة الجيزة","نوع_نمط_العمران":"اسكان اجتماعى شباب","نوع_طبيعة_المنطقة":"قائمة","GlobalID":"{CF82F315-2246-4C03-8B7E-D1760B34ADD4}","SHAPE_Length":837.6145421318469,"SHAPE_Area":37570.61085955792},"geometry":{"type":"Polygon","coordinates":[[[31.005791,29.943132],[31.004035,29.943179],[31.003391,29.942754],[31.002804,29.943182],[31.003712,29.944163],[31.004372,29.944389],[31.006002,29.94427],[31.006016,29.943308],[31.005791,29.943132]]]}},{"type":"Feature","properties":{"source_layer":"Parcel","source_feature_count":1,"PARCEL_TYPE":9,"اسم_المحور":"محور دهشور","اسم_المحافظة":"محافظة الجيزة","نوع_نمط_العمران":"اسكان اجتماعى شباب","نوع_طبيعة_المنطقة":"قائمة","GlobalID":"{E3D8222F-CBB5-4E31-BAF5-F5CC8F20882C}","SHAPE_Length":750.662518112437,"SHAPE_Area":23979.79529183412},"geometry":{"type":"Polygon","coordinates":[[[31.000415,29.942612],[30.99814,29.944339],[30.998139,29.944513],[30.998491,29.944835],[30.998744,29.944832],[31.000881,29.943165],[31.000907,29.942975],[31.000415,29.942612]]]}},{"type":"Feature","properties":{"source_layer":"Parcel","source_feature_count":1,"PARCEL_TYPE":9,"اسم_المحور":"محور دهشور","اسم_المحافظة":"محافظة الجيزة","نوع_نمط_العمران":"اسكان اجتماعى شباب","نوع_طبيعة_المنطقة":"قائمة","GlobalID":"{0C8FCF48-1E27-43C4-837F-9991D48F1415}","SHAPE_Length":1795.3076016385344,"SHAPE_Area":122999.14644151705},"geometry":{"type":"Polygon","coordinates":[[[30.998809,29.948055],[31.003347,29.944595],[31.003412,29.944178],[31.002565,29.943319],[30.998735,29.94618],[30.998125,29.946359],[30.997352,29.946304],[30.996736,29.947973],[30.99721,29.948232],[30.997798,29.948338],[30.998334,29.948269],[30.998809,29.948055]]]}},{"type":"Feature","properties":{"source_layer":"Parcel","source_feature_count":1,"PARCEL_TYPE":9,"اسم_المحور":"محور دهشور","اسم_المحافظة":"محافظة الجيزة","نوع_نمط_العمران":"اسكان اجتماعى شباب","نوع_طبيعة_المنطقة":"قائمة","GlobalID":"{2CC2D487-668E-48E3-B445-77D4400C7E95}","SHAPE_Length":968.9081763478912,"SHAPE_Area":32653.083894432435},"geometry":{"type":"Polygon","coordinates":[[[31.002439,29.943141],[31.000695,29.941458],[31.000504,29.941505],[30.998826,29.942867],[30.999113,29.943216],[30.99927,29.943244],[31.000463,29.942454],[31.000681,29.942539],[31.001678,29.943511],[31.001882,29.943578],[31.002439,29.943141]]]}},{"type":"Feature","properties":{"source_layer":"Parcel","source_feature_count":1,"PARCEL_TYPE":9,"اسم_المحور":"محور دهشور","اسم_المحافظة":"محافظة الجيزة","نوع_نمط_العمران":"اسكان اجتماعى شباب","نوع_طبيعة_المنطقة":"قائمة","GlobalID":"{9BB87437-987B-4B96-A30E-7ECE93DF4F57}","SHAPE_Length":1088.5767634598658,"SHAPE_Area":78677.00988889004},"geometry":{"type":"Polygon","coordinates":[[[30.971672,29.947107],[30.970481,29.947073],[30.96931,29.946818],[30.968241,29.948025],[30.968247,29.94818],[30.970726,29.949819],[30.97203,29.948837],[30.971672,29.947107]]]}},{"type":"Feature","properties":{"source_layer":"Parcel","source_feature_count":1,"PARCEL_TYPE":9,"اسم_المحور":"محور دهشور","اسم_المحافظة":"محافظة الجيزة","نوع_نمط_العمران":"اسكان اجتماعى شباب","نوع_طبيعة_المنطقة":"قائمة","GlobalID":"{40E9EA99-B1EB-4772-B223-274C9D6E6448}","SHAPE_Length":884.5189677566536,"SHAPE_Area":48262.61561707162},"geometry":{"type":"Polygon","coordinates":[[[30.973975,29.94913],[30.974529,29.948502],[30.97458,29.948214],[30.973647,29.946589],[30.971869,29.94707],[30.972222,29.948758],[30.972427,29.948828],[30.973351,29.94872],[30.973975,29.94913]]]}},{"type":"Feature","properties":{"source_layer":"Parcel","source_feature_count":1,"PARCEL_TYPE":9,"اسم_المحور":"محور دهشور","اسم_المحافظة":"محافظة الجيزة","نوع_نمط_العمران":"اسكان اجتماعى شباب","نوع_طبيعة_المنطقة":"قائمة","GlobalID":"{B98E8998-9C72-4430-A679-C08BD1798C9A}","SHAPE_Length":1079.9827080859902,"SHAPE_Area":78530.11520614824},"geometry":{"type":"Polygon","coordinates":[[[30.967954,29.948357],[30.966923,29.949565],[30.967506,29.950609],[30.967788,29.951437],[30.967971,29.951521],[30.969818,29.951349],[30.970008,29.951162],[30.970518,29.949877],[30.968181,29.948352],[30.967954,29.948357]]]}},{"type":"Feature","properties":{"source_layer":"Parcel","source_feature_count":1,"PARCEL_TYPE":9,"اسم_المحور":"محور دهشور","اسم_المحافظة":"محافظة الجيزة","نوع_نمط_العمران":"اسكان اجتماعى شباب","نوع_طبيعة_المنطقة":"قائمة","GlobalID":"{7F3E132B-7461-431B-8D22-4603D790A4AF}","SHAPE_Length":1017.8643070665491,"SHAPE_Area":59043.46829097262},"geometry":{"type":"Polygon","coordinates":[[[30.966697,29.949741],[30.965056,29.951755],[30.967465,29.953441],[30.967691,29.952779],[30.967672,29.951751],[30.967116,29.950138],[30.966697,29.949741]]]}},{"type":"Feature","properties":{"source_layer":"Parcel","source_feature_count":1,"PARCEL_TYPE":9,"اسم_المحور":"محور دهشور","اسم_المحافظة":"محافظة الجيزة","نوع_نمط_العمران":"اسكان اجتماعى شباب","نوع_طبيعة_المنطقة":"قائمة","GlobalID":"{9600C5D0-4DB7-4CEA-8716-AAD86708E844}","SHAPE_Length":988.0925988491832,"SHAPE_Area":63388.49414365045},"geometry":{"type":"Polygon","coordinates":[[[30.969785,29.951503],[30.967777,29.95169],[30.967789,29.952739],[30.967609,29.953539],[30.96915,29.954578],[30.970362,29.953174],[30.970064,29.952422],[30.969941,29.951614],[30.969785,29.951503]]]}},{"type":"Feature","properties":{"source_layer":"Parcel","source_feature_count":1,"PARCEL_TYPE":14,"اسم_المحور":"محور دهشور","اسم_المحافظة":"محافظة الجيزة","نوع_نمط_العمران":"اسكان اجتماعى شباب","نوع_طبيعة_المنطقة":"قائمة","GlobalID":"{9F9BD5C7-8FE1-48B1-B5AB-FB30EC6C4173}","SHAPE_Length":611.2780948491254,"SHAPE_Area":20498.70734862717},"geometry":{"type":"Polygon","coordinates":[[[31.012321,29.930457],[31.011027,29.929356],[31.010781,29.929563],[31.010511,29.92938],[31.010029,29.929726],[31.01136,29.931035],[31.011617,29.930977],[31.012321,29.930457]]]}},{"type":"Feature","properties":{"source_layer":"Parcel","source_feature_count":1,"PARCEL_TYPE":9,"اسم_المحور":"محور دهشور","اسم_المحافظة":"محافظة الجيزة","نوع_نمط_العمران":"اسكان اجتماعى شباب","نوع_طبيعة_المنطقة":"قائمة","GlobalID":"{AA4D1195-29F7-4069-8046-747E97F00D99}","SHAPE_Length":308.7265672976252,"SHAPE_Area":6401.807631668784},"geometry":{"type":"Polygon","coordinates":[[[30.963762,29.907388],[30.964189,29.907366],[30.964428,29.907213],[30.964514,29.906835],[30.96441,29.906519],[30.963779,29.906522],[30.963762,29.907388]]]}},{"type":"Feature","properties":{"source_layer":"Parcel","source_feature_count":1,"PARCEL_TYPE":9,"اسم_المحور":"محور دهشور","اسم_المحافظة":"محافظة الجيزة","نوع_نمط_العمران":"اسكان اجتماعى شباب","نوع_طبيعة_المنطقة":"قائمة","GlobalID":"{0B2536E1-6408-4463-A2DC-515CC3054C26}","SHAPE_Length":445.4860723699294,"SHAPE_Area":11811.413360091716},"geometry":{"type":"Polygon","coordinates":[[[30.897321,29.893895],[30.898538,29.894463],[30.89897,29.893784],[30.897697,29.893188],[30.897321,29.893895]]]}},{"type":"Feature","properties":{"source_layer":"Parcel","source_feature_count":1,"PARCEL_TYPE":9,"اسم_المحور":"محور دهشور","اسم_المحافظة":"محافظة الجيزة","نوع_نمط_العمران":"اسكان اجتماعى شباب","نوع_طبيعة_المنطقة":"قائمة","GlobalID":"{54CC9878-1A43-429E-ACA7-A5719F26377F}","SHAPE_Length":348.04679284051855,"SHAPE_Area":8330.578080811232},"geometry":{"type":"Polygon","coordinates":[[[30.902747,29.89553],[30.902144,29.895272],[30.901694,29.895966],[30.902524,29.896309],[30.902699,29.89622],[30.902892,29.895781],[30.902747,29.89553]]]}},{"type":"Feature","properties":{"source_layer":"Parcel","source_feature_count":1,"PARCEL_TYPE":3,"اسم_المحور":"محور دهشور","اسم_المحافظة":"محافظة الجيزة","نوع_نمط_العمران":"اسكان اجتماعى شباب","نوع_طبيعة_المنطقة":"قائمة","GlobalID":"{D57A9527-9101-4CD2-AFE8-1007087C02FF}","SHAPE_Length":133.36381310123113,"SHAPE_Area":1001.7115604717654},"geometry":{"type":"Polygon","coordinates":[[[30.964859,29.911315],[30.964445,29.911489],[30.96456,29.911662],[30.964957,29.911463],[30.964859,29.911315]]]}},{"type":"Feature","properties":{"source_layer":"Parcel","source_feature_count":1,"PARCEL_TYPE":14,"اسم_المحور":"محور دهشور","اسم_المحافظة":"محافظة الجيزة","نوع_نمط_العمران":"اسكان اجتماعى شباب","نوع_طبيعة_المنطقة":"قائمة","GlobalID":"{DB48AF42-8E81-4746-9265-1A41CFAC46D1}","SHAPE_Length":464.2273692979058,"SHAPE_Area":12744.939825646234},"geometry":{"type":"Polygon","coordinates":[[[30.89622,29.892474],[30.895851,29.893184],[30.897134,29.893806],[30.897554,29.893121],[30.89622,29.892474]]]}},{"type":"Feature","properties":{"source_layer":"Parcel","source_feature_count":1,"PARCEL_TYPE":9,"اسم_المحور":"محور دهشور","اسم_المحافظة":"محافظة الجيزة","نوع_نمط_العمران":"اسكان اجتماعى شباب","نوع_طبيعة_المنطقة":"قائمة","GlobalID":"{7567BBE0-561E-4D19-9030-ACFE860C517A}","SHAPE_Length":651.8143980282547,"SHAPE_Area":20400.360591351026},"geometry":{"type":"Polygon","coordinates":[[[30.903432,29.882154],[30.902589,29.883619],[30.903824,29.884191],[30.904184,29.883601],[30.903773,29.883339],[30.903697,29.883115],[30.904127,29.882288],[30.903709,29.882072],[30.903432,29.882154]]]}},{"type":"Feature","properties":{"source_layer":"Parcel","source_feature_count":1,"PARCEL_TYPE":9,"اسم_المحور":"محور دهشور","اسم_المحافظة":"محافظة الجيزة","نوع_نمط_العمران":"كمبوند","نوع_طبيعة_المنطقة":"قائمة","GlobalID":"{68593E13-E74C-43AE-B976-95FFFD32814B}","SHAPE_Length":498.8629084606616,"SHAPE_Area":12987.41478958419},"geometry":{"type":"Polygon","coordinates":[[[30.87357,29.980222],[30.872232,29.980358],[30.87174,29.980605],[30.871477,29.980887],[30.872085,29.981239],[30.87242,29.981009],[30.873277,29.980725],[30.873536,29.98045],[30.87357,29.980222]]]}},{"type":"Feature","properties":{"source_layer":"Parcel","source_feature_count":1,"PARCEL_TYPE":9,"اسم_المحور":"محور دهشور","اسم_المحافظة":"محافظة الجيزة","نوع_نمط_العمران":"كمبوند","نوع_طبيعة_المنطقة":"قائمة","GlobalID":"{622AC6E4-0151-4FF4-A012-918D1D3C9F37}","SHAPE_Length":525.7200621594467,"SHAPE_Area":11659.394796613207},"geometry":{"type":"Polygon","coordinates":[[[30.908253,30.006491],[30.907921,30.006152],[30.907097,30.005542],[30.906663,30.005728],[30.907034,30.00621],[30.90744,30.00644],[30.907215,30.006859],[30.907697,30.007175],[30.908253,30.006491]]]}},{"type":"Feature","properties":{"source_layer":"Parcel","source_feature_count":1,"PARCEL_TYPE":9,"اسم_المحور":"محور دهشور","اسم_المحافظة":"محافظة الجيزة","نوع_نمط_العمران":"صناعي","نوع_طبيعة_المنطقة":"قائمة","GlobalID":"{2A43353C-9A6E-4471-84F2-F902E3CBED89}","SHAPE_Length":1192.4051737627522,"SHAPE_Area":83911.01782848775},"geometry":{"type":"Polygon","coordinates":[[[30.840478,29.940545],[30.838171,29.943241],[30.839985,29.944448],[30.84232,29.941761],[30.840478,29.940545]]]}},{"type":"Feature","properties":{"source_layer":"Parcel","source_feature_count":1,"PARCEL_TYPE":9,"اسم_المحور":"محور دهشور","اسم_المحافظة":"محافظة الجيزة","نوع_نمط_العمران":"صناعي","نوع_طبيعة_المنطقة":"قائمة","GlobalID":"{68EA01B0-D5A6-40C3-AAE6-21343CB4732E}","SHAPE_Length":1150.1166903803633,"SHAPE_Area":50764.28863352227},"geometry":{"type":"Polygon","coordinates":[[[30.850037,29.944715],[30.850944,29.94531],[30.853833,29.94193],[30.852934,29.941357],[30.850037,29.944715]]]}},{"type":"Feature","properties":{"source_layer":"Parcel","source_feature_count":1,"PARCEL_TYPE":9,"اسم_المحور":"محور دهشور","اسم_المحافظة":"محافظة الجيزة","نوع_نمط_العمران":"صناعي","نوع_طبيعة_المنطقة":"قائمة","GlobalID":"{420F2CB1-33AC-4992-A14D-9B20186F8CF8}","SHAPE_Length":888.277359794118,"SHAPE_Area":50845.81535549904},"geometry":{"type":"Polygon","coordinates":[[[30.848756,29.941599],[30.848522,29.941713],[30.847858,29.942482],[30.847815,29.942775],[30.849825,29.944135],[30.850235,29.944196],[30.851026,29.943338],[30.851054,29.943048],[30.848756,29.941599]]]}},{"type":"Feature","properties":{"source_layer":"Parcel","source_feature_count":1,"PARCEL_TYPE":9,"اسم_المحور":"محور دهشور","اسم_المحافظة":"محافظة الجيزة","نوع_نمط_العمران":"صناعي","نوع_طبيعة_المنطقة":"قائمة","GlobalID":"{A8707343-98E4-4747-A2B4-6E3FF487F79A}","SHAPE_Length":574.9748290750258,"SHAPE_Area":-3529.398275194522},"geometry":{"type":"Polygon","coordinates":[[[30.853033,29.948866],[30.852227,29.948336],[30.85249,29.948054],[30.852805,29.948049],[30.853409,29.948434],[30.853033,29.948866]],[[30.852747,29.94861],[30.852946,29.948739],[30.853223,29.948415],[30.853024,29.948286],[30.852747,29.94861]],[[30.852955,29.948241],[30.852764,29.948117],[30.852487,29.94844],[30.852678,29.948565],[30.852955,29.948241]]]}},{"type":"Feature","properties":{"source_layer":"Parcel","source_feature_count":1,"PARCEL_TYPE":9,"اسم_المحور":"محور دهشور","اسم_المحافظة":"محافظة الجيزة","نوع_نمط_العمران":"صناعي","نوع_طبيعة_المنطقة":"قائمة","GlobalID":"{A936F8FF-A2F0-4253-A01D-2EB8958C6656}","SHAPE_Length":286.87197001181625,"SHAPE_Area":4753.457488333112},"geometry":{"type":"Polygon","coordinates":[[[30.849656,29.941964],[30.8499,29.941616],[30.849074,29.94107],[30.848949,29.941488],[30.849656,29.941964]]]}},{"type":"Feature","properties":{"source_layer":"Parcel","source_feature_count":1,"PARCEL_TYPE":9,"اسم_المحور":"محور دهشور","اسم_المحافظة":"محافظة الجيزة","نوع_نمط_العمران":"صناعي","نوع_طبيعة_المنطقة":"قائمة","GlobalID":"{7482AEC5-2D44-4124-8C98-CD3B1D144A60}","SHAPE_Length":648.2262701295746,"SHAPE_Area":24598.090070132548},"geometry":{"type":"Polygon","coordinates":[[[30.859559,29.938804],[30.857818,29.937665],[30.857215,29.938421],[30.857278,29.938636],[30.858839,29.939662],[30.859559,29.938804]]]}},{"type":"Feature","properties":{"source_layer":"Parcel","source_feature_count":1,"PARCEL_TYPE":9,"اسم_المحور":"محور دهشور","اسم_المحافظة":"محافظة الجيزة","نوع_نمط_العمران":"كمبوند","نوع_طبيعة_المنطقة":"قائمة","GlobalID":"{574DB8DC-6F7A-499D-812C-6261308D8774}","SHAPE_Length":586.5931304193958,"SHAPE_Area":21103.44364239386},"geometry":{"type":"Polygon","coordinates":[[[30.953773,29.955012],[30.952689,29.954339],[30.951669,29.955527],[30.952743,29.956196],[30.953773,29.955012]]]}},{"type":"Feature","properties":{"source_layer":"Parcel","source_feature_count":1,"PARCEL_TYPE":9,"اسم_المحور":"محور دهشور","اسم_المحافظة":"محافظة الجيزة","نوع_نمط_العمران":"اسكان اجتماعى شباب","نوع_طبيعة_المنطقة":"قائمة","GlobalID":"{83296986-C8AE-4DF2-AD88-0DFA17ECEEBE}","SHAPE_Length":1567.2879745295645,"SHAPE_Area":75440.16569254397},"geometry":{"type":"Polygon","coordinates":[[[30.967964,29.907021],[30.968827,29.906996],[30.969006,29.906897],[30.969109,29.906648],[30.968965,29.906404],[30.964881,29.906521],[30.964695,29.907227],[30.964386,29.907508],[30.962519,29.907602],[30.962387,29.907933],[30.962469,29.908317],[30.962634,29.908756],[30.962982,29.908884],[30.965376,29.908084],[30.967964,29.907021]]]}},{"type":"Feature","properties":{"source_layer":"Parcel","source_feature_count":1,"PARCEL_TYPE":9,"اسم_المحور":"محور دهشور","اسم_المحافظة":"محافظة الجيزة","نوع_نمط_العمران":"اسكان اجتماعى شباب","نوع_طبيعة_المنطقة":"قائمة","GlobalID":"{0984E34B-1D36-4B02-8D6D-796CB7ADCCC6}","SHAPE_Length":895.6408785008362,"SHAPE_Area":-25689.155051174377},"geometry":{"type":"Polygon","coordinates":[[[30.966759,29.91124],[30.964902,29.912155],[30.964632,29.911732],[30.96451,29.91179],[30.964246,29.911442],[30.963962,29.911602],[30.963832,29.911429],[30.965594,29.910717],[30.966511,29.910461],[30.966736,29.910511],[30.966759,29.91124]],[[30.964445,29.911489],[30.96456,29.911662],[30.964957,29.911463],[30.964842,29.91129],[30.964445,29.911489]]]}},{"type":"Feature","properties":{"source_layer":"Parcel","source_feature_count":1,"PARCEL_TYPE":9,"اسم_المحور":"محور دهشور","اسم_المحافظة":"محافظة الجيزة","نوع_نمط_العمران":"اسكان اجتماعى شباب","نوع_طبيعة_المنطقة":"قائمة","GlobalID":"{FFC4396A-DDEE-4766-87C1-4636C90B0AC9}","SHAPE_Length":2069.7079871324318,"SHAPE_Area":103031.6862600454},"geometry":{"type":"Polygon","coordinates":[[[30.956751,29.911006],[30.956807,29.909779],[30.957522,29.907956],[30.957441,29.907255],[30.957125,29.906786],[30.955289,29.906811],[30.955166,29.906919],[30.955074,29.907703],[30.95471,29.907995],[30.952275,29.908093],[30.952119,29.908193],[30.952071,29.909381],[30.953196,29.909218],[30.95346,29.908922],[30.956057,29.908943],[30.95585,29.909422],[30.956005,29.909465],[30.956115,29.909763],[30.95605,29.91014],[30.956315,29.910371],[30.956312,29.91072],[30.956167,29.910716],[30.956254,29.911111],[30.956543,29.911055],[30.956643,29.91155],[30.956873,29.911502],[30.956751,29.911006]]]}},{"type":"Feature","properties":{"source_layer":"Parcel","source_feature_count":1,"PARCEL_TYPE":9,"اسم_المحور":"محور دهشور","اسم_المحافظة":"محافظة الجيزة","نوع_نمط_العمران":"اسكان اجتماعى شباب","نوع_طبيعة_المنطقة":"قائمة","GlobalID":"{91971ABB-2FEF-4AB7-B34B-9A73378B2EF8}","SHAPE_Length":1190.229771270471,"SHAPE_Area":74596.93323758247},"geometry":{"type":"Polygon","coordinates":[[[31.02622,29.920936],[31.026089,29.918158],[31.025767,29.917918],[31.025318,29.917863],[31.022528,29.918836],[31.02225,29.918832],[31.025771,29.9211],[31.026031,29.921091],[31.02622,29.920936]]]}},{"type":"Feature","properties":{"source_layer":"Parcel","source_feature_count":1,"PARCEL_TYPE":9,"اسم_المحور":"محور دهشور","اسم_المحافظة":"محافظة الجيزة","نوع_نمط_العمران":"كمبوند","نوع_طبيعة_المنطقة":"قائمة","GlobalID":"{9A85C4E5-23DE-4BC3-BEFA-60E9DA6CCB25}","SHAPE_Length":236.23449864032148,"SHAPE_Area":3379.342603951925},"geometry":{"type":"Polygon","coordinates":[[[31.053417,29.90398],[31.05328,29.903369],[31.052765,29.903415],[31.052906,29.904014],[31.053417,29.90398]]]}},{"type":"Feature","properties":{"source_layer":"Parcel","source_feature_count":1,"PARCEL_TYPE":9,"اسم_المحور":"محور دهشور","اسم_المحافظة":"محافظة الجيزة","نوع_نمط_العمران":"اسكان اجتماعى شباب","نوع_طبيعة_المنطقة":"قائمة","GlobalID":"{521C1748-8AB8-4867-B299-AB6E69CF28AD}","SHAPE_Length":548.6095080437726,"SHAPE_Area":17496.50037934488},"geometry":{"type":"Polygon","coordinates":[[[31.031594,29.923782],[31.031016,29.924483],[31.032487,29.925428],[31.033067,29.924712],[31.031594,29.923782]]]}},{"type":"Feature","properties":{"source_layer":"Parcel","source_feature_count":1,"PARCEL_TYPE":9,"اسم_المحور":"محور دهشور","اسم_المحافظة":"محافظة الجيزة","نوع_نمط_العمران":"اسكان اجتماعى شباب","نوع_طبيعة_المنطقة":"قائمة","GlobalID":"{1F00AD3A-7A0C-4068-BDE1-4B47E78B7C11}","SHAPE_Length":1445.289878893045,"SHAPE_Area":-48200.030722403324},"geometry":{"type":"Polygon","coordinates":[[[31.034635,29.923654],[31.033903,29.924601],[31.03355,29.924774],[31.03168,29.923611],[31.032763,29.922373],[31.033195,29.922207],[31.034299,29.922055],[31.034635,29.923654]],[[31.032327,29.922977],[31.033637,29.923799],[31.033436,29.922814],[31.033177,29.922282],[31.032771,29.922438],[31.033013,29.922595],[31.032932,29.922698],[31.033032,29.922759],[31.032795,29.923022],[31.032327,29.922977]]]}},{"type":"Feature","properties":{"source_layer":"Parcel","source_feature_count":1,"PARCEL_TYPE":9,"اسم_المحور":"محور دهشور","اسم_المحافظة":"محافظة الجيزة","نوع_نمط_العمران":"اسكان اجتماعى شباب","نوع_طبيعة_المنطقة":"قائمة","GlobalID":"{0BC61964-E6D5-42EF-8231-6F1B8224BA66}","SHAPE_Length":524.4168887755998,"SHAPE_Area":18514.795463777322},"geometry":{"type":"Polygon","coordinates":[[[31.029644,29.920567],[31.028207,29.920617],[31.027994,29.920838],[31.028003,29.921144],[31.029124,29.921974],[31.029658,29.921276],[31.029644,29.920567]]]}},{"type":"Feature","properties":{"source_layer":"Parcel","source_feature_count":1,"PARCEL_TYPE":9,"اسم_المحور":"محور دهشور","اسم_المحافظة":"محافظة الجيزة","نوع_نمط_العمران":"اسكان اجتماعى شباب","نوع_طبيعة_المنطقة":"قائمة","GlobalID":"{A387F605-6320-4F56-ACA7-BAF3CF740270}","SHAPE_Length":1445.3632179487442,"SHAPE_Area":-40104.61070437923},"geometry":{"type":"Polygon","coordinates":[[[31.030698,29.922981],[31.029237,29.922046],[31.02975,29.921279],[31.029771,29.920578],[31.03178,29.920507],[31.031868,29.921426],[31.031816,29.921647],[31.030698,29.922981]],[[31.031038,29.922144],[31.030994,29.921857],[31.031226,29.921605],[31.031347,29.921683],[31.031501,29.921517],[31.031752,29.921679],[31.031812,29.921414],[31.031711,29.921331],[31.031103,29.921499],[31.031031,29.921407],[31.029785,29.921437],[31.02996,29.921545],[31.03002,29.92147],[31.030705,29.922038],[31.030762,29.921967],[31.031038,29.922144]]]}},{"type":"Feature","properties":{"source_layer":"Parcel","source_feature_count":1,"PARCEL_TYPE":9,"اسم_المحور":"محور دهشور","اسم_المحافظة":"محافظة الجيزة","نوع_نمط_العمران":"اسكان اجتماعى شباب","نوع_طبيعة_المنطقة":"قائمة","GlobalID":"{DDDA1DE4-E7E2-4FB1-9DF3-DB8A390C1354}","SHAPE_Length":447.6531074959009,"SHAPE_Area":12391.636390914831},"geometry":{"type":"Polygon","coordinates":[[[31.031577,29.92212],[31.030785,29.923056],[31.031549,29.923566],[31.032345,29.922616],[31.031577,29.92212]]]}},{"type":"Feature","properties":{"source_layer":"Parcel","source_feature_count":1,"PARCEL_TYPE":9,"اسم_المحور":"محور دهشور","اسم_المحافظة":"محافظة الجيزة","نوع_نمط_العمران":"كمبوند","نوع_طبيعة_المنطقة":"تحت الانشاء","GlobalID":"{54E75814-AB85-4F78-BF18-EC2E2D195163}","SHAPE_Length":660.3364789756318,"SHAPE_Area":30075.009203463134},"geometry":{"type":"Polygon","coordinates":[[[31.046139,29.926071],[31.044973,29.927074],[31.046446,29.92804],[31.047268,29.927409],[31.047385,29.926946],[31.047146,29.926584],[31.046139,29.926071]]]}},{"type":"Feature","properties":{"source_layer":"Parcel","source_feature_count":1,"PARCEL_TYPE":9,"اسم_المحور":"محور دهشور","اسم_المحافظة":"محافظة الجيزة","نوع_نمط_العمران":"اسكان اجتماعى شباب","نوع_طبيعة_المنطقة":"قائمة","GlobalID":"{58F4FF49-1510-48EF-BD3C-0C1798954109}","SHAPE_Length":404.3900937813503,"SHAPE_Area":9934.548263229854},"geometry":{"type":"Polygon","coordinates":[[[31.033082,29.921038],[31.032957,29.920467],[31.031918,29.920496],[31.03197,29.921355],[31.032979,29.921324],[31.032979,29.921063],[31.033082,29.921038]]]}},{"type":"Feature","properties":{"source_layer":"Parcel","source_feature_count":1,"PARCEL_TYPE":9,"اسم_المحور":"محور دهشور","اسم_المحافظة":"محافظة الجيزة","نوع_نمط_العمران":"اسكان اجتماعى شباب","نوع_طبيعة_المنطقة":"قائمة","GlobalID":"{B7E92FA3-C440-4349-B91C-4CD6EC4E9004}","SHAPE_Length":2029.6544513481942,"SHAPE_Area":96116.66612125351},"geometry":{"type":"Polygon","coordinates":[[[31.02821,29.920479],[31.031771,29.920358],[31.031735,29.919546],[31.031589,29.919431],[31.027733,29.919557],[31.027211,29.919776],[31.026827,29.920191],[31.026728,29.920551],[31.026779,29.921352],[31.027235,29.922023],[31.03,29.923822],[31.030594,29.923099],[31.027962,29.921356],[31.027836,29.921088],[31.027876,29.920789],[31.02821,29.920479]]]}},{"type":"Feature","properties":{"source_layer":"Parcel","source_feature_count":1,"PARCEL_TYPE":9,"اسم_المحور":"محور دهشور","اسم_المحافظة":"محافظة الجيزة","نوع_نمط_العمران":"اسكان اجتماعى شباب","نوع_طبيعة_المنطقة":"قائمة","GlobalID":"{6FA5FA8F-3157-4D8F-9A72-DEBFAD81E33A}","SHAPE_Length":2431.399051559819,"SHAPE_Area":186589.57352180762},"geometry":{"type":"Polygon","coordinates":[[[31.035224,29.926105],[31.03676,29.924224],[31.036385,29.922091],[31.037107,29.921981],[31.037201,29.92188],[31.036882,29.920171],[31.036673,29.91976],[31.036296,29.919468],[31.03571,29.919307],[31.031941,29.919423],[31.031976,29.920351],[31.033151,29.920383],[31.034185,29.921053],[31.034328,29.921305],[31.034755,29.923781],[31.033905,29.924774],[31.033593,29.924899],[31.033128,29.924812],[31.035224,29.926105]]]}},{"type":"Feature","properties":{"source_layer":"Parcel","source_feature_count":1,"PARCEL_TYPE":9,"اسم_المحور":"محور دهشور","اسم_المحافظة":"محافظة الجيزة","نوع_نمط_العمران":"اسكان اجتماعى شباب","نوع_طبيعة_المنطقة":"قائمة","GlobalID":"{B21CA264-2559-402A-80C0-8F07D8EE4480}","SHAPE_Length":2198.16542918801,"SHAPE_Area":96688.92503850309},"geometry":{"type":"Polygon","coordinates":[[[30.886931,29.878853],[30.888572,29.879616],[30.888601,29.879836],[30.888,29.88084],[30.888783,29.881241],[30.890117,29.87917],[30.889994,29.878948],[30.887134,29.877619],[30.88684,29.877654],[30.884324,29.88175],[30.885589,29.882393],[30.886172,29.881503],[30.88565,29.881234],[30.885561,29.880964],[30.886779,29.878939],[30.886931,29.878853]]]}},{"type":"Feature","properties":{"source_layer":"Parcel","source_feature_count":1,"PARCEL_TYPE":9,"اسم_المحور":"محور دهشور","اسم_المحافظة":"محافظة الجيزة","نوع_نمط_العمران":"اسكان اجتماعى شباب","نوع_طبيعة_المنطقة":"قائمة","GlobalID":"{B266D3EF-B357-4AB0-8E40-8371052877FB}","SHAPE_Length":815.4575910951563,"SHAPE_Area":30380.66925638972},"geometry":{"type":"Polygon","coordinates":[[[30.890583,29.880895],[30.890067,29.881774],[30.890864,29.882246],[30.89087,29.882474],[30.890409,29.883272],[30.890872,29.883486],[30.891028,29.883439],[30.892141,29.881526],[30.890861,29.880839],[30.890583,29.880895]]]}},{"type":"Feature","properties":{"source_layer":"Parcel","source_feature_count":1,"PARCEL_TYPE":9,"اسم_المحور":"محور دهشور","اسم_المحافظة":"محافظة الجيزة","نوع_نمط_العمران":"اسكان اجتماعى شباب","نوع_طبيعة_المنطقة":"قائمة","GlobalID":"{1990C957-A370-41F1-9A71-79D93F0895AE}","SHAPE_Length":842.3081519146186,"SHAPE_Area":32628.472709569534},"geometry":{"type":"Polygon","coordinates":[[[30.894042,29.883741],[30.894866,29.884089],[30.895444,29.883028],[30.894136,29.882381],[30.893932,29.882386],[30.892923,29.88397],[30.892763,29.884453],[30.893301,29.884692],[30.893814,29.88383],[30.894042,29.883741]]]}},{"type":"Feature","properties":{"source_layer":"Parcel","source_feature_count":1,"PARCEL_TYPE":9,"اسم_المحور":"محور دهشور","اسم_المحافظة":"محافظة الجيزة","نوع_نمط_العمران":"اسكان اجتماعى شباب","نوع_طبيعة_المنطقة":"قائمة","GlobalID":"{573919B7-D2E4-4172-AC28-440D60C2243F}","SHAPE_Length":812.4036216235119,"SHAPE_Area":-23858.148214934572},"geometry":{"type":"Polygon","coordinates":[[[30.906642,29.883391],[30.905473,29.885327],[30.904548,29.884898],[30.90571,29.882967],[30.906642,29.883391]],[[30.905775,29.88379],[30.905654,29.883962],[30.906033,29.884122],[30.906121,29.883949],[30.905775,29.88379]]]}},{"type":"Feature","properties":{"source_layer":"Parcel","source_feature_count":1,"PARCEL_TYPE":9,"اسم_المحور":"محور دهشور","اسم_المحافظة":"محافظة الجيزة","نوع_نمط_العمران":"اسكان اجتماعى شباب","نوع_طبيعة_المنطقة":"قائمة","GlobalID":"{AB24A78E-C357-4110-A35C-902033DC40A3}","SHAPE_Length":1359.2487511665875,"SHAPE_Area":76494.4600252764},"geometry":{"type":"Polygon","coordinates":[[[30.887767,29.88232],[30.888163,29.882421],[30.888685,29.8814],[30.887164,29.880675],[30.88695,29.880678],[30.884648,29.884379],[30.884674,29.884701],[30.885753,29.885151],[30.887343,29.882519],[30.887767,29.88232]]]}},{"type":"Feature","properties":{"source_layer":"Parcel","source_feature_count":1,"PARCEL_TYPE":9,"اسم_المحور":"محور دهشور","اسم_المحافظة":"محافظة الجيزة","نوع_نمط_العمران":"اسكان اجتماعى شباب","نوع_طبيعة_المنطقة":"قائمة","GlobalID":"{AF113A5F-E4AB-40B2-A9FE-C508DC85A6CF}","SHAPE_Length":1366.3101534097339,"SHAPE_Area":76109.49550269339},"geometry":{"type":"Polygon","coordinates":[[[30.888944,29.881503],[30.888317,29.882467],[30.88868,29.882775],[30.888689,29.883138],[30.887084,29.885782],[30.888149,29.886293],[30.888359,29.886198],[30.89065,29.882395],[30.890565,29.882245],[30.888944,29.881503]]]}},{"type":"Feature","properties":{"source_layer":"Parcel","source_feature_count":1,"PARCEL_TYPE":9,"اسم_المحور":"محور دهشور","اسم_المحافظة":"محافظة الجيزة","نوع_نمط_العمران":"اسكان اجتماعى شباب","نوع_طبيعة_المنطقة":"قائمة","GlobalID":"{83435468-269A-4EBB-8ECF-D839C166465E}","SHAPE_Length":915.4857655631288,"SHAPE_Area":29936.99832489722},"geometry":{"type":"Polygon","coordinates":[[[30.898189,29.886323],[30.89829,29.886356],[30.898636,29.885803],[30.898541,29.885727],[30.898625,29.88559],[30.898752,29.885617],[30.899181,29.88484],[30.898652,29.884544],[30.898461,29.884764],[30.898232,29.884695],[30.89828,29.88437],[30.897713,29.884136],[30.897081,29.885141],[30.897663,29.885461],[30.897844,29.885685],[30.897436,29.886506],[30.897469,29.886669],[30.897962,29.886841],[30.898189,29.886323]]]}},{"type":"Feature","properties":{"source_layer":"Parcel","source_feature_count":1,"PARCEL_TYPE":9,"اسم_المحور":"محور دهشور","اسم_المحافظة":"محافظة الجيزة","نوع_نمط_العمران":"اسكان اجتماعى شباب","نوع_طبيعة_المنطقة":"قائمة","GlobalID":"{37F64DB9-9233-4324-9EB7-C595CBC11B8A}","SHAPE_Length":1835.6157792578365,"SHAPE_Area":73762.05838357203},"geometry":{"type":"Polygon","coordinates":[[[30.908284,29.887178],[30.910289,29.883852],[30.908905,29.883163],[30.908754,29.883208],[30.90828,29.884017],[30.908845,29.884347],[30.908926,29.884624],[30.90797,29.886182],[30.907776,29.886214],[30.906509,29.885598],[30.906463,29.885428],[30.90679,29.884772],[30.906226,29.884527],[30.906069,29.884575],[30.905267,29.885886],[30.908042,29.887288],[30.908284,29.887178]]]}},{"type":"Feature","properties":{"source_layer":"Parcel","source_feature_count":1,"PARCEL_TYPE":9,"اسم_المحور":"محور دهشور","اسم_المحافظة":"محافظة الجيزة","نوع_نمط_العمران":"اسكان اجتماعى شباب","نوع_طبيعة_المنطقة":"قائمة","GlobalID":"{304C0DCC-BF19-4E58-9DD6-5D1EA51B78B3}","SHAPE_Length":876.9541539350179,"SHAPE_Area":34283.9114770375},"geometry":{"type":"Polygon","coordinates":[[[30.887557,29.882617],[30.885976,29.88523],[30.886875,29.885648],[30.888499,29.883007],[30.888402,29.882805],[30.887836,29.882537],[30.887557,29.882617]]]}},{"type":"Feature","properties":{"source_layer":"Parcel","source_feature_count":1,"PARCEL_TYPE":9,"اسم_المحور":"محور دهشور","اسم_المحافظة":"محافظة الجيزة","نوع_نمط_العمران":"اسكان اجتماعى شباب","نوع_طبيعة_المنطقة":"قائمة","GlobalID":"{D7D44447-D9D4-4A9E-86F9-2089417F66C2}","SHAPE_Length":2218.8250971393236,"SHAPE_Area":100488.67918560722},"geometry":{"type":"Polygon","coordinates":[[[30.898137,29.88837],[30.900683,29.884053],[30.897402,29.88244],[30.896129,29.884514],[30.896149,29.884721],[30.896904,29.885045],[30.897474,29.884128],[30.897799,29.884016],[30.899186,29.884653],[30.899326,29.884955],[30.898109,29.886913],[30.897903,29.887001],[30.89725,29.886837],[30.896802,29.887683],[30.898137,29.88837]]]}},{"type":"Feature","properties":{"source_layer":"Parcel","source_feature_count":1,"PARCEL_TYPE":9,"اسم_المحور":"محور دهشور","اسم_المحافظة":"محافظة الجيزة","نوع_نمط_العمران":"اسكان اجتماعى شباب","نوع_طبيعة_المنطقة":"قائمة","GlobalID":"{843455DF-D854-4562-8550-362E49E1F3BE}","SHAPE_Length":1768.4568603805385,"SHAPE_Area":66038.77981246311},"geometry":{"type":"Polygon","coordinates":[[[30.888813,29.888668],[30.890941,29.885189],[30.889689,29.884553],[30.889092,29.885446],[30.889563,29.885751],[30.88963,29.886059],[30.888759,29.887469],[30.888334,29.887559],[30.887249,29.887055],[30.88718,29.886794],[30.887516,29.886217],[30.887002,29.88597],[30.886129,29.887363],[30.888813,29.888668]]]}},{"type":"Feature","properties":{"source_layer":"Parcel","source_feature_count":1,"PARCEL_TYPE":9,"اسم_المحور":"محور دهشور","اسم_المحافظة":"محافظة الجيزة","نوع_نمط_العمران":"اسكان اجتماعى شباب","نوع_طبيعة_المنطقة":"قائمة","GlobalID":"{444ADC9E-A025-46FE-AFF3-98F97561E6C6}","SHAPE_Length":656.702358781306,"SHAPE_Area":19207.64080963705},"geometry":{"type":"Polygon","coordinates":[[[30.891351,29.886757],[30.89037,29.888353],[30.891562,29.888937],[30.891863,29.888413],[30.891357,29.887951],[30.891896,29.887049],[30.891351,29.886757]]]}},{"type":"Feature","properties":{"source_layer":"Parcel","source_feature_count":1,"PARCEL_TYPE":9,"اسم_المحور":"محور دهشور","اسم_المحافظة":"محافظة الجيزة","نوع_نمط_العمران":"اسكان اجتماعى شباب","نوع_طبيعة_المنطقة":"قائمة","GlobalID":"{3E1B27C9-CDB1-4835-8429-BFCF6D789D94}","SHAPE_Length":2230.113291251523,"SHAPE_Area":103969.28446570507},"geometry":{"type":"Polygon","coordinates":[[[30.899869,29.889201],[30.900457,29.888237],[30.900001,29.887988],[30.899929,29.887741],[30.901127,29.885766],[30.901371,29.885731],[30.902862,29.8864],[30.902903,29.886641],[30.902327,29.8876],[30.903125,29.887995],[30.90328,29.88791],[30.904442,29.885741],[30.901054,29.884271],[30.899583,29.886883],[30.898518,29.888473],[30.898606,29.888619],[30.899869,29.889201]]]}},{"type":"Feature","properties":{"source_layer":"Parcel","source_feature_count":1,"PARCEL_TYPE":9,"اسم_المحور":"محور دهشور","اسم_المحافظة":"محافظة الجيزة","نوع_نمط_العمران":"اسكان اجتماعى شباب","نوع_طبيعة_المنطقة":"قائمة","GlobalID":"{D96576CB-C1AD-4B31-9237-206F70E76D30}","SHAPE_Length":1401.552340488508,"SHAPE_Area":75884.36460048832},"geometry":{"type":"Polygon","coordinates":[[[30.897657,29.885754],[30.897361,29.885511],[30.897266,29.885609],[30.897119,29.885536],[30.897172,29.885422],[30.896493,29.885108],[30.896423,29.885196],[30.896273,29.885131],[30.896307,29.885023],[30.896048,29.884903],[30.895878,29.88494],[30.89533,29.88586],[30.895686,29.886094],[30.895723,29.886303],[30.894115,29.888952],[30.89417,29.889163],[30.895151,29.889602],[30.895348,29.889581],[30.897657,29.885754]]]}},{"type":"Feature","properties":{"source_layer":"Parcel","source_feature_count":1,"PARCEL_TYPE":9,"اسم_المحور":"محور دهشور","اسم_المحافظة":"محافظة الجيزة","نوع_نمط_العمران":"اسكان اجتماعى شباب","نوع_طبيعة_المنطقة":"قائمة","GlobalID":"{05973698-2C9A-40D4-ACA4-286242626D8B}","SHAPE_Length":823.4867736269824,"SHAPE_Area":31668.655711099447},"geometry":{"type":"Polygon","coordinates":[[[30.904934,29.887616],[30.904392,29.888534],[30.905161,29.889061],[30.904691,29.890022],[30.90521,29.890308],[30.906466,29.888329],[30.906393,29.888196],[30.905378,29.887696],[30.904934,29.887616]]]}},{"type":"Feature","properties":{"source_layer":"Parcel","source_feature_count":1,"PARCEL_TYPE":9,"اسم_المحور":"محور دهشور","اسم_المحافظة":"محافظة الجيزة","نوع_نمط_العمران":"اسكان اجتماعى شباب","نوع_طبيعة_المنطقة":"قائمة","GlobalID":"{A9169FFF-F0A6-429D-8182-A1447EFD21C4}","SHAPE_Length":1778.1817481738804,"SHAPE_Area":65702.49870497327},"geometry":{"type":"Polygon","coordinates":[[[30.891787,29.890101],[30.892601,29.888695],[30.892073,29.888511],[30.891751,29.888986],[30.891467,29.889064],[30.890281,29.888538],[30.890163,29.888372],[30.89111,29.886692],[30.891414,29.886589],[30.892039,29.886795],[30.892513,29.88602],[30.892346,29.885827],[30.891179,29.885301],[30.889072,29.888778],[30.891787,29.890101]]]}},{"type":"Feature","properties":{"source_layer":"Parcel","source_feature_count":1,"PARCEL_TYPE":9,"اسم_المحور":"محور دهشور","اسم_المحافظة":"محافظة الجيزة","نوع_نمط_العمران":"اسكان اجتماعى شباب","نوع_طبيعة_المنطقة":"قائمة","GlobalID":"{B8E9D844-9059-4A85-800C-171FC3ED8F8B}","SHAPE_Length":658.1606498358744,"SHAPE_Area":23510.187569065478},"geometry":{"type":"Polygon","coordinates":[[[30.894584,29.885903],[30.893523,29.887681],[30.89445,29.888092],[30.89551,29.886282],[30.894782,29.885851],[30.894584,29.885903]]]}},{"type":"Feature","properties":{"source_layer":"Parcel","source_feature_count":1,"PARCEL_TYPE":9,"اسم_المحور":"محور دهشور","اسم_المحافظة":"محافظة الجيزة","نوع_نمط_العمران":"اسكان اجتماعى شباب","نوع_طبيعة_المنطقة":"قائمة","GlobalID":"{C50E4195-A50B-4A9B-9F86-392824A90222}","SHAPE_Length":666.7529195457362,"SHAPE_Area":19251.850455597123},"geometry":{"type":"Polygon","coordinates":[[[30.895547,29.890828],[30.896439,29.88945],[30.896489,29.889173],[30.896049,29.888975],[30.895496,29.88971],[30.8952,29.88981],[30.894671,29.889698],[30.894347,29.890225],[30.895547,29.890828]]]}},{"type":"Feature","properties":{"source_layer":"Parcel","source_feature_count":1,"PARCEL_TYPE":9,"اسم_المحور":"محور دهشور","اسم_المحافظة":"محافظة الجيزة","نوع_نمط_العمران":"اسكان اجتماعى شباب","نوع_طبيعة_المنطقة":"قائمة","GlobalID":"{7ADC2863-0E24-493A-A584-F855B43A3768}","SHAPE_Length":2204.738410652957,"SHAPE_Area":103743.84990458458},"geometry":{"type":"Polygon","coordinates":[[[30.905446,29.891743],[30.908026,29.887522],[30.904706,29.885932],[30.903411,29.888007],[30.903442,29.888143],[30.90422,29.888469],[30.904809,29.887551],[30.905159,29.887441],[30.906424,29.888065],[30.906596,29.888391],[30.905455,29.890313],[30.905142,29.890433],[30.904531,29.89028],[30.904045,29.891137],[30.90521,29.891735],[30.905446,29.891743]]]}},{"type":"Feature","properties":{"source_layer":"Parcel","source_feature_count":1,"PARCEL_TYPE":9,"اسم_المحور":"محور دهشور","اسم_المحافظة":"محافظة الجيزة","نوع_نمط_العمران":"اسكان اجتماعى شباب","نوع_طبيعة_المنطقة":"قائمة","GlobalID":"{CB08C1BD-50EB-4BCB-938E-9D4CEDA06AC0}","SHAPE_Length":1371.2855833512506,"SHAPE_Area":78003.90730101969},"geometry":{"type":"Polygon","coordinates":[[[30.901819,29.88921],[30.902314,29.889248],[30.902433,29.889182],[30.903049,29.888175],[30.901268,29.887395],[30.898944,29.891217],[30.898915,29.891448],[30.89993,29.891939],[30.900129,29.891901],[30.901561,29.889497],[30.901819,29.88921]]]}},{"type":"Feature","properties":{"source_layer":"Parcel","source_feature_count":1,"PARCEL_TYPE":9,"اسم_المحور":"محور دهشور","اسم_المحافظة":"محافظة الجيزة","نوع_نمط_العمران":"اسكان اجتماعى شباب","نوع_طبيعة_المنطقة":"قائمة","GlobalID":"{63BC2525-1410-425A-AD7A-7083F916B0E3}","SHAPE_Length":1790.6896227480977,"SHAPE_Area":64842.41014084083},"geometry":{"type":"Polygon","coordinates":[[[30.895958,29.891854],[30.897881,29.888659],[30.898043,29.888558],[30.896715,29.887912],[30.896158,29.888716],[30.896738,29.889231],[30.895704,29.890929],[30.895418,29.890966],[30.894078,29.89033],[30.894466,29.889624],[30.894046,29.889344],[30.89383,29.889425],[30.893099,29.89069],[30.895749,29.89194],[30.895958,29.891854]]]}},{"type":"Feature","properties":{"source_layer":"Parcel","source_feature_count":1,"PARCEL_TYPE":9,"اسم_المحور":"محور دهشور","اسم_المحافظة":"محافظة الجيزة","نوع_نمط_العمران":"اسكان اجتماعى شباب","نوع_طبيعة_المنطقة":"قائمة","GlobalID":"{EDD3D709-056E-47FA-AFCB-8A22E7A19FB2}","SHAPE_Length":666.7813638127035,"SHAPE_Area":20457.114288993667},"geometry":{"type":"Polygon","coordinates":[[[30.898537,29.890259],[30.897641,29.891767],[30.897744,29.891927],[30.898818,29.892416],[30.89922,29.891843],[30.898772,29.891549],[30.898695,29.891304],[30.899181,29.890442],[30.89873,29.890219],[30.898537,29.890259]]]}},{"type":"Feature","properties":{"source_layer":"Parcel","source_feature_count":1,"PARCEL_TYPE":9,"اسم_المحور":"محور دهشور","اسم_المحافظة":"محافظة الجيزة","نوع_نمط_العمران":"اسكان اجتماعى شباب","نوع_طبيعة_المنطقة":"قائمة","GlobalID":"{DBDAFEBC-04D9-4211-827E-187326F59361}","SHAPE_Length":1365.218156472735,"SHAPE_Area":78009.47650474093},"geometry":{"type":"Polygon","coordinates":[[[30.903216,29.888321],[30.90259,29.889277],[30.902946,29.889675],[30.902813,29.890131],[30.90136,29.892504],[30.902496,29.893091],[30.902683,29.892988],[30.904974,29.889182],[30.90491,29.88905],[30.903216,29.888321]]]}},{"type":"Feature","properties":{"source_layer":"Parcel","source_feature_count":1,"PARCEL_TYPE":9,"اسم_المحور":"محور دهشور","اسم_المحافظة":"محافظة الجيزة","نوع_نمط_العمران":"اسكان اجتماعى شباب","نوع_طبيعة_المنطقة":"قائمة","GlobalID":"{3F672AEA-E5D2-421C-818A-2706A96548DA}","SHAPE_Length":1842.6231773382735,"SHAPE_Area":66258.70934407834},"geometry":{"type":"Polygon","coordinates":[[[30.899181,29.893479],[30.899883,29.89232],[30.899819,29.89208],[30.899366,29.891911],[30.899023,29.892451],[30.898799,29.892532],[30.897653,29.892028],[30.897505,29.891824],[30.898574,29.889862],[30.898682,29.889903],[30.898601,29.890083],[30.899261,29.890278],[30.899796,29.889431],[30.898418,29.888718],[30.896409,29.89228],[30.898986,29.89356],[30.899181,29.893479]]]}},{"type":"Feature","properties":{"source_layer":"Parcel","source_feature_count":1,"PARCEL_TYPE":9,"اسم_المحور":"محور دهشور","اسم_المحافظة":"محافظة الجيزة","نوع_نمط_العمران":"اسكان اجتماعى شباب","نوع_طبيعة_المنطقة":"قائمة","GlobalID":"{FA135AAF-B37A-4389-86B8-87F31AB81BD6}","SHAPE_Length":614.3415306056708,"SHAPE_Area":16679.776659635125},"geometry":{"type":"Polygon","coordinates":[[[30.900535,29.893496],[30.901369,29.892121],[30.90048,29.891703],[30.899564,29.893216],[30.899878,29.893318],[30.90004,29.893067],[30.900535,29.893496]]]}},{"type":"Feature","properties":{"source_layer":"Parcel","source_feature_count":1,"PARCEL_TYPE":9,"اسم_المحور":"محور دهشور","اسم_المحافظة":"محافظة الجيزة","نوع_نمط_العمران":"اسكان اجتماعى شباب","نوع_طبيعة_المنطقة":"قائمة","GlobalID":"{AEF4C525-E412-4586-81C0-B37D72CA5591}","SHAPE_Length":662.658878505405,"SHAPE_Area":20215.838834570557},"geometry":{"type":"Polygon","coordinates":[[[30.902852,29.894286],[30.90382,29.892684],[30.903323,29.892406],[30.902731,29.893182],[30.902468,29.893248],[30.902004,29.893073],[30.901609,29.893672],[30.902852,29.894286]]]}},{"type":"Feature","properties":{"source_layer":"Parcel","source_feature_count":1,"PARCEL_TYPE":9,"اسم_المحور":"محور دهشور","اسم_المحافظة":"محافظة الجيزة","نوع_نمط_العمران":"اسكان اجتماعى شباب","نوع_طبيعة_المنطقة":"قائمة","GlobalID":"{37902C40-8331-4780-84F9-0FA01427F12C}","SHAPE_Length":1765.7365817370076,"SHAPE_Area":67138.32881663056},"geometry":{"type":"Polygon","coordinates":[[[30.903267,29.895277],[30.905234,29.892095],[30.90511,29.891875],[30.904024,29.891385],[30.903807,29.891474],[30.9034,29.892191],[30.903891,29.892537],[30.903943,29.892815],[30.902994,29.894362],[30.902713,29.894391],[30.901543,29.893815],[30.901475,29.893602],[30.90178,29.892983],[30.901339,29.892779],[30.901159,29.892821],[30.900404,29.894103],[30.900451,29.894241],[30.902915,29.895371],[30.903267,29.895277]]]}},{"type":"Feature","properties":{"source_layer":"Parcel","source_feature_count":1,"PARCEL_TYPE":9,"اسم_المحور":"محور دهشور","اسم_المحافظة":"محافظة الجيزة","نوع_نمط_العمران":"اسكان اجتماعى شباب","نوع_طبيعة_المنطقة":"قائمة","GlobalID":"{3E5B76BD-CCC5-46E2-9745-EC84BAF5193E}","SHAPE_Length":1195.623447611135,"SHAPE_Area":48209.18690201705},"geometry":{"type":"Polygon","coordinates":[[[30.907997,29.894081],[30.90981,29.894939],[30.91028,29.894271],[30.90737,29.892912],[30.906025,29.895124],[30.906039,29.895266],[30.906651,29.895558],[30.906851,29.89554],[30.907766,29.894146],[30.907997,29.894081]]]}},{"type":"Feature","properties":{"source_layer":"Parcel","source_feature_count":1,"PARCEL_TYPE":9,"اسم_المحور":"محور دهشور","اسم_المحافظة":"محافظة الجيزة","نوع_نمط_العمران":"اسكان اجتماعى شباب","نوع_طبيعة_المنطقة":"قائمة","GlobalID":"{03F05658-B8FE-4211-8B57-44DDA4A7097E}","SHAPE_Length":1223.7272096832228,"SHAPE_Area":51298.395859353055},"geometry":{"type":"Polygon","coordinates":[[[30.905558,29.892047],[30.904484,29.893938],[30.905502,29.894401],[30.904491,29.896085],[30.904868,29.896274],[30.905121,29.896179],[30.907097,29.892815],[30.905558,29.892047]]]}},{"type":"Feature","properties":{"source_layer":"Parcel","source_feature_count":1,"PARCEL_TYPE":9,"اسم_المحور":"محور دهشور","اسم_المحافظة":"محافظة الجيزة","نوع_نمط_العمران":"اسكان اجتماعى شباب","نوع_طبيعة_المنطقة":"قائمة","GlobalID":"{9295914E-49DC-4E2E-8021-571D892CCCDE}","SHAPE_Length":1091.4490396499277,"SHAPE_Area":57377.618954955695},"geometry":{"type":"Polygon","coordinates":[[[30.905886,29.895426],[30.905662,29.895501],[30.905328,29.896089],[30.905457,29.896524],[30.908915,29.898194],[30.909147,29.898121],[30.909659,29.897383],[30.909655,29.897146],[30.905886,29.895426]]]}},{"type":"Feature","properties":{"source_layer":"Parcel","source_feature_count":1,"PARCEL_TYPE":9,"اسم_المحور":"محور دهشور","اسم_المحافظة":"محافظة الجيزة","نوع_نمط_العمران":"اسكان اجتماعى شباب","نوع_طبيعة_المنطقة":"قائمة","GlobalID":"{6CEB0F4F-6202-4416-8B88-863F352A9920}","SHAPE_Length":1066.4479708020567,"SHAPE_Area":43594.66448823082},"geometry":{"type":"Polygon","coordinates":[[[30.91226,29.897707],[30.912829,29.897364],[30.913241,29.896821],[30.912954,29.896694],[30.912289,29.897251],[30.911424,29.89753],[30.910705,29.897522],[30.909857,29.897285],[30.909254,29.89826],[30.911246,29.899302],[30.911766,29.89841],[30.91198,29.89833],[30.91226,29.897707]]]}},{"type":"Feature","properties":{"source_layer":"Parcel","source_feature_count":1,"PARCEL_TYPE":9,"اسم_المحور":"محور دهشور","اسم_المحافظة":"محافظة الجيزة","نوع_نمط_العمران":"اسكان اجتماعى شباب","نوع_طبيعة_المنطقة":"قائمة","GlobalID":"{6839B962-490D-489F-9E16-03733F232573}","SHAPE_Length":1095.366946804595,"SHAPE_Area":26119.590493213083},"geometry":{"type":"Polygon","coordinates":[[[30.950435,29.904909],[30.949024,29.903161],[30.948862,29.903325],[30.948669,29.903078],[30.948768,29.902992],[30.948694,29.902887],[30.948547,29.902926],[30.948271,29.902573],[30.948422,29.902437],[30.948221,29.90219],[30.948021,29.902279],[30.947799,29.902025],[30.947589,29.902133],[30.948987,29.904069],[30.94912,29.905437],[30.949678,29.905367],[30.950435,29.904909]]]}},{"type":"Feature","properties":{"source_layer":"Parcel","source_feature_count":1,"PARCEL_TYPE":9,"اسم_المحور":"محور دهشور","اسم_المحافظة":"محافظة الجيزة","نوع_نمط_العمران":"اسكان اجتماعى شباب","نوع_طبيعة_المنطقة":"قائمة","GlobalID":"{323EFE8D-11D2-488E-BE06-45A48E44B6E2}","SHAPE_Length":773.5768486294974,"SHAPE_Area":29396.37092610301},"geometry":{"type":"Polygon","coordinates":[[[30.939169,29.905671],[30.939093,29.904791],[30.937978,29.904793],[30.936696,29.904205],[30.936155,29.905136],[30.93771,29.90569],[30.939169,29.905671]]]}},{"type":"Feature","properties":{"source_layer":"Parcel","source_feature_count":1,"PARCEL_TYPE":9,"اسم_المحور":"محور دهشور","اسم_المحافظة":"محافظة الجيزة","نوع_نمط_العمران":"اسكان اجتماعى شباب","نوع_طبيعة_المنطقة":"تحت الانشاء","GlobalID":"{C3BCBC3A-AEAD-4DE0-8B6B-EF2EDE937406}","SHAPE_Length":699.3554133740099,"SHAPE_Area":12832.039484130359},"geometry":{"type":"Polygon","coordinates":[[[30.96045,29.93728],[30.957909,29.935597],[30.957669,29.935905],[30.960198,29.937592],[30.96045,29.93728]]]}},{"type":"Feature","properties":{"source_layer":"Parcel","source_feature_count":1,"PARCEL_TYPE":9,"اسم_المحور":"محور دهشور","اسم_المحافظة":"محافظة الجيزة","نوع_نمط_العمران":"اسكان اجتماعى شباب","نوع_طبيعة_المنطقة":"تحت الانشاء","GlobalID":"{2E9AC886-CF4D-4641-9957-5D932E886872}","SHAPE_Length":275.24457470545997,"SHAPE_Area":3977.417629150186},"geometry":{"type":"Polygon","coordinates":[[[30.964236,29.939793],[30.963444,29.939266],[30.963183,29.939563],[30.963977,29.940089],[30.964236,29.939793]]]}},{"type":"Feature","properties":{"source_layer":"Parcel","source_feature_count":1,"PARCEL_TYPE":9,"اسم_المحور":"محور دهشور","اسم_المحافظة":"محافظة الجيزة","نوع_نمط_العمران":"اسكان اجتماعى شباب","نوع_طبيعة_المنطقة":"تحت الانشاء","GlobalID":"{579DD4C2-F51C-469D-AA7B-9C24A1CE89F5}","SHAPE_Length":243.56128728216964,"SHAPE_Area":3308.8721863032083},"geometry":{"type":"Polygon","coordinates":[[[30.966448,29.94126],[30.966149,29.941526],[30.966821,29.94197],[30.967078,29.941678],[30.966448,29.94126]]]}},{"type":"Feature","properties":{"source_layer":"Parcel","source_feature_count":1,"PARCEL_TYPE":9,"اسم_المحور":"محور دهشور","اسم_المحافظة":"محافظة الجيزة","نوع_نمط_العمران":"اسكان اجتماعى شباب","نوع_طبيعة_المنطقة":"قائمة","GlobalID":"{B00592EE-7372-4002-8B5E-42F36BF01596}","SHAPE_Length":1020.1629752207597,"SHAPE_Area":62366.96183349165},"geometry":{"type":"Polygon","coordinates":[[[30.973078,29.945695],[30.971341,29.944501],[30.969512,29.946722],[30.970481,29.946938],[30.971523,29.946975],[30.972551,29.946819],[30.973518,29.946478],[30.973078,29.945695]]]}},{"type":"Feature","properties":{"source_layer":"Parcel","source_feature_count":1,"PARCEL_TYPE":9,"اسم_المحور":"محور دهشور","اسم_المحافظة":"محافظة الجيزة","نوع_نمط_العمران":"اسكان اجتماعى شباب","نوع_طبيعة_المنطقة":"قائمة","GlobalID":"{ACA96C89-154D-4378-A7B4-3E0189597F30}","SHAPE_Length":1267.3685835924439,"SHAPE_Area":76307.28092670788},"geometry":{"type":"Polygon","coordinates":[[[30.973824,29.949297],[30.973355,29.948854],[30.972543,29.948954],[30.972297,29.949153],[30.972028,29.949102],[30.971519,29.949349],[30.970743,29.949989],[30.97034,29.950586],[30.97013,29.951165],[30.97026,29.95138],[30.970094,29.9516],[30.970133,29.952134],[30.970453,29.953018],[30.973824,29.949297]]]}},{"type":"Feature","properties":{"source_layer":"Parcel","source_feature_count":1,"PARCEL_TYPE":9,"اسم_المحور":"محور دهشور","اسم_المحافظة":"محافظة الجيزة","نوع_نمط_العمران":"اسكان اجتماعى شباب","نوع_طبيعة_المنطقة":null,"GlobalID":"{B84D739E-C152-4C0B-AA2C-6A758A286D95}","SHAPE_Length":2680.4261329312735,"SHAPE_Area":169436.54656840317},"geometry":{"type":"Polygon","coordinates":[[[31.052022,29.891394],[31.051299,29.890766],[31.050281,29.890913],[31.049749,29.888361],[31.053476,29.889517],[31.054065,29.888756],[31.053999,29.888447],[31.049339,29.886862],[31.049049,29.886975],[31.048689,29.886837],[31.048006,29.886961],[31.049524,29.893346],[31.052022,29.891394]]]}},{"type":"Feature","properties":{"source_layer":"Parcel","source_feature_count":1,"PARCEL_TYPE":9,"اسم_المحور":"محور دهشور","اسم_المحافظة":"محافظة الجيزة","نوع_نمط_العمران":"اسكان اجتماعى شباب","نوع_طبيعة_المنطقة":"قائمة","GlobalID":"{11A1FFFB-BF0D-4DDF-B871-8EE16D91B964}","SHAPE_Length":1076.574277677978,"SHAPE_Area":31336.17379801141},"geometry":{"type":"Polygon","coordinates":[[[31.049615,29.883335],[31.047326,29.884199],[31.047958,29.886737],[31.048538,29.886638],[31.048098,29.884541],[31.049808,29.883901],[31.049869,29.883768],[31.049615,29.883335]]]}},{"type":"Feature","properties":{"source_layer":"Parcel","source_feature_count":1,"PARCEL_TYPE":14,"اسم_المحور":"محور دهشور","اسم_المحافظة":"محافظة الجيزة","نوع_نمط_العمران":"اسكان اجتماعى شباب","نوع_طبيعة_المنطقة":null,"GlobalID":"{CE81CADA-B958-4566-8CCD-22D2BFDFF8C7}","SHAPE_Length":1308.6634611779093,"SHAPE_Area":81231.31222741281},"geometry":{"type":"Polygon","coordinates":[[[31.052832,29.885176],[31.051555,29.884696],[31.051364,29.885082],[31.051102,29.884984],[31.051293,29.884598],[31.050893,29.884447],[31.050721,29.884815],[31.050347,29.884683],[31.050522,29.884307],[31.050136,29.884365],[31.049265,29.886366],[31.049385,29.886642],[31.052163,29.88754],[31.053031,29.885515],[31.052832,29.885176]]]}},{"type":"Feature","properties":{"source_layer":"Parcel","source_feature_count":1,"PARCEL_TYPE":14,"اسم_المحور":"محور دهشور","اسم_المحافظة":"محافظة الجيزة","نوع_نمط_العمران":"اسكان اجتماعى شباب","نوع_طبيعة_المنطقة":"قائمة","GlobalID":"{5EEA4029-F3B4-499D-A79C-4BEE9AFE5690}","SHAPE_Length":766.7734253036059,"SHAPE_Area":28348.31019558376},"geometry":{"type":"Polygon","coordinates":[[[31.048538,29.886638],[31.049051,29.886301],[31.049888,29.884329],[31.049808,29.883901],[31.048098,29.884541],[31.048538,29.886638]]]}},{"type":"Feature","properties":{"source_layer":"Parcel","source_feature_count":1,"PARCEL_TYPE":14,"اسم_المحور":"محور دهشور","اسم_المحافظة":"محافظة الجيزة","نوع_نمط_العمران":"اسكان اجتماعى شباب","نوع_طبيعة_المنطقة":"قائمة","GlobalID":"{71BFA256-0CC8-4F52-B4FD-BE4603711BC3}","SHAPE_Length":1202.6392115296046,"SHAPE_Area":63261.2660102166},"geometry":{"type":"Polygon","coordinates":[[[31.053057,29.884992],[31.053715,29.884938],[31.056878,29.883615],[31.056109,29.882197],[31.052476,29.883533],[31.053566,29.883929],[31.053057,29.884992]]]}},{"type":"Feature","properties":{"source_layer":"Parcel","source_feature_count":1,"PARCEL_TYPE":14,"اسم_المحور":"محور دهشور","اسم_المحافظة":"محافظة الجيزة","نوع_نمط_العمران":"اسكان اجتماعى شباب","نوع_طبيعة_المنطقة":null,"GlobalID":"{D0D2FED9-0F89-4F9B-A12A-3AE2CAD6A32A}","SHAPE_Length":1120.1354150071813,"SHAPE_Area":66529.36428950405},"geometry":{"type":"Polygon","coordinates":[[[31.052612,29.890794],[31.053476,29.889517],[31.049749,29.888361],[31.050281,29.890913],[31.051299,29.890766],[31.052022,29.891394],[31.052612,29.890794]]]}},{"type":"Feature","properties":{"source_layer":"Parcel","source_feature_count":1,"PARCEL_TYPE":9,"اسم_المحور":"محور دهشور","اسم_المحافظة":"محافظة الجيزة","نوع_نمط_العمران":"كمبوند","نوع_طبيعة_المنطقة":"قائمة","GlobalID":"{2A513771-27C0-4F61-9EDB-CAFE4D64D788}","SHAPE_Length":1534.6893803376809,"SHAPE_Area":24306.279634472976},"geometry":{"type":"Polygon","coordinates":[[[31.050692,29.9051],[31.056141,29.90469],[31.056011,29.904065],[31.055868,29.903963],[31.055531,29.904034],[31.055546,29.904537],[31.051201,29.904849],[31.050875,29.903446],[31.050277,29.903485],[31.050692,29.9051]]]}},{"type":"Feature","properties":{"source_layer":"Parcel","source_feature_count":1,"PARCEL_TYPE":9,"اسم_المحور":"محور دهشور","اسم_المحافظة":"محافظة الجيزة","نوع_نمط_العمران":"اسكان اجتماعى شباب","نوع_طبيعة_المنطقة":"قائمة","GlobalID":"{913FD706-449A-4FBE-86C6-64837E7B2AD6}","SHAPE_Length":419.5174258014634,"SHAPE_Area":10640.669472530428},"geometry":{"type":"Polygon","coordinates":[[[30.998531,29.945081],[30.997553,29.945969],[30.99764,29.946155],[30.998459,29.946125],[30.999187,29.945653],[30.998531,29.945081]]]}},{"type":"Feature","properties":{"source_layer":"Parcel","source_feature_count":1,"PARCEL_TYPE":9,"اسم_المحور":"محور دهشور","اسم_المحافظة":"محافظة الجيزة","نوع_نمط_العمران":"اسكان اجتماعى شباب","نوع_طبيعة_المنطقة":"قائمة","GlobalID":"{D961CE2E-FA69-418B-BC27-85293B15C7F5}","SHAPE_Length":947.0761228487405,"SHAPE_Area":32582.329561550818},"geometry":{"type":"Polygon","coordinates":[[[30.997314,29.946027],[30.998429,29.945023],[30.997958,29.944524],[30.997942,29.944306],[30.99901,29.94345],[30.998655,29.943025],[30.997063,29.944184],[30.996615,29.94466],[30.997097,29.945137],[30.996746,29.945622],[30.99677,29.945873],[30.997314,29.946027]]]}},{"type":"Feature","properties":{"source_layer":"Parcel","source_feature_count":1,"PARCEL_TYPE":9,"اسم_المحور":"محور دهشور","اسم_المحافظة":"محافظة الجيزة","نوع_نمط_العمران":"اسكان اجتماعى شباب","نوع_طبيعة_المنطقة":"قائمة","GlobalID":"{E30F7060-691E-401F-A6D5-60BCFBC8261B}","SHAPE_Length":350.73851415381637,"SHAPE_Area":8093.727596736843},"geometry":{"type":"Polygon","coordinates":[[[31.000992,29.943278],[31.000328,29.943792],[31.000885,29.944327],[31.001614,29.943709],[31.001244,29.943294],[31.000992,29.943278]]]}},{"type":"Feature","properties":{"source_layer":"Parcel","source_feature_count":1,"PARCEL_TYPE":9,"اسم_المحور":"محور دهشور","اسم_المحافظة":"محافظة الجيزة","نوع_نمط_العمران":"صناعي","نوع_طبيعة_المنطقة":"قائمة","GlobalID":"{DE43C6BC-215A-44FD-A020-B086A4960F06}","SHAPE_Length":826.0342251602549,"SHAPE_Area":38574.982087063574},"geometry":{"type":"Polygon","coordinates":[[[30.850644,29.949791],[30.84839,29.94831],[30.847514,29.949354],[30.84973,29.950802],[30.850644,29.949791]]]}},{"type":"Feature","properties":{"source_layer":"Parcel","source_feature_count":1,"PARCEL_TYPE":14,"اسم_المحور":"محور دهشور","اسم_المحافظة":"محافظة الجيزة","نوع_نمط_العمران":"صناعي","نوع_طبيعة_المنطقة":"قائمة","GlobalID":"{C3B07456-7C46-48D4-961A-881222F109C5}","SHAPE_Length":547.8496133035744,"SHAPE_Area":17160.766395576797},"geometry":{"type":"Polygon","coordinates":[[[30.84908,29.930805],[30.848737,29.931209],[30.848797,29.931357],[30.85024,29.932322],[30.850525,29.932288],[30.850801,29.931946],[30.850695,29.931675],[30.849409,29.930812],[30.84908,29.930805]]]}},{"type":"Feature","properties":{"source_layer":"Parcel","source_feature_count":1,"PARCEL_TYPE":14,"اسم_المحور":"محور دهشور","اسم_المحافظة":"محافظة الجيزة","نوع_نمط_العمران":"صناعي","نوع_طبيعة_المنطقة":"قائمة","GlobalID":"{D3E73DC3-F92A-4219-9D4B-5152AC074E3B}","SHAPE_Length":508.83072939126447,"SHAPE_Area":17593.818801471578},"geometry":{"type":"Polygon","coordinates":[[[30.851056,29.932082],[30.850553,29.932785],[30.851769,29.933551],[30.852384,29.932888],[30.852397,29.93274],[30.851465,29.932112],[30.851056,29.932082]]]}},{"type":"Feature","properties":{"source_layer":"Parcel","source_feature_count":1,"PARCEL_TYPE":14,"اسم_المحور":"محور دهشور","اسم_المحافظة":"محافظة الجيزة","نوع_نمط_العمران":"صناعي","نوع_طبيعة_المنطقة":"قائمة","GlobalID":"{5108B608-8BFC-436C-8D9C-0D8A0D438B39}","SHAPE_Length":385.29428589875647,"SHAPE_Area":10535.628453958385},"geometry":{"type":"Polygon","coordinates":[[[30.852598,29.932881],[30.851915,29.933629],[30.852574,29.934113],[30.853228,29.933452],[30.853119,29.933197],[30.852598,29.932881]]]}},{"type":"Feature","properties":{"source_layer":"Parcel","source_feature_count":1,"PARCEL_TYPE":14,"اسم_المحور":"محور دهشور","اسم_المحافظة":"محافظة الجيزة","نوع_نمط_العمران":"صناعي","نوع_طبيعة_المنطقة":"قائمة","GlobalID":"{B72260BE-BAD3-4B96-974F-A46F65A8523D}","SHAPE_Length":277.76629211623344,"SHAPE_Area":4736.2406131229845},"geometry":{"type":"Polygon","coordinates":[[[30.847748,29.93321],[30.847277,29.933774],[30.847658,29.934103],[30.848213,29.933423],[30.847748,29.93321]]]}},{"type":"Feature","properties":{"source_layer":"Parcel","source_feature_count":1,"PARCEL_TYPE":14,"اسم_المحور":"محور دهشور","اسم_المحافظة":"محافظة الجيزة","نوع_نمط_العمران":"صناعي","نوع_طبيعة_المنطقة":"قائمة","GlobalID":"{5C9811A2-8162-4FE8-9692-196DB39979EA}","SHAPE_Length":230.16187074408407,"SHAPE_Area":3349.692490452184},"geometry":{"type":"Polygon","coordinates":[[[30.849014,29.931601],[30.848608,29.932105],[30.84901,29.932365],[30.849383,29.931905],[30.849014,29.931601]]]}},{"type":"Feature","properties":{"source_layer":"Parcel","source_feature_count":1,"PARCEL_TYPE":14,"اسم_المحور":"محور دهشور","اسم_المحافظة":"محافظة الجيزة","نوع_نمط_العمران":"صناعي","نوع_طبيعة_المنطقة":"قائمة","GlobalID":"{A50E7948-EDD4-4301-9C54-74743001709A}","SHAPE_Length":311.3899463782986,"SHAPE_Area":6122.19532621131},"geometry":{"type":"Polygon","coordinates":[[[30.848584,29.932848],[30.847791,29.932304],[30.847449,29.932702],[30.847523,29.932862],[30.848159,29.933262],[30.848584,29.932848]]]}},{"type":"Feature","properties":{"source_layer":"Parcel","source_feature_count":1,"PARCEL_TYPE":9,"اسم_المحور":"محور دهشور","اسم_المحافظة":"محافظة الجيزة","نوع_نمط_العمران":"صناعي","نوع_طبيعة_المنطقة":"قائمة","GlobalID":"{55F85018-04C5-42CA-BA88-ADAA172AF70E}","SHAPE_Length":335.3145824102347,"SHAPE_Area":6933.2919719361935},"geometry":{"type":"Polygon","coordinates":[[[30.862617,29.939239],[30.861997,29.938839],[30.861411,29.939513],[30.86203,29.939905],[30.862617,29.939239]]]}},{"type":"Feature","properties":{"source_layer":"Parcel","source_feature_count":1,"PARCEL_TYPE":9,"اسم_المحور":"محور دهشور","اسم_المحافظة":"محافظة الجيزة","نوع_نمط_العمران":"صناعي","نوع_طبيعة_المنطقة":"قائمة","GlobalID":"{BEB2FA38-37A4-4EDC-BE81-EB6C56E3C629}","SHAPE_Length":227.88700820111868,"SHAPE_Area":3127.1062136423666},"geometry":{"type":"Polygon","coordinates":[[[30.862694,29.939294],[30.862247,29.939812],[30.862454,29.940029],[30.863018,29.939503],[30.862694,29.939294]]]}},{"type":"Feature","properties":{"source_layer":"Parcel","source_feature_count":1,"PARCEL_TYPE":1,"اسم_المحور":"محور دهشور","اسم_المحافظة":"محافظة الجيزة","نوع_نمط_العمران":"صناعي","نوع_طبيعة_المنطقة":"قائمة","GlobalID":"{7A41B0F1-763B-4F36-B600-54978D5B55CF}","SHAPE_Length":448.95336377879556,"SHAPE_Area":10883.758575837315},"geometry":{"type":"Polygon","coordinates":[[[30.857151,29.940573],[30.858097,29.939462],[30.857514,29.939079],[30.856557,29.940185],[30.857151,29.940573]]]}},{"type":"Feature","properties":{"source_layer":"Parcel","source_feature_count":1,"PARCEL_TYPE":9,"اسم_المحور":"محور دهشور","اسم_المحافظة":"محافظة الجيزة","نوع_نمط_العمران":"صناعي","نوع_طبيعة_المنطقة":"قائمة","GlobalID":"{84463417-11BA-43F8-AA3D-7C86CE9855EE}","SHAPE_Length":755.1544728304834,"SHAPE_Area":24347.68656515098},"geometry":{"type":"Polygon","coordinates":[[[30.855139,29.94199],[30.856762,29.940319],[30.856557,29.940185],[30.856826,29.939876],[30.856252,29.939499],[30.854503,29.941575],[30.855139,29.94199]]]}},{"type":"Feature","properties":{"source_layer":"Parcel","source_feature_count":1,"PARCEL_TYPE":14,"اسم_المحور":"محور دهشور","اسم_المحافظة":"محافظة الجيزة","نوع_نمط_العمران":"صناعي","نوع_طبيعة_المنطقة":"قائمة","GlobalID":"{549F134F-9DAE-4DD1-B244-0A313FBDE414}","SHAPE_Length":929.760591644492,"SHAPE_Area":52119.45172793427},"geometry":{"type":"Polygon","coordinates":[[[30.851451,29.942831],[30.853049,29.940991],[30.851493,29.94],[30.849782,29.942059],[30.851161,29.942924],[30.851451,29.942831]]]}},{"type":"Feature","properties":{"source_layer":"Parcel","source_feature_count":1,"PARCEL_TYPE":9,"اسم_المحور":"محور دهشور","اسم_المحافظة":"محافظة الجيزة","نوع_نمط_العمران":"صناعي","نوع_طبيعة_المنطقة":"قائمة","GlobalID":"{144CC6FE-7776-47D8-94B1-784141657BCD}","SHAPE_Length":545.8925691056988,"SHAPE_Area":18665.71850212466},"geometry":{"type":"Polygon","coordinates":[[[30.852486,29.94567],[30.851536,29.945054],[30.850671,29.946064],[30.850732,29.946409],[30.851449,29.946873],[30.852486,29.94567]]]}},{"type":"Feature","properties":{"source_layer":"Parcel","source_feature_count":1,"PARCEL_TYPE":14,"اسم_المحور":"محور دهشور","اسم_المحافظة":"محافظة الجيزة","نوع_نمط_العمران":"صناعي","نوع_طبيعة_المنطقة":"قائمة","GlobalID":"{82F4AA6B-FBF0-4CD1-A07C-2DCBFA9C182E}","SHAPE_Length":372.26219901373145,"SHAPE_Area":7987.542986974238},"geometry":{"type":"Polygon","coordinates":[[[30.851536,29.945054],[30.852527,29.945692],[30.852941,29.945207],[30.85195,29.94457],[30.851536,29.945054]]]}},{"type":"Feature","properties":{"source_layer":"Parcel","source_feature_count":1,"PARCEL_TYPE":9,"اسم_المحور":"محور دهشور","اسم_المحافظة":"محافظة الجيزة","نوع_نمط_العمران":"اسكان مخطط اقتصادى","نوع_طبيعة_المنطقة":"قائمة","GlobalID":"{926DCD25-368A-42FD-A79C-817B4BF448D2}","SHAPE_Length":150.028371641384,"SHAPE_Area":1488.7756204547743},"geometry":{"type":"Polygon","coordinates":[[[30.88627,29.983288],[30.886044,29.98308],[30.885786,29.983313],[30.886016,29.983584],[30.88627,29.983288]]]}},{"type":"Feature","properties":{"source_layer":"Parcel","source_feature_count":1,"PARCEL_TYPE":9,"اسم_المحور":"محور دهشور","اسم_المحافظة":"محافظة الجيزة","نوع_نمط_العمران":"اسكان مخطط اقتصادى","نوع_طبيعة_المنطقة":"قائمة","GlobalID":"{2EDF8900-23E1-4424-BC55-098A2F59F0FB}","SHAPE_Length":341.0487689728536,"SHAPE_Area":4704.172605619206},"geometry":{"type":"Polygon","coordinates":[[[30.884703,29.98305],[30.884496,29.98329],[30.885684,29.983976],[30.885866,29.983759],[30.884703,29.98305]]]}},{"type":"Feature","properties":{"source_layer":"Parcel","source_feature_count":1,"PARCEL_TYPE":9,"اسم_المحور":"محور دهشور","اسم_المحافظة":"محافظة الجيزة","نوع_نمط_العمران":"اسكان مخطط اقتصادى","نوع_طبيعة_المنطقة":"قائمة","GlobalID":"{30EB280B-316A-4C96-AC4E-7E43E450B79F}","SHAPE_Length":769.6218406402977,"SHAPE_Area":12491.420500048327},"geometry":{"type":"Polygon","coordinates":[[[30.885583,29.982255],[30.885786,29.982009],[30.886595,29.982154],[30.886751,29.981793],[30.885688,29.981651],[30.885134,29.982333],[30.88685,29.983427],[30.88704,29.983188],[30.885583,29.982255]]]}},{"type":"Feature","properties":{"source_layer":"Parcel","source_feature_count":1,"PARCEL_TYPE":9,"اسم_المحور":"محور دهشور","اسم_المحافظة":"محافظة الجيزة","نوع_نمط_العمران":"اسكان مخطط اقتصادى","نوع_طبيعة_المنطقة":"قائمة","GlobalID":"{B9ECF267-E609-4D02-9F5C-B172846C4350}","SHAPE_Length":269.39965469072007,"SHAPE_Area":3497.310297883671},"geometry":{"type":"Polygon","coordinates":[[[30.887064,29.981915],[30.886722,29.982215],[30.886943,29.982764],[30.887232,29.982949],[30.887338,29.982815],[30.887064,29.981915]]]}},{"type":"Feature","properties":{"source_layer":"Parcel","source_feature_count":1,"PARCEL_TYPE":14,"اسم_المحور":"محور دهشور","اسم_المحافظة":"محافظة الجيزة","نوع_نمط_العمران":"اسكان مخطط اقتصادى","نوع_طبيعة_المنطقة":"قائمة","GlobalID":"{430DF5FA-D5FB-4E9C-ABD0-76F5CCA2E715}","SHAPE_Length":545.0122423569487,"SHAPE_Area":9651.564635023871},"geometry":{"type":"Polygon","coordinates":[[[30.887232,29.982949],[30.886943,29.982764],[30.886722,29.982215],[30.887064,29.981915],[30.886919,29.981823],[30.886751,29.981793],[30.886595,29.982154],[30.885786,29.982009],[30.885583,29.982255],[30.88704,29.983188],[30.887232,29.982949]]]}},{"type":"Feature","properties":{"source_layer":"Parcel","source_feature_count":1,"PARCEL_TYPE":14,"اسم_المحور":"محور دهشور","اسم_المحافظة":"محافظة الجيزة","نوع_نمط_العمران":"اسكان مخطط اقتصادى","نوع_طبيعة_المنطقة":"قائمة","GlobalID":"{17FF9168-2787-48E9-AA78-624F81BBEBAB}","SHAPE_Length":507.90181592346823,"SHAPE_Area":10394.994466256718},"geometry":{"type":"Polygon","coordinates":[[[30.886016,29.983584],[30.885786,29.983313],[30.886044,29.98308],[30.885111,29.982472],[30.884939,29.982492],[30.884426,29.983096],[30.884496,29.98329],[30.884699,29.983047],[30.885866,29.983759],[30.886016,29.983584]]]}},{"type":"Feature","properties":{"source_layer":"Parcel","source_feature_count":1,"PARCEL_TYPE":14,"اسم_المحور":"محور دهشور","اسم_المحافظة":"محافظة الجيزة","نوع_نمط_العمران":"اسكان مخطط اقتصادى","نوع_طبيعة_المنطقة":"قائمة","GlobalID":"{0F885B55-C231-4858-9EA5-98CE97EE80F0}","SHAPE_Length":418.99993381990896,"SHAPE_Area":6459.7613206562655},"geometry":{"type":"Polygon","coordinates":[[[30.887944,29.972149],[30.887863,29.972098],[30.886763,29.973394],[30.887011,29.973556],[30.887731,29.973125],[30.887815,29.972294],[30.887944,29.972149]]]}},{"type":"Feature","properties":{"source_layer":"Parcel","source_feature_count":1,"PARCEL_TYPE":14,"اسم_المحور":"محور دهشور","اسم_المحافظة":"محافظة الجيزة","نوع_نمط_العمران":"اسكان مخطط اقتصادى","نوع_طبيعة_المنطقة":"قائمة","GlobalID":"{75689F27-2CAC-4F4C-8387-3866CFCC4040}","SHAPE_Length":810.05705380602,"SHAPE_Area":38727.081687311445},"geometry":{"type":"Polygon","coordinates":[[[30.887679,29.975317],[30.887689,29.97547],[30.890223,29.977108],[30.890364,29.977083],[30.890565,29.976568],[30.890543,29.976042],[30.890311,29.975557],[30.889898,29.975174],[30.889358,29.97494],[30.888758,29.974885],[30.888174,29.975016],[30.887679,29.975317]]]}},{"type":"Feature","properties":{"source_layer":"Parcel","source_feature_count":1,"PARCEL_TYPE":9,"اسم_المحور":"محور دهشور","اسم_المحافظة":"محافظة الجيزة","نوع_نمط_العمران":"اسكان مخطط اقتصادى","نوع_طبيعة_المنطقة":"قائمة","GlobalID":"{76CB9D76-45CC-4F30-B640-57094013B328}","SHAPE_Length":424.8152804743023,"SHAPE_Area":6255.297181704692},"geometry":{"type":"Polygon","coordinates":[[[30.887863,29.972098],[30.88757,29.971912],[30.886508,29.973228],[30.886763,29.973394],[30.887863,29.972098]]]}},{"type":"Feature","properties":{"source_layer":"Parcel","source_feature_count":1,"PARCEL_TYPE":9,"اسم_المحور":"محور دهشور","اسم_المحافظة":"محافظة الجيزة","نوع_نمط_العمران":"اسكان مخطط اقتصادى","نوع_طبيعة_المنطقة":"قائمة","GlobalID":"{BDFE62A4-4E19-4161-A7AF-364E82DB1DA7}","SHAPE_Length":464.3992397990626,"SHAPE_Area":6943.940775020701},"geometry":{"type":"Polygon","coordinates":[[[30.888174,29.972296],[30.887944,29.972149],[30.887815,29.972294],[30.887731,29.973125],[30.887011,29.973556],[30.88727,29.973724],[30.887736,29.973578],[30.888026,29.97331],[30.888174,29.972296]]]}},{"type":"Feature","properties":{"source_layer":"Parcel","source_feature_count":1,"PARCEL_TYPE":9,"اسم_المحور":"محور دهشور","اسم_المحافظة":"محافظة الجيزة","نوع_نمط_العمران":"اسكان مخطط اقتصادى","نوع_طبيعة_المنطقة":"قائمة","GlobalID":"{49ABF87C-A734-4E4D-A936-5AD91B06D0B8}","SHAPE_Length":176.02305423531737,"SHAPE_Area":1888.6773058897463},"geometry":{"type":"Polygon","coordinates":[[[30.886753,29.972683],[30.886438,29.972485],[30.886128,29.972856],[30.886436,29.973051],[30.886753,29.972683]]]}},{"type":"Feature","properties":{"source_layer":"Parcel","source_feature_count":1,"PARCEL_TYPE":9,"اسم_المحور":"محور دهشور","اسم_المحافظة":"محافظة الجيزة","نوع_نمط_العمران":"اسكان مخطط اقتصادى","نوع_طبيعة_المنطقة":"قائمة","GlobalID":"{427B3C70-047A-4F1D-B658-7697E0927F41}","SHAPE_Length":278.39398043486375,"SHAPE_Area":3346.9833417994982},"geometry":{"type":"Polygon","coordinates":[[[30.886295,29.973215],[30.885322,29.972585],[30.885247,29.972675],[30.885278,29.972886],[30.886011,29.973364],[30.886295,29.973215]]]}},{"type":"Feature","properties":{"source_layer":"Parcel","source_feature_count":1,"PARCEL_TYPE":9,"اسم_المحور":"محور دهشور","اسم_المحافظة":"محافظة الجيزة","نوع_نمط_العمران":"اسكان مخطط اقتصادى","نوع_طبيعة_المنطقة":"قائمة","GlobalID":"{8D3B3FE3-CB22-4960-8A63-94C39FF21613}","SHAPE_Length":346.99022666494875,"SHAPE_Area":7796.122701264859},"geometry":{"type":"Polygon","coordinates":[[[30.887584,29.969406],[30.886825,29.969653],[30.886551,29.969933],[30.886558,29.970121],[30.886975,29.970326],[30.887759,29.969983],[30.887584,29.969406]]]}},{"type":"Feature","properties":{"source_layer":"Parcel","source_feature_count":1,"PARCEL_TYPE":9,"اسم_المحور":"محور دهشور","اسم_المحافظة":"محافظة الجيزة","نوع_نمط_العمران":"اسكان مخطط اقتصادى","نوع_طبيعة_المنطقة":"قائمة","GlobalID":"{0ADCE197-0263-4ABE-B6EC-BEFD0AF9583F}","SHAPE_Length":308.15170529000693,"SHAPE_Area":5849.670182428284},"geometry":{"type":"Polygon","coordinates":[[[30.886543,29.973852],[30.886038,29.973528],[30.885506,29.973956],[30.886127,29.974348],[30.886284,29.974341],[30.886611,29.974152],[30.886543,29.973852]]]}},{"type":"Feature","properties":{"source_layer":"Parcel","source_feature_count":1,"PARCEL_TYPE":9,"اسم_المحور":"محور دهشور","اسم_المحافظة":"محافظة الجيزة","نوع_نمط_العمران":"اسكان مخطط اقتصادى","نوع_طبيعة_المنطقة":"قائمة","GlobalID":"{8B8949F8-38AF-4501-B6B7-99BC4771E0BE}","SHAPE_Length":533.5150536078722,"SHAPE_Area":7692.762913988518},"geometry":{"type":"Polygon","coordinates":[[[30.889549,29.973438],[30.889588,29.973112],[30.889025,29.973017],[30.888748,29.972764],[30.888755,29.972418],[30.889152,29.971917],[30.88886,29.971836],[30.88845,29.972352],[30.888431,29.972859],[30.888864,29.973315],[30.889549,29.973438]]]}},{"type":"Feature","properties":{"source_layer":"Parcel","source_feature_count":1,"PARCEL_TYPE":9,"اسم_المحور":"محور دهشور","اسم_المحافظة":"محافظة الجيزة","نوع_نمط_العمران":"اسكان مخطط اقتصادى","نوع_طبيعة_المنطقة":"قائمة","GlobalID":"{6467A7EF-D048-4640-A357-7BCED5A19B00}","SHAPE_Length":370.3168121456311,"SHAPE_Area":4984.308194462078},"geometry":{"type":"Polygon","coordinates":[[[30.890498,29.972783],[30.889295,29.97201],[30.889093,29.972247],[30.890393,29.973072],[30.890498,29.972783]]]}},{"type":"Feature","properties":{"source_layer":"Parcel","source_feature_count":1,"PARCEL_TYPE":14,"اسم_المحور":"محور دهشور","اسم_المحافظة":"محافظة الجيزة","نوع_نمط_العمران":"اسكان مخطط اقتصادى","نوع_طبيعة_المنطقة":"قائمة","GlobalID":"{12BB538A-81B1-4B22-B808-CD8E50647FAE}","SHAPE_Length":385.21145058758805,"SHAPE_Area":9192.602782798202},"geometry":{"type":"Polygon","coordinates":[[[30.890271,29.971375],[30.889854,29.971857],[30.8909,29.972518],[30.89127,29.971955],[30.890471,29.971402],[30.890271,29.971375]]]}},{"type":"Feature","properties":{"source_layer":"Parcel","source_feature_count":1,"PARCEL_TYPE":14,"اسم_المحور":"محور دهشور","اسم_المحافظة":"محافظة الجيزة","نوع_نمط_العمران":"اسكان مخطط اقتصادى","نوع_طبيعة_المنطقة":"قائمة","GlobalID":"{043B5384-8D46-4413-B2F2-77BE3C2F9DDC}","SHAPE_Length":524.6264403853808,"SHAPE_Area":9696.54002487435},"geometry":{"type":"Polygon","coordinates":[[[30.889767,29.97348],[30.889776,29.973132],[30.890157,29.972923],[30.889093,29.972247],[30.889295,29.97201],[30.889152,29.971917],[30.888755,29.972418],[30.888748,29.972764],[30.889025,29.973017],[30.889588,29.973112],[30.889549,29.973438],[30.889767,29.97348]]]}},{"type":"Feature","properties":{"source_layer":"Parcel","source_feature_count":1,"PARCEL_TYPE":9,"اسم_المحور":"محور دهشور","اسم_المحافظة":"محافظة الجيزة","نوع_نمط_العمران":"اسكان مخطط اقتصادى","نوع_طبيعة_المنطقة":"قائمة","GlobalID":"{D9990FCF-6360-4ABD-8146-01501573C220}","SHAPE_Length":426.86357831368,"SHAPE_Area":5947.592102983439},"geometry":{"type":"Polygon","coordinates":[[[30.893528,29.975511],[30.893258,29.975309],[30.892508,29.975264],[30.892144,29.974644],[30.891914,29.974922],[30.892437,29.975569],[30.893066,29.975665],[30.893528,29.975511]]]}},{"type":"Feature","properties":{"source_layer":"Parcel","source_feature_count":1,"PARCEL_TYPE":9,"اسم_المحور":"محور دهشور","اسم_المحافظة":"محافظة الجيزة","نوع_نمط_العمران":"اسكان مخطط اقتصادى","نوع_طبيعة_المنطقة":"قائمة","GlobalID":"{825C1E2B-3DC8-4541-9C75-A1D400902ED6}","SHAPE_Length":573.5340219726402,"SHAPE_Area":8148.912268085393},"geometry":{"type":"Polygon","coordinates":[[[30.89394,29.974998],[30.892299,29.973944],[30.891736,29.974525],[30.891994,29.974675],[30.892301,29.974288],[30.893776,29.975222],[30.89394,29.974998]]]}},{"type":"Feature","properties":{"source_layer":"Parcel","source_feature_count":1,"PARCEL_TYPE":14,"اسم_المحور":"محور دهشور","اسم_المحافظة":"محافظة الجيزة","نوع_نمط_العمران":"اسكان مخطط اقتصادى","نوع_طبيعة_المنطقة":"قائمة","GlobalID":"{5276D96B-2822-43D8-8CC3-CC9BC34BD3AB}","SHAPE_Length":453.89375552175136,"SHAPE_Area":11545.478922924567},"geometry":{"type":"Polygon","coordinates":[[[30.894028,29.974105],[30.892709,29.973264],[30.892308,29.973766],[30.89353,29.974606],[30.894028,29.974105]]]}},{"type":"Feature","properties":{"source_layer":"Parcel","source_feature_count":1,"PARCEL_TYPE":14,"اسم_المحور":"محور دهشور","اسم_المحافظة":"محافظة الجيزة","نوع_نمط_العمران":"اسكان مخطط اقتصادى","نوع_طبيعة_المنطقة":"قائمة","GlobalID":"{6F4894A3-7889-49F6-8DA6-C25D1C3D1772}","SHAPE_Length":454.0703224805207,"SHAPE_Area":9714.837900308476},"geometry":{"type":"Polygon","coordinates":[[[30.893776,29.975222],[30.892301,29.974288],[30.892058,29.974594],[30.892622,29.975319],[30.893258,29.975309],[30.893528,29.975511],[30.893776,29.975222]]]}},{"type":"Feature","properties":{"source_layer":"Parcel","source_feature_count":1,"PARCEL_TYPE":9,"اسم_المحور":"محور دهشور","اسم_المحافظة":"محافظة الجيزة","نوع_نمط_العمران":"اسكان مخطط اقتصادى","نوع_طبيعة_المنطقة":"قائمة","GlobalID":"{17F66DC5-300C-4EE4-A5FE-086BB3D131F2}","SHAPE_Length":204.43762391747998,"SHAPE_Area":1915.5810007891962},"geometry":{"type":"Polygon","coordinates":[[[30.893802,29.982957],[30.893954,29.982778],[30.894216,29.982942],[30.894341,29.982792],[30.893829,29.98247],[30.893628,29.982756],[30.893802,29.982957]]]}},{"type":"Feature","properties":{"source_layer":"Parcel","source_feature_count":1,"PARCEL_TYPE":9,"اسم_المحور":"محور دهشور","اسم_المحافظة":"محافظة الجيزة","نوع_نمط_العمران":"اسكان مخطط اقتصادى","نوع_طبيعة_المنطقة":"قائمة","GlobalID":"{7F212F6D-0425-4D39-9D59-E228E34C18A0}","SHAPE_Length":235.95599748891422,"SHAPE_Area":3801.658559738333},"geometry":{"type":"Polygon","coordinates":[[[30.895119,29.980919],[30.894828,29.981262],[30.895344,29.981587],[30.895646,29.981102],[30.895342,29.980867],[30.895119,29.980919]]]}},{"type":"Feature","properties":{"source_layer":"Parcel","source_feature_count":1,"PARCEL_TYPE":14,"اسم_المحور":"محور دهشور","اسم_المحافظة":"محافظة الجيزة","نوع_نمط_العمران":"اسكان مخطط اقتصادى","نوع_طبيعة_المنطقة":"قائمة","GlobalID":"{6C000596-F909-422F-B214-96FC10641BB6}","SHAPE_Length":175.36361529381804,"SHAPE_Area":1611.1535085364765},"geometry":{"type":"Polygon","coordinates":[[[30.895344,29.981587],[30.894828,29.981262],[30.894668,29.981453],[30.895185,29.981778],[30.895344,29.981587]]]}},{"type":"Feature","properties":{"source_layer":"Parcel","source_feature_count":1,"PARCEL_TYPE":14,"اسم_المحور":"محور دهشور","اسم_المحافظة":"محافظة الجيزة","نوع_نمط_العمران":"اسكان مخطط اقتصادى","نوع_طبيعة_المنطقة":"قائمة","GlobalID":"{C5CAC8A3-1965-4D96-B0AA-1DDFAC50D3C4}","SHAPE_Length":225.93888166094484,"SHAPE_Area":3169.2788987331883},"geometry":{"type":"Polygon","coordinates":[[[30.894655,29.982415],[30.894144,29.982088],[30.893829,29.98247],[30.894341,29.982792],[30.894655,29.982415]]]}},{"type":"Feature","properties":{"source_layer":"Parcel","source_feature_count":1,"PARCEL_TYPE":14,"اسم_المحور":"محور دهشور","اسم_المحافظة":"محافظة الجيزة","نوع_نمط_العمران":"اسكان مخطط اقتصادى","نوع_طبيعة_المنطقة":"قائمة","GlobalID":"{454CEDEE-8E49-45F1-83DD-3C131FEBAC04}","SHAPE_Length":111.38564400863814,"SHAPE_Area":763.5964325243799},"geometry":{"type":"Polygon","coordinates":[[[30.894216,29.982942],[30.893954,29.982778],[30.893802,29.982957],[30.894069,29.983119],[30.894216,29.982942]]]}},{"type":"Feature","properties":{"source_layer":"Parcel","source_feature_count":1,"PARCEL_TYPE":14,"اسم_المحور":"محور دهشور","اسم_المحافظة":"محافظة الجيزة","نوع_نمط_العمران":"اسكان مخطط اقتصادى","نوع_طبيعة_المنطقة":"قائمة","GlobalID":"{B746AE8D-30BB-4868-BB04-C9E1E348401A}","SHAPE_Length":137.6633345091646,"SHAPE_Area":1155.0139747516937},"geometry":{"type":"Polygon","coordinates":[[[30.894943,29.983353],[30.89461,29.983139],[30.894433,29.983351],[30.894765,29.983563],[30.894943,29.983353]]]}},{"type":"Feature","properties":{"source_layer":"Parcel","source_feature_count":1,"PARCEL_TYPE":3,"اسم_المحور":"محور دهشور","اسم_المحافظة":"محافظة الجيزة","نوع_نمط_العمران":"صناعي","نوع_طبيعة_المنطقة":"قائمة","GlobalID":"{E8E49513-FC09-467E-9AE2-FBBD0263C837}","SHAPE_Length":137.27316139010253,"SHAPE_Area":1069.4322139654266},"geometry":{"type":"Polygon","coordinates":[[[30.853223,29.948415],[30.853024,29.948286],[30.852747,29.94861],[30.852946,29.948739],[30.853223,29.948415]]]}},{"type":"Feature","properties":{"source_layer":"Parcel","source_feature_count":1,"PARCEL_TYPE":3,"اسم_المحور":"محور دهشور","اسم_المحافظة":"محافظة الجيزة","نوع_نمط_العمران":"صناعي","نوع_طبيعة_المنطقة":"قائمة","GlobalID":"{85957194-D604-4F82-A5FE-C26BC87518C2}","SHAPE_Length":112.47571586296881,"SHAPE_Area":778.9505956853568},"geometry":{"type":"Polygon","coordinates":[[[30.853624,29.948749],[30.853418,29.948614],[30.853225,29.948844],[30.853428,29.948976],[30.853624,29.948749]]]}},{"type":"Feature","properties":{"source_layer":"Parcel","source_feature_count":1,"PARCEL_TYPE":9,"اسم_المحور":"محور دهشور","اسم_المحافظة":"محافظة الجيزة","نوع_نمط_العمران":"صناعي","نوع_طبيعة_المنطقة":"قائمة","GlobalID":"{3ACFE16D-102D-45BD-B552-0E366F26F3DF}","SHAPE_Length":678.633228290738,"SHAPE_Area":-20311.337914180207},"geometry":{"type":"Polygon","coordinates":[[[30.853409,29.948434],[30.854617,29.949253],[30.854646,29.949473],[30.853989,29.950171],[30.852609,29.949352],[30.853409,29.948434]],[[30.853225,29.948844],[30.853428,29.948976],[30.853624,29.948749],[30.853418,29.948614],[30.853225,29.948844]]]}},{"type":"Feature","properties":{"source_layer":"Parcel","source_feature_count":1,"PARCEL_TYPE":9,"اسم_المحور":"محور دهشور","اسم_المحافظة":"محافظة الجيزة","نوع_نمط_العمران":"صناعي","نوع_طبيعة_المنطقة":"قائمة","GlobalID":"{B5283B71-27FB-4D76-AC2C-81AEBE02FD76}","SHAPE_Length":831.8983351602922,"SHAPE_Area":21095.987626725735},"geometry":{"type":"Polygon","coordinates":[[[30.855419,29.944702],[30.853158,29.947245],[30.853655,29.947571],[30.855862,29.944993],[30.855419,29.944702]]]}},{"type":"Feature","properties":{"source_layer":"Parcel","source_feature_count":1,"PARCEL_TYPE":9,"اسم_المحور":"محور دهشور","اسم_المحافظة":"محافظة الجيزة","نوع_نمط_العمران":"صناعي","نوع_طبيعة_المنطقة":"قائمة","GlobalID":"{E8C731D3-0771-4D3B-949B-F6B72C947680}","SHAPE_Length":585.9497555883213,"SHAPE_Area":18194.8930983877},"geometry":{"type":"Polygon","coordinates":[[[30.857053,29.946703],[30.857567,29.946104],[30.855862,29.944993],[30.855304,29.945631],[30.857053,29.946703]]]}},{"type":"Feature","properties":{"source_layer":"Parcel","source_feature_count":1,"PARCEL_TYPE":9,"اسم_المحور":"محور دهشور","اسم_المحافظة":"محافظة الجيزة","نوع_نمط_العمران":"صناعي","نوع_طبيعة_المنطقة":"قائمة","GlobalID":"{D65A85AD-AF28-492B-A2C9-EAFA22E2D712}","SHAPE_Length":402.32062294456074,"SHAPE_Area":10178.900029750745},"geometry":{"type":"Polygon","coordinates":[[[30.860255,29.939192],[30.859495,29.940088],[30.860079,29.940431],[30.860335,29.940371],[30.860949,29.939641],[30.860255,29.939192]]]}},{"type":"Feature","properties":{"source_layer":"Parcel","source_feature_count":1,"PARCEL_TYPE":9,"اسم_المحور":"محور دهشور","اسم_المحافظة":"محافظة الجيزة","نوع_نمط_العمران":"صناعي","نوع_طبيعة_المنطقة":"قائمة","GlobalID":"{8FC29B73-639D-4D88-A631-3216F8756D84}","SHAPE_Length":548.7773019135183,"SHAPE_Area":13507.396134651826},"geometry":{"type":"Polygon","coordinates":[[[30.860805,29.940943],[30.861268,29.940384],[30.862052,29.94088],[30.862309,29.94056],[30.862285,29.94029],[30.861444,29.939759],[30.86113,29.939766],[30.860413,29.940585],[30.860805,29.940943]]]}},{"type":"Feature","properties":{"source_layer":"Parcel","source_feature_count":1,"PARCEL_TYPE":14,"اسم_المحور":"محور دهشور","اسم_المحافظة":"محافظة الجيزة","نوع_نمط_العمران":"صناعي","نوع_طبيعة_المنطقة":"قائمة","GlobalID":"{7E21C5E9-5531-41F0-96A8-51653B0E5020}","SHAPE_Length":327.65807757271784,"SHAPE_Area":6984.34166231362},"geometry":{"type":"Polygon","coordinates":[[[30.86204,29.940872],[30.861268,29.940384],[30.860805,29.940943],[30.861528,29.941338],[30.86204,29.940872]]]}},{"type":"Feature","properties":{"source_layer":"Parcel","source_feature_count":1,"PARCEL_TYPE":9,"اسم_المحور":"محور دهشور","اسم_المحافظة":"محافظة الجيزة","نوع_نمط_العمران":"كمبوند","نوع_طبيعة_المنطقة":"قائمة","GlobalID":"{B9B491CA-D951-4FC9-AB66-2FA5223BA3C2}","SHAPE_Length":428.24170698975905,"SHAPE_Area":9351.522547107985},"geometry":{"type":"Polygon","coordinates":[[[30.910217,30.001395],[30.910433,30.001124],[30.909134,30.000285],[30.908793,30.000583],[30.909193,30.001265],[30.910217,30.001395]]]}},{"type":"Feature","properties":{"source_layer":"Parcel","source_feature_count":1,"PARCEL_TYPE":3,"اسم_المحور":"محور دهشور","اسم_المحافظة":"محافظة الجيزة","نوع_نمط_العمران":"كمبوند","نوع_طبيعة_المنطقة":"قائمة","GlobalID":"{781662CD-DE93-4030-AD58-D75C33E9333E}","SHAPE_Length":378.7882868827533,"SHAPE_Area":3498.2031009972416},"geometry":{"type":"Polygon","coordinates":[[[30.906629,29.99933],[30.906802,29.999365],[30.905468,29.998515],[30.905331,29.998535],[30.905333,29.998653],[30.906403,29.999488],[30.906629,29.99933]]]}},{"type":"Feature","properties":{"source_layer":"Parcel","source_feature_count":1,"PARCEL_TYPE":14,"اسم_المحور":"محور دهشور","اسم_المحافظة":"محافظة الجيزة","نوع_نمط_العمران":"كمبوند","نوع_طبيعة_المنطقة":"قائمة","GlobalID":"{0CD66F5D-7B4E-4217-8373-B49BD59503C7}","SHAPE_Length":300.1925314111484,"SHAPE_Area":4871.335060755666},"geometry":{"type":"Polygon","coordinates":[[[30.899717,29.997693],[30.899318,29.997169],[30.898755,29.997006],[30.898731,29.997197],[30.899299,29.99789],[30.899717,29.997693]]]}},{"type":"Feature","properties":{"source_layer":"Parcel","source_feature_count":1,"PARCEL_TYPE":9,"اسم_المحور":"محور دهشور","اسم_المحافظة":"محافظة الجيزة","نوع_نمط_العمران":"كمبوند","نوع_طبيعة_المنطقة":"قائمة","GlobalID":"{478F7FFF-7C6D-49E6-8B5E-7A4878B02CDE}","SHAPE_Length":373.50380052501816,"SHAPE_Area":5959.432863386833},"geometry":{"type":"Polygon","coordinates":[[[30.904238,29.998927],[30.903014,29.998152],[30.902761,29.998449],[30.903983,29.99922],[30.904238,29.998927]]]}},{"type":"Feature","properties":{"source_layer":"Parcel","source_feature_count":1,"PARCEL_TYPE":9,"اسم_المحور":"محور دهشور","اسم_المحافظة":"محافظة الجيزة","نوع_نمط_العمران":"كمبوند","نوع_طبيعة_المنطقة":"قائمة","GlobalID":"{B4B86947-92A0-4E60-926B-E73944EBBADA}","SHAPE_Length":386.9281284868175,"SHAPE_Area":6236.1953078645165},"geometry":{"type":"Polygon","coordinates":[[[30.905563,29.999829],[30.904292,29.998961],[30.904037,29.999254],[30.905235,30.00008],[30.905563,29.999829]]]}},{"type":"Feature","properties":{"source_layer":"Parcel","source_feature_count":1,"PARCEL_TYPE":9,"اسم_المحور":"محور دهشور","اسم_المحافظة":"محافظة الجيزة","نوع_نمط_العمران":"كمبوند","نوع_طبيعة_المنطقة":"قائمة","GlobalID":"{DF8B260C-6FB2-443C-AA2F-14D473B6DE93}","SHAPE_Length":188.01486350909718,"SHAPE_Area":2128.022397333138},"geometry":{"type":"Polygon","coordinates":[[[30.886632,29.992531],[30.886087,29.992176],[30.885952,29.992449],[30.886461,29.992724],[30.886632,29.992531]]]}},{"type":"Feature","properties":{"source_layer":"Parcel","source_feature_count":1,"PARCEL_TYPE":9,"اسم_المحور":"محور دهشور","اسم_المحافظة":"محافظة الجيزة","نوع_نمط_العمران":"كمبوند","نوع_طبيعة_المنطقة":"قائمة","GlobalID":"{389E55E8-CA7B-41A2-BA25-26D75EAB383F}","SHAPE_Length":305.9668139726963,"SHAPE_Area":3493.184216607886},"geometry":{"type":"Polygon","coordinates":[[[30.886244,29.992278],[30.886749,29.991886],[30.88718,29.991815],[30.887264,29.991562],[30.886869,29.991563],[30.886545,29.991706],[30.886087,29.992176],[30.886244,29.992278]]]}},{"type":"Feature","properties":{"source_layer":"Parcel","source_feature_count":1,"PARCEL_TYPE":9,"اسم_المحور":"محور دهشور","اسم_المحافظة":"محافظة الجيزة","نوع_نمط_العمران":"كمبوند","نوع_طبيعة_المنطقة":"قائمة","GlobalID":"{90FBCE02-1538-42C0-A41D-0557586144F2}","SHAPE_Length":340.6181899724621,"SHAPE_Area":3746.3232052955004},"geometry":{"type":"Polygon","coordinates":[[[30.888763,29.992221],[30.888758,29.991985],[30.888128,29.991914],[30.887394,29.991604],[30.887319,29.991806],[30.887589,29.991967],[30.888763,29.992221]]]}},{"type":"Feature","properties":{"source_layer":"Parcel","source_feature_count":1,"PARCEL_TYPE":9,"اسم_المحور":"محور دهشور","اسم_المحافظة":"محافظة الجيزة","نوع_نمط_العمران":"كمبوند","نوع_طبيعة_المنطقة":"قائمة","GlobalID":"{AEC833CC-ADEB-4D2A-A348-28B424731543}","SHAPE_Length":558.821057216701,"SHAPE_Area":6387.180567069666},"geometry":{"type":"Polygon","coordinates":[[[30.889565,29.992122],[30.889899,29.991862],[30.889699,29.991483],[30.8885,29.991579],[30.888513,29.991831],[30.889094,29.991813],[30.889506,29.991652],[30.88965,29.991729],[30.889575,29.991912],[30.888814,29.991982],[30.888828,29.992209],[30.889565,29.992122]]]}},{"type":"Feature","properties":{"source_layer":"Parcel","source_feature_count":1,"PARCEL_TYPE":9,"اسم_المحور":"محور دهشور","اسم_المحافظة":"محافظة الجيزة","نوع_نمط_العمران":"كمبوند","نوع_طبيعة_المنطقة":"قائمة","GlobalID":"{89EE5C6D-87BB-4A08-89DE-B7A70C116F6F}","SHAPE_Length":406.93709200420295,"SHAPE_Area":4743.229958625182},"geometry":{"type":"Polygon","coordinates":[[[30.890336,29.991389],[30.889567,29.991041],[30.88863,29.991261],[30.888526,29.991464],[30.889652,29.991297],[30.890176,29.99159],[30.890336,29.991389]]]}},{"type":"Feature","properties":{"source_layer":"Parcel","source_feature_count":1,"PARCEL_TYPE":9,"اسم_المحور":"محور دهشور","اسم_المحافظة":"محافظة الجيزة","نوع_نمط_العمران":"كمبوند","نوع_طبيعة_المنطقة":"قائمة","GlobalID":"{05955FE2-4BAA-4831-A3A4-627139EB48A6}","SHAPE_Length":257.4855825356852,"SHAPE_Area":2846.683510934192},"geometry":{"type":"Polygon","coordinates":[[[30.891244,29.991958],[30.890393,29.991424],[30.890225,29.991623],[30.891065,29.992159],[30.891244,29.991958]]]}},{"type":"Feature","properties":{"source_layer":"Parcel","source_feature_count":1,"PARCEL_TYPE":9,"اسم_المحور":"محور دهشور","اسم_المحافظة":"محافظة الجيزة","نوع_نمط_العمران":"كمبوند","نوع_طبيعة_المنطقة":"قائمة","GlobalID":"{DDF0AA80-C60F-4C77-A7AE-4E9BB323EB22}","SHAPE_Length":301.7599112260464,"SHAPE_Area":3738.4308351475374},"geometry":{"type":"Polygon","coordinates":[[[30.891498,29.992122],[30.891304,29.991997],[30.89111,29.992235],[30.891359,29.99252],[30.891076,29.992921],[30.891322,29.993079],[30.891676,29.992559],[30.891498,29.992122]]]}},{"type":"Feature","properties":{"source_layer":"Parcel","source_feature_count":1,"PARCEL_TYPE":9,"اسم_المحور":"محور دهشور","اسم_المحافظة":"محافظة الجيزة","نوع_نمط_العمران":"كمبوند","نوع_طبيعة_المنطقة":"قائمة","GlobalID":"{2AFB1836-EEDD-427E-AB89-AF328F9D99A6}","SHAPE_Length":281.7792067462771,"SHAPE_Area":3355.8199733009906},"geometry":{"type":"Polygon","coordinates":[[[30.89024,29.992156],[30.890178,29.992436],[30.891076,29.992921],[30.89126,29.992705],[30.89024,29.992156]]]}},{"type":"Feature","properties":{"source_layer":"Parcel","source_feature_count":1,"PARCEL_TYPE":9,"اسم_المحور":"محور دهشور","اسم_المحافظة":"محافظة الجيزة","نوع_نمط_العمران":"كمبوند","نوع_طبيعة_المنطقة":"قائمة","GlobalID":"{2D679761-A1F8-401E-9E0B-BB2C724D4F21}","SHAPE_Length":522.5661998894487,"SHAPE_Area":7030.8808808582935},"geometry":{"type":"Polygon","coordinates":[[[30.89009,29.992429],[30.890057,29.992142],[30.888836,29.992379],[30.887795,29.992228],[30.887702,29.992489],[30.888764,29.992666],[30.89009,29.992429]]]}},{"type":"Feature","properties":{"source_layer":"Parcel","source_feature_count":1,"PARCEL_TYPE":9,"اسم_المحور":"محور دهشور","اسم_المحافظة":"محافظة الجيزة","نوع_نمط_العمران":"كمبوند","نوع_طبيعة_المنطقة":"قائمة","GlobalID":"{87408582-D67B-4673-923D-D281E0A4065D}","SHAPE_Length":289.1339234328202,"SHAPE_Area":3465.8377250322233},"geometry":{"type":"Polygon","coordinates":[[[30.887032,29.99233],[30.887626,29.99246],[30.887724,29.992204],[30.887213,29.992042],[30.886804,29.992103],[30.886475,29.992323],[30.886678,29.99248],[30.887032,29.99233]]]}},{"type":"Feature","properties":{"source_layer":"Parcel","source_feature_count":1,"PARCEL_TYPE":3,"اسم_المحور":"محور دهشور","اسم_المحافظة":"محافظة الجيزة","نوع_نمط_العمران":"كمبوند","نوع_طبيعة_المنطقة":"قائمة","GlobalID":"{A0FE1C50-E9F0-4CC9-950E-8377C76E5F62}","SHAPE_Length":619.4043029808355,"SHAPE_Area":7260.8379565168},"geometry":{"type":"Polygon","coordinates":[[[30.905528,30.000679],[30.905489,30.000545],[30.90543,30.00067],[30.90506,30.000674],[30.904703,30.0003],[30.903618,29.999588],[30.903663,29.99923],[30.903554,29.999258],[30.903435,29.999699],[30.903667,29.999982],[30.904911,30.000816],[30.905254,30.000843],[30.905528,30.000679]]]}},{"type":"Feature","properties":{"source_layer":"Parcel","source_feature_count":1,"PARCEL_TYPE":9,"اسم_المحور":"محور دهشور","اسم_المحافظة":"محافظة الجيزة","نوع_نمط_العمران":"كمبوند","نوع_طبيعة_المنطقة":"قائمة","GlobalID":"{8EE7140E-DCC5-4B47-99F8-2BA37AFA0213}","SHAPE_Length":531.6191797766206,"SHAPE_Area":6940.1664802217465},"geometry":{"type":"Polygon","coordinates":[[[30.886011,29.992668],[30.884059,29.991388],[30.883865,29.991621],[30.88584,29.992865],[30.886011,29.992668]]]}},{"type":"Feature","properties":{"source_layer":"Parcel","source_feature_count":1,"PARCEL_TYPE":9,"اسم_المحور":"محور دهشور","اسم_المحافظة":"محافظة الجيزة","نوع_نمط_العمران":"كمبوند","نوع_طبيعة_المنطقة":"قائمة","GlobalID":"{70D83AE5-3D41-4FCD-A994-032CD5A6BC07}","SHAPE_Length":228.83294841483377,"SHAPE_Area":2441.743415042285},"geometry":{"type":"Polygon","coordinates":[[[30.887599,29.991262],[30.88746,29.991509],[30.888332,29.991776],[30.888381,29.991557],[30.887599,29.991262]]]}},{"type":"Feature","properties":{"source_layer":"Parcel","source_feature_count":1,"PARCEL_TYPE":9,"اسم_المحور":"محور دهشور","اسم_المحافظة":"محافظة الجيزة","نوع_نمط_العمران":"كمبوند","نوع_طبيعة_المنطقة":"قائمة","GlobalID":"{32DC36A4-1B0A-4D19-A5EE-A921E1C07C3A}","SHAPE_Length":229.04591401932032,"SHAPE_Area":2380.277120056547},"geometry":{"type":"Polygon","coordinates":[[[30.887662,29.990877],[30.887583,29.991118],[30.888403,29.991443],[30.88845,29.991199],[30.887662,29.990877]]]}},{"type":"Feature","properties":{"source_layer":"Parcel","source_feature_count":1,"PARCEL_TYPE":9,"اسم_المحور":"محور دهشور","اسم_المحافظة":"محافظة الجيزة","نوع_نمط_العمران":"كمبوند","نوع_طبيعة_المنطقة":"قائمة","GlobalID":"{048C672A-760F-4131-9C46-42F01E98EC22}","SHAPE_Length":275.4154931592417,"SHAPE_Area":4232.980754555744},"geometry":{"type":"Polygon","coordinates":[[[30.884904,29.991263],[30.884114,29.990755],[30.883968,29.99093],[30.883995,29.991175],[30.884688,29.991615],[30.884904,29.991263]]]}},{"type":"Feature","properties":{"source_layer":"Parcel","source_feature_count":1,"PARCEL_TYPE":9,"اسم_المحور":"محور دهشور","اسم_المحافظة":"محافظة الجيزة","نوع_نمط_العمران":"كمبوند","نوع_طبيعة_المنطقة":"قائمة","GlobalID":"{04CF312F-D5BD-4194-85F6-CB4E71125620}","SHAPE_Length":318.5722613624181,"SHAPE_Area":3864.4694040918494},"geometry":{"type":"Polygon","coordinates":[[[30.885572,29.991098],[30.885555,29.990877],[30.884475,29.990484],[30.884202,29.990653],[30.884966,29.990994],[30.885572,29.991098]]]}},{"type":"Feature","properties":{"source_layer":"Parcel","source_feature_count":1,"PARCEL_TYPE":9,"اسم_المحور":"محور دهشور","اسم_المحافظة":"محافظة الجيزة","نوع_نمط_العمران":"كمبوند","نوع_طبيعة_المنطقة":"قائمة","GlobalID":"{3F59156E-8D32-48CB-9E89-1EF820C7F7C8}","SHAPE_Length":299.9387170852473,"SHAPE_Area":3765.6961845397536},"geometry":{"type":"Polygon","coordinates":[[[30.884958,29.991479],[30.884798,29.991685],[30.88574,29.992283],[30.885856,29.992257],[30.88598,29.992095],[30.884958,29.991479]]]}},{"type":"Feature","properties":{"source_layer":"Parcel","source_feature_count":1,"PARCEL_TYPE":9,"اسم_المحور":"محور دهشور","اسم_المحافظة":"محافظة الجيزة","نوع_نمط_العمران":"كمبوند","نوع_طبيعة_المنطقة":"قائمة","GlobalID":"{68793D1B-707B-479E-B3D3-574FDE8C09DC}","SHAPE_Length":384.5207837517881,"SHAPE_Area":4859.154729051525},"geometry":{"type":"Polygon","coordinates":[[[30.887268,29.991458],[30.887253,29.991176],[30.886643,29.99122],[30.886179,29.991456],[30.885776,29.9919],[30.886013,29.992055],[30.886563,29.991547],[30.887268,29.991458]]]}},{"type":"Feature","properties":{"source_layer":"Parcel","source_feature_count":1,"PARCEL_TYPE":9,"اسم_المحور":"محور دهشور","اسم_المحافظة":"محافظة الجيزة","نوع_نمط_العمران":"كمبوند","نوع_طبيعة_المنطقة":"قائمة","GlobalID":"{4F06A21E-FAC4-4391-AECE-D60FC2F1128F}","SHAPE_Length":381.38690552743066,"SHAPE_Area":4036.3706629861153},"geometry":{"type":"Polygon","coordinates":[[[30.885708,29.991111],[30.887424,29.991026],[30.887485,29.990826],[30.885792,29.990903],[30.885708,29.991111]]]}},{"type":"Feature","properties":{"source_layer":"Parcel","source_feature_count":1,"PARCEL_TYPE":9,"اسم_المحور":"محور دهشور","اسم_المحافظة":"محافظة الجيزة","نوع_نمط_العمران":"كمبوند","نوع_طبيعة_المنطقة":"قائمة","GlobalID":"{AF6DD92B-23C6-422D-915D-883401633FBB}","SHAPE_Length":322.9440394591532,"SHAPE_Area":3374.4784966163525},"geometry":{"type":"Polygon","coordinates":[[[30.885879,29.991577],[30.885977,29.991122],[30.885708,29.991111],[30.88572,29.991378],[30.885525,29.991437],[30.88545,29.991308],[30.885567,29.991108],[30.885304,29.991055],[30.885204,29.991335],[30.885307,29.991572],[30.885571,29.991682],[30.885879,29.991577]]]}},{"type":"Feature","properties":{"source_layer":"Parcel","source_feature_count":1,"PARCEL_TYPE":9,"اسم_المحور":"محور دهشور","اسم_المحافظة":"محافظة الجيزة","نوع_نمط_العمران":"كمبوند","نوع_طبيعة_المنطقة":"قائمة","GlobalID":"{4FF3F03B-B06B-4BF4-B408-70DDE019365B}","SHAPE_Length":345.5831653111182,"SHAPE_Area":7092.109004833965},"geometry":{"type":"Polygon","coordinates":[[[30.889225,29.987668],[30.888679,29.98726],[30.888137,29.988005],[30.888125,29.988277],[30.888703,29.988286],[30.889225,29.987668]]]}},{"type":"Feature","properties":{"source_layer":"Parcel","source_feature_count":1,"PARCEL_TYPE":9,"اسم_المحور":"محور دهشور","اسم_المحافظة":"محافظة الجيزة","نوع_نمط_العمران":"كمبوند","نوع_طبيعة_المنطقة":"قائمة","GlobalID":"{335799D7-FBCF-4F1D-B07C-627F923DB97F}","SHAPE_Length":373.36536531939976,"SHAPE_Area":6203.097814596617},"geometry":{"type":"Polygon","coordinates":[[[30.888722,29.989568],[30.887547,29.988765],[30.887302,29.98903],[30.888451,29.989884],[30.888722,29.989568]]]}},{"type":"Feature","properties":{"source_layer":"Parcel","source_feature_count":1,"PARCEL_TYPE":9,"اسم_المحور":"محور دهشور","اسم_المحافظة":"محافظة الجيزة","نوع_نمط_العمران":"كمبوند","نوع_طبيعة_المنطقة":"قائمة","GlobalID":"{0297844A-9912-4A52-8B9A-B9F0045BC984}","SHAPE_Length":226.5803686097014,"SHAPE_Area":3070.327314899215},"geometry":{"type":"Polygon","coordinates":[[[30.889363,29.989978],[30.888793,29.989632],[30.888536,29.989944],[30.889135,29.990324],[30.889363,29.989978]]]}},{"type":"Feature","properties":{"source_layer":"Parcel","source_feature_count":1,"PARCEL_TYPE":9,"اسم_المحور":"محور دهشور","اسم_المحافظة":"محافظة الجيزة","نوع_نمط_العمران":"كمبوند","نوع_طبيعة_المنطقة":"قائمة","GlobalID":"{20D7C93C-73D7-4A5B-B0D9-AA92EB46D8D0}","SHAPE_Length":224.1174178081855,"SHAPE_Area":2613.7313919086023},"geometry":{"type":"Polygon","coordinates":[[[30.889667,29.989756],[30.889389,29.989886],[30.889436,29.990178],[30.889313,29.990439],[30.889545,29.990566],[30.889742,29.990313],[30.889667,29.989756]]]}},{"type":"Feature","properties":{"source_layer":"Parcel","source_feature_count":1,"PARCEL_TYPE":9,"اسم_المحور":"محور دهشور","اسم_المحافظة":"محافظة الجيزة","نوع_نمط_العمران":"كمبوند","نوع_طبيعة_المنطقة":"قائمة","GlobalID":"{C0E2BE07-4750-470F-9BAF-C14A32F454DC}","SHAPE_Length":337.70521570382186,"SHAPE_Area":4388.139841956365},"geometry":{"type":"Polygon","coordinates":[[[30.888684,29.988744],[30.888392,29.988836],[30.888528,29.989149],[30.889375,29.989766],[30.889584,29.989619],[30.888926,29.989146],[30.888684,29.988744]]]}},{"type":"Feature","properties":{"source_layer":"Parcel","source_feature_count":1,"PARCEL_TYPE":9,"اسم_المحور":"محور دهشور","اسم_المحافظة":"محافظة الجيزة","نوع_نمط_العمران":"كمبوند","نوع_طبيعة_المنطقة":"قائمة","GlobalID":"{21BC3D26-CEA7-4DD2-AE2D-B9325716E56C}","SHAPE_Length":161.99526201601248,"SHAPE_Area":1507.7754978200267},"geometry":{"type":"Polygon","coordinates":[[[30.888556,29.988674],[30.888565,29.988439],[30.888031,29.988453],[30.888022,29.988697],[30.888556,29.988674]]]}},{"type":"Feature","properties":{"source_layer":"Parcel","source_feature_count":1,"PARCEL_TYPE":3,"اسم_المحور":"محور دهشور","اسم_المحافظة":"محافظة الجيزة","نوع_نمط_العمران":"كمبوند","نوع_طبيعة_المنطقة":"قائمة","GlobalID":"{41263570-A25E-465C-B4DB-F3DA3251B152}","SHAPE_Length":1300.8899048783169,"SHAPE_Area":10895.181350247467},"geometry":{"type":"Polygon","coordinates":[[[30.886013,29.992055],[30.885776,29.9919],[30.886179,29.991456],[30.886701,29.991204],[30.887253,29.991176],[30.887268,29.991458],[30.88746,29.991509],[30.887599,29.991262],[30.888312,29.991544],[30.888403,29.991443],[30.887583,29.991118],[30.887662,29.990877],[30.887485,29.990826],[30.887405,29.991033],[30.885977,29.991122],[30.885907,29.991548],[30.885529,29.991677],[30.885222,29.991445],[30.885304,29.991055],[30.884202,29.990653],[30.884114,29.990755],[30.884916,29.991279],[30.884688,29.991615],[30.884798,29.991685],[30.885027,29.991442],[30.886013,29.992055]]]}},{"type":"Feature","properties":{"source_layer":"Parcel","source_feature_count":1,"PARCEL_TYPE":3,"اسم_المحور":"محور دهشور","اسم_المحافظة":"محافظة الجيزة","نوع_نمط_العمران":"كمبوند","نوع_طبيعة_المنطقة":"قائمة","GlobalID":"{B60C08FB-B158-4396-942D-2C07B635EB59}","SHAPE_Length":3355.081151824215,"SHAPE_Area":31423.205156435622},"geometry":{"type":"MultiPolygon","coordinates":[[[[30.889905,29.994173],[30.889633,29.994212],[30.889603,29.993921],[30.890098,29.993263],[30.890541,29.993087],[30.890709,29.993362],[30.890991,29.993018],[30.890787,29.993166],[30.89016,29.992835],[30.890233,29.992573],[30.890056,29.99256],[30.890048,29.992827],[30.889708,29.992893],[30.889801,29.993315],[30.88943,29.993526],[30.889109,29.993364],[30.889067,29.993007],[30.888702,29.993048],[30.888697,29.992779],[30.888604,29.992774],[30.888585,29.993035],[30.888357,29.993022],[30.886995,29.992694],[30.886909,29.992467],[30.886728,29.992586],[30.888059,29.993445],[30.887992,29.993167],[30.888253,29.993113],[30.889005,29.993456],[30.889434,29.993811],[30.889485,29.994125],[30.889211,29.994202],[30.889445,29.994329],[30.88978,29.994352],[30.889905,29.994173]]],[[[30.891127,29.992215],[30.891304,29.991997],[30.891065,29.992159],[30.890225,29.991623],[30.890336,29.991389],[30.890176,29.99159],[30.889607,29.991296],[30.88905,29.991456],[30.888526,29.991464],[30.8885,29.991579],[30.889699,29.991483],[30.889909,29.991794],[30.889642,29.992107],[30.888828,29.992209],[30.888814,29.991982],[30.888763,29.992221],[30.888112,29.992148],[30.88735,29.991837],[30.887394,29.991604],[30.887264,29.991562],[30.88718,29.991815],[30.886749,29.991886],[30.886244,29.992278],[30.886632,29.992531],[30.886475,29.992323],[30.887004,29.99205],[30.887724,29.992204],[30.887702,29.992489],[30.887795,29.992228],[30.888836,29.992379],[30.890057,29.992142],[30.890178,29.992436],[30.89024,29.992156],[30.89126,29.992705],[30.891353,29.992468],[30.891127,29.992215]]]]}},{"type":"Feature","properties":{"source_layer":"Parcel","source_feature_count":1,"PARCEL_TYPE":9,"اسم_المحور":"محور دهشور","اسم_المحافظة":"محافظة الجيزة","نوع_نمط_العمران":"كمبوند","نوع_طبيعة_المنطقة":"قائمة","GlobalID":"{374DD58F-DA77-4F81-871C-C8085395E4D5}","SHAPE_Length":317.59677473109383,"SHAPE_Area":4603.833489475067},"geometry":{"type":"Polygon","coordinates":[[[30.890483,29.988991],[30.889433,29.988308],[30.889264,29.988607],[30.890313,29.989198],[30.890483,29.988991]]]}},{"type":"Feature","properties":{"source_layer":"Parcel","source_feature_count":1,"PARCEL_TYPE":9,"اسم_المحور":"محور دهشور","اسم_المحافظة":"محافظة الجيزة","نوع_نمط_العمران":"كمبوند","نوع_طبيعة_المنطقة":"قائمة","GlobalID":"{E7F14F25-CB00-4529-B39F-DBED5AEDB38D}","SHAPE_Length":426.04865053984645,"SHAPE_Area":5518.054553326773},"geometry":{"type":"Polygon","coordinates":[[[30.88911,29.98812],[30.888896,29.988413],[30.888951,29.988871],[30.889769,29.989528],[30.890029,29.989331],[30.889212,29.988751],[30.889159,29.98848],[30.889328,29.98824],[30.88911,29.98812]]]}},{"type":"Feature","properties":{"source_layer":"Parcel","source_feature_count":1,"PARCEL_TYPE":9,"اسم_المحور":"محور دهشور","اسم_المحافظة":"محافظة الجيزة","نوع_نمط_العمران":"كمبوند","نوع_طبيعة_المنطقة":"قائمة","GlobalID":"{A63FA1EC-E175-4ACC-A462-D95E68F224F3}","SHAPE_Length":262.0912314405109,"SHAPE_Area":3222.6175942161067},"geometry":{"type":"Polygon","coordinates":[[[30.890122,29.989487],[30.889824,29.989608],[30.889953,29.990432],[30.890281,29.990377],[30.89029,29.989915],[30.890122,29.989487]]]}},{"type":"Feature","properties":{"source_layer":"Parcel","source_feature_count":1,"PARCEL_TYPE":9,"اسم_المحور":"محور دهشور","اسم_المحافظة":"محافظة الجيزة","نوع_نمط_العمران":"كمبوند","نوع_طبيعة_المنطقة":"قائمة","GlobalID":"{D9DE2F73-A630-4A17-BAA9-4ED54288A491}","SHAPE_Length":448.1463904648391,"SHAPE_Area":6036.004903233007},"geometry":{"type":"Polygon","coordinates":[[[30.890213,29.990475],[30.889945,29.990465],[30.890084,29.990919],[30.891395,29.991761],[30.891549,29.991506],[30.890295,29.990702],[30.890213,29.990475]]]}},{"type":"Feature","properties":{"source_layer":"Parcel","source_feature_count":1,"PARCEL_TYPE":9,"اسم_المحور":"محور دهشور","اسم_المحافظة":"محافظة الجيزة","نوع_نمط_العمران":"كمبوند","نوع_طبيعة_المنطقة":"قائمة","GlobalID":"{3C64E16B-A36B-4604-914F-B6C2162EA1AB}","SHAPE_Length":186.3432105425739,"SHAPE_Area":2069.5540732165146},"geometry":{"type":"Polygon","coordinates":[[[30.891983,29.991269],[30.891651,29.991541],[30.891595,29.991803],[30.892044,29.991709],[30.892233,29.991465],[30.891983,29.991269]]]}},{"type":"Feature","properties":{"source_layer":"Parcel","source_feature_count":1,"PARCEL_TYPE":9,"اسم_المحور":"محور دهشور","اسم_المحافظة":"محافظة الجيزة","نوع_نمط_العمران":"كمبوند","نوع_طبيعة_المنطقة":"قائمة","GlobalID":"{9A3BD167-3A0D-4CF2-AF3A-44B5AB7FAF8E}","SHAPE_Length":442.11140706309635,"SHAPE_Area":5030.882963292089},"geometry":{"type":"Polygon","coordinates":[[[30.891532,29.990767],[30.892032,29.991147],[30.892205,29.990921],[30.891598,29.990547],[30.891192,29.990681],[30.891184,29.991058],[30.891772,29.991428],[30.891937,29.99124],[30.891404,29.990932],[30.891532,29.990767]]]}},{"type":"Feature","properties":{"source_layer":"Parcel","source_feature_count":1,"PARCEL_TYPE":9,"اسم_المحور":"محور دهشور","اسم_المحافظة":"محافظة الجيزة","نوع_نمط_العمران":"كمبوند","نوع_طبيعة_المنطقة":"قائمة","GlobalID":"{25150965-9C33-493E-874C-FAB4A16A0970}","SHAPE_Length":301.7033909739964,"SHAPE_Area":3966.502785709502},"geometry":{"type":"Polygon","coordinates":[[[30.892345,29.990241],[30.892259,29.990464],[30.892412,29.990754],[30.892079,29.991176],[30.892343,29.9913],[30.892664,29.990987],[30.892758,29.990677],[30.892635,29.990393],[30.892345,29.990241]]]}},{"type":"Feature","properties":{"source_layer":"Parcel","source_feature_count":1,"PARCEL_TYPE":9,"اسم_المحور":"محور دهشور","اسم_المحافظة":"محافظة الجيزة","نوع_نمط_العمران":"كمبوند","نوع_طبيعة_المنطقة":"قائمة","GlobalID":"{B9844188-6570-46E2-A917-3DAD663C5B11}","SHAPE_Length":269.803149205797,"SHAPE_Area":2924.940922096828},"geometry":{"type":"Polygon","coordinates":[[[30.89151,29.989784],[30.891219,29.989854],[30.891416,29.990228],[30.891743,29.990416],[30.892158,29.990447],[30.892145,29.990243],[30.891703,29.990133],[30.89151,29.989784]]]}},{"type":"Feature","properties":{"source_layer":"Parcel","source_feature_count":1,"PARCEL_TYPE":3,"اسم_المحور":"محور دهشور","اسم_المحافظة":"محافظة الجيزة","نوع_نمط_العمران":"كمبوند","نوع_طبيعة_المنطقة":"قائمة","GlobalID":"{8EFF3422-45C4-4410-A0BB-4CBA66C0B528}","SHAPE_Length":986.472143749945,"SHAPE_Area":8233.994544743406},"geometry":{"type":"Polygon","coordinates":[[[30.889425,29.989837],[30.889667,29.989756],[30.889584,29.989619],[30.889308,29.989762],[30.888499,29.989106],[30.888388,29.988846],[30.888684,29.988744],[30.88859,29.988447],[30.888518,29.988714],[30.887879,29.988756],[30.88754,29.988585],[30.887105,29.988886],[30.887302,29.98903],[30.887547,29.988765],[30.887974,29.988998],[30.888722,29.989568],[30.888451,29.989884],[30.888536,29.989944],[30.888793,29.989632],[30.889363,29.989978],[30.889135,29.990324],[30.889313,29.990439],[30.889425,29.989837]]]}},{"type":"Feature","properties":{"source_layer":"Parcel","source_feature_count":1,"PARCEL_TYPE":9,"اسم_المحور":"محور دهشور","اسم_المحافظة":"محافظة الجيزة","نوع_نمط_العمران":"كمبوند","نوع_طبيعة_المنطقة":"قائمة","GlobalID":"{0B321B4C-FDF9-4A04-9927-438D37AF20E6}","SHAPE_Length":168.44768832009882,"SHAPE_Area":1569.152727352326},"geometry":{"type":"Polygon","coordinates":[[[30.888702,29.993048],[30.889314,29.992982],[30.889261,29.992778],[30.888697,29.992779],[30.888702,29.993048]]]}},{"type":"Feature","properties":{"source_layer":"Parcel","source_feature_count":1,"PARCEL_TYPE":9,"اسم_المحور":"محور دهشور","اسم_المحافظة":"محافظة الجيزة","نوع_نمط_العمران":"كمبوند","نوع_طبيعة_المنطقة":"قائمة","GlobalID":"{16524DB2-43B9-49D1-9ED4-E3558A729BD4}","SHAPE_Length":176.94018350318706,"SHAPE_Area":1693.7414058662848},"geometry":{"type":"Polygon","coordinates":[[[30.890075,29.992785],[30.890056,29.99256],[30.889415,29.992766],[30.889461,29.992942],[30.890075,29.992785]]]}},{"type":"Feature","properties":{"source_layer":"Parcel","source_feature_count":1,"PARCEL_TYPE":9,"اسم_المحور":"محور دهشور","اسم_المحافظة":"محافظة الجيزة","نوع_نمط_العمران":"كمبوند","نوع_طبيعة_المنطقة":"قائمة","GlobalID":"{9A7E53E9-0143-431F-B370-58D3F089F4BC}","SHAPE_Length":212.72832922139315,"SHAPE_Area":2161.4780090510235},"geometry":{"type":"Polygon","coordinates":[[[30.890233,29.992573],[30.89016,29.992835],[30.890787,29.993166],[30.890967,29.992972],[30.890233,29.992573]]]}},{"type":"Feature","properties":{"source_layer":"Parcel","source_feature_count":1,"PARCEL_TYPE":9,"اسم_المحور":"محور دهشور","اسم_المحافظة":"محافظة الجيزة","نوع_نمط_العمران":"كمبوند","نوع_طبيعة_المنطقة":"قائمة","GlobalID":"{71E0ABA6-92CD-423A-9D70-CB32E07A00D3}","SHAPE_Length":276.4544484956786,"SHAPE_Area":3621.200238103407},"geometry":{"type":"Polygon","coordinates":[[[30.890218,29.994419],[30.889952,29.994235],[30.889634,29.99438],[30.889211,29.994202],[30.889053,29.99442],[30.889616,29.994691],[30.890218,29.994419]]]}},{"type":"Feature","properties":{"source_layer":"Parcel","source_feature_count":1,"PARCEL_TYPE":9,"اسم_المحور":"محور دهشور","اسم_المحافظة":"محافظة الجيزة","نوع_نمط_العمران":"كمبوند","نوع_طبيعة_المنطقة":"قائمة","GlobalID":"{72ED4F75-7F2F-48BE-937B-D3C53C0E7146}","SHAPE_Length":355.37528621835617,"SHAPE_Area":4002.3853201198376},"geometry":{"type":"Polygon","coordinates":[[[30.890603,29.993338],[30.890541,29.993087],[30.890098,29.993263],[30.889634,29.993832],[30.889633,29.994212],[30.889905,29.994173],[30.889882,29.993919],[30.890165,29.993556],[30.890603,29.993338]]]}},{"type":"Feature","properties":{"source_layer":"Parcel","source_feature_count":1,"PARCEL_TYPE":9,"اسم_المحور":"محور دهشور","اسم_المحافظة":"محافظة الجيزة","نوع_نمط_العمران":"كمبوند","نوع_طبيعة_المنطقة":"قائمة","GlobalID":"{DE6552DC-22BB-4403-AAF4-DF494DFECE33}","SHAPE_Length":147.96479643171662,"SHAPE_Area":1423.3101611927161},"geometry":{"type":"Polygon","coordinates":[[[30.891197,29.993141],[30.890991,29.993018],[30.890709,29.993362],[30.890985,29.993481],[30.891197,29.993141]]]}},{"type":"Feature","properties":{"source_layer":"Parcel","source_feature_count":1,"PARCEL_TYPE":9,"اسم_المحور":"محور دهشور","اسم_المحافظة":"محافظة الجيزة","نوع_نمط_العمران":"كمبوند","نوع_طبيعة_المنطقة":"قائمة","GlobalID":"{71548A78-44BE-4436-A41F-50E9A0C974C5}","SHAPE_Length":324.66893414276376,"SHAPE_Area":3088.114550825709},"geometry":{"type":"Polygon","coordinates":[[[30.889801,29.993315],[30.889708,29.992893],[30.889461,29.992942],[30.889588,29.993203],[30.889423,29.993334],[30.889284,29.993241],[30.889314,29.992982],[30.889067,29.993007],[30.889089,29.993331],[30.889304,29.993504],[30.889597,29.993498],[30.889801,29.993315]]]}},{"type":"Feature","properties":{"source_layer":"Parcel","source_feature_count":1,"PARCEL_TYPE":9,"اسم_المحور":"محور دهشور","اسم_المحافظة":"محافظة الجيزة","نوع_نمط_العمران":"كمبوند","نوع_طبيعة_المنطقة":"قائمة","GlobalID":"{6DACF686-2947-47E4-9997-B340743DBD39}","SHAPE_Length":378.95239488285637,"SHAPE_Area":5274.315748096305},"geometry":{"type":"Polygon","coordinates":[[[30.888059,29.993445],[30.886728,29.992586],[30.88658,29.992772],[30.887813,29.993661],[30.888059,29.993445]]]}},{"type":"Feature","properties":{"source_layer":"Parcel","source_feature_count":1,"PARCEL_TYPE":9,"اسم_المحور":"محور دهشور","اسم_المحافظة":"محافظة الجيزة","نوع_نمط_العمران":"كمبوند","نوع_طبيعة_المنطقة":"قائمة","GlobalID":"{682433CD-208B-4D9D-AA18-06D3F26352BE}","SHAPE_Length":408.75544573037587,"SHAPE_Area":4753.9017988151145},"geometry":{"type":"Polygon","coordinates":[[[30.889399,29.993755],[30.888444,29.993139],[30.887992,29.993167],[30.888091,29.993423],[30.888491,29.993437],[30.889116,29.993831],[30.889231,29.994123],[30.889485,29.994125],[30.889399,29.993755]]]}},{"type":"Feature","properties":{"source_layer":"Parcel","source_feature_count":1,"PARCEL_TYPE":9,"اسم_المحور":"محور دهشور","اسم_المحافظة":"محافظة الجيزة","نوع_نمط_العمران":"كمبوند","نوع_طبيعة_المنطقة":"قائمة","GlobalID":"{921D4559-7675-4B52-9429-F7D49942D77E}","SHAPE_Length":385.9729083790593,"SHAPE_Area":4894.929036328214},"geometry":{"type":"Polygon","coordinates":[[[30.888604,29.992774],[30.886909,29.992467],[30.887008,29.992699],[30.888585,29.993035],[30.888604,29.992774]]]}},{"type":"Feature","properties":{"source_layer":"Parcel","source_feature_count":1,"PARCEL_TYPE":9,"اسم_المحور":"محور دهشور","اسم_المحافظة":"محافظة الجيزة","نوع_نمط_العمران":"كمبوند","نوع_طبيعة_المنطقة":"قائمة","GlobalID":"{4CD9351C-3DA8-4BF4-B2B3-C2F17960E89C}","SHAPE_Length":282.65205094748796,"SHAPE_Area":4313.074987870042},"geometry":{"type":"Polygon","coordinates":[[[30.892602,29.992116],[30.892428,29.992416],[30.893221,29.992917],[30.89351,29.992715],[30.892602,29.992116]]]}},{"type":"Feature","properties":{"source_layer":"Parcel","source_feature_count":1,"PARCEL_TYPE":3,"اسم_المحور":"محور دهشور","اسم_المحافظة":"محافظة الجيزة","نوع_نمط_العمران":"كمبوند","نوع_طبيعة_المنطقة":"قائمة","GlobalID":"{31EDC868-BFCF-41E7-B64A-898E85BF9290}","SHAPE_Length":1932.701586056736,"SHAPE_Area":25033.915513598848},"geometry":{"type":"Polygon","coordinates":[[[30.891864,29.991406],[30.891937,29.99124],[30.891772,29.991428],[30.891243,29.99112],[30.891148,29.990751],[30.891371,29.99056],[30.891684,29.990575],[30.892205,29.990921],[30.892079,29.991176],[30.892412,29.990754],[30.892259,29.990464],[30.892345,29.990241],[30.892145,29.990243],[30.892132,29.990457],[30.891526,29.990314],[30.891218,29.989873],[30.89151,29.989784],[30.891482,29.98969],[30.891184,29.989443],[30.890871,29.989876],[30.890937,29.990506],[30.890698,29.990579],[30.890624,29.989124],[30.890483,29.988991],[30.8902,29.989205],[30.889274,29.988618],[30.889433,29.988308],[30.889328,29.98824],[30.889159,29.98848],[30.88919,29.988715],[30.890029,29.989331],[30.889769,29.989528],[30.889824,29.989608],[30.890122,29.989487],[30.890268,29.989816],[30.890281,29.990377],[30.889945,29.990465],[30.890213,29.990475],[30.890295,29.990702],[30.891541,29.991497],[30.891412,29.991772],[30.891595,29.991803],[30.891651,29.991541],[30.891864,29.991406]]]}},{"type":"Feature","properties":{"source_layer":"Parcel","source_feature_count":1,"PARCEL_TYPE":3,"اسم_المحور":"محور دهشور","اسم_المحافظة":"محافظة الجيزة","نوع_نمط_العمران":"كمبوند","نوع_طبيعة_المنطقة":"قائمة","GlobalID":"{B5A3E30E-4540-49FD-8DA4-9636C9D10993}","SHAPE_Length":167.38341628911294,"SHAPE_Area":1553.707663724343},"geometry":{"type":"Polygon","coordinates":[[[30.89351,29.992715],[30.893221,29.992917],[30.893776,29.993219],[30.893799,29.993055],[30.89351,29.992715]]]}},{"type":"Feature","properties":{"source_layer":"Parcel","source_feature_count":1,"PARCEL_TYPE":3,"اسم_المحور":"محور دهشور","اسم_المحافظة":"محافظة الجيزة","نوع_نمط_العمران":"كمبوند","نوع_طبيعة_المنطقة":"قائمة","GlobalID":"{AFF3A650-7CA6-4118-B7E7-5FC8110AF8CD}","SHAPE_Length":286.24026966425447,"SHAPE_Area":2239.8595031965915},"geometry":{"type":"Polygon","coordinates":[[[30.895056,29.99372],[30.894668,29.99382],[30.894454,29.993258],[30.894106,29.993403],[30.894172,29.993516],[30.894917,29.993981],[30.895079,29.993923],[30.895056,29.99372]]]}},{"type":"Feature","properties":{"source_layer":"Parcel","source_feature_count":1,"PARCEL_TYPE":9,"اسم_المحور":"محور دهشور","اسم_المحافظة":"محافظة الجيزة","نوع_نمط_العمران":"اسكان اجتماعى شباب","نوع_طبيعة_المنطقة":"تحت الانشاء","GlobalID":"{3DA5C34B-DD76-4770-85A2-455FFFDCBC6B}","SHAPE_Length":280.3756251329324,"SHAPE_Area":4159.612251201813},"geometry":{"type":"Polygon","coordinates":[[[30.960458,29.937765],[30.961266,29.938304],[30.96152,29.937987],[30.960721,29.937458],[30.960458,29.937765]]]}},{"type":"Feature","properties":{"source_layer":"Parcel","source_feature_count":1,"PARCEL_TYPE":9,"اسم_المحور":"محور دهشور","اسم_المحافظة":"محافظة الجيزة","نوع_نمط_العمران":"اسكان اجتماعى شباب","نوع_طبيعة_المنطقة":"تحت الانشاء","GlobalID":"{4B03F02B-C6DD-479E-AB73-24C6F75D383F}","SHAPE_Length":295.59211153892846,"SHAPE_Area":4378.726033387743},"geometry":{"type":"Polygon","coordinates":[[[30.957718,29.93547],[30.956851,29.93489],[30.956597,29.93519],[30.957481,29.93578],[30.957718,29.93547]]]}},{"type":"Feature","properties":{"source_layer":"Parcel","source_feature_count":1,"PARCEL_TYPE":9,"اسم_المحور":"محور دهشور","اسم_المحافظة":"محافظة الجيزة","نوع_نمط_العمران":"اسكان اجتماعى شباب","نوع_طبيعة_المنطقة":"تحت الانشاء","GlobalID":"{27745C50-C2D5-4356-A77C-DD904EE55761}","SHAPE_Length":258.792378443536,"SHAPE_Area":3619.7859282411127},"geometry":{"type":"Polygon","coordinates":[[[30.965236,29.940921],[30.965967,29.941405],[30.966222,29.94111],[30.965494,29.940629],[30.965236,29.940921]]]}},{"type":"Feature","properties":{"source_layer":"Parcel","source_feature_count":1,"PARCEL_TYPE":9,"اسم_المحور":"محور دهشور","اسم_المحافظة":"محافظة الجيزة","نوع_نمط_العمران":"اسكان اجتماعى شباب","نوع_طبيعة_المنطقة":"تحت الانشاء","GlobalID":"{FE6B4FDF-CBCF-413F-BFAE-534DF170861B}","SHAPE_Length":264.3836802954414,"SHAPE_Area":3741.5602256959714},"geometry":{"type":"Polygon","coordinates":[[[30.964211,29.940243],[30.964962,29.94074],[30.96522,29.940447],[30.964469,29.939948],[30.964211,29.940243]]]}},{"type":"Feature","properties":{"source_layer":"Parcel","source_feature_count":1,"PARCEL_TYPE":14,"اسم_المحور":"محور دهشور","اسم_المحافظة":"محافظة الجيزة","نوع_نمط_العمران":"اسكان اجتماعى شباب","نوع_طبيعة_المنطقة":"تحت الانشاء","GlobalID":"{FC8BB436-A12F-42A7-A408-CC99C53C2CDF}","SHAPE_Length":1301.3663837508543,"SHAPE_Area":68464.60091154434},"geometry":{"type":"Polygon","coordinates":[[[30.960828,29.939336],[30.960044,29.939275],[30.959971,29.938785],[30.958812,29.938088],[30.958013,29.939058],[30.959388,29.9399],[30.958602,29.940861],[30.96055,29.942146],[30.961498,29.940978],[30.960907,29.940634],[30.960764,29.93999],[30.960828,29.939336]]]}},{"type":"Feature","properties":{"source_layer":"Parcel","source_feature_count":1,"PARCEL_TYPE":14,"اسم_المحور":"محور دهشور","اسم_المحافظة":"محافظة الجيزة","نوع_نمط_العمران":"اسكان اجتماعى شباب","نوع_طبيعة_المنطقة":"تحت الانشاء","GlobalID":"{8ABC1D82-2301-4826-851D-33A6404B36B2}","SHAPE_Length":559.9523597490685,"SHAPE_Area":19463.667356696766},"geometry":{"type":"Polygon","coordinates":[[[30.957507,29.937303],[30.958812,29.938088],[30.959567,29.937171],[30.958341,29.936353],[30.957507,29.937303]]]}},{"type":"Feature","properties":{"source_layer":"Parcel","source_feature_count":1,"PARCEL_TYPE":9,"اسم_المحور":"محور دهشور","اسم_المحافظة":"محافظة الجيزة","نوع_نمط_العمران":"اسكان اجتماعى شباب","نوع_طبيعة_المنطقة":"تحت الانشاء","GlobalID":"{7E7CE344-0C75-40C6-9845-00C2B04FA73A}","SHAPE_Length":448.18633633564775,"SHAPE_Area":7802.6916530095305},"geometry":{"type":"Polygon","coordinates":[[[30.963216,29.939114],[30.961719,29.938119],[30.961463,29.938436],[30.962944,29.939424],[30.963216,29.939114]]]}},{"type":"Feature","properties":{"source_layer":"Parcel","source_feature_count":1,"PARCEL_TYPE":9,"اسم_المحور":"محور دهشور","اسم_المحافظة":"محافظة الجيزة","نوع_نمط_العمران":"اسكان اجتماعى شباب","نوع_طبيعة_المنطقة":"تحت الانشاء","GlobalID":"{49C1F6FB-8156-456C-9C65-BB0F4514DDF0}","SHAPE_Length":599.4061801028201,"SHAPE_Area":21699.143973494633},"geometry":{"type":"Polygon","coordinates":[[[30.958164,29.936235],[30.956696,29.935256],[30.955943,29.936147],[30.957395,29.937109],[30.958164,29.936235]]]}},{"type":"Feature","properties":{"source_layer":"Parcel","source_feature_count":1,"PARCEL_TYPE":9,"اسم_المحور":"محور دهشور","اسم_المحافظة":"محافظة الجيزة","نوع_نمط_العمران":"اسكان اجتماعى شباب","نوع_طبيعة_المنطقة":"تحت الانشاء","GlobalID":"{5AE34D33-9448-4B62-8F72-5963CF2890BE}","SHAPE_Length":1105.5454688003576,"SHAPE_Area":60778.740361935495},"geometry":{"type":"Polygon","coordinates":[[[30.955756,29.936184],[30.955187,29.935078],[30.954026,29.935462],[30.955483,29.938692],[30.95581,29.938913],[30.957306,29.937211],[30.955756,29.936184]]]}},{"type":"Feature","properties":{"source_layer":"Parcel","source_feature_count":1,"PARCEL_TYPE":9,"اسم_المحور":"محور دهشور","اسم_المحافظة":"محافظة الجيزة","نوع_نمط_العمران":"اسكان اجتماعى شباب","نوع_طبيعة_المنطقة":"تحت الانشاء","GlobalID":"{C9245E69-AC8E-422E-AB45-360D5B485949}","SHAPE_Length":737.8837794748493,"SHAPE_Area":29285.25082440495},"geometry":{"type":"Polygon","coordinates":[[[30.961429,29.938413],[30.959567,29.937171],[30.958812,29.938088],[30.959971,29.938785],[30.960044,29.939275],[30.960828,29.939336],[30.961012,29.938865],[30.961429,29.938413]]]}},{"type":"Feature","properties":{"source_layer":"Parcel","source_feature_count":1,"PARCEL_TYPE":9,"اسم_المحور":"محور دهشور","اسم_المحافظة":"محافظة الجيزة","نوع_نمط_العمران":"اسكان اجتماعى شباب","نوع_طبيعة_المنطقة":"تحت الانشاء","GlobalID":"{EA7E2FAD-0C66-4377-81D3-8562643C0379}","SHAPE_Length":688.2880672279973,"SHAPE_Area":29702.585025117765},"geometry":{"type":"Polygon","coordinates":[[[30.962825,29.939344],[30.961514,29.93847],[30.961096,29.938924],[30.960913,29.93942],[30.960975,29.940555],[30.961564,29.940897],[30.962825,29.939344]]]}},{"type":"Feature","properties":{"source_layer":"Parcel","source_feature_count":1,"PARCEL_TYPE":9,"اسم_المحور":"محور دهشور","اسم_المحافظة":"محافظة الجيزة","نوع_نمط_العمران":"اسكان اجتماعى شباب","نوع_طبيعة_المنطقة":"تحت الانشاء","GlobalID":"{12AD41DC-82E2-4F53-918B-4DCA865C8FB6}","SHAPE_Length":1154.883706499581,"SHAPE_Area":62785.13321353478},"geometry":{"type":"Polygon","coordinates":[[[30.958812,29.938088],[30.957507,29.937303],[30.955921,29.939107],[30.957194,29.940044],[30.958602,29.940861],[30.959388,29.9399],[30.958013,29.939058],[30.958812,29.938088]]]}},{"type":"Feature","properties":{"source_layer":"Parcel","source_feature_count":1,"PARCEL_TYPE":9,"اسم_المحور":"محور دهشور","اسم_المحافظة":"محافظة الجيزة","نوع_نمط_العمران":"اسكان اجتماعى شباب","نوع_طبيعة_المنطقة":"تحت الانشاء","GlobalID":"{8596E262-E71D-46C5-816F-D1BA3C4A8C93}","SHAPE_Length":2201.4235112761357,"SHAPE_Area":193432.2184283423},"geometry":{"type":"Polygon","coordinates":[[[30.965593,29.944798],[30.967917,29.942238],[30.967078,29.941678],[30.966821,29.94197],[30.962914,29.939404],[30.960724,29.9421],[30.962548,29.943242],[30.963449,29.942232],[30.964338,29.942841],[30.963455,29.943856],[30.964991,29.944894],[30.965593,29.944798]]]}},{"type":"Feature","properties":{"source_layer":"Parcel","source_feature_count":1,"PARCEL_TYPE":9,"اسم_المحور":"محور دهشور","اسم_المحافظة":"محافظة الجيزة","نوع_نمط_العمران":"اسكان اجتماعى شباب","نوع_طبيعة_المنطقة":"تحت الانشاء","GlobalID":"{FB0ADEAE-3744-49DD-97F5-8DBD24DF696C}","SHAPE_Length":1292.0539051286626,"SHAPE_Area":101763.81299982966},"geometry":{"type":"Polygon","coordinates":[[[30.971172,29.944387],[30.968054,29.942329],[30.966429,29.944301],[30.969523,29.946348],[30.971172,29.944387]]]}},{"type":"Feature","properties":{"source_layer":"Parcel","source_feature_count":1,"PARCEL_TYPE":9,"اسم_المحور":"محور دهشور","اسم_المحافظة":"محافظة الجيزة","نوع_نمط_العمران":"اسكان اجتماعى شباب","نوع_طبيعة_المنطقة":"قائمة","GlobalID":"{651471E9-186C-43EC-B992-FF75AED402EE}","SHAPE_Length":2825.673275897028,"SHAPE_Area":119069.46714463533},"geometry":{"type":"Polygon","coordinates":[[[30.988886,29.922477],[30.987572,29.922599],[30.986675,29.922865],[30.976358,29.927878],[30.97715,29.928124],[30.977984,29.928028],[30.989364,29.922622],[30.988886,29.922477]]]}},{"type":"Feature","properties":{"source_layer":"Parcel","source_feature_count":1,"PARCEL_TYPE":9,"اسم_المحور":"محور دهشور","اسم_المحافظة":"محافظة الجيزة","نوع_نمط_العمران":"اسكان اجتماعى شباب","نوع_طبيعة_المنطقة":"قائمة","GlobalID":"{1E7D6A7D-262B-4228-8301-CF1004BF8F69}","SHAPE_Length":854.1728865225267,"SHAPE_Area":47052.145053822795},"geometry":{"type":"Polygon","coordinates":[[[30.982997,29.92578],[30.981749,29.926398],[30.983021,29.92825],[30.983951,29.927755],[30.984719,29.926124],[30.983596,29.925738],[30.982997,29.92578]]]}},{"type":"Feature","properties":{"source_layer":"Parcel","source_feature_count":1,"PARCEL_TYPE":9,"اسم_المحور":"محور دهشور","اسم_المحافظة":"محافظة الجيزة","نوع_نمط_العمران":"اسكان اجتماعى شباب","نوع_طبيعة_المنطقة":"قائمة","GlobalID":"{7745B33D-12E0-4AAD-B9D4-D025E2CB2C0C}","SHAPE_Length":820.1546607668597,"SHAPE_Area":40994.226674150326},"geometry":{"type":"Polygon","coordinates":[[[30.982935,29.928278],[30.98167,29.926437],[30.980121,29.927203],[30.981364,29.929042],[30.982935,29.928278]]]}},{"type":"Feature","properties":{"source_layer":"Parcel","source_feature_count":1,"PARCEL_TYPE":9,"اسم_المحور":"محور دهشور","اسم_المحافظة":"محافظة الجيزة","نوع_نمط_العمران":"اسكان اجتماعى شباب","نوع_طبيعة_المنطقة":"قائمة","GlobalID":"{BACAA9E8-F8F2-4C6E-9310-328CE879133E}","SHAPE_Length":1186.8152775239842,"SHAPE_Area":77675.1118018803},"geometry":{"type":"Polygon","coordinates":[[[30.986077,29.926516],[30.98484,29.926162],[30.984056,29.927824],[30.983084,29.928342],[30.983904,29.929535],[30.98749,29.927703],[30.986931,29.92693],[30.986077,29.926516]]]}},{"type":"Feature","properties":{"source_layer":"Parcel","source_feature_count":1,"PARCEL_TYPE":9,"اسم_المحور":"محور دهشور","اسم_المحافظة":"محافظة الجيزة","نوع_نمط_العمران":"اسكان اجتماعى شباب","نوع_طبيعة_المنطقة":"قائمة","GlobalID":"{F0E14C17-98F8-439E-BF9F-F9F4103C7C49}","SHAPE_Length":1143.8915067382227,"SHAPE_Area":64157.31670656339},"geometry":{"type":"Polygon","coordinates":[[[30.98083,29.92866],[30.979899,29.927313],[30.978169,29.928169],[30.977127,29.928266],[30.977079,29.930407],[30.977481,29.93037],[30.977479,29.930033],[30.97846,29.92985],[30.98083,29.92866]]]}},{"type":"Feature","properties":{"source_layer":"Parcel","source_feature_count":1,"PARCEL_TYPE":9,"اسم_المحور":"محور دهشور","اسم_المحافظة":"محافظة الجيزة","نوع_نمط_العمران":"اسكان اجتماعى شباب","نوع_طبيعة_المنطقة":"قائمة","GlobalID":"{ADA83E92-7C12-4E80-B992-2607BFCC069A}","SHAPE_Length":1078.886482643558,"SHAPE_Area":55901.34146561183},"geometry":{"type":"Polygon","coordinates":[[[30.988267,29.928886],[30.987553,29.9278],[30.983969,29.92963],[30.984716,29.930717],[30.988267,29.928886]]]}},{"type":"Feature","properties":{"source_layer":"Parcel","source_feature_count":1,"PARCEL_TYPE":9,"اسم_المحور":"محور دهشور","اسم_المحافظة":"محافظة الجيزة","نوع_نمط_العمران":"اسكان اجتماعى شباب","نوع_طبيعة_المنطقة":"قائمة","GlobalID":"{CB1AD3EA-1B41-4CB6-8F66-9577A12B297E}","SHAPE_Length":961.7906783129606,"SHAPE_Area":53597.68734431358},"geometry":{"type":"Polygon","coordinates":[[[30.984639,29.930758],[30.983021,29.928403],[30.981449,29.929168],[30.983067,29.93156],[30.984639,29.930758]]]}},{"type":"Feature","properties":{"source_layer":"Parcel","source_feature_count":1,"PARCEL_TYPE":9,"اسم_المحور":"محور دهشور","اسم_المحافظة":"محافظة الجيزة","نوع_نمط_العمران":"اسكان اجتماعى شباب","نوع_طبيعة_المنطقة":"قائمة","GlobalID":"{3F8CEA38-816A-4375-81F5-A52F4B4158FC}","SHAPE_Length":1444.7945749143394,"SHAPE_Area":127983.08938400281},"geometry":{"type":"Polygon","coordinates":[[[30.976927,29.930853],[30.976974,29.928249],[30.976123,29.927992],[30.975609,29.928241],[30.975528,29.928144],[30.972834,29.930989],[30.975214,29.93283],[30.976643,29.931582],[30.976927,29.930853]]]}},{"type":"Feature","properties":{"source_layer":"Parcel","source_feature_count":1,"PARCEL_TYPE":9,"اسم_المحور":"محور دهشور","اسم_المحافظة":"محافظة الجيزة","نوع_نمط_العمران":"اسكان اجتماعى شباب","نوع_طبيعة_المنطقة":"قائمة","GlobalID":"{385FC90C-E1DE-4752-BD5B-8733CE637129}","SHAPE_Length":1103.8857256001022,"SHAPE_Area":52818.67743648374},"geometry":{"type":"Polygon","coordinates":[[[30.984838,29.930817],[30.981041,29.93278],[30.981681,29.933733],[30.985499,29.931749],[30.984838,29.930817]]]}},{"type":"Feature","properties":{"source_layer":"Parcel","source_feature_count":1,"PARCEL_TYPE":9,"اسم_المحور":"محور دهشور","اسم_المحافظة":"محافظة الجيزة","نوع_نمط_العمران":"اسكان اجتماعى شباب","نوع_طبيعة_المنطقة":"قائمة","GlobalID":"{409187EE-7E59-49BE-B34A-B22550667456}","SHAPE_Length":1049.7856956559694,"SHAPE_Area":30379.68716686829},"geometry":{"type":"Polygon","coordinates":[[[30.982896,29.93165],[30.98254,29.931136],[30.978471,29.933266],[30.97884,29.933782],[30.982896,29.93165]]]}},{"type":"Feature","properties":{"source_layer":"Parcel","source_feature_count":1,"PARCEL_TYPE":9,"اسم_المحور":"محور دهشور","اسم_المحافظة":"محافظة الجيزة","نوع_نمط_العمران":"اسكان اجتماعى شباب","نوع_طبيعة_المنطقة":"قائمة","GlobalID":"{C7C948EE-B918-4A9E-A8D8-D0C4AEC3AB9E}","SHAPE_Length":919.8754615774177,"SHAPE_Area":51766.05495416839},"geometry":{"type":"Polygon","coordinates":[[[30.978716,29.933849],[30.977264,29.931822],[30.976851,29.931994],[30.976405,29.931901],[30.975275,29.932876],[30.977278,29.934377],[30.977762,29.934358],[30.978716,29.933849]]]}},{"type":"Feature","properties":{"source_layer":"Parcel","source_feature_count":1,"PARCEL_TYPE":9,"اسم_المحور":"محور دهشور","اسم_المحافظة":"محافظة الجيزة","نوع_نمط_العمران":"اسكان اجتماعى شباب","نوع_طبيعة_المنطقة":"قائمة","GlobalID":"{EE5DBE7C-30E5-4DD0-A66A-773E8D00237B}","SHAPE_Length":1171.3446664082105,"SHAPE_Area":84247.03934294493},"geometry":{"type":"Polygon","coordinates":[[[30.9737,29.927448],[30.97312,29.927573],[30.972514,29.927905],[30.97115,29.929496],[30.971231,29.929726],[30.972738,29.930911],[30.975449,29.928048],[30.9747,29.927597],[30.9737,29.927448]]]}},{"type":"Feature","properties":{"source_layer":"Parcel","source_feature_count":1,"PARCEL_TYPE":9,"اسم_المحور":"محور دهشور","اسم_المحافظة":"محافظة الجيزة","نوع_نمط_العمران":"اسكان اجتماعى شباب","نوع_طبيعة_المنطقة":"قائمة","GlobalID":"{142BEF05-BF8B-4DA4-84D5-4E4D1D5B025F}","SHAPE_Length":2694.4423438822146,"SHAPE_Area":148741.86459044047},"geometry":{"type":"Polygon","coordinates":[[[30.977723,29.935788],[30.981102,29.934035],[30.980463,29.933083],[30.977953,29.934428],[30.977267,29.93452],[30.971067,29.929905],[30.970258,29.93064],[30.977027,29.935789],[30.977723,29.935788]]]}},{"type":"Feature","properties":{"source_layer":"Parcel","source_feature_count":1,"PARCEL_TYPE":9,"اسم_المحور":"محور دهشور","اسم_المحافظة":"محافظة الجيزة","نوع_نمط_العمران":"اسكان اجتماعى شباب","نوع_طبيعة_المنطقة":"قائمة","GlobalID":"{698BD2A6-024B-47D0-BC72-E589A3C5C6E5}","SHAPE_Length":400.9993846625838,"SHAPE_Area":9477.792527416275},"geometry":{"type":"Polygon","coordinates":[[[30.995463,29.924405],[30.994192,29.924083],[30.993983,29.924737],[30.995166,29.925061],[30.995463,29.924405]]]}},{"type":"Feature","properties":{"source_layer":"Parcel","source_feature_count":1,"PARCEL_TYPE":9,"اسم_المحور":"محور دهشور","اسم_المحافظة":"محافظة الجيزة","نوع_نمط_العمران":"اسكان اجتماعى شباب","نوع_طبيعة_المنطقة":"قائمة","GlobalID":"{E3A0723B-684B-47ED-8613-A95947507942}","SHAPE_Length":1853.8730596483317,"SHAPE_Area":154368.5993729969},"geometry":{"type":"Polygon","coordinates":[[[30.992009,29.924539],[30.987319,29.926944],[30.9873,29.927184],[30.98838,29.928828],[30.995192,29.92523],[30.99265,29.92452],[30.992009,29.924539]]]}},{"type":"Feature","properties":{"source_layer":"Parcel","source_feature_count":1,"PARCEL_TYPE":9,"اسم_المحور":"محور دهشور","اسم_المحافظة":"محافظة الجيزة","نوع_نمط_العمران":"اسكان اجتماعى شباب","نوع_طبيعة_المنطقة":"قائمة","GlobalID":"{544AC5EB-F611-4E7F-B080-D98B419556FB}","SHAPE_Length":1225.6997414388322,"SHAPE_Area":83017.96506181978},"geometry":{"type":"Polygon","coordinates":[[[30.988592,29.926098],[30.987078,29.923843],[30.98353,29.92556],[30.983604,29.925675],[30.987016,29.926801],[30.987341,29.926752],[30.988592,29.926098]]]}},{"type":"Feature","properties":{"source_layer":"Parcel","source_feature_count":1,"PARCEL_TYPE":9,"اسم_المحور":"محور دهشور","اسم_المحافظة":"محافظة الجيزة","نوع_نمط_العمران":"اسكان اجتماعى شباب","نوع_طبيعة_المنطقة":"تحت الانشاء","GlobalID":"{0EB49E8E-B466-4B9A-A97A-27DA1C92B31F}","SHAPE_Length":1207.679694047573,"SHAPE_Area":86788.37225180666},"geometry":{"type":"Polygon","coordinates":[[[30.995026,29.918353],[30.991383,29.91739],[30.990713,29.919475],[30.994399,29.920363],[30.995026,29.918353]]]}},{"type":"Feature","properties":{"source_layer":"Parcel","source_feature_count":1,"PARCEL_TYPE":9,"اسم_المحور":"محور دهشور","اسم_المحافظة":"محافظة الجيزة","نوع_نمط_العمران":"اسكان اجتماعى شباب","نوع_طبيعة_المنطقة":"تحت الانشاء","GlobalID":"{1313EE12-14A8-4E30-924C-81211ACD87D8}","SHAPE_Length":1177.425519791656,"SHAPE_Area":81844.28420501972},"geometry":{"type":"Polygon","coordinates":[[[30.998773,29.919357],[30.995174,29.918393],[30.994549,29.920399],[30.998175,29.921272],[30.998773,29.919357]]]}},{"type":"Feature","properties":{"source_layer":"Parcel","source_feature_count":1,"PARCEL_TYPE":9,"اسم_المحور":"محور دهشور","اسم_المحافظة":"محافظة الجيزة","نوع_نمط_العمران":"اسكان اجتماعى شباب","نوع_طبيعة_المنطقة":"تحت الانشاء","GlobalID":"{6E7B73F7-5F3A-403F-B845-84C2A0F52E10}","SHAPE_Length":1051.6200773949624,"SHAPE_Area":66818.95135381578},"geometry":{"type":"Polygon","coordinates":[[[31.002032,29.92023],[30.998917,29.919396],[30.998321,29.921307],[31.001381,29.922044],[31.002032,29.92023]]]}},{"type":"Feature","properties":{"source_layer":"Parcel","source_feature_count":1,"PARCEL_TYPE":9,"اسم_المحور":"محور دهشور","اسم_المحافظة":"محافظة الجيزة","نوع_نمط_العمران":"اسكان اجتماعى شباب","نوع_طبيعة_المنطقة":"تحت الانشاء","GlobalID":"{71CC7D88-2E4C-4CC6-BFEF-352DF3AE8454}","SHAPE_Length":1122.8645035177628,"SHAPE_Area":70812.23952643844},"geometry":{"type":"Polygon","coordinates":[[[30.994361,29.920485],[30.990674,29.919597],[30.990145,29.921243],[30.993836,29.922166],[30.994361,29.920485]]]}},{"type":"Feature","properties":{"source_layer":"Parcel","source_feature_count":1,"PARCEL_TYPE":9,"اسم_المحور":"محور دهشور","اسم_المحافظة":"محافظة الجيزة","نوع_نمط_العمران":"اسكان اجتماعى شباب","نوع_طبيعة_المنطقة":"تحت الانشاء","GlobalID":"{6781FB62-9EDC-4CB3-A217-2895A05A2013}","SHAPE_Length":1052.0941888574619,"SHAPE_Area":65881.97932585911},"geometry":{"type":"Polygon","coordinates":[[[31.00532,29.921111],[31.002151,29.920262],[31.001501,29.922073],[31.004699,29.922843],[31.00532,29.921111]]]}},{"type":"Feature","properties":{"source_layer":"Parcel","source_feature_count":1,"PARCEL_TYPE":9,"اسم_المحور":"محور دهشور","اسم_المحافظة":"محافظة الجيزة","نوع_نمط_العمران":"اسكان اجتماعى شباب","نوع_طبيعة_المنطقة":"تحت الانشاء","GlobalID":"{BBD48D42-FFFC-4F69-9227-67FC728AE9D8}","SHAPE_Length":1116.906656680366,"SHAPE_Area":70877.99311574429},"geometry":{"type":"Polygon","coordinates":[[[30.998137,29.921394],[30.99451,29.920521],[30.993985,29.922203],[30.997603,29.923107],[30.998137,29.921394]]]}},{"type":"Feature","properties":{"source_layer":"Parcel","source_feature_count":1,"PARCEL_TYPE":9,"اسم_المحور":"محور دهشور","اسم_المحافظة":"محافظة الجيزة","نوع_نمط_العمران":"اسكان اجتماعى شباب","نوع_طبيعة_المنطقة":"تحت الانشاء","GlobalID":"{857AA1CB-9672-4A02-B04B-D21EDA183C2C}","SHAPE_Length":958.2577664049904,"SHAPE_Area":50372.10971408445},"geometry":{"type":"Polygon","coordinates":[[[30.993315,29.92221],[30.990093,29.921405],[30.989672,29.922716],[30.992855,29.923605],[30.993315,29.92221]]]}},{"type":"Feature","properties":{"source_layer":"Parcel","source_feature_count":1,"PARCEL_TYPE":9,"اسم_المحور":"محور دهشور","اسم_المحافظة":"محافظة الجيزة","نوع_نمط_العمران":"اسكان اجتماعى شباب","نوع_طبيعة_المنطقة":"تحت الانشاء","GlobalID":"{AFC62816-61B3-4246-ACDC-7093C6552456}","SHAPE_Length":1001.7051015084486,"SHAPE_Area":59998.042888407086},"geometry":{"type":"Polygon","coordinates":[[[31.001338,29.922165],[30.998283,29.921429],[30.997748,29.923144],[31.000721,29.923886],[31.001338,29.922165]]]}},{"type":"Feature","properties":{"source_layer":"Parcel","source_feature_count":1,"PARCEL_TYPE":9,"اسم_المحور":"محور دهشور","اسم_المحافظة":"محافظة الجيزة","نوع_نمط_العمران":"اسكان اجتماعى شباب","نوع_طبيعة_المنطقة":"تحت الانشاء","GlobalID":"{7A0C06C6-F2E3-4256-A192-2418C1B762EC}","SHAPE_Length":1240.3556293930908,"SHAPE_Area":72816.46691230916},"geometry":{"type":"Polygon","coordinates":[[[30.997027,29.924953],[30.997552,29.923269],[30.993447,29.922243],[30.992987,29.923641],[30.996002,29.92448],[30.995843,29.924934],[30.997027,29.924953]]]}},{"type":"Feature","properties":{"source_layer":"Parcel","source_feature_count":1,"PARCEL_TYPE":9,"اسم_المحور":"محور دهشور","اسم_المحافظة":"محافظة الجيزة","نوع_نمط_العمران":"اسكان اجتماعى شباب","نوع_طبيعة_المنطقة":"قائمة","GlobalID":"{FC521A3E-674B-4E4F-ADA8-F9424CC43FD9}","SHAPE_Length":1663.0764520612327,"SHAPE_Area":116395.04259795226},"geometry":{"type":"Polygon","coordinates":[[[30.992361,29.924365],[30.993983,29.924737],[30.994192,29.924083],[30.989457,29.922737],[30.98717,29.9238],[30.988682,29.926051],[30.991694,29.92449],[30.992361,29.924365]]]}},{"type":"Feature","properties":{"source_layer":"Parcel","source_feature_count":1,"PARCEL_TYPE":9,"اسم_المحور":"محور دهشور","اسم_المحافظة":"محافظة الجيزة","نوع_نمط_العمران":"اسكان اجتماعى شباب","نوع_طبيعة_المنطقة":"تحت الانشاء","GlobalID":"{26E42A5C-17DD-44C7-A7E0-EFD8B632A542}","SHAPE_Length":1712.513055453693,"SHAPE_Area":127933.0750081671},"geometry":{"type":"Polygon","coordinates":[[[31.004315,29.924959],[30.997697,29.923306],[30.997174,29.924983],[31.003768,29.926629],[31.004315,29.924959]]]}},{"type":"Feature","properties":{"source_layer":"Parcel","source_feature_count":1,"PARCEL_TYPE":14,"اسم_المحور":"محور دهشور","اسم_المحافظة":"محافظة الجيزة","نوع_نمط_العمران":"اسكان اجتماعى شباب","نوع_طبيعة_المنطقة":"قائمة","GlobalID":"{733CEF3D-72EB-4E00-A5C9-534C4D991864}","SHAPE_Length":1573.0378792650017,"SHAPE_Area":149644.73889829786},"geometry":{"type":"Polygon","coordinates":[[[30.98254,29.931136],[30.98083,29.92866],[30.97846,29.92985],[30.977479,29.930033],[30.977481,29.93037],[30.977079,29.930407],[30.977059,29.931293],[30.978471,29.933266],[30.98254,29.931136]]]}},{"type":"Feature","properties":{"source_layer":"Parcel","source_feature_count":1,"PARCEL_TYPE":9,"اسم_المحور":"محور دهشور","اسم_المحافظة":"محافظة الجيزة","نوع_نمط_العمران":"اسكان اجتماعى شباب","نوع_طبيعة_المنطقة":"قائمة","GlobalID":"{2EE33F91-2F11-4540-A346-282036A36D66}","SHAPE_Length":1562.1393763798544,"SHAPE_Area":78233.8918112902},"geometry":{"type":"Polygon","coordinates":[[[31.0103,29.928409],[31.003504,29.926672],[31.003159,29.92773],[31.009352,29.929256],[31.00957,29.929194],[31.0103,29.928409]]]}},{"type":"Feature","properties":{"source_layer":"Parcel","source_feature_count":1,"PARCEL_TYPE":9,"اسم_المحور":"محور دهشور","اسم_المحافظة":"محافظة الجيزة","نوع_نمط_العمران":"اسكان اجتماعى شباب","نوع_طبيعة_المنطقة":"قائمة","GlobalID":"{24E010DB-6238-4FC7-890A-64A6DCA69719}","SHAPE_Length":1051.2267876450362,"SHAPE_Area":51621.229560810825},"geometry":{"type":"Polygon","coordinates":[[[31.009964,29.937588],[31.008028,29.935864],[31.007582,29.935978],[31.006053,29.937164],[31.006927,29.938049],[31.008037,29.937336],[31.009058,29.938256],[31.009293,29.938289],[31.009908,29.937853],[31.009964,29.937588]]]}},{"type":"Feature","properties":{"source_layer":"Parcel","source_feature_count":1,"PARCEL_TYPE":9,"اسم_المحور":"محور دهشور","اسم_المحافظة":"محافظة الجيزة","نوع_نمط_العمران":"اسكان اجتماعى شباب","نوع_طبيعة_المنطقة":"قائمة","GlobalID":"{DB67083E-DB64-4F8B-9F41-FDDBA21D2F4E}","SHAPE_Length":1522.2450072015754,"SHAPE_Area":67401.12088737679},"geometry":{"type":"Polygon","coordinates":[[[31.010747,29.937096],[31.007817,29.934217],[31.005115,29.936294],[31.005964,29.937074],[31.007513,29.935849],[31.008046,29.935747],[31.008377,29.935889],[31.010111,29.937597],[31.010747,29.937096]]]}},{"type":"Feature","properties":{"source_layer":"Parcel","source_feature_count":1,"PARCEL_TYPE":9,"اسم_المحور":"محور دهشور","اسم_المحافظة":"محافظة الجيزة","نوع_نمط_العمران":"اسكان اجتماعى شباب","نوع_طبيعة_المنطقة":"قائمة","GlobalID":"{11CEC7B7-72C9-4D6F-AC29-306008F3FF9E}","SHAPE_Length":850.148137451677,"SHAPE_Area":22936.026317232685},"geometry":{"type":"Polygon","coordinates":[[[31.009844,29.938792],[31.010033,29.938633],[31.010129,29.938719],[31.010734,29.93821],[31.010111,29.937597],[31.009966,29.937913],[31.009237,29.938371],[31.008999,29.938316],[31.008089,29.937431],[31.007648,29.937626],[31.007891,29.937877],[31.007752,29.938013],[31.008487,29.938803],[31.009167,29.938922],[31.009844,29.938792]]]}},{"type":"Feature","properties":{"source_layer":"Parcel","source_feature_count":1,"PARCEL_TYPE":9,"اسم_المحور":"محور دهشور","اسم_المحافظة":"محافظة الجيزة","نوع_نمط_العمران":"اسكان اجتماعى شباب","نوع_طبيعة_المنطقة":"قائمة","GlobalID":"{E07A04D0-D675-41FD-91CD-C5985FB6F140}","SHAPE_Length":439.5302501601333,"SHAPE_Area":7800.411065595632},"geometry":{"type":"Polygon","coordinates":[[[30.99655,29.947836],[30.997125,29.946406],[30.997019,29.946214],[30.996761,29.946153],[30.996162,29.947614],[30.99655,29.947836]]]}},{"type":"Feature","properties":{"source_layer":"Parcel","source_feature_count":1,"PARCEL_TYPE":9,"اسم_المحور":"محور دهشور","اسم_المحافظة":"محافظة الجيزة","نوع_نمط_العمران":"اسكان اجتماعى شباب","نوع_طبيعة_المنطقة":"قائمة","GlobalID":"{2A88094C-5CE5-42B7-AD3A-9DECA6F17888}","SHAPE_Length":1118.775755658787,"SHAPE_Area":38076.35869477532},"geometry":{"type":"Polygon","coordinates":[[[31.003194,29.939417],[31.000879,29.941261],[31.002561,29.942958],[31.003098,29.942672],[31.003161,29.942411],[31.002067,29.941373],[31.002058,29.941189],[31.003658,29.939833],[31.003482,29.939486],[31.003194,29.939417]]]}},{"type":"Feature","properties":{"source_layer":"Parcel","source_feature_count":1,"PARCEL_TYPE":14,"اسم_المحور":"محور دهشور","اسم_المحافظة":"محافظة الجيزة","نوع_نمط_العمران":"اسكان اجتماعى شباب","نوع_طبيعة_المنطقة":"قائمة","GlobalID":"{38A1FEC0-26C5-4E8B-BCC2-C3BE634F8E46}","SHAPE_Length":339.3158552882158,"SHAPE_Area":5984.819999446013},"geometry":{"type":"Polygon","coordinates":[[[30.992111,29.928325],[30.991478,29.927395],[30.991026,29.927632],[30.991672,29.928551],[30.992111,29.928325]]]}},{"type":"Feature","properties":{"source_layer":"Parcel","source_feature_count":1,"PARCEL_TYPE":14,"اسم_المحور":"محور دهشور","اسم_المحافظة":"محافظة الجيزة","نوع_نمط_العمران":"اسكان اجتماعى شباب","نوع_طبيعة_المنطقة":"قائمة","GlobalID":"{7A3D82F4-5CC4-441A-A6D6-E8738753C33E}","SHAPE_Length":451.7599954750116,"SHAPE_Area":10560.477613135003},"geometry":{"type":"Polygon","coordinates":[[[30.996162,29.947614],[30.996761,29.946153],[30.996112,29.946049],[30.995918,29.94614],[30.995672,29.947246],[30.996162,29.947614]]]}},{"type":"Feature","properties":{"source_layer":"Parcel","source_feature_count":1,"PARCEL_TYPE":9,"اسم_المحور":"محور دهشور","اسم_المحافظة":"محافظة الجيزة","نوع_نمط_العمران":"اسكان اجتماعى شباب","نوع_طبيعة_المنطقة":"قائمة","GlobalID":"{3C60F8F4-D0CF-4BD7-BB44-01213DCC1915}","SHAPE_Length":321.33700557285755,"SHAPE_Area":6438.613211156624},"geometry":{"type":"Polygon","coordinates":[[[30.999707,29.944223],[31.000292,29.944785],[31.000885,29.944327],[31.000299,29.943764],[30.999707,29.944223]]]}},{"type":"Feature","properties":{"source_layer":"Parcel","source_feature_count":1,"PARCEL_TYPE":14,"اسم_المحور":"محور دهشور","اسم_المحافظة":"محافظة الجيزة","نوع_نمط_العمران":"اسكان اجتماعى شباب","نوع_طبيعة_المنطقة":"قائمة","GlobalID":"{9757D434-28FE-4643-9371-1B8DEA24C7D5}","SHAPE_Length":420.4778814768759,"SHAPE_Area":11175.338637100589},"geometry":{"type":"Polygon","coordinates":[[[31.000292,29.944785],[30.999707,29.944223],[30.998791,29.944932],[30.998773,29.945094],[30.999128,29.945487],[30.999314,29.945517],[31.000292,29.944785]]]}},{"type":"Feature","properties":{"source_layer":"Parcel","source_feature_count":1,"PARCEL_TYPE":14,"اسم_المحور":"محور دهشور","اسم_المحافظة":"محافظة الجيزة","نوع_نمط_العمران":"اسكان اجتماعى شباب","نوع_طبيعة_المنطقة":"قائمة","GlobalID":"{13129E1C-9B58-44D8-BFC9-0FD2E154CED4}","SHAPE_Length":429.53383710654646,"SHAPE_Area":8690.506675110213},"geometry":{"type":"Polygon","coordinates":[[[30.997007,29.946003],[30.99677,29.945873],[30.996737,29.945654],[30.997097,29.945137],[30.996615,29.94466],[30.996028,29.94575],[30.996177,29.945902],[30.997007,29.946003]]]}},{"type":"Feature","properties":{"source_layer":"Parcel","source_feature_count":1,"PARCEL_TYPE":9,"اسم_المحور":"محور دهشور","اسم_المحافظة":"محافظة الجيزة","نوع_نمط_العمران":"اسكان اجتماعى شباب","نوع_طبيعة_المنطقة":"قائمة","GlobalID":"{B330B03E-15DA-462D-8368-8D1034E5A542}","SHAPE_Length":381.4156334083926,"SHAPE_Area":8789.170690111005},"geometry":{"type":"Polygon","coordinates":[[[31.004957,29.941257],[31.004356,29.940689],[31.003531,29.941304],[31.004093,29.941872],[31.004957,29.941257]]]}},{"type":"Feature","properties":{"source_layer":"Parcel","source_feature_count":1,"PARCEL_TYPE":9,"اسم_المحور":"محور دهشور","اسم_المحافظة":"محافظة الجيزة","نوع_نمط_العمران":"اسكان اجتماعى شباب","نوع_طبيعة_المنطقة":"قائمة","GlobalID":"{829948AA-ED8C-4F24-B466-F7353A2E135F}","SHAPE_Length":180.74545271144356,"SHAPE_Area":2064.0545426859644},"geometry":{"type":"Polygon","coordinates":[[[31.007316,29.940937],[31.007176,29.940625],[31.00673,29.940704],[31.006785,29.941106],[31.007316,29.940937]]]}},{"type":"Feature","properties":{"source_layer":"Parcel","source_feature_count":1,"PARCEL_TYPE":14,"اسم_المحور":"محور دهشور","اسم_المحافظة":"محافظة الجيزة","نوع_نمط_العمران":"اسكان اجتماعى شباب","نوع_طبيعة_المنطقة":"قائمة","GlobalID":"{022608C5-8DAD-4B2D-ADBE-BA57831A83C2}","SHAPE_Length":224.10895687146794,"SHAPE_Area":2929.0275165671487},"geometry":{"type":"Polygon","coordinates":[[[31.006048,29.938724],[31.005658,29.938504],[31.005151,29.938813],[31.005579,29.939099],[31.006048,29.938724]]]}},{"type":"Feature","properties":{"source_layer":"Parcel","source_feature_count":1,"PARCEL_TYPE":14,"اسم_المحور":"محور دهشور","اسم_المحافظة":"محافظة الجيزة","نوع_نمط_العمران":"اسكان اجتماعى شباب","نوع_طبيعة_المنطقة":"قائمة","GlobalID":"{3D0B8802-BE07-4212-B070-5B5FC13281C6}","SHAPE_Length":831.9352913688572,"SHAPE_Area":22794.478502932197},"geometry":{"type":"Polygon","coordinates":[[[31.004957,29.941257],[31.006785,29.941106],[31.00673,29.940704],[31.007176,29.940625],[31.007316,29.940937],[31.007847,29.940549],[31.007461,29.940143],[31.007252,29.940084],[31.006614,29.940379],[31.005056,29.940464],[31.004356,29.940689],[31.004957,29.941257]]]}},{"type":"Feature","properties":{"source_layer":"Parcel","source_feature_count":1,"PARCEL_TYPE":14,"اسم_المحور":"محور دهشور","اسم_المحافظة":"محافظة الجيزة","نوع_نمط_العمران":"اسكان اجتماعى شباب","نوع_طبيعة_المنطقة":"قائمة","GlobalID":"{B13C85BD-B0E9-4961-A4C8-04F56C6BC9D6}","SHAPE_Length":343.9548679550831,"SHAPE_Area":8021.169797095241},"geometry":{"type":"Polygon","coordinates":[[[31.004093,29.941872],[31.003531,29.941304],[31.002927,29.941754],[31.002859,29.941924],[31.003192,29.94232],[31.003364,29.942369],[31.004093,29.941872]]]}},{"type":"Feature","properties":{"source_layer":"Parcel","source_feature_count":1,"PARCEL_TYPE":9,"اسم_المحور":"محور دهشور","اسم_المحافظة":"محافظة الجيزة","نوع_نمط_العمران":"اسكان اجتماعى شباب","نوع_طبيعة_المنطقة":"قائمة","GlobalID":"{9CAAED52-734F-4090-BD05-7DFCCAB115A2}","SHAPE_Length":517.6306803569333,"SHAPE_Area":13288.173929094275},"geometry":{"type":"Polygon","coordinates":[[[31.00848,29.939684],[31.009853,29.941017],[31.010412,29.940599],[31.009225,29.939471],[31.008843,29.939485],[31.00848,29.939684]]]}},{"type":"Feature","properties":{"source_layer":"Parcel","source_feature_count":1,"PARCEL_TYPE":9,"اسم_المحور":"محور دهشور","اسم_المحافظة":"محافظة الجيزة","نوع_نمط_العمران":"اسكان اجتماعى شباب","نوع_طبيعة_المنطقة":"قائمة","GlobalID":"{F666EB93-7E1F-401A-AAF0-BD86A2CBD215}","SHAPE_Length":3239.9137279130687,"SHAPE_Area":243518.33980146958},"geometry":{"type":"Polygon","coordinates":[[[31.042404,29.903625],[31.041237,29.902513],[31.030106,29.911307],[31.031297,29.912441],[31.042404,29.903625]]]}},{"type":"Feature","properties":{"source_layer":"Parcel","source_feature_count":1,"PARCEL_TYPE":9,"اسم_المحور":"محور دهشور","اسم_المحافظة":"محافظة الجيزة","نوع_نمط_العمران":"كمبوند","نوع_طبيعة_المنطقة":"قائمة","GlobalID":"{FCEA8C96-1814-4F2D-9934-A58F3BE83163}","SHAPE_Length":1768.733212959261,"SHAPE_Area":56098.67608170642},"geometry":{"type":"Polygon","coordinates":[[[31.048001,29.926591],[31.04844,29.926462],[31.050662,29.92461],[31.047901,29.9228],[31.047476,29.923175],[31.047243,29.923571],[31.04762,29.923817],[31.047937,29.923628],[31.048248,29.92366],[31.049471,29.924436],[31.049533,29.924768],[31.048044,29.925938],[31.047471,29.925679],[31.047174,29.92502],[31.046642,29.925073],[31.046203,29.925582],[31.047558,29.926487],[31.048001,29.926591]]]}},{"type":"Feature","properties":{"source_layer":"Parcel","source_feature_count":1,"PARCEL_TYPE":9,"اسم_المحور":"محور دهشور","اسم_المحافظة":"محافظة الجيزة","نوع_نمط_العمران":"اسكان اجتماعى شباب","نوع_طبيعة_المنطقة":"قائمة","GlobalID":"{7C060C14-5D40-45A0-8137-8C24B98F1AB9}","SHAPE_Length":469.8779743013017,"SHAPE_Area":-6021.359026609837},"geometry":{"type":"Polygon","coordinates":[[[31.032953,29.922178],[31.032416,29.922543],[31.031668,29.922032],[31.032102,29.921527],[31.032828,29.921994],[31.032953,29.922178]],[[31.031871,29.922079],[31.032215,29.922312],[31.032342,29.92216],[31.031999,29.921926],[31.031871,29.922079]]]}},{"type":"Feature","properties":{"source_layer":"Parcel","source_feature_count":1,"PARCEL_TYPE":9,"اسم_المحور":"محور دهشور","اسم_المحافظة":"محافظة الجيزة","نوع_نمط_العمران":"اسكان اجتماعى شباب","نوع_طبيعة_المنطقة":"قائمة","GlobalID":"{83412C3C-7D3F-468E-B42C-B5D53C5CBDBC}","SHAPE_Length":380.75022477436715,"SHAPE_Area":8680.085607559015},"geometry":{"type":"Polygon","coordinates":[[[31.034103,29.921155],[31.033115,29.921306],[31.033285,29.922089],[31.034304,29.921949],[31.034103,29.921155]]]}},{"type":"Feature","properties":{"source_layer":"Parcel","source_feature_count":1,"PARCEL_TYPE":9,"اسم_المحور":"محور دهشور","اسم_المحافظة":"محافظة الجيزة","نوع_نمط_العمران":"اسكان اجتماعى شباب","نوع_طبيعة_المنطقة":"قائمة","GlobalID":"{20E0BBF3-19E7-4A27-9C77-EA705E7E232C}","SHAPE_Length":494.7133575560412,"SHAPE_Area":14518.046583187866},"geometry":{"type":"Polygon","coordinates":[[[31.034432,29.925616],[31.033128,29.924812],[31.032576,29.925481],[31.033826,29.926311],[31.034432,29.925616]]]}},{"type":"Feature","properties":{"source_layer":"Parcel","source_feature_count":1,"PARCEL_TYPE":9,"اسم_المحور":"محور دهشور","اسم_المحافظة":"محافظة الجيزة","نوع_نمط_العمران":"اسكان اجتماعى شباب","نوع_طبيعة_المنطقة":"قائمة","GlobalID":"{DA4796F2-E511-461B-8160-812A580D8DB7}","SHAPE_Length":766.9797286254333,"SHAPE_Area":19311.33801760106},"geometry":{"type":"Polygon","coordinates":[[[31.036577,29.927559],[31.037332,29.926508],[31.036983,29.926167],[31.036776,29.926196],[31.035959,29.927068],[31.035596,29.927018],[31.035155,29.926737],[31.034987,29.926433],[31.034835,29.926438],[31.034545,29.926777],[31.035931,29.927672],[31.036577,29.927559]]]}},{"type":"Feature","properties":{"source_layer":"Parcel","source_feature_count":1,"PARCEL_TYPE":9,"اسم_المحور":"محور دهشور","اسم_المحافظة":"محافظة الجيزة","نوع_نمط_العمران":"كمبوند","نوع_طبيعة_المنطقة":"قائمة","GlobalID":"{33C486EC-9596-4977-A766-1733E554590D}","SHAPE_Length":286.3944147297992,"SHAPE_Area":4018.9254021706984},"geometry":{"type":"Polygon","coordinates":[[[31.042022,29.926337],[31.041742,29.92614],[31.040969,29.926029],[31.040732,29.926246],[31.041344,29.926475],[31.042022,29.926337]]]}},{"type":"Feature","properties":{"source_layer":"Parcel","source_feature_count":1,"PARCEL_TYPE":9,"اسم_المحور":"محور دهشور","اسم_المحافظة":"محافظة الجيزة","نوع_نمط_العمران":"كمبوند","نوع_طبيعة_المنطقة":"تحت الانشاء","GlobalID":"{DEBC910A-9C85-4C2D-AB79-8023060ADEC2}","SHAPE_Length":974.6709488703405,"SHAPE_Area":21303.168932922916},"geometry":{"type":"Polygon","coordinates":[[[31.039023,29.926281],[31.040695,29.927251],[31.040833,29.927269],[31.041182,29.926948],[31.040471,29.926677],[31.039055,29.925766],[31.038775,29.925718],[31.038371,29.925892],[31.037353,29.927108],[31.037749,29.927315],[31.038633,29.926304],[31.039023,29.926281]]]}},{"type":"Feature","properties":{"source_layer":"Parcel","source_feature_count":1,"PARCEL_TYPE":9,"اسم_المحور":"محور دهشور","اسم_المحافظة":"محافظة الجيزة","نوع_نمط_العمران":"كمبوند","نوع_طبيعة_المنطقة":"تحت الانشاء","GlobalID":"{2197633B-C231-41DC-9EEB-38D915EA1B5C}","SHAPE_Length":383.56758992998255,"SHAPE_Area":6553.631319054617},"geometry":{"type":"Polygon","coordinates":[[[31.038704,29.926383],[31.03786,29.927389],[31.038164,29.927618],[31.039107,29.926538],[31.038899,29.926338],[31.038704,29.926383]]]}},{"type":"Feature","properties":{"source_layer":"Parcel","source_feature_count":1,"PARCEL_TYPE":9,"اسم_المحور":"محور دهشور","اسم_المحافظة":"محافظة الجيزة","نوع_نمط_العمران":"كمبوند","نوع_طبيعة_المنطقة":"تحت الانشاء","GlobalID":"{C7C56EF6-F439-4B77-8904-FFCC98CC01CA}","SHAPE_Length":404.59802448847,"SHAPE_Area":6922.987607953303},"geometry":{"type":"Polygon","coordinates":[[[31.0392,29.926611],[31.039047,29.926868],[31.040233,29.927643],[31.040676,29.927387],[31.0392,29.926611]]]}},{"type":"Feature","properties":{"source_layer":"Parcel","source_feature_count":1,"PARCEL_TYPE":14,"اسم_المحور":"محور دهشور","اسم_المحافظة":"محافظة الجيزة","نوع_نمط_العمران":"اسكان اجتماعى شباب","نوع_طبيعة_المنطقة":"قائمة","GlobalID":"{4EF05B0B-59F3-476A-A796-E86FEE745F42}","SHAPE_Length":211.68076597415438,"SHAPE_Area":2767.5587489265536},"geometry":{"type":"Polygon","coordinates":[[[31.031145,29.923461],[31.030707,29.923862],[31.031084,29.924107],[31.031457,29.923676],[31.031145,29.923461]]]}},{"type":"Feature","properties":{"source_layer":"Parcel","source_feature_count":1,"PARCEL_TYPE":14,"اسم_المحور":"محور دهشور","اسم_المحافظة":"محافظة الجيزة","نوع_نمط_العمران":"اسكان اجتماعى شباب","نوع_طبيعة_المنطقة":"قائمة","GlobalID":"{47E5ED2B-143F-457C-B201-700A4EDF3022}","SHAPE_Length":382.00820359674134,"SHAPE_Area":8818.216584726615},"geometry":{"type":"Polygon","coordinates":[[[31.034835,29.926438],[31.034987,29.926433],[31.035224,29.926105],[31.034432,29.925616],[31.033826,29.926311],[31.034545,29.926777],[31.034835,29.926438]]]}},{"type":"Feature","properties":{"source_layer":"Parcel","source_feature_count":1,"PARCEL_TYPE":9,"اسم_المحور":"محور دهشور","اسم_المحافظة":"محافظة الجيزة","نوع_نمط_العمران":"صناعي","نوع_طبيعة_المنطقة":"قائمة","GlobalID":"{F083FC62-DBE9-4D52-A8C2-92D8FDD234CF}","SHAPE_Length":1278.4735541682223,"SHAPE_Area":102156.96466772139},"geometry":{"type":"Polygon","coordinates":[[[30.847225,29.945575],[30.844545,29.943863],[30.842579,29.946143],[30.845245,29.947885],[30.847225,29.945575]]]}},{"type":"Feature","properties":{"source_layer":"Parcel","source_feature_count":1,"PARCEL_TYPE":14,"اسم_المحور":"محور دهشور","اسم_المحافظة":"محافظة الجيزة","نوع_نمط_العمران":"اسكان اجتماعى شباب","نوع_طبيعة_المنطقة":"قائمة","GlobalID":"{3E86783C-F5B7-404F-A9B5-3F37224C6813}","SHAPE_Length":637.496701341643,"SHAPE_Area":23326.63552558387},"geometry":{"type":"Polygon","coordinates":[[[30.905502,29.894401],[30.904484,29.893938],[30.90353,29.89561],[30.904491,29.896085],[30.905502,29.894401]]]}},{"type":"Feature","properties":{"source_layer":"Parcel","source_feature_count":1,"PARCEL_TYPE":14,"اسم_المحور":"محور دهشور","اسم_المحافظة":"محافظة الجيزة","نوع_نمط_العمران":"اسكان اجتماعى شباب","نوع_طبيعة_المنطقة":"قائمة","GlobalID":"{705529C2-DDED-4AA3-8CD4-C4E3899298C0}","SHAPE_Length":846.3098037062197,"SHAPE_Area":30519.767525112726},"geometry":{"type":"Polygon","coordinates":[[[30.912211,29.899679],[30.913848,29.897087],[30.913241,29.896821],[30.912829,29.897364],[30.91226,29.897707],[30.91198,29.89833],[30.911766,29.89841],[30.911246,29.899302],[30.912211,29.899679]]]}},{"type":"Feature","properties":{"source_layer":"Parcel","source_feature_count":1,"PARCEL_TYPE":14,"اسم_المحور":"محور دهشور","اسم_المحافظة":"محافظة الجيزة","نوع_نمط_العمران":"اسكان اجتماعى شباب","نوع_طبيعة_المنطقة":"قائمة","GlobalID":"{D784C732-C25F-4F89-8DF8-345A3D86B9F9}","SHAPE_Length":2101.3857823478656,"SHAPE_Area":94786.82203760672},"geometry":{"type":"Polygon","coordinates":[[[30.912001,29.899945],[30.903371,29.895755],[30.903222,29.895772],[30.902915,29.896269],[30.902972,29.896594],[30.911441,29.900601],[30.911568,29.900582],[30.912001,29.899945]]]}},{"type":"Feature","properties":{"source_layer":"Parcel","source_feature_count":1,"PARCEL_TYPE":9,"اسم_المحور":"محور دهشور","اسم_المحافظة":"محافظة الجيزة","نوع_نمط_العمران":"اسكان اجتماعى شباب","نوع_طبيعة_المنطقة":"قائمة","GlobalID":"{E8666E6A-732E-4540-88AD-7D4464B1C1C1}","SHAPE_Length":462.18454993898257,"SHAPE_Area":6865.500265276971},"geometry":{"type":"Polygon","coordinates":[[[30.914859,29.895846],[30.913069,29.895003],[30.912895,29.895288],[30.914666,29.896117],[30.914859,29.895846]]]}},{"type":"Feature","properties":{"source_layer":"Parcel","source_feature_count":1,"PARCEL_TYPE":9,"اسم_المحور":"محور دهشور","اسم_المحافظة":"محافظة الجيزة","نوع_نمط_العمران":"اسكان اجتماعى شباب","نوع_طبيعة_المنطقة":"قائمة","GlobalID":"{A02E86A7-CB9D-42FD-B176-E237EDE09053}","SHAPE_Length":710.3744847213293,"SHAPE_Area":11563.704360192125},"geometry":{"type":"Polygon","coordinates":[[[30.908664,29.892929],[30.905799,29.891651],[30.905593,29.891986],[30.90847,29.893242],[30.908664,29.892929]]]}},{"type":"Feature","properties":{"source_layer":"Parcel","source_feature_count":1,"PARCEL_TYPE":9,"اسم_المحور":"محور دهشور","اسم_المحافظة":"محافظة الجيزة","نوع_نمط_العمران":"اسكان اجتماعى شباب","نوع_طبيعة_المنطقة":"قائمة","GlobalID":"{1435C1EB-91F4-41ED-8B12-0A18D9F887C8}","SHAPE_Length":1229.9635324661126,"SHAPE_Area":60896.323617249865},"geometry":{"type":"Polygon","coordinates":[[[30.980449,29.905868],[30.978945,29.906123],[30.976149,29.906235],[30.976102,29.907458],[30.975932,29.908165],[30.976124,29.908219],[30.977208,29.907672],[30.978316,29.9073],[30.980542,29.906928],[30.980449,29.905868]]]}},{"type":"Feature","properties":{"source_layer":"Parcel","source_feature_count":1,"PARCEL_TYPE":9,"اسم_المحور":"محور دهشور","اسم_المحافظة":"محافظة الجيزة","نوع_نمط_العمران":"اسكان اجتماعى شباب","نوع_طبيعة_المنطقة":"قائمة","GlobalID":"{CF73A5B7-7590-498B-84B7-B29A3EB64DED}","SHAPE_Length":2010.5888454883816,"SHAPE_Area":171167.11342177074},"geometry":{"type":"Polygon","coordinates":[[[30.980178,29.907143],[30.97873,29.907362],[30.977328,29.907809],[30.972236,29.910341],[30.973165,29.911784],[30.973563,29.911861],[30.979803,29.908835],[30.980272,29.908405],[30.980558,29.907802],[30.980583,29.907267],[30.980178,29.907143]]]}},{"type":"Feature","properties":{"source_layer":"Parcel","source_feature_count":1,"PARCEL_TYPE":9,"اسم_المحور":"محور دهشور","اسم_المحافظة":"محافظة الجيزة","نوع_نمط_العمران":"اسكان اجتماعى شباب","نوع_طبيعة_المنطقة":"قائمة","GlobalID":"{529A4EEA-F64A-4877-AF06-65C94D0AC19F}","SHAPE_Length":1757.069451049982,"SHAPE_Area":140828.1880614573},"geometry":{"type":"Polygon","coordinates":[[[30.972999,29.911856],[30.972076,29.910419],[30.965946,29.913496],[30.96684,29.914938],[30.967134,29.915008],[30.972906,29.912181],[30.972999,29.911856]]]}},{"type":"Feature","properties":{"source_layer":"Parcel","source_feature_count":1,"PARCEL_TYPE":9,"اسم_المحور":"محور دهشور","اسم_المحافظة":"محافظة الجيزة","نوع_نمط_العمران":"اسكان اجتماعى شباب","نوع_طبيعة_المنطقة":"قائمة","GlobalID":"{C2E41DB1-40AB-407A-8C22-7D312C357E54}","SHAPE_Length":3706.333752481525,"SHAPE_Area":199002.79304009245},"geometry":{"type":"Polygon","coordinates":[[[30.981621,29.908258],[30.981401,29.906268],[30.980644,29.906314],[30.980714,29.907813],[30.980479,29.90837],[30.980045,29.908838],[30.967462,29.915023],[30.968071,29.915984],[30.980632,29.909755],[30.98108,29.909403],[30.981456,29.908865],[30.981621,29.908258]]]}},{"type":"Feature","properties":{"source_layer":"Parcel","source_feature_count":1,"PARCEL_TYPE":9,"اسم_المحور":"محور دهشور","اسم_المحافظة":"محافظة الجيزة","نوع_نمط_العمران":"اسكان اجتماعى شباب","نوع_طبيعة_المنطقة":"قائمة","GlobalID":"{C9906BBB-9581-407B-B7AE-25BA1175461F}","SHAPE_Length":1621.292994295424,"SHAPE_Area":61116.64822715559},"geometry":{"type":"Polygon","coordinates":[[[30.963074,29.914669],[30.963063,29.914393],[30.960991,29.914339],[30.959352,29.913874],[30.957985,29.913104],[30.957157,29.912146],[30.956462,29.912666],[30.957063,29.914264],[30.958065,29.913952],[30.959088,29.914657],[30.96014,29.915182],[30.962356,29.914933],[30.962349,29.914716],[30.963074,29.914669]]]}},{"type":"Feature","properties":{"source_layer":"Parcel","source_feature_count":1,"PARCEL_TYPE":9,"اسم_المحور":"محور دهشور","اسم_المحافظة":"محافظة الجيزة","نوع_نمط_العمران":"اسكان اجتماعى شباب","نوع_طبيعة_المنطقة":"قائمة","GlobalID":"{34741E2D-9807-426E-8979-69B1E6DEA09B}","SHAPE_Length":1273.339762236659,"SHAPE_Area":82443.63676420534},"geometry":{"type":"Polygon","coordinates":[[[30.962194,29.907683],[30.960287,29.907611],[30.960028,29.907427],[30.959912,29.906857],[30.959674,29.906685],[30.957895,29.906722],[30.957632,29.906927],[30.958077,29.907679],[30.95889,29.90855],[30.959699,29.90906],[30.960433,29.909269],[30.96145,29.909282],[30.962451,29.909032],[30.962529,29.908783],[30.962194,29.907683]]]}},{"type":"Feature","properties":{"source_layer":"Parcel","source_feature_count":1,"PARCEL_TYPE":9,"اسم_المحور":"محور دهشور","اسم_المحافظة":"محافظة الجيزة","نوع_نمط_العمران":"اسكان اجتماعى شباب","نوع_طبيعة_المنطقة":"قائمة","GlobalID":"{A1593191-3F9B-46AB-9652-E595F293E01F}","SHAPE_Length":976.8270860692991,"SHAPE_Area":47047.30787994668},"geometry":{"type":"Polygon","coordinates":[[[30.960793,29.911751],[30.960853,29.910798],[30.960583,29.910642],[30.95961,29.910886],[30.959442,29.911499],[30.959002,29.911928],[30.95844,29.91208],[30.957717,29.911958],[30.957517,29.912201],[30.958251,29.91298],[30.958691,29.913137],[30.959183,29.913149],[30.959684,29.912986],[30.960175,29.912633],[30.960793,29.911751]]]}},{"type":"Feature","properties":{"source_layer":"Parcel","source_feature_count":1,"PARCEL_TYPE":9,"اسم_المحور":"محور دهشور","اسم_المحافظة":"محافظة الجيزة","نوع_نمط_العمران":"اسكان اجتماعى شباب","نوع_طبيعة_المنطقة":"قائمة","GlobalID":"{33DC5D50-DD63-43E6-8ED3-D6332A38C72D}","SHAPE_Length":984.4021581288283,"SHAPE_Area":47540.353109855336},"geometry":{"type":"Polygon","coordinates":[[[30.959389,29.910614],[30.959668,29.910698],[30.960486,29.910475],[30.960654,29.910327],[30.960495,29.909911],[30.959984,29.909426],[30.959329,29.909077],[30.958572,29.908933],[30.957871,29.908973],[30.957321,29.909198],[30.956969,29.910002],[30.956943,29.910541],[30.957042,29.910674],[30.957286,29.9107],[30.957815,29.910247],[30.958391,29.910108],[30.958969,29.910243],[30.959389,29.910614]]]}},{"type":"Feature","properties":{"source_layer":"Parcel","source_feature_count":1,"PARCEL_TYPE":14,"اسم_المحور":"محور دهشور","اسم_المحافظة":"محافظة الجيزة","نوع_نمط_العمران":"اسكان اجتماعى شباب","نوع_طبيعة_المنطقة":"قائمة","GlobalID":"{D30BA658-9D0D-4CF6-9BE6-480CA90BC538}","SHAPE_Length":598.9402513544562,"SHAPE_Area":28521.97223547899},"geometry":{"type":"Polygon","coordinates":[[[30.957432,29.910924],[30.95756,29.911567],[30.958137,29.91194],[30.95892,29.911833],[30.959369,29.911285],[30.959247,29.910662],[30.958642,29.910275],[30.95788,29.910377],[30.957432,29.910924]]]}},{"type":"Feature","properties":{"source_layer":"Parcel","source_feature_count":1,"PARCEL_TYPE":9,"اسم_المحور":"محور دهشور","اسم_المحافظة":"محافظة الجيزة","نوع_نمط_العمران":"اسكان اجتماعى شباب","نوع_طبيعة_المنطقة":"قائمة","GlobalID":"{A010DE68-F4C8-49A3-95AA-890400A135DB}","SHAPE_Length":706.1050320357533,"SHAPE_Area":19397.126279791428},"geometry":{"type":"Polygon","coordinates":[[[30.966149,29.908431],[30.967529,29.907934],[30.967677,29.908204],[30.968657,29.907995],[30.968816,29.907877],[30.968772,29.907376],[30.968485,29.90715],[30.968071,29.90717],[30.965935,29.908046],[30.966149,29.908431]]]}},{"type":"Feature","properties":{"source_layer":"Parcel","source_feature_count":1,"PARCEL_TYPE":14,"اسم_المحور":"محور دهشور","اسم_المحافظة":"محافظة الجيزة","نوع_نمط_العمران":"اسكان اجتماعى شباب","نوع_طبيعة_المنطقة":"قائمة","GlobalID":"{0B60DB3C-5742-4591-B225-CCC9283F0292}","SHAPE_Length":911.2474353202572,"SHAPE_Area":32508.7667817606},"geometry":{"type":"Polygon","coordinates":[[[30.962522,29.90742],[30.962511,29.907231],[30.962753,29.907229],[30.962753,29.907414],[30.963762,29.907388],[30.963779,29.906522],[30.960334,29.906622],[30.960119,29.90682],[30.960167,29.907301],[30.960406,29.907459],[30.962522,29.90742]]]}},{"type":"Feature","properties":{"source_layer":"Parcel","source_feature_count":1,"PARCEL_TYPE":14,"اسم_المحور":"محور دهشور","اسم_المحافظة":"محافظة الجيزة","نوع_نمط_العمران":"اسكان اجتماعى شباب","نوع_طبيعة_المنطقة":null,"GlobalID":"{CF8CAF65-BCC4-4BBD-AB69-62BB66088CEC}","SHAPE_Length":1907.4291608796418,"SHAPE_Area":85306.83296160756},"geometry":{"type":"Polygon","coordinates":[[[30.967022,29.908862],[30.968569,29.908798],[30.968827,29.908598],[30.968816,29.907877],[30.967677,29.908204],[30.967529,29.907934],[30.966149,29.908431],[30.965935,29.908046],[30.96302,29.909041],[30.961097,29.909495],[30.960853,29.909697],[30.960799,29.909987],[30.961115,29.910832],[30.96136,29.910997],[30.961668,29.911022],[30.963561,29.909909],[30.964946,29.909332],[30.967022,29.908862]]]}},{"type":"Feature","properties":{"source_layer":"Parcel","source_feature_count":1,"PARCEL_TYPE":9,"اسم_المحور":"محور دهشور","اسم_المحافظة":"محافظة الجيزة","نوع_نمط_العمران":"اسكان اجتماعى شباب","نوع_طبيعة_المنطقة":"قائمة","GlobalID":"{9A4594B2-DCD4-444D-8B2D-5B593AE33FD1}","SHAPE_Length":1143.2506849052475,"SHAPE_Area":71659.92394663401},"geometry":{"type":"Polygon","coordinates":[[[30.975894,29.907474],[30.97593,29.906515],[30.975758,29.906212],[30.974081,29.906262],[30.973917,29.907511],[30.97354,29.907746],[30.972595,29.907804],[30.972559,29.908329],[30.973197,29.909349],[30.97359,29.909426],[30.975328,29.908519],[30.97574,29.90799],[30.975894,29.907474]]]}},{"type":"Feature","properties":{"source_layer":"Parcel","source_feature_count":1,"PARCEL_TYPE":9,"اسم_المحور":"محور دهشور","اسم_المحافظة":"محافظة الجيزة","نوع_نمط_العمران":"اسكان اجتماعى شباب","نوع_طبيعة_المنطقة":"قائمة","GlobalID":"{170B48C2-1442-4C59-95B7-76F9DE74CE0C}","SHAPE_Length":1367.8807911623417,"SHAPE_Area":101477.72454111},"geometry":{"type":"Polygon","coordinates":[[[30.972441,29.907777],[30.971424,29.907813],[30.971055,29.907669],[30.970878,29.907351],[30.970869,29.906524],[30.970632,29.90636],[30.969509,29.9065],[30.969175,29.907002],[30.969002,29.907695],[30.969104,29.908324],[30.96944,29.908887],[30.97145,29.910429],[30.973122,29.909577],[30.972445,29.908401],[30.972441,29.907777]]]}},{"type":"Feature","properties":{"source_layer":"Parcel","source_feature_count":1,"PARCEL_TYPE":9,"اسم_المحور":"محور دهشور","اسم_المحافظة":"محافظة الجيزة","نوع_نمط_العمران":"اسكان اجتماعى شباب","نوع_طبيعة_المنطقة":"قائمة","GlobalID":"{9D103C14-8C98-48D4-951A-9E2814389859}","SHAPE_Length":1529.3153111685624,"SHAPE_Area":54418.2020235889},"geometry":{"type":"Polygon","coordinates":[[[30.97014,29.909636],[30.968911,29.909105],[30.967471,29.908965],[30.965857,29.909235],[30.964424,29.909685],[30.964127,29.909897],[30.964451,29.910403],[30.96665,29.909741],[30.968142,29.909721],[30.969373,29.910102],[30.970549,29.910909],[30.97095,29.910691],[30.971026,29.910435],[30.97014,29.909636]]]}},{"type":"Feature","properties":{"source_layer":"Parcel","source_feature_count":1,"PARCEL_TYPE":9,"اسم_المحور":"محور دهشور","اسم_المحافظة":"محافظة الجيزة","نوع_نمط_العمران":"اسكان اجتماعى شباب","نوع_طبيعة_المنطقة":"قائمة","GlobalID":"{F40CAE00-B74C-4E0B-A26B-1EE3ECA66291}","SHAPE_Length":1533.231353218843,"SHAPE_Area":113606.75925766776},"geometry":{"type":"Polygon","coordinates":[[[30.951766,29.908187],[30.951522,29.908094],[30.948968,29.908126],[30.94866,29.907881],[30.948571,29.907182],[30.948351,29.907026],[30.94621,29.907061],[30.946085,29.907279],[30.946126,29.908214],[30.94632,29.908747],[30.946866,29.909325],[30.947628,29.909616],[30.951604,29.909543],[30.951839,29.909324],[30.951766,29.908187]]]}},{"type":"Feature","properties":{"source_layer":"Parcel","source_feature_count":1,"PARCEL_TYPE":9,"اسم_المحور":"محور دهشور","اسم_المحافظة":"محافظة الجيزة","نوع_نمط_العمران":"اسكان اجتماعى شباب","نوع_طبيعة_المنطقة":"قائمة","GlobalID":"{485AD721-8CD1-4A33-AD05-8EE6E390250C}","SHAPE_Length":796.8006346169606,"SHAPE_Area":30264.182786322064},"geometry":{"type":"Polygon","coordinates":[[[30.947301,29.910658],[30.947518,29.910251],[30.947731,29.910269],[30.947865,29.909884],[30.946649,29.909529],[30.946166,29.909681],[30.945948,29.910115],[30.946015,29.911818],[30.947031,29.911819],[30.946914,29.910829],[30.946972,29.910667],[30.947301,29.910658]]]}},{"type":"Feature","properties":{"source_layer":"Parcel","source_feature_count":1,"PARCEL_TYPE":9,"اسم_المحور":"محور دهشور","اسم_المحافظة":"محافظة الجيزة","نوع_نمط_العمران":"كمبوند","نوع_طبيعة_المنطقة":"قائمة","GlobalID":"{58F006B7-4385-4D51-9AB9-DAA2E2DFABD6}","SHAPE_Length":284.93957093851174,"SHAPE_Area":3841.345638013103},"geometry":{"type":"Polygon","coordinates":[[[30.911326,30.001717],[30.910479,30.001154],[30.910261,30.001421],[30.911145,30.001976],[30.911326,30.001717]]]}},{"type":"Feature","properties":{"source_layer":"Parcel","source_feature_count":1,"PARCEL_TYPE":9,"اسم_المحور":"محور دهشور","اسم_المحافظة":"محافظة الجيزة","نوع_نمط_العمران":"كمبوند","نوع_طبيعة_المنطقة":"قائمة","GlobalID":"{C223945B-DF50-48BB-974A-620EDDDC5D3D}","SHAPE_Length":398.9001902240473,"SHAPE_Area":10168.634747425818},"geometry":{"type":"Polygon","coordinates":[[[30.895604,29.99472],[30.895387,29.994817],[30.895387,29.99515],[30.895504,29.995675],[30.895768,29.99609],[30.896429,29.995738],[30.896159,29.995043],[30.895604,29.99472]]]}},{"type":"Feature","properties":{"source_layer":"Parcel","source_feature_count":1,"PARCEL_TYPE":9,"اسم_المحور":"محور دهشور","اسم_المحافظة":"محافظة الجيزة","نوع_نمط_العمران":"كمبوند","نوع_طبيعة_المنطقة":"قائمة","GlobalID":"{09B85E41-5B31-42CE-9C6A-7C108CD21782}","SHAPE_Length":1067.4513107185733,"SHAPE_Area":46322.079332921836},"geometry":{"type":"Polygon","coordinates":[[[30.899236,30.000678],[30.900437,30.000485],[30.900179,30.000119],[30.899432,29.99948],[30.898611,29.998997],[30.898401,29.998903],[30.898222,29.999043],[30.897953,29.99905],[30.897598,29.998614],[30.897085,29.99846],[30.896546,29.998454],[30.895998,29.998611],[30.896594,29.999312],[30.897174,29.999607],[30.897745,29.999695],[30.89817,30.000171],[30.898624,30.000441],[30.899236,30.000678]]]}},{"type":"Feature","properties":{"source_layer":"Parcel","source_feature_count":1,"PARCEL_TYPE":9,"اسم_المحور":"محور دهشور","اسم_المحافظة":"محافظة الجيزة","نوع_نمط_العمران":"كمبوند","نوع_طبيعة_المنطقة":"قائمة","GlobalID":"{6BBA8F8A-21CD-4837-AB21-B478C28E2435}","SHAPE_Length":895.3985587706095,"SHAPE_Area":16115.20551298021},"geometry":{"type":"Polygon","coordinates":[[[30.905639,30.00175],[30.905633,30.001444],[30.904602,30.001309],[30.903217,30.000536],[30.902634,30.000477],[30.901659,30.000591],[30.901688,30.00092],[30.903009,30.000876],[30.904443,30.001644],[30.905639,30.00175]]]}},{"type":"Feature","properties":{"source_layer":"Parcel","source_feature_count":1,"PARCEL_TYPE":9,"اسم_المحور":"محور دهشور","اسم_المحافظة":"محافظة الجيزة","نوع_نمط_العمران":"كمبوند","نوع_طبيعة_المنطقة":"قائمة","GlobalID":"{22316784-DAA5-41E2-B843-BABB9797699A}","SHAPE_Length":893.6742362731128,"SHAPE_Area":15520.544862319968},"geometry":{"type":"Polygon","coordinates":[[[30.905649,30.002184],[30.905641,30.001839],[30.904483,30.001743],[30.903045,30.000978],[30.902548,30.000914],[30.901696,30.001001],[30.901762,30.001358],[30.902842,30.001271],[30.904336,30.002065],[30.905649,30.002184]]]}},{"type":"Feature","properties":{"source_layer":"Parcel","source_feature_count":1,"PARCEL_TYPE":9,"اسم_المحور":"محور دهشور","اسم_المحافظة":"محافظة الجيزة","نوع_نمط_العمران":"كمبوند","نوع_طبيعة_المنطقة":"قائمة","GlobalID":"{21030FCA-3B4F-4575-ACF6-5D909DE923DE}","SHAPE_Length":716.923261664367,"SHAPE_Area":26878.14087183189},"geometry":{"type":"Polygon","coordinates":[[[30.901616,30.001119],[30.901497,30.000557],[30.898886,30.000864],[30.900839,30.002186],[30.901521,30.001475],[30.901616,30.001119]]]}},{"type":"Feature","properties":{"source_layer":"Parcel","source_feature_count":1,"PARCEL_TYPE":9,"اسم_المحور":"محور دهشور","اسم_المحافظة":"محافظة الجيزة","نوع_نمط_العمران":"كمبوند","نوع_طبيعة_المنطقة":"قائمة","GlobalID":"{E46C5F01-FFC4-412B-9311-C51D6C64A271}","SHAPE_Length":328.3941032612689,"SHAPE_Area":7240.238920871209},"geometry":{"type":"Polygon","coordinates":[[[30.903444,30.001795],[30.903,30.00239],[30.903498,30.002714],[30.903922,30.002763],[30.903973,30.002052],[30.903444,30.001795]]]}},{"type":"Feature","properties":{"source_layer":"Parcel","source_feature_count":1,"PARCEL_TYPE":9,"اسم_المحور":"محور دهشور","اسم_المحافظة":"محافظة الجيزة","نوع_نمط_العمران":"كمبوند","نوع_طبيعة_المنطقة":"قائمة","GlobalID":"{0538E2C2-4CB6-4997-9167-102362F529D7}","SHAPE_Length":644.411144428111,"SHAPE_Area":26349.752873501173},"geometry":{"type":"Polygon","coordinates":[[[30.902181,30.003075],[30.903407,30.001721],[30.902819,30.001354],[30.901647,30.001444],[30.900972,30.002224],[30.902181,30.003075]]]}},{"type":"Feature","properties":{"source_layer":"Parcel","source_feature_count":1,"PARCEL_TYPE":9,"اسم_المحور":"محور دهشور","اسم_المحافظة":"محافظة الجيزة","نوع_نمط_العمران":"كمبوند","نوع_طبيعة_المنطقة":"قائمة","GlobalID":"{B81FF4CA-D904-4144-96AA-4DA6E87DEBE3}","SHAPE_Length":483.7528270875763,"SHAPE_Area":12892.184735190202},"geometry":{"type":"Polygon","coordinates":[[[30.905731,30.003794],[30.905713,30.002286],[30.904917,30.002329],[30.904992,30.00381],[30.905731,30.003794]]]}},{"type":"Feature","properties":{"source_layer":"Parcel","source_feature_count":1,"PARCEL_TYPE":9,"اسم_المحور":"محور دهشور","اسم_المحافظة":"محافظة الجيزة","نوع_نمط_العمران":"كمبوند","نوع_طبيعة_المنطقة":"قائمة","GlobalID":"{1C647A59-63CA-4D8C-9D2C-DF49F3606CBC}","SHAPE_Length":512.6664991194261,"SHAPE_Area":13877.513037529247},"geometry":{"type":"Polygon","coordinates":[[[30.904116,30.002082],[30.904076,30.00379],[30.904796,30.003825],[30.90484,30.002299],[30.904116,30.002082]]]}},{"type":"Feature","properties":{"source_layer":"Parcel","source_feature_count":1,"PARCEL_TYPE":9,"اسم_المحور":"محور دهشور","اسم_المحافظة":"محافظة الجيزة","نوع_نمط_العمران":"كمبوند","نوع_طبيعة_المنطقة":"قائمة","GlobalID":"{1DD37D0C-5B4D-4E8D-8649-8A158F17BCDD}","SHAPE_Length":491.8306661112255,"SHAPE_Area":14735.161536640799},"geometry":{"type":"Polygon","coordinates":[[[30.903995,30.003799],[30.90397,30.003117],[30.902937,30.002456],[30.902317,30.003117],[30.903105,30.003653],[30.903737,30.003849],[30.903995,30.003799]]]}},{"type":"Feature","properties":{"source_layer":"Parcel","source_feature_count":1,"PARCEL_TYPE":9,"اسم_المحور":"محور دهشور","اسم_المحافظة":"محافظة الجيزة","نوع_نمط_العمران":"كمبوند","نوع_طبيعة_المنطقة":"قائمة","GlobalID":"{1A483642-65C1-4AD5-B1B5-EC37635EF9F4}","SHAPE_Length":4844.811630774046,"SHAPE_Area":142057.51803072263},"geometry":{"type":"Polygon","coordinates":[[[30.903958,30.004169],[30.903946,30.003961],[30.903257,30.003855],[30.902623,30.00353],[30.896044,29.999252],[30.895531,29.998553],[30.896712,29.998333],[30.897547,29.998431],[30.899204,29.999177],[30.900729,30.000447],[30.901197,30.000518],[30.903028,30.000382],[30.903538,30.000544],[30.904664,30.001216],[30.905703,30.001325],[30.90556,30.000665],[30.905254,30.000843],[30.904911,30.000816],[30.903563,29.999893],[30.903427,29.999625],[30.903554,29.999258],[30.903253,29.999301],[30.903298,29.999691],[30.903187,29.999702],[30.902187,29.999674],[30.901226,29.99943],[30.900029,29.998732],[30.899059,29.997526],[30.898934,29.997507],[30.898251,29.997748],[30.897454,29.997812],[30.896558,29.997632],[30.895817,29.997219],[30.895418,29.997411],[30.89501,29.997435],[30.894172,29.997953],[30.894364,29.998356],[30.894711,29.998674],[30.903168,30.004212],[30.903958,30.004169]]]}},{"type":"Feature","properties":{"source_layer":"Parcel","source_feature_count":1,"PARCEL_TYPE":9,"اسم_المحور":"محور دهشور","اسم_المحافظة":"محافظة الجيزة","نوع_نمط_العمران":"كمبوند","نوع_طبيعة_المنطقة":"قائمة","GlobalID":"{E584EF51-740E-4624-AD6F-231C657C0EA4}","SHAPE_Length":621.0222911933078,"SHAPE_Area":19360.57104548996},"geometry":{"type":"Polygon","coordinates":[[[30.905731,30.003875],[30.904163,30.003904],[30.904078,30.004197],[30.905985,30.005503],[30.906182,30.005277],[30.905831,30.004535],[30.905731,30.003875]]]}},{"type":"Feature","properties":{"source_layer":"Parcel","source_feature_count":1,"PARCEL_TYPE":9,"اسم_المحور":"محور دهشور","اسم_المحافظة":"محافظة الجيزة","نوع_نمط_العمران":"اسكان مخطط اقتصادى","نوع_طبيعة_المنطقة":"قائمة","GlobalID":"{E6072B4B-0935-4EA5-AED3-09FCC82F0530}","SHAPE_Length":440.91150659243357,"SHAPE_Area":6620.495278965656},"geometry":{"type":"Polygon","coordinates":[[[30.889227,29.981503],[30.888049,29.982835],[30.888359,29.983045],[30.889426,29.981717],[30.889227,29.981503]]]}},{"type":"Feature","properties":{"source_layer":"Parcel","source_feature_count":1,"PARCEL_TYPE":9,"اسم_المحور":"محور دهشور","اسم_المحافظة":"محافظة الجيزة","نوع_نمط_العمران":"اسكان مخطط اقتصادى","نوع_طبيعة_المنطقة":"قائمة","GlobalID":"{7237289A-CD80-4B55-BC7E-F72D55A2DD95}","SHAPE_Length":115.67842393414435,"SHAPE_Area":790.4272687021212},"geometry":{"type":"Polygon","coordinates":[[[30.890434,29.982857],[30.890244,29.982741],[30.890029,29.983002],[30.890214,29.983116],[30.890434,29.982857]]]}},{"type":"Feature","properties":{"source_layer":"Parcel","source_feature_count":1,"PARCEL_TYPE":9,"اسم_المحور":"محور دهشور","اسم_المحافظة":"محافظة الجيزة","نوع_نمط_العمران":"اسكان مخطط اقتصادى","نوع_طبيعة_المنطقة":"قائمة","GlobalID":"{BA993D82-DB00-4C56-A138-D79F4461EF0E}","SHAPE_Length":166.24052040591343,"SHAPE_Area":1653.1819620741705},"geometry":{"type":"Polygon","coordinates":[[[30.889162,29.982203],[30.888965,29.982449],[30.889381,29.982712],[30.889583,29.982476],[30.889162,29.982203]]]}},{"type":"Feature","properties":{"source_layer":"Parcel","source_feature_count":1,"PARCEL_TYPE":9,"اسم_المحور":"محور دهشور","اسم_المحافظة":"محافظة الجيزة","نوع_نمط_العمران":"اسكان مخطط اقتصادى","نوع_طبيعة_المنطقة":"قائمة","GlobalID":"{B21447D3-226B-42AB-8FDA-2F007DED4BB1}","SHAPE_Length":339.5383610604699,"SHAPE_Area":4899.955883159572},"geometry":{"type":"Polygon","coordinates":[[[30.890109,29.98324],[30.888929,29.982493],[30.888795,29.982664],[30.888824,29.982824],[30.889795,29.983437],[30.890109,29.98324]]]}},{"type":"Feature","properties":{"source_layer":"Parcel","source_feature_count":1,"PARCEL_TYPE":9,"اسم_المحور":"محور دهشور","اسم_المحافظة":"محافظة الجيزة","نوع_نمط_العمران":"اسكان مخطط اقتصادى","نوع_طبيعة_المنطقة":"قائمة","GlobalID":"{8C3F7329-31C4-4B88-A76C-D382100A5670}","SHAPE_Length":345.6043058596942,"SHAPE_Area":4973.848927052441},"geometry":{"type":"Polygon","coordinates":[[[30.889578,29.981754],[30.889345,29.981976],[30.890532,29.982737],[30.890666,29.982427],[30.889578,29.981754]]]}},{"type":"Feature","properties":{"source_layer":"Parcel","source_feature_count":1,"PARCEL_TYPE":14,"اسم_المحور":"محور دهشور","اسم_المحافظة":"محافظة الجيزة","نوع_نمط_العمران":"اسكان مخطط اقتصادى","نوع_طبيعة_المنطقة":"قائمة","GlobalID":"{10AF26F0-112D-45BB-9990-89F665E55565}","SHAPE_Length":214.11600479710617,"SHAPE_Area":2749.8828510626045},"geometry":{"type":"Polygon","coordinates":[[[30.891034,29.980175],[30.890705,29.980446],[30.891253,29.980784],[30.891509,29.980469],[30.891034,29.980175]]]}},{"type":"Feature","properties":{"source_layer":"Parcel","source_feature_count":1,"PARCEL_TYPE":14,"اسم_المحور":"محور دهشور","اسم_المحافظة":"محافظة الجيزة","نوع_نمط_العمران":"اسكان مخطط اقتصادى","نوع_طبيعة_المنطقة":"قائمة","GlobalID":"{421FFC19-A747-4F45-8469-18489579CF87}","SHAPE_Length":432.5214179881901,"SHAPE_Area":7136.937194933968},"geometry":{"type":"Polygon","coordinates":[[[30.889195,29.981482],[30.889099,29.981417],[30.888906,29.981645],[30.887931,29.982042],[30.887807,29.982443],[30.888049,29.982835],[30.889195,29.981482]]]}},{"type":"Feature","properties":{"source_layer":"Parcel","source_feature_count":1,"PARCEL_TYPE":14,"اسم_المحور":"محور دهشور","اسم_المحافظة":"محافظة الجيزة","نوع_نمط_العمران":"اسكان مخطط اقتصادى","نوع_طبيعة_المنطقة":"قائمة","GlobalID":"{F1C4ED3F-C729-4EB6-A805-431126B35E08}","SHAPE_Length":566.1999449161781,"SHAPE_Area":7408.352269549616},"geometry":{"type":"Polygon","coordinates":[[[30.890029,29.983002],[30.890244,29.982741],[30.890434,29.982857],[30.890532,29.982737],[30.889345,29.981976],[30.889162,29.982203],[30.889583,29.982476],[30.889381,29.982712],[30.888929,29.982493],[30.890109,29.98324],[30.890214,29.983116],[30.890029,29.983002]]]}},{"type":"Feature","properties":{"source_layer":"Parcel","source_feature_count":1,"PARCEL_TYPE":9,"اسم_المحور":"محور دهشور","اسم_المحافظة":"محافظة الجيزة","نوع_نمط_العمران":"اسكان مخطط اقتصادى","نوع_طبيعة_المنطقة":"قائمة","GlobalID":"{0AB62FC9-96FD-4472-A150-BCD6741D645B}","SHAPE_Length":462.0761930307583,"SHAPE_Area":11435.810366433121},"geometry":{"type":"Polygon","coordinates":[[[30.884556,29.979439],[30.88384,29.979585],[30.884238,29.980336],[30.884941,29.980942],[30.885323,29.980487],[30.884825,29.979959],[30.884556,29.979439]]]}},{"type":"Feature","properties":{"source_layer":"Parcel","source_feature_count":1,"PARCEL_TYPE":9,"اسم_المحور":"محور دهشور","اسم_المحافظة":"محافظة الجيزة","نوع_نمط_العمران":"اسكان مخطط اقتصادى","نوع_طبيعة_المنطقة":"قائمة","GlobalID":"{729D2351-DF0F-41AA-BF22-92471016025E}","SHAPE_Length":455.167998455469,"SHAPE_Area":11114.23173507368},"geometry":{"type":"Polygon","coordinates":[[[30.886801,29.981521],[30.88679,29.980881],[30.886113,29.980803],[30.885439,29.98056],[30.885048,29.981005],[30.885815,29.981375],[30.886801,29.981521]]]}},{"type":"Feature","properties":{"source_layer":"Parcel","source_feature_count":1,"PARCEL_TYPE":9,"اسم_المحور":"محور دهشور","اسم_المحافظة":"محافظة الجيزة","نوع_نمط_العمران":"اسكان مخطط اقتصادى","نوع_طبيعة_المنطقة":"قائمة","GlobalID":"{19331115-89B4-4F4C-885E-9D7D207179B9}","SHAPE_Length":140.83243678714734,"SHAPE_Area":1232.5955574952497},"geometry":{"type":"Polygon","coordinates":[[[30.882461,29.977764],[30.882152,29.977569],[30.881938,29.977795],[30.882259,29.978004],[30.882461,29.977764]]]}},{"type":"Feature","properties":{"source_layer":"Parcel","source_feature_count":1,"PARCEL_TYPE":9,"اسم_المحور":"محور دهشور","اسم_المحافظة":"محافظة الجيزة","نوع_نمط_العمران":"اسكان مخطط اقتصادى","نوع_طبيعة_المنطقة":"قائمة","GlobalID":"{C15E9445-0925-4A32-919F-0760FCE0BD65}","SHAPE_Length":297.1071786996578,"SHAPE_Area":4055.4082751017754},"geometry":{"type":"Polygon","coordinates":[[[30.882161,29.978119],[30.881157,29.977481],[30.880998,29.977672],[30.881826,29.97829],[30.882009,29.978285],[30.882161,29.978119]]]}},{"type":"Feature","properties":{"source_layer":"Parcel","source_feature_count":1,"PARCEL_TYPE":9,"اسم_المحور":"محور دهشور","اسم_المحافظة":"محافظة الجيزة","نوع_نمط_العمران":"كمبوند","نوع_طبيعة_المنطقة":"قائمة","GlobalID":"{FDEFA746-6CDF-4C33-8529-A15EFDC41724}","SHAPE_Length":1159.6323582812408,"SHAPE_Area":15038.900772685654},"geometry":{"type":"Polygon","coordinates":[[[30.871202,29.976979],[30.871011,29.977194],[30.867708,29.981049],[30.868216,29.98098],[30.87132,29.977245],[30.871202,29.976979]]]}},{"type":"Feature","properties":{"source_layer":"Parcel","source_feature_count":1,"PARCEL_TYPE":9,"اسم_المحور":"محور دهشور","اسم_المحافظة":"محافظة الجيزة","نوع_نمط_العمران":"كمبوند","نوع_طبيعة_المنطقة":"قائمة","GlobalID":"{C9729C13-0A1C-40F7-9B05-71FA168F1D2E}","SHAPE_Length":428.56251683641017,"SHAPE_Area":6508.766395859195},"geometry":{"type":"Polygon","coordinates":[[[30.87441,29.984576],[30.87315,29.984135],[30.872937,29.984467],[30.873064,29.984551],[30.873024,29.984416],[30.873191,29.984355],[30.873322,29.984571],[30.874125,29.985085],[30.874323,29.985083],[30.87441,29.984576]]]}},{"type":"Feature","properties":{"source_layer":"Parcel","source_feature_count":1,"PARCEL_TYPE":9,"اسم_المحور":"محور دهشور","اسم_المحافظة":"محافظة الجيزة","نوع_نمط_العمران":"كمبوند","نوع_طبيعة_المنطقة":"قائمة","GlobalID":"{7561C30D-143B-47FA-A093-AD9A3F1E1FB9}","SHAPE_Length":1307.4190700273257,"SHAPE_Area":16807.29210553539},"geometry":{"type":"Polygon","coordinates":[[[30.868216,29.98098],[30.867708,29.981049],[30.872909,29.984448],[30.873061,29.984078],[30.87042,29.982553],[30.868323,29.981159],[30.868216,29.98098]]]}},{"type":"Feature","properties":{"source_layer":"Parcel","source_feature_count":1,"PARCEL_TYPE":9,"اسم_المحور":"محور دهشور","اسم_المحافظة":"محافظة الجيزة","نوع_نمط_العمران":"كمبوند","نوع_طبيعة_المنطقة":"قائمة","GlobalID":"{86A3C356-C998-4B53-95EC-C0BF3899AD76}","SHAPE_Length":1371.6624228796206,"SHAPE_Area":23133.79307179185},"geometry":{"type":"Polygon","coordinates":[[[30.877277,29.987276],[30.880823,29.985722],[30.881612,29.985051],[30.87996,29.983933],[30.879799,29.984079],[30.880856,29.984886],[30.880871,29.985254],[30.87744,29.986834],[30.876993,29.986919],[30.876986,29.987098],[30.877277,29.987276]]]}},{"type":"Feature","properties":{"source_layer":"Parcel","source_feature_count":1,"PARCEL_TYPE":9,"اسم_المحور":"محور دهشور","اسم_المحافظة":"محافظة الجيزة","نوع_نمط_العمران":"اسكان مخطط اقتصادى","نوع_طبيعة_المنطقة":"قائمة","GlobalID":"{8C33CD10-0E4D-4601-A318-98047E0C8C8D}","SHAPE_Length":496.7210279582015,"SHAPE_Area":13287.479042607027},"geometry":{"type":"Polygon","coordinates":[[[30.886258,29.970283],[30.88606,29.970532],[30.886142,29.970803],[30.887573,29.971656],[30.887894,29.971172],[30.8865,29.970241],[30.886258,29.970283]]]}},{"type":"Feature","properties":{"source_layer":"Parcel","source_feature_count":1,"PARCEL_TYPE":9,"اسم_المحور":"محور دهشور","اسم_المحافظة":"محافظة الجيزة","نوع_نمط_العمران":"اسكان مخطط اقتصادى","نوع_طبيعة_المنطقة":"قائمة","GlobalID":"{1686280B-E2DF-4B54-A35D-8608D9ADCA46}","SHAPE_Length":499.14736626433603,"SHAPE_Area":13431.69629602433},"geometry":{"type":"Polygon","coordinates":[[[30.892165,29.972668],[30.891245,29.97383],[30.891261,29.974146],[30.891458,29.974356],[30.891695,29.974299],[30.892716,29.973101],[30.892665,29.972863],[30.892165,29.972668]]]}},{"type":"Feature","properties":{"source_layer":"Parcel","source_feature_count":1,"PARCEL_TYPE":9,"اسم_المحور":"محور دهشور","اسم_المحافظة":"محافظة الجيزة","نوع_نمط_العمران":"اسكان مخطط اقتصادى","نوع_طبيعة_المنطقة":"قائمة","GlobalID":"{AD4712E1-0981-4951-88BF-FBAE161C55F2}","SHAPE_Length":382.66424318104885,"SHAPE_Area":8733.509642372077},"geometry":{"type":"Polygon","coordinates":[[[30.899044,29.977318],[30.89801,29.976648],[30.897613,29.977135],[30.898574,29.977805],[30.899044,29.977318]]]}},{"type":"Feature","properties":{"source_layer":"Parcel","source_feature_count":1,"PARCEL_TYPE":9,"اسم_المحور":"محور دهشور","اسم_المحافظة":"محافظة الجيزة","نوع_نمط_العمران":"اسكان مخطط اقتصادى","نوع_طبيعة_المنطقة":"قائمة","GlobalID":"{AC7D8D48-8DC8-4643-A61D-085521149BB1}","SHAPE_Length":556.5418580267395,"SHAPE_Area":15208.383965225377},"geometry":{"type":"Polygon","coordinates":[[[30.897513,29.977352],[30.89736,29.977408],[30.897106,29.977824],[30.898748,29.9789],[30.898935,29.978897],[30.899218,29.978429],[30.897513,29.977352]]]}},{"type":"Feature","properties":{"source_layer":"Parcel","source_feature_count":1,"PARCEL_TYPE":9,"اسم_المحور":"محور دهشور","اسم_المحافظة":"محافظة الجيزة","نوع_نمط_العمران":"اسكان مخطط اقتصادى","نوع_طبيعة_المنطقة":"قائمة","GlobalID":"{4BD6D45A-B249-4B16-BBA5-667579EB61F2}","SHAPE_Length":818.6585142644515,"SHAPE_Area":14991.763021919136},"geometry":{"type":"MultiPolygon","coordinates":[[[[30.894669,29.9778],[30.893502,29.977059],[30.893079,29.977551],[30.894253,29.978296],[30.894669,29.9778]]],[[[30.893834,29.976481],[30.893604,29.97634],[30.892536,29.977585],[30.892843,29.977702],[30.893834,29.976481]]]]}},{"type":"Feature","properties":{"source_layer":"Parcel","source_feature_count":1,"PARCEL_TYPE":14,"اسم_المحور":"محور دهشور","اسم_المحافظة":"محافظة الجيزة","نوع_نمط_العمران":"اسكان مخطط اقتصادى","نوع_طبيعة_المنطقة":"قائمة","GlobalID":"{76BE841E-C8B3-46C1-8041-2E44528DF74A}","SHAPE_Length":437.76231302684135,"SHAPE_Area":8151.636828380186},"geometry":{"type":"Polygon","coordinates":[[[30.892536,29.977585],[30.893678,29.976253],[30.893307,29.976124],[30.892787,29.976305],[30.892549,29.977284],[30.892383,29.977484],[30.892536,29.977585]]]}},{"type":"Feature","properties":{"source_layer":"Parcel","source_feature_count":1,"PARCEL_TYPE":9,"اسم_المحور":"محور دهشور","اسم_المحافظة":"محافظة الجيزة","نوع_نمط_العمران":"اسكان مخطط اقتصادى","نوع_طبيعة_المنطقة":"قائمة","GlobalID":"{C971A3D0-35FF-4775-BA56-E2DF2F1F101B}","SHAPE_Length":362.46271324891114,"SHAPE_Area":7014.824318210958},"geometry":{"type":"Polygon","coordinates":[[[30.891911,29.981279],[30.891738,29.9815],[30.89178,29.981631],[30.892751,29.982232],[30.892956,29.982195],[30.893115,29.981899],[30.892078,29.981254],[30.891911,29.981279]]]}},{"type":"Feature","properties":{"source_layer":"Parcel","source_feature_count":1,"PARCEL_TYPE":9,"اسم_المحور":"محور دهشور","اسم_المحافظة":"محافظة الجيزة","نوع_نمط_العمران":"كمبوند","نوع_طبيعة_المنطقة":"قائمة","GlobalID":"{DC73F115-0AF4-4D00-AA7D-9EF254D2CF1C}","SHAPE_Length":1019.2819938187818,"SHAPE_Area":59330.36743188414},"geometry":{"type":"Polygon","coordinates":[[[30.916162,29.997579],[30.917334,29.996159],[30.915917,29.995205],[30.915081,29.995616],[30.913616,29.995814],[30.913753,29.99717],[30.915193,29.997117],[30.916162,29.997579]]]}},{"type":"Feature","properties":{"source_layer":"Parcel","source_feature_count":1,"PARCEL_TYPE":9,"اسم_المحور":"محور دهشور","اسم_المحافظة":"محافظة الجيزة","نوع_نمط_العمران":"كمبوند","نوع_طبيعة_المنطقة":"قائمة","GlobalID":"{34CBE25D-9CBC-45C7-A7DE-17376A76D074}","SHAPE_Length":561.6584147223866,"SHAPE_Area":12122.853936425498},"geometry":{"type":"Polygon","coordinates":[[[30.922052,29.991127],[30.921583,29.990827],[30.920194,29.992516],[30.920532,29.992722],[30.920698,29.992697],[30.922052,29.991127]]]}},{"type":"Feature","properties":{"source_layer":"Parcel","source_feature_count":1,"PARCEL_TYPE":9,"اسم_المحور":"محور دهشور","اسم_المحافظة":"محافظة الجيزة","نوع_نمط_العمران":"اسكان مخطط اقتصادى","نوع_طبيعة_المنطقة":"قائمة","GlobalID":"{886166F8-99CA-4B57-B121-F2C43DC95D85}","SHAPE_Length":478.52487239799865,"SHAPE_Area":12042.255913241204},"geometry":{"type":"Polygon","coordinates":[[[30.886368,29.983377],[30.885279,29.984698],[30.885589,29.984896],[30.885983,29.984846],[30.886873,29.98383],[30.886823,29.983617],[30.886368,29.983377]]]}},{"type":"Feature","properties":{"source_layer":"Parcel","source_feature_count":1,"PARCEL_TYPE":9,"اسم_المحور":"محور دهشور","اسم_المحافظة":"محافظة الجيزة","نوع_نمط_العمران":"كمبوند","نوع_طبيعة_المنطقة":"قائمة","GlobalID":"{F246B366-4AF4-47B8-9881-F352DA43335B}","SHAPE_Length":616.381801706677,"SHAPE_Area":18671.54997330583},"geometry":{"type":"Polygon","coordinates":[[[30.90603,29.994892],[30.905244,29.995762],[30.904734,29.996751],[30.905262,29.997057],[30.906619,29.995404],[30.906568,29.995205],[30.90603,29.994892]]]}},{"type":"Feature","properties":{"source_layer":"Parcel","source_feature_count":1,"PARCEL_TYPE":9,"اسم_المحور":"محور دهشور","اسم_المحافظة":"محافظة الجيزة","نوع_نمط_العمران":"كمبوند","نوع_طبيعة_المنطقة":"قائمة","GlobalID":"{134185C9-BAEA-49C0-8D66-EC592957D37E}","SHAPE_Length":528.37199180634,"SHAPE_Area":18722.148229613562},"geometry":{"type":"Polygon","coordinates":[[[30.904276,29.99107],[30.903557,29.991923],[30.904633,29.992605],[30.905368,29.991746],[30.905417,29.99152],[30.9047,29.990986],[30.904276,29.99107]]]}},{"type":"Feature","properties":{"source_layer":"Parcel","source_feature_count":1,"PARCEL_TYPE":9,"اسم_المحور":"محور دهشور","اسم_المحافظة":"محافظة الجيزة","نوع_نمط_العمران":"كمبوند","نوع_طبيعة_المنطقة":"قائمة","GlobalID":"{D2F3B774-0A8D-4A06-9651-02059C3BBAE9}","SHAPE_Length":811.8980507288347,"SHAPE_Area":41066.75544545313},"geometry":{"type":"Polygon","coordinates":[[[30.907697,29.992687],[30.906213,29.9944],[30.906356,29.99474],[30.907325,29.995367],[30.908942,29.993513],[30.907697,29.992687]]]}},{"type":"Feature","properties":{"source_layer":"Parcel","source_feature_count":1,"PARCEL_TYPE":9,"اسم_المحور":"محور دهشور","اسم_المحافظة":"محافظة الجيزة","نوع_نمط_العمران":"كمبوند","نوع_طبيعة_المنطقة":"قائمة","GlobalID":"{EAD2DFCA-0454-4BB8-B456-9A1B40F282BA}","SHAPE_Length":920.0544751789309,"SHAPE_Area":43957.065549188956},"geometry":{"type":"Polygon","coordinates":[[[30.90542,29.98972],[30.90479,29.990469],[30.904806,29.990802],[30.907493,29.992448],[30.908194,29.991527],[30.90542,29.98972]]]}},{"type":"Feature","properties":{"source_layer":"Parcel","source_feature_count":1,"PARCEL_TYPE":9,"اسم_المحور":"محور دهشور","اسم_المحافظة":"محافظة الجيزة","نوع_نمط_العمران":"كمبوند","نوع_طبيعة_المنطقة":"قائمة","GlobalID":"{E33CA104-6239-44C7-9D42-1987A3E5F9B2}","SHAPE_Length":569.4844059008057,"SHAPE_Area":20744.23058379519},"geometry":{"type":"Polygon","coordinates":[[[30.903558,29.991923],[30.902729,29.992905],[30.903143,29.993623],[30.903911,29.993692],[30.903937,29.993492],[30.904633,29.992605],[30.903558,29.991923]]]}},{"type":"Feature","properties":{"source_layer":"Parcel","source_feature_count":1,"PARCEL_TYPE":9,"اسم_المحور":"محور دهشور","اسم_المحافظة":"محافظة الجيزة","نوع_نمط_العمران":"اسكان مخطط اقتصادى","نوع_طبيعة_المنطقة":"تحت الانشاء","GlobalID":"{A7EBC8D4-44BC-4F06-AB79-834DBFCAFF3A}","SHAPE_Length":3135.655950000488,"SHAPE_Area":565569.5689461125},"geometry":{"type":"Polygon","coordinates":[[[30.934015,29.969927],[30.933702,29.969615],[30.933524,29.96964],[30.931654,29.968394],[30.930891,29.967604],[30.930344,29.966792],[30.93034,29.966614],[30.929789,29.965945],[30.92712,29.964212],[30.926731,29.964389],[30.926119,29.965061],[30.92522,29.966895],[30.922983,29.969593],[30.923058,29.969748],[30.923267,29.969778],[30.924922,29.970798],[30.926595,29.971379],[30.930514,29.973981],[30.933883,29.970123],[30.934015,29.969927]]]}},{"type":"Feature","properties":{"source_layer":"Parcel","source_feature_count":1,"PARCEL_TYPE":9,"اسم_المحور":"محور دهشور","اسم_المحافظة":"محافظة الجيزة","نوع_نمط_العمران":"اسكان مخطط اقتصادى","نوع_طبيعة_المنطقة":"تحت الانشاء","GlobalID":"{E237D3F7-E863-4D56-A0ED-1273D7106BBE}","SHAPE_Length":2566.7485234161827,"SHAPE_Area":361207.3837934334},"geometry":{"type":"Polygon","coordinates":[[[30.922633,29.969943],[30.920145,29.972512],[30.923805,29.974893],[30.925583,29.975461],[30.928006,29.976922],[30.930361,29.974138],[30.926419,29.971578],[30.924771,29.97106],[30.922939,29.969899],[30.922633,29.969943]]]}},{"type":"Feature","properties":{"source_layer":"Parcel","source_feature_count":1,"PARCEL_TYPE":9,"اسم_المحور":"محور دهشور","اسم_المحافظة":"محافظة الجيزة","نوع_نمط_العمران":"كمبوند","نوع_طبيعة_المنطقة":"قائمة","GlobalID":"{BF5ECDB6-83F2-4C59-B726-AF2E71DE8C5D}","SHAPE_Length":487.01491665087957,"SHAPE_Area":16020.470251167422},"geometry":{"type":"Polygon","coordinates":[[[30.923982,29.98616],[30.923088,29.985564],[30.922542,29.98621],[30.922599,29.986723],[30.923341,29.987205],[30.924052,29.986382],[30.923982,29.98616]]]}},{"type":"Feature","properties":{"source_layer":"Parcel","source_feature_count":1,"PARCEL_TYPE":9,"اسم_المحور":"محور دهشور","اسم_المحافظة":"محافظة الجيزة","نوع_نمط_العمران":"كمبوند","نوع_طبيعة_المنطقة":"قائمة","GlobalID":"{5894EF65-2AB9-4A59-99AB-86E14BD7C168}","SHAPE_Length":895.7881794749198,"SHAPE_Area":31721.00260084585},"geometry":{"type":"Polygon","coordinates":[[[30.923212,29.987354],[30.922434,29.986706],[30.922385,29.986198],[30.922973,29.985488],[30.922432,29.985128],[30.921646,29.985903],[30.920943,29.986077],[30.921211,29.987277],[30.921912,29.987218],[30.922822,29.987803],[30.923212,29.987354]]]}},{"type":"Feature","properties":{"source_layer":"Parcel","source_feature_count":1,"PARCEL_TYPE":9,"اسم_المحور":"محور دهشور","اسم_المحافظة":"محافظة الجيزة","نوع_نمط_العمران":"كمبوند","نوع_طبيعة_المنطقة":"قائمة","GlobalID":"{EF8855DD-99E3-4E64-BB3F-2D01B413A75D}","SHAPE_Length":562.9695587865807,"SHAPE_Area":21571.613753940746},"geometry":{"type":"Polygon","coordinates":[[[30.921687,29.98733],[30.921098,29.98742],[30.920556,29.98804],[30.921875,29.988868],[30.922733,29.987915],[30.922037,29.987421],[30.921687,29.98733]]]}},{"type":"Feature","properties":{"source_layer":"Parcel","source_feature_count":1,"PARCEL_TYPE":14,"اسم_المحور":"محور دهشور","اسم_المحافظة":"محافظة الجيزة","نوع_نمط_العمران":"كمبوند","نوع_طبيعة_المنطقة":"قائمة","GlobalID":"{1DDE6D16-561B-4AA3-8E50-7272E714BBD7}","SHAPE_Length":613.0235443707403,"SHAPE_Area":21200.5035050701},"geometry":{"type":"Polygon","coordinates":[[[30.955387,29.954448],[30.954666,29.953957],[30.953373,29.955466],[30.954215,29.956014],[30.955432,29.95461],[30.955387,29.954448]]]}},{"type":"Feature","properties":{"source_layer":"Parcel","source_feature_count":1,"PARCEL_TYPE":9,"اسم_المحور":"محور دهشور","اسم_المحافظة":"محافظة الجيزة","نوع_نمط_العمران":"كمبوند","نوع_طبيعة_المنطقة":"قائمة","GlobalID":"{00032283-35F1-4C4B-A241-4528B4E07A1C}","SHAPE_Length":551.704163992274,"SHAPE_Area":18909.678393394366},"geometry":{"type":"Polygon","coordinates":[[[30.952689,29.954339],[30.953773,29.955012],[30.954666,29.953957],[30.95361,29.953254],[30.952689,29.954339]]]}},{"type":"Feature","properties":{"source_layer":"Parcel","source_feature_count":1,"PARCEL_TYPE":9,"اسم_المحور":"محور دهشور","اسم_المحافظة":"محافظة الجيزة","نوع_نمط_العمران":"كمبوند","نوع_طبيعة_المنطقة":"قائمة","GlobalID":"{7A19F534-C8C4-4A7C-9CF7-3283FD8B6F15}","SHAPE_Length":518.2750754836776,"SHAPE_Area":11487.94091474231},"geometry":{"type":"Polygon","coordinates":[[[31.057951,29.898845],[31.05745,29.899167],[31.057063,29.899651],[31.05696,29.900112],[31.05713,29.900631],[31.057542,29.900545],[31.057589,29.899811],[31.058293,29.899154],[31.057951,29.898845]]]}},{"type":"Feature","properties":{"source_layer":"Parcel","source_feature_count":1,"PARCEL_TYPE":9,"اسم_المحور":"محور دهشور","اسم_المحافظة":"محافظة الجيزة","نوع_نمط_العمران":"كمبوند","نوع_طبيعة_المنطقة":"قائمة","GlobalID":"{B4EB381C-90A1-4569-AD15-B398D0B5AA2D}","SHAPE_Length":525.7935527974748,"SHAPE_Area":11707.06333746416},"geometry":{"type":"Polygon","coordinates":[[[31.056884,29.898841],[31.056531,29.899287],[31.056337,29.899786],[31.056503,29.900768],[31.05694,29.900626],[31.056911,29.899827],[31.057344,29.899103],[31.057098,29.898799],[31.056884,29.898841]]]}},{"type":"Feature","properties":{"source_layer":"Parcel","source_feature_count":1,"PARCEL_TYPE":9,"اسم_المحور":"محور دهشور","اسم_المحافظة":"محافظة الجيزة","نوع_نمط_العمران":"كمبوند","نوع_طبيعة_المنطقة":"قائمة","GlobalID":"{A4C929BE-E5B7-4DB0-A58C-C9B115B85303}","SHAPE_Length":323.5231676250849,"SHAPE_Area":6019.383441235371},"geometry":{"type":"Polygon","coordinates":[[[31.057751,29.903941],[31.057537,29.903005],[31.056988,29.903101],[31.057306,29.904078],[31.057751,29.903941]]]}},{"type":"Feature","properties":{"source_layer":"Parcel","source_feature_count":1,"PARCEL_TYPE":9,"اسم_المحور":"محور دهشور","اسم_المحافظة":"محافظة الجيزة","نوع_نمط_العمران":"كمبوند","نوع_طبيعة_المنطقة":"قائمة","GlobalID":"{513DB128-A40C-465E-A584-4848A3D3B497}","SHAPE_Length":553.8190910399815,"SHAPE_Area":13508.112743331534},"geometry":{"type":"Polygon","coordinates":[[[31.056947,29.90462],[31.05784,29.904591],[31.057802,29.904153],[31.057145,29.904078],[31.056909,29.903115],[31.056283,29.903225],[31.056601,29.904392],[31.056947,29.90462]]]}},{"type":"Feature","properties":{"source_layer":"Parcel","source_feature_count":1,"PARCEL_TYPE":9,"اسم_المحور":"محور دهشور","اسم_المحافظة":"محافظة الجيزة","نوع_نمط_العمران":"كمبوند","نوع_طبيعة_المنطقة":"قائمة","GlobalID":"{71B8BE3C-E408-45F3-8F77-07D718993B8E}","SHAPE_Length":507.3518944535117,"SHAPE_Area":10771.1065860032},"geometry":{"type":"Polygon","coordinates":[[[31.065323,29.900175],[31.06471,29.900148],[31.063414,29.901345],[31.063634,29.901542],[31.06384,29.901526],[31.065067,29.900582],[31.065323,29.900175]]]}},{"type":"Feature","properties":{"source_layer":"Parcel","source_feature_count":1,"PARCEL_TYPE":9,"اسم_المحور":"محور دهشور","اسم_المحافظة":"محافظة الجيزة","نوع_نمط_العمران":"كمبوند","نوع_طبيعة_المنطقة":"قائمة","GlobalID":"{C02FFAED-4C76-47F1-BFBE-06996A629378}","SHAPE_Length":491.04425808064497,"SHAPE_Area":8560.452823903728},"geometry":{"type":"Polygon","coordinates":[[[31.067796,29.910872],[31.067495,29.910591],[31.065956,29.911843],[31.066249,29.912119],[31.067796,29.910872]]]}},{"type":"Feature","properties":{"source_layer":"Parcel","source_feature_count":1,"PARCEL_TYPE":9,"اسم_المحور":"محور دهشور","اسم_المحافظة":"محافظة الجيزة","نوع_نمط_العمران":"كمبوند","نوع_طبيعة_المنطقة":"قائمة","GlobalID":"{67F35680-DE6C-44EA-BBC0-BEC6DB062DA3}","SHAPE_Length":518.3885570927764,"SHAPE_Area":8135.669772199451},"geometry":{"type":"Polygon","coordinates":[[[31.066073,29.911472],[31.064528,29.91001],[31.064252,29.910241],[31.065823,29.911717],[31.066073,29.911472]]]}},{"type":"Feature","properties":{"source_layer":"Parcel","source_feature_count":1,"PARCEL_TYPE":9,"اسم_المحور":"محور دهشور","اسم_المحافظة":"محافظة الجيزة","نوع_نمط_العمران":"كمبوند","نوع_طبيعة_المنطقة":"قائمة","GlobalID":"{9CDD2E6D-C949-4039-A42E-8FD5A8204F26}","SHAPE_Length":473.98964542800445,"SHAPE_Area":7468.459354440204},"geometry":{"type":"Polygon","coordinates":[[[31.06448,29.909965],[31.063081,29.908642],[31.062798,29.908872],[31.064202,29.910198],[31.06448,29.909965]]]}},{"type":"Feature","properties":{"source_layer":"Parcel","source_feature_count":1,"PARCEL_TYPE":9,"اسم_المحور":"محور دهشور","اسم_المحافظة":"محافظة الجيزة","نوع_نمط_العمران":"كمبوند","نوع_طبيعة_المنطقة":"قائمة","GlobalID":"{F40A71F3-7034-458C-A116-75B57EE47DAC}","SHAPE_Length":302.9028511735166,"SHAPE_Area":5678.4988533725955},"geometry":{"type":"Polygon","coordinates":[[[31.070926,29.903634],[31.070215,29.904193],[31.070618,29.904562],[31.071323,29.904052],[31.070926,29.903634]]]}},{"type":"Feature","properties":{"source_layer":"Parcel","source_feature_count":1,"PARCEL_TYPE":9,"اسم_المحور":"محور دهشور","اسم_المحافظة":"محافظة الجيزة","نوع_نمط_العمران":"كمبوند","نوع_طبيعة_المنطقة":"قائمة","GlobalID":"{316F2E2E-E2DC-4D6C-AE62-39E75FB3A859}","SHAPE_Length":416.23707113622044,"SHAPE_Area":6905.43137538563},"geometry":{"type":"Polygon","coordinates":[[[31.066586,29.907503],[31.066325,29.907761],[31.067482,29.908857],[31.067783,29.908613],[31.066586,29.907503]]]}},{"type":"Feature","properties":{"source_layer":"Parcel","source_feature_count":1,"PARCEL_TYPE":9,"اسم_المحور":"محور دهشور","اسم_المحافظة":"محافظة الجيزة","نوع_نمط_العمران":"كمبوند","نوع_طبيعة_المنطقة":"قائمة","GlobalID":"{E425294D-1488-481F-B704-618A564C7CD3}","SHAPE_Length":481.1776446614575,"SHAPE_Area":13123.263715682015},"geometry":{"type":"Polygon","coordinates":[[[31.05267,29.901781],[31.052585,29.901031],[31.050995,29.90112],[31.051035,29.90189],[31.05267,29.901781]]]}},{"type":"Feature","properties":{"source_layer":"Parcel","source_feature_count":1,"PARCEL_TYPE":9,"اسم_المحور":"محور دهشور","اسم_المحافظة":"محافظة الجيزة","نوع_نمط_العمران":"كمبوند","نوع_طبيعة_المنطقة":"قائمة","GlobalID":"{168AE215-BC41-4640-B980-49DB2C50935E}","SHAPE_Length":999.2126604393036,"SHAPE_Area":15458.553595957083},"geometry":{"type":"Polygon","coordinates":[[[31.054283,29.901921],[31.054257,29.901659],[31.049896,29.901968],[31.05015,29.902763],[31.050626,29.902699],[31.050642,29.902296],[31.050805,29.902165],[31.054283,29.901921]]]}},{"type":"Feature","properties":{"source_layer":"Parcel","source_feature_count":1,"PARCEL_TYPE":9,"اسم_المحور":"محور دهشور","اسم_المحافظة":"محافظة الجيزة","نوع_نمط_العمران":"كمبوند","نوع_طبيعة_المنطقة":"قائمة","GlobalID":"{CE32CEB0-77F1-4254-B751-B32733089BCF}","SHAPE_Length":592.3230154954814,"SHAPE_Area":12723.576460652183},"geometry":{"type":"Polygon","coordinates":[[[31.055849,29.903108],[31.055452,29.901582],[31.054257,29.901659],[31.054283,29.901921],[31.0548,29.901893],[31.054948,29.90199],[31.055326,29.903264],[31.055849,29.903108]]]}},{"type":"Feature","properties":{"source_layer":"Parcel","source_feature_count":1,"PARCEL_TYPE":9,"اسم_المحور":"محور دهشور","اسم_المحافظة":"محافظة الجيزة","نوع_نمط_العمران":"كمبوند","نوع_طبيعة_المنطقة":"قائمة","GlobalID":"{36C571EF-84EC-4A12-B330-92C728B53F5F}","SHAPE_Length":270.08060706785466,"SHAPE_Area":3066.285159084057},"geometry":{"type":"Polygon","coordinates":[[[31.055373,29.901401],[31.054268,29.901401],[31.054304,29.901656],[31.055452,29.901582],[31.055373,29.901401]]]}},{"type":"Feature","properties":{"source_layer":"Parcel","source_feature_count":1,"PARCEL_TYPE":9,"اسم_المحور":"محور دهشور","اسم_المحافظة":"محافظة الجيزة","نوع_نمط_العمران":"اسكان اجتماعى شباب","نوع_طبيعة_المنطقة":"قائمة","GlobalID":"{612A23FF-8C03-46D1-96CF-6898E6CCBE3D}","SHAPE_Length":2643.9131781117517,"SHAPE_Area":183350.18393046496},"geometry":{"type":"Polygon","coordinates":[[[31.031235,29.91249],[31.030043,29.911357],[31.02382,29.916225],[31.022227,29.91709],[31.020452,29.917696],[31.021774,29.918478],[31.022008,29.91851],[31.023814,29.917842],[31.025398,29.916972],[31.031235,29.91249]]]}},{"type":"Feature","properties":{"source_layer":"Parcel","source_feature_count":1,"PARCEL_TYPE":9,"اسم_المحور":"محور دهشور","اسم_المحافظة":"محافظة الجيزة","نوع_نمط_العمران":"اسكان اجتماعى شباب","نوع_طبيعة_المنطقة":"قائمة","GlobalID":"{37502894-E14B-4766-8194-9C95A72C2D85}","SHAPE_Length":1355.5068348412847,"SHAPE_Area":87730.41343325643},"geometry":{"type":"Polygon","coordinates":[[[31.04636,29.900629],[31.045151,29.89939],[31.041284,29.902475],[31.042455,29.903584],[31.04636,29.900629]]]}},{"type":"Feature","properties":{"source_layer":"Parcel","source_feature_count":1,"PARCEL_TYPE":9,"اسم_المحور":"محور دهشور","اسم_المحافظة":"محافظة الجيزة","نوع_نمط_العمران":"كمبوند","نوع_طبيعة_المنطقة":"تحت الانشاء","GlobalID":"{0371DA85-2795-4BB3-8FC2-4C256938AB68}","SHAPE_Length":1186.5262903266937,"SHAPE_Area":25183.384970611973},"geometry":{"type":"Polygon","coordinates":[[[31.036085,29.915745],[31.033571,29.914113],[31.033202,29.91454],[31.033243,29.914689],[31.034715,29.915697],[31.035202,29.915505],[31.035697,29.915881],[31.035798,29.916252],[31.035706,29.916446],[31.034393,29.916656],[31.034444,29.916912],[31.036196,29.916674],[31.036085,29.915745]]]}},{"type":"Feature","properties":{"source_layer":"Parcel","source_feature_count":1,"PARCEL_TYPE":9,"اسم_المحور":"محور دهشور","اسم_المحافظة":"محافظة الجيزة","نوع_نمط_العمران":"كمبوند","نوع_طبيعة_المنطقة":"تحت الانشاء","GlobalID":"{31C88D7C-4D71-47BB-A740-29800464CA95}","SHAPE_Length":1019.7113146063338,"SHAPE_Area":53007.368221475655},"geometry":{"type":"Polygon","coordinates":[[[31.041324,29.922267],[31.041124,29.921492],[31.037715,29.921837],[31.038093,29.923841],[31.041324,29.922267]]]}},{"type":"Feature","properties":{"source_layer":"Parcel","source_feature_count":1,"PARCEL_TYPE":9,"اسم_المحور":"محور دهشور","اسم_المحافظة":"محافظة الجيزة","نوع_نمط_العمران":"اسكان اجتماعى شباب","نوع_طبيعة_المنطقة":"قائمة","GlobalID":"{0322D8E9-4731-45F2-81BD-E660DBC5C7BA}","SHAPE_Length":1114.0016353831359,"SHAPE_Area":45365.95172734357},"geometry":{"type":"Polygon","coordinates":[[[31.037694,29.924387],[31.037226,29.922173],[31.036597,29.922237],[31.036885,29.924263],[31.03609,29.925336],[31.037472,29.926269],[31.037971,29.925914],[31.038225,29.925412],[31.037694,29.924387]]]}},{"type":"Feature","properties":{"source_layer":"Parcel","source_feature_count":1,"PARCEL_TYPE":9,"اسم_المحور":"محور دهشور","اسم_المحافظة":"محافظة الجيزة","نوع_نمط_العمران":"كمبوند","نوع_طبيعة_المنطقة":"قائمة","GlobalID":"{0645DC91-CF75-4209-A164-65A5A934A3C1}","SHAPE_Length":604.1172187643863,"SHAPE_Area":20428.148830820905},"geometry":{"type":"Polygon","coordinates":[[[31.040922,29.924088],[31.039473,29.925474],[31.040226,29.925961],[31.041644,29.924642],[31.04158,29.924443],[31.041079,29.924074],[31.040922,29.924088]]]}},{"type":"Feature","properties":{"source_layer":"Parcel","source_feature_count":1,"PARCEL_TYPE":9,"اسم_المحور":"محور دهشور","اسم_المحافظة":"محافظة الجيزة","نوع_نمط_العمران":"كمبوند","نوع_طبيعة_المنطقة":"قائمة","GlobalID":"{C32B1555-F1B1-44C8-BB0F-2B902C544E87}","SHAPE_Length":798.0109362195192,"SHAPE_Area":10536.551248091517},"geometry":{"type":"Polygon","coordinates":[[[31.042418,29.926125],[31.04153,29.925553],[31.041541,29.925231],[31.042109,29.924745],[31.041853,29.924572],[31.040325,29.92601],[31.040633,29.926163],[31.041314,29.925448],[31.041392,29.925506],[31.041238,29.925703],[31.042125,29.926286],[31.042418,29.926125]]]}},{"type":"Feature","properties":{"source_layer":"Parcel","source_feature_count":1,"PARCEL_TYPE":9,"اسم_المحور":"محور دهشور","اسم_المحافظة":"محافظة الجيزة","نوع_نمط_العمران":"كمبوند","نوع_طبيعة_المنطقة":"تحت الانشاء","GlobalID":"{7C93AE42-E6C3-4551-964C-A1975F66F90C}","SHAPE_Length":866.6900138376243,"SHAPE_Area":13457.962792564313},"geometry":{"type":"Polygon","coordinates":[[[31.045994,29.925942],[31.045779,29.925802],[31.044165,29.927045],[31.046112,29.928335],[31.046275,29.928085],[31.044797,29.927068],[31.045994,29.925942]]]}},{"type":"Feature","properties":{"source_layer":"Parcel","source_feature_count":1,"PARCEL_TYPE":9,"اسم_المحور":"محور دهشور","اسم_المحافظة":"محافظة الجيزة","نوع_نمط_العمران":"كمبوند","نوع_طبيعة_المنطقة":"قائمة","GlobalID":"{28430284-E5BE-4916-AD4A-A45F94F5DF19}","SHAPE_Length":308.79876128909115,"SHAPE_Area":5959.788646640998},"geometry":{"type":"Polygon","coordinates":[[[31.05033,29.91854],[31.049866,29.918633],[31.050112,29.919503],[31.050672,29.919362],[31.050492,29.918622],[31.05033,29.91854]]]}},{"type":"Feature","properties":{"source_layer":"Parcel","source_feature_count":1,"PARCEL_TYPE":9,"اسم_المحور":"محور دهشور","اسم_المحافظة":"محافظة الجيزة","نوع_نمط_العمران":"كمبوند","نوع_طبيعة_المنطقة":"قائمة","GlobalID":"{B90C8D27-9481-4D93-9D09-A7E5DDC67E17}","SHAPE_Length":285.39364276090424,"SHAPE_Area":5077.260651726531},"geometry":{"type":"Polygon","coordinates":[[[31.046917,29.918966],[31.046159,29.919112],[31.046029,29.919278],[31.046065,29.919529],[31.047074,29.919418],[31.047042,29.91904],[31.046917,29.918966]]]}},{"type":"Feature","properties":{"source_layer":"Parcel","source_feature_count":1,"PARCEL_TYPE":9,"اسم_المحور":"محور دهشور","اسم_المحافظة":"محافظة الجيزة","نوع_نمط_العمران":"كمبوند","نوع_طبيعة_المنطقة":"قائمة","GlobalID":"{A6E9EF74-4B32-4DD2-827D-E27786918539}","SHAPE_Length":1003.8785410137364,"SHAPE_Area":26821.032523744536},"geometry":{"type":"Polygon","coordinates":[[[31.050733,29.919543],[31.05062,29.919468],[31.049698,29.919572],[31.049009,29.918906],[31.049137,29.918632],[31.050401,29.91843],[31.050272,29.917979],[31.048806,29.918142],[31.048459,29.918372],[31.048379,29.91862],[31.048529,29.919341],[31.04935,29.920008],[31.049779,29.920139],[31.050438,29.920006],[31.050692,29.919816],[31.050733,29.919543]]]}},{"type":"Feature","properties":{"source_layer":"Parcel","source_feature_count":1,"PARCEL_TYPE":9,"اسم_المحور":"محور دهشور","اسم_المحافظة":"محافظة الجيزة","نوع_نمط_العمران":"كمبوند","نوع_طبيعة_المنطقة":"قائمة","GlobalID":"{0881102E-2E52-4821-BB35-15A7B7E957F4}","SHAPE_Length":1729.465157935071,"SHAPE_Area":51317.43761431356},"geometry":{"type":"Polygon","coordinates":[[[31.051611,29.920187],[31.051006,29.917743],[31.050716,29.917481],[31.0499,29.917332],[31.047557,29.917784],[31.047902,29.91935],[31.048419,29.919245],[31.04833,29.918531],[31.04862,29.918153],[31.050115,29.917897],[31.05041,29.918022],[31.050813,29.919678],[31.050555,29.920015],[31.049804,29.920202],[31.049898,29.920686],[31.051445,29.920413],[31.051611,29.920187]]]}},{"type":"Feature","properties":{"source_layer":"Parcel","source_feature_count":1,"PARCEL_TYPE":9,"اسم_المحور":"محور دهشور","اسم_المحافظة":"محافظة الجيزة","نوع_نمط_العمران":"كمبوند","نوع_طبيعة_المنطقة":"قائمة","GlobalID":"{F1998485-FAF2-44D5-87D4-2EDC4BEA3DD0}","SHAPE_Length":337.8117870626332,"SHAPE_Area":6561.135920404804},"geometry":{"type":"Polygon","coordinates":[[[31.047058,29.91948],[31.046598,29.919609],[31.046764,29.920493],[31.047044,29.920698],[31.047301,29.920381],[31.047058,29.91948]]]}},{"type":"Feature","properties":{"source_layer":"Parcel","source_feature_count":1,"PARCEL_TYPE":9,"اسم_المحور":"محور دهشور","اسم_المحافظة":"محافظة الجيزة","نوع_نمط_العمران":"كمبوند","نوع_طبيعة_المنطقة":"قائمة","GlobalID":"{A0372DEC-4B54-4C69-9139-BE82AD0E3B98}","SHAPE_Length":689.8173618496799,"SHAPE_Area":17372.423863962962},"geometry":{"type":"Polygon","coordinates":[[[31.047565,29.918861],[31.047102,29.919001],[31.047362,29.920423],[31.046833,29.921193],[31.047235,29.921473],[31.048011,29.920563],[31.047694,29.918924],[31.047565,29.918861]]]}},{"type":"Feature","properties":{"source_layer":"Parcel","source_feature_count":1,"PARCEL_TYPE":9,"اسم_المحور":"محور دهشور","اسم_المحافظة":"محافظة الجيزة","نوع_نمط_العمران":"كمبوند","نوع_طبيعة_المنطقة":"قائمة","GlobalID":"{835D3518-C74D-41D9-A4A1-20E28B1BC018}","SHAPE_Length":1476.0024545279123,"SHAPE_Area":39830.09211201866},"geometry":{"type":"Polygon","coordinates":[[[31.047405,29.917788],[31.044968,29.91814],[31.044599,29.918542],[31.044908,29.920317],[31.045082,29.920709],[31.04679,29.921905],[31.047123,29.921665],[31.047125,29.921512],[31.045564,29.920406],[31.04526,29.918964],[31.045382,29.918715],[31.04564,29.91856],[31.047427,29.918264],[31.047535,29.918095],[31.047405,29.917788]]]}},{"type":"Feature","properties":{"source_layer":"Parcel","source_feature_count":1,"PARCEL_TYPE":9,"اسم_المحور":"محور دهشور","اسم_المحافظة":"محافظة الجيزة","نوع_نمط_العمران":"كمبوند","نوع_طبيعة_المنطقة":"قائمة","GlobalID":"{B3DD97A6-4A58-4E93-B8C5-B8E772BDEDBC}","SHAPE_Length":571.4030916625113,"SHAPE_Area":13044.32897520691},"geometry":{"type":"Polygon","coordinates":[[[31.051481,29.922805],[31.051053,29.921186],[31.050556,29.921257],[31.050893,29.922763],[31.050763,29.923114],[31.051156,29.923378],[31.051395,29.923127],[31.051481,29.922805]]]}},{"type":"Feature","properties":{"source_layer":"Parcel","source_feature_count":1,"PARCEL_TYPE":9,"اسم_المحور":"محور دهشور","اسم_المحافظة":"محافظة الجيزة","نوع_نمط_العمران":"كمبوند","نوع_طبيعة_المنطقة":"قائمة","GlobalID":"{312BFB8F-3A4E-4369-BD78-EC0265779251}","SHAPE_Length":1285.1220962780028,"SHAPE_Area":35592.219508485265},"geometry":{"type":"Polygon","coordinates":[[[31.050834,29.920592],[31.048617,29.921014],[31.048086,29.92169],[31.048164,29.922107],[31.050688,29.923686],[31.051075,29.923399],[31.049074,29.922089],[31.048926,29.921785],[31.049218,29.921454],[31.050986,29.921098],[31.050965,29.920675],[31.050834,29.920592]]]}},{"type":"Feature","properties":{"source_layer":"Parcel","source_feature_count":1,"PARCEL_TYPE":9,"اسم_المحور":"محور دهشور","اسم_المحافظة":"محافظة الجيزة","نوع_نمط_العمران":"كمبوند","نوع_طبيعة_المنطقة":"قائمة","GlobalID":"{0D928F17-A968-483A-88BF-D211A4901ACA}","SHAPE_Length":2110.4708537565857,"SHAPE_Area":64809.03021269327},"geometry":{"type":"Polygon","coordinates":[[[31.050921,29.924462],[31.052344,29.923249],[31.051678,29.920552],[31.0515,29.920471],[31.051032,29.920609],[31.051533,29.922849],[31.051321,29.923323],[31.050716,29.92374],[31.048108,29.922139],[31.048065,29.921596],[31.048505,29.920999],[31.048212,29.92075],[31.047969,29.920828],[31.047019,29.921874],[31.04702,29.922056],[31.0507,29.924473],[31.050921,29.924462]]]}},{"type":"Feature","properties":{"source_layer":"Parcel","source_feature_count":1,"PARCEL_TYPE":9,"اسم_المحور":"محور دهشور","اسم_المحافظة":"محافظة الجيزة","نوع_نمط_العمران":"كمبوند","نوع_طبيعة_المنطقة":"قائمة","GlobalID":"{5217984E-7C18-4BE2-B0DA-8EA4BAC9951D}","SHAPE_Length":626.2763400996216,"SHAPE_Area":15412.041465294551},"geometry":{"type":"Polygon","coordinates":[[[31.044647,29.91985],[31.044499,29.918705],[31.044247,29.918388],[31.043973,29.918287],[31.042839,29.918454],[31.042939,29.918922],[31.043619,29.918841],[31.043909,29.918982],[31.04414,29.919923],[31.044647,29.91985]]]}},{"type":"Feature","properties":{"source_layer":"Parcel","source_feature_count":1,"PARCEL_TYPE":9,"اسم_المحور":"محور دهشور","اسم_المحافظة":"محافظة الجيزة","نوع_نمط_العمران":"كمبوند","نوع_طبيعة_المنطقة":"قائمة","GlobalID":"{0852C236-FF93-4D14-B225-56954854EBBF}","SHAPE_Length":324.0537867426221,"SHAPE_Area":6267.222349233415},"geometry":{"type":"Polygon","coordinates":[[[31.043625,29.918907],[31.043306,29.918977],[31.043556,29.919994],[31.044025,29.919863],[31.043896,29.919088],[31.043625,29.918907]]]}},{"type":"Feature","properties":{"source_layer":"Parcel","source_feature_count":1,"PARCEL_TYPE":9,"اسم_المحور":"محور دهشور","اسم_المحافظة":"محافظة الجيزة","نوع_نمط_العمران":"كمبوند","نوع_طبيعة_المنطقة":"قائمة","GlobalID":"{63C6FA1C-0FFC-4AAB-8865-3D916662378A}","SHAPE_Length":621.953712628406,"SHAPE_Area":15813.771571195815},"geometry":{"type":"Polygon","coordinates":[[[31.042667,29.918465],[31.041623,29.918614],[31.041328,29.918845],[31.041195,29.919286],[31.041406,29.920266],[31.041989,29.920178],[31.041892,29.919221],[31.042073,29.919073],[31.042776,29.918952],[31.042667,29.918465]]]}},{"type":"Feature","properties":{"source_layer":"Parcel","source_feature_count":1,"PARCEL_TYPE":9,"اسم_المحور":"محور دهشور","اسم_المحافظة":"محافظة الجيزة","نوع_نمط_العمران":"اسكان اجتماعى شباب","نوع_طبيعة_المنطقة":"قائمة","GlobalID":"{E1031F37-BC68-4A5D-9830-685D328A00BA}","SHAPE_Length":651.4829401237766,"SHAPE_Area":22974.345100424434},"geometry":{"type":"Polygon","coordinates":[[[30.905781,29.882858],[30.906713,29.883273],[30.907757,29.881449],[30.906869,29.881067],[30.905781,29.882858]]]}},{"type":"Feature","properties":{"source_layer":"Parcel","source_feature_count":1,"PARCEL_TYPE":9,"اسم_المحور":"محور دهشور","اسم_المحافظة":"محافظة الجيزة","نوع_نمط_العمران":"اسكان اجتماعى شباب","نوع_طبيعة_المنطقة":"قائمة","GlobalID":"{39F56086-654F-47A7-BD45-A35627A870E3}","SHAPE_Length":527.9618337197812,"SHAPE_Area":18082.764814683826},"geometry":{"type":"Polygon","coordinates":[[[30.905637,29.882864],[30.904313,29.882209],[30.903813,29.883235],[30.905059,29.883792],[30.905637,29.882864]]]}},{"type":"Feature","properties":{"source_layer":"Parcel","source_feature_count":1,"PARCEL_TYPE":14,"اسم_المحور":"محور دهشور","اسم_المحافظة":"محافظة الجيزة","نوع_نمط_العمران":"اسكان اجتماعى شباب","نوع_طبيعة_المنطقة":"قائمة","GlobalID":"{A84620BE-10A9-41E7-83AC-35E77994AE88}","SHAPE_Length":379.01021231490785,"SHAPE_Area":8804.783783875722},"geometry":{"type":"Polygon","coordinates":[[[30.899126,29.893857],[30.898696,29.894529],[30.899668,29.894992],[30.900043,29.894287],[30.899126,29.893857]]]}},{"type":"Feature","properties":{"source_layer":"Parcel","source_feature_count":1,"PARCEL_TYPE":9,"اسم_المحور":"محور دهشور","اسم_المحافظة":"محافظة الجيزة","نوع_نمط_العمران":"اسكان اجتماعى شباب","نوع_طبيعة_المنطقة":"قائمة","GlobalID":"{51F660F5-4035-4018-B061-B0F03AB04D51}","SHAPE_Length":862.0891462776672,"SHAPE_Area":-22128.574377197376},"geometry":{"type":"Polygon","coordinates":[[[30.893294,29.89004],[30.892816,29.889619],[30.892637,29.889851],[30.892319,29.889703],[30.893466,29.887776],[30.894398,29.888181],[30.893294,29.89004]],[[30.893698,29.888219],[30.894088,29.888392],[30.894201,29.888199],[30.893812,29.888026],[30.893698,29.888219]]]}},{"type":"Feature","properties":{"source_layer":"Parcel","source_feature_count":1,"PARCEL_TYPE":9,"اسم_المحور":"محور دهشور","اسم_المحافظة":"محافظة الجيزة","نوع_نمط_العمران":"اسكان اجتماعى شباب","نوع_طبيعة_المنطقة":"قائمة","GlobalID":"{E38B8E66-1719-4031-A039-518CBB16CAC9}","SHAPE_Length":500.6911416338096,"SHAPE_Area":10599.392171079322},"geometry":{"type":"Polygon","coordinates":[[[30.886163,29.886658],[30.886841,29.885704],[30.886211,29.885412],[30.885994,29.88579],[30.88569,29.885681],[30.885265,29.88636],[30.885568,29.886506],[30.885733,29.886279],[30.886176,29.886566],[30.886163,29.886658]]]}},{"type":"Feature","properties":{"source_layer":"Parcel","source_feature_count":1,"PARCEL_TYPE":9,"اسم_المحور":"محور دهشور","اسم_المحافظة":"محافظة الجيزة","نوع_نمط_العمران":"اسكان اجتماعى شباب","نوع_طبيعة_المنطقة":"قائمة","GlobalID":"{91224B24-DDBB-468E-8442-17D2A50ED319}","SHAPE_Length":772.1955128497285,"SHAPE_Area":36489.667748448024},"geometry":{"type":"Polygon","coordinates":[[[30.908738,29.883036],[30.907382,29.882401],[30.906281,29.884224],[30.906302,29.884424],[30.907391,29.884897],[30.907614,29.884876],[30.908738,29.883036]]]}},{"type":"Feature","properties":{"source_layer":"Parcel","source_feature_count":1,"PARCEL_TYPE":9,"اسم_المحور":"محور دهشور","اسم_المحافظة":"محافظة الجيزة","نوع_نمط_العمران":"اسكان اجتماعى شباب","نوع_طبيعة_المنطقة":"قائمة","GlobalID":"{E47A09CF-1479-4461-BB59-B7C9E2242747}","SHAPE_Length":592.9758945850357,"SHAPE_Area":20479.938193056703},"geometry":{"type":"Polygon","coordinates":[[[30.90955,29.881708],[30.909966,29.880867],[30.908364,29.88008],[30.908233,29.880113],[30.907726,29.880876],[30.90955,29.881708]]]}},{"type":"Feature","properties":{"source_layer":"Parcel","source_feature_count":1,"PARCEL_TYPE":14,"اسم_المحور":"محور دهشور","اسم_المحافظة":"محافظة الجيزة","نوع_نمط_العمران":"اسكان اجتماعى شباب","نوع_طبيعة_المنطقة":"قائمة","GlobalID":"{7C63F198-B840-4567-8608-6CF84E0B2737}","SHAPE_Length":683.3191527371632,"SHAPE_Area":24313.24849968139},"geometry":{"type":"Polygon","coordinates":[[[30.90955,29.881708],[30.907726,29.880876],[30.90755,29.881184],[30.9079,29.881528],[30.907464,29.882265],[30.908818,29.882902],[30.90955,29.881708]]]}},{"type":"Feature","properties":{"source_layer":"Parcel","source_feature_count":1,"PARCEL_TYPE":9,"اسم_المحور":"محور دهشور","اسم_المحافظة":"محافظة الجيزة","نوع_نمط_العمران":"اسكان اجتماعى شباب","نوع_طبيعة_المنطقة":"قائمة","GlobalID":"{6FFF06B1-6884-4823-8FC4-522A5B5E959D}","SHAPE_Length":1011.5208179042842,"SHAPE_Area":37329.52019634391},"geometry":{"type":"Polygon","coordinates":[[[30.92702,29.896055],[30.926695,29.895158],[30.926728,29.895049],[30.927176,29.894958],[30.927057,29.894613],[30.926772,29.894628],[30.926708,29.894513],[30.926632,29.894639],[30.926575,29.894548],[30.925731,29.89478],[30.925821,29.895085],[30.925399,29.895189],[30.925291,29.894889],[30.924359,29.895147],[30.924457,29.895439],[30.924223,29.895495],[30.924386,29.895931],[30.92483,29.895825],[30.925105,29.89657],[30.92702,29.896055]]]}},{"type":"Feature","properties":{"source_layer":"Parcel","source_feature_count":1,"PARCEL_TYPE":9,"اسم_المحور":"محور دهشور","اسم_المحافظة":"محافظة الجيزة","نوع_نمط_العمران":"اسكان اجتماعى شباب","نوع_طبيعة_المنطقة":"قائمة","GlobalID":"{0924A9B1-D14C-4BA3-B8C1-73FDD7757C5D}","SHAPE_Length":1312.6514961960827,"SHAPE_Area":97711.58099052557},"geometry":{"type":"Polygon","coordinates":[[[30.920851,29.897076],[30.922227,29.89482],[30.918942,29.893342],[30.918742,29.893663],[30.918854,29.893742],[30.918777,29.893866],[30.918647,29.893825],[30.917627,29.89558],[30.920851,29.897076]]]}},{"type":"Feature","properties":{"source_layer":"Parcel","source_feature_count":1,"PARCEL_TYPE":9,"اسم_المحور":"محور دهشور","اسم_المحافظة":"محافظة الجيزة","نوع_نمط_العمران":"اسكان اجتماعى شباب","نوع_طبيعة_المنطقة":"تحت الانشاء","GlobalID":"{7C8831C2-1F89-433D-A385-0328F4FF2A32}","SHAPE_Length":4013.8705895940357,"SHAPE_Area":856611.7562650582},"geometry":{"type":"Polygon","coordinates":[[[31.003998,29.914745],[31.002063,29.920142],[31.014904,29.92353],[31.017934,29.920318],[31.018438,29.918936],[31.003998,29.914745]]]}},{"type":"Feature","properties":{"source_layer":"Parcel","source_feature_count":1,"PARCEL_TYPE":9,"اسم_المحور":"محور دهشور","اسم_المحافظة":"محافظة الجيزة","نوع_نمط_العمران":"اسكان اجتماعى شباب","نوع_طبيعة_المنطقة":"تحت الانشاء","GlobalID":"{F3328E8C-0D39-4B83-A29B-A344000C8084}","SHAPE_Length":1043.9388664632986,"SHAPE_Area":64562.73690717935},"geometry":{"type":"Polygon","coordinates":[[[31.004656,29.922964],[31.001458,29.922194],[31.00084,29.923916],[31.004029,29.924713],[31.004656,29.922964]]]}},{"type":"Feature","properties":{"source_layer":"Parcel","source_feature_count":1,"PARCEL_TYPE":9,"اسم_المحور":"محور دهشور","اسم_المحافظة":"محافظة الجيزة","نوع_نمط_العمران":"اسكان اجتماعى شباب","نوع_طبيعة_المنطقة":"تحت الانشاء","GlobalID":"{E4FE1CFE-1352-45B3-9CF5-8223B3FEC846}","SHAPE_Length":2937.1550597549194,"SHAPE_Area":500784.26732287515},"geometry":{"type":"Polygon","coordinates":[[[31.014836,29.923602],[31.005445,29.921144],[31.004154,29.924744],[31.004591,29.924854],[31.003991,29.926685],[31.01042,29.928283],[31.014836,29.923602]]]}},{"type":"Feature","properties":{"source_layer":"Parcel","source_feature_count":1,"PARCEL_TYPE":9,"اسم_المحور":"محور دهشور","اسم_المحافظة":"محافظة الجيزة","نوع_نمط_العمران":"خدمات ","نوع_طبيعة_المنطقة":"قائمة","GlobalID":"{1A32FC94-C33B-4776-86D0-50540CFEA094}","SHAPE_Length":1609.686517787164,"SHAPE_Area":161684.21235581973},"geometry":{"type":"Polygon","coordinates":[[[30.948592,29.928823],[30.947408,29.928981],[30.943983,29.93012],[30.945224,29.933035],[30.949794,29.931517],[30.948592,29.928823]]]}},{"type":"Feature","properties":{"source_layer":"Parcel","source_feature_count":1,"PARCEL_TYPE":9,"اسم_المحور":"محور دهشور","اسم_المحافظة":"محافظة الجيزة","نوع_نمط_العمران":"كمبوند","نوع_طبيعة_المنطقة":"قائمة","GlobalID":"{63537F33-119C-452F-B3F6-A251B001040D}","SHAPE_Length":1047.8548734231092,"SHAPE_Area":40235.053812968705},"geometry":{"type":"Polygon","coordinates":[[[30.940945,29.930771],[30.940202,29.93102],[30.940722,29.932307],[30.940664,29.932481],[30.939033,29.933021],[30.939333,29.933825],[30.941921,29.932965],[30.941077,29.930815],[30.940945,29.930771]]]}},{"type":"Feature","properties":{"source_layer":"Parcel","source_feature_count":1,"PARCEL_TYPE":14,"اسم_المحور":"محور دهشور","اسم_المحافظة":"محافظة الجيزة","نوع_نمط_العمران":"اسكان اجتماعى شباب","نوع_طبيعة_المنطقة":"قائمة","GlobalID":"{B84E05DF-113F-4C0B-BD51-00446970F911}","SHAPE_Length":390.1612058168963,"SHAPE_Area":6858.391310732631},"geometry":{"type":"Polygon","coordinates":[[[31.053577,29.891985],[31.053988,29.891639],[31.052968,29.890697],[31.05266,29.891066],[31.053577,29.891985]]]}},{"type":"Feature","properties":{"source_layer":"Parcel","source_feature_count":1,"PARCEL_TYPE":14,"اسم_المحور":"محور دهشور","اسم_المحافظة":"محافظة الجيزة","نوع_نمط_العمران":"اسكان اجتماعى شباب","نوع_طبيعة_المنطقة":"قائمة","GlobalID":"{42E2F8D3-2D9D-457E-9A5D-4BB9753AC46B}","SHAPE_Length":977.6168340121278,"SHAPE_Area":50870.945497816014},"geometry":{"type":"Polygon","coordinates":[[[31.056783,29.889429],[31.055209,29.887958],[31.054249,29.888879],[31.054521,29.889135],[31.054208,29.889385],[31.053998,29.889183],[31.053596,29.889727],[31.054884,29.89096],[31.056783,29.889429]]]}},{"type":"Feature","properties":{"source_layer":"Parcel","source_feature_count":1,"PARCEL_TYPE":9,"اسم_المحور":"محور دهشور","اسم_المحافظة":"محافظة الجيزة","نوع_نمط_العمران":"اسكان اجتماعى شباب","نوع_طبيعة_المنطقة":"قائمة","GlobalID":"{C21B5915-2DED-4BA2-906F-AD221AC0DF93}","SHAPE_Length":164.23816031286174,"SHAPE_Area":1668.2105970765656},"geometry":{"type":"Polygon","coordinates":[[[31.054521,29.889135],[31.054205,29.888838],[31.05395,29.889139],[31.054208,29.889385],[31.054521,29.889135]]]}},{"type":"Feature","properties":{"source_layer":"Parcel","source_feature_count":1,"PARCEL_TYPE":9,"اسم_المحور":"محور دهشور","اسم_المحافظة":"محافظة الجيزة","نوع_نمط_العمران":"اسكان اجتماعى شباب","نوع_طبيعة_المنطقة":"قائمة","GlobalID":"{4FF5DC3B-E10B-47BB-B521-E8981BFE31AC}","SHAPE_Length":572.4066751535215,"SHAPE_Area":19416.948603134664},"geometry":{"type":"Polygon","coordinates":[[[31.054884,29.89096],[31.053596,29.889727],[31.052968,29.890697],[31.053943,29.891674],[31.054884,29.89096]]]}},{"type":"Feature","properties":{"source_layer":"Parcel","source_feature_count":1,"PARCEL_TYPE":9,"اسم_المحور":"محور دهشور","اسم_المحافظة":"محافظة الجيزة","نوع_نمط_العمران":"اسكان اجتماعى شباب","نوع_طبيعة_المنطقة":"قائمة","GlobalID":"{5658DA03-4173-4454-9D23-39789FF1AD82}","SHAPE_Length":2078.2931263997607,"SHAPE_Area":117998.72831408647},"geometry":{"type":"Polygon","coordinates":[[[31.072568,29.875309],[31.065593,29.880845],[31.066522,29.881708],[31.073442,29.876177],[31.072568,29.875309]]]}},{"type":"Feature","properties":{"source_layer":"Parcel","source_feature_count":1,"PARCEL_TYPE":9,"اسم_المحور":"محور دهشور","اسم_المحافظة":"محافظة الجيزة","نوع_نمط_العمران":"اسكان اجتماعى شباب","نوع_طبيعة_المنطقة":"قائمة","GlobalID":"{934F8CB5-F909-4834-BC43-41BEDA8A44EA}","SHAPE_Length":2027.6515165869316,"SHAPE_Area":111060.2232712736},"geometry":{"type":"Polygon","coordinates":[[[31.054373,29.88138],[31.05381,29.880322],[31.045488,29.883457],[31.045741,29.88449],[31.054373,29.88138]]]}},{"type":"Feature","properties":{"source_layer":"Parcel","source_feature_count":1,"PARCEL_TYPE":9,"اسم_المحور":"محور دهشور","اسم_المحافظة":"محافظة الجيزة","نوع_نمط_العمران":"كمبوند","نوع_طبيعة_المنطقة":"قائمة","GlobalID":"{FF4EE8E8-9450-4186-A391-8F51BDC3D3A0}","SHAPE_Length":669.6185457152325,"SHAPE_Area":20042.153547690894},"geometry":{"type":"Polygon","coordinates":[[[31.074197,29.905107],[31.074611,29.904775],[31.072788,29.903111],[31.072223,29.903582],[31.073815,29.905088],[31.074007,29.904927],[31.074197,29.905107]]]}},{"type":"Feature","properties":{"source_layer":"Parcel","source_feature_count":1,"PARCEL_TYPE":9,"اسم_المحور":"محور دهشور","اسم_المحافظة":"محافظة الجيزة","نوع_نمط_العمران":"كمبوند","نوع_طبيعة_المنطقة":"تحت الانشاء","GlobalID":"{578C045B-FB50-4DAB-BE5A-DEC888936FDC}","SHAPE_Length":1154.6556288663733,"SHAPE_Area":81323.02481999954},"geometry":{"type":"Polygon","coordinates":[[[31.081337,29.905846],[31.078736,29.907899],[31.079851,29.909104],[31.083155,29.908029],[31.082411,29.906835],[31.081337,29.905846]]]}},{"type":"Feature","properties":{"source_layer":"Parcel","source_feature_count":1,"PARCEL_TYPE":9,"اسم_المحور":"محور دهشور","اسم_المحافظة":"محافظة الجيزة","نوع_نمط_العمران":"كمبوند","نوع_طبيعة_المنطقة":"قائمة","GlobalID":"{0B0D6658-C149-4FDD-BBDA-4F5BD5931797}","SHAPE_Length":387.54351966502617,"SHAPE_Area":6926.128795733269},"geometry":{"type":"Polygon","coordinates":[[[30.900359,29.987146],[30.899446,29.988192],[30.899763,29.988465],[30.900703,29.987388],[30.900359,29.987146]]]}},{"type":"Feature","properties":{"source_layer":"Parcel","source_feature_count":1,"PARCEL_TYPE":9,"اسم_المحور":"محور دهشور","اسم_المحافظة":"محافظة الجيزة","نوع_نمط_العمران":"كمبوند","نوع_طبيعة_المنطقة":"قائمة","GlobalID":"{6E83707E-3D2A-401D-8F0E-2A47E76F4E79}","SHAPE_Length":365.04180598118876,"SHAPE_Area":9016.016522444796},"geometry":{"type":"Polygon","coordinates":[[[30.900426,29.987875],[30.899922,29.988542],[30.900617,29.989016],[30.901189,29.988327],[30.900426,29.987875]]]}},{"type":"Feature","properties":{"source_layer":"Parcel","source_feature_count":1,"PARCEL_TYPE":9,"اسم_المحور":"محور دهشور","اسم_المحافظة":"محافظة الجيزة","نوع_نمط_العمران":"اسكان مخطط اقتصادى","نوع_طبيعة_المنطقة":"تحت الانشاء","GlobalID":"{B116CA19-E15C-4AE6-8D69-C1B8FF8FD164}","SHAPE_Length":1903.7134331415518,"SHAPE_Area":207049.80147138273},"geometry":{"type":"Polygon","coordinates":[[[30.88505,29.967164],[30.884586,29.967249],[30.883118,29.96806],[30.88177,29.968608],[30.882421,29.969394],[30.881766,29.969784],[30.880641,29.971103],[30.883509,29.972914],[30.886568,29.969306],[30.886883,29.968773],[30.886844,29.968306],[30.88655,29.967953],[30.885662,29.967348],[30.88505,29.967164]]]}},{"type":"Feature","properties":{"source_layer":"Parcel","source_feature_count":1,"PARCEL_TYPE":9,"اسم_المحور":"محور دهشور","اسم_المحافظة":"محافظة الجيزة","نوع_نمط_العمران":"اسكان مخطط اقتصادى","نوع_طبيعة_المنطقة":"قائمة","GlobalID":"{8CC2773E-6A88-43D8-BC7D-F9514B2CB259}","SHAPE_Length":527.6624636729331,"SHAPE_Area":13509.085871922856},"geometry":{"type":"Polygon","coordinates":[[[30.88521,29.971501],[30.884137,29.972817],[30.884192,29.973081],[30.884468,29.973251],[30.884613,29.973216],[30.885791,29.971796],[30.885472,29.971496],[30.88521,29.971501]]]}},{"type":"Feature","properties":{"source_layer":"Parcel","source_feature_count":1,"PARCEL_TYPE":9,"اسم_المحور":"محور دهشور","اسم_المحافظة":"محافظة الجيزة","نوع_نمط_العمران":"اسكان اجتماعى شباب","نوع_طبيعة_المنطقة":"تحت الانشاء","GlobalID":"{916D3D25-BC8B-4B16-9F7C-B24F49784198}","SHAPE_Length":2452.393928911479,"SHAPE_Area":196092.87759942445},"geometry":{"type":"Polygon","coordinates":[[[30.902063,29.877211],[30.903216,29.875301],[30.895589,29.87309],[30.894387,29.875214],[30.897258,29.876045],[30.897384,29.87601],[30.898293,29.874481],[30.898474,29.874534],[30.897593,29.876142],[30.901674,29.877322],[30.902063,29.877211]]]}},{"type":"Feature","properties":{"source_layer":"Parcel","source_feature_count":1,"PARCEL_TYPE":9,"اسم_المحور":"محور دهشور","اسم_المحافظة":"محافظة الجيزة","نوع_نمط_العمران":"اسكان اجتماعى شباب","نوع_طبيعة_المنطقة":"تحت الانشاء","GlobalID":"{6455EBBC-14AE-4AD2-817D-AB0D43C27AF1}","SHAPE_Length":960.6308361885142,"SHAPE_Area":56930.03132086784},"geometry":{"type":"Polygon","coordinates":[[[30.904274,29.878074],[30.905557,29.876022],[30.903377,29.875348],[30.902226,29.877282],[30.902368,29.877523],[30.904274,29.878074]]]}},{"type":"Feature","properties":{"source_layer":"Parcel","source_feature_count":1,"PARCEL_TYPE":9,"اسم_المحور":"محور دهشور","اسم_المحافظة":"محافظة الجيزة","نوع_نمط_العمران":"اسكان اجتماعى شباب","نوع_طبيعة_المنطقة":"تحت الانشاء","GlobalID":"{C07FCD3D-A6F0-4EE7-828F-05EA6D3D3B67}","SHAPE_Length":1080.0603015609288,"SHAPE_Area":72653.17712297059},"geometry":{"type":"Polygon","coordinates":[[[30.895972,29.878388],[30.897205,29.876311],[30.894245,29.875441],[30.893213,29.877164],[30.895972,29.878388]]]}},{"type":"Feature","properties":{"source_layer":"Parcel","source_feature_count":1,"PARCEL_TYPE":9,"اسم_المحور":"محور دهشور","اسم_المحافظة":"محافظة الجيزة","نوع_نمط_العمران":"اسكان اجتماعى شباب","نوع_طبيعة_المنطقة":"تحت الانشاء","GlobalID":"{81FF7A37-4C76-43D3-BABD-50EBA9545F5E}","SHAPE_Length":1487.0207126419887,"SHAPE_Area":138781.25808137303},"geometry":{"type":"Polygon","coordinates":[[[30.900198,29.880302],[30.901708,29.8778],[30.90158,29.87752],[30.897368,29.876392],[30.896133,29.878468],[30.896173,29.878564],[30.899947,29.88035],[30.900198,29.880302]]]}},{"type":"Feature","properties":{"source_layer":"Parcel","source_feature_count":1,"PARCEL_TYPE":9,"اسم_المحور":"محور دهشور","اسم_المحافظة":"محافظة الجيزة","نوع_نمط_العمران":"اسكان اجتماعى شباب","نوع_طبيعة_المنطقة":"تحت الانشاء","GlobalID":"{93EB71B0-1248-4111-A82D-E79341A45881}","SHAPE_Length":1151.2526408311,"SHAPE_Area":81408.75801894644},"geometry":{"type":"Polygon","coordinates":[[[30.894524,29.880826],[30.895783,29.878706],[30.893096,29.877362],[30.891754,29.879476],[30.894524,29.880826]]]}},{"type":"Feature","properties":{"source_layer":"Parcel","source_feature_count":1,"PARCEL_TYPE":9,"اسم_المحور":"محور دهشور","اسم_المحافظة":"محافظة الجيزة","نوع_نمط_العمران":"اسكان اجتماعى شباب","نوع_طبيعة_المنطقة":"تحت الانشاء","GlobalID":"{308D3163-A5B8-4F8D-AAA6-8DF94380AC1B}","SHAPE_Length":1171.408170341407,"SHAPE_Area":80673.8979219165},"geometry":{"type":"Polygon","coordinates":[[[30.904167,29.878253],[30.90231,29.877726],[30.901871,29.877878],[30.900376,29.880391],[30.900457,29.88059],[30.902251,29.881439],[30.904167,29.878253]]]}},{"type":"Feature","properties":{"source_layer":"Parcel","source_feature_count":1,"PARCEL_TYPE":9,"اسم_المحور":"محور دهشور","اسم_المحافظة":"محافظة الجيزة","نوع_نمط_العمران":"اسكان اجتماعى شباب","نوع_طبيعة_المنطقة":"تحت الانشاء","GlobalID":"{09332AD0-7E95-4637-97A5-B68D00120FFB}","SHAPE_Length":1413.4098486782311,"SHAPE_Area":120216.7998870036},"geometry":{"type":"Polygon","coordinates":[[[30.899819,29.880528],[30.89605,29.878754],[30.89469,29.880893],[30.898689,29.882802],[30.899911,29.880778],[30.899819,29.880528]]]}},{"type":"Feature","properties":{"source_layer":"Parcel","source_feature_count":1,"PARCEL_TYPE":9,"اسم_المحور":"محور دهشور","اسم_المحافظة":"محافظة الجيزة","نوع_نمط_العمران":"اسكان اجتماعى شباب","نوع_طبيعة_المنطقة":"تحت الانشاء","GlobalID":"{56156ED9-28E9-46BC-A430-E363E06CAD2B}","SHAPE_Length":969.2890892803973,"SHAPE_Area":58814.406066911986},"geometry":{"type":"Polygon","coordinates":[[[30.902142,29.881622],[30.900356,29.880781],[30.900099,29.880856],[30.898885,29.882896],[30.90084,29.883794],[30.902142,29.881622]]]}},{"type":"Feature","properties":{"source_layer":"Parcel","source_feature_count":1,"PARCEL_TYPE":9,"اسم_المحور":"محور دهشور","اسم_المحافظة":"محافظة الجيزة","نوع_نمط_العمران":"اسكان اجتماعى شباب","نوع_طبيعة_المنطقة":"قائمة","GlobalID":"{51955913-FAB0-47B0-AC62-7037FE187B92}","SHAPE_Length":2195.8441355761097,"SHAPE_Area":101198.2251719777},"geometry":{"type":"Polygon","coordinates":[[[30.890974,29.885019],[30.893649,29.880694],[30.890395,29.879169],[30.889028,29.881286],[30.889893,29.881693],[30.890453,29.880824],[30.890791,29.880696],[30.892299,29.881431],[30.892311,29.881634],[30.891196,29.883467],[30.890829,29.883611],[30.890274,29.883476],[30.889759,29.884328],[30.889804,29.884464],[30.890974,29.885019]]]}},{"type":"Feature","properties":{"source_layer":"Parcel","source_feature_count":1,"PARCEL_TYPE":1,"اسم_المحور":"محور دهشور","اسم_المحافظة":"محافظة الجيزة","نوع_نمط_العمران":"صناعي","نوع_طبيعة_المنطقة":"قائمة","GlobalID":"{EC7EF193-3708-4414-9890-AEF5CB2771C8}","SHAPE_Length":273.4573554300032,"SHAPE_Area":4367.057910167702},"geometry":{"type":"Polygon","coordinates":[[[30.850537,29.946556],[30.85011,29.946281],[30.84958,29.946898],[30.850003,29.947173],[30.850537,29.946556]]]}},{"type":"Feature","properties":{"source_layer":"Parcel","source_feature_count":1,"PARCEL_TYPE":9,"اسم_المحور":"محور دهشور","اسم_المحافظة":"محافظة الجيزة","نوع_نمط_العمران":"صناعي","نوع_طبيعة_المنطقة":"قائمة","GlobalID":"{DD110947-9276-411E-85E7-B5A5FFC1AFF7}","SHAPE_Length":861.4086851546734,"SHAPE_Area":42395.59766122124},"geometry":{"type":"Polygon","coordinates":[[[30.851618,29.94865],[30.849349,29.947167],[30.84839,29.94831],[30.850644,29.949791],[30.851618,29.94865]]]}},{"type":"Feature","properties":{"source_layer":"Parcel","source_feature_count":1,"PARCEL_TYPE":9,"اسم_المحور":"محور دهشور","اسم_المحافظة":"محافظة الجيزة","نوع_نمط_العمران":"صناعي","نوع_طبيعة_المنطقة":"قائمة","GlobalID":"{E549F14C-D750-41E9-A711-DA5034D4A507}","SHAPE_Length":934.7954582520101,"SHAPE_Area":34094.77169070197},"geometry":{"type":"Polygon","coordinates":[[[30.85543,29.94007],[30.85752,29.937637],[30.856807,29.937184],[30.856461,29.937254],[30.85567,29.938187],[30.855631,29.9384],[30.855786,29.938601],[30.855529,29.938901],[30.85519,29.938732],[30.854528,29.939501],[30.85543,29.94007]]]}},{"type":"Feature","properties":{"source_layer":"Parcel","source_feature_count":1,"PARCEL_TYPE":14,"اسم_المحور":"محور دهشور","اسم_المحافظة":"محافظة الجيزة","نوع_نمط_العمران":"صناعي","نوع_طبيعة_المنطقة":"قائمة","GlobalID":"{FD5FFD2A-E2A6-4CEF-9682-FBE2381EC630}","SHAPE_Length":729.4885478805638,"SHAPE_Area":27684.323521768023},"geometry":{"type":"Polygon","coordinates":[[[30.85543,29.94007],[30.854528,29.939501],[30.852934,29.941357],[30.853833,29.94193],[30.85543,29.94007]]]}},{"type":"Feature","properties":{"source_layer":"Parcel","source_feature_count":1,"PARCEL_TYPE":14,"اسم_المحور":"محور دهشور","اسم_المحافظة":"محافظة الجيزة","نوع_نمط_العمران":"صناعي","نوع_طبيعة_المنطقة":"قائمة","GlobalID":"{392DA24C-EA9F-4FA6-BED8-4E10A2881213}","SHAPE_Length":646.5104953673841,"SHAPE_Area":24968.06201533597},"geometry":{"type":"Polygon","coordinates":[[[30.85751,29.941804],[30.856208,29.940966],[30.855139,29.94199],[30.85656,29.942908],[30.85751,29.941804]]]}},{"type":"Feature","properties":{"source_layer":"Parcel","source_feature_count":1,"PARCEL_TYPE":9,"اسم_المحور":"محور دهشور","اسم_المحافظة":"محافظة الجيزة","نوع_نمط_العمران":"صناعي","نوع_طبيعة_المنطقة":"قائمة","GlobalID":"{3E6BD838-53B0-4ABE-B6B1-DE4B0A70A443}","SHAPE_Length":499.9996130225875,"SHAPE_Area":13457.218987315644},"geometry":{"type":"Polygon","coordinates":[[[30.857534,29.937497],[30.858416,29.93648],[30.857608,29.935956],[30.857663,29.936195],[30.857355,29.936216],[30.856833,29.936909],[30.856914,29.937116],[30.857534,29.937497]]]}},{"type":"Feature","properties":{"source_layer":"Parcel","source_feature_count":1,"PARCEL_TYPE":14,"اسم_المحور":"محور دهشور","اسم_المحافظة":"محافظة الجيزة","نوع_نمط_العمران":"صناعي","نوع_طبيعة_المنطقة":"قائمة","GlobalID":"{724832DE-FDD1-4C64-9834-8FE6886C0D6C}","SHAPE_Length":670.8953969338608,"SHAPE_Area":25170.869127339618},"geometry":{"type":"Polygon","coordinates":[[[30.849486,29.947007],[30.850944,29.94531],[30.850037,29.944715],[30.848751,29.946274],[30.848801,29.946481],[30.849264,29.946863],[30.849486,29.947007]]]}},{"type":"Feature","properties":{"source_layer":"Parcel","source_feature_count":1,"PARCEL_TYPE":14,"اسم_المحور":"محور دهشور","اسم_المحافظة":"محافظة الجيزة","نوع_نمط_العمران":"صناعي","نوع_طبيعة_المنطقة":"قائمة","GlobalID":"{31E9243E-5B04-4C2C-8D97-0861F6AE4AD0}","SHAPE_Length":584.0298312609514,"SHAPE_Area":21728.903609549503},"geometry":{"type":"Polygon","coordinates":[[[30.853513,29.946333],[30.852489,29.945667],[30.851449,29.946873],[30.852308,29.947433],[30.852577,29.94746],[30.853513,29.946333]]]}},{"type":"Feature","properties":{"source_layer":"Parcel","source_feature_count":1,"PARCEL_TYPE":9,"اسم_المحور":"محور دهشور","اسم_المحافظة":"محافظة الجيزة","نوع_نمط_العمران":"صناعي","نوع_طبيعة_المنطقة":"قائمة","GlobalID":"{261C455F-8EFB-4D03-B142-DDCFD047D0C7}","SHAPE_Length":841.5668391524871,"SHAPE_Area":33226.65908625589},"geometry":{"type":"Polygon","coordinates":[[[30.844545,29.943863],[30.843656,29.943297],[30.841714,29.945578],[30.842579,29.946143],[30.844545,29.943863]]]}},{"type":"Feature","properties":{"source_layer":"Parcel","source_feature_count":1,"PARCEL_TYPE":9,"اسم_المحور":"محور دهشور","اسم_المحافظة":"محافظة الجيزة","نوع_نمط_العمران":"صناعي","نوع_طبيعة_المنطقة":"قائمة","GlobalID":"{9EE0C94D-DA81-4A52-B35C-F42E34229788}","SHAPE_Length":382.72489509594476,"SHAPE_Area":10366.561367923794},"geometry":{"type":"Polygon","coordinates":[[[30.849255,29.934213],[30.84896,29.934527],[30.848942,29.934852],[30.849725,29.935386],[30.850217,29.934771],[30.849255,29.934213]]]}},{"type":"Feature","properties":{"source_layer":"Parcel","source_feature_count":1,"PARCEL_TYPE":9,"اسم_المحور":"محور دهشور","اسم_المحافظة":"محافظة الجيزة","نوع_نمط_العمران":"صناعي","نوع_طبيعة_المنطقة":"قائمة","GlobalID":"{E7724575-0694-4474-BFA8-CD466EB462DC}","SHAPE_Length":566.6356099759605,"SHAPE_Area":21379.557373332675},"geometry":{"type":"Polygon","coordinates":[[[30.851474,29.933658],[30.850504,29.934734],[30.851439,29.935421],[30.851643,29.93532],[30.852493,29.934292],[30.851658,29.933646],[30.851474,29.933658]]]}},{"type":"Feature","properties":{"source_layer":"Parcel","source_feature_count":1,"PARCEL_TYPE":9,"اسم_المحور":"محور دهشور","اسم_المحافظة":"محافظة الجيزة","نوع_نمط_العمران":"صناعي","نوع_طبيعة_المنطقة":"قائمة","GlobalID":"{4BDE06A6-985E-4C8D-88D4-2B854F2DD36C}","SHAPE_Length":809.981871423554,"SHAPE_Area":41694.54866803614},"geometry":{"type":"Polygon","coordinates":[[[30.848733,29.935018],[30.848471,29.935166],[30.847127,29.936745],[30.847235,29.936918],[30.848308,29.937597],[30.848558,29.937458],[30.849954,29.935807],[30.849203,29.935211],[30.848733,29.935018]]]}},{"type":"Feature","properties":{"source_layer":"Parcel","source_feature_count":1,"PARCEL_TYPE":9,"اسم_المحور":"محور دهشور","اسم_المحافظة":"محافظة الجيزة","نوع_نمط_العمران":"صناعي","نوع_طبيعة_المنطقة":"قائمة","GlobalID":"{23DA223B-D88A-426F-A14E-FD438C00E037}","SHAPE_Length":913.3442264246781,"SHAPE_Area":42747.491877413726},"geometry":{"type":"Polygon","coordinates":[[[30.857272,29.935821],[30.857439,29.935922],[30.854993,29.934243],[30.85498,29.934485],[30.854709,29.934523],[30.854206,29.935148],[30.854346,29.935458],[30.856435,29.936778],[30.856833,29.936593],[30.857227,29.936132],[30.857272,29.935821]]]}},{"type":"Feature","properties":{"source_layer":"Parcel","source_feature_count":1,"PARCEL_TYPE":9,"اسم_المحور":"محور دهشور","اسم_المحافظة":"محافظة الجيزة","نوع_نمط_العمران":"صناعي","نوع_طبيعة_المنطقة":"قائمة","GlobalID":"{907627F0-F8E9-45C8-BCD4-6B4AA67F94EE}","SHAPE_Length":879.3540933472655,"SHAPE_Area":50092.91793705189},"geometry":{"type":"Polygon","coordinates":[[[30.854253,29.935546],[30.853935,29.935546],[30.853057,29.936586],[30.853085,29.936765],[30.85508,29.938104],[30.855398,29.938119],[30.856291,29.937093],[30.856209,29.936819],[30.854253,29.935546]]]}},{"type":"Feature","properties":{"source_layer":"Parcel","source_feature_count":1,"PARCEL_TYPE":9,"اسم_المحور":"محور دهشور","اسم_المحافظة":"محافظة الجيزة","نوع_نمط_العمران":"صناعي","نوع_طبيعة_المنطقة":"قائمة","GlobalID":"{AC67CE4F-B5B5-4125-9177-3074D6791AF7}","SHAPE_Length":1058.263790100003,"SHAPE_Area":56865.85537957244},"geometry":{"type":"Polygon","coordinates":[[[30.854803,29.934156],[30.853604,29.933332],[30.851227,29.936089],[30.852475,29.936888],[30.854803,29.934156]]]}},{"type":"Feature","properties":{"source_layer":"Parcel","source_feature_count":1,"PARCEL_TYPE":9,"اسم_المحور":"محور دهشور","اسم_المحافظة":"محافظة الجيزة","نوع_نمط_العمران":"صناعي","نوع_طبيعة_المنطقة":"قائمة","GlobalID":"{A47C9F91-2EAA-4DCB-B4A9-63044AFB43B5}","SHAPE_Length":1422.6076153455883,"SHAPE_Area":61859.90509229326},"geometry":{"type":"Polygon","coordinates":[[[30.84738,29.940552],[30.851227,29.936089],[30.851141,29.936034],[30.850842,29.93623],[30.850181,29.935858],[30.849967,29.935952],[30.846619,29.939845],[30.846626,29.940041],[30.84738,29.940552]]]}},{"type":"Feature","properties":{"source_layer":"Parcel","source_feature_count":1,"PARCEL_TYPE":9,"اسم_المحور":"محور دهشور","اسم_المحافظة":"محافظة الجيزة","نوع_نمط_العمران":"صناعي","نوع_طبيعة_المنطقة":"قائمة","GlobalID":"{A4DA8177-A4D6-4F30-AC2F-26A8EE338525}","SHAPE_Length":1067.5975491984975,"SHAPE_Area":58265.455700544284},"geometry":{"type":"Polygon","coordinates":[[[30.849972,29.939799],[30.848727,29.93899],[30.846309,29.941795],[30.847284,29.942472],[30.847622,29.942477],[30.849972,29.939799]]]}},{"type":"Feature","properties":{"source_layer":"Parcel","source_feature_count":1,"PARCEL_TYPE":9,"اسم_المحور":"محور دهشور","اسم_المحافظة":"محافظة الجيزة","نوع_نمط_العمران":"صناعي","نوع_طبيعة_المنطقة":"قائمة","GlobalID":"{75DCD7E6-A9C3-4F0F-B2B9-240963C0450E}","SHAPE_Length":822.4993064756334,"SHAPE_Area":32627.09844199739},"geometry":{"type":"Polygon","coordinates":[[[30.845629,29.941117],[30.843656,29.943297],[30.844545,29.943863],[30.846452,29.94163],[30.845629,29.941117]]]}},{"type":"Feature","properties":{"source_layer":"Parcel","source_feature_count":1,"PARCEL_TYPE":9,"اسم_المحور":"محور دهشور","اسم_المحافظة":"محافظة الجيزة","نوع_نمط_العمران":"صناعي","نوع_طبيعة_المنطقة":"قائمة","GlobalID":"{DA50C0EE-3DB2-4390-80E9-C94AE76AF6F0}","SHAPE_Length":1359.9278121511109,"SHAPE_Area":115845.3483126317},"geometry":{"type":"Polygon","coordinates":[[[30.8464,29.942113],[30.844955,29.943674],[30.844938,29.943946],[30.848195,29.946113],[30.848579,29.946139],[30.849912,29.944612],[30.849918,29.944326],[30.846644,29.942159],[30.8464,29.942113]]]}},{"type":"Feature","properties":{"source_layer":"Parcel","source_feature_count":1,"PARCEL_TYPE":9,"اسم_المحور":"محور دهشور","اسم_المحافظة":"محافظة الجيزة","نوع_نمط_العمران":"كمبوند","نوع_طبيعة_المنطقة":"قائمة","GlobalID":"{D4A6991D-40CB-4D93-AD88-8381FDE376D9}","SHAPE_Length":628.6289084959346,"SHAPE_Area":22991.84999580072},"geometry":{"type":"Polygon","coordinates":[[[30.903492,29.996805],[30.902708,29.997627],[30.904374,29.998667],[30.905084,29.997852],[30.903492,29.996805]]]}},{"type":"Feature","properties":{"source_layer":"Parcel","source_feature_count":1,"PARCEL_TYPE":9,"اسم_المحور":"محور دهشور","اسم_المحافظة":"محافظة الجيزة","نوع_نمط_العمران":"خدمات ","نوع_طبيعة_المنطقة":"قائمة","GlobalID":"{3EF05E4C-F315-4EEE-BF1D-1860ECE8B06C}","SHAPE_Length":999.6042192965391,"SHAPE_Area":49396.40370401468},"geometry":{"type":"Polygon","coordinates":[[[30.961032,29.955474],[30.961457,29.954965],[30.96144,29.954786],[30.963117,29.952869],[30.961785,29.951992],[30.959978,29.954745],[30.961032,29.955474]]]}},{"type":"Feature","properties":{"source_layer":"Parcel","source_feature_count":1,"PARCEL_TYPE":9,"اسم_المحور":"محور دهشور","اسم_المحافظة":"محافظة الجيزة","نوع_نمط_العمران":"اسكان اجتماعى شباب","نوع_طبيعة_المنطقة":"تحت الانشاء","GlobalID":"{4BD63EAA-9B02-4CF9-AFEB-204F4C7CCD46}","SHAPE_Length":2140.713823044683,"SHAPE_Area":161337.02632324744},"geometry":{"type":"Polygon","coordinates":[[[30.895502,29.959224],[30.893871,29.958181],[30.889319,29.96367],[30.889702,29.963899],[30.888904,29.96483],[30.890149,29.965587],[30.895502,29.959224]]]}},{"type":"Feature","properties":{"source_layer":"Parcel","source_feature_count":1,"PARCEL_TYPE":14,"اسم_المحور":"محور دهشور","اسم_المحافظة":"محافظة الجيزة","نوع_نمط_العمران":"اسكان اجتماعى شباب","نوع_طبيعة_المنطقة":"تحت الانشاء","GlobalID":"{EB3221A7-C8C8-4034-A35C-FAEEC2000601}","SHAPE_Length":1441.4264708616072,"SHAPE_Area":96143.59373300718},"geometry":{"type":"Polygon","coordinates":[[[30.890149,29.965587],[30.888904,29.96483],[30.889702,29.963899],[30.889319,29.96367],[30.887883,29.965028],[30.885936,29.966566],[30.885834,29.96702],[30.887361,29.968109],[30.887735,29.968157],[30.888998,29.967284],[30.889375,29.966519],[30.890149,29.965587]]]}},{"type":"Feature","properties":{"source_layer":"Parcel","source_feature_count":1,"PARCEL_TYPE":9,"اسم_المحور":"محور دهشور","اسم_المحافظة":"محافظة الجيزة","نوع_نمط_العمران":"صناعي","نوع_طبيعة_المنطقة":"قائمة","GlobalID":"{A69987B8-671E-4D86-ACE8-A5B5C46B3DE3}","SHAPE_Length":506.4353450813989,"SHAPE_Area":15198.15907492343},"geometry":{"type":"Polygon","coordinates":[[[30.874445,29.909571],[30.87315,29.908735],[30.872545,29.909442],[30.873837,29.910276],[30.874445,29.909571]]]}},{"type":"Feature","properties":{"source_layer":"Parcel","source_feature_count":1,"PARCEL_TYPE":9,"اسم_المحور":"محور دهشور","اسم_المحافظة":"محافظة الجيزة","نوع_نمط_العمران":"صناعي","نوع_طبيعة_المنطقة":"قائمة","GlobalID":"{62CC94E3-177C-45D8-B31C-046919604E61}","SHAPE_Length":837.0899456509974,"SHAPE_Area":41524.327604675025},"geometry":{"type":"Polygon","coordinates":[[[30.875053,29.908866],[30.876327,29.90968],[30.877818,29.907955],[30.877751,29.907515],[30.876779,29.906865],[30.875053,29.908866]]]}},{"type":"Feature","properties":{"source_layer":"Parcel","source_feature_count":1,"PARCEL_TYPE":9,"اسم_المحور":"محور دهشور","اسم_المحافظة":"محافظة الجيزة","نوع_نمط_العمران":"صناعي","نوع_طبيعة_المنطقة":"قائمة","GlobalID":"{49E7BDF0-47D6-4859-8B86-882F70B474DC}","SHAPE_Length":504.6643082291994,"SHAPE_Area":15006.515911527305},"geometry":{"type":"Polygon","coordinates":[[[30.874296,29.9074],[30.875617,29.908212],[30.876202,29.907534],[30.874903,29.906691],[30.874296,29.9074]]]}},{"type":"Feature","properties":{"source_layer":"Parcel","source_feature_count":1,"PARCEL_TYPE":9,"اسم_المحور":"محور دهشور","اسم_المحافظة":"محافظة الجيزة","نوع_نمط_العمران":"خدمات ","نوع_طبيعة_المنطقة":"قائمة","GlobalID":"{23B4FE07-30B1-4CEF-A42E-66439A6B4970}","SHAPE_Length":306.3452770183236,"SHAPE_Area":5420.760516258934},"geometry":{"type":"Polygon","coordinates":[[[30.913211,29.931848],[30.91237,29.931358],[30.912034,29.931753],[30.91286,29.932258],[30.913211,29.931848]]]}},{"type":"Feature","properties":{"source_layer":"Parcel","source_feature_count":1,"PARCEL_TYPE":9,"اسم_المحور":"محور دهشور","اسم_المحافظة":"محافظة الجيزة","نوع_نمط_العمران":"صناعي","نوع_طبيعة_المنطقة":"قائمة","GlobalID":"{63E2ADA1-5EF4-4349-B518-71DA6B96245C}","SHAPE_Length":1253.2085045034014,"SHAPE_Area":106274.81204465676},"geometry":{"type":"Polygon","coordinates":[[[30.884595,29.895249],[30.88722,29.896906],[30.888995,29.894855],[30.888859,29.894011],[30.887485,29.893086],[30.886334,29.893217],[30.884595,29.895249]]]}},{"type":"Feature","properties":{"source_layer":"Parcel","source_feature_count":1,"PARCEL_TYPE":9,"اسم_المحور":"محور دهشور","اسم_المحافظة":"محافظة الجيزة","نوع_نمط_العمران":"خدمات ","نوع_طبيعة_المنطقة":"تحت الانشاء","GlobalID":"{CA784B9B-2449-4C61-8CAF-313F69519FF5}","SHAPE_Length":474.2727361590735,"SHAPE_Area":14737.209147041867},"geometry":{"type":"Polygon","coordinates":[[[30.937871,29.949903],[30.937314,29.950537],[30.938374,29.951208],[30.93912,29.950355],[30.938296,29.949837],[30.937871,29.949903]]]}},{"type":"Feature","properties":{"source_layer":"Parcel","source_feature_count":1,"PARCEL_TYPE":14,"اسم_المحور":"محور دهشور","اسم_المحافظة":"محافظة الجيزة","نوع_نمط_العمران":"صناعي","نوع_طبيعة_المنطقة":"قائمة","GlobalID":"{EEDDB6AC-C763-4E2E-9D5E-617A3A0338D5}","SHAPE_Length":629.0662773768959,"SHAPE_Area":23244.6260307746},"geometry":{"type":"Polygon","coordinates":[[[30.880113,29.896855],[30.879122,29.896202],[30.877926,29.897632],[30.878899,29.898266],[30.880113,29.896855]]]}},{"type":"Feature","properties":{"source_layer":"Parcel","source_feature_count":1,"PARCEL_TYPE":9,"اسم_المحور":"محور دهشور","اسم_المحافظة":"محافظة الجيزة","نوع_نمط_العمران":"صناعي","نوع_طبيعة_المنطقة":"قائمة","GlobalID":"{31DBE544-1139-4029-AF68-F23F8D9C4DAB}","SHAPE_Length":1155.9155830874524,"SHAPE_Area":81147.48141240953},"geometry":{"type":"Polygon","coordinates":[[[30.883853,29.89933],[30.882377,29.898371],[30.881853,29.898452],[30.879979,29.900641],[30.880096,29.901271],[30.881428,29.902157],[30.883853,29.89933]]]}},{"type":"Feature","properties":{"source_layer":"Parcel","source_feature_count":1,"PARCEL_TYPE":14,"اسم_المحور":"محور دهشور","اسم_المحافظة":"محافظة الجيزة","نوع_نمط_العمران":"صناعي","نوع_طبيعة_المنطقة":"قائمة","GlobalID":"{89E08B92-ED5C-4927-94F1-3964E9B5D6BA}","SHAPE_Length":799.6000095144791,"SHAPE_Area":39794.52733133526},"geometry":{"type":"Polygon","coordinates":[[[30.881225,29.902394],[30.879486,29.901216],[30.878312,29.902587],[30.880079,29.903729],[30.881225,29.902394]]]}},{"type":"Feature","properties":{"source_layer":"Parcel","source_feature_count":1,"PARCEL_TYPE":14,"اسم_المحور":"محور دهشور","اسم_المحافظة":"محافظة الجيزة","نوع_نمط_العمران":"صناعي","نوع_طبيعة_المنطقة":"قائمة","GlobalID":"{D93587F2-5EB2-4B86-8752-F50EDC94B3B0}","SHAPE_Length":962.8963367613853,"SHAPE_Area":38350.81080306217},"geometry":{"type":"Polygon","coordinates":[[[30.882214,29.902679],[30.884508,29.900109],[30.88444,29.899711],[30.883853,29.89933],[30.881428,29.902157],[30.882214,29.902679]]]}},{"type":"Feature","properties":{"source_layer":"Parcel","source_feature_count":1,"PARCEL_TYPE":9,"اسم_المحور":"محور دهشور","اسم_المحافظة":"محافظة الجيزة","نوع_نمط_العمران":"صناعي","نوع_طبيعة_المنطقة":"قائمة","GlobalID":"{3937798E-5CB3-4C6C-A108-68AE11EBCC77}","SHAPE_Length":561.8640259240708,"SHAPE_Area":19218.605855028472},"geometry":{"type":"Polygon","coordinates":[[[30.879217,29.903172],[30.878312,29.902587],[30.877401,29.903652],[30.877458,29.904078],[30.878086,29.90449],[30.879217,29.903172]]]}},{"type":"Feature","properties":{"source_layer":"Parcel","source_feature_count":1,"PARCEL_TYPE":9,"اسم_المحور":"محور دهشور","اسم_المحافظة":"محافظة الجيزة","نوع_نمط_العمران":"صناعي","نوع_طبيعة_المنطقة":"قائمة","GlobalID":"{00DFF374-CE3A-49B6-9C6D-F4FBD77A1C34}","SHAPE_Length":548.0331594119755,"SHAPE_Area":17813.726323410105},"geometry":{"type":"Polygon","coordinates":[[[30.88091,29.904266],[30.880079,29.903729],[30.878944,29.905052],[30.879515,29.905427],[30.879972,29.905357],[30.88091,29.904266]]]}},{"type":"Feature","properties":{"source_layer":"Parcel","source_feature_count":1,"PARCEL_TYPE":9,"اسم_المحور":"محور دهشور","اسم_المحافظة":"محافظة الجيزة","نوع_نمط_العمران":"صناعي","نوع_طبيعة_المنطقة":"قائمة","GlobalID":"{69F88345-2207-420E-873F-BF6DFF99B869}","SHAPE_Length":549.4907810234622,"SHAPE_Area":17882.645233996773},"geometry":{"type":"Polygon","coordinates":[[[30.880079,29.903729],[30.88091,29.904266],[30.88185,29.903173],[30.88179,29.902778],[30.881225,29.902394],[30.880079,29.903729]]]}},{"type":"Feature","properties":{"source_layer":"Parcel","source_feature_count":1,"PARCEL_TYPE":9,"اسم_المحور":"محور دهشور","اسم_المحافظة":"محافظة الجيزة","نوع_نمط_العمران":"صناعي","نوع_طبيعة_المنطقة":"قائمة","GlobalID":"{420AF97F-13E5-49FC-8796-0B3BF410D00C}","SHAPE_Length":573.0262213326602,"SHAPE_Area":18959.504767178933},"geometry":{"type":"Polygon","coordinates":[[[30.880079,29.903729],[30.879217,29.903172],[30.878086,29.90449],[30.878944,29.905052],[30.880079,29.903729]]]}},{"type":"Feature","properties":{"source_layer":"Parcel","source_feature_count":1,"PARCEL_TYPE":14,"اسم_المحور":"محور دهشور","اسم_المحافظة":"محافظة الجيزة","نوع_نمط_العمران":"صناعي","نوع_طبيعة_المنطقة":"قائمة","GlobalID":"{F243BF65-38C1-4D7E-BAB7-ED1586D14D65}","SHAPE_Length":812.4303742932755,"SHAPE_Area":41093.15346124933},"geometry":{"type":"Polygon","coordinates":[[[30.877192,29.901857],[30.875389,29.900684],[30.874221,29.902094],[30.87602,29.903217],[30.877192,29.901857]]]}},{"type":"Feature","properties":{"source_layer":"Parcel","source_feature_count":1,"PARCEL_TYPE":9,"اسم_المحور":"محور دهشور","اسم_المحافظة":"محافظة الجيزة","نوع_نمط_العمران":"صناعي","نوع_طبيعة_المنطقة":"قائمة","GlobalID":"{3C486A24-39B6-46F1-8476-B79B6313979D}","SHAPE_Length":569.6778138760192,"SHAPE_Area":18830.3948941965},"geometry":{"type":"Polygon","coordinates":[[[30.880998,29.89744],[30.879787,29.898846],[30.880612,29.899384],[30.881627,29.898198],[30.881553,29.897806],[30.880998,29.89744]]]}},{"type":"Feature","properties":{"source_layer":"Parcel","source_feature_count":1,"PARCEL_TYPE":9,"اسم_المحور":"محور دهشور","اسم_المحافظة":"محافظة الجيزة","نوع_نمط_العمران":"صناعي","نوع_طبيعة_المنطقة":"قائمة","GlobalID":"{887B10EA-CD94-4CE0-A806-820BE75A28F6}","SHAPE_Length":573.93594337704,"SHAPE_Area":19105.586987248418},"geometry":{"type":"Polygon","coordinates":[[[30.880612,29.899384],[30.879787,29.898846],[30.878565,29.900264],[30.879129,29.900627],[30.879592,29.900576],[30.880612,29.899384]]]}},{"type":"Feature","properties":{"source_layer":"Parcel","source_feature_count":1,"PARCEL_TYPE":9,"اسم_المحور":"محور دهشور","اسم_المحافظة":"محافظة الجيزة","نوع_نمط_العمران":"صناعي","نوع_طبيعة_المنطقة":"قائمة","GlobalID":"{F6F36A2B-31D8-474A-861A-0134837E87B6}","SHAPE_Length":604.8585860397661,"SHAPE_Area":20933.266111419267},"geometry":{"type":"Polygon","coordinates":[[[30.880998,29.89744],[30.880113,29.896855],[30.878899,29.898266],[30.879787,29.898846],[30.880998,29.89744]]]}},{"type":"Feature","properties":{"source_layer":"Parcel","source_feature_count":1,"PARCEL_TYPE":9,"اسم_المحور":"محور دهشور","اسم_المحافظة":"محافظة الجيزة","نوع_نمط_العمران":"صناعي","نوع_طبيعة_المنطقة":"قائمة","GlobalID":"{38A239F8-C7B8-4AE4-86B3-980F87709BBB}","SHAPE_Length":608.3291440431296,"SHAPE_Area":21111.778134302196},"geometry":{"type":"Polygon","coordinates":[[[30.879787,29.898846],[30.878899,29.898266],[30.877673,29.89969],[30.878565,29.900264],[30.879787,29.898846]]]}},{"type":"Feature","properties":{"source_layer":"Parcel","source_feature_count":1,"PARCEL_TYPE":9,"اسم_المحور":"محور دهشور","اسم_المحافظة":"محافظة الجيزة","نوع_نمط_العمران":"صناعي","نوع_طبيعة_المنطقة":"قائمة","GlobalID":"{811D67B8-EB6F-49B2-8274-201A173DF0C1}","SHAPE_Length":601.7243704010859,"SHAPE_Area":21956.642246004434},"geometry":{"type":"Polygon","coordinates":[[[30.878899,29.898266],[30.877926,29.897632],[30.876993,29.898748],[30.87708,29.899308],[30.877673,29.89969],[30.878899,29.898266]]]}},{"type":"Feature","properties":{"source_layer":"Parcel","source_feature_count":1,"PARCEL_TYPE":9,"اسم_المحور":"محور دهشور","اسم_المحافظة":"محافظة الجيزة","نوع_نمط_العمران":"صناعي","نوع_طبيعة_المنطقة":"قائمة","GlobalID":"{199E5CDF-8183-417C-B8EC-7B3A4E256A18}","SHAPE_Length":550.7596836312534,"SHAPE_Area":18004.75457931903},"geometry":{"type":"Polygon","coordinates":[[[30.878338,29.900527],[30.877192,29.901857],[30.87803,29.902402],[30.878969,29.901304],[30.878907,29.900905],[30.878338,29.900527]]]}},{"type":"Feature","properties":{"source_layer":"Parcel","source_feature_count":1,"PARCEL_TYPE":14,"اسم_المحور":"محور دهشور","اسم_المحافظة":"محافظة الجيزة","نوع_نمط_العمران":"صناعي","نوع_طبيعة_المنطقة":"قائمة","GlobalID":"{3A3528F2-30D9-474C-ACEA-08A0D7BFB384}","SHAPE_Length":556.2002395534433,"SHAPE_Area":18286.499645754087},"geometry":{"type":"Polygon","coordinates":[[[30.87803,29.902402],[30.877192,29.901857],[30.87602,29.903217],[30.876572,29.903562],[30.877116,29.903469],[30.87803,29.902402]]]}},{"type":"Feature","properties":{"source_layer":"Parcel","source_feature_count":1,"PARCEL_TYPE":9,"اسم_المحور":"محور دهشور","اسم_المحافظة":"محافظة الجيزة","نوع_نمط_العمران":"صناعي","نوع_طبيعة_المنطقة":"قائمة","GlobalID":"{67C88608-80D5-427B-B068-3BEC5C9B7EDF}","SHAPE_Length":783.0603295642775,"SHAPE_Area":39704.463902742435},"geometry":{"type":"Polygon","coordinates":[[[30.878338,29.900527],[30.876866,29.89955],[30.876249,29.899646],[30.875389,29.900684],[30.877192,29.901857],[30.878338,29.900527]]]}},{"type":"Feature","properties":{"source_layer":"Parcel","source_feature_count":1,"PARCEL_TYPE":9,"اسم_المحور":"محور دهشور","اسم_المحافظة":"محافظة الجيزة","نوع_نمط_العمران":"كمبوند","نوع_طبيعة_المنطقة":"تحت الانشاء","GlobalID":"{D3045947-E34D-49D3-986F-23611B08487E}","SHAPE_Length":1119.858540775184,"SHAPE_Area":77371.63270549635},"geometry":{"type":"Polygon","coordinates":[[[31.081333,29.905842],[31.079718,29.904331],[31.077301,29.906337],[31.077369,29.906677],[31.078736,29.907899],[31.081333,29.905842]]]}},{"type":"Feature","properties":{"source_layer":"Parcel","source_feature_count":1,"PARCEL_TYPE":9,"اسم_المحور":"محور دهشور","اسم_المحافظة":"محافظة الجيزة","نوع_نمط_العمران":"اسكان مخطط اقتصادى","نوع_طبيعة_المنطقة":"تحت الانشاء","GlobalID":"{939FE4DF-EB3E-4DC3-9F02-50B0FC58920F}","SHAPE_Length":688.5109081830241,"SHAPE_Area":16321.841528334302},"geometry":{"type":"Polygon","coordinates":[[[30.934053,29.995649],[30.934896,29.994914],[30.934587,29.994693],[30.934397,29.9947],[30.934048,29.995058],[30.933642,29.995253],[30.932878,29.995291],[30.932263,29.995017],[30.931927,29.995416],[30.932575,29.995759],[30.933327,29.995842],[30.934053,29.995649]]]}},{"type":"Feature","properties":{"source_layer":"Parcel","source_feature_count":1,"PARCEL_TYPE":9,"اسم_المحور":"محور دهشور","اسم_المحافظة":"محافظة الجيزة","نوع_نمط_العمران":"اسكان مخطط اقتصادى","نوع_طبيعة_المنطقة":"تحت الانشاء","GlobalID":"{A0B3585F-7416-40D7-B57B-129560B4B4D1}","SHAPE_Length":443.6802091076757,"SHAPE_Area":12509.338962422566},"geometry":{"type":"Polygon","coordinates":[[[30.935121,29.993606],[30.934341,29.993721],[30.934003,29.994077],[30.935035,29.994759],[30.935779,29.993933],[30.935121,29.993606]]]}},{"type":"Feature","properties":{"source_layer":"Parcel","source_feature_count":1,"PARCEL_TYPE":9,"اسم_المحور":"محور دهشور","اسم_المحافظة":"محافظة الجيزة","نوع_نمط_العمران":"اسكان مخطط اقتصادى","نوع_طبيعة_المنطقة":"تحت الانشاء","GlobalID":"{7084F23D-AE75-4A96-8E86-86D608F333F7}","SHAPE_Length":904.7803428692554,"SHAPE_Area":42617.42815973352},"geometry":{"type":"Polygon","coordinates":[[[30.931759,29.995371],[30.933629,29.99315],[30.933194,29.992876],[30.932357,29.993253],[30.931435,29.993087],[30.930281,29.994417],[30.931759,29.995371]]]}},{"type":"Feature","properties":{"source_layer":"Parcel","source_feature_count":1,"PARCEL_TYPE":9,"اسم_المحور":"محور دهشور","اسم_المحافظة":"محافظة الجيزة","نوع_نمط_العمران":"اسكان مخطط اقتصادى","نوع_طبيعة_المنطقة":"تحت الانشاء","GlobalID":"{F8B6851F-028A-4F37-A01A-AA63CE08E35B}","SHAPE_Length":578.1163186732592,"SHAPE_Area":13575.861972675893},"geometry":{"type":"Polygon","coordinates":[[[30.933794,29.993254],[30.932351,29.994913],[30.932823,29.995196],[30.93429,29.993568],[30.933794,29.993254]]]}},{"type":"Feature","properties":{"source_layer":"Parcel","source_feature_count":1,"PARCEL_TYPE":9,"اسم_المحور":"محور دهشور","اسم_المحافظة":"محافظة الجيزة","نوع_نمط_العمران":"اسكان مخطط اقتصادى","نوع_طبيعة_المنطقة":"تحت الانشاء","GlobalID":"{B6E0E91C-75C3-48FD-8982-9FF6DCBE0BF0}","SHAPE_Length":1063.0400631944685,"SHAPE_Area":78652.0708966196},"geometry":{"type":"Polygon","coordinates":[[[30.985419,29.946823],[30.987593,29.947223],[30.98806,29.944792],[30.987851,29.944444],[30.986393,29.94409],[30.98574,29.944319],[30.98492,29.946085],[30.985055,29.946549],[30.985419,29.946823]]]}},{"type":"Feature","properties":{"source_layer":"Parcel","source_feature_count":1,"PARCEL_TYPE":9,"اسم_المحور":"محور دهشور","اسم_المحافظة":"محافظة الجيزة","نوع_نمط_العمران":"اسكان مخطط اقتصادى","نوع_طبيعة_المنطقة":"تحت الانشاء","GlobalID":"{42BEBCD5-5E45-441D-8379-0FF7007D5C2E}","SHAPE_Length":1044.601938305398,"SHAPE_Area":66275.16361445423},"geometry":{"type":"Polygon","coordinates":[[[30.981553,29.945241],[30.980323,29.946705],[30.982789,29.948422],[30.984244,29.946873],[30.981553,29.945241]]]}},{"type":"Feature","properties":{"source_layer":"Parcel","source_feature_count":1,"PARCEL_TYPE":9,"اسم_المحور":"محور دهشور","اسم_المحافظة":"محافظة الجيزة","نوع_نمط_العمران":"اسكان مخطط اقتصادى","نوع_طبيعة_المنطقة":"تحت الانشاء","GlobalID":"{9E035967-1441-47C8-BF33-4D6014A1E73F}","SHAPE_Length":1315.39716081216,"SHAPE_Area":106926.72486751154},"geometry":{"type":"Polygon","coordinates":[[[30.980323,29.946705],[30.978022,29.949155],[30.980579,29.950887],[30.982789,29.948422],[30.980323,29.946705]]]}},{"type":"Feature","properties":{"source_layer":"Parcel","source_feature_count":1,"PARCEL_TYPE":9,"اسم_المحور":"محور دهشور","اسم_المحافظة":"محافظة الجيزة","نوع_نمط_العمران":"اسكان مخطط اقتصادى","نوع_طبيعة_المنطقة":"تحت الانشاء","GlobalID":"{193FB47B-EFE0-4998-AD88-F93DB3C67520}","SHAPE_Length":1027.8614271516326,"SHAPE_Area":75240.54563025167},"geometry":{"type":"Polygon","coordinates":[[[30.983619,29.943638],[30.982654,29.944055],[30.98166,29.945119],[30.983551,29.946295],[30.984134,29.946389],[30.984731,29.946048],[30.985415,29.944319],[30.985254,29.94397],[30.984919,29.943733],[30.984239,29.943572],[30.983619,29.943638]]]}},{"type":"Feature","properties":{"source_layer":"Parcel","source_feature_count":1,"PARCEL_TYPE":9,"اسم_المحور":"محور دهشور","اسم_المحافظة":"محافظة الجيزة","نوع_نمط_العمران":"اسكان مخطط اقتصادى","نوع_طبيعة_المنطقة":"تحت الانشاء","GlobalID":"{B01743C3-2FCE-4DEB-A531-95BAAEF66F6C}","SHAPE_Length":988.4507657615158,"SHAPE_Area":63154.81309760819},"geometry":{"type":"Polygon","coordinates":[[[30.981479,29.942421],[30.980478,29.941806],[30.979066,29.943406],[30.981536,29.945036],[30.982308,29.944129],[30.982425,29.943771],[30.982075,29.942968],[30.981479,29.942421]]]}},{"type":"Feature","properties":{"source_layer":"Parcel","source_feature_count":1,"PARCEL_TYPE":9,"اسم_المحور":"محور دهشور","اسم_المحافظة":"محافظة الجيزة","نوع_نمط_العمران":"اسكان مخطط اقتصادى","نوع_طبيعة_المنطقة":"تحت الانشاء","GlobalID":"{8CE2D781-5E10-4D1B-90AD-70C9639E4CA9}","SHAPE_Length":795.1554760940055,"SHAPE_Area":43412.84152752839},"geometry":{"type":"Polygon","coordinates":[[[30.981426,29.940728],[30.980557,29.941717],[30.981644,29.942394],[30.982283,29.94251],[30.982826,29.942391],[30.983252,29.942095],[30.983614,29.940887],[30.981803,29.940612],[30.981426,29.940728]]]}},{"type":"Feature","properties":{"source_layer":"Parcel","source_feature_count":1,"PARCEL_TYPE":9,"اسم_المحور":"محور دهشور","اسم_المحافظة":"محافظة الجيزة","نوع_نمط_العمران":"اسكان مخطط اقتصادى","نوع_طبيعة_المنطقة":"تحت الانشاء","GlobalID":"{04637380-E3E5-4B47-9A1D-C9C5D08397B5}","SHAPE_Length":892.2819047351653,"SHAPE_Area":56671.54900334943},"geometry":{"type":"Polygon","coordinates":[[[30.985793,29.941226],[30.983731,29.940905],[30.983495,29.942005],[30.983604,29.94259],[30.984064,29.943268],[30.984659,29.943538],[30.985356,29.943528],[30.985732,29.943203],[30.985985,29.941679],[30.985793,29.941226]]]}},{"type":"Feature","properties":{"source_layer":"Parcel","source_feature_count":1,"PARCEL_TYPE":9,"اسم_المحور":"محور دهشور","اسم_المحافظة":"محافظة الجيزة","نوع_نمط_العمران":"اسكان مخطط اقتصادى","نوع_طبيعة_المنطقة":"تحت الانشاء","GlobalID":"{2EF2A982-FE08-4EA8-AF04-063BCBA56A1D}","SHAPE_Length":932.7777975709075,"SHAPE_Area":63785.84636366373},"geometry":{"type":"Polygon","coordinates":[[[30.988313,29.94358],[30.988514,29.9421],[30.988311,29.941628],[30.987657,29.941332],[30.98694,29.941324],[30.986504,29.94147],[30.986206,29.941784],[30.985934,29.943201],[30.986094,29.943728],[30.986423,29.943959],[30.98763,29.944116],[30.988078,29.943952],[30.988313,29.94358]]]}},{"type":"Feature","properties":{"source_layer":"Parcel","source_feature_count":1,"PARCEL_TYPE":9,"اسم_المحور":"محور دهشور","اسم_المحافظة":"محافظة الجيزة","نوع_نمط_العمران":"اسكان مخطط اقتصادى","نوع_طبيعة_المنطقة":"تحت الانشاء","GlobalID":"{E9FF3718-BE32-4A56-A8DB-72C8C751156D}","SHAPE_Length":683.4516765572615,"SHAPE_Area":20747.748725154346},"geometry":{"type":"Polygon","coordinates":[[[30.988669,29.946419],[30.988784,29.94524],[30.988681,29.944786],[30.98843,29.944768],[30.98812,29.944909],[30.987687,29.94724],[30.988406,29.947373],[30.988669,29.946419]]]}},{"type":"Feature","properties":{"source_layer":"Parcel","source_feature_count":1,"PARCEL_TYPE":9,"اسم_المحور":"محور دهشور","اسم_المحافظة":"محافظة الجيزة","نوع_نمط_العمران":"اسكان مخطط اقتصادى","نوع_طبيعة_المنطقة":"تحت الانشاء","GlobalID":"{F61F3D69-1712-4602-A349-AA4A247B40FF}","SHAPE_Length":434.95017215310304,"SHAPE_Area":13743.956444144786},"geometry":{"type":"Polygon","coordinates":[[[30.983071,29.942508],[30.982369,29.942739],[30.982253,29.942881],[30.982579,29.94364],[30.98278,29.943741],[30.983724,29.943359],[30.983396,29.942614],[30.983071,29.942508]]]}},{"type":"Feature","properties":{"source_layer":"Parcel","source_feature_count":1,"PARCEL_TYPE":9,"اسم_المحور":"محور دهشور","اسم_المحافظة":"محافظة الجيزة","نوع_نمط_العمران":"كمبوند","نوع_طبيعة_المنطقة":"تحت الانشاء","GlobalID":"{1ADF8E6E-A917-4A94-B557-068CB2E56B65}","SHAPE_Length":1113.1709407115263,"SHAPE_Area":80320.07496489622},"geometry":{"type":"Polygon","coordinates":[[[30.885533,30.066667],[30.888031,30.066667],[30.888055,30.064068],[30.887753,30.063714],[30.887445,30.063634],[30.88597,30.06368],[30.885616,30.063847],[30.885533,30.066667]]]}},{"type":"Feature","properties":{"source_layer":"Parcel","source_feature_count":1,"PARCEL_TYPE":9,"اسم_المحور":"محور دهشور","اسم_المحافظة":"محافظة الجيزة","نوع_نمط_العمران":"كمبوند","نوع_طبيعة_المنطقة":"تحت الانشاء","GlobalID":"{8993483A-BD65-4AAB-B14C-8750A09DBC0A}","SHAPE_Length":1961.7297502079268,"SHAPE_Area":195882.23739694234},"geometry":{"type":"Polygon","coordinates":[[[30.88531,30.066652],[30.885375,30.063957],[30.885128,30.063741],[30.883679,30.063882],[30.882308,30.063761],[30.881219,30.063413],[30.880026,30.062726],[30.879779,30.062813],[30.878982,30.06358],[30.877987,30.064184],[30.878149,30.064773],[30.878475,30.065109],[30.878872,30.065262],[30.880303,30.065381],[30.881734,30.066595],[30.88531,30.066652]]]}},{"type":"Feature","properties":{"source_layer":"Parcel","source_feature_count":1,"PARCEL_TYPE":14,"اسم_المحور":"محور دهشور","اسم_المحافظة":"محافظة الجيزة","نوع_نمط_العمران":"كمبوند","نوع_طبيعة_المنطقة":"تحت الانشاء","GlobalID":"{583EBB12-AD8E-4170-896C-17FAA6244D7A}","SHAPE_Length":1909.2795324083438,"SHAPE_Area":139984.0373658135},"geometry":{"type":"Polygon","coordinates":[[[30.881798,30.066691],[30.881357,30.066466],[30.880246,30.065436],[30.878857,30.065333],[30.878429,30.065169],[30.878114,30.064869],[30.877855,30.06434],[30.87765,30.064218],[30.876111,30.064308],[30.874335,30.063917],[30.87377,30.064164],[30.873334,30.06492],[30.874435,30.065475],[30.875696,30.066482],[30.875683,30.066683],[30.881798,30.066691]]]}},{"type":"Feature","properties":{"source_layer":"Parcel","source_feature_count":1,"PARCEL_TYPE":14,"اسم_المحور":"محور دهشور","اسم_المحافظة":"محافظة الجيزة","نوع_نمط_العمران":"كمبوند","نوع_طبيعة_المنطقة":"تحت الانشاء","GlobalID":"{7492522F-90EE-4BA0-9A9A-1449B4A7F0C8}","SHAPE_Length":2202.1230994912626,"SHAPE_Area":174526.24011674573},"geometry":{"type":"Polygon","coordinates":[[[30.901795,30.062215],[30.901768,30.06384],[30.906629,30.063917],[30.906731,30.057592],[30.904438,30.059235],[30.904667,30.061149],[30.904662,30.061594],[30.90446,30.061888],[30.903352,30.062186],[30.901795,30.062215]]]}},{"type":"Feature","properties":{"source_layer":"Parcel","source_feature_count":1,"PARCEL_TYPE":9,"اسم_المحور":"محور دهشور","اسم_المحافظة":"محافظة الجيزة","نوع_نمط_العمران":"كمبوند","نوع_طبيعة_المنطقة":"تحت الانشاء","GlobalID":"{DC2AB525-4158-4304-9617-9CEBBE4B86DF}","SHAPE_Length":1620.6856431520425,"SHAPE_Area":139728.26165619452},"geometry":{"type":"Polygon","coordinates":[[[30.906731,30.057592],[30.906756,30.055918],[30.906572,30.055755],[30.900925,30.05688],[30.901386,30.058058],[30.901383,30.058964],[30.903405,30.05871],[30.904178,30.058855],[30.904438,30.059235],[30.906731,30.057592]]]}},{"type":"Feature","properties":{"source_layer":"Parcel","source_feature_count":1,"PARCEL_TYPE":9,"اسم_المحور":"محور دهشور","اسم_المحافظة":"محافظة الجيزة","نوع_نمط_العمران":"كمبوند","نوع_طبيعة_المنطقة":"تحت الانشاء","GlobalID":"{8EDC779A-1615-44F6-AFE2-41BD9DEC1568}","SHAPE_Length":3193.083660610949,"SHAPE_Area":481727.3213997973},"geometry":{"type":"Polygon","coordinates":[[[30.892236,30.060176],[30.892195,30.063918],[30.901768,30.06384],[30.901799,30.061982],[30.903713,30.061859],[30.904034,30.061765],[30.904289,30.061437],[30.904081,30.059556],[30.903684,30.059197],[30.903151,30.059013],[30.896701,30.060005],[30.893074,30.060262],[30.892236,30.060176]]]}},{"type":"Feature","properties":{"source_layer":"Parcel","source_feature_count":1,"PARCEL_TYPE":9,"اسم_المحور":"محور دهشور","اسم_المحافظة":"محافظة الجيزة","نوع_نمط_العمران":"كمبوند","نوع_طبيعة_المنطقة":"قائمة","GlobalID":"{F2BF9BF7-CBCF-4DF4-BF9E-DE2FD6F61E7F}","SHAPE_Length":297.6998811299701,"SHAPE_Area":5170.709916613373},"geometry":{"type":"Polygon","coordinates":[[[31.057134,29.901923],[31.056753,29.902009],[31.056942,29.902884],[31.057481,29.902786],[31.057283,29.90201],[31.057134,29.901923]]]}},{"type":"Feature","properties":{"source_layer":"Parcel","source_feature_count":1,"PARCEL_TYPE":9,"اسم_المحور":"محور دهشور","اسم_المحافظة":"محافظة الجيزة","نوع_نمط_العمران":"كمبوند","نوع_طبيعة_المنطقة":"قائمة","GlobalID":"{2F9DD310-2808-46D4-8A0E-3097C803DBE1}","SHAPE_Length":318.799793859276,"SHAPE_Area":6205.96179134879},"geometry":{"type":"Polygon","coordinates":[[[31.056591,29.902008],[31.056057,29.902159],[31.056235,29.903012],[31.056858,29.902899],[31.056591,29.902008]]]}},{"type":"Feature","properties":{"source_layer":"Parcel","source_feature_count":1,"PARCEL_TYPE":9,"اسم_المحور":"محور دهشور","اسم_المحافظة":"محافظة الجيزة","نوع_نمط_العمران":"كمبوند","نوع_طبيعة_المنطقة":"قائمة","GlobalID":"{9E639772-F81E-483D-86BE-4074BE8F7A13}","SHAPE_Length":369.58526056582264,"SHAPE_Area":7114.858325458754},"geometry":{"type":"Polygon","coordinates":[[[31.061224,29.899229],[31.060282,29.899912],[31.06051,29.900235],[31.061671,29.899415],[31.061604,29.89927],[31.061224,29.899229]]]}},{"type":"Feature","properties":{"source_layer":"Parcel","source_feature_count":1,"PARCEL_TYPE":9,"اسم_المحور":"محور دهشور","اسم_المحافظة":"محافظة الجيزة","نوع_نمط_العمران":"كمبوند","نوع_طبيعة_المنطقة":"قائمة","GlobalID":"{5CEB2579-D77F-41D8-943C-39DB819EA40F}","SHAPE_Length":611.8817619251594,"SHAPE_Area":14650.140629748432},"geometry":{"type":"Polygon","coordinates":[[[31.062768,29.898805],[31.062288,29.898803],[31.062014,29.899244],[31.060701,29.900314],[31.060899,29.900602],[31.061142,29.900611],[31.062598,29.899477],[31.062795,29.899032],[31.062768,29.898805]]]}},{"type":"Feature","properties":{"source_layer":"Parcel","source_feature_count":1,"PARCEL_TYPE":9,"اسم_المحور":"محور دهشور","اسم_المحافظة":"محافظة الجيزة","نوع_نمط_العمران":"كمبوند","نوع_طبيعة_المنطقة":"قائمة","GlobalID":"{B3941239-697A-4968-9063-F6531B2C28D5}","SHAPE_Length":423.27734522747966,"SHAPE_Area":9321.428790379352},"geometry":{"type":"Polygon","coordinates":[[[31.059675,29.899696],[31.05944,29.899881],[31.059442,29.900054],[31.060405,29.901008],[31.060656,29.900995],[31.060834,29.90084],[31.06081,29.900636],[31.059875,29.899726],[31.059675,29.899696]]]}},{"type":"Feature","properties":{"source_layer":"Parcel","source_feature_count":1,"PARCEL_TYPE":9,"اسم_المحور":"محور دهشور","اسم_المحافظة":"محافظة الجيزة","نوع_نمط_العمران":"اسكان اجتماعى شباب","نوع_طبيعة_المنطقة":"قائمة","GlobalID":"{E3AC42C9-4D3D-4D40-80F1-4932BDA729F5}","SHAPE_Length":2428.546232395858,"SHAPE_Area":87721.44803948673},"geometry":{"type":"Polygon","coordinates":[[[31.01329,29.94071],[31.013151,29.941065],[31.009959,29.943556],[31.008936,29.944205],[31.008217,29.944377],[31.004074,29.944549],[31.004165,29.945417],[31.004488,29.946087],[31.005505,29.945323],[31.006154,29.945116],[31.008925,29.945148],[31.013926,29.941324],[31.01329,29.94071]]]}},{"type":"Feature","properties":{"source_layer":"Parcel","source_feature_count":1,"PARCEL_TYPE":9,"اسم_المحور":"محور دهشور","اسم_المحافظة":"محافظة الجيزة","نوع_نمط_العمران":"اسكان اجتماعى شباب","نوع_طبيعة_المنطقة":"قائمة","GlobalID":"{CCF17970-5E62-4106-8A1C-11036966CE9A}","SHAPE_Length":2332.285597121008,"SHAPE_Area":125864.47425093742},"geometry":{"type":"Polygon","coordinates":[[[31.003276,29.944837],[30.998701,29.948346],[30.998078,29.948492],[30.997438,29.948444],[30.996067,29.947715],[30.995597,29.947584],[30.99533,29.947765],[30.995337,29.94806],[30.995963,29.948605],[30.996759,29.949045],[30.997552,29.949213],[30.998293,29.949172],[30.998459,29.949619],[30.999693,29.948671],[31,29.948959],[31.001676,29.947693],[31.001998,29.948007],[31.004488,29.946087],[31.003276,29.944837]]]}},{"type":"Feature","properties":{"source_layer":"Parcel","source_feature_count":1,"PARCEL_TYPE":14,"اسم_المحور":"محور دهشور","اسم_المحافظة":null,"نوع_نمط_العمران":"كمبوند","نوع_طبيعة_المنطقة":"تحت الانشاء","GlobalID":"{1071636A-95B0-411A-856E-248BE8BD9279}","SHAPE_Length":1170.0032234222035,"SHAPE_Area":83370.55971583173},"geometry":{"type":"Polygon","coordinates":[[[30.897285,30.05763],[30.897749,30.05952],[30.901383,30.058964],[30.901386,30.058058],[30.900925,30.05688],[30.897285,30.05763]]]}}]}