{"type":"FeatureCollection","features":[{"type":"Feature","properties":{"source_layer":"Building","source_feature_count":1,"BuildingType":2,"land_use":"سكنى","اسم_المحور":null,"اسم_المحافظة":null,"متوسط_عدد_الادوار_بالعقار":null,"متوسط_عدد_الشقق_بالدور":null,"متوسط_مساحة_الشقق_بالمنطقة":null,"نوع_نمط_العمران":null,"نوع_طبيعة_المنطقة":null,"سعر_العمارة":null,"نوع_الأرض":null,"المساحة_كم2":null,"GlobalID":"{D52BB1A5-4E25-4C6B-ADC0-11AD981956C8}","created_user":"gpr.gps","created_date":"2026-04-11T07:55:37Z","last_edited_user":"gpr.gps","last_edited_date":"2026-04-11T07:55:37Z","مساحة_كم2":null,"SHAPE_Length":54.20241927543256,"SHAPE_Area":180.77991761619242},"geometry":{"type":"Polygon","coordinates":[[[32.760263,25.930907],[32.760333,25.930992],[32.760458,25.93092],[32.760392,25.930829],[32.760263,25.930907]]]}},{"type":"Feature","properties":{"source_layer":"Building","source_feature_count":1,"BuildingType":2,"land_use":"سكنى","اسم_المحور":null,"اسم_المحافظة":null,"متوسط_عدد_الادوار_بالعقار":null,"متوسط_عدد_الشقق_بالدور":null,"متوسط_مساحة_الشقق_بالمنطقة":null,"نوع_نمط_العمران":null,"نوع_طبيعة_المنطقة":null,"سعر_العمارة":null,"نوع_الأرض":null,"المساحة_كم2":null,"GlobalID":"{ED05A7F5-0BAA-4BF0-B14F-AAA37971E177}","created_user":"gpr.gps","created_date":"2026-04-11T07:55:37Z","last_edited_user":"gpr.gps","last_edited_date":"2026-04-11T07:55:37Z","مساحة_كم2":null,"SHAPE_Length":76.77908719907725,"SHAPE_Area":224.85772166488698},"geometry":{"type":"Polygon","coordinates":[[[32.76093,25.931226],[32.760636,25.93134],[32.76067,25.931391],[32.76093,25.931226]]]}},{"type":"Feature","properties":{"source_layer":"Building","source_feature_count":1,"BuildingType":2,"land_use":"سكنى","اسم_المحور":null,"اسم_المحافظة":null,"متوسط_عدد_الادوار_بالعقار":null,"متوسط_عدد_الشقق_بالدور":null,"متوسط_مساحة_الشقق_بالمنطقة":null,"نوع_نمط_العمران":null,"نوع_طبيعة_المنطقة":null,"سعر_العمارة":null,"نوع_الأرض":null,"المساحة_كم2":null,"GlobalID":"{03F2ABDA-DF60-4B5A-B7B6-9AE130A2ADB7}","created_user":"gpr.gps","created_date":"2026-04-11T07:55:37Z","last_edited_user":"gpr.gps","last_edited_date":"2026-04-11T07:55:37Z","مساحة_كم2":null,"SHAPE_Length":84.72178493125278,"SHAPE_Area":306.75075538672195},"geometry":{"type":"Polygon","coordinates":[[[32.761062,25.931503],[32.761007,25.931426],[32.760739,25.931606],[32.760791,25.931666],[32.761062,25.931503]]]}},{"type":"Feature","properties":{"source_layer":"Building","source_feature_count":1,"BuildingType":2,"land_use":"سكنى","اسم_المحور":null,"اسم_المحافظة":null,"متوسط_عدد_الادوار_بالعقار":null,"متوسط_عدد_الشقق_بالدور":null,"متوسط_مساحة_الشقق_بالمنطقة":null,"نوع_نمط_العمران":null,"نوع_طبيعة_المنطقة":null,"سعر_العمارة":null,"نوع_الأرض":null,"المساحة_كم2":null,"GlobalID":"{D3D0C5F0-29B1-495A-B013-0CFE282AA16C}","created_user":"gpr.gps","created_date":"2026-04-11T07:55:37Z","last_edited_user":"gpr.gps","last_edited_date":"2026-04-11T07:55:37Z","مساحة_كم2":null,"SHAPE_Length":66.43093569687629,"SHAPE_Area":274.37910816487397},"geometry":{"type":"Polygon","coordinates":[[[32.760654,25.932497],[32.760742,25.93244],[32.760628,25.93231],[32.760508,25.932388],[32.760654,25.932497]]]}},{"type":"Feature","properties":{"source_layer":"Building","source_feature_count":1,"BuildingType":2,"land_use":"سكنى","اسم_المحور":null,"اسم_المحافظة":null,"متوسط_عدد_الادوار_بالعقار":null,"متوسط_عدد_الشقق_بالدور":null,"متوسط_مساحة_الشقق_بالمنطقة":null,"نوع_نمط_العمران":null,"نوع_طبيعة_المنطقة":null,"سعر_العمارة":null,"نوع_الأرض":null,"المساحة_كم2":null,"GlobalID":"{F374D010-AF28-4679-9B75-3B9AD3F20432}","created_user":"gpr.gps","created_date":"2026-04-11T07:55:37Z","last_edited_user":"gpr.gps","last_edited_date":"2026-04-11T07:55:37Z","مساحة_كم2":null,"SHAPE_Length":39.39055677990712,"SHAPE_Area":95.0442445560369},"geometry":{"type":"Polygon","coordinates":[[[32.762012,25.93382],[32.76205,25.933699],[32.761959,25.933762],[32.762012,25.93382]]]}},{"type":"Feature","properties":{"source_layer":"Building","source_feature_count":1,"BuildingType":2,"land_use":"سكنى","اسم_المحور":null,"اسم_المحافظة":null,"متوسط_عدد_الادوار_بالعقار":null,"متوسط_عدد_الشقق_بالدور":null,"متوسط_مساحة_الشقق_بالمنطقة":null,"نوع_نمط_العمران":null,"نوع_طبيعة_المنطقة":null,"سعر_العمارة":null,"نوع_الأرض":null,"المساحة_كم2":null,"GlobalID":"{9BFE2876-3D5D-4D8F-B7F6-24F6954FDCC3}","created_user":"gpr.gps","created_date":"2026-04-11T07:55:37Z","last_edited_user":"gpr.gps","last_edited_date":"2026-04-11T07:55:37Z","مساحة_كم2":null,"SHAPE_Length":55.229218741957474,"SHAPE_Area":186.61103815045098},"geometry":{"type":"Polygon","coordinates":[[[32.762414,25.933801],[32.762362,25.933704],[32.762239,25.933782],[32.762297,25.933878],[32.762414,25.933801]]]}},{"type":"Feature","properties":{"source_layer":"Building","source_feature_count":1,"BuildingType":2,"land_use":"سكنى","اسم_المحور":null,"اسم_المحافظة":null,"متوسط_عدد_الادوار_بالعقار":null,"متوسط_عدد_الشقق_بالدور":null,"متوسط_مساحة_الشقق_بالمنطقة":null,"نوع_نمط_العمران":null,"نوع_طبيعة_المنطقة":null,"سعر_العمارة":null,"نوع_الأرض":null,"المساحة_كم2":null,"GlobalID":"{D59EE072-BFCD-4F1B-9B3C-09D220848691}","created_user":"gpr.gps","created_date":"2026-04-11T07:55:37Z","last_edited_user":"gpr.gps","last_edited_date":"2026-04-11T07:55:37Z","مساحة_كم2":null,"SHAPE_Length":68.04589482700369,"SHAPE_Area":274.7307979283262},"geometry":{"type":"Polygon","coordinates":[[[32.762634,25.93388],[32.762712,25.933974],[32.762885,25.933862],[32.762796,25.933772],[32.762634,25.93388]]]}},{"type":"Feature","properties":{"source_layer":"Building","source_feature_count":1,"BuildingType":2,"land_use":"سكنى","اسم_المحور":null,"اسم_المحافظة":null,"متوسط_عدد_الادوار_بالعقار":null,"متوسط_عدد_الشقق_بالدور":null,"متوسط_مساحة_الشقق_بالمنطقة":null,"نوع_نمط_العمران":null,"نوع_طبيعة_المنطقة":null,"سعر_العمارة":null,"نوع_الأرض":null,"المساحة_كم2":null,"GlobalID":"{35702052-A981-4D4F-9D1D-F3155DDBBB59}","created_user":"gpr.gps","created_date":"2026-04-11T07:55:37Z","last_edited_user":"gpr.gps","last_edited_date":"2026-04-11T07:55:37Z","مساحة_كم2":null,"SHAPE_Length":66.49920828425167,"SHAPE_Area":240.6837549790127},"geometry":{"type":"Polygon","coordinates":[[[32.762852,25.93409],[32.762922,25.93416],[32.763096,25.934038],[32.763032,25.933959],[32.762852,25.93409]]]}},{"type":"Feature","properties":{"source_layer":"Building","source_feature_count":1,"BuildingType":2,"land_use":"سكنى","اسم_المحور":null,"اسم_المحافظة":null,"متوسط_عدد_الادوار_بالعقار":null,"متوسط_عدد_الشقق_بالدور":null,"متوسط_مساحة_الشقق_بالمنطقة":null,"نوع_نمط_العمران":null,"نوع_طبيعة_المنطقة":null,"سعر_العمارة":null,"نوع_الأرض":null,"المساحة_كم2":null,"GlobalID":"{2AB17D8B-A73B-45B1-A11A-0F77F3CDEDC4}","created_user":"gpr.gps","created_date":"2026-04-11T07:55:37Z","last_edited_user":"gpr.gps","last_edited_date":"2026-04-11T07:55:37Z","مساحة_كم2":null,"SHAPE_Length":45.007117962916915,"SHAPE_Area":122.45104637606822},"geometry":{"type":"Polygon","coordinates":[[[32.762892,25.934444],[32.762935,25.934305],[32.762833,25.934382],[32.762892,25.934444]]]}},{"type":"Feature","properties":{"source_layer":"Building","source_feature_count":1,"BuildingType":2,"land_use":"سكنى","اسم_المحور":null,"اسم_المحافظة":null,"متوسط_عدد_الادوار_بالعقار":null,"متوسط_عدد_الشقق_بالدور":null,"متوسط_مساحة_الشقق_بالمنطقة":null,"نوع_نمط_العمران":null,"نوع_طبيعة_المنطقة":null,"سعر_العمارة":null,"نوع_الأرض":null,"المساحة_كم2":null,"GlobalID":"{452D1BEA-7AD5-423C-A876-BDD75978529F}","created_user":"gpr.gps","created_date":"2026-04-11T07:55:37Z","last_edited_user":"gpr.gps","last_edited_date":"2026-04-11T07:55:37Z","مساحة_كم2":null,"SHAPE_Length":48.47369899776376,"SHAPE_Area":144.83950036659837},"geometry":{"type":"Polygon","coordinates":[[[32.762854,25.93472],[32.762949,25.934795],[32.763031,25.93474],[32.762944,25.934646],[32.762854,25.93472]]]}},{"type":"Feature","properties":{"source_layer":"Building","source_feature_count":1,"BuildingType":2,"land_use":"سكنى","اسم_المحور":null,"اسم_المحافظة":null,"متوسط_عدد_الادوار_بالعقار":null,"متوسط_عدد_الشقق_بالدور":null,"متوسط_مساحة_الشقق_بالمنطقة":null,"نوع_نمط_العمران":null,"نوع_طبيعة_المنطقة":null,"سعر_العمارة":null,"نوع_الأرض":null,"المساحة_كم2":null,"GlobalID":"{2218E199-C77B-4B80-9CAD-E03DC0285CD5}","created_user":"gpr.gps","created_date":"2026-04-11T07:55:37Z","last_edited_user":"gpr.gps","last_edited_date":"2026-04-11T07:55:37Z","مساحة_كم2":null,"SHAPE_Length":66.41166375974578,"SHAPE_Area":269.5172612833244},"geometry":{"type":"Polygon","coordinates":[[[32.762495,25.934966],[32.762588,25.935066],[32.762736,25.934949],[32.762636,25.934861],[32.762495,25.934966]]]}},{"type":"Feature","properties":{"source_layer":"Building","source_feature_count":1,"BuildingType":2,"land_use":"سكنى","اسم_المحور":null,"اسم_المحافظة":null,"متوسط_عدد_الادوار_بالعقار":null,"متوسط_عدد_الشقق_بالدور":null,"متوسط_مساحة_الشقق_بالمنطقة":null,"نوع_نمط_العمران":null,"نوع_طبيعة_المنطقة":null,"سعر_العمارة":null,"نوع_الأرض":null,"المساحة_كم2":null,"GlobalID":"{1E12273A-A67B-4AB4-8A21-CB0A4710597E}","created_user":"gpr.gps","created_date":"2026-04-11T07:55:37Z","last_edited_user":"gpr.gps","last_edited_date":"2026-04-11T07:55:37Z","مساحة_كم2":null,"SHAPE_Length":48.104285430191005,"SHAPE_Area":137.59395148379028},"geometry":{"type":"Polygon","coordinates":[[[32.762368,25.934933],[32.762314,25.935078],[32.76244,25.935],[32.762368,25.934933]]]}},{"type":"Feature","properties":{"source_layer":"Building","source_feature_count":1,"BuildingType":2,"land_use":"سكنى","اسم_المحور":null,"اسم_المحافظة":null,"متوسط_عدد_الادوار_بالعقار":null,"متوسط_عدد_الشقق_بالدور":null,"متوسط_مساحة_الشقق_بالمنطقة":null,"نوع_نمط_العمران":null,"نوع_طبيعة_المنطقة":null,"سعر_العمارة":null,"نوع_الأرض":null,"المساحة_كم2":null,"GlobalID":"{301909B9-2E2C-4DFD-BF85-24A822613310}","created_user":"gpr.gps","created_date":"2026-04-11T07:55:37Z","last_edited_user":"gpr.gps","last_edited_date":"2026-04-11T07:55:37Z","مساحة_كم2":null,"SHAPE_Length":45.031309864124566,"SHAPE_Area":126.57785263800697},"geometry":{"type":"Polygon","coordinates":[[[32.762941,25.934905],[32.763017,25.934986],[32.763101,25.934922],[32.763027,25.934844],[32.762941,25.934905]]]}},{"type":"Feature","properties":{"source_layer":"Building","source_feature_count":1,"BuildingType":2,"land_use":"سكنى","اسم_المحور":null,"اسم_المحافظة":null,"متوسط_عدد_الادوار_بالعقار":null,"متوسط_عدد_الشقق_بالدور":null,"متوسط_مساحة_الشقق_بالمنطقة":null,"نوع_نمط_العمران":null,"نوع_طبيعة_المنطقة":null,"سعر_العمارة":null,"نوع_الأرض":null,"المساحة_كم2":null,"GlobalID":"{AFA8A8D4-5F1E-44DE-A3A0-2687FC3DBF9D}","created_user":"gpr.gps","created_date":"2026-04-11T07:55:37Z","last_edited_user":"gpr.gps","last_edited_date":"2026-04-11T07:55:37Z","مساحة_كم2":null,"SHAPE_Length":35.93323258915402,"SHAPE_Area":78.46948773833938},"geometry":{"type":"Polygon","coordinates":[[[32.763438,25.935958],[32.76345,25.936068],[32.763507,25.936025],[32.763438,25.935958]]]}},{"type":"Feature","properties":{"source_layer":"Building","source_feature_count":1,"BuildingType":2,"land_use":"سكنى","اسم_المحور":null,"اسم_المحافظة":null,"متوسط_عدد_الادوار_بالعقار":null,"متوسط_عدد_الشقق_بالدور":null,"متوسط_مساحة_الشقق_بالمنطقة":null,"نوع_نمط_العمران":null,"نوع_طبيعة_المنطقة":null,"سعر_العمارة":null,"نوع_الأرض":null,"المساحة_كم2":null,"GlobalID":"{BD5D20CE-9675-4A88-A628-4D6060597FAF}","created_user":"gpr.gps","created_date":"2026-04-11T07:55:37Z","last_edited_user":"gpr.gps","last_edited_date":"2026-04-11T07:55:37Z","مساحة_كم2":null,"SHAPE_Length":53.64680956854657,"SHAPE_Area":172.55029940607102},"geometry":{"type":"Polygon","coordinates":[[[32.763329,25.936184],[32.763398,25.936256],[32.763527,25.936169],[32.763454,25.936094],[32.763329,25.936184]]]}},{"type":"Feature","properties":{"source_layer":"Building","source_feature_count":1,"BuildingType":2,"land_use":"سكنى","اسم_المحور":null,"اسم_المحافظة":null,"متوسط_عدد_الادوار_بالعقار":null,"متوسط_عدد_الشقق_بالدور":null,"متوسط_مساحة_الشقق_بالمنطقة":null,"نوع_نمط_العمران":null,"نوع_طبيعة_المنطقة":null,"سعر_العمارة":null,"نوع_الأرض":null,"المساحة_كم2":null,"GlobalID":"{DE00034B-979A-489D-903E-EE4403A94E5E}","created_user":"gpr.gps","created_date":"2026-04-11T07:55:37Z","last_edited_user":"gpr.gps","last_edited_date":"2026-04-11T07:55:37Z","مساحة_كم2":null,"SHAPE_Length":53.55404464516428,"SHAPE_Area":172.63263373632614},"geometry":{"type":"Polygon","coordinates":[[[32.763619,25.935982],[32.763688,25.936054],[32.763811,25.935965],[32.763741,25.935886],[32.763619,25.935982]]]}},{"type":"Feature","properties":{"source_layer":"Building","source_feature_count":1,"BuildingType":2,"land_use":"سكنى","اسم_المحور":null,"اسم_المحافظة":null,"متوسط_عدد_الادوار_بالعقار":null,"متوسط_عدد_الشقق_بالدور":null,"متوسط_مساحة_الشقق_بالمنطقة":null,"نوع_نمط_العمران":null,"نوع_طبيعة_المنطقة":null,"سعر_العمارة":null,"نوع_الأرض":null,"المساحة_كم2":null,"GlobalID":"{832F39A9-5EAC-49C8-9277-D23A3AD6B1CE}","created_user":"gpr.gps","created_date":"2026-04-11T07:55:37Z","last_edited_user":"gpr.gps","last_edited_date":"2026-04-11T07:55:37Z","مساحة_كم2":null,"SHAPE_Length":76.2078834499297,"SHAPE_Area":336.7633423130062},"geometry":{"type":"Polygon","coordinates":[[[32.763453,25.933897],[32.763371,25.933798],[32.763177,25.933924],[32.763259,25.934029],[32.763453,25.933897]]]}},{"type":"Feature","properties":{"source_layer":"Building","source_feature_count":1,"BuildingType":2,"land_use":"سكنى","اسم_المحور":null,"اسم_المحافظة":null,"متوسط_عدد_الادوار_بالعقار":null,"متوسط_عدد_الشقق_بالدور":null,"متوسط_مساحة_الشقق_بالمنطقة":null,"نوع_نمط_العمران":null,"نوع_طبيعة_المنطقة":null,"سعر_العمارة":null,"نوع_الأرض":null,"المساحة_كم2":null,"GlobalID":"{263B0E68-0684-4801-BCEE-B0F48CE7257A}","created_user":"gpr.gps","created_date":"2026-04-11T07:55:37Z","last_edited_user":"gpr.gps","last_edited_date":"2026-04-11T07:55:37Z","مساحة_كم2":null,"SHAPE_Length":45.691596755283,"SHAPE_Area":130.02033126215798},"geometry":{"type":"Polygon","coordinates":[[[32.763889,25.933436],[32.763974,25.933517],[32.764047,25.933444],[32.763976,25.933369],[32.763889,25.933436]]]}},{"type":"Feature","properties":{"source_layer":"Building","source_feature_count":1,"BuildingType":2,"land_use":"سكنى","اسم_المحور":null,"اسم_المحافظة":null,"متوسط_عدد_الادوار_بالعقار":null,"متوسط_عدد_الشقق_بالدور":null,"متوسط_مساحة_الشقق_بالمنطقة":null,"نوع_نمط_العمران":null,"نوع_طبيعة_المنطقة":null,"سعر_العمارة":null,"نوع_الأرض":null,"المساحة_كم2":null,"GlobalID":"{53819EB0-45F7-4085-AA42-E43CDE324CD8}","created_user":"gpr.gps","created_date":"2026-04-11T07:55:37Z","last_edited_user":"gpr.gps","last_edited_date":"2026-04-11T07:55:37Z","مساحة_كم2":null,"SHAPE_Length":55.31525884148991,"SHAPE_Area":190.90139936295282},"geometry":{"type":"Polygon","coordinates":[[[32.764174,25.936145],[32.764264,25.936246],[32.764372,25.936167],[32.764281,25.936074],[32.764174,25.936145]]]}},{"type":"Feature","properties":{"source_layer":"Building","source_feature_count":1,"BuildingType":2,"land_use":"سكنى","اسم_المحور":null,"اسم_المحافظة":null,"متوسط_عدد_الادوار_بالعقار":null,"متوسط_عدد_الشقق_بالدور":null,"متوسط_مساحة_الشقق_بالمنطقة":null,"نوع_نمط_العمران":null,"نوع_طبيعة_المنطقة":null,"سعر_العمارة":null,"نوع_الأرض":null,"المساحة_كم2":null,"GlobalID":"{E6BB4B67-D841-402D-9FCB-1C96D1AD6A9C}","created_user":"gpr.gps","created_date":"2026-04-11T07:55:37Z","last_edited_user":"gpr.gps","last_edited_date":"2026-04-11T07:55:37Z","مساحة_كم2":null,"SHAPE_Length":57.12802376426276,"SHAPE_Area":197.35250880088788},"geometry":{"type":"Polygon","coordinates":[[[32.7637,25.93635],[32.763614,25.936419],[32.763712,25.936538],[32.763807,25.936472],[32.7637,25.93635]]]}},{"type":"Feature","properties":{"source_layer":"Building","source_feature_count":1,"BuildingType":2,"land_use":"سكنى","اسم_المحور":null,"اسم_المحافظة":null,"متوسط_عدد_الادوار_بالعقار":null,"متوسط_عدد_الشقق_بالدور":null,"متوسط_مساحة_الشقق_بالمنطقة":null,"نوع_نمط_العمران":null,"نوع_طبيعة_المنطقة":null,"سعر_العمارة":null,"نوع_الأرض":null,"المساحة_كم2":null,"GlobalID":"{43643ED7-BBBD-4FCD-A22B-AFE57EB616CD}","created_user":"gpr.gps","created_date":"2026-04-11T07:55:37Z","last_edited_user":"gpr.gps","last_edited_date":"2026-04-11T07:55:37Z","مساحة_كم2":null,"SHAPE_Length":67.76609385007058,"SHAPE_Area":279.8326195443921},"geometry":{"type":"Polygon","coordinates":[[[32.763478,25.93671],[32.763574,25.936807],[32.763717,25.936691],[32.763628,25.936592],[32.763478,25.93671]]]}},{"type":"Feature","properties":{"source_layer":"Building","source_feature_count":1,"BuildingType":2,"land_use":"سكنى","اسم_المحور":null,"اسم_المحافظة":null,"متوسط_عدد_الادوار_بالعقار":null,"متوسط_عدد_الشقق_بالدور":null,"متوسط_مساحة_الشقق_بالمنطقة":null,"نوع_نمط_العمران":null,"نوع_طبيعة_المنطقة":null,"سعر_العمارة":null,"نوع_الأرض":null,"المساحة_كم2":null,"GlobalID":"{B1F3E3AC-B10F-4673-8867-C1342610CB88}","created_user":"gpr.gps","created_date":"2026-04-11T07:55:37Z","last_edited_user":"gpr.gps","last_edited_date":"2026-04-11T07:55:37Z","مساحة_كم2":null,"SHAPE_Length":75.19214977015342,"SHAPE_Area":352.5369707717666},"geometry":{"type":"Polygon","coordinates":[[[32.764919,25.936628],[32.764789,25.936508],[32.764646,25.93662],[32.764769,25.93674],[32.764919,25.936628]]]}},{"type":"Feature","properties":{"source_layer":"Building","source_feature_count":1,"BuildingType":2,"land_use":"سكنى","اسم_المحور":null,"اسم_المحافظة":null,"متوسط_عدد_الادوار_بالعقار":null,"متوسط_عدد_الشقق_بالدور":null,"متوسط_مساحة_الشقق_بالمنطقة":null,"نوع_نمط_العمران":null,"نوع_طبيعة_المنطقة":null,"سعر_العمارة":null,"نوع_الأرض":null,"المساحة_كم2":null,"GlobalID":"{F3101A55-314F-43E5-AC8A-0ABCC9A2945B}","created_user":"gpr.gps","created_date":"2026-04-11T07:55:37Z","last_edited_user":"gpr.gps","last_edited_date":"2026-04-11T07:55:37Z","مساحة_كم2":null,"SHAPE_Length":62.38600217477111,"SHAPE_Area":234.51361937394887},"geometry":{"type":"Polygon","coordinates":[[[32.76524,25.936391],[32.765121,25.936264],[32.765018,25.936338],[32.765145,25.93646],[32.76524,25.936391]]]}},{"type":"Feature","properties":{"source_layer":"Building","source_feature_count":1,"BuildingType":2,"land_use":"سكنى","اسم_المحور":null,"اسم_المحافظة":null,"متوسط_عدد_الادوار_بالعقار":null,"متوسط_عدد_الشقق_بالدور":null,"متوسط_مساحة_الشقق_بالمنطقة":null,"نوع_نمط_العمران":null,"نوع_طبيعة_المنطقة":null,"سعر_العمارة":null,"نوع_الأرض":null,"المساحة_كم2":null,"GlobalID":"{095313EE-9B2D-4B51-B79C-98EAD8AB1BDF}","created_user":"gpr.gps","created_date":"2026-04-11T07:55:37Z","last_edited_user":"gpr.gps","last_edited_date":"2026-04-11T07:55:37Z","مساحة_كم2":null,"SHAPE_Length":68.51176259620605,"SHAPE_Area":269.06945152693714},"geometry":{"type":"Polygon","coordinates":[[[32.7646,25.936346],[32.764525,25.936261],[32.764349,25.936383],[32.764428,25.936469],[32.7646,25.936346]]]}},{"type":"Feature","properties":{"source_layer":"Building","source_feature_count":1,"BuildingType":2,"land_use":"سكنى","اسم_المحور":null,"اسم_المحافظة":null,"متوسط_عدد_الادوار_بالعقار":null,"متوسط_عدد_الشقق_بالدور":null,"متوسط_مساحة_الشقق_بالمنطقة":null,"نوع_نمط_العمران":null,"نوع_طبيعة_المنطقة":null,"سعر_العمارة":null,"نوع_الأرض":null,"المساحة_كم2":null,"GlobalID":"{98D3A2ED-8D2D-4E21-9699-358DC6E89726}","created_user":"gpr.gps","created_date":"2026-04-11T07:55:37Z","last_edited_user":"gpr.gps","last_edited_date":"2026-04-11T07:55:37Z","مساحة_كم2":null,"SHAPE_Length":74.85953365360956,"SHAPE_Area":343.0897181812625},"geometry":{"type":"Polygon","coordinates":[[[32.765384,25.938349],[32.765262,25.938448],[32.765404,25.938589],[32.765524,25.938498],[32.765384,25.938349]]]}},{"type":"Feature","properties":{"source_layer":"Building","source_feature_count":1,"BuildingType":2,"land_use":"سكنى","اسم_المحور":null,"اسم_المحافظة":null,"متوسط_عدد_الادوار_بالعقار":null,"متوسط_عدد_الشقق_بالدور":null,"متوسط_مساحة_الشقق_بالمنطقة":null,"نوع_نمط_العمران":null,"نوع_طبيعة_المنطقة":null,"سعر_العمارة":null,"نوع_الأرض":null,"المساحة_كم2":null,"GlobalID":"{F4987D51-E2CD-4326-B5DD-002B6C926039}","created_user":"gpr.gps","created_date":"2026-04-11T07:55:37Z","last_edited_user":"gpr.gps","last_edited_date":"2026-04-11T07:55:37Z","مساحة_كم2":null,"SHAPE_Length":39.367828942919694,"SHAPE_Area":78.7560734342812},"geometry":{"type":"Polygon","coordinates":[[[32.766881,25.937888],[32.766936,25.93801],[32.766984,25.937975],[32.766881,25.937888]]]}},{"type":"Feature","properties":{"source_layer":"Building","source_feature_count":1,"BuildingType":2,"land_use":"سكنى","اسم_المحور":null,"اسم_المحافظة":null,"متوسط_عدد_الادوار_بالعقار":null,"متوسط_عدد_الشقق_بالدور":null,"متوسط_مساحة_الشقق_بالمنطقة":null,"نوع_نمط_العمران":null,"نوع_طبيعة_المنطقة":null,"سعر_العمارة":null,"نوع_الأرض":null,"المساحة_كم2":null,"GlobalID":"{4ABAF557-9D59-4160-95C7-E77513C7BE0B}","created_user":"gpr.gps","created_date":"2026-04-11T07:55:37Z","last_edited_user":"gpr.gps","last_edited_date":"2026-04-11T07:55:37Z","مساحة_كم2":null,"SHAPE_Length":96.10856210723904,"SHAPE_Area":549.9484323831957},"geometry":{"type":"Polygon","coordinates":[[[32.766381,25.937674],[32.766516,25.937789],[32.766734,25.937621],[32.766599,25.937495],[32.766381,25.937674]]]}},{"type":"Feature","properties":{"source_layer":"Building","source_feature_count":1,"BuildingType":2,"land_use":"سكنى","اسم_المحور":null,"اسم_المحافظة":null,"متوسط_عدد_الادوار_بالعقار":null,"متوسط_عدد_الشقق_بالدور":null,"متوسط_مساحة_الشقق_بالمنطقة":null,"نوع_نمط_العمران":null,"نوع_طبيعة_المنطقة":null,"سعر_العمارة":null,"نوع_الأرض":null,"المساحة_كم2":null,"GlobalID":"{750C7B01-01A1-479C-830C-063E93A4B689}","created_user":"gpr.gps","created_date":"2026-04-11T07:55:37Z","last_edited_user":"gpr.gps","last_edited_date":"2026-04-11T07:55:37Z","مساحة_كم2":null,"SHAPE_Length":76.59494651833009,"SHAPE_Area":343.7341134435426},"geometry":{"type":"Polygon","coordinates":[[[32.76646,25.937287],[32.766566,25.937389],[32.766738,25.937248],[32.766656,25.937153],[32.76646,25.937287]]]}},{"type":"Feature","properties":{"source_layer":"Building","source_feature_count":1,"BuildingType":2,"land_use":"سكنى","اسم_المحور":null,"اسم_المحافظة":null,"متوسط_عدد_الادوار_بالعقار":null,"متوسط_عدد_الشقق_بالدور":null,"متوسط_مساحة_الشقق_بالمنطقة":null,"نوع_نمط_العمران":null,"نوع_طبيعة_المنطقة":null,"سعر_العمارة":null,"نوع_الأرض":null,"المساحة_كم2":null,"GlobalID":"{5A719946-4C50-4324-82E3-F2AA4847D4A4}","created_user":"gpr.gps","created_date":"2026-04-11T07:55:37Z","last_edited_user":"gpr.gps","last_edited_date":"2026-04-11T07:55:37Z","مساحة_كم2":null,"SHAPE_Length":51.292915818202765,"SHAPE_Area":151.38541661647264},"geometry":{"type":"Polygon","coordinates":[[[32.766282,25.937152],[32.766216,25.93731],[32.766352,25.937215],[32.766282,25.937152]]]}},{"type":"Feature","properties":{"source_layer":"Building","source_feature_count":1,"BuildingType":2,"land_use":"سكنى","اسم_المحور":null,"اسم_المحافظة":null,"متوسط_عدد_الادوار_بالعقار":null,"متوسط_عدد_الشقق_بالدور":null,"متوسط_مساحة_الشقق_بالمنطقة":null,"نوع_نمط_العمران":null,"نوع_طبيعة_المنطقة":null,"سعر_العمارة":null,"نوع_الأرض":null,"المساحة_كم2":null,"GlobalID":"{71A42631-0AF3-4161-93AA-2D5C74D651D1}","created_user":"gpr.gps","created_date":"2026-04-11T07:55:37Z","last_edited_user":"gpr.gps","last_edited_date":"2026-04-11T07:55:37Z","مساحة_كم2":null,"SHAPE_Length":48.26307703546188,"SHAPE_Area":136.56322747411113},"geometry":{"type":"Polygon","coordinates":[[[32.766448,25.936964],[32.766464,25.937126],[32.766543,25.937066],[32.766448,25.936964]]]}},{"type":"Feature","properties":{"source_layer":"Building","source_feature_count":1,"BuildingType":2,"land_use":"سكنى","اسم_المحور":null,"اسم_المحافظة":null,"متوسط_عدد_الادوار_بالعقار":null,"متوسط_عدد_الشقق_بالدور":null,"متوسط_مساحة_الشقق_بالمنطقة":null,"نوع_نمط_العمران":null,"نوع_طبيعة_المنطقة":null,"سعر_العمارة":null,"نوع_الأرض":null,"المساحة_كم2":null,"GlobalID":"{55CE7A66-38FB-498A-A771-DD97A57B7DAB}","created_user":"gpr.gps","created_date":"2026-04-11T07:55:37Z","last_edited_user":"gpr.gps","last_edited_date":"2026-04-11T07:55:37Z","مساحة_كم2":null,"SHAPE_Length":53.50669738439497,"SHAPE_Area":177.1881222399642},"geometry":{"type":"Polygon","coordinates":[[[32.76657,25.93703],[32.766668,25.937132],[32.766765,25.93706],[32.766682,25.936971],[32.76657,25.93703]]]}},{"type":"Feature","properties":{"source_layer":"Building","source_feature_count":1,"BuildingType":2,"land_use":"سكنى","اسم_المحور":null,"اسم_المحافظة":null,"متوسط_عدد_الادوار_بالعقار":null,"متوسط_عدد_الشقق_بالدور":null,"متوسط_مساحة_الشقق_بالمنطقة":null,"نوع_نمط_العمران":null,"نوع_طبيعة_المنطقة":null,"سعر_العمارة":null,"نوع_الأرض":null,"المساحة_كم2":null,"GlobalID":"{94326E61-13D1-4594-861A-F9F5C70C8A1E}","created_user":"gpr.gps","created_date":"2026-04-11T07:55:37Z","last_edited_user":"gpr.gps","last_edited_date":"2026-04-11T07:55:37Z","مساحة_كم2":null,"SHAPE_Length":65.67891972957739,"SHAPE_Area":267.8104396979841},"geometry":{"type":"Polygon","coordinates":[[[32.765718,25.93662],[32.765822,25.936714],[32.765949,25.9366],[32.765837,25.936504],[32.765718,25.93662]]]}},{"type":"Feature","properties":{"source_layer":"Building","source_feature_count":1,"BuildingType":2,"land_use":"سكنى","اسم_المحور":null,"اسم_المحافظة":null,"متوسط_عدد_الادوار_بالعقار":null,"متوسط_عدد_الشقق_بالدور":null,"متوسط_مساحة_الشقق_بالمنطقة":null,"نوع_نمط_العمران":null,"نوع_طبيعة_المنطقة":null,"سعر_العمارة":null,"نوع_الأرض":null,"المساحة_كم2":null,"GlobalID":"{448AAF6E-D912-4AB0-857F-447CAA593772}","created_user":"gpr.gps","created_date":"2026-04-11T07:55:37Z","last_edited_user":"gpr.gps","last_edited_date":"2026-04-11T07:55:37Z","مساحة_كم2":null,"SHAPE_Length":59.513055695876375,"SHAPE_Area":216.9442191586653},"geometry":{"type":"Polygon","coordinates":[[[32.766141,25.936635],[32.76607,25.936537],[32.765947,25.936643],[32.76604,25.936723],[32.766141,25.936635]]]}},{"type":"Feature","properties":{"source_layer":"Building","source_feature_count":1,"BuildingType":2,"land_use":"سكنى","اسم_المحور":null,"اسم_المحافظة":null,"متوسط_عدد_الادوار_بالعقار":null,"متوسط_عدد_الشقق_بالدور":null,"متوسط_مساحة_الشقق_بالمنطقة":null,"نوع_نمط_العمران":null,"نوع_طبيعة_المنطقة":null,"سعر_العمارة":null,"نوع_الأرض":null,"المساحة_كم2":null,"GlobalID":"{C18B6210-E5B7-48A5-984E-7CA65B301812}","created_user":"gpr.gps","created_date":"2026-04-11T07:55:37Z","last_edited_user":"gpr.gps","last_edited_date":"2026-04-11T07:55:37Z","مساحة_كم2":null,"SHAPE_Length":55.96107478279571,"SHAPE_Area":181.872736143811},"geometry":{"type":"Polygon","coordinates":[[[32.766141,25.936635],[32.766016,25.936747],[32.766086,25.936812],[32.766215,25.936698],[32.766141,25.936635]]]}},{"type":"Feature","properties":{"source_layer":"Building","source_feature_count":1,"BuildingType":2,"land_use":"سكنى","اسم_المحور":null,"اسم_المحافظة":null,"متوسط_عدد_الادوار_بالعقار":null,"متوسط_عدد_الشقق_بالدور":null,"متوسط_مساحة_الشقق_بالمنطقة":null,"نوع_نمط_العمران":null,"نوع_طبيعة_المنطقة":null,"سعر_العمارة":null,"نوع_الأرض":null,"المساحة_كم2":null,"GlobalID":"{EE8A60D6-4BC0-4037-92EC-1ACDD97A714E}","created_user":"gpr.gps","created_date":"2026-04-11T07:55:37Z","last_edited_user":"gpr.gps","last_edited_date":"2026-04-11T07:55:37Z","مساحة_كم2":null,"SHAPE_Length":52.257708696999316,"SHAPE_Area":170.248920240731},"geometry":{"type":"Polygon","coordinates":[[[32.766378,25.936434],[32.766469,25.936527],[32.766563,25.936457],[32.766479,25.936362],[32.766378,25.936434]]]}},{"type":"Feature","properties":{"source_layer":"Building","source_feature_count":1,"BuildingType":2,"land_use":"سكنى","اسم_المحور":null,"اسم_المحافظة":null,"متوسط_عدد_الادوار_بالعقار":null,"متوسط_عدد_الشقق_بالدور":null,"متوسط_مساحة_الشقق_بالمنطقة":null,"نوع_نمط_العمران":null,"نوع_طبيعة_المنطقة":null,"سعر_العمارة":null,"نوع_الأرض":null,"المساحة_كم2":null,"GlobalID":"{67573942-DBB2-4A50-8BB8-8BF330FF2D01}","created_user":"gpr.gps","created_date":"2026-04-11T07:55:37Z","last_edited_user":"gpr.gps","last_edited_date":"2026-04-11T07:55:37Z","مساحة_كم2":null,"SHAPE_Length":62.14318208651797,"SHAPE_Area":236.54403970139944},"geometry":{"type":"Polygon","coordinates":[[[32.766308,25.935786],[32.766176,25.935898],[32.766273,25.935982],[32.766398,25.935874],[32.766308,25.935786]]]}},{"type":"Feature","properties":{"source_layer":"Building","source_feature_count":1,"BuildingType":2,"land_use":"سكنى","اسم_المحور":null,"اسم_المحافظة":null,"متوسط_عدد_الادوار_بالعقار":null,"متوسط_عدد_الشقق_بالدور":null,"متوسط_مساحة_الشقق_بالمنطقة":null,"نوع_نمط_العمران":null,"نوع_طبيعة_المنطقة":null,"سعر_العمارة":null,"نوع_الأرض":null,"المساحة_كم2":null,"GlobalID":"{A4B05D09-FE74-4E14-B77B-125FD039520F}","created_user":"gpr.gps","created_date":"2026-04-11T07:55:37Z","last_edited_user":"gpr.gps","last_edited_date":"2026-04-11T07:55:37Z","مساحة_كم2":null,"SHAPE_Length":78.49454049967157,"SHAPE_Area":334.76648959370215},"geometry":{"type":"Polygon","coordinates":[[[32.7607,25.925828],[32.760537,25.925635],[32.760438,25.925705],[32.7606,25.925895],[32.7607,25.925828]]]}},{"type":"Feature","properties":{"source_layer":"Building","source_feature_count":1,"BuildingType":2,"land_use":"سكنى","اسم_المحور":null,"اسم_المحافظة":null,"متوسط_عدد_الادوار_بالعقار":null,"متوسط_عدد_الشقق_بالدور":null,"متوسط_مساحة_الشقق_بالمنطقة":null,"نوع_نمط_العمران":null,"نوع_طبيعة_المنطقة":null,"سعر_العمارة":null,"نوع_الأرض":null,"المساحة_كم2":null,"GlobalID":"{BD1C0B93-A6D0-4174-B3DC-0029DF589E98}","created_user":"gpr.gps","created_date":"2026-04-11T07:55:37Z","last_edited_user":"gpr.gps","last_edited_date":"2026-04-11T07:55:37Z","مساحة_كم2":null,"SHAPE_Length":65.00525629465113,"SHAPE_Area":263.33438070831215},"geometry":{"type":"Polygon","coordinates":[[[32.750394,25.937287],[32.750301,25.937177],[32.750167,25.937273],[32.750262,25.937384],[32.750394,25.937287]]]}},{"type":"Feature","properties":{"source_layer":"Building","source_feature_count":1,"BuildingType":2,"land_use":"سكنى","اسم_المحور":null,"اسم_المحافظة":null,"متوسط_عدد_الادوار_بالعقار":null,"متوسط_عدد_الشقق_بالدور":null,"متوسط_مساحة_الشقق_بالمنطقة":null,"نوع_نمط_العمران":null,"نوع_طبيعة_المنطقة":null,"سعر_العمارة":null,"نوع_الأرض":null,"المساحة_كم2":null,"GlobalID":"{E9C8CCCD-2CE0-441A-B9F6-CDAB6C4B64CD}","created_user":"gpr.gps","created_date":"2026-04-11T07:55:37Z","last_edited_user":"gpr.gps","last_edited_date":"2026-04-11T07:55:37Z","مساحة_كم2":null,"SHAPE_Length":57.4256359582225,"SHAPE_Area":205.39453702760028},"geometry":{"type":"Polygon","coordinates":[[[32.750301,25.937177],[32.750394,25.937287],[32.750499,25.937209],[32.750406,25.937102],[32.750301,25.937177]]]}},{"type":"Feature","properties":{"source_layer":"Building","source_feature_count":1,"BuildingType":2,"land_use":"سكنى","اسم_المحور":null,"اسم_المحافظة":null,"متوسط_عدد_الادوار_بالعقار":null,"متوسط_عدد_الشقق_بالدور":null,"متوسط_مساحة_الشقق_بالمنطقة":null,"نوع_نمط_العمران":null,"نوع_طبيعة_المنطقة":null,"سعر_العمارة":null,"نوع_الأرض":null,"المساحة_كم2":null,"GlobalID":"{6E2FB806-7DFB-4BFC-8AB5-CE6DCF001752}","created_user":"gpr.gps","created_date":"2026-04-11T07:55:37Z","last_edited_user":"gpr.gps","last_edited_date":"2026-04-11T07:55:37Z","مساحة_كم2":null,"SHAPE_Length":67.03094889335942,"SHAPE_Area":275.55974577264124},"geometry":{"type":"Polygon","coordinates":[[[32.750286,25.936966],[32.750406,25.937102],[32.750517,25.937014],[32.750396,25.936884],[32.750286,25.936966]]]}},{"type":"Feature","properties":{"source_layer":"Building","source_feature_count":1,"BuildingType":2,"land_use":"سكنى","اسم_المحور":null,"اسم_المحافظة":null,"متوسط_عدد_الادوار_بالعقار":null,"متوسط_عدد_الشقق_بالدور":null,"متوسط_مساحة_الشقق_بالمنطقة":null,"نوع_نمط_العمران":null,"نوع_طبيعة_المنطقة":null,"سعر_العمارة":null,"نوع_الأرض":null,"المساحة_كم2":null,"GlobalID":"{9FB080F8-95A7-4974-99CF-5F2CFD45AED0}","created_user":"gpr.gps","created_date":"2026-04-11T07:55:37Z","last_edited_user":"gpr.gps","last_edited_date":"2026-04-11T07:55:37Z","مساحة_كم2":null,"SHAPE_Length":58.16435077951289,"SHAPE_Area":200.90282185552115},"geometry":{"type":"Polygon","coordinates":[[[32.74787,25.941326],[32.747803,25.94125],[32.747665,25.941352],[32.747741,25.941434],[32.74787,25.941326]]]}},{"type":"Feature","properties":{"source_layer":"Building","source_feature_count":1,"BuildingType":2,"land_use":"سكنى","اسم_المحور":null,"اسم_المحافظة":null,"متوسط_عدد_الادوار_بالعقار":null,"متوسط_عدد_الشقق_بالدور":null,"متوسط_مساحة_الشقق_بالمنطقة":null,"نوع_نمط_العمران":null,"نوع_طبيعة_المنطقة":null,"سعر_العمارة":null,"نوع_الأرض":null,"المساحة_كم2":null,"GlobalID":"{9993AD20-F2C2-43F1-AACB-720A509791E2}","created_user":"gpr.gps","created_date":"2026-04-11T07:55:37Z","last_edited_user":"gpr.gps","last_edited_date":"2026-04-11T07:55:37Z","مساحة_كم2":null,"SHAPE_Length":45.17158744086848,"SHAPE_Area":126.71893166527632},"geometry":{"type":"Polygon","coordinates":[[[32.747894,25.941182],[32.74787,25.941326],[32.747962,25.94125],[32.747894,25.941182]]]}},{"type":"Feature","properties":{"source_layer":"Building","source_feature_count":1,"BuildingType":2,"land_use":"سكنى","اسم_المحور":null,"اسم_المحافظة":null,"متوسط_عدد_الادوار_بالعقار":null,"متوسط_عدد_الشقق_بالدور":null,"متوسط_مساحة_الشقق_بالمنطقة":null,"نوع_نمط_العمران":null,"نوع_طبيعة_المنطقة":null,"سعر_العمارة":null,"نوع_الأرض":null,"المساحة_كم2":null,"GlobalID":"{35396A89-0DEE-46EB-9E82-6B1AD3EA1A48}","created_user":"gpr.gps","created_date":"2026-04-11T07:55:37Z","last_edited_user":"gpr.gps","last_edited_date":"2026-04-11T07:55:37Z","مساحة_كم2":null,"SHAPE_Length":45.3187743577517,"SHAPE_Area":123.49925736579236},"geometry":{"type":"Polygon","coordinates":[[[32.74898,25.940596],[32.749031,25.94046],[32.748923,25.940533],[32.74898,25.940596]]]}},{"type":"Feature","properties":{"source_layer":"Building","source_feature_count":1,"BuildingType":2,"land_use":"سكنى","اسم_المحور":null,"اسم_المحافظة":null,"متوسط_عدد_الادوار_بالعقار":null,"متوسط_عدد_الشقق_بالدور":null,"متوسط_مساحة_الشقق_بالمنطقة":null,"نوع_نمط_العمران":null,"نوع_طبيعة_المنطقة":null,"سعر_العمارة":null,"نوع_الأرض":null,"المساحة_كم2":null,"GlobalID":"{0C808A7F-1A0F-4B14-BF72-DBD0387678BC}","created_user":"gpr.gps","created_date":"2026-04-11T07:55:37Z","last_edited_user":"gpr.gps","last_edited_date":"2026-04-11T07:55:37Z","مساحة_كم2":null,"SHAPE_Length":50.70818152849765,"SHAPE_Area":151.54924812503756},"geometry":{"type":"Polygon","coordinates":[[[32.749207,25.940447],[32.749142,25.940607],[32.749257,25.940516],[32.749207,25.940447]]]}},{"type":"Feature","properties":{"source_layer":"Building","source_feature_count":1,"BuildingType":2,"land_use":"سكنى","اسم_المحور":null,"اسم_المحافظة":null,"متوسط_عدد_الادوار_بالعقار":null,"متوسط_عدد_الشقق_بالدور":null,"متوسط_مساحة_الشقق_بالمنطقة":null,"نوع_نمط_العمران":null,"نوع_طبيعة_المنطقة":null,"سعر_العمارة":null,"نوع_الأرض":null,"المساحة_كم2":null,"GlobalID":"{A0BBFED2-1E08-44BD-B651-E8650BE1AA3B}","created_user":"gpr.gps","created_date":"2026-04-11T07:55:37Z","last_edited_user":"gpr.gps","last_edited_date":"2026-04-11T07:55:37Z","مساحة_كم2":null,"SHAPE_Length":32.877370976802894,"SHAPE_Area":67.43204016231964},"geometry":{"type":"Polygon","coordinates":[[[32.749284,25.940285],[32.749277,25.94039],[32.749341,25.940342],[32.749284,25.940285]]]}},{"type":"Feature","properties":{"source_layer":"Building","source_feature_count":1,"BuildingType":2,"land_use":"سكنى","اسم_المحور":null,"اسم_المحافظة":null,"متوسط_عدد_الادوار_بالعقار":null,"متوسط_عدد_الشقق_بالدور":null,"متوسط_مساحة_الشقق_بالمنطقة":null,"نوع_نمط_العمران":null,"نوع_طبيعة_المنطقة":null,"سعر_العمارة":null,"نوع_الأرض":null,"المساحة_كم2":null,"GlobalID":"{FF5AEA61-2A61-49E2-ADB9-70F3C24C0421}","created_user":"gpr.gps","created_date":"2026-04-11T07:55:37Z","last_edited_user":"gpr.gps","last_edited_date":"2026-04-11T07:55:37Z","مساحة_كم2":null,"SHAPE_Length":56.07422017985061,"SHAPE_Area":190.3711227006283},"geometry":{"type":"Polygon","coordinates":[[[32.749788,25.940455],[32.749718,25.940372],[32.749585,25.940461],[32.749656,25.940543],[32.749788,25.940455]]]}},{"type":"Feature","properties":{"source_layer":"Building","source_feature_count":1,"BuildingType":2,"land_use":"سكنى","اسم_المحور":null,"اسم_المحافظة":null,"متوسط_عدد_الادوار_بالعقار":null,"متوسط_عدد_الشقق_بالدور":null,"متوسط_مساحة_الشقق_بالمنطقة":null,"نوع_نمط_العمران":null,"نوع_طبيعة_المنطقة":null,"سعر_العمارة":null,"نوع_الأرض":null,"المساحة_كم2":null,"GlobalID":"{DBD494A1-CBB5-4CC9-890E-40BC3F62F4BE}","created_user":"gpr.gps","created_date":"2026-04-11T07:55:37Z","last_edited_user":"gpr.gps","last_edited_date":"2026-04-11T07:55:37Z","مساحة_كم2":null,"SHAPE_Length":59.045500950389574,"SHAPE_Area":207.20294643422503},"geometry":{"type":"Polygon","coordinates":[[[32.749656,25.940543],[32.749585,25.940461],[32.749441,25.940558],[32.749511,25.94064],[32.749656,25.940543]]]}},{"type":"Feature","properties":{"source_layer":"Building","source_feature_count":1,"BuildingType":2,"land_use":"سكنى","اسم_المحور":null,"اسم_المحافظة":null,"متوسط_عدد_الادوار_بالعقار":null,"متوسط_عدد_الشقق_بالدور":null,"متوسط_مساحة_الشقق_بالمنطقة":null,"نوع_نمط_العمران":null,"نوع_طبيعة_المنطقة":null,"سعر_العمارة":null,"نوع_الأرض":null,"المساحة_كم2":null,"GlobalID":"{ECC30728-8A41-479B-9465-58E64FBC0CE6}","created_user":"gpr.gps","created_date":"2026-04-11T07:55:37Z","last_edited_user":"gpr.gps","last_edited_date":"2026-04-11T07:55:37Z","مساحة_كم2":null,"SHAPE_Length":46.03596845241701,"SHAPE_Area":132.43097260760197},"geometry":{"type":"Polygon","coordinates":[[[32.749819,25.940304],[32.749886,25.940389],[32.749978,25.940328],[32.749909,25.940243],[32.749819,25.940304]]]}},{"type":"Feature","properties":{"source_layer":"Building","source_feature_count":1,"BuildingType":2,"land_use":"سكنى","اسم_المحور":null,"اسم_المحافظة":null,"متوسط_عدد_الادوار_بالعقار":null,"متوسط_عدد_الشقق_بالدور":null,"متوسط_مساحة_الشقق_بالمنطقة":null,"نوع_نمط_العمران":null,"نوع_طبيعة_المنطقة":null,"سعر_العمارة":null,"نوع_الأرض":null,"المساحة_كم2":null,"GlobalID":"{2D9DCA4D-95FF-409D-B581-7BA746D1E875}","created_user":"gpr.gps","created_date":"2026-04-11T07:55:37Z","last_edited_user":"gpr.gps","last_edited_date":"2026-04-11T07:55:37Z","مساحة_كم2":null,"SHAPE_Length":48.018929268072306,"SHAPE_Area":143.92220468237556},"geometry":{"type":"Polygon","coordinates":[[[32.749718,25.940372],[32.749788,25.940455],[32.749886,25.940389],[32.749819,25.940304],[32.749718,25.940372]]]}},{"type":"Feature","properties":{"source_layer":"Building","source_feature_count":1,"BuildingType":2,"land_use":"سكنى","اسم_المحور":null,"اسم_المحافظة":null,"متوسط_عدد_الادوار_بالعقار":null,"متوسط_عدد_الشقق_بالدور":null,"متوسط_مساحة_الشقق_بالمنطقة":null,"نوع_نمط_العمران":null,"نوع_طبيعة_المنطقة":null,"سعر_العمارة":null,"نوع_الأرض":null,"المساحة_كم2":null,"GlobalID":"{6BC87C13-E2AE-4CE1-9552-75BC86794233}","created_user":"gpr.gps","created_date":"2026-04-11T07:55:37Z","last_edited_user":"gpr.gps","last_edited_date":"2026-04-11T07:55:37Z","مساحة_كم2":null,"SHAPE_Length":50.769718826786274,"SHAPE_Area":137.75282806087296},"geometry":{"type":"Polygon","coordinates":[[[32.750035,25.941093],[32.74994,25.941252],[32.750078,25.941153],[32.750035,25.941093]]]}},{"type":"Feature","properties":{"source_layer":"Building","source_feature_count":1,"BuildingType":2,"land_use":"سكنى","اسم_المحور":null,"اسم_المحافظة":null,"متوسط_عدد_الادوار_بالعقار":null,"متوسط_عدد_الشقق_بالدور":null,"متوسط_مساحة_الشقق_بالمنطقة":null,"نوع_نمط_العمران":null,"نوع_طبيعة_المنطقة":null,"سعر_العمارة":null,"نوع_الأرض":null,"المساحة_كم2":null,"GlobalID":"{46000493-71D6-4199-B335-B601A8B0D423}","created_user":"gpr.gps","created_date":"2026-04-11T07:55:37Z","last_edited_user":"gpr.gps","last_edited_date":"2026-04-11T07:55:37Z","مساحة_كم2":null,"SHAPE_Length":61.60861705185885,"SHAPE_Area":201.3879287193304},"geometry":{"type":"Polygon","coordinates":[[[32.749832,25.941507],[32.74996,25.941664],[32.750035,25.941609],[32.749906,25.941457],[32.749832,25.941507]]]}},{"type":"Feature","properties":{"source_layer":"Building","source_feature_count":1,"BuildingType":2,"land_use":"سكنى","اسم_المحور":null,"اسم_المحافظة":null,"متوسط_عدد_الادوار_بالعقار":null,"متوسط_عدد_الشقق_بالدور":null,"متوسط_مساحة_الشقق_بالمنطقة":null,"نوع_نمط_العمران":null,"نوع_طبيعة_المنطقة":null,"سعر_العمارة":null,"نوع_الأرض":null,"المساحة_كم2":null,"GlobalID":"{5D0BAC5C-FAE4-44D1-9853-10EECF55939D}","created_user":"gpr.gps","created_date":"2026-04-11T07:55:37Z","last_edited_user":"gpr.gps","last_edited_date":"2026-04-11T07:55:37Z","مساحة_كم2":null,"SHAPE_Length":65.58705371474721,"SHAPE_Area":258.42214662164037},"geometry":{"type":"Polygon","coordinates":[[[32.750158,25.942035],[32.750237,25.942135],[32.750393,25.942028],[32.750319,25.941935],[32.750158,25.942035]]]}},{"type":"Feature","properties":{"source_layer":"Building","source_feature_count":1,"BuildingType":2,"land_use":"سكنى","اسم_المحور":null,"اسم_المحافظة":null,"متوسط_عدد_الادوار_بالعقار":null,"متوسط_عدد_الشقق_بالدور":null,"متوسط_مساحة_الشقق_بالمنطقة":null,"نوع_نمط_العمران":null,"نوع_طبيعة_المنطقة":null,"سعر_العمارة":null,"نوع_الأرض":null,"المساحة_كم2":null,"GlobalID":"{4ABAD135-F222-4D50-8BF5-D9F3F0D85A8B}","created_user":"gpr.gps","created_date":"2026-04-11T07:55:37Z","last_edited_user":"gpr.gps","last_edited_date":"2026-04-11T07:55:37Z","مساحة_كم2":null,"SHAPE_Length":50.18665900071298,"SHAPE_Area":152.39524037149005},"geometry":{"type":"Polygon","coordinates":[[[32.752218,25.944032],[32.752141,25.94409],[32.752228,25.944196],[32.752312,25.944138],[32.752218,25.944032]]]}},{"type":"Feature","properties":{"source_layer":"Building","source_feature_count":1,"BuildingType":2,"land_use":"سكنى","اسم_المحور":null,"اسم_المحافظة":null,"متوسط_عدد_الادوار_بالعقار":null,"متوسط_عدد_الشقق_بالدور":null,"متوسط_مساحة_الشقق_بالمنطقة":null,"نوع_نمط_العمران":null,"نوع_طبيعة_المنطقة":null,"سعر_العمارة":null,"نوع_الأرض":null,"المساحة_كم2":null,"GlobalID":"{12D0A551-8F68-46EB-AB22-1BAA4B57229E}","created_user":"gpr.gps","created_date":"2026-04-11T07:55:37Z","last_edited_user":"gpr.gps","last_edited_date":"2026-04-11T07:55:37Z","مساحة_كم2":null,"SHAPE_Length":59.39809731521347,"SHAPE_Area":220.11363612493227},"geometry":{"type":"Polygon","coordinates":[[[32.754349,25.942662],[32.754244,25.942763],[32.754347,25.942856],[32.754449,25.942755],[32.754349,25.942662]]]}},{"type":"Feature","properties":{"source_layer":"Building","source_feature_count":1,"BuildingType":2,"land_use":"سكنى","اسم_المحور":null,"اسم_المحافظة":null,"متوسط_عدد_الادوار_بالعقار":null,"متوسط_عدد_الشقق_بالدور":null,"متوسط_مساحة_الشقق_بالمنطقة":null,"نوع_نمط_العمران":null,"نوع_طبيعة_المنطقة":null,"سعر_العمارة":null,"نوع_الأرض":null,"المساحة_كم2":null,"GlobalID":"{8241FE23-C16B-474D-B6A6-6A4E0F1E68F3}","created_user":"gpr.gps","created_date":"2026-04-11T07:55:37Z","last_edited_user":"gpr.gps","last_edited_date":"2026-04-11T07:55:37Z","مساحة_كم2":null,"SHAPE_Length":58.197650393814456,"SHAPE_Area":211.16926928832999},"geometry":{"type":"Polygon","coordinates":[[[32.754449,25.942755],[32.754347,25.942856],[32.754445,25.942945],[32.754547,25.942846],[32.754449,25.942755]]]}},{"type":"Feature","properties":{"source_layer":"Building","source_feature_count":1,"BuildingType":2,"land_use":"سكنى","اسم_المحور":null,"اسم_المحافظة":null,"متوسط_عدد_الادوار_بالعقار":null,"متوسط_عدد_الشقق_بالدور":null,"متوسط_مساحة_الشقق_بالمنطقة":null,"نوع_نمط_العمران":null,"نوع_طبيعة_المنطقة":null,"سعر_العمارة":null,"نوع_الأرض":null,"المساحة_كم2":null,"GlobalID":"{ED76FA0C-600C-46B0-ABD9-2BE87261CCE3}","created_user":"gpr.gps","created_date":"2026-04-11T07:55:37Z","last_edited_user":"gpr.gps","last_edited_date":"2026-04-11T07:55:37Z","مساحة_كم2":null,"SHAPE_Length":49.46016844365725,"SHAPE_Area":143.44696366722445},"geometry":{"type":"Polygon","coordinates":[[[32.754244,25.942763],[32.754283,25.942601],[32.754179,25.942705],[32.754244,25.942763]]]}},{"type":"Feature","properties":{"source_layer":"Building","source_feature_count":1,"BuildingType":2,"land_use":"سكنى","اسم_المحور":null,"اسم_المحافظة":null,"متوسط_عدد_الادوار_بالعقار":null,"متوسط_عدد_الشقق_بالدور":null,"متوسط_مساحة_الشقق_بالمنطقة":null,"نوع_نمط_العمران":null,"نوع_طبيعة_المنطقة":null,"سعر_العمارة":null,"نوع_الأرض":null,"المساحة_كم2":null,"GlobalID":"{6DEF6A58-1075-4895-B5E1-13EF71D5CB08}","created_user":"gpr.gps","created_date":"2026-04-11T07:55:37Z","last_edited_user":"gpr.gps","last_edited_date":"2026-04-11T07:55:37Z","مساحة_كم2":null,"SHAPE_Length":51.794240937053466,"SHAPE_Area":167.5369171457793},"geometry":{"type":"Polygon","coordinates":[[[32.754359,25.944531],[32.754273,25.94444],[32.754185,25.944523],[32.754283,25.944602],[32.754359,25.944531]]]}},{"type":"Feature","properties":{"source_layer":"Building","source_feature_count":1,"BuildingType":2,"land_use":"سكنى","اسم_المحور":null,"اسم_المحافظة":null,"متوسط_عدد_الادوار_بالعقار":null,"متوسط_عدد_الشقق_بالدور":null,"متوسط_مساحة_الشقق_بالمنطقة":null,"نوع_نمط_العمران":null,"نوع_طبيعة_المنطقة":null,"سعر_العمارة":null,"نوع_الأرض":null,"المساحة_كم2":null,"GlobalID":"{E94AB6EF-1ADB-4836-8AA9-D42C3CC3D432}","created_user":"gpr.gps","created_date":"2026-04-11T07:55:37Z","last_edited_user":"gpr.gps","last_edited_date":"2026-04-11T07:55:37Z","مساحة_كم2":null,"SHAPE_Length":60.219028795963425,"SHAPE_Area":219.3418976334461},"geometry":{"type":"Polygon","coordinates":[[[32.754558,25.944506],[32.754479,25.944419],[32.754359,25.944531],[32.754443,25.944613],[32.754558,25.944506]]]}},{"type":"Feature","properties":{"source_layer":"Building","source_feature_count":1,"BuildingType":2,"land_use":"سكنى","اسم_المحور":null,"اسم_المحافظة":null,"متوسط_عدد_الادوار_بالعقار":null,"متوسط_عدد_الشقق_بالدور":null,"متوسط_مساحة_الشقق_بالمنطقة":null,"نوع_نمط_العمران":null,"نوع_طبيعة_المنطقة":null,"سعر_العمارة":null,"نوع_الأرض":null,"المساحة_كم2":null,"GlobalID":"{F77BAE66-14E2-4253-9DED-CD0440156EC3}","created_user":"gpr.gps","created_date":"2026-04-11T07:55:37Z","last_edited_user":"gpr.gps","last_edited_date":"2026-04-11T07:55:37Z","مساحة_كم2":null,"SHAPE_Length":94.04900299884676,"SHAPE_Area":525.6636970835638},"geometry":{"type":"Polygon","coordinates":[[[32.754897,25.944573],[32.754685,25.944401],[32.754558,25.944506],[32.754757,25.944694],[32.754897,25.944573]]]}},{"type":"Feature","properties":{"source_layer":"Building","source_feature_count":1,"BuildingType":2,"land_use":"سكنى","اسم_المحور":null,"اسم_المحافظة":null,"متوسط_عدد_الادوار_بالعقار":null,"متوسط_عدد_الشقق_بالدور":null,"متوسط_مساحة_الشقق_بالمنطقة":null,"نوع_نمط_العمران":null,"نوع_طبيعة_المنطقة":null,"سعر_العمارة":null,"نوع_الأرض":null,"المساحة_كم2":null,"GlobalID":"{16D474CB-47F9-42AB-B20F-878266B80BF1}","created_user":"gpr.gps","created_date":"2026-04-11T07:55:37Z","last_edited_user":"gpr.gps","last_edited_date":"2026-04-11T07:55:37Z","مساحة_كم2":null,"SHAPE_Length":66.71204876201148,"SHAPE_Area":275.0421714166784},"geometry":{"type":"Polygon","coordinates":[[[32.754906,25.944371],[32.754784,25.944481],[32.754897,25.944573],[32.75503,25.944458],[32.754906,25.944371]]]}},{"type":"Feature","properties":{"source_layer":"Building","source_feature_count":1,"BuildingType":2,"land_use":"سكنى","اسم_المحور":null,"اسم_المحافظة":null,"متوسط_عدد_الادوار_بالعقار":null,"متوسط_عدد_الشقق_بالدور":null,"متوسط_مساحة_الشقق_بالمنطقة":null,"نوع_نمط_العمران":null,"نوع_طبيعة_المنطقة":null,"سعر_العمارة":null,"نوع_الأرض":null,"المساحة_كم2":null,"GlobalID":"{30E0505B-A8FA-493F-92AC-AEFF630C27FE}","created_user":"gpr.gps","created_date":"2026-04-11T07:55:37Z","last_edited_user":"gpr.gps","last_edited_date":"2026-04-11T07:55:37Z","مساحة_كم2":null,"SHAPE_Length":59.64351249606186,"SHAPE_Area":216.6793713544349},"geometry":{"type":"Polygon","coordinates":[[[32.754906,25.944371],[32.754807,25.944301],[32.754685,25.944401],[32.754784,25.944481],[32.754906,25.944371]]]}},{"type":"Feature","properties":{"source_layer":"Building","source_feature_count":1,"BuildingType":2,"land_use":"سكنى","اسم_المحور":null,"اسم_المحافظة":null,"متوسط_عدد_الادوار_بالعقار":null,"متوسط_عدد_الشقق_بالدور":null,"متوسط_مساحة_الشقق_بالمنطقة":null,"نوع_نمط_العمران":null,"نوع_طبيعة_المنطقة":null,"سعر_العمارة":null,"نوع_الأرض":null,"المساحة_كم2":null,"GlobalID":"{2CBA2C21-6431-4D40-BE18-71679DBF89A7}","created_user":"gpr.gps","created_date":"2026-04-11T07:55:37Z","last_edited_user":"gpr.gps","last_edited_date":"2026-04-11T07:55:37Z","مساحة_كم2":null,"SHAPE_Length":57.52012556417888,"SHAPE_Area":194.19048902749736},"geometry":{"type":"Polygon","coordinates":[[[32.75405,25.944422],[32.754129,25.944488],[32.754255,25.944371],[32.754173,25.944306],[32.75405,25.944422]]]}},{"type":"Feature","properties":{"source_layer":"Building","source_feature_count":1,"BuildingType":2,"land_use":"سكنى","اسم_المحور":null,"اسم_المحافظة":null,"متوسط_عدد_الادوار_بالعقار":null,"متوسط_عدد_الشقق_بالدور":null,"متوسط_مساحة_الشقق_بالمنطقة":null,"نوع_نمط_العمران":null,"نوع_طبيعة_المنطقة":null,"سعر_العمارة":null,"نوع_الأرض":null,"المساحة_كم2":null,"GlobalID":"{89B8F1A5-CF67-4E79-8483-46C486A515E2}","created_user":"gpr.gps","created_date":"2026-04-11T07:55:37Z","last_edited_user":"gpr.gps","last_edited_date":"2026-04-11T07:55:37Z","مساحة_كم2":null,"SHAPE_Length":48.52391100266166,"SHAPE_Area":146.15731895960784},"geometry":{"type":"Polygon","coordinates":[[[32.754581,25.944131],[32.754679,25.944211],[32.754754,25.944143],[32.754667,25.944058],[32.754581,25.944131]]]}},{"type":"Feature","properties":{"source_layer":"Building","source_feature_count":1,"BuildingType":2,"land_use":"سكنى","اسم_المحور":null,"اسم_المحافظة":null,"متوسط_عدد_الادوار_بالعقار":null,"متوسط_عدد_الشقق_بالدور":null,"متوسط_مساحة_الشقق_بالمنطقة":null,"نوع_نمط_العمران":null,"نوع_طبيعة_المنطقة":null,"سعر_العمارة":null,"نوع_الأرض":null,"المساحة_كم2":null,"GlobalID":"{26480116-1A87-48E6-A0BB-E9779887676B}","created_user":"gpr.gps","created_date":"2026-04-11T07:55:37Z","last_edited_user":"gpr.gps","last_edited_date":"2026-04-11T07:55:37Z","مساحة_كم2":null,"SHAPE_Length":68.44319197674244,"SHAPE_Area":261.4646808890374},"geometry":{"type":"Polygon","coordinates":[[[32.759452,25.94583],[32.759518,25.945911],[32.759708,25.945798],[32.759636,25.945712],[32.759452,25.94583]]]}},{"type":"Feature","properties":{"source_layer":"Building","source_feature_count":1,"BuildingType":2,"land_use":"سكنى","اسم_المحور":null,"اسم_المحافظة":null,"متوسط_عدد_الادوار_بالعقار":null,"متوسط_عدد_الشقق_بالدور":null,"متوسط_مساحة_الشقق_بالمنطقة":null,"نوع_نمط_العمران":null,"نوع_طبيعة_المنطقة":null,"سعر_العمارة":null,"نوع_الأرض":null,"المساحة_كم2":null,"GlobalID":"{213BBA62-1EBD-43E0-B9A4-2D7EDA1C7696}","created_user":"gpr.gps","created_date":"2026-04-11T07:55:37Z","last_edited_user":"gpr.gps","last_edited_date":"2026-04-11T07:55:37Z","مساحة_كم2":null,"SHAPE_Length":51.01861522382283,"SHAPE_Area":156.6540554946204},"geometry":{"type":"Polygon","coordinates":[[[32.759656,25.945991],[32.759715,25.946069],[32.759847,25.945989],[32.759773,25.94592],[32.759656,25.945991]]]}},{"type":"Feature","properties":{"source_layer":"Building","source_feature_count":1,"BuildingType":2,"land_use":"سكنى","اسم_المحور":null,"اسم_المحافظة":null,"متوسط_عدد_الادوار_بالعقار":null,"متوسط_عدد_الشقق_بالدور":null,"متوسط_مساحة_الشقق_بالمنطقة":null,"نوع_نمط_العمران":null,"نوع_طبيعة_المنطقة":null,"سعر_العمارة":null,"نوع_الأرض":null,"المساحة_كم2":null,"GlobalID":"{E74D0CC6-B72A-4D38-8506-6CDD619D2E18}","created_user":"gpr.gps","created_date":"2026-04-11T07:55:37Z","last_edited_user":"gpr.gps","last_edited_date":"2026-04-11T07:55:37Z","مساحة_كم2":null,"SHAPE_Length":56.22583925070352,"SHAPE_Area":186.94586647464956},"geometry":{"type":"Polygon","coordinates":[[[32.759518,25.945911],[32.759452,25.94583],[32.75931,25.945921],[32.759375,25.945996],[32.759518,25.945911]]]}},{"type":"Feature","properties":{"source_layer":"Building","source_feature_count":1,"BuildingType":2,"land_use":"سكنى","اسم_المحور":null,"اسم_المحافظة":null,"متوسط_عدد_الادوار_بالعقار":null,"متوسط_عدد_الشقق_بالدور":null,"متوسط_مساحة_الشقق_بالمنطقة":null,"نوع_نمط_العمران":null,"نوع_طبيعة_المنطقة":null,"سعر_العمارة":null,"نوع_الأرض":null,"المساحة_كم2":null,"GlobalID":"{EC8F05FA-672B-479A-8AD7-D60EE0A8261B}","created_user":"gpr.gps","created_date":"2026-04-11T07:55:37Z","last_edited_user":"gpr.gps","last_edited_date":"2026-04-11T07:55:37Z","مساحة_كم2":null,"SHAPE_Length":64.85257449606546,"SHAPE_Area":222.61548218443542},"geometry":{"type":"Polygon","coordinates":[[[32.76118,25.947235],[32.761243,25.947312],[32.761428,25.947197],[32.761373,25.94713],[32.76118,25.947235]]]}},{"type":"Feature","properties":{"source_layer":"Building","source_feature_count":1,"BuildingType":2,"land_use":"سكنى","اسم_المحور":null,"اسم_المحافظة":null,"متوسط_عدد_الادوار_بالعقار":null,"متوسط_عدد_الشقق_بالدور":null,"متوسط_مساحة_الشقق_بالمنطقة":null,"نوع_نمط_العمران":null,"نوع_طبيعة_المنطقة":null,"سعر_العمارة":null,"نوع_الأرض":null,"المساحة_كم2":null,"GlobalID":"{640A8DD9-2BBC-44CB-809E-C7A918688B56}","created_user":"gpr.gps","created_date":"2026-04-11T07:55:37Z","last_edited_user":"gpr.gps","last_edited_date":"2026-04-11T07:55:37Z","مساحة_كم2":null,"SHAPE_Length":50.501718558016,"SHAPE_Area":154.86732447893607},"geometry":{"type":"Polygon","coordinates":[[[32.761856,25.947635],[32.761922,25.947712],[32.762041,25.947633],[32.761976,25.94756],[32.761856,25.947635]]]}},{"type":"Feature","properties":{"source_layer":"Building","source_feature_count":1,"BuildingType":2,"land_use":"سكنى","اسم_المحور":null,"اسم_المحافظة":null,"متوسط_عدد_الادوار_بالعقار":null,"متوسط_عدد_الشقق_بالدور":null,"متوسط_مساحة_الشقق_بالمنطقة":null,"نوع_نمط_العمران":null,"نوع_طبيعة_المنطقة":null,"سعر_العمارة":null,"نوع_الأرض":null,"المساحة_كم2":null,"GlobalID":"{58811C62-9FED-4D24-8F26-8F76D1499AE4}","created_user":"gpr.gps","created_date":"2026-04-11T07:55:37Z","last_edited_user":"gpr.gps","last_edited_date":"2026-04-11T07:55:37Z","مساحة_كم2":null,"SHAPE_Length":57.53926902991543,"SHAPE_Area":203.82160497978},"geometry":{"type":"Polygon","coordinates":[[[32.76383,25.93071],[32.763749,25.930614],[32.763621,25.930686],[32.763684,25.930783],[32.76383,25.93071]]]}},{"type":"Feature","properties":{"source_layer":"Building","source_feature_count":1,"BuildingType":2,"land_use":"سكنى","اسم_المحور":null,"اسم_المحافظة":null,"متوسط_عدد_الادوار_بالعقار":null,"متوسط_عدد_الشقق_بالدور":null,"متوسط_مساحة_الشقق_بالمنطقة":null,"نوع_نمط_العمران":null,"نوع_طبيعة_المنطقة":null,"سعر_العمارة":null,"نوع_الأرض":null,"المساحة_كم2":null,"GlobalID":"{90855B28-8B85-40AA-AE93-BF185FD1B944}","created_user":"gpr.gps","created_date":"2026-04-11T07:55:37Z","last_edited_user":"gpr.gps","last_edited_date":"2026-04-11T07:55:37Z","مساحة_كم2":null,"SHAPE_Length":56.88043034767405,"SHAPE_Area":174.26435017915367},"geometry":{"type":"Polygon","coordinates":[[[32.763839,25.930721],[32.763928,25.930552],[32.763778,25.930648],[32.763839,25.930721]]]}},{"type":"Feature","properties":{"source_layer":"Building","source_feature_count":1,"BuildingType":2,"land_use":"سكنى","اسم_المحور":null,"اسم_المحافظة":null,"متوسط_عدد_الادوار_بالعقار":null,"متوسط_عدد_الشقق_بالدور":null,"متوسط_مساحة_الشقق_بالمنطقة":null,"نوع_نمط_العمران":null,"نوع_طبيعة_المنطقة":null,"سعر_العمارة":null,"نوع_الأرض":null,"المساحة_كم2":null,"GlobalID":"{AD7A42F5-2BFE-49AA-B42F-4EEBE4D431DD}","created_user":"gpr.gps","created_date":"2026-04-11T07:55:37Z","last_edited_user":"gpr.gps","last_edited_date":"2026-04-11T07:55:37Z","مساحة_كم2":null,"SHAPE_Length":54.27085406817294,"SHAPE_Area":164.33013525187866},"geometry":{"type":"Polygon","coordinates":[[[32.763856,25.930598],[32.763834,25.930417],[32.763753,25.930461],[32.763856,25.930598]]]}},{"type":"Feature","properties":{"source_layer":"Building","source_feature_count":1,"BuildingType":2,"land_use":"سكنى","اسم_المحور":null,"اسم_المحافظة":null,"متوسط_عدد_الادوار_بالعقار":null,"متوسط_عدد_الشقق_بالدور":null,"متوسط_مساحة_الشقق_بالمنطقة":null,"نوع_نمط_العمران":null,"نوع_طبيعة_المنطقة":null,"سعر_العمارة":null,"نوع_الأرض":null,"المساحة_كم2":null,"GlobalID":"{513809B2-2F9C-4DEB-A1A0-FE2F07442FD8}","created_user":"gpr.gps","created_date":"2026-04-11T07:55:37Z","last_edited_user":"gpr.gps","last_edited_date":"2026-04-11T07:55:37Z","مساحة_كم2":null,"SHAPE_Length":69.43033986426127,"SHAPE_Area":295.0699214764561},"geometry":{"type":"Polygon","coordinates":[[[32.735411,25.942967],[32.735442,25.943098],[32.735635,25.943063],[32.735607,25.942931],[32.735411,25.942967]]]}},{"type":"Feature","properties":{"source_layer":"Building","source_feature_count":1,"BuildingType":2,"land_use":"سكنى","اسم_المحور":null,"اسم_المحافظة":null,"متوسط_عدد_الادوار_بالعقار":null,"متوسط_عدد_الشقق_بالدور":null,"متوسط_مساحة_الشقق_بالمنطقة":null,"نوع_نمط_العمران":null,"نوع_طبيعة_المنطقة":null,"سعر_العمارة":null,"نوع_الأرض":null,"المساحة_كم2":null,"GlobalID":"{93BDABA5-F8C5-4F76-A945-A6F62541596D}","created_user":"gpr.gps","created_date":"2026-04-11T07:55:37Z","last_edited_user":"gpr.gps","last_edited_date":"2026-04-11T07:55:37Z","مساحة_كم2":null,"SHAPE_Length":41.11510129968024,"SHAPE_Area":102.49105776304471},"geometry":{"type":"Polygon","coordinates":[[[32.735031,25.930648],[32.734945,25.930756],[32.735061,25.930722],[32.735031,25.930648]]]}},{"type":"Feature","properties":{"source_layer":"Building","source_feature_count":1,"BuildingType":2,"land_use":"سكنى","اسم_المحور":null,"اسم_المحافظة":null,"متوسط_عدد_الادوار_بالعقار":null,"متوسط_عدد_الشقق_بالدور":null,"متوسط_مساحة_الشقق_بالمنطقة":null,"نوع_نمط_العمران":null,"نوع_طبيعة_المنطقة":null,"سعر_العمارة":null,"نوع_الأرض":null,"المساحة_كم2":null,"GlobalID":"{759E25EC-BC8C-4294-B614-9B476FF930A6}","created_user":"gpr.gps","created_date":"2026-04-11T07:55:37Z","last_edited_user":"gpr.gps","last_edited_date":"2026-04-11T07:55:37Z","مساحة_كم2":null,"SHAPE_Length":51.94738965197858,"SHAPE_Area":144.06734151354766},"geometry":{"type":"Polygon","coordinates":[[[32.73506,25.930549],[32.73491,25.930662],[32.735086,25.930618],[32.73506,25.930549]]]}},{"type":"Feature","properties":{"source_layer":"Building","source_feature_count":1,"BuildingType":2,"land_use":"سكنى","اسم_المحور":null,"اسم_المحافظة":null,"متوسط_عدد_الادوار_بالعقار":null,"متوسط_عدد_الشقق_بالدور":null,"متوسط_مساحة_الشقق_بالمنطقة":null,"نوع_نمط_العمران":null,"نوع_طبيعة_المنطقة":null,"سعر_العمارة":null,"نوع_الأرض":null,"المساحة_كم2":null,"GlobalID":"{9962C67D-560D-4CC8-A19D-498234974A82}","created_user":"gpr.gps","created_date":"2026-04-11T07:55:37Z","last_edited_user":"gpr.gps","last_edited_date":"2026-04-11T07:55:37Z","مساحة_كم2":null,"SHAPE_Length":50.86951898193373,"SHAPE_Area":161.00278622836157},"geometry":{"type":"Polygon","coordinates":[[[32.734799,25.931317],[32.734962,25.931383],[32.734929,25.931281],[32.734799,25.931317]]]}},{"type":"Feature","properties":{"source_layer":"Building","source_feature_count":1,"BuildingType":2,"land_use":"سكنى","اسم_المحور":null,"اسم_المحافظة":null,"متوسط_عدد_الادوار_بالعقار":null,"متوسط_عدد_الشقق_بالدور":null,"متوسط_مساحة_الشقق_بالمنطقة":null,"نوع_نمط_العمران":null,"نوع_طبيعة_المنطقة":null,"سعر_العمارة":null,"نوع_الأرض":null,"المساحة_كم2":null,"GlobalID":"{E141FA97-61A2-4526-A444-1934770B790D}","created_user":"gpr.gps","created_date":"2026-04-11T07:55:37Z","last_edited_user":"gpr.gps","last_edited_date":"2026-04-11T07:55:37Z","مساحة_كم2":null,"SHAPE_Length":73.12922393354147,"SHAPE_Area":294.872266778347},"geometry":{"type":"Polygon","coordinates":[[[32.73425,25.93158],[32.734215,25.931475],[32.733978,25.931535],[32.734013,25.931637],[32.73425,25.93158]]]}},{"type":"Feature","properties":{"source_layer":"Building","source_feature_count":1,"BuildingType":2,"land_use":"سكنى","اسم_المحور":null,"اسم_المحافظة":null,"متوسط_عدد_الادوار_بالعقار":null,"متوسط_عدد_الشقق_بالدور":null,"متوسط_مساحة_الشقق_بالمنطقة":null,"نوع_نمط_العمران":null,"نوع_طبيعة_المنطقة":null,"سعر_العمارة":null,"نوع_الأرض":null,"المساحة_كم2":null,"GlobalID":"{9DE57919-59D8-4902-B8D5-C14D0DB3C478}","created_user":"gpr.gps","created_date":"2026-04-11T07:55:37Z","last_edited_user":"gpr.gps","last_edited_date":"2026-04-11T07:55:37Z","مساحة_كم2":null,"SHAPE_Length":37.077974922396805,"SHAPE_Area":76.52475201083983},"geometry":{"type":"Polygon","coordinates":[[[32.734413,25.931541],[32.734437,25.931418],[32.73438,25.931434],[32.734413,25.931541]]]}},{"type":"Feature","properties":{"source_layer":"Building","source_feature_count":1,"BuildingType":2,"land_use":"سكنى","اسم_المحور":null,"اسم_المحافظة":null,"متوسط_عدد_الادوار_بالعقار":null,"متوسط_عدد_الشقق_بالدور":null,"متوسط_مساحة_الشقق_بالمنطقة":null,"نوع_نمط_العمران":null,"نوع_طبيعة_المنطقة":null,"سعر_العمارة":null,"نوع_الأرض":null,"المساحة_كم2":null,"GlobalID":"{E2ED247C-9E4D-4635-9C7B-D37026D070E2}","created_user":"gpr.gps","created_date":"2026-04-11T07:55:37Z","last_edited_user":"gpr.gps","last_edited_date":"2026-04-11T07:55:37Z","مساحة_كم2":null,"SHAPE_Length":46.327120091765,"SHAPE_Area":133.53771711727322},"geometry":{"type":"Polygon","coordinates":[[[32.734474,25.931524],[32.734545,25.931388],[32.734437,25.931418],[32.734474,25.931524]]]}},{"type":"Feature","properties":{"source_layer":"Building","source_feature_count":1,"BuildingType":2,"land_use":"سكنى","اسم_المحور":null,"اسم_المحافظة":null,"متوسط_عدد_الادوار_بالعقار":null,"متوسط_عدد_الشقق_بالدور":null,"متوسط_مساحة_الشقق_بالمنطقة":null,"نوع_نمط_العمران":null,"نوع_طبيعة_المنطقة":null,"سعر_العمارة":null,"نوع_الأرض":null,"المساحة_كم2":null,"GlobalID":"{1BFE1BD8-54E1-4DE3-948B-1079AA5C482B}","created_user":"gpr.gps","created_date":"2026-04-11T07:55:37Z","last_edited_user":"gpr.gps","last_edited_date":"2026-04-11T07:55:37Z","مساحة_كم2":null,"SHAPE_Length":50.11631148685714,"SHAPE_Area":156.56005179804086},"geometry":{"type":"Polygon","coordinates":[[[32.734697,25.931459],[32.734667,25.931354],[32.734545,25.931388],[32.734574,25.931495],[32.734697,25.931459]]]}},{"type":"Feature","properties":{"source_layer":"Building","source_feature_count":1,"BuildingType":2,"land_use":"سكنى","اسم_المحور":null,"اسم_المحافظة":null,"متوسط_عدد_الادوار_بالعقار":null,"متوسط_عدد_الشقق_بالدور":null,"متوسط_مساحة_الشقق_بالمنطقة":null,"نوع_نمط_العمران":null,"نوع_طبيعة_المنطقة":null,"سعر_العمارة":null,"نوع_الأرض":null,"المساحة_كم2":null,"GlobalID":"{00479FF0-02BE-4D07-89A9-CB230E53BE08}","created_user":"gpr.gps","created_date":"2026-04-11T07:55:37Z","last_edited_user":"gpr.gps","last_edited_date":"2026-04-11T07:55:37Z","مساحة_كم2":null,"SHAPE_Length":52.21002006934478,"SHAPE_Area":169.1601036737121},"geometry":{"type":"Polygon","coordinates":[[[32.734704,25.931457],[32.734834,25.93142],[32.734799,25.931317],[32.734667,25.931354],[32.734704,25.931457]]]}},{"type":"Feature","properties":{"source_layer":"Building","source_feature_count":1,"BuildingType":2,"land_use":"سكنى","اسم_المحور":null,"اسم_المحافظة":null,"متوسط_عدد_الادوار_بالعقار":null,"متوسط_عدد_الشقق_بالدور":null,"متوسط_مساحة_الشقق_بالمنطقة":null,"نوع_نمط_العمران":null,"نوع_طبيعة_المنطقة":null,"سعر_العمارة":null,"نوع_الأرض":null,"المساحة_كم2":null,"GlobalID":"{F7F9999D-3284-4BD5-8AAF-D955D4122A30}","created_user":"gpr.gps","created_date":"2026-04-11T07:55:37Z","last_edited_user":"gpr.gps","last_edited_date":"2026-04-11T07:55:37Z","مساحة_كم2":null,"SHAPE_Length":46.68597314135704,"SHAPE_Area":136.20112362547252},"geometry":{"type":"Polygon","coordinates":[[[32.734929,25.931281],[32.735074,25.931351],[32.735038,25.93125],[32.734929,25.931281]]]}},{"type":"Feature","properties":{"source_layer":"Building","source_feature_count":1,"BuildingType":2,"land_use":"سكنى","اسم_المحور":null,"اسم_المحافظة":null,"متوسط_عدد_الادوار_بالعقار":null,"متوسط_عدد_الشقق_بالدور":null,"متوسط_مساحة_الشقق_بالمنطقة":null,"نوع_نمط_العمران":null,"نوع_طبيعة_المنطقة":null,"سعر_العمارة":null,"نوع_الأرض":null,"المساحة_كم2":null,"GlobalID":"{1D55DF13-0ACA-4ABF-9D39-F06089BEF2DE}","created_user":"gpr.gps","created_date":"2026-04-11T07:55:37Z","last_edited_user":"gpr.gps","last_edited_date":"2026-04-11T07:55:37Z","مساحة_كم2":null,"SHAPE_Length":46.442894773993075,"SHAPE_Area":134.45084394386544},"geometry":{"type":"Polygon","coordinates":[[[32.735993,25.934334],[32.736101,25.934307],[32.736072,25.934202],[32.735966,25.934225],[32.735993,25.934334]]]}},{"type":"Feature","properties":{"source_layer":"Building","source_feature_count":1,"BuildingType":2,"land_use":"سكنى","اسم_المحور":null,"اسم_المحافظة":null,"متوسط_عدد_الادوار_بالعقار":null,"متوسط_عدد_الشقق_بالدور":null,"متوسط_مساحة_الشقق_بالمنطقة":null,"نوع_نمط_العمران":null,"نوع_طبيعة_المنطقة":null,"سعر_العمارة":null,"نوع_الأرض":null,"المساحة_كم2":null,"GlobalID":"{AAF5964D-0B21-4C77-B953-DE7725053B36}","created_user":"gpr.gps","created_date":"2026-04-11T07:55:37Z","last_edited_user":"gpr.gps","last_edited_date":"2026-04-11T07:55:37Z","مساحة_كم2":null,"SHAPE_Length":44.30577802705504,"SHAPE_Area":121.50244709303662},"geometry":{"type":"Polygon","coordinates":[[[32.735936,25.934473],[32.736013,25.934346],[32.735912,25.934365],[32.735936,25.934473]]]}},{"type":"Feature","properties":{"source_layer":"Building","source_feature_count":1,"BuildingType":2,"land_use":"سكنى","اسم_المحور":null,"اسم_المحافظة":null,"متوسط_عدد_الادوار_بالعقار":null,"متوسط_عدد_الشقق_بالدور":null,"متوسط_مساحة_الشقق_بالمنطقة":null,"نوع_نمط_العمران":null,"نوع_طبيعة_المنطقة":null,"سعر_العمارة":null,"نوع_الأرض":null,"المساحة_كم2":null,"GlobalID":"{6292E302-A24C-4CE7-8E2A-05FBEB6D9B2C}","created_user":"gpr.gps","created_date":"2026-04-11T07:55:37Z","last_edited_user":"gpr.gps","last_edited_date":"2026-04-11T07:55:37Z","مساحة_كم2":null,"SHAPE_Length":59.196184819332295,"SHAPE_Area":218.52401068561448},"geometry":{"type":"Polygon","coordinates":[[[32.73619,25.935386],[32.736165,25.935257],[32.736027,25.935288],[32.736059,25.935425],[32.73619,25.935386]]]}},{"type":"Feature","properties":{"source_layer":"Building","source_feature_count":1,"BuildingType":2,"land_use":"سكنى","اسم_المحور":null,"اسم_المحافظة":null,"متوسط_عدد_الادوار_بالعقار":null,"متوسط_عدد_الشقق_بالدور":null,"متوسط_مساحة_الشقق_بالمنطقة":null,"نوع_نمط_العمران":null,"نوع_طبيعة_المنطقة":null,"سعر_العمارة":null,"نوع_الأرض":null,"المساحة_كم2":null,"GlobalID":"{C1DB0CFE-783E-4DA9-A6CE-266E6EDA83B8}","created_user":"gpr.gps","created_date":"2026-04-11T07:55:37Z","last_edited_user":"gpr.gps","last_edited_date":"2026-04-11T07:55:37Z","مساحة_كم2":null,"SHAPE_Length":49.51020016279303,"SHAPE_Area":146.0791808716616},"geometry":{"type":"Polygon","coordinates":[[[32.736075,25.935515],[32.73619,25.935386],[32.73605,25.935426],[32.736075,25.935515]]]}},{"type":"Feature","properties":{"source_layer":"Building","source_feature_count":1,"BuildingType":2,"land_use":"سكنى","اسم_المحور":null,"اسم_المحافظة":null,"متوسط_عدد_الادوار_بالعقار":null,"متوسط_عدد_الشقق_بالدور":null,"متوسط_مساحة_الشقق_بالمنطقة":null,"نوع_نمط_العمران":null,"نوع_طبيعة_المنطقة":null,"سعر_العمارة":null,"نوع_الأرض":null,"المساحة_كم2":null,"GlobalID":"{9DD01731-47DC-4CBA-BCA2-260F173012C9}","created_user":"gpr.gps","created_date":"2026-04-11T07:55:37Z","last_edited_user":"gpr.gps","last_edited_date":"2026-04-11T07:55:37Z","مساحة_كم2":null,"SHAPE_Length":50.728734238268316,"SHAPE_Area":155.85336990402112},"geometry":{"type":"Polygon","coordinates":[[[32.736075,25.935515],[32.736099,25.935609],[32.736235,25.935567],[32.736215,25.935471],[32.736075,25.935515]]]}},{"type":"Feature","properties":{"source_layer":"Building","source_feature_count":1,"BuildingType":2,"land_use":"سكنى","اسم_المحور":null,"اسم_المحافظة":null,"متوسط_عدد_الادوار_بالعقار":null,"متوسط_عدد_الشقق_بالدور":null,"متوسط_مساحة_الشقق_بالمنطقة":null,"نوع_نمط_العمران":null,"نوع_طبيعة_المنطقة":null,"سعر_العمارة":null,"نوع_الأرض":null,"المساحة_كم2":null,"GlobalID":"{E9D2C5F7-BEAA-440C-828F-3F702E0FEBAB}","created_user":"gpr.gps","created_date":"2026-04-11T07:55:37Z","last_edited_user":"gpr.gps","last_edited_date":"2026-04-11T07:55:37Z","مساحة_كم2":null,"SHAPE_Length":62.58139805081435,"SHAPE_Area":244.26453630824744},"geometry":{"type":"Polygon","coordinates":[[[32.739448,25.942638],[32.739492,25.942776],[32.739636,25.942742],[32.739592,25.942597],[32.739448,25.942638]]]}},{"type":"Feature","properties":{"source_layer":"Building","source_feature_count":1,"BuildingType":2,"land_use":"سكنى","اسم_المحور":null,"اسم_المحافظة":null,"متوسط_عدد_الادوار_بالعقار":null,"متوسط_عدد_الشقق_بالدور":null,"متوسط_مساحة_الشقق_بالمنطقة":null,"نوع_نمط_العمران":null,"نوع_طبيعة_المنطقة":null,"سعر_العمارة":null,"نوع_الأرض":null,"المساحة_كم2":null,"GlobalID":"{7108E2A6-1087-42E5-BC20-7C14D155C6EA}","created_user":"gpr.gps","created_date":"2026-04-11T07:55:37Z","last_edited_user":"gpr.gps","last_edited_date":"2026-04-11T07:55:37Z","مساحة_كم2":null,"SHAPE_Length":56.40789302570697,"SHAPE_Area":196.85220706255674},"geometry":{"type":"Polygon","coordinates":[[[32.739534,25.942905],[32.739571,25.943017],[32.739718,25.942973],[32.739683,25.942864],[32.739534,25.942905]]]}},{"type":"Feature","properties":{"source_layer":"Building","source_feature_count":1,"BuildingType":2,"land_use":"سكنى","اسم_المحور":null,"اسم_المحافظة":null,"متوسط_عدد_الادوار_بالعقار":null,"متوسط_عدد_الشقق_بالدور":null,"متوسط_مساحة_الشقق_بالمنطقة":null,"نوع_نمط_العمران":null,"نوع_طبيعة_المنطقة":null,"سعر_العمارة":null,"نوع_الأرض":null,"المساحة_كم2":null,"GlobalID":"{82E8C823-648C-4750-B38D-5193C25A46E0}","created_user":"gpr.gps","created_date":"2026-04-11T07:55:37Z","last_edited_user":"gpr.gps","last_edited_date":"2026-04-11T07:55:37Z","مساحة_كم2":null,"SHAPE_Length":56.22095845351666,"SHAPE_Area":195.9782265871909},"geometry":{"type":"Polygon","coordinates":[[[32.743104,25.936102],[32.743167,25.936205],[32.7433,25.936143],[32.743244,25.93604],[32.743104,25.936102]]]}},{"type":"Feature","properties":{"source_layer":"Building","source_feature_count":1,"BuildingType":2,"land_use":"سكنى","اسم_المحور":null,"اسم_المحافظة":null,"متوسط_عدد_الادوار_بالعقار":null,"متوسط_عدد_الشقق_بالدور":null,"متوسط_مساحة_الشقق_بالمنطقة":null,"نوع_نمط_العمران":null,"نوع_طبيعة_المنطقة":null,"سعر_العمارة":null,"نوع_الأرض":null,"المساحة_كم2":null,"GlobalID":"{6FABC02B-C5ED-49B9-B841-4614939065CD}","created_user":"gpr.gps","created_date":"2026-04-11T07:55:37Z","last_edited_user":"gpr.gps","last_edited_date":"2026-04-11T07:55:37Z","مساحة_كم2":null,"SHAPE_Length":74.35987703292894,"SHAPE_Area":331.1848850072804},"geometry":{"type":"Polygon","coordinates":[[[32.741607,25.935299],[32.741697,25.935412],[32.741873,25.935284],[32.741787,25.935183],[32.741607,25.935299]]]}},{"type":"Feature","properties":{"source_layer":"Building","source_feature_count":1,"BuildingType":2,"land_use":"سكنى","اسم_المحور":null,"اسم_المحافظة":null,"متوسط_عدد_الادوار_بالعقار":null,"متوسط_عدد_الشقق_بالدور":null,"متوسط_مساحة_الشقق_بالمنطقة":null,"نوع_نمط_العمران":null,"نوع_طبيعة_المنطقة":null,"سعر_العمارة":null,"نوع_الأرض":null,"المساحة_كم2":null,"GlobalID":"{0CDA2921-D20E-46D6-97C0-DF118F07AD5D}","created_user":"gpr.gps","created_date":"2026-04-11T07:55:37Z","last_edited_user":"gpr.gps","last_edited_date":"2026-04-11T07:55:37Z","مساحة_كم2":null,"SHAPE_Length":58.870057033889914,"SHAPE_Area":216.04093428703732},"geometry":{"type":"Polygon","coordinates":[[[32.743648,25.934467],[32.743754,25.934562],[32.743853,25.934455],[32.743734,25.934373],[32.743648,25.934467]]]}},{"type":"Feature","properties":{"source_layer":"Building","source_feature_count":1,"BuildingType":2,"land_use":"سكنى","اسم_المحور":null,"اسم_المحافظة":null,"متوسط_عدد_الادوار_بالعقار":null,"متوسط_عدد_الشقق_بالدور":null,"متوسط_مساحة_الشقق_بالمنطقة":null,"نوع_نمط_العمران":null,"نوع_طبيعة_المنطقة":null,"سعر_العمارة":null,"نوع_الأرض":null,"المساحة_كم2":null,"GlobalID":"{3CF59933-2B54-4E4A-8BA3-0A685C0530B3}","created_user":"gpr.gps","created_date":"2026-04-11T07:55:37Z","last_edited_user":"gpr.gps","last_edited_date":"2026-04-11T07:55:37Z","مساحة_كم2":null,"SHAPE_Length":52.138319967774656,"SHAPE_Area":168.64923725193418},"geometry":{"type":"Polygon","coordinates":[[[32.741189,25.931604],[32.741257,25.931695],[32.741373,25.931633],[32.741316,25.931539],[32.741189,25.931604]]]}},{"type":"Feature","properties":{"source_layer":"Building","source_feature_count":1,"BuildingType":2,"land_use":"سكنى","اسم_المحور":null,"اسم_المحافظة":null,"متوسط_عدد_الادوار_بالعقار":null,"متوسط_عدد_الشقق_بالدور":null,"متوسط_مساحة_الشقق_بالمنطقة":null,"نوع_نمط_العمران":null,"نوع_طبيعة_المنطقة":null,"سعر_العمارة":null,"نوع_الأرض":null,"المساحة_كم2":null,"GlobalID":"{DE6D7B2A-549C-49C9-AD34-498312EEFA78}","created_user":"gpr.gps","created_date":"2026-04-11T07:55:37Z","last_edited_user":"gpr.gps","last_edited_date":"2026-04-11T07:55:37Z","مساحة_كم2":null,"SHAPE_Length":43.916573460334256,"SHAPE_Area":120.17423022179229},"geometry":{"type":"Polygon","coordinates":[[[32.741451,25.931474],[32.741511,25.931567],[32.741598,25.931515],[32.741545,25.931429],[32.741451,25.931474]]]}},{"type":"Feature","properties":{"source_layer":"Building","source_feature_count":1,"BuildingType":2,"land_use":"سكنى","اسم_المحور":null,"اسم_المحافظة":null,"متوسط_عدد_الادوار_بالعقار":null,"متوسط_عدد_الشقق_بالدور":null,"متوسط_مساحة_الشقق_بالمنطقة":null,"نوع_نمط_العمران":null,"نوع_طبيعة_المنطقة":null,"سعر_العمارة":null,"نوع_الأرض":null,"المساحة_كم2":null,"GlobalID":"{AD0620D0-8D3F-4482-BC92-42F1AEB88435}","created_user":"gpr.gps","created_date":"2026-04-11T07:55:37Z","last_edited_user":"gpr.gps","last_edited_date":"2026-04-11T07:55:37Z","مساحة_كم2":null,"SHAPE_Length":59.90246580683784,"SHAPE_Area":182.91081194304007},"geometry":{"type":"Polygon","coordinates":[[[32.741528,25.931343],[32.741488,25.931272],[32.741304,25.931369],[32.74134,25.931436],[32.741528,25.931343]]]}},{"type":"Feature","properties":{"source_layer":"Building","source_feature_count":1,"BuildingType":2,"land_use":"سكنى","اسم_المحور":null,"اسم_المحافظة":null,"متوسط_عدد_الادوار_بالعقار":null,"متوسط_عدد_الشقق_بالدور":null,"متوسط_مساحة_الشقق_بالمنطقة":null,"نوع_نمط_العمران":null,"نوع_طبيعة_المنطقة":null,"سعر_العمارة":null,"نوع_الأرض":null,"المساحة_كم2":null,"GlobalID":"{89F2DC8E-E3A3-45A6-B6B9-34B0C063BECF}","created_user":"gpr.gps","created_date":"2026-04-11T07:55:37Z","last_edited_user":"gpr.gps","last_edited_date":"2026-04-11T07:55:37Z","مساحة_كم2":null,"SHAPE_Length":56.07021289980692,"SHAPE_Area":195.09356959691945},"geometry":{"type":"Polygon","coordinates":[[[32.741327,25.929985],[32.741389,25.930089],[32.741516,25.930016],[32.741454,25.929914],[32.741327,25.929985]]]}},{"type":"Feature","properties":{"source_layer":"Building","source_feature_count":1,"BuildingType":2,"land_use":"سكنى","اسم_المحور":null,"اسم_المحافظة":null,"متوسط_عدد_الادوار_بالعقار":null,"متوسط_عدد_الشقق_بالدور":null,"متوسط_مساحة_الشقق_بالمنطقة":null,"نوع_نمط_العمران":null,"نوع_طبيعة_المنطقة":null,"سعر_العمارة":null,"نوع_الأرض":null,"المساحة_كم2":null,"GlobalID":"{891C95B6-B6F2-4AE8-9B1A-F5AF97D66C70}","created_user":"gpr.gps","created_date":"2026-04-11T07:55:37Z","last_edited_user":"gpr.gps","last_edited_date":"2026-04-11T07:55:37Z","مساحة_كم2":null,"SHAPE_Length":42.03199042659565,"SHAPE_Area":102.2508601220175},"geometry":{"type":"Polygon","coordinates":[[[32.741585,25.929839],[32.741592,25.929976],[32.741658,25.929939],[32.741585,25.929839]]]}},{"type":"Feature","properties":{"source_layer":"Building","source_feature_count":1,"BuildingType":2,"land_use":"سكنى","اسم_المحور":null,"اسم_المحافظة":null,"متوسط_عدد_الادوار_بالعقار":null,"متوسط_عدد_الشقق_بالدور":null,"متوسط_مساحة_الشقق_بالمنطقة":null,"نوع_نمط_العمران":null,"نوع_طبيعة_المنطقة":null,"سعر_العمارة":null,"نوع_الأرض":null,"المساحة_كم2":null,"GlobalID":"{D397914C-A090-4397-A24B-63394A5B872F}","created_user":"gpr.gps","created_date":"2026-04-11T07:55:37Z","last_edited_user":"gpr.gps","last_edited_date":"2026-04-11T07:55:37Z","مساحة_كم2":null,"SHAPE_Length":73.23398256882435,"SHAPE_Area":332.1335415007475},"geometry":{"type":"Polygon","coordinates":[[[32.719991,25.95651],[32.719929,25.956365],[32.71974,25.956414],[32.719808,25.956558],[32.719991,25.95651]]]}},{"type":"Feature","properties":{"source_layer":"Building","source_feature_count":1,"BuildingType":2,"land_use":"سكنى","اسم_المحور":null,"اسم_المحافظة":null,"متوسط_عدد_الادوار_بالعقار":null,"متوسط_عدد_الشقق_بالدور":null,"متوسط_مساحة_الشقق_بالمنطقة":null,"نوع_نمط_العمران":null,"نوع_طبيعة_المنطقة":null,"سعر_العمارة":null,"نوع_الأرض":null,"المساحة_كم2":null,"GlobalID":"{4FD8D720-116A-41D2-BC3E-4BD5743E5CB8}","created_user":"gpr.gps","created_date":"2026-04-11T07:55:37Z","last_edited_user":"gpr.gps","last_edited_date":"2026-04-11T07:55:37Z","مساحة_كم2":null,"SHAPE_Length":53.971422878926965,"SHAPE_Area":177.80152819764896},"geometry":{"type":"Polygon","coordinates":[[[32.720298,25.95641],[32.720241,25.956283],[32.720123,25.956314],[32.720187,25.956437],[32.720298,25.95641]]]}},{"type":"Feature","properties":{"source_layer":"Building","source_feature_count":1,"BuildingType":2,"land_use":"سكنى","اسم_المحور":null,"اسم_المحافظة":null,"متوسط_عدد_الادوار_بالعقار":null,"متوسط_عدد_الشقق_بالدور":null,"متوسط_مساحة_الشقق_بالمنطقة":null,"نوع_نمط_العمران":null,"نوع_طبيعة_المنطقة":null,"سعر_العمارة":null,"نوع_الأرض":null,"المساحة_كم2":null,"GlobalID":"{967CDCC8-D062-413B-A439-B202DF4117A8}","created_user":"gpr.gps","created_date":"2026-04-11T07:55:37Z","last_edited_user":"gpr.gps","last_edited_date":"2026-04-11T07:55:37Z","مساحة_كم2":null,"SHAPE_Length":67.20703959033047,"SHAPE_Area":277.9181939411535},"geometry":{"type":"Polygon","coordinates":[[[32.720241,25.956283],[32.720298,25.95641],[32.720476,25.956366],[32.720417,25.956238],[32.720241,25.956283]]]}},{"type":"Feature","properties":{"source_layer":"Building","source_feature_count":1,"BuildingType":2,"land_use":"سكنى","اسم_المحور":null,"اسم_المحافظة":null,"متوسط_عدد_الادوار_بالعقار":null,"متوسط_عدد_الشقق_بالدور":null,"متوسط_مساحة_الشقق_بالمنطقة":null,"نوع_نمط_العمران":null,"نوع_طبيعة_المنطقة":null,"سعر_العمارة":null,"نوع_الأرض":null,"المساحة_كم2":null,"GlobalID":"{5FA256EC-01AD-4F1F-A6A3-4B74DACFC999}","created_user":"gpr.gps","created_date":"2026-04-11T07:55:37Z","last_edited_user":"gpr.gps","last_edited_date":"2026-04-11T07:55:37Z","مساحة_كم2":null,"SHAPE_Length":67.69140704741369,"SHAPE_Area":284.4542674376657},"geometry":{"type":"Polygon","coordinates":[[[32.719582,25.956456],[32.719647,25.9566],[32.719808,25.956558],[32.71974,25.956414],[32.719582,25.956456]]]}},{"type":"Feature","properties":{"source_layer":"Building","source_feature_count":1,"BuildingType":2,"land_use":"سكنى","اسم_المحور":null,"اسم_المحافظة":null,"متوسط_عدد_الادوار_بالعقار":null,"متوسط_عدد_الشقق_بالدور":null,"متوسط_مساحة_الشقق_بالمنطقة":null,"نوع_نمط_العمران":null,"نوع_طبيعة_المنطقة":null,"سعر_العمارة":null,"نوع_الأرض":null,"المساحة_كم2":null,"GlobalID":"{F86EA05B-A931-4423-92E3-DCE16496BD19}","created_user":"gpr.gps","created_date":"2026-04-11T07:55:37Z","last_edited_user":"gpr.gps","last_edited_date":"2026-04-11T07:55:37Z","مساحة_كم2":null,"SHAPE_Length":76.5545797813935,"SHAPE_Area":308.83974014484807},"geometry":{"type":"Polygon","coordinates":[[[32.720187,25.956437],[32.720123,25.956314],[32.719929,25.956365],[32.719991,25.95651],[32.720187,25.956437]]]}},{"type":"Feature","properties":{"source_layer":"Building","source_feature_count":1,"BuildingType":2,"land_use":"سكنى","اسم_المحور":null,"اسم_المحافظة":null,"متوسط_عدد_الادوار_بالعقار":null,"متوسط_عدد_الشقق_بالدور":null,"متوسط_مساحة_الشقق_بالمنطقة":null,"نوع_نمط_العمران":null,"نوع_طبيعة_المنطقة":null,"سعر_العمارة":null,"نوع_الأرض":null,"المساحة_كم2":null,"GlobalID":"{99F6D503-8D15-4CFF-A09D-1CEF194189EF}","created_user":"gpr.gps","created_date":"2026-04-11T07:55:37Z","last_edited_user":"gpr.gps","last_edited_date":"2026-04-11T07:55:37Z","مساحة_كم2":null,"SHAPE_Length":58.532035326543834,"SHAPE_Area":213.59612078654197},"geometry":{"type":"Polygon","coordinates":[[[32.720906,25.955571],[32.720937,25.955705],[32.721079,25.955664],[32.721047,25.95554],[32.720906,25.955571]]]}},{"type":"Feature","properties":{"source_layer":"Building","source_feature_count":1,"BuildingType":2,"land_use":"سكنى","اسم_المحور":null,"اسم_المحافظة":null,"متوسط_عدد_الادوار_بالعقار":null,"متوسط_عدد_الشقق_بالدور":null,"متوسط_مساحة_الشقق_بالمنطقة":null,"نوع_نمط_العمران":null,"نوع_طبيعة_المنطقة":null,"سعر_العمارة":null,"نوع_الأرض":null,"المساحة_كم2":null,"GlobalID":"{A6F99A6B-3A15-4B93-AB68-1F49D823B905}","created_user":"gpr.gps","created_date":"2026-04-11T07:55:37Z","last_edited_user":"gpr.gps","last_edited_date":"2026-04-11T07:55:37Z","مساحة_كم2":null,"SHAPE_Length":64.96819517037834,"SHAPE_Area":263.4337584300445},"geometry":{"type":"Polygon","coordinates":[[[32.721374,25.955446],[32.721425,25.955578],[32.721585,25.955534],[32.721533,25.955398],[32.721374,25.955446]]]}},{"type":"Feature","properties":{"source_layer":"Building","source_feature_count":1,"BuildingType":2,"land_use":"سكنى","اسم_المحور":null,"اسم_المحافظة":null,"متوسط_عدد_الادوار_بالعقار":null,"متوسط_عدد_الشقق_بالدور":null,"متوسط_مساحة_الشقق_بالمنطقة":null,"نوع_نمط_العمران":null,"نوع_طبيعة_المنطقة":null,"سعر_العمارة":null,"نوع_الأرض":null,"المساحة_كم2":null,"GlobalID":"{43D7FFB7-3669-42F5-B5B0-1535ADF36413}","created_user":"gpr.gps","created_date":"2026-04-11T07:55:37Z","last_edited_user":"gpr.gps","last_edited_date":"2026-04-11T07:55:37Z","مساحة_كم2":null,"SHAPE_Length":182.92221258595305,"SHAPE_Area":1333.1264408354139},"geometry":{"type":"Polygon","coordinates":[[[32.720198,25.95593],[32.720246,25.956089],[32.720949,25.955909],[32.720903,25.95575],[32.720198,25.95593]]]}},{"type":"Feature","properties":{"source_layer":"Building","source_feature_count":1,"BuildingType":2,"land_use":"سكنى","اسم_المحور":null,"اسم_المحافظة":null,"متوسط_عدد_الادوار_بالعقار":null,"متوسط_عدد_الشقق_بالدور":null,"متوسط_مساحة_الشقق_بالمنطقة":null,"نوع_نمط_العمران":null,"نوع_طبيعة_المنطقة":null,"سعر_العمارة":null,"نوع_الأرض":null,"المساحة_كم2":null,"GlobalID":"{67BC4B37-0EBE-4D26-B2A7-F33F295A33AB}","created_user":"gpr.gps","created_date":"2026-04-11T07:55:37Z","last_edited_user":"gpr.gps","last_edited_date":"2026-04-11T07:55:37Z","مساحة_كم2":null,"SHAPE_Length":70.4758454433893,"SHAPE_Area":309.7574701532774},"geometry":{"type":"Polygon","coordinates":[[[32.719678,25.956234],[32.719624,25.956076],[32.719458,25.956119],[32.719517,25.956275],[32.719678,25.956234]]]}},{"type":"Feature","properties":{"source_layer":"Building","source_feature_count":1,"BuildingType":2,"land_use":"سكنى","اسم_المحور":null,"اسم_المحافظة":null,"متوسط_عدد_الادوار_بالعقار":null,"متوسط_عدد_الشقق_بالدور":null,"متوسط_مساحة_الشقق_بالمنطقة":null,"نوع_نمط_العمران":null,"نوع_طبيعة_المنطقة":null,"سعر_العمارة":null,"نوع_الأرض":null,"المساحة_كم2":null,"GlobalID":"{CAFFDEDA-E9EE-4CA2-A784-A83529FEE804}","created_user":"gpr.gps","created_date":"2026-04-11T07:55:37Z","last_edited_user":"gpr.gps","last_edited_date":"2026-04-11T07:55:37Z","مساحة_كم2":null,"SHAPE_Length":257.096819508358,"SHAPE_Area":1827.8649319105164},"geometry":{"type":"Polygon","coordinates":[[[32.721114,25.956023],[32.721066,25.955879],[32.71999,25.956154],[32.72003,25.956294],[32.721114,25.956023]]]}},{"type":"Feature","properties":{"source_layer":"Building","source_feature_count":1,"BuildingType":2,"land_use":"سكنى","اسم_المحور":null,"اسم_المحافظة":null,"متوسط_عدد_الادوار_بالعقار":null,"متوسط_عدد_الشقق_بالدور":null,"متوسط_مساحة_الشقق_بالمنطقة":null,"نوع_نمط_العمران":null,"نوع_طبيعة_المنطقة":null,"سعر_العمارة":null,"نوع_الأرض":null,"المساحة_كم2":null,"GlobalID":"{D389E96D-EE1A-42A6-ADC6-85E081E8238D}","created_user":"gpr.gps","created_date":"2026-04-11T07:55:37Z","last_edited_user":"gpr.gps","last_edited_date":"2026-04-11T07:55:37Z","مساحة_كم2":null,"SHAPE_Length":64.70340358828189,"SHAPE_Area":261.24329518957205},"geometry":{"type":"Polygon","coordinates":[[[32.719678,25.956234],[32.719517,25.956275],[32.719567,25.956409],[32.719725,25.95637],[32.719678,25.956234]]]}},{"type":"Feature","properties":{"source_layer":"Building","source_feature_count":1,"BuildingType":2,"land_use":"سكنى","اسم_المحور":null,"اسم_المحافظة":null,"متوسط_عدد_الادوار_بالعقار":null,"متوسط_عدد_الشقق_بالدور":null,"متوسط_مساحة_الشقق_بالمنطقة":null,"نوع_نمط_العمران":null,"نوع_طبيعة_المنطقة":null,"سعر_العمارة":null,"نوع_الأرض":null,"المساحة_كم2":null,"GlobalID":"{B3AC97D5-D604-4B0A-AA38-DF3C0B2D1290}","created_user":"gpr.gps","created_date":"2026-04-11T07:55:37Z","last_edited_user":"gpr.gps","last_edited_date":"2026-04-11T07:55:37Z","مساحة_كم2":null,"SHAPE_Length":69.27743629526486,"SHAPE_Area":298.9936529650904},"geometry":{"type":"Polygon","coordinates":[[[32.71999,25.956154],[32.719945,25.955994],[32.719788,25.956034],[32.719831,25.956194],[32.71999,25.956154]]]}},{"type":"Feature","properties":{"source_layer":"Building","source_feature_count":1,"BuildingType":2,"land_use":"سكنى","اسم_المحور":null,"اسم_المحافظة":null,"متوسط_عدد_الادوار_بالعقار":null,"متوسط_عدد_الشقق_بالدور":null,"متوسط_مساحة_الشقق_بالمنطقة":null,"نوع_نمط_العمران":null,"نوع_طبيعة_المنطقة":null,"سعر_العمارة":null,"نوع_الأرض":null,"المساحة_كم2":null,"GlobalID":"{863172DF-5C79-4F04-BEE4-D4CCF78F69C0}","created_user":"gpr.gps","created_date":"2026-04-11T07:55:37Z","last_edited_user":"gpr.gps","last_edited_date":"2026-04-11T07:55:37Z","مساحة_كم2":null,"SHAPE_Length":69.57402813803267,"SHAPE_Area":301.6717940798383},"geometry":{"type":"Polygon","coordinates":[[[32.719831,25.956194],[32.719788,25.956034],[32.719624,25.956076],[32.719678,25.956234],[32.719831,25.956194]]]}},{"type":"Feature","properties":{"source_layer":"Building","source_feature_count":1,"BuildingType":2,"land_use":"سكنى","اسم_المحور":null,"اسم_المحافظة":null,"متوسط_عدد_الادوار_بالعقار":null,"متوسط_عدد_الشقق_بالدور":null,"متوسط_مساحة_الشقق_بالمنطقة":null,"نوع_نمط_العمران":null,"نوع_طبيعة_المنطقة":null,"سعر_العمارة":null,"نوع_الأرض":null,"المساحة_كم2":null,"GlobalID":"{337690EF-3A0E-4203-98A3-E12FA33DB396}","created_user":"gpr.gps","created_date":"2026-04-11T07:55:37Z","last_edited_user":"gpr.gps","last_edited_date":"2026-04-11T07:55:37Z","مساحة_كم2":null,"SHAPE_Length":175.35148559364455,"SHAPE_Area":1262.5097973715501},"geometry":{"type":"Polygon","coordinates":[[[32.720903,25.95575],[32.720949,25.955909],[32.721625,25.955736],[32.721563,25.955582],[32.720903,25.95575]]]}},{"type":"Feature","properties":{"source_layer":"Building","source_feature_count":1,"BuildingType":2,"land_use":"سكنى","اسم_المحور":null,"اسم_المحافظة":null,"متوسط_عدد_الادوار_بالعقار":null,"متوسط_عدد_الشقق_بالدور":null,"متوسط_مساحة_الشقق_بالمنطقة":null,"نوع_نمط_العمران":null,"نوع_طبيعة_المنطقة":null,"سعر_العمارة":null,"نوع_الأرض":null,"المساحة_كم2":null,"GlobalID":"{0D80B25B-8D8D-4EDB-84BE-1FEB060D78F4}","created_user":"gpr.gps","created_date":"2026-04-11T07:55:37Z","last_edited_user":"gpr.gps","last_edited_date":"2026-04-11T07:55:37Z","مساحة_كم2":null,"SHAPE_Length":52.73967666898688,"SHAPE_Area":166.63345454351997},"geometry":{"type":"Polygon","coordinates":[[[32.719827,25.956344],[32.719778,25.956208],[32.719678,25.956234],[32.719725,25.95637],[32.719827,25.956344]]]}},{"type":"Feature","properties":{"source_layer":"Building","source_feature_count":1,"BuildingType":2,"land_use":"سكنى","اسم_المحور":null,"اسم_المحافظة":null,"متوسط_عدد_الادوار_بالعقار":null,"متوسط_عدد_الشقق_بالدور":null,"متوسط_مساحة_الشقق_بالمنطقة":null,"نوع_نمط_العمران":null,"نوع_طبيعة_المنطقة":null,"سعر_العمارة":null,"نوع_الأرض":null,"المساحة_كم2":null,"GlobalID":"{01D3DFC8-4CF9-4927-A07A-F83F43FB266C}","created_user":"gpr.gps","created_date":"2026-04-11T07:55:37Z","last_edited_user":"gpr.gps","last_edited_date":"2026-04-11T07:55:37Z","مساحة_كم2":null,"SHAPE_Length":73.24412763771541,"SHAPE_Area":332.40261552064885},"geometry":{"type":"Polygon","coordinates":[[[32.721307,25.955974],[32.721257,25.95583],[32.721066,25.955879],[32.721114,25.956023],[32.721307,25.955974]]]}},{"type":"Feature","properties":{"source_layer":"Building","source_feature_count":1,"BuildingType":2,"land_use":"سكنى","اسم_المحور":null,"اسم_المحافظة":null,"متوسط_عدد_الادوار_بالعقار":null,"متوسط_عدد_الشقق_بالدور":null,"متوسط_مساحة_الشقق_بالمنطقة":null,"نوع_نمط_العمران":null,"نوع_طبيعة_المنطقة":null,"سعر_العمارة":null,"نوع_الأرض":null,"المساحة_كم2":null,"GlobalID":"{6EFD10D7-AEC4-4D34-ABB5-9AAA06E1CF87}","created_user":"gpr.gps","created_date":"2026-04-11T07:55:37Z","last_edited_user":"gpr.gps","last_edited_date":"2026-04-11T07:55:37Z","مساحة_كم2":null,"SHAPE_Length":74.9511061977681,"SHAPE_Area":343.02413743341316},"geometry":{"type":"Polygon","coordinates":[[[32.72003,25.956294],[32.71999,25.956154],[32.719778,25.956208],[32.719827,25.956344],[32.72003,25.956294]]]}},{"type":"Feature","properties":{"source_layer":"Building","source_feature_count":1,"BuildingType":2,"land_use":"سكنى","اسم_المحور":null,"اسم_المحافظة":null,"متوسط_عدد_الادوار_بالعقار":null,"متوسط_عدد_الشقق_بالدور":null,"متوسط_مساحة_الشقق_بالمنطقة":null,"نوع_نمط_العمران":null,"نوع_طبيعة_المنطقة":null,"سعر_العمارة":null,"نوع_الأرض":null,"المساحة_كم2":null,"GlobalID":"{FE133B24-B584-4D89-899C-4F3885190C87}","created_user":"gpr.gps","created_date":"2026-04-11T07:55:37Z","last_edited_user":"gpr.gps","last_edited_date":"2026-04-11T07:55:37Z","مساحة_كم2":null,"SHAPE_Length":110.9716842673626,"SHAPE_Area":649.35582743285},"geometry":{"type":"Polygon","coordinates":[[[32.721257,25.95583],[32.721307,25.955974],[32.721683,25.95588],[32.721625,25.955736],[32.721257,25.95583]]]}},{"type":"Feature","properties":{"source_layer":"Building","source_feature_count":1,"BuildingType":2,"land_use":"سكنى","اسم_المحور":null,"اسم_المحافظة":null,"متوسط_عدد_الادوار_بالعقار":null,"متوسط_عدد_الشقق_بالدور":null,"متوسط_مساحة_الشقق_بالمنطقة":null,"نوع_نمط_العمران":null,"نوع_طبيعة_المنطقة":null,"سعر_العمارة":null,"نوع_الأرض":null,"المساحة_كم2":null,"GlobalID":"{644F3823-038A-4179-8865-C5C63306469B}","created_user":"gpr.gps","created_date":"2026-04-11T07:55:37Z","last_edited_user":"gpr.gps","last_edited_date":"2026-04-11T07:55:37Z","مساحة_كم2":null,"SHAPE_Length":89.35412067926663,"SHAPE_Area":481.94411586018697},"geometry":{"type":"Polygon","coordinates":[[[32.720246,25.956089],[32.720198,25.95593],[32.719945,25.955994],[32.71999,25.956154],[32.720246,25.956089]]]}},{"type":"Feature","properties":{"source_layer":"Building","source_feature_count":1,"BuildingType":2,"land_use":"سكنى","اسم_المحور":null,"اسم_المحافظة":null,"متوسط_عدد_الادوار_بالعقار":null,"متوسط_عدد_الشقق_بالدور":null,"متوسط_مساحة_الشقق_بالمنطقة":null,"نوع_نمط_العمران":null,"نوع_طبيعة_المنطقة":null,"سعر_العمارة":null,"نوع_الأرض":null,"المساحة_كم2":null,"GlobalID":"{068EC65A-B790-4EC3-BF41-2D2B3B7A6486}","created_user":"gpr.gps","created_date":"2026-04-11T07:55:37Z","last_edited_user":"gpr.gps","last_edited_date":"2026-04-11T07:55:37Z","مساحة_كم2":null,"SHAPE_Length":74.88082636895382,"SHAPE_Area":337.79188041512424},"geometry":{"type":"Polygon","coordinates":[[[32.720834,25.955567],[32.72062,25.955623],[32.720655,25.955756],[32.720867,25.955702],[32.720834,25.955567]]]}},{"type":"Feature","properties":{"source_layer":"Building","source_feature_count":1,"BuildingType":2,"land_use":"سكنى","اسم_المحور":null,"اسم_المحافظة":null,"متوسط_عدد_الادوار_بالعقار":null,"متوسط_عدد_الشقق_بالدور":null,"متوسط_مساحة_الشقق_بالمنطقة":null,"نوع_نمط_العمران":null,"نوع_طبيعة_المنطقة":null,"سعر_العمارة":null,"نوع_الأرض":null,"المساحة_كم2":null,"GlobalID":"{AF167469-3377-494E-9115-2C1B6EF44B18}","created_user":"gpr.gps","created_date":"2026-04-11T07:55:37Z","last_edited_user":"gpr.gps","last_edited_date":"2026-04-11T07:55:37Z","مساحة_كم2":null,"SHAPE_Length":133.7838691015448,"SHAPE_Area":767.6510268244543},"geometry":{"type":"Polygon","coordinates":[[[32.720121,25.955752],[32.720159,25.955883],[32.720655,25.955756],[32.72062,25.955623],[32.720121,25.955752]]]}},{"type":"Feature","properties":{"source_layer":"Building","source_feature_count":1,"BuildingType":2,"land_use":"سكنى","اسم_المحور":null,"اسم_المحافظة":null,"متوسط_عدد_الادوار_بالعقار":null,"متوسط_عدد_الشقق_بالدور":null,"متوسط_مساحة_الشقق_بالمنطقة":null,"نوع_نمط_العمران":null,"نوع_طبيعة_المنطقة":null,"سعر_العمارة":null,"نوع_الأرض":null,"المساحة_كم2":null,"GlobalID":"{6585F223-7CFA-4337-BBAC-C1E87CAE8323}","created_user":"gpr.gps","created_date":"2026-04-11T07:55:37Z","last_edited_user":"gpr.gps","last_edited_date":"2026-04-11T07:55:37Z","مساحة_كم2":null,"SHAPE_Length":141.97224957732837,"SHAPE_Area":859.0568767406505},"geometry":{"type":"Polygon","coordinates":[[[32.719577,25.956032],[32.719533,25.955903],[32.719767,25.955842],[32.719737,25.955707],[32.719335,25.955807],[32.719431,25.956069],[32.719577,25.956032]]]}},{"type":"Feature","properties":{"source_layer":"Building","source_feature_count":1,"BuildingType":2,"land_use":"سكنى","اسم_المحور":null,"اسم_المحافظة":null,"متوسط_عدد_الادوار_بالعقار":null,"متوسط_عدد_الشقق_بالدور":null,"متوسط_مساحة_الشقق_بالمنطقة":null,"نوع_نمط_العمران":null,"نوع_طبيعة_المنطقة":null,"سعر_العمارة":null,"نوع_الأرض":null,"المساحة_كم2":null,"GlobalID":"{1ABEFE65-E388-4295-830B-E9870C4FD533}","created_user":"gpr.gps","created_date":"2026-04-11T07:55:37Z","last_edited_user":"gpr.gps","last_edited_date":"2026-04-11T07:55:37Z","مساحة_كم2":null,"SHAPE_Length":147.53398631158413,"SHAPE_Area":955.8897899197391},"geometry":{"type":"Polygon","coordinates":[[[32.719981,25.955928],[32.719935,25.955657],[32.719533,25.955903],[32.719577,25.956032],[32.719981,25.955928]]]}},{"type":"Feature","properties":{"source_layer":"Building","source_feature_count":1,"BuildingType":2,"land_use":"سكنى","اسم_المحور":null,"اسم_المحافظة":null,"متوسط_عدد_الادوار_بالعقار":null,"متوسط_عدد_الشقق_بالدور":null,"متوسط_مساحة_الشقق_بالمنطقة":null,"نوع_نمط_العمران":null,"نوع_طبيعة_المنطقة":null,"سعر_العمارة":null,"نوع_الأرض":null,"المساحة_كم2":null,"GlobalID":"{8F797EEE-64BA-40FE-90CA-E7841FCAC6AB}","created_user":"gpr.gps","created_date":"2026-04-11T07:55:37Z","last_edited_user":"gpr.gps","last_edited_date":"2026-04-11T07:55:37Z","مساحة_كم2":null,"SHAPE_Length":93.12033829765727,"SHAPE_Area":491.9761905316421},"geometry":{"type":"Polygon","coordinates":[[[32.721254,25.95545],[32.721214,25.955309],[32.720926,25.955387],[32.720963,25.955532],[32.721254,25.95545]]]}},{"type":"Feature","properties":{"source_layer":"Building","source_feature_count":1,"BuildingType":2,"land_use":"سكنى","اسم_المحور":null,"اسم_المحافظة":null,"متوسط_عدد_الادوار_بالعقار":null,"متوسط_عدد_الشقق_بالدور":null,"متوسط_مساحة_الشقق_بالمنطقة":null,"نوع_نمط_العمران":null,"نوع_طبيعة_المنطقة":null,"سعر_العمارة":null,"نوع_الأرض":null,"المساحة_كم2":null,"GlobalID":"{7897E7EC-4A38-4553-8601-31213331A79B}","created_user":"gpr.gps","created_date":"2026-04-11T07:55:37Z","last_edited_user":"gpr.gps","last_edited_date":"2026-04-11T07:55:37Z","مساحة_كم2":null,"SHAPE_Length":59.66988168211166,"SHAPE_Area":221.11761928442868},"geometry":{"type":"Polygon","coordinates":[[[32.721297,25.955286],[32.721338,25.955427],[32.721474,25.955389],[32.721425,25.955252],[32.721297,25.955286]]]}},{"type":"Feature","properties":{"source_layer":"Building","source_feature_count":1,"BuildingType":2,"land_use":"سكنى","اسم_المحور":null,"اسم_المحافظة":null,"متوسط_عدد_الادوار_بالعقار":null,"متوسط_عدد_الشقق_بالدور":null,"متوسط_مساحة_الشقق_بالمنطقة":null,"نوع_نمط_العمران":null,"نوع_طبيعة_المنطقة":null,"سعر_العمارة":null,"نوع_الأرض":null,"المساحة_كم2":null,"GlobalID":"{2FB3D498-D387-4D86-83E6-7C75B3F38B98}","created_user":"gpr.gps","created_date":"2026-04-11T07:55:37Z","last_edited_user":"gpr.gps","last_edited_date":"2026-04-11T07:55:37Z","مساحة_كم2":null,"SHAPE_Length":49.84200932266079,"SHAPE_Area":141.620938650732},"geometry":{"type":"Polygon","coordinates":[[[32.721254,25.95545],[32.721297,25.955286],[32.721214,25.955309],[32.721254,25.95545]]]}},{"type":"Feature","properties":{"source_layer":"Building","source_feature_count":1,"BuildingType":2,"land_use":"سكنى","اسم_المحور":null,"اسم_المحافظة":null,"متوسط_عدد_الادوار_بالعقار":null,"متوسط_عدد_الشقق_بالدور":null,"متوسط_مساحة_الشقق_بالمنطقة":null,"نوع_نمط_العمران":null,"نوع_طبيعة_المنطقة":null,"سعر_العمارة":null,"نوع_الأرض":null,"المساحة_كم2":null,"GlobalID":"{D1361A4A-972D-464F-BD86-6EC7E1C68EC4}","created_user":"gpr.gps","created_date":"2026-04-11T07:55:37Z","last_edited_user":"gpr.gps","last_edited_date":"2026-04-11T07:55:37Z","مساحة_كم2":null,"SHAPE_Length":178.4928402903373,"SHAPE_Area":1183.4589431243974},"geometry":{"type":"Polygon","coordinates":[[[32.720265,25.95572],[32.720963,25.955532],[32.720926,25.955387],[32.720228,25.955578],[32.720265,25.95572]]]}},{"type":"Feature","properties":{"source_layer":"Building","source_feature_count":1,"BuildingType":2,"land_use":"سكنى","اسم_المحور":null,"اسم_المحافظة":null,"متوسط_عدد_الادوار_بالعقار":null,"متوسط_عدد_الشقق_بالدور":null,"متوسط_مساحة_الشقق_بالمنطقة":null,"نوع_نمط_العمران":null,"نوع_طبيعة_المنطقة":null,"سعر_العمارة":null,"نوع_الأرض":null,"المساحة_كم2":null,"GlobalID":"{FFFFA71B-0928-4335-A8F6-7876466A87A9}","created_user":"gpr.gps","created_date":"2026-04-11T07:55:37Z","last_edited_user":"gpr.gps","last_edited_date":"2026-04-11T07:55:37Z","مساحة_كم2":null,"SHAPE_Length":93.26464493512741,"SHAPE_Area":480.4807656001827},"geometry":{"type":"Polygon","coordinates":[[[32.719958,25.95579],[32.720265,25.95572],[32.720228,25.955578],[32.719935,25.955657],[32.719958,25.95579]]]}},{"type":"Feature","properties":{"source_layer":"Building","source_feature_count":1,"BuildingType":2,"land_use":"سكنى","اسم_المحور":null,"اسم_المحافظة":null,"متوسط_عدد_الادوار_بالعقار":null,"متوسط_عدد_الشقق_بالدور":null,"متوسط_مساحة_الشقق_بالمنطقة":null,"نوع_نمط_العمران":null,"نوع_طبيعة_المنطقة":null,"سعر_العمارة":null,"نوع_الأرض":null,"المساحة_كم2":null,"GlobalID":"{9F6A7712-7614-4F01-9AED-1C3C522EC39A}","created_user":"gpr.gps","created_date":"2026-04-11T07:55:37Z","last_edited_user":"gpr.gps","last_edited_date":"2026-04-11T07:55:37Z","مساحة_كم2":null,"SHAPE_Length":65.82931298166817,"SHAPE_Area":268.5709363538816},"geometry":{"type":"Polygon","coordinates":[[[32.720159,25.955883],[32.720121,25.955752],[32.719958,25.95579],[32.719981,25.955928],[32.720159,25.955883]]]}},{"type":"Feature","properties":{"source_layer":"Building","source_feature_count":1,"BuildingType":2,"land_use":"سكنى","اسم_المحور":null,"اسم_المحافظة":null,"متوسط_عدد_الادوار_بالعقار":null,"متوسط_عدد_الشقق_بالدور":null,"متوسط_مساحة_الشقق_بالمنطقة":null,"نوع_نمط_العمران":null,"نوع_طبيعة_المنطقة":null,"سعر_العمارة":null,"نوع_الأرض":null,"المساحة_كم2":null,"GlobalID":"{27DB980B-A5AC-478C-BC8C-1DBD5CB36D20}","created_user":"gpr.gps","created_date":"2026-04-11T07:55:37Z","last_edited_user":"gpr.gps","last_edited_date":"2026-04-11T07:55:37Z","مساحة_كم2":null,"SHAPE_Length":94.71199194663404,"SHAPE_Area":455.94195222688165},"geometry":{"type":"Polygon","coordinates":[[[32.717528,25.956746],[32.717456,25.956628],[32.717182,25.956698],[32.717219,25.956826],[32.717528,25.956746]]]}},{"type":"Feature","properties":{"source_layer":"Building","source_feature_count":1,"BuildingType":2,"land_use":"سكنى","اسم_المحور":null,"اسم_المحافظة":null,"متوسط_عدد_الادوار_بالعقار":null,"متوسط_عدد_الشقق_بالدور":null,"متوسط_مساحة_الشقق_بالمنطقة":null,"نوع_نمط_العمران":null,"نوع_طبيعة_المنطقة":null,"سعر_العمارة":null,"نوع_الأرض":null,"المساحة_كم2":null,"GlobalID":"{5464B414-283F-48CE-B3EB-8598214E5E52}","created_user":"gpr.gps","created_date":"2026-04-11T07:55:37Z","last_edited_user":"gpr.gps","last_edited_date":"2026-04-11T07:55:37Z","مساحة_كم2":null,"SHAPE_Length":143.49495142906267,"SHAPE_Area":882.5850697677225},"geometry":{"type":"Polygon","coordinates":[[[32.717539,25.956743],[32.716998,25.956883],[32.717046,25.957015],[32.717583,25.956884],[32.717539,25.956743]]]}},{"type":"Feature","properties":{"source_layer":"Building","source_feature_count":1,"BuildingType":2,"land_use":"سكنى","اسم_المحور":null,"اسم_المحافظة":null,"متوسط_عدد_الادوار_بالعقار":null,"متوسط_عدد_الشقق_بالدور":null,"متوسط_مساحة_الشقق_بالمنطقة":null,"نوع_نمط_العمران":null,"نوع_طبيعة_المنطقة":null,"سعر_العمارة":null,"نوع_الأرض":null,"المساحة_كم2":null,"GlobalID":"{699BC349-E0E7-48A2-B917-F62A4664AD6E}","created_user":"gpr.gps","created_date":"2026-04-11T07:55:37Z","last_edited_user":"gpr.gps","last_edited_date":"2026-04-11T07:55:37Z","مساحة_كم2":null,"SHAPE_Length":76.37499024587521,"SHAPE_Area":353.9648954426891},"geometry":{"type":"Polygon","coordinates":[[[32.71702,25.956553],[32.717191,25.956506],[32.717147,25.956367],[32.716938,25.956428],[32.71702,25.956553]]]}},{"type":"Feature","properties":{"source_layer":"Building","source_feature_count":1,"BuildingType":2,"land_use":"سكنى","اسم_المحور":null,"اسم_المحافظة":null,"متوسط_عدد_الادوار_بالعقار":null,"متوسط_عدد_الشقق_بالدور":null,"متوسط_مساحة_الشقق_بالمنطقة":null,"نوع_نمط_العمران":null,"نوع_طبيعة_المنطقة":null,"سعر_العمارة":null,"نوع_الأرض":null,"المساحة_كم2":null,"GlobalID":"{AC35B338-020F-4B09-BBCE-807097CAE80B}","created_user":"gpr.gps","created_date":"2026-04-11T07:55:37Z","last_edited_user":"gpr.gps","last_edited_date":"2026-04-11T07:55:37Z","مساحة_كم2":null,"SHAPE_Length":52.16356689275224,"SHAPE_Area":169.31446738077875},"geometry":{"type":"Polygon","coordinates":[[[32.71702,25.956553],[32.717064,25.956672],[32.717176,25.95664],[32.717141,25.95652],[32.71702,25.956553]]]}},{"type":"Feature","properties":{"source_layer":"Building","source_feature_count":1,"BuildingType":2,"land_use":"سكنى","اسم_المحور":null,"اسم_المحافظة":null,"متوسط_عدد_الادوار_بالعقار":null,"متوسط_عدد_الشقق_بالدور":null,"متوسط_مساحة_الشقق_بالمنطقة":null,"نوع_نمط_العمران":null,"نوع_طبيعة_المنطقة":null,"سعر_العمارة":null,"نوع_الأرض":null,"المساحة_كم2":null,"GlobalID":"{6756510A-5965-4C53-934F-8F2B2B7F85C3}","created_user":"gpr.gps","created_date":"2026-04-11T07:55:37Z","last_edited_user":"gpr.gps","last_edited_date":"2026-04-11T07:55:37Z","مساحة_كم2":null,"SHAPE_Length":74.01467353651203,"SHAPE_Area":335.54556731469114},"geometry":{"type":"Polygon","coordinates":[[[32.716379,25.956527],[32.716333,25.956392],[32.71613,25.956441],[32.716176,25.956581],[32.716379,25.956527]]]}},{"type":"Feature","properties":{"source_layer":"Building","source_feature_count":1,"BuildingType":2,"land_use":"سكنى","اسم_المحور":null,"اسم_المحافظة":null,"متوسط_عدد_الادوار_بالعقار":null,"متوسط_عدد_الشقق_بالدور":null,"متوسط_مساحة_الشقق_بالمنطقة":null,"نوع_نمط_العمران":null,"نوع_طبيعة_المنطقة":null,"سعر_العمارة":null,"نوع_الأرض":null,"المساحة_كم2":null,"GlobalID":"{10C40FB1-857D-4939-88CA-0E526470C310}","created_user":"gpr.gps","created_date":"2026-04-11T07:55:37Z","last_edited_user":"gpr.gps","last_edited_date":"2026-04-11T07:55:37Z","مساحة_كم2":null,"SHAPE_Length":68.61689461163535,"SHAPE_Area":289.11672356913573},"geometry":{"type":"Polygon","coordinates":[[[32.716922,25.956902],[32.716878,25.956774],[32.716694,25.956821],[32.716733,25.956951],[32.716922,25.956902]]]}},{"type":"Feature","properties":{"source_layer":"Building","source_feature_count":1,"BuildingType":2,"land_use":"سكنى","اسم_المحور":null,"اسم_المحافظة":null,"متوسط_عدد_الادوار_بالعقار":null,"متوسط_عدد_الشقق_بالدور":null,"متوسط_مساحة_الشقق_بالمنطقة":null,"نوع_نمط_العمران":null,"نوع_طبيعة_المنطقة":null,"سعر_العمارة":null,"نوع_الأرض":null,"المساحة_كم2":null,"GlobalID":"{6B14F225-0067-4EFF-8A49-2C06DCA1F52A}","created_user":"gpr.gps","created_date":"2026-04-11T07:55:37Z","last_edited_user":"gpr.gps","last_edited_date":"2026-04-11T07:55:37Z","مساحة_كم2":null,"SHAPE_Length":92.02823124773779,"SHAPE_Area":461.2595006337502},"geometry":{"type":"Polygon","coordinates":[[[32.716998,25.956883],[32.717219,25.956826],[32.717182,25.956698],[32.716878,25.956774],[32.716998,25.956883]]]}},{"type":"Feature","properties":{"source_layer":"Building","source_feature_count":1,"BuildingType":2,"land_use":"سكنى","اسم_المحور":null,"اسم_المحافظة":null,"متوسط_عدد_الادوار_بالعقار":null,"متوسط_عدد_الشقق_بالدور":null,"متوسط_مساحة_الشقق_بالمنطقة":null,"نوع_نمط_العمران":null,"نوع_طبيعة_المنطقة":null,"سعر_العمارة":null,"نوع_الأرض":null,"المساحة_كم2":null,"GlobalID":"{718CE08A-0C48-4701-9456-1C1265E448E2}","created_user":"gpr.gps","created_date":"2026-04-11T07:55:37Z","last_edited_user":"gpr.gps","last_edited_date":"2026-04-11T07:55:37Z","مساحة_كم2":null,"SHAPE_Length":59.764661002817185,"SHAPE_Area":174.75135528752512},"geometry":{"type":"Polygon","coordinates":[[[32.717456,25.956628],[32.717639,25.956718],[32.717595,25.956593],[32.717456,25.956628]]]}},{"type":"Feature","properties":{"source_layer":"Building","source_feature_count":1,"BuildingType":2,"land_use":"سكنى","اسم_المحور":null,"اسم_المحافظة":null,"متوسط_عدد_الادوار_بالعقار":null,"متوسط_عدد_الشقق_بالدور":null,"متوسط_مساحة_الشقق_بالمنطقة":null,"نوع_نمط_العمران":null,"نوع_طبيعة_المنطقة":null,"سعر_العمارة":null,"نوع_الأرض":null,"المساحة_كم2":null,"GlobalID":"{D11DCF3B-E141-4095-AEA1-604AEE4F8980}","created_user":"gpr.gps","created_date":"2026-04-11T07:55:37Z","last_edited_user":"gpr.gps","last_edited_date":"2026-04-11T07:55:37Z","مساحة_كم2":null,"SHAPE_Length":145.2598194280211,"SHAPE_Area":854.0122068561351},"geometry":{"type":"Polygon","coordinates":[[[32.717684,25.956374],[32.718183,25.95625],[32.718137,25.95611],[32.717595,25.956249],[32.717684,25.956374]]]}},{"type":"Feature","properties":{"source_layer":"Building","source_feature_count":1,"BuildingType":2,"land_use":"سكنى","اسم_المحور":null,"اسم_المحافظة":null,"متوسط_عدد_الادوار_بالعقار":null,"متوسط_عدد_الشقق_بالدور":null,"متوسط_مساحة_الشقق_بالمنطقة":null,"نوع_نمط_العمران":null,"نوع_طبيعة_المنطقة":null,"سعر_العمارة":null,"نوع_الأرض":null,"المساحة_كم2":null,"GlobalID":"{603066B7-6D55-451D-A80E-5D02BBA853D6}","created_user":"gpr.gps","created_date":"2026-04-11T07:55:37Z","last_edited_user":"gpr.gps","last_edited_date":"2026-04-11T07:55:37Z","مساحة_كم2":null,"SHAPE_Length":92.25620142087676,"SHAPE_Area":464.1478550214738},"geometry":{"type":"Polygon","coordinates":[[[32.71891,25.956071],[32.71861,25.956145],[32.718657,25.956272],[32.71896,25.956197],[32.71891,25.956071]]]}},{"type":"Feature","properties":{"source_layer":"Building","source_feature_count":1,"BuildingType":2,"land_use":"سكنى","اسم_المحور":null,"اسم_المحافظة":null,"متوسط_عدد_الادوار_بالعقار":null,"متوسط_عدد_الشقق_بالدور":null,"متوسط_مساحة_الشقق_بالمنطقة":null,"نوع_نمط_العمران":null,"نوع_طبيعة_المنطقة":null,"سعر_العمارة":null,"نوع_الأرض":null,"المساحة_كم2":null,"GlobalID":"{EFECB45F-1ED1-4F49-90D9-7CDD39FCF953}","created_user":"gpr.gps","created_date":"2026-04-11T07:55:37Z","last_edited_user":"gpr.gps","last_edited_date":"2026-04-11T07:55:37Z","مساحة_كم2":null,"SHAPE_Length":49.592195006732545,"SHAPE_Area":147.55554451003047},"geometry":{"type":"Polygon","coordinates":[[[32.718401,25.956336],[32.718358,25.956207],[32.718265,25.95623],[32.718304,25.95636],[32.718401,25.956336]]]}},{"type":"Feature","properties":{"source_layer":"Building","source_feature_count":1,"BuildingType":2,"land_use":"سكنى","اسم_المحور":null,"اسم_المحافظة":null,"متوسط_عدد_الادوار_بالعقار":null,"متوسط_عدد_الشقق_بالدور":null,"متوسط_مساحة_الشقق_بالمنطقة":null,"نوع_نمط_العمران":null,"نوع_طبيعة_المنطقة":null,"سعر_العمارة":null,"نوع_الأرض":null,"المساحة_كم2":null,"GlobalID":"{6C878022-A3A8-4048-A2B1-F40BE277347C}","created_user":"gpr.gps","created_date":"2026-04-11T07:55:37Z","last_edited_user":"gpr.gps","last_edited_date":"2026-04-11T07:55:37Z","مساحة_كم2":null,"SHAPE_Length":49.937413149477656,"SHAPE_Area":150.00851992798295},"geometry":{"type":"Polygon","coordinates":[[[32.718207,25.956384],[32.718161,25.956256],[32.718066,25.956279],[32.718107,25.956408],[32.718207,25.956384]]]}},{"type":"Feature","properties":{"source_layer":"Building","source_feature_count":1,"BuildingType":2,"land_use":"سكنى","اسم_المحور":null,"اسم_المحافظة":null,"متوسط_عدد_الادوار_بالعقار":null,"متوسط_عدد_الشقق_بالدور":null,"متوسط_مساحة_الشقق_بالمنطقة":null,"نوع_نمط_العمران":null,"نوع_طبيعة_المنطقة":null,"سعر_العمارة":null,"نوع_الأرض":null,"المساحة_كم2":null,"GlobalID":"{762EFBD1-9BD9-4037-A8BC-96019F21D1A7}","created_user":"gpr.gps","created_date":"2026-04-11T07:55:37Z","last_edited_user":"gpr.gps","last_edited_date":"2026-04-11T07:55:37Z","مساحة_كم2":null,"SHAPE_Length":50.60121163423025,"SHAPE_Area":154.96831893237277},"geometry":{"type":"Polygon","coordinates":[[[32.718304,25.95636],[32.718265,25.95623],[32.718161,25.956256],[32.718207,25.956384],[32.718304,25.95636]]]}},{"type":"Feature","properties":{"source_layer":"Building","source_feature_count":1,"BuildingType":2,"land_use":"سكنى","اسم_المحور":null,"اسم_المحافظة":null,"متوسط_عدد_الادوار_بالعقار":null,"متوسط_عدد_الشقق_بالدور":null,"متوسط_مساحة_الشقق_بالمنطقة":null,"نوع_نمط_العمران":null,"نوع_طبيعة_المنطقة":null,"سعر_العمارة":null,"نوع_الأرض":null,"المساحة_كم2":null,"GlobalID":"{2A25391C-A7E1-43D9-857A-58696669CB4A}","created_user":"gpr.gps","created_date":"2026-04-11T07:55:37Z","last_edited_user":"gpr.gps","last_edited_date":"2026-04-11T07:55:37Z","مساحة_كم2":null,"SHAPE_Length":51.265323624664646,"SHAPE_Area":159.64150757108345},"geometry":{"type":"Polygon","coordinates":[[[32.718657,25.956272],[32.71861,25.956145],[32.718506,25.956171],[32.718555,25.956298],[32.718657,25.956272]]]}},{"type":"Feature","properties":{"source_layer":"Building","source_feature_count":1,"BuildingType":2,"land_use":"سكنى","اسم_المحور":null,"اسم_المحافظة":null,"متوسط_عدد_الادوار_بالعقار":null,"متوسط_عدد_الشقق_بالدور":null,"متوسط_مساحة_الشقق_بالمنطقة":null,"نوع_نمط_العمران":null,"نوع_طبيعة_المنطقة":null,"سعر_العمارة":null,"نوع_الأرض":null,"المساحة_كم2":null,"GlobalID":"{4701BFD4-54AD-4533-BF31-E9D755B2EA37}","created_user":"gpr.gps","created_date":"2026-04-11T07:55:37Z","last_edited_user":"gpr.gps","last_edited_date":"2026-04-11T07:55:37Z","مساحة_كم2":null,"SHAPE_Length":61.04433320698685,"SHAPE_Area":232.4426383606974},"geometry":{"type":"Polygon","coordinates":[[[32.718555,25.956298],[32.718506,25.956171],[32.718358,25.956207],[32.718401,25.956336],[32.718555,25.956298]]]}},{"type":"Feature","properties":{"source_layer":"Building","source_feature_count":1,"BuildingType":2,"land_use":"سكنى","اسم_المحور":null,"اسم_المحافظة":null,"متوسط_عدد_الادوار_بالعقار":null,"متوسط_عدد_الشقق_بالدور":null,"متوسط_مساحة_الشقق_بالمنطقة":null,"نوع_نمط_العمران":null,"نوع_طبيعة_المنطقة":null,"سعر_العمارة":null,"نوع_الأرض":null,"المساحة_كم2":null,"GlobalID":"{86FF82F4-AE5F-416A-84C7-197550170381}","created_user":"gpr.gps","created_date":"2026-04-11T07:55:37Z","last_edited_user":"gpr.gps","last_edited_date":"2026-04-11T07:55:37Z","مساحة_كم2":null,"SHAPE_Length":67.33561195386764,"SHAPE_Area":279.5896967058754},"geometry":{"type":"Polygon","coordinates":[[[32.717695,25.95651],[32.717656,25.956381],[32.717476,25.956425],[32.717513,25.956555],[32.717695,25.95651]]]}},{"type":"Feature","properties":{"source_layer":"Building","source_feature_count":1,"BuildingType":2,"land_use":"سكنى","اسم_المحور":null,"اسم_المحافظة":null,"متوسط_عدد_الادوار_بالعقار":null,"متوسط_عدد_الشقق_بالدور":null,"متوسط_مساحة_الشقق_بالمنطقة":null,"نوع_نمط_العمران":null,"نوع_طبيعة_المنطقة":null,"سعر_العمارة":null,"نوع_الأرض":null,"المساحة_كم2":null,"GlobalID":"{6E3F358D-D3B5-4F83-8391-8CEE7200051E}","created_user":"gpr.gps","created_date":"2026-04-11T07:55:37Z","last_edited_user":"gpr.gps","last_edited_date":"2026-04-11T07:55:37Z","مساحة_كم2":null,"SHAPE_Length":72.04868511241068,"SHAPE_Area":314.35268896027725},"geometry":{"type":"Polygon","coordinates":[[[32.718107,25.956408],[32.718066,25.956279],[32.717859,25.956331],[32.717908,25.956458],[32.718107,25.956408]]]}},{"type":"Feature","properties":{"source_layer":"Building","source_feature_count":1,"BuildingType":2,"land_use":"سكنى","اسم_المحور":null,"اسم_المحافظة":null,"متوسط_عدد_الادوار_بالعقار":null,"متوسط_عدد_الشقق_بالدور":null,"متوسط_مساحة_الشقق_بالمنطقة":null,"نوع_نمط_العمران":null,"نوع_طبيعة_المنطقة":null,"سعر_العمارة":null,"نوع_الأرض":null,"المساحة_كم2":null,"GlobalID":"{779D014E-966E-4F26-AB4F-9D4243CF4257}","created_user":"gpr.gps","created_date":"2026-04-11T07:55:37Z","last_edited_user":"gpr.gps","last_edited_date":"2026-04-11T07:55:37Z","مساحة_كم2":null,"SHAPE_Length":72.88107587072905,"SHAPE_Area":320.59131732287125},"geometry":{"type":"Polygon","coordinates":[[[32.717908,25.956458],[32.717859,25.956331],[32.717656,25.956381],[32.717695,25.95651],[32.717908,25.956458]]]}},{"type":"Feature","properties":{"source_layer":"Building","source_feature_count":1,"BuildingType":2,"land_use":"سكنى","اسم_المحور":null,"اسم_المحافظة":null,"متوسط_عدد_الادوار_بالعقار":null,"متوسط_عدد_الشقق_بالدور":null,"متوسط_مساحة_الشقق_بالمنطقة":null,"نوع_نمط_العمران":null,"نوع_طبيعة_المنطقة":null,"سعر_العمارة":null,"نوع_الأرض":null,"المساحة_كم2":null,"GlobalID":"{5B777CCE-C27D-4442-AF15-3C8027B11877}","created_user":"gpr.gps","created_date":"2026-04-11T07:55:37Z","last_edited_user":"gpr.gps","last_edited_date":"2026-04-11T07:55:37Z","مساحة_كم2":null,"SHAPE_Length":73.53567986147016,"SHAPE_Area":334.66742563716684},"geometry":{"type":"Polygon","coordinates":[[[32.718849,25.955927],[32.718881,25.956078],[32.719074,25.956045],[32.719024,25.955882],[32.718849,25.955927]]]}},{"type":"Feature","properties":{"source_layer":"Building","source_feature_count":1,"BuildingType":2,"land_use":"سكنى","اسم_المحور":null,"اسم_المحافظة":null,"متوسط_عدد_الادوار_بالعقار":null,"متوسط_عدد_الشقق_بالدور":null,"متوسط_مساحة_الشقق_بالمنطقة":null,"نوع_نمط_العمران":null,"نوع_طبيعة_المنطقة":null,"سعر_العمارة":null,"نوع_الأرض":null,"المساحة_كم2":null,"GlobalID":"{EB297082-F5F2-4753-874C-1072E8A3F18D}","created_user":"gpr.gps","created_date":"2026-04-11T07:55:37Z","last_edited_user":"gpr.gps","last_edited_date":"2026-04-11T07:55:37Z","مساحة_كم2":null,"SHAPE_Length":55.58854265051657,"SHAPE_Area":183.763499270092},"geometry":{"type":"Polygon","coordinates":[[[32.718881,25.956078],[32.718849,25.955927],[32.718739,25.955955],[32.718782,25.956102],[32.718881,25.956078]]]}},{"type":"Feature","properties":{"source_layer":"Building","source_feature_count":1,"BuildingType":2,"land_use":"سكنى","اسم_المحور":null,"اسم_المحافظة":null,"متوسط_عدد_الادوار_بالعقار":null,"متوسط_عدد_الشقق_بالدور":null,"متوسط_مساحة_الشقق_بالمنطقة":null,"نوع_نمط_العمران":null,"نوع_طبيعة_المنطقة":null,"سعر_العمارة":null,"نوع_الأرض":null,"المساحة_كم2":null,"GlobalID":"{E6A3D889-6BC4-40B6-B338-80B397D7461E}","created_user":"gpr.gps","created_date":"2026-04-11T07:55:37Z","last_edited_user":"gpr.gps","last_edited_date":"2026-04-11T07:55:37Z","مساحة_كم2":null,"SHAPE_Length":157.725658330297,"SHAPE_Area":1029.414362164714},"geometry":{"type":"Polygon","coordinates":[[[32.718265,25.95623],[32.718782,25.956102],[32.718739,25.955955],[32.718137,25.95611],[32.718265,25.95623]]]}},{"type":"Feature","properties":{"source_layer":"Building","source_feature_count":1,"BuildingType":2,"land_use":"سكنى","اسم_المحور":null,"اسم_المحافظة":null,"متوسط_عدد_الادوار_بالعقار":null,"متوسط_عدد_الشقق_بالدور":null,"متوسط_مساحة_الشقق_بالمنطقة":null,"نوع_نمط_العمران":null,"نوع_طبيعة_المنطقة":null,"سعر_العمارة":null,"نوع_الأرض":null,"المساحة_كم2":null,"GlobalID":"{B8F590F9-C5B3-495B-8087-EBFDFEE1FC94}","created_user":"gpr.gps","created_date":"2026-04-11T07:55:37Z","last_edited_user":"gpr.gps","last_edited_date":"2026-04-11T07:55:37Z","مساحة_كم2":null,"SHAPE_Length":74.24331914713373,"SHAPE_Area":303.6128877969107},"geometry":{"type":"Polygon","coordinates":[[[32.717656,25.956381],[32.717595,25.956249],[32.717437,25.95629],[32.717476,25.956425],[32.717656,25.956381]]]}},{"type":"Feature","properties":{"source_layer":"Building","source_feature_count":1,"BuildingType":2,"land_use":"سكنى","اسم_المحور":null,"اسم_المحافظة":null,"متوسط_عدد_الادوار_بالعقار":null,"متوسط_عدد_الشقق_بالدور":null,"متوسط_مساحة_الشقق_بالمنطقة":null,"نوع_نمط_العمران":null,"نوع_طبيعة_المنطقة":null,"سعر_العمارة":null,"نوع_الأرض":null,"المساحة_كم2":null,"GlobalID":"{5BABDA1E-2A07-47AF-BD04-EF9CAFD91013}","created_user":"gpr.gps","created_date":"2026-04-11T07:55:37Z","last_edited_user":"gpr.gps","last_edited_date":"2026-04-11T07:55:37Z","مساحة_كم2":null,"SHAPE_Length":93.18682239489398,"SHAPE_Area":479.05233952150536},"geometry":{"type":"Polygon","coordinates":[[[32.718783,25.956435],[32.718822,25.95657],[32.71912,25.956494],[32.719086,25.95636],[32.718783,25.956435]]]}},{"type":"Feature","properties":{"source_layer":"Building","source_feature_count":1,"BuildingType":2,"land_use":"سكنى","اسم_المحور":null,"اسم_المحافظة":null,"متوسط_عدد_الادوار_بالعقار":null,"متوسط_عدد_الشقق_بالدور":null,"متوسط_مساحة_الشقق_بالمنطقة":null,"نوع_نمط_العمران":null,"نوع_طبيعة_المنطقة":null,"سعر_العمارة":null,"نوع_الأرض":null,"المساحة_كم2":null,"GlobalID":"{2F620E52-DDBC-4D87-82F1-9E4E77F931B7}","created_user":"gpr.gps","created_date":"2026-04-11T07:55:37Z","last_edited_user":"gpr.gps","last_edited_date":"2026-04-11T07:55:37Z","مساحة_كم2":null,"SHAPE_Length":115.41814225778236,"SHAPE_Area":647.0635142838771},"geometry":{"type":"Polygon","coordinates":[[[32.718615,25.956476],[32.718585,25.956341],[32.718173,25.956443],[32.718209,25.956576],[32.718615,25.956476]]]}},{"type":"Feature","properties":{"source_layer":"Building","source_feature_count":1,"BuildingType":2,"land_use":"سكنى","اسم_المحور":null,"اسم_المحافظة":null,"متوسط_عدد_الادوار_بالعقار":null,"متوسط_عدد_الشقق_بالدور":null,"متوسط_مساحة_الشقق_بالمنطقة":null,"نوع_نمط_العمران":null,"نوع_طبيعة_المنطقة":null,"سعر_العمارة":null,"نوع_الأرض":null,"المساحة_كم2":null,"GlobalID":"{3AACF9C8-F8ED-4CA3-8E37-21E8ABB2EA39}","created_user":"gpr.gps","created_date":"2026-04-11T07:55:37Z","last_edited_user":"gpr.gps","last_edited_date":"2026-04-11T07:55:37Z","مساحة_كم2":null,"SHAPE_Length":74.3289594243701,"SHAPE_Area":339.8149720109344},"geometry":{"type":"Polygon","coordinates":[[[32.718066,25.956764],[32.718024,25.956622],[32.717828,25.956671],[32.717861,25.956816],[32.718066,25.956764]]]}},{"type":"Feature","properties":{"source_layer":"Building","source_feature_count":1,"BuildingType":2,"land_use":"سكنى","اسم_المحور":null,"اسم_المحافظة":null,"متوسط_عدد_الادوار_بالعقار":null,"متوسط_عدد_الشقق_بالدور":null,"متوسط_مساحة_الشقق_بالمنطقة":null,"نوع_نمط_العمران":null,"نوع_طبيعة_المنطقة":null,"سعر_العمارة":null,"نوع_الأرض":null,"المساحة_كم2":null,"GlobalID":"{DDA9876C-744A-4437-BB80-8C2DBBA22B4A}","created_user":"gpr.gps","created_date":"2026-04-11T07:55:37Z","last_edited_user":"gpr.gps","last_edited_date":"2026-04-11T07:55:37Z","مساحة_كم2":null,"SHAPE_Length":130.9861230268753,"SHAPE_Area":790.4857443027258},"geometry":{"type":"Polygon","coordinates":[[[32.718535,25.956644],[32.718508,25.956503],[32.718024,25.956622],[32.718066,25.956764],[32.718535,25.956644]]]}},{"type":"Feature","properties":{"source_layer":"Building","source_feature_count":1,"BuildingType":2,"land_use":"سكنى","اسم_المحور":null,"اسم_المحافظة":null,"متوسط_عدد_الادوار_بالعقار":null,"متوسط_عدد_الشقق_بالدور":null,"متوسط_مساحة_الشقق_بالمنطقة":null,"نوع_نمط_العمران":null,"نوع_طبيعة_المنطقة":null,"سعر_العمارة":null,"نوع_الأرض":null,"المساحة_كم2":null,"GlobalID":"{70832D64-5038-413D-BDD5-13AC90709ECF}","created_user":"gpr.gps","created_date":"2026-04-11T07:55:37Z","last_edited_user":"gpr.gps","last_edited_date":"2026-04-11T07:55:37Z","مساحة_كم2":null,"SHAPE_Length":69.33489746192636,"SHAPE_Area":296.2086839521082},"geometry":{"type":"Polygon","coordinates":[[[32.718209,25.956576],[32.718173,25.956443],[32.717984,25.956489],[32.718024,25.956622],[32.718209,25.956576]]]}},{"type":"Feature","properties":{"source_layer":"Building","source_feature_count":1,"BuildingType":2,"land_use":"سكنى","اسم_المحور":null,"اسم_المحافظة":null,"متوسط_عدد_الادوار_بالعقار":null,"متوسط_عدد_الشقق_بالدور":null,"متوسط_مساحة_الشقق_بالمنطقة":null,"نوع_نمط_العمران":null,"نوع_طبيعة_المنطقة":null,"سعر_العمارة":null,"نوع_الأرض":null,"المساحة_كم2":null,"GlobalID":"{B211F55F-DAEF-4B81-ADD1-F2F94DB28798}","created_user":"gpr.gps","created_date":"2026-04-11T07:55:37Z","last_edited_user":"gpr.gps","last_edited_date":"2026-04-11T07:55:37Z","مساحة_كم2":null,"SHAPE_Length":72.03310551720402,"SHAPE_Area":316.89225646463257},"geometry":{"type":"Polygon","coordinates":[[[32.718024,25.956622],[32.717984,25.956489],[32.717781,25.956539],[32.717828,25.956671],[32.718024,25.956622]]]}},{"type":"Feature","properties":{"source_layer":"Building","source_feature_count":1,"BuildingType":2,"land_use":"سكنى","اسم_المحور":null,"اسم_المحافظة":null,"متوسط_عدد_الادوار_بالعقار":null,"متوسط_عدد_الشقق_بالدور":null,"متوسط_مساحة_الشقق_بالمنطقة":null,"نوع_نمط_العمران":null,"نوع_طبيعة_المنطقة":null,"سعر_العمارة":null,"نوع_الأرض":null,"المساحة_كم2":null,"GlobalID":"{B55CE730-9B70-4378-8CA7-E5E5A015CAE7}","created_user":"gpr.gps","created_date":"2026-04-11T07:55:37Z","last_edited_user":"gpr.gps","last_edited_date":"2026-04-11T07:55:37Z","مساحة_كم2":null,"SHAPE_Length":81.3757862588021,"SHAPE_Area":385.03990907132567},"geometry":{"type":"Polygon","coordinates":[[[32.718838,25.956279],[32.71888,25.956411],[32.719122,25.956354],[32.719085,25.956218],[32.718838,25.956279]]]}},{"type":"Feature","properties":{"source_layer":"Building","source_feature_count":1,"BuildingType":2,"land_use":"سكنى","اسم_المحور":null,"اسم_المحافظة":null,"متوسط_عدد_الادوار_بالعقار":null,"متوسط_عدد_الشقق_بالدور":null,"متوسط_مساحة_الشقق_بالمنطقة":null,"نوع_نمط_العمران":null,"نوع_طبيعة_المنطقة":null,"سعر_العمارة":null,"نوع_الأرض":null,"المساحة_كم2":null,"GlobalID":"{E8121A7A-838E-4228-9577-E7FAD7529C2D}","created_user":"gpr.gps","created_date":"2026-04-11T07:55:37Z","last_edited_user":"gpr.gps","last_edited_date":"2026-04-11T07:55:37Z","مساحة_كم2":null,"SHAPE_Length":84.17675439655649,"SHAPE_Area":408.48780210257496},"geometry":{"type":"Polygon","coordinates":[[[32.718615,25.956476],[32.71888,25.956411],[32.718838,25.956279],[32.718585,25.956341],[32.718615,25.956476]]]}},{"type":"Feature","properties":{"source_layer":"Building","source_feature_count":1,"BuildingType":2,"land_use":"سكنى","اسم_المحور":null,"اسم_المحافظة":null,"متوسط_عدد_الادوار_بالعقار":null,"متوسط_عدد_الشقق_بالدور":null,"متوسط_مساحة_الشقق_بالمنطقة":null,"نوع_نمط_العمران":null,"نوع_طبيعة_المنطقة":null,"سعر_العمارة":null,"نوع_الأرض":null,"المساحة_كم2":null,"GlobalID":"{D10F600F-B6AF-42C5-92E8-9CDACAE99E05}","created_user":"gpr.gps","created_date":"2026-04-11T07:55:37Z","last_edited_user":"gpr.gps","last_edited_date":"2026-04-11T07:55:37Z","مساحة_كم2":null,"SHAPE_Length":89.77592018048743,"SHAPE_Area":456.3761539844022},"geometry":{"type":"Polygon","coordinates":[[[32.718822,25.95657],[32.718783,25.956435],[32.718508,25.956503],[32.718535,25.956644],[32.718822,25.95657]]]}},{"type":"Feature","properties":{"source_layer":"Building","source_feature_count":1,"BuildingType":2,"land_use":"سكنى","اسم_المحور":null,"اسم_المحافظة":null,"متوسط_عدد_الادوار_بالعقار":null,"متوسط_عدد_الشقق_بالدور":null,"متوسط_مساحة_الشقق_بالمنطقة":null,"نوع_نمط_العمران":null,"نوع_طبيعة_المنطقة":null,"سعر_العمارة":null,"نوع_الأرض":null,"المساحة_كم2":null,"GlobalID":"{674C8D38-3EE4-4173-AB45-AE0F82BB1481}","created_user":"gpr.gps","created_date":"2026-04-11T07:55:37Z","last_edited_user":"gpr.gps","last_edited_date":"2026-04-11T07:55:37Z","مساحة_كم2":null,"SHAPE_Length":134.2349839964345,"SHAPE_Area":767.7373722894836},"geometry":{"type":"Polygon","coordinates":[[[32.720844,25.955219],[32.720872,25.955351],[32.72138,25.955217],[32.721342,25.955091],[32.720844,25.955219]]]}},{"type":"Feature","properties":{"source_layer":"Building","source_feature_count":1,"BuildingType":2,"land_use":"سكنى","اسم_المحور":null,"اسم_المحافظة":null,"متوسط_عدد_الادوار_بالعقار":null,"متوسط_عدد_الشقق_بالدور":null,"متوسط_مساحة_الشقق_بالمنطقة":null,"نوع_نمط_العمران":null,"نوع_طبيعة_المنطقة":null,"سعر_العمارة":null,"نوع_الأرض":null,"المساحة_كم2":null,"GlobalID":"{CCCA8A50-B6C4-4C3C-8D30-4FFAC1DAC562}","created_user":"gpr.gps","created_date":"2026-04-11T07:55:37Z","last_edited_user":"gpr.gps","last_edited_date":"2026-04-11T07:55:37Z","مساحة_كم2":null,"SHAPE_Length":155.45340497212055,"SHAPE_Area":969.1333161358904},"geometry":{"type":"Polygon","coordinates":[[[32.719912,25.955604],[32.719867,25.95547],[32.719269,25.955624],[32.719317,25.95576],[32.719912,25.955604]]]}},{"type":"Feature","properties":{"source_layer":"Building","source_feature_count":1,"BuildingType":2,"land_use":"سكنى","اسم_المحور":null,"اسم_المحافظة":null,"متوسط_عدد_الادوار_بالعقار":null,"متوسط_عدد_الشقق_بالدور":null,"متوسط_مساحة_الشقق_بالمنطقة":null,"نوع_نمط_العمران":null,"نوع_طبيعة_المنطقة":null,"سعر_العمارة":null,"نوع_الأرض":null,"المساحة_كم2":null,"GlobalID":"{5EC187AC-9785-4B31-8773-19C4F1D19E04}","created_user":"gpr.gps","created_date":"2026-04-11T07:55:37Z","last_edited_user":"gpr.gps","last_edited_date":"2026-04-11T07:55:37Z","مساحة_كم2":null,"SHAPE_Length":73.37147826477421,"SHAPE_Area":327.21790636876204},"geometry":{"type":"Polygon","coordinates":[[[32.72012,25.955549],[32.720068,25.955419],[32.719867,25.95547],[32.719912,25.955604],[32.72012,25.955549]]]}},{"type":"Feature","properties":{"source_layer":"Building","source_feature_count":1,"BuildingType":2,"land_use":"سكنى","اسم_المحور":null,"اسم_المحافظة":null,"متوسط_عدد_الادوار_بالعقار":null,"متوسط_عدد_الشقق_بالدور":null,"متوسط_مساحة_الشقق_بالمنطقة":null,"نوع_نمط_العمران":null,"نوع_طبيعة_المنطقة":null,"سعر_العمارة":null,"نوع_الأرض":null,"المساحة_كم2":null,"GlobalID":"{BACC97C3-18B4-492E-B3C9-9B2F47E18F39}","created_user":"gpr.gps","created_date":"2026-04-11T07:55:37Z","last_edited_user":"gpr.gps","last_edited_date":"2026-04-11T07:55:37Z","مساحة_كم2":null,"SHAPE_Length":77.92453642383538,"SHAPE_Area":360.9335226564125},"geometry":{"type":"Polygon","coordinates":[[[32.720346,25.95549],[32.720298,25.95536],[32.720068,25.955419],[32.72012,25.955549],[32.720346,25.95549]]]}},{"type":"Feature","properties":{"source_layer":"Building","source_feature_count":1,"BuildingType":2,"land_use":"سكنى","اسم_المحور":null,"اسم_المحافظة":null,"متوسط_عدد_الادوار_بالعقار":null,"متوسط_عدد_الشقق_بالدور":null,"متوسط_مساحة_الشقق_بالمنطقة":null,"نوع_نمط_العمران":null,"نوع_طبيعة_المنطقة":null,"سعر_العمارة":null,"نوع_الأرض":null,"المساحة_كم2":null,"GlobalID":"{DB51C455-C868-4738-9CB3-3992FA9A2711}","created_user":"gpr.gps","created_date":"2026-04-11T07:55:37Z","last_edited_user":"gpr.gps","last_edited_date":"2026-04-11T07:55:37Z","مساحة_كم2":null,"SHAPE_Length":71.74724957560642,"SHAPE_Area":313.3441135088974},"geometry":{"type":"Polygon","coordinates":[[[32.720539,25.955439],[32.720504,25.955307],[32.720298,25.95536],[32.720346,25.95549],[32.720539,25.955439]]]}},{"type":"Feature","properties":{"source_layer":"Building","source_feature_count":1,"BuildingType":2,"land_use":"سكنى","اسم_المحور":null,"اسم_المحافظة":null,"متوسط_عدد_الادوار_بالعقار":null,"متوسط_عدد_الشقق_بالدور":null,"متوسط_مساحة_الشقق_بالمنطقة":null,"نوع_نمط_العمران":null,"نوع_طبيعة_المنطقة":null,"سعر_العمارة":null,"نوع_الأرض":null,"المساحة_كم2":null,"GlobalID":"{9C989252-E25F-4BF4-8B95-1C6E1B9C9D72}","created_user":"gpr.gps","created_date":"2026-04-11T07:55:37Z","last_edited_user":"gpr.gps","last_edited_date":"2026-04-11T07:55:37Z","مساحة_كم2":null,"SHAPE_Length":71.4057380591751,"SHAPE_Area":309.7277685055916},"geometry":{"type":"Polygon","coordinates":[[[32.720735,25.955387],[32.720706,25.955255],[32.720504,25.955307],[32.720539,25.955439],[32.720735,25.955387]]]}},{"type":"Feature","properties":{"source_layer":"Building","source_feature_count":1,"BuildingType":2,"land_use":"سكنى","اسم_المحور":null,"اسم_المحافظة":null,"متوسط_عدد_الادوار_بالعقار":null,"متوسط_عدد_الشقق_بالدور":null,"متوسط_مساحة_الشقق_بالمنطقة":null,"نوع_نمط_العمران":null,"نوع_طبيعة_المنطقة":null,"سعر_العمارة":null,"نوع_الأرض":null,"المساحة_كم2":null,"GlobalID":"{389CFCF5-DDA4-4B69-990D-603617827BB5}","created_user":"gpr.gps","created_date":"2026-04-11T07:55:37Z","last_edited_user":"gpr.gps","last_edited_date":"2026-04-11T07:55:37Z","مساحة_كم2":null,"SHAPE_Length":58.398505191506416,"SHAPE_Area":212.24383705101513},"geometry":{"type":"Polygon","coordinates":[[[32.720872,25.955351],[32.720844,25.955219],[32.720706,25.955255],[32.720735,25.955387],[32.720872,25.955351]]]}},{"type":"Feature","properties":{"source_layer":"Building","source_feature_count":1,"BuildingType":2,"land_use":"سكنى","اسم_المحور":null,"اسم_المحافظة":null,"متوسط_عدد_الادوار_بالعقار":null,"متوسط_عدد_الشقق_بالدور":null,"متوسط_مساحة_الشقق_بالمنطقة":null,"نوع_نمط_العمران":null,"نوع_طبيعة_المنطقة":null,"سعر_العمارة":null,"نوع_الأرض":null,"المساحة_كم2":null,"GlobalID":"{8124AA2A-764F-4CEC-84F3-DAAF228BDBF3}","created_user":"gpr.gps","created_date":"2026-04-11T07:55:37Z","last_edited_user":"gpr.gps","last_edited_date":"2026-04-11T07:55:37Z","مساحة_كم2":null,"SHAPE_Length":106.80555637763416,"SHAPE_Area":581.033038387939},"geometry":{"type":"Polygon","coordinates":[[[32.718526,25.95597],[32.718483,25.955838],[32.718116,25.955931],[32.718158,25.956063],[32.718526,25.95597]]]}},{"type":"Feature","properties":{"source_layer":"Building","source_feature_count":1,"BuildingType":2,"land_use":"سكنى","اسم_المحور":null,"اسم_المحافظة":null,"متوسط_عدد_الادوار_بالعقار":null,"متوسط_عدد_الشقق_بالدور":null,"متوسط_مساحة_الشقق_بالمنطقة":null,"نوع_نمط_العمران":null,"نوع_طبيعة_المنطقة":null,"سعر_العمارة":null,"نوع_الأرض":null,"المساحة_كم2":null,"GlobalID":"{CED2F41A-BBEB-453C-A41B-714029159C09}","created_user":"gpr.gps","created_date":"2026-04-11T07:55:37Z","last_edited_user":"gpr.gps","last_edited_date":"2026-04-11T07:55:37Z","مساحة_كم2":null,"SHAPE_Length":73.10436693389853,"SHAPE_Area":324.6549731339486},"geometry":{"type":"Polygon","coordinates":[[[32.718483,25.955838],[32.718526,25.95597],[32.718727,25.955919],[32.718692,25.955785],[32.718483,25.955838]]]}},{"type":"Feature","properties":{"source_layer":"Building","source_feature_count":1,"BuildingType":2,"land_use":"سكنى","اسم_المحور":null,"اسم_المحافظة":null,"متوسط_عدد_الادوار_بالعقار":null,"متوسط_عدد_الشقق_بالدور":null,"متوسط_مساحة_الشقق_بالمنطقة":null,"نوع_نمط_العمران":null,"نوع_طبيعة_المنطقة":null,"سعر_العمارة":null,"نوع_الأرض":null,"المساحة_كم2":null,"GlobalID":"{87E5334C-533D-4361-ABC0-B1872B22FC0F}","created_user":"gpr.gps","created_date":"2026-04-11T07:55:37Z","last_edited_user":"gpr.gps","last_edited_date":"2026-04-11T07:55:37Z","مساحة_كم2":null,"SHAPE_Length":149.24534012039027,"SHAPE_Area":1309.085087831875},"geometry":{"type":"Polygon","coordinates":[[[32.720266,25.953263],[32.720345,25.953471],[32.720802,25.953424],[32.720692,25.953135],[32.720266,25.953263]]]}},{"type":"Feature","properties":{"source_layer":"Building","source_feature_count":1,"BuildingType":2,"land_use":"سكنى","اسم_المحور":null,"اسم_المحافظة":null,"متوسط_عدد_الادوار_بالعقار":null,"متوسط_عدد_الشقق_بالدور":null,"متوسط_مساحة_الشقق_بالمنطقة":null,"نوع_نمط_العمران":null,"نوع_طبيعة_المنطقة":null,"سعر_العمارة":null,"نوع_الأرض":null,"المساحة_كم2":null,"GlobalID":"{9334F61B-1238-4554-84E6-F2A1D0FB6853}","created_user":"gpr.gps","created_date":"2026-04-11T07:55:37Z","last_edited_user":"gpr.gps","last_edited_date":"2026-04-11T07:55:37Z","مساحة_كم2":null,"SHAPE_Length":48.17638953402799,"SHAPE_Area":139.31518206474675},"geometry":{"type":"Polygon","coordinates":[[[32.720331,25.952285],[32.720239,25.952421],[32.720371,25.952366],[32.720331,25.952285]]]}},{"type":"Feature","properties":{"source_layer":"Building","source_feature_count":1,"BuildingType":2,"land_use":"سكنى","اسم_المحور":null,"اسم_المحافظة":null,"متوسط_عدد_الادوار_بالعقار":null,"متوسط_عدد_الشقق_بالدور":null,"متوسط_مساحة_الشقق_بالمنطقة":null,"نوع_نمط_العمران":null,"نوع_طبيعة_المنطقة":null,"سعر_العمارة":null,"نوع_الأرض":null,"المساحة_كم2":null,"GlobalID":"{8C4C50D2-0685-465E-B3A4-275D4AE61E92}","created_user":"gpr.gps","created_date":"2026-04-11T07:55:37Z","last_edited_user":"gpr.gps","last_edited_date":"2026-04-11T07:55:37Z","مساحة_كم2":null,"SHAPE_Length":48.463831663377164,"SHAPE_Area":146.58583284687282},"geometry":{"type":"Polygon","coordinates":[[[32.719818,25.952319],[32.719865,25.952418],[32.719974,25.952381],[32.719926,25.952273],[32.719818,25.952319]]]}},{"type":"Feature","properties":{"source_layer":"Building","source_feature_count":1,"BuildingType":2,"land_use":"سكنى","اسم_المحور":null,"اسم_المحافظة":null,"متوسط_عدد_الادوار_بالعقار":null,"متوسط_عدد_الشقق_بالدور":null,"متوسط_مساحة_الشقق_بالمنطقة":null,"نوع_نمط_العمران":null,"نوع_طبيعة_المنطقة":null,"سعر_العمارة":null,"نوع_الأرض":null,"المساحة_كم2":null,"GlobalID":"{933706AB-9E81-46AE-A787-D9A7B7CDCE5F}","created_user":"gpr.gps","created_date":"2026-04-11T07:55:37Z","last_edited_user":"gpr.gps","last_edited_date":"2026-04-11T07:55:37Z","مساحة_كم2":null,"SHAPE_Length":142.5850026541036,"SHAPE_Area":1043.761685424137},"geometry":{"type":"Polygon","coordinates":[[[32.718727,25.952869],[32.718542,25.952442],[32.718357,25.952518],[32.718535,25.952945],[32.718727,25.952869]]]}},{"type":"Feature","properties":{"source_layer":"Building","source_feature_count":1,"BuildingType":2,"land_use":"سكنى","اسم_المحور":null,"اسم_المحافظة":null,"متوسط_عدد_الادوار_بالعقار":null,"متوسط_عدد_الشقق_بالدور":null,"متوسط_مساحة_الشقق_بالمنطقة":null,"نوع_نمط_العمران":null,"نوع_طبيعة_المنطقة":null,"سعر_العمارة":null,"نوع_الأرض":null,"المساحة_كم2":null,"GlobalID":"{B7492ACD-13F2-42B6-9B67-4D615A0F4CBE}","created_user":"gpr.gps","created_date":"2026-04-11T07:55:37Z","last_edited_user":"gpr.gps","last_edited_date":"2026-04-11T07:55:37Z","مساحة_كم2":null,"SHAPE_Length":48.43170624476453,"SHAPE_Area":133.61914476086244},"geometry":{"type":"Polygon","coordinates":[[[32.719662,25.951992],[32.719648,25.952158],[32.719721,25.952116],[32.719662,25.951992]]]}},{"type":"Feature","properties":{"source_layer":"Building","source_feature_count":1,"BuildingType":2,"land_use":"سكنى","اسم_المحور":null,"اسم_المحافظة":null,"متوسط_عدد_الادوار_بالعقار":null,"متوسط_عدد_الشقق_بالدور":null,"متوسط_مساحة_الشقق_بالمنطقة":null,"نوع_نمط_العمران":null,"نوع_طبيعة_المنطقة":null,"سعر_العمارة":null,"نوع_الأرض":null,"المساحة_كم2":null,"GlobalID":"{7872AA45-B8CE-4E02-B1D1-377D18226F35}","created_user":"gpr.gps","created_date":"2026-04-11T07:55:37Z","last_edited_user":"gpr.gps","last_edited_date":"2026-04-11T07:55:37Z","مساحة_كم2":null,"SHAPE_Length":44.43083777325194,"SHAPE_Area":96.91253716037582},"geometry":{"type":"Polygon","coordinates":[[[32.719526,25.95244],[32.719503,25.952559],[32.719606,25.952515],[32.719526,25.95244]]]}},{"type":"Feature","properties":{"source_layer":"Building","source_feature_count":1,"BuildingType":2,"land_use":"سكنى","اسم_المحور":null,"اسم_المحافظة":null,"متوسط_عدد_الادوار_بالعقار":null,"متوسط_عدد_الشقق_بالدور":null,"متوسط_مساحة_الشقق_بالمنطقة":null,"نوع_نمط_العمران":null,"نوع_طبيعة_المنطقة":null,"سعر_العمارة":null,"نوع_الأرض":null,"المساحة_كم2":null,"GlobalID":"{8193313F-5122-4871-94B1-DE8CDC115A0A}","created_user":"gpr.gps","created_date":"2026-04-11T07:55:37Z","last_edited_user":"gpr.gps","last_edited_date":"2026-04-11T07:55:37Z","مساحة_كم2":null,"SHAPE_Length":126.83027180421642,"SHAPE_Area":602.4117665441863},"geometry":{"type":"Polygon","coordinates":[[[32.71907,25.952225],[32.719271,25.952655],[32.719366,25.952617],[32.719188,25.952177],[32.71907,25.952225]]]}},{"type":"Feature","properties":{"source_layer":"Building","source_feature_count":1,"BuildingType":2,"land_use":"سكنى","اسم_المحور":null,"اسم_المحافظة":null,"متوسط_عدد_الادوار_بالعقار":null,"متوسط_عدد_الشقق_بالدور":null,"متوسط_مساحة_الشقق_بالمنطقة":null,"نوع_نمط_العمران":null,"نوع_طبيعة_المنطقة":null,"سعر_العمارة":null,"نوع_الأرض":null,"المساحة_كم2":null,"GlobalID":"{0837E81C-109C-4AEF-A2C1-D4F1BC77EF79}","created_user":"gpr.gps","created_date":"2026-04-11T07:55:37Z","last_edited_user":"gpr.gps","last_edited_date":"2026-04-11T07:55:37Z","مساحة_كم2":null,"SHAPE_Length":129.07998784943223,"SHAPE_Area":669.2731686603579},"geometry":{"type":"Polygon","coordinates":[[[32.719271,25.952655],[32.71907,25.952225],[32.718958,25.952271],[32.719146,25.952704],[32.719271,25.952655]]]}},{"type":"Feature","properties":{"source_layer":"Building","source_feature_count":1,"BuildingType":2,"land_use":"سكنى","اسم_المحور":null,"اسم_المحافظة":null,"متوسط_عدد_الادوار_بالعقار":null,"متوسط_عدد_الشقق_بالدور":null,"متوسط_مساحة_الشقق_بالمنطقة":null,"نوع_نمط_العمران":null,"نوع_طبيعة_المنطقة":null,"سعر_العمارة":null,"نوع_الأرض":null,"المساحة_كم2":null,"GlobalID":"{C70370EB-950F-44B1-988C-4B7E7B016BB1}","created_user":"gpr.gps","created_date":"2026-04-11T07:55:37Z","last_edited_user":"gpr.gps","last_edited_date":"2026-04-11T07:55:37Z","مساحة_كم2":null,"SHAPE_Length":88.25534160056722,"SHAPE_Area":401.09713020581773},"geometry":{"type":"Polygon","coordinates":[[[32.719072,25.952534],[32.718958,25.952271],[32.718846,25.952317],[32.718951,25.952583],[32.719072,25.952534]]]}},{"type":"Feature","properties":{"source_layer":"Building","source_feature_count":1,"BuildingType":2,"land_use":"سكنى","اسم_المحور":null,"اسم_المحافظة":null,"متوسط_عدد_الادوار_بالعقار":null,"متوسط_عدد_الشقق_بالدور":null,"متوسط_مساحة_الشقق_بالمنطقة":null,"نوع_نمط_العمران":null,"نوع_طبيعة_المنطقة":null,"سعر_العمارة":null,"نوع_الأرض":null,"المساحة_كم2":null,"GlobalID":"{0F5B5DBB-4891-4347-9AD0-4EB8484DA3F5}","created_user":"gpr.gps","created_date":"2026-04-11T07:55:37Z","last_edited_user":"gpr.gps","last_edited_date":"2026-04-11T07:55:37Z","مساحة_كم2":null,"SHAPE_Length":129.05097047997805,"SHAPE_Area":693.3559657966366},"geometry":{"type":"Polygon","coordinates":[[[32.718853,25.952819],[32.718664,25.952392],[32.718542,25.952442],[32.718727,25.952869],[32.718853,25.952819]]]}},{"type":"Feature","properties":{"source_layer":"Building","source_feature_count":1,"BuildingType":2,"land_use":"سكنى","اسم_المحور":null,"اسم_المحافظة":null,"متوسط_عدد_الادوار_بالعقار":null,"متوسط_عدد_الشقق_بالدور":null,"متوسط_مساحة_الشقق_بالمنطقة":null,"نوع_نمط_العمران":null,"نوع_طبيعة_المنطقة":null,"سعر_العمارة":null,"نوع_الأرض":null,"المساحة_كم2":null,"GlobalID":"{C37313F1-2400-4CD2-A2DC-F087F6DFCECD}","created_user":"gpr.gps","created_date":"2026-04-11T07:55:37Z","last_edited_user":"gpr.gps","last_edited_date":"2026-04-11T07:55:37Z","مساحة_كم2":null,"SHAPE_Length":104.58569528806116,"SHAPE_Area":612.1618045451413},"geometry":{"type":"Polygon","coordinates":[[[32.718479,25.95281],[32.718357,25.952518],[32.718191,25.952586],[32.718323,25.952874],[32.718479,25.95281]]]}},{"type":"Feature","properties":{"source_layer":"Building","source_feature_count":1,"BuildingType":2,"land_use":"سكنى","اسم_المحور":null,"اسم_المحافظة":null,"متوسط_عدد_الادوار_بالعقار":null,"متوسط_عدد_الشقق_بالدور":null,"متوسط_مساحة_الشقق_بالمنطقة":null,"نوع_نمط_العمران":null,"نوع_طبيعة_المنطقة":null,"سعر_العمارة":null,"نوع_الأرض":null,"المساحة_كم2":null,"GlobalID":"{5F41E413-787C-48D5-9B6D-F5672F2C33C2}","created_user":"gpr.gps","created_date":"2026-04-11T07:55:37Z","last_edited_user":"gpr.gps","last_edited_date":"2026-04-11T07:55:37Z","مساحة_كم2":null,"SHAPE_Length":140.30859555625932,"SHAPE_Area":969.314322070714},"geometry":{"type":"Polygon","coordinates":[[[32.719018,25.952754],[32.718846,25.952317],[32.718664,25.952392],[32.718853,25.952819],[32.719018,25.952754]]]}},{"type":"Feature","properties":{"source_layer":"Building","source_feature_count":1,"BuildingType":2,"land_use":"سكنى","اسم_المحور":null,"اسم_المحافظة":null,"متوسط_عدد_الادوار_بالعقار":null,"متوسط_عدد_الشقق_بالدور":null,"متوسط_مساحة_الشقق_بالمنطقة":null,"نوع_نمط_العمران":null,"نوع_طبيعة_المنطقة":null,"سعر_العمارة":null,"نوع_الأرض":null,"المساحة_كم2":null,"GlobalID":"{3B5EC856-31DB-4944-9691-947C416F127A}","created_user":"gpr.gps","created_date":"2026-04-11T07:55:37Z","last_edited_user":"gpr.gps","last_edited_date":"2026-04-11T07:55:37Z","مساحة_كم2":null,"SHAPE_Length":65.48748638613924,"SHAPE_Area":267.4002161122209},"geometry":{"type":"Polygon","coordinates":[[[32.718479,25.95281],[32.718323,25.952874],[32.718382,25.953005],[32.718535,25.952945],[32.718479,25.95281]]]}},{"type":"Feature","properties":{"source_layer":"Building","source_feature_count":1,"BuildingType":2,"land_use":"سكنى","اسم_المحور":null,"اسم_المحافظة":null,"متوسط_عدد_الادوار_بالعقار":null,"متوسط_عدد_الشقق_بالدور":null,"متوسط_مساحة_الشقق_بالمنطقة":null,"نوع_نمط_العمران":null,"نوع_طبيعة_المنطقة":null,"سعر_العمارة":null,"نوع_الأرض":null,"المساحة_كم2":null,"GlobalID":"{B82DF283-4DE0-4889-9705-A113E657383D}","created_user":"gpr.gps","created_date":"2026-04-11T07:55:37Z","last_edited_user":"gpr.gps","last_edited_date":"2026-04-11T07:55:37Z","مساحة_كم2":null,"SHAPE_Length":67.59843812469211,"SHAPE_Area":274.47594580027567},"geometry":{"type":"Polygon","coordinates":[[[32.719072,25.952534],[32.718951,25.952583],[32.719018,25.952754],[32.719146,25.952704],[32.719072,25.952534]]]}},{"type":"Feature","properties":{"source_layer":"Building","source_feature_count":1,"BuildingType":2,"land_use":"سكنى","اسم_المحور":null,"اسم_المحافظة":null,"متوسط_عدد_الادوار_بالعقار":null,"متوسط_عدد_الشقق_بالدور":null,"متوسط_مساحة_الشقق_بالمنطقة":null,"نوع_نمط_العمران":null,"نوع_طبيعة_المنطقة":null,"سعر_العمارة":null,"نوع_الأرض":null,"المساحة_كم2":null,"GlobalID":"{5FC9CAA5-64EB-48DD-BCA3-4D5022F3C94B}","created_user":"gpr.gps","created_date":"2026-04-11T07:55:37Z","last_edited_user":"gpr.gps","last_edited_date":"2026-04-11T07:55:37Z","مساحة_كم2":null,"SHAPE_Length":73.02497573501606,"SHAPE_Area":243.2461480119164},"geometry":{"type":"Polygon","coordinates":[[[32.718046,25.952745],[32.718157,25.952978],[32.718231,25.952945],[32.718132,25.952714],[32.718046,25.952745]]]}},{"type":"Feature","properties":{"source_layer":"Building","source_feature_count":1,"BuildingType":2,"land_use":"سكنى","اسم_المحور":null,"اسم_المحافظة":null,"متوسط_عدد_الادوار_بالعقار":null,"متوسط_عدد_الشقق_بالدور":null,"متوسط_مساحة_الشقق_بالمنطقة":null,"نوع_نمط_العمران":null,"نوع_طبيعة_المنطقة":null,"سعر_العمارة":null,"نوع_الأرض":null,"المساحة_كم2":null,"GlobalID":"{6C85C736-E621-44E0-95A2-4CCD8B72CD58}","created_user":"gpr.gps","created_date":"2026-04-11T07:55:37Z","last_edited_user":"gpr.gps","last_edited_date":"2026-04-11T07:55:37Z","مساحة_كم2":null,"SHAPE_Length":115.78592637743456,"SHAPE_Area":645.9897813022305},"geometry":{"type":"Polygon","coordinates":[[[32.717154,25.952508],[32.717332,25.952847],[32.717416,25.952812],[32.717301,25.952447],[32.717154,25.952508]]]}},{"type":"Feature","properties":{"source_layer":"Building","source_feature_count":1,"BuildingType":2,"land_use":"سكنى","اسم_المحور":null,"اسم_المحافظة":null,"متوسط_عدد_الادوار_بالعقار":null,"متوسط_عدد_الشقق_بالدور":null,"متوسط_مساحة_الشقق_بالمنطقة":null,"نوع_نمط_العمران":null,"نوع_طبيعة_المنطقة":null,"سعر_العمارة":null,"نوع_الأرض":null,"المساحة_كم2":null,"GlobalID":"{12C6B2F2-BD2D-4E54-8240-E6C6298BDD38}","created_user":"gpr.gps","created_date":"2026-04-11T07:55:37Z","last_edited_user":"gpr.gps","last_edited_date":"2026-04-11T07:55:37Z","مساحة_كم2":null,"SHAPE_Length":129.04608033351465,"SHAPE_Area":903.7664275997907},"geometry":{"type":"Polygon","coordinates":[[[32.717516,25.951915],[32.717684,25.952283],[32.71787,25.952214],[32.71771,25.951845],[32.717516,25.951915]]]}},{"type":"Feature","properties":{"source_layer":"Building","source_feature_count":1,"BuildingType":2,"land_use":"سكنى","اسم_المحور":null,"اسم_المحافظة":null,"متوسط_عدد_الادوار_بالعقار":null,"متوسط_عدد_الشقق_بالدور":null,"متوسط_مساحة_الشقق_بالمنطقة":null,"نوع_نمط_العمران":null,"نوع_طبيعة_المنطقة":null,"سعر_العمارة":null,"نوع_الأرض":null,"المساحة_كم2":null,"GlobalID":"{8B2A77BA-92F4-44AC-9116-9B3BA130229B}","created_user":"gpr.gps","created_date":"2026-04-11T07:55:37Z","last_edited_user":"gpr.gps","last_edited_date":"2026-04-11T07:55:37Z","مساحة_كم2":null,"SHAPE_Length":78.24628862767693,"SHAPE_Area":293.5265768888382},"geometry":{"type":"Polygon","coordinates":[[[32.717724,25.952388],[32.717827,25.952637],[32.717922,25.952604],[32.717821,25.952363],[32.717724,25.952388]]]}},{"type":"Feature","properties":{"source_layer":"Building","source_feature_count":1,"BuildingType":2,"land_use":"سكنى","اسم_المحور":null,"اسم_المحافظة":null,"متوسط_عدد_الادوار_بالعقار":null,"متوسط_عدد_الشقق_بالدور":null,"متوسط_مساحة_الشقق_بالمنطقة":null,"نوع_نمط_العمران":null,"نوع_طبيعة_المنطقة":null,"سعر_العمارة":null,"نوع_الأرض":null,"المساحة_كم2":null,"GlobalID":"{F58E3879-22FC-4A64-A3E7-C50F4C9EF6E6}","created_user":"gpr.gps","created_date":"2026-04-11T07:55:37Z","last_edited_user":"gpr.gps","last_edited_date":"2026-04-11T07:55:37Z","مساحة_كم2":null,"SHAPE_Length":23.9568318835533,"SHAPE_Area":33.62462936200555},"geometry":{"type":"Polygon","coordinates":[[[32.717964,25.951981],[32.717957,25.95206],[32.718,25.952041],[32.717964,25.951981]]]}},{"type":"Feature","properties":{"source_layer":"Building","source_feature_count":1,"BuildingType":2,"land_use":"سكنى","اسم_المحور":null,"اسم_المحافظة":null,"متوسط_عدد_الادوار_بالعقار":null,"متوسط_عدد_الشقق_بالدور":null,"متوسط_مساحة_الشقق_بالمنطقة":null,"نوع_نمط_العمران":null,"نوع_طبيعة_المنطقة":null,"سعر_العمارة":null,"نوع_الأرض":null,"المساحة_كم2":null,"GlobalID":"{D78A4AB5-AF0E-4E1D-88B9-54574F232514}","created_user":"gpr.gps","created_date":"2026-04-11T07:55:37Z","last_edited_user":"gpr.gps","last_edited_date":"2026-04-11T07:55:37Z","مساحة_كم2":null,"SHAPE_Length":51.92661493538011,"SHAPE_Area":168.45970739976121},"geometry":{"type":"Polygon","coordinates":[[[32.717985,25.95175],[32.718034,25.951857],[32.718154,25.951812],[32.718108,25.951704],[32.717985,25.95175]]]}},{"type":"Feature","properties":{"source_layer":"Building","source_feature_count":1,"BuildingType":2,"land_use":"سكنى","اسم_المحور":null,"اسم_المحافظة":null,"متوسط_عدد_الادوار_بالعقار":null,"متوسط_عدد_الشقق_بالدور":null,"متوسط_مساحة_الشقق_بالمنطقة":null,"نوع_نمط_العمران":null,"نوع_طبيعة_المنطقة":null,"سعر_العمارة":null,"نوع_الأرض":null,"المساحة_كم2":null,"GlobalID":"{7831AC1F-01FD-4701-B80C-EECA0D4A129A}","created_user":"gpr.gps","created_date":"2026-04-11T07:55:37Z","last_edited_user":"gpr.gps","last_edited_date":"2026-04-11T07:55:37Z","مساحة_كم2":null,"SHAPE_Length":100.7029080535801,"SHAPE_Area":529.3492199180557},"geometry":{"type":"Polygon","coordinates":[[[32.717983,25.953287],[32.718043,25.953415],[32.718366,25.953281],[32.718305,25.953162],[32.717983,25.953287]]]}},{"type":"Feature","properties":{"source_layer":"Building","source_feature_count":1,"BuildingType":2,"land_use":"سكنى","اسم_المحور":null,"اسم_المحافظة":null,"متوسط_عدد_الادوار_بالعقار":null,"متوسط_عدد_الشقق_بالدور":null,"متوسط_مساحة_الشقق_بالمنطقة":null,"نوع_نمط_العمران":null,"نوع_طبيعة_المنطقة":null,"سعر_العمارة":null,"نوع_الأرض":null,"المساحة_كم2":null,"GlobalID":"{4006C4AF-7BFF-4595-826B-2D2642AA35B9}","created_user":"gpr.gps","created_date":"2026-04-11T07:55:37Z","last_edited_user":"gpr.gps","last_edited_date":"2026-04-11T07:55:37Z","مساحة_كم2":null,"SHAPE_Length":152.27379183645814,"SHAPE_Area":848.9306070261262},"geometry":{"type":"Polygon","coordinates":[[[32.716701,25.953964],[32.716747,25.954078],[32.717326,25.953857],[32.717273,25.953744],[32.716701,25.953964]]]}},{"type":"Feature","properties":{"source_layer":"Building","source_feature_count":1,"BuildingType":2,"land_use":"سكنى","اسم_المحور":null,"اسم_المحافظة":null,"متوسط_عدد_الادوار_بالعقار":null,"متوسط_عدد_الشقق_بالدور":null,"متوسط_مساحة_الشقق_بالمنطقة":null,"نوع_نمط_العمران":null,"نوع_طبيعة_المنطقة":null,"سعر_العمارة":null,"نوع_الأرض":null,"المساحة_كم2":null,"GlobalID":"{C4C5287B-3124-41AF-8BD6-695D740D90EB}","created_user":"gpr.gps","created_date":"2026-04-11T07:55:37Z","last_edited_user":"gpr.gps","last_edited_date":"2026-04-11T07:55:37Z","مساحة_كم2":null,"SHAPE_Length":37.80786329411218,"SHAPE_Area":85.12543211580748},"geometry":{"type":"Polygon","coordinates":[[[32.716513,25.953899],[32.716492,25.954019],[32.716564,25.953988],[32.716513,25.953899]]]}},{"type":"Feature","properties":{"source_layer":"Building","source_feature_count":1,"BuildingType":2,"land_use":"سكنى","اسم_المحور":null,"اسم_المحافظة":null,"متوسط_عدد_الادوار_بالعقار":null,"متوسط_عدد_الشقق_بالدور":null,"متوسط_مساحة_الشقق_بالمنطقة":null,"نوع_نمط_العمران":null,"نوع_طبيعة_المنطقة":null,"سعر_العمارة":null,"نوع_الأرض":null,"المساحة_كم2":null,"GlobalID":"{6E0802EF-7E16-4DBA-9A05-F201E60E8196}","created_user":"gpr.gps","created_date":"2026-04-11T07:55:37Z","last_edited_user":"gpr.gps","last_edited_date":"2026-04-11T07:55:37Z","مساحة_كم2":null,"SHAPE_Length":60.43276675415108,"SHAPE_Area":223.88103278672295},"geometry":{"type":"Polygon","coordinates":[[[32.714833,25.941244],[32.71489,25.941345],[32.715042,25.941275],[32.714981,25.941166],[32.714833,25.941244]]]}},{"type":"Feature","properties":{"source_layer":"Building","source_feature_count":1,"BuildingType":2,"land_use":"سكنى","اسم_المحور":null,"اسم_المحافظة":null,"متوسط_عدد_الادوار_بالعقار":null,"متوسط_عدد_الشقق_بالدور":null,"متوسط_مساحة_الشقق_بالمنطقة":null,"نوع_نمط_العمران":null,"نوع_طبيعة_المنطقة":null,"سعر_العمارة":null,"نوع_الأرض":null,"المساحة_كم2":null,"GlobalID":"{89A8114C-4459-4053-AA16-FAB2230681C5}","created_user":"gpr.gps","created_date":"2026-04-11T07:55:37Z","last_edited_user":"gpr.gps","last_edited_date":"2026-04-11T07:55:37Z","مساحة_كم2":null,"SHAPE_Length":60.67835489437531,"SHAPE_Area":226.42074118552398},"geometry":{"type":"Polygon","coordinates":[[[32.714921,25.940766],[32.714977,25.940881],[32.715128,25.940808],[32.715074,25.940703],[32.714921,25.940766]]]}},{"type":"Feature","properties":{"source_layer":"Building","source_feature_count":1,"BuildingType":2,"land_use":"سكنى","اسم_المحور":null,"اسم_المحافظة":null,"متوسط_عدد_الادوار_بالعقار":null,"متوسط_عدد_الشقق_بالدور":null,"متوسط_مساحة_الشقق_بالمنطقة":null,"نوع_نمط_العمران":null,"نوع_طبيعة_المنطقة":null,"سعر_العمارة":null,"نوع_الأرض":null,"المساحة_كم2":null,"GlobalID":"{F4E349F7-597B-4801-9CEE-7C066A4D9CA3}","created_user":"gpr.gps","created_date":"2026-04-11T07:55:37Z","last_edited_user":"gpr.gps","last_edited_date":"2026-04-11T07:55:37Z","مساحة_كم2":null,"SHAPE_Length":63.22886371571744,"SHAPE_Area":170.2896863150538},"geometry":{"type":"Polygon","coordinates":[[[32.712823,25.937677],[32.71294,25.937738],[32.713044,25.937704],[32.713029,25.937608],[32.712823,25.937677]]]}},{"type":"Feature","properties":{"source_layer":"Building","source_feature_count":1,"BuildingType":2,"land_use":"سكنى","اسم_المحور":null,"اسم_المحافظة":null,"متوسط_عدد_الادوار_بالعقار":null,"متوسط_عدد_الشقق_بالدور":null,"متوسط_مساحة_الشقق_بالمنطقة":null,"نوع_نمط_العمران":null,"نوع_طبيعة_المنطقة":null,"سعر_العمارة":null,"نوع_الأرض":null,"المساحة_كم2":null,"GlobalID":"{FD16BC72-4242-4B86-8767-282EDAAA4078}","created_user":"gpr.gps","created_date":"2026-04-11T07:55:37Z","last_edited_user":"gpr.gps","last_edited_date":"2026-04-11T07:55:37Z","مساحة_كم2":null,"SHAPE_Length":60.51807201967256,"SHAPE_Area":204.53015091950917},"geometry":{"type":"Polygon","coordinates":[[[32.713029,25.937608],[32.713044,25.937704],[32.713246,25.937636],[32.713197,25.937552],[32.713029,25.937608]]]}},{"type":"Feature","properties":{"source_layer":"Building","source_feature_count":1,"BuildingType":2,"land_use":"سكنى","اسم_المحور":null,"اسم_المحافظة":null,"متوسط_عدد_الادوار_بالعقار":null,"متوسط_عدد_الشقق_بالدور":null,"متوسط_مساحة_الشقق_بالمنطقة":null,"نوع_نمط_العمران":null,"نوع_طبيعة_المنطقة":null,"سعر_العمارة":null,"نوع_الأرض":null,"المساحة_كم2":null,"GlobalID":"{897E0ED3-0FE6-4818-9571-D745BC26DF04}","created_user":"gpr.gps","created_date":"2026-04-11T07:55:37Z","last_edited_user":"gpr.gps","last_edited_date":"2026-04-11T07:55:37Z","مساحة_كم2":null,"SHAPE_Length":59.69293300884661,"SHAPE_Area":157.17489113864548},"geometry":{"type":"Polygon","coordinates":[[[32.71294,25.937738],[32.712823,25.937677],[32.712727,25.937709],[32.712759,25.9378],[32.71294,25.937738]]]}},{"type":"Feature","properties":{"source_layer":"Building","source_feature_count":1,"BuildingType":2,"land_use":"سكنى","اسم_المحور":null,"اسم_المحافظة":null,"متوسط_عدد_الادوار_بالعقار":null,"متوسط_عدد_الشقق_بالدور":null,"متوسط_مساحة_الشقق_بالمنطقة":null,"نوع_نمط_العمران":null,"نوع_طبيعة_المنطقة":null,"سعر_العمارة":null,"نوع_الأرض":null,"المساحة_كم2":null,"GlobalID":"{388DE4B0-81FB-4BAD-8956-E317EC157BC8}","created_user":"gpr.gps","created_date":"2026-04-11T07:55:37Z","last_edited_user":"gpr.gps","last_edited_date":"2026-04-11T07:55:37Z","مساحة_كم2":null,"SHAPE_Length":44.451706054142576,"SHAPE_Area":123.32640152583542},"geometry":{"type":"Polygon","coordinates":[[[32.709486,25.937079],[32.709391,25.937193],[32.709496,25.937184],[32.709486,25.937079]]]}},{"type":"Feature","properties":{"source_layer":"Building","source_feature_count":1,"BuildingType":2,"land_use":"سكنى","اسم_المحور":null,"اسم_المحافظة":null,"متوسط_عدد_الادوار_بالعقار":null,"متوسط_عدد_الشقق_بالدور":null,"متوسط_مساحة_الشقق_بالمنطقة":null,"نوع_نمط_العمران":null,"نوع_طبيعة_المنطقة":null,"سعر_العمارة":null,"نوع_الأرض":null,"المساحة_كم2":null,"GlobalID":"{BF7C837A-2D0D-47FB-AEA6-EB0D06FB2BCF}","created_user":"gpr.gps","created_date":"2026-04-11T07:55:37Z","last_edited_user":"gpr.gps","last_edited_date":"2026-04-11T07:55:37Z","مساحة_كم2":null,"SHAPE_Length":234.4083827620249,"SHAPE_Area":1870.1737623334031},"geometry":{"type":"Polygon","coordinates":[[[32.709658,25.936556],[32.709384,25.936674],[32.709508,25.937021],[32.710116,25.936967],[32.710063,25.936812],[32.709798,25.936919],[32.709658,25.936556]]]}},{"type":"Feature","properties":{"source_layer":"Building","source_feature_count":1,"BuildingType":2,"land_use":"سكنى","اسم_المحور":null,"اسم_المحافظة":null,"متوسط_عدد_الادوار_بالعقار":null,"متوسط_عدد_الشقق_بالدور":null,"متوسط_مساحة_الشقق_بالمنطقة":null,"نوع_نمط_العمران":null,"نوع_طبيعة_المنطقة":null,"سعر_العمارة":null,"نوع_الأرض":null,"المساحة_كم2":null,"GlobalID":"{96068452-754D-4D79-AF55-8A84F299D25B}","created_user":"gpr.gps","created_date":"2026-04-11T07:55:37Z","last_edited_user":"gpr.gps","last_edited_date":"2026-04-11T07:55:37Z","مساحة_كم2":null,"SHAPE_Length":48.216573822368126,"SHAPE_Area":141.95119958335317},"geometry":{"type":"Polygon","coordinates":[[[32.715863,25.935204],[32.715814,25.935359],[32.715908,25.935322],[32.715863,25.935204]]]}},{"type":"Feature","properties":{"source_layer":"Building","source_feature_count":1,"BuildingType":2,"land_use":"سكنى","اسم_المحور":null,"اسم_المحافظة":null,"متوسط_عدد_الادوار_بالعقار":null,"متوسط_عدد_الشقق_بالدور":null,"متوسط_مساحة_الشقق_بالمنطقة":null,"نوع_نمط_العمران":null,"نوع_طبيعة_المنطقة":null,"سعر_العمارة":null,"نوع_الأرض":null,"المساحة_كم2":null,"GlobalID":"{045F72A9-2278-4B55-9CB4-A7B63F08EC1A}","created_user":"gpr.gps","created_date":"2026-04-11T07:55:37Z","last_edited_user":"gpr.gps","last_edited_date":"2026-04-11T07:55:37Z","مساحة_كم2":null,"SHAPE_Length":57.93519607136321,"SHAPE_Area":207.02375833712503},"geometry":{"type":"Polygon","coordinates":[[[32.71548,25.934766],[32.715551,25.934895],[32.715667,25.934844],[32.715593,25.934713],[32.71548,25.934766]]]}},{"type":"Feature","properties":{"source_layer":"Building","source_feature_count":1,"BuildingType":2,"land_use":"سكنى","اسم_المحور":null,"اسم_المحافظة":null,"متوسط_عدد_الادوار_بالعقار":null,"متوسط_عدد_الشقق_بالدور":null,"متوسط_مساحة_الشقق_بالمنطقة":null,"نوع_نمط_العمران":null,"نوع_طبيعة_المنطقة":null,"سعر_العمارة":null,"نوع_الأرض":null,"المساحة_كم2":null,"GlobalID":"{8B8FCF61-5CF5-4937-BA45-AC4E6D94C0F9}","created_user":"gpr.gps","created_date":"2026-04-11T07:55:37Z","last_edited_user":"gpr.gps","last_edited_date":"2026-04-11T07:55:37Z","مساحة_كم2":null,"SHAPE_Length":84.03037358987815,"SHAPE_Area":357.7016414212719},"geometry":{"type":"Polygon","coordinates":[[[32.716588,25.936723],[32.716816,25.936597],[32.716692,25.936482],[32.716588,25.936723]]]}},{"type":"Feature","properties":{"source_layer":"Building","source_feature_count":1,"BuildingType":2,"land_use":"سكنى","اسم_المحور":null,"اسم_المحافظة":null,"متوسط_عدد_الادوار_بالعقار":null,"متوسط_عدد_الشقق_بالدور":null,"متوسط_مساحة_الشقق_بالمنطقة":null,"نوع_نمط_العمران":null,"نوع_طبيعة_المنطقة":null,"سعر_العمارة":null,"نوع_الأرض":null,"المساحة_كم2":null,"GlobalID":"{7926FF91-786F-4382-8288-7B018C238653}","created_user":"gpr.gps","created_date":"2026-04-11T07:55:37Z","last_edited_user":"gpr.gps","last_edited_date":"2026-04-11T07:55:37Z","مساحة_كم2":null,"SHAPE_Length":49.84652931987116,"SHAPE_Area":150.2393847132758},"geometry":{"type":"Polygon","coordinates":[[[32.716098,25.937784],[32.716157,25.937858],[32.716281,25.937783],[32.716216,25.937709],[32.716098,25.937784]]]}},{"type":"Feature","properties":{"source_layer":"Building","source_feature_count":1,"BuildingType":2,"land_use":"سكنى","اسم_المحور":null,"اسم_المحافظة":null,"متوسط_عدد_الادوار_بالعقار":null,"متوسط_عدد_الشقق_بالدور":null,"متوسط_مساحة_الشقق_بالمنطقة":null,"نوع_نمط_العمران":null,"نوع_طبيعة_المنطقة":null,"سعر_العمارة":null,"نوع_الأرض":null,"المساحة_كم2":null,"GlobalID":"{D3695486-B936-443A-8BE4-A7C39F58BAF4}","created_user":"gpr.gps","created_date":"2026-04-11T07:55:37Z","last_edited_user":"gpr.gps","last_edited_date":"2026-04-11T07:55:37Z","مساحة_كم2":null,"SHAPE_Length":48.528617979903686,"SHAPE_Area":140.9188824909805},"geometry":{"type":"Polygon","coordinates":[[[32.715297,25.938414],[32.715459,25.938477],[32.715374,25.938364],[32.715297,25.938414]]]}},{"type":"Feature","properties":{"source_layer":"Building","source_feature_count":1,"BuildingType":2,"land_use":"سكنى","اسم_المحور":null,"اسم_المحافظة":null,"متوسط_عدد_الادوار_بالعقار":null,"متوسط_عدد_الشقق_بالدور":null,"متوسط_مساحة_الشقق_بالمنطقة":null,"نوع_نمط_العمران":null,"نوع_طبيعة_المنطقة":null,"سعر_العمارة":null,"نوع_الأرض":null,"المساحة_كم2":null,"GlobalID":"{BB3D4716-E435-4FEE-8950-6DEED4CA50CF}","created_user":"gpr.gps","created_date":"2026-04-11T07:55:37Z","last_edited_user":"gpr.gps","last_edited_date":"2026-04-11T07:55:37Z","مساحة_كم2":null,"SHAPE_Length":48.428814326814184,"SHAPE_Area":143.1733565046636},"geometry":{"type":"Polygon","coordinates":[[[32.716556,25.937328],[32.716622,25.937441],[32.716711,25.937398],[32.71665,25.937287],[32.716556,25.937328]]]}},{"type":"Feature","properties":{"source_layer":"Building","source_feature_count":1,"BuildingType":2,"land_use":"سكنى","اسم_المحور":null,"اسم_المحافظة":null,"متوسط_عدد_الادوار_بالعقار":null,"متوسط_عدد_الشقق_بالدور":null,"متوسط_مساحة_الشقق_بالمنطقة":null,"نوع_نمط_العمران":null,"نوع_طبيعة_المنطقة":null,"سعر_العمارة":null,"نوع_الأرض":null,"المساحة_كم2":null,"GlobalID":"{3865539D-C1CD-4419-AA99-020BBA2E35F7}","created_user":"gpr.gps","created_date":"2026-04-11T07:55:37Z","last_edited_user":"gpr.gps","last_edited_date":"2026-04-11T07:55:37Z","مساحة_كم2":null,"SHAPE_Length":50.11926070701249,"SHAPE_Area":152.44451350060774},"geometry":{"type":"Polygon","coordinates":[[[32.716078,25.938318],[32.716203,25.938245],[32.716142,25.938166],[32.716024,25.938241],[32.716078,25.938318]]]}},{"type":"Feature","properties":{"source_layer":"Building","source_feature_count":1,"BuildingType":2,"land_use":"سكنى","اسم_المحور":null,"اسم_المحافظة":null,"متوسط_عدد_الادوار_بالعقار":null,"متوسط_عدد_الشقق_بالدور":null,"متوسط_مساحة_الشقق_بالمنطقة":null,"نوع_نمط_العمران":null,"نوع_طبيعة_المنطقة":null,"سعر_العمارة":null,"نوع_الأرض":null,"المساحة_كم2":null,"GlobalID":"{C3F5264C-9AC6-4785-B646-55EE3B0FB4B5}","created_user":"gpr.gps","created_date":"2026-04-11T07:55:37Z","last_edited_user":"gpr.gps","last_edited_date":"2026-04-11T07:55:37Z","مساحة_كم2":null,"SHAPE_Length":53.36064256942862,"SHAPE_Area":175.20227849833714},"geometry":{"type":"Polygon","coordinates":[[[32.716866,25.938989],[32.716911,25.939095],[32.717044,25.939041],[32.71701,25.938946],[32.716866,25.938989]]]}},{"type":"Feature","properties":{"source_layer":"Building","source_feature_count":1,"BuildingType":2,"land_use":"سكنى","اسم_المحور":null,"اسم_المحافظة":null,"متوسط_عدد_الادوار_بالعقار":null,"متوسط_عدد_الشقق_بالدور":null,"متوسط_مساحة_الشقق_بالمنطقة":null,"نوع_نمط_العمران":null,"نوع_طبيعة_المنطقة":null,"سعر_العمارة":null,"نوع_الأرض":null,"المساحة_كم2":null,"GlobalID":"{DDFE27AA-08A4-4EBF-9748-B20D5B30A7DD}","created_user":"gpr.gps","created_date":"2026-04-11T07:55:37Z","last_edited_user":"gpr.gps","last_edited_date":"2026-04-11T07:55:37Z","مساحة_كم2":null,"SHAPE_Length":41.570163825692575,"SHAPE_Area":107.1420440870557},"geometry":{"type":"Polygon","coordinates":[[[32.719129,25.938651],[32.719262,25.938711],[32.719227,25.938615],[32.719129,25.938651]]]}},{"type":"Feature","properties":{"source_layer":"Building","source_feature_count":1,"BuildingType":2,"land_use":"سكنى","اسم_المحور":null,"اسم_المحافظة":null,"متوسط_عدد_الادوار_بالعقار":null,"متوسط_عدد_الشقق_بالدور":null,"متوسط_مساحة_الشقق_بالمنطقة":null,"نوع_نمط_العمران":null,"نوع_طبيعة_المنطقة":null,"سعر_العمارة":null,"نوع_الأرض":null,"المساحة_كم2":null,"GlobalID":"{42B1D4F4-69DA-4C2E-9BEC-1FC501571AE9}","created_user":"gpr.gps","created_date":"2026-04-11T07:55:37Z","last_edited_user":"gpr.gps","last_edited_date":"2026-04-11T07:55:37Z","مساحة_كم2":null,"SHAPE_Length":62.83098485993928,"SHAPE_Area":240.8895241162178},"geometry":{"type":"Polygon","coordinates":[[[32.7181,25.93837],[32.718162,25.938479],[32.718325,25.938415],[32.718268,25.938307],[32.7181,25.93837]]]}},{"type":"Feature","properties":{"source_layer":"Building","source_feature_count":1,"BuildingType":2,"land_use":"سكنى","اسم_المحور":null,"اسم_المحافظة":null,"متوسط_عدد_الادوار_بالعقار":null,"متوسط_عدد_الشقق_بالدور":null,"متوسط_مساحة_الشقق_بالمنطقة":null,"نوع_نمط_العمران":null,"نوع_طبيعة_المنطقة":null,"سعر_العمارة":null,"نوع_الأرض":null,"المساحة_كم2":null,"GlobalID":"{03E4B2C3-D04C-43A4-A5C3-925D06EAB404}","created_user":"gpr.gps","created_date":"2026-04-11T07:55:37Z","last_edited_user":"gpr.gps","last_edited_date":"2026-04-11T07:55:37Z","مساحة_كم2":null,"SHAPE_Length":61.651628948201896,"SHAPE_Area":229.91471985915055},"geometry":{"type":"Polygon","coordinates":[[[32.716855,25.940738],[32.716971,25.940819],[32.71708,25.940684],[32.716927,25.940645],[32.716855,25.940738]]]}},{"type":"Feature","properties":{"source_layer":"Building","source_feature_count":1,"BuildingType":2,"land_use":"سكنى","اسم_المحور":null,"اسم_المحافظة":null,"متوسط_عدد_الادوار_بالعقار":null,"متوسط_عدد_الشقق_بالدور":null,"متوسط_مساحة_الشقق_بالمنطقة":null,"نوع_نمط_العمران":null,"نوع_طبيعة_المنطقة":null,"سعر_العمارة":null,"نوع_الأرض":null,"المساحة_كم2":null,"GlobalID":"{37EC29D2-76F0-425D-A491-F6B110ABFB21}","created_user":"gpr.gps","created_date":"2026-04-11T07:55:37Z","last_edited_user":"gpr.gps","last_edited_date":"2026-04-11T07:55:37Z","مساحة_كم2":null,"SHAPE_Length":66.19670672014749,"SHAPE_Area":252.12650238266872},"geometry":{"type":"Polygon","coordinates":[[[32.717004,25.940878],[32.716833,25.940765],[32.716771,25.940858],[32.716941,25.94097],[32.717004,25.940878]]]}},{"type":"Feature","properties":{"source_layer":"Building","source_feature_count":1,"BuildingType":2,"land_use":"سكنى","اسم_المحور":null,"اسم_المحافظة":null,"متوسط_عدد_الادوار_بالعقار":null,"متوسط_عدد_الشقق_بالدور":null,"متوسط_مساحة_الشقق_بالمنطقة":null,"نوع_نمط_العمران":null,"نوع_طبيعة_المنطقة":null,"سعر_العمارة":null,"نوع_الأرض":null,"المساحة_كم2":null,"GlobalID":"{3AFCCF5F-66A2-485C-87B9-F2B0A9C9C16B}","created_user":"gpr.gps","created_date":"2026-04-11T07:55:37Z","last_edited_user":"gpr.gps","last_edited_date":"2026-04-11T07:55:37Z","مساحة_كم2":null,"SHAPE_Length":65.6333734682837,"SHAPE_Area":247.23098182478253},"geometry":{"type":"Polygon","coordinates":[[[32.717004,25.940878],[32.716941,25.94097],[32.717114,25.941083],[32.717168,25.940987],[32.717004,25.940878]]]}},{"type":"Feature","properties":{"source_layer":"Building","source_feature_count":1,"BuildingType":2,"land_use":"سكنى","اسم_المحور":null,"اسم_المحافظة":null,"متوسط_عدد_الادوار_بالعقار":null,"متوسط_عدد_الشقق_بالدور":null,"متوسط_مساحة_الشقق_بالمنطقة":null,"نوع_نمط_العمران":null,"نوع_طبيعة_المنطقة":null,"سعر_العمارة":null,"نوع_الأرض":null,"المساحة_كم2":null,"GlobalID":"{1B0FAE17-F6F7-4FC0-88FB-1E6FBB09B72E}","created_user":"gpr.gps","created_date":"2026-04-11T07:55:37Z","last_edited_user":"gpr.gps","last_edited_date":"2026-04-11T07:55:37Z","مساحة_كم2":null,"SHAPE_Length":30.518541461040297,"SHAPE_Area":55.80880459232374},"geometry":{"type":"Polygon","coordinates":[[[32.717211,25.940728],[32.717137,25.940798],[32.7172,25.940814],[32.717211,25.940728]]]}},{"type":"Feature","properties":{"source_layer":"Building","source_feature_count":1,"BuildingType":2,"land_use":"سكنى","اسم_المحور":null,"اسم_المحافظة":null,"متوسط_عدد_الادوار_بالعقار":null,"متوسط_عدد_الشقق_بالدور":null,"متوسط_مساحة_الشقق_بالمنطقة":null,"نوع_نمط_العمران":null,"نوع_طبيعة_المنطقة":null,"سعر_العمارة":null,"نوع_الأرض":null,"المساحة_كم2":null,"GlobalID":"{6CF5012C-67FE-4696-BE63-69F61ECE4B47}","created_user":"gpr.gps","created_date":"2026-04-11T07:55:37Z","last_edited_user":"gpr.gps","last_edited_date":"2026-04-11T07:55:37Z","مساحة_كم2":null,"SHAPE_Length":36.98843160007294,"SHAPE_Area":84.90416724852663},"geometry":{"type":"Polygon","coordinates":[[[32.717343,25.940731],[32.717454,25.940785],[32.717427,25.94071],[32.717343,25.940731]]]}},{"type":"Feature","properties":{"source_layer":"Building","source_feature_count":1,"BuildingType":2,"land_use":"سكنى","اسم_المحور":null,"اسم_المحافظة":null,"متوسط_عدد_الادوار_بالعقار":null,"متوسط_عدد_الشقق_بالدور":null,"متوسط_مساحة_الشقق_بالمنطقة":null,"نوع_نمط_العمران":null,"نوع_طبيعة_المنطقة":null,"سعر_العمارة":null,"نوع_الأرض":null,"المساحة_كم2":null,"GlobalID":"{DC5D11D1-F3FE-483C-BDBA-B7B9B733086A}","created_user":"gpr.gps","created_date":"2026-04-11T07:55:37Z","last_edited_user":"gpr.gps","last_edited_date":"2026-04-11T07:55:37Z","مساحة_كم2":null,"SHAPE_Length":67.78212174064336,"SHAPE_Area":239.30133353801713},"geometry":{"type":"Polygon","coordinates":[[[32.718521,25.940903],[32.718474,25.940816],[32.718269,25.940934],[32.718318,25.941007],[32.718521,25.940903]]]}},{"type":"Feature","properties":{"source_layer":"Building","source_feature_count":1,"BuildingType":2,"land_use":"سكنى","اسم_المحور":null,"اسم_المحافظة":null,"متوسط_عدد_الادوار_بالعقار":null,"متوسط_عدد_الشقق_بالدور":null,"متوسط_مساحة_الشقق_بالمنطقة":null,"نوع_نمط_العمران":null,"نوع_طبيعة_المنطقة":null,"سعر_العمارة":null,"نوع_الأرض":null,"المساحة_كم2":null,"GlobalID":"{F6ED8964-8B1F-4FC7-BF1F-E19C623B4DD5}","created_user":"gpr.gps","created_date":"2026-04-11T07:55:37Z","last_edited_user":"gpr.gps","last_edited_date":"2026-04-11T07:55:37Z","مساحة_كم2":null,"SHAPE_Length":31.89610094038649,"SHAPE_Area":63.50833437774107},"geometry":{"type":"Polygon","coordinates":[[[32.718152,25.941869],[32.718237,25.941934],[32.718228,25.941861],[32.718152,25.941869]]]}},{"type":"Feature","properties":{"source_layer":"Building","source_feature_count":1,"BuildingType":2,"land_use":"سكنى","اسم_المحور":null,"اسم_المحافظة":null,"متوسط_عدد_الادوار_بالعقار":null,"متوسط_عدد_الشقق_بالدور":null,"متوسط_مساحة_الشقق_بالمنطقة":null,"نوع_نمط_العمران":null,"نوع_طبيعة_المنطقة":null,"سعر_العمارة":null,"نوع_الأرض":null,"المساحة_كم2":null,"GlobalID":"{711CE27D-7F0D-4048-99E6-98B5EE999D38}","created_user":"gpr.gps","created_date":"2026-04-11T07:55:37Z","last_edited_user":"gpr.gps","last_edited_date":"2026-04-11T07:55:37Z","مساحة_كم2":null,"SHAPE_Length":74.41675548992676,"SHAPE_Area":323.79820506895516},"geometry":{"type":"Polygon","coordinates":[[[32.718329,25.941987],[32.718379,25.942105],[32.718595,25.942025],[32.71854,25.941913],[32.718329,25.941987]]]}},{"type":"Feature","properties":{"source_layer":"Building","source_feature_count":1,"BuildingType":2,"land_use":"سكنى","اسم_المحور":null,"اسم_المحافظة":null,"متوسط_عدد_الادوار_بالعقار":null,"متوسط_عدد_الشقق_بالدور":null,"متوسط_مساحة_الشقق_بالمنطقة":null,"نوع_نمط_العمران":null,"نوع_طبيعة_المنطقة":null,"سعر_العمارة":null,"نوع_الأرض":null,"المساحة_كم2":null,"GlobalID":"{A9AA61A4-52B7-4C70-B161-98A4604CFB72}","created_user":"gpr.gps","created_date":"2026-04-11T07:55:37Z","last_edited_user":"gpr.gps","last_edited_date":"2026-04-11T07:55:37Z","مساحة_كم2":null,"SHAPE_Length":40.90586836213826,"SHAPE_Area":102.89006600036763},"geometry":{"type":"Polygon","coordinates":[[[32.717967,25.941793],[32.717924,25.941913],[32.718024,25.941857],[32.717967,25.941793]]]}},{"type":"Feature","properties":{"source_layer":"Building","source_feature_count":1,"BuildingType":2,"land_use":"سكنى","اسم_المحور":null,"اسم_المحافظة":null,"متوسط_عدد_الادوار_بالعقار":null,"متوسط_عدد_الشقق_بالدور":null,"متوسط_مساحة_الشقق_بالمنطقة":null,"نوع_نمط_العمران":null,"نوع_طبيعة_المنطقة":null,"سعر_العمارة":null,"نوع_الأرض":null,"المساحة_كم2":null,"GlobalID":"{8290C1C1-137F-46F9-A6C3-CD5B1B71A6AB}","created_user":"gpr.gps","created_date":"2026-04-11T07:55:37Z","last_edited_user":"gpr.gps","last_edited_date":"2026-04-11T07:55:37Z","مساحة_كم2":null,"SHAPE_Length":37.87189569847521,"SHAPE_Area":88.97903103634285},"geometry":{"type":"Polygon","coordinates":[[[32.718206,25.941513],[32.718163,25.941626],[32.718251,25.941578],[32.718206,25.941513]]]}},{"type":"Feature","properties":{"source_layer":"Building","source_feature_count":1,"BuildingType":2,"land_use":"سكنى","اسم_المحور":null,"اسم_المحافظة":null,"متوسط_عدد_الادوار_بالعقار":null,"متوسط_عدد_الشقق_بالدور":null,"متوسط_مساحة_الشقق_بالمنطقة":null,"نوع_نمط_العمران":null,"نوع_طبيعة_المنطقة":null,"سعر_العمارة":null,"نوع_الأرض":null,"المساحة_كم2":null,"GlobalID":"{F2096ECC-2257-4F69-94DD-11378E83364F}","created_user":"gpr.gps","created_date":"2026-04-11T07:55:37Z","last_edited_user":"gpr.gps","last_edited_date":"2026-04-11T07:55:37Z","مساحة_كم2":null,"SHAPE_Length":41.7422846477229,"SHAPE_Area":108.37958819727713},"geometry":{"type":"Polygon","coordinates":[[[32.717341,25.942322],[32.717283,25.942446],[32.717377,25.94242],[32.717341,25.942322]]]}},{"type":"Feature","properties":{"source_layer":"Building","source_feature_count":1,"BuildingType":2,"land_use":"سكنى","اسم_المحور":null,"اسم_المحافظة":null,"متوسط_عدد_الادوار_بالعقار":null,"متوسط_عدد_الشقق_بالدور":null,"متوسط_مساحة_الشقق_بالمنطقة":null,"نوع_نمط_العمران":null,"نوع_طبيعة_المنطقة":null,"سعر_العمارة":null,"نوع_الأرض":null,"المساحة_كم2":null,"GlobalID":"{405C4866-4C8F-40E5-91AD-B4087E23EBD9}","created_user":"gpr.gps","created_date":"2026-04-11T07:55:37Z","last_edited_user":"gpr.gps","last_edited_date":"2026-04-11T07:55:37Z","مساحة_كم2":null,"SHAPE_Length":36.92266520025943,"SHAPE_Area":84.91178309270856},"geometry":{"type":"Polygon","coordinates":[[[32.717039,25.942423],[32.717087,25.942309],[32.717003,25.942341],[32.717039,25.942423]]]}},{"type":"Feature","properties":{"source_layer":"Building","source_feature_count":1,"BuildingType":2,"land_use":"سكنى","اسم_المحور":null,"اسم_المحافظة":null,"متوسط_عدد_الادوار_بالعقار":null,"متوسط_عدد_الشقق_بالدور":null,"متوسط_مساحة_الشقق_بالمنطقة":null,"نوع_نمط_العمران":null,"نوع_طبيعة_المنطقة":null,"سعر_العمارة":null,"نوع_الأرض":null,"المساحة_كم2":null,"GlobalID":"{924A715E-7756-44CC-917F-EC1A49C4B9F1}","created_user":"gpr.gps","created_date":"2026-04-11T07:55:37Z","last_edited_user":"gpr.gps","last_edited_date":"2026-04-11T07:55:37Z","مساحة_كم2":null,"SHAPE_Length":68.3231484924259,"SHAPE_Area":272.73850427453146},"geometry":{"type":"Polygon","coordinates":[[[32.716832,25.941624],[32.71692,25.941798],[32.717045,25.94176],[32.716953,25.941588],[32.716832,25.941624]]]}},{"type":"Feature","properties":{"source_layer":"Building","source_feature_count":1,"BuildingType":2,"land_use":"سكنى","اسم_المحور":null,"اسم_المحافظة":null,"متوسط_عدد_الادوار_بالعقار":null,"متوسط_عدد_الشقق_بالدور":null,"متوسط_مساحة_الشقق_بالمنطقة":null,"نوع_نمط_العمران":null,"نوع_طبيعة_المنطقة":null,"سعر_العمارة":null,"نوع_الأرض":null,"المساحة_كم2":null,"GlobalID":"{DFA0A5F5-89A7-4F84-88AF-DD0AB3FC093F}","created_user":"gpr.gps","created_date":"2026-04-11T07:55:37Z","last_edited_user":"gpr.gps","last_edited_date":"2026-04-11T07:55:37Z","مساحة_كم2":null,"SHAPE_Length":56.22773120620618,"SHAPE_Area":174.76654105848112},"geometry":{"type":"Polygon","coordinates":[[[32.716326,25.941836],[32.716415,25.941987],[32.716492,25.941949],[32.716413,25.941796],[32.716326,25.941836]]]}},{"type":"Feature","properties":{"source_layer":"Building","source_feature_count":1,"BuildingType":2,"land_use":"سكنى","اسم_المحور":null,"اسم_المحافظة":null,"متوسط_عدد_الادوار_بالعقار":null,"متوسط_عدد_الشقق_بالدور":null,"متوسط_مساحة_الشقق_بالمنطقة":null,"نوع_نمط_العمران":null,"نوع_طبيعة_المنطقة":null,"سعر_العمارة":null,"نوع_الأرض":null,"المساحة_كم2":null,"GlobalID":"{238FF8D0-2FAD-4C6F-8922-4D3CF72BEAE1}","created_user":"gpr.gps","created_date":"2026-04-11T07:55:37Z","last_edited_user":"gpr.gps","last_edited_date":"2026-04-11T07:55:37Z","مساحة_كم2":null,"SHAPE_Length":36.694544246339525,"SHAPE_Area":82.85028224241407},"geometry":{"type":"Polygon","coordinates":[[[32.716494,25.941968],[32.716466,25.942083],[32.716539,25.942054],[32.716494,25.941968]]]}},{"type":"Feature","properties":{"source_layer":"Building","source_feature_count":1,"BuildingType":2,"land_use":"سكنى","اسم_المحور":null,"اسم_المحافظة":null,"متوسط_عدد_الادوار_بالعقار":null,"متوسط_عدد_الشقق_بالدور":null,"متوسط_مساحة_الشقق_بالمنطقة":null,"نوع_نمط_العمران":null,"نوع_طبيعة_المنطقة":null,"سعر_العمارة":null,"نوع_الأرض":null,"المساحة_كم2":null,"GlobalID":"{74CFCC4C-A077-4181-8C9C-DF894DF82CE3}","created_user":"gpr.gps","created_date":"2026-04-11T07:55:37Z","last_edited_user":"gpr.gps","last_edited_date":"2026-04-11T07:55:37Z","مساحة_كم2":null,"SHAPE_Length":50.19755376340956,"SHAPE_Area":149.86317964171212},"geometry":{"type":"Polygon","coordinates":[[[32.716547,25.942335],[32.716504,25.942255],[32.716366,25.942316],[32.71641,25.942395],[32.716547,25.942335]]]}},{"type":"Feature","properties":{"source_layer":"Building","source_feature_count":1,"BuildingType":2,"land_use":"سكنى","اسم_المحور":null,"اسم_المحافظة":null,"متوسط_عدد_الادوار_بالعقار":null,"متوسط_عدد_الشقق_بالدور":null,"متوسط_مساحة_الشقق_بالمنطقة":null,"نوع_نمط_العمران":null,"نوع_طبيعة_المنطقة":null,"سعر_العمارة":null,"نوع_الأرض":null,"المساحة_كم2":null,"GlobalID":"{962A65A1-1AA5-488B-858A-DA8EBAE6C21A}","created_user":"gpr.gps","created_date":"2026-04-11T07:55:37Z","last_edited_user":"gpr.gps","last_edited_date":"2026-04-11T07:55:37Z","مساحة_كم2":null,"SHAPE_Length":61.508189216886905,"SHAPE_Area":235.29510760871477},"geometry":{"type":"Polygon","coordinates":[[[32.715243,25.942063],[32.715319,25.942186],[32.715443,25.942112],[32.715363,25.941985],[32.715243,25.942063]]]}},{"type":"Feature","properties":{"source_layer":"Building","source_feature_count":1,"BuildingType":2,"land_use":"سكنى","اسم_المحور":null,"اسم_المحافظة":null,"متوسط_عدد_الادوار_بالعقار":null,"متوسط_عدد_الشقق_بالدور":null,"متوسط_مساحة_الشقق_بالمنطقة":null,"نوع_نمط_العمران":null,"نوع_طبيعة_المنطقة":null,"سعر_العمارة":null,"نوع_الأرض":null,"المساحة_كم2":null,"GlobalID":"{E3668C37-74B8-4AD6-BE95-4ABF67F692C3}","created_user":"gpr.gps","created_date":"2026-04-11T07:55:37Z","last_edited_user":"gpr.gps","last_edited_date":"2026-04-11T07:55:37Z","مساحة_كم2":null,"SHAPE_Length":54.66821968889336,"SHAPE_Area":186.27448245463583},"geometry":{"type":"Polygon","coordinates":[[[32.716289,25.943569],[32.716408,25.943514],[32.716335,25.943403],[32.716221,25.943457],[32.716289,25.943569]]]}},{"type":"Feature","properties":{"source_layer":"Building","source_feature_count":1,"BuildingType":2,"land_use":"سكنى","اسم_المحور":null,"اسم_المحافظة":null,"متوسط_عدد_الادوار_بالعقار":null,"متوسط_عدد_الشقق_بالدور":null,"متوسط_مساحة_الشقق_بالمنطقة":null,"نوع_نمط_العمران":null,"نوع_طبيعة_المنطقة":null,"سعر_العمارة":null,"نوع_الأرض":null,"المساحة_كم2":null,"GlobalID":"{69A0271E-A090-4A51-B545-BFFA0EE7B0E6}","created_user":"gpr.gps","created_date":"2026-04-11T07:55:37Z","last_edited_user":"gpr.gps","last_edited_date":"2026-04-11T07:55:37Z","مساحة_كم2":null,"SHAPE_Length":38.46760038804072,"SHAPE_Area":89.57200285673638},"geometry":{"type":"Polygon","coordinates":[[[32.719467,25.942667],[32.719414,25.942784],[32.719507,25.942727],[32.719467,25.942667]]]}},{"type":"Feature","properties":{"source_layer":"Building","source_feature_count":1,"BuildingType":2,"land_use":"سكنى","اسم_المحور":null,"اسم_المحافظة":null,"متوسط_عدد_الادوار_بالعقار":null,"متوسط_عدد_الشقق_بالدور":null,"متوسط_مساحة_الشقق_بالمنطقة":null,"نوع_نمط_العمران":null,"نوع_طبيعة_المنطقة":null,"سعر_العمارة":null,"نوع_الأرض":null,"المساحة_كم2":null,"GlobalID":"{46366176-671B-47E6-A972-EC097602D064}","created_user":"gpr.gps","created_date":"2026-04-11T07:55:37Z","last_edited_user":"gpr.gps","last_edited_date":"2026-04-11T07:55:37Z","مساحة_كم2":null,"SHAPE_Length":41.34568927668679,"SHAPE_Area":101.99399099959908},"geometry":{"type":"Polygon","coordinates":[[[32.718965,25.943777],[32.718994,25.943641],[32.71892,25.943675],[32.718965,25.943777]]]}},{"type":"Feature","properties":{"source_layer":"Building","source_feature_count":1,"BuildingType":2,"land_use":"سكنى","اسم_المحور":null,"اسم_المحافظة":null,"متوسط_عدد_الادوار_بالعقار":null,"متوسط_عدد_الشقق_بالدور":null,"متوسط_مساحة_الشقق_بالمنطقة":null,"نوع_نمط_العمران":null,"نوع_طبيعة_المنطقة":null,"سعر_العمارة":null,"نوع_الأرض":null,"المساحة_كم2":null,"GlobalID":"{9B29C4D9-93A0-4FE7-A8FD-6D1482134748}","created_user":"gpr.gps","created_date":"2026-04-11T07:55:37Z","last_edited_user":"gpr.gps","last_edited_date":"2026-04-11T07:55:37Z","مساحة_كم2":null,"SHAPE_Length":31.607630268755088,"SHAPE_Area":61.50792396813089},"geometry":{"type":"Polygon","coordinates":[[[32.718964,25.943549],[32.719055,25.9436],[32.719032,25.943528],[32.718964,25.943549]]]}},{"type":"Feature","properties":{"source_layer":"Building","source_feature_count":1,"BuildingType":2,"land_use":"سكنى","اسم_المحور":null,"اسم_المحافظة":null,"متوسط_عدد_الادوار_بالعقار":null,"متوسط_عدد_الشقق_بالدور":null,"متوسط_مساحة_الشقق_بالمنطقة":null,"نوع_نمط_العمران":null,"نوع_طبيعة_المنطقة":null,"سعر_العمارة":null,"نوع_الأرض":null,"المساحة_كم2":null,"GlobalID":"{A97F8C36-A8EC-47B5-87AD-96021963311C}","created_user":"gpr.gps","created_date":"2026-04-11T07:55:37Z","last_edited_user":"gpr.gps","last_edited_date":"2026-04-11T07:55:37Z","مساحة_كم2":null,"SHAPE_Length":35.11555712725725,"SHAPE_Area":76.55621520145674},"geometry":{"type":"Polygon","coordinates":[[[32.718775,25.943431],[32.718743,25.94354],[32.718818,25.943506],[32.718775,25.943431]]]}},{"type":"Feature","properties":{"source_layer":"Building","source_feature_count":1,"BuildingType":2,"land_use":"سكنى","اسم_المحور":null,"اسم_المحافظة":null,"متوسط_عدد_الادوار_بالعقار":null,"متوسط_عدد_الشقق_بالدور":null,"متوسط_مساحة_الشقق_بالمنطقة":null,"نوع_نمط_العمران":null,"نوع_طبيعة_المنطقة":null,"سعر_العمارة":null,"نوع_الأرض":null,"المساحة_كم2":null,"GlobalID":"{2CD6CEAF-B145-462B-A6EC-6E999031F00C}","created_user":"gpr.gps","created_date":"2026-04-11T07:55:37Z","last_edited_user":"gpr.gps","last_edited_date":"2026-04-11T07:55:37Z","مساحة_كم2":null,"SHAPE_Length":34.70634201476564,"SHAPE_Area":74.16286838428015},"geometry":{"type":"Polygon","coordinates":[[[32.718807,25.943676],[32.718701,25.94363],[32.71874,25.943708],[32.718807,25.943676]]]}},{"type":"Feature","properties":{"source_layer":"Building","source_feature_count":1,"BuildingType":2,"land_use":"سكنى","اسم_المحور":null,"اسم_المحافظة":null,"متوسط_عدد_الادوار_بالعقار":null,"متوسط_عدد_الشقق_بالدور":null,"متوسط_مساحة_الشقق_بالمنطقة":null,"نوع_نمط_العمران":null,"نوع_طبيعة_المنطقة":null,"سعر_العمارة":null,"نوع_الأرض":null,"المساحة_كم2":null,"GlobalID":"{CADE3C94-098B-4C20-85BB-C0747D91A0A6}","created_user":"gpr.gps","created_date":"2026-04-11T07:55:37Z","last_edited_user":"gpr.gps","last_edited_date":"2026-04-11T07:55:37Z","مساحة_كم2":null,"SHAPE_Length":42.93197375333534,"SHAPE_Area":106.25772444213523},"geometry":{"type":"Polygon","coordinates":[[[32.718468,25.943323],[32.718464,25.943462],[32.718538,25.943432],[32.718468,25.943323]]]}},{"type":"Feature","properties":{"source_layer":"Building","source_feature_count":1,"BuildingType":2,"land_use":"سكنى","اسم_المحور":null,"اسم_المحافظة":null,"متوسط_عدد_الادوار_بالعقار":null,"متوسط_عدد_الشقق_بالدور":null,"متوسط_مساحة_الشقق_بالمنطقة":null,"نوع_نمط_العمران":null,"نوع_طبيعة_المنطقة":null,"سعر_العمارة":null,"نوع_الأرض":null,"المساحة_كم2":null,"GlobalID":"{95A59881-036E-4445-85D1-699C4CD4C7B6}","created_user":"gpr.gps","created_date":"2026-04-11T07:55:37Z","last_edited_user":"gpr.gps","last_edited_date":"2026-04-11T07:55:37Z","مساحة_كم2":null,"SHAPE_Length":56.85860189072628,"SHAPE_Area":201.83983110304607},"geometry":{"type":"Polygon","coordinates":[[[32.71781,25.943519],[32.717886,25.943626],[32.718003,25.943555],[32.717932,25.943445],[32.71781,25.943519]]]}},{"type":"Feature","properties":{"source_layer":"Building","source_feature_count":1,"BuildingType":2,"land_use":"سكنى","اسم_المحور":null,"اسم_المحافظة":null,"متوسط_عدد_الادوار_بالعقار":null,"متوسط_عدد_الشقق_بالدور":null,"متوسط_مساحة_الشقق_بالمنطقة":null,"نوع_نمط_العمران":null,"نوع_طبيعة_المنطقة":null,"سعر_العمارة":null,"نوع_الأرض":null,"المساحة_كم2":null,"GlobalID":"{5966BFC8-4879-4B96-92A4-7B79EFB6144F}","created_user":"gpr.gps","created_date":"2026-04-11T07:55:37Z","last_edited_user":"gpr.gps","last_edited_date":"2026-04-11T07:55:37Z","مساحة_كم2":null,"SHAPE_Length":48.91150313728345,"SHAPE_Area":144.6176534346351},"geometry":{"type":"Polygon","coordinates":[[[32.7183,25.943821],[32.718273,25.943976],[32.718366,25.94394],[32.7183,25.943821]]]}},{"type":"Feature","properties":{"source_layer":"Building","source_feature_count":1,"BuildingType":2,"land_use":"سكنى","اسم_المحور":null,"اسم_المحافظة":null,"متوسط_عدد_الادوار_بالعقار":null,"متوسط_عدد_الشقق_بالدور":null,"متوسط_مساحة_الشقق_بالمنطقة":null,"نوع_نمط_العمران":null,"نوع_طبيعة_المنطقة":null,"سعر_العمارة":null,"نوع_الأرض":null,"المساحة_كم2":null,"GlobalID":"{71283366-1813-4DB0-A509-19DA5F362364}","created_user":"gpr.gps","created_date":"2026-04-11T07:55:37Z","last_edited_user":"gpr.gps","last_edited_date":"2026-04-11T07:55:37Z","مساحة_كم2":null,"SHAPE_Length":40.25710410461638,"SHAPE_Area":101.02494852072653},"geometry":{"type":"Polygon","coordinates":[[[32.718642,25.943943],[32.718586,25.944066],[32.718677,25.944025],[32.718642,25.943943]]]}},{"type":"Feature","properties":{"source_layer":"Building","source_feature_count":1,"BuildingType":2,"land_use":"سكنى","اسم_المحور":null,"اسم_المحافظة":null,"متوسط_عدد_الادوار_بالعقار":null,"متوسط_عدد_الشقق_بالدور":null,"متوسط_مساحة_الشقق_بالمنطقة":null,"نوع_نمط_العمران":null,"نوع_طبيعة_المنطقة":null,"سعر_العمارة":null,"نوع_الأرض":null,"المساحة_كم2":null,"GlobalID":"{A96B2D15-3263-418D-9B79-B397FF94D00C}","created_user":"gpr.gps","created_date":"2026-04-11T07:55:37Z","last_edited_user":"gpr.gps","last_edited_date":"2026-04-11T07:55:37Z","مساحة_كم2":null,"SHAPE_Length":73.16116296708975,"SHAPE_Area":304.53684012420234},"geometry":{"type":"Polygon","coordinates":[[[32.717538,25.94459],[32.717643,25.944744],[32.71775,25.944682],[32.717647,25.944491],[32.717538,25.94459]]]}},{"type":"Feature","properties":{"source_layer":"Building","source_feature_count":1,"BuildingType":2,"land_use":"سكنى","اسم_المحور":null,"اسم_المحافظة":null,"متوسط_عدد_الادوار_بالعقار":null,"متوسط_عدد_الشقق_بالدور":null,"متوسط_مساحة_الشقق_بالمنطقة":null,"نوع_نمط_العمران":null,"نوع_طبيعة_المنطقة":null,"سعر_العمارة":null,"نوع_الأرض":null,"المساحة_كم2":null,"GlobalID":"{38ECD172-6A36-4E55-84D6-C46D2069C417}","created_user":"gpr.gps","created_date":"2026-04-11T07:55:37Z","last_edited_user":"gpr.gps","last_edited_date":"2026-04-11T07:55:37Z","مساحة_كم2":null,"SHAPE_Length":60.118099280996795,"SHAPE_Area":223.2001187542608},"geometry":{"type":"Polygon","coordinates":[[[32.716329,25.945037],[32.7164,25.945165],[32.716517,25.945094],[32.716446,25.944965],[32.716329,25.945037]]]}},{"type":"Feature","properties":{"source_layer":"Building","source_feature_count":1,"BuildingType":2,"land_use":"سكنى","اسم_المحور":null,"اسم_المحافظة":null,"متوسط_عدد_الادوار_بالعقار":null,"متوسط_عدد_الشقق_بالدور":null,"متوسط_مساحة_الشقق_بالمنطقة":null,"نوع_نمط_العمران":null,"نوع_طبيعة_المنطقة":null,"سعر_العمارة":null,"نوع_الأرض":null,"المساحة_كم2":null,"GlobalID":"{77C75656-377C-4125-9376-7ED91B06DE71}","created_user":"gpr.gps","created_date":"2026-04-11T07:55:37Z","last_edited_user":"gpr.gps","last_edited_date":"2026-04-11T07:55:37Z","مساحة_كم2":null,"SHAPE_Length":59.46576038412542,"SHAPE_Area":219.16522061223034},"geometry":{"type":"Polygon","coordinates":[[[32.716254,25.944901],[32.716329,25.945037],[32.716446,25.944965],[32.716376,25.944847],[32.716254,25.944901]]]}},{"type":"Feature","properties":{"source_layer":"Building","source_feature_count":1,"BuildingType":2,"land_use":"سكنى","اسم_المحور":null,"اسم_المحافظة":null,"متوسط_عدد_الادوار_بالعقار":null,"متوسط_عدد_الشقق_بالدور":null,"متوسط_مساحة_الشقق_بالمنطقة":null,"نوع_نمط_العمران":null,"نوع_طبيعة_المنطقة":null,"سعر_العمارة":null,"نوع_الأرض":null,"المساحة_كم2":null,"GlobalID":"{73EC7CE6-E6B9-4724-9CB7-BC4DDB217F17}","created_user":"gpr.gps","created_date":"2026-04-11T07:55:37Z","last_edited_user":"gpr.gps","last_edited_date":"2026-04-11T07:55:37Z","مساحة_كم2":null,"SHAPE_Length":102.76997584972047,"SHAPE_Area":484.84385581600486},"geometry":{"type":"Polygon","coordinates":[[[32.718019,25.945928],[32.718082,25.946027],[32.718406,25.945832],[32.718344,25.945736],[32.718019,25.945928]]]}},{"type":"Feature","properties":{"source_layer":"Building","source_feature_count":1,"BuildingType":2,"land_use":"سكنى","اسم_المحور":null,"اسم_المحافظة":null,"متوسط_عدد_الادوار_بالعقار":null,"متوسط_عدد_الشقق_بالدور":null,"متوسط_مساحة_الشقق_بالمنطقة":null,"نوع_نمط_العمران":null,"نوع_طبيعة_المنطقة":null,"سعر_العمارة":null,"نوع_الأرض":null,"المساحة_كم2":null,"GlobalID":"{BC0EEEE4-84C3-4782-9B98-42EDAF8FBDEB}","created_user":"gpr.gps","created_date":"2026-04-11T07:55:37Z","last_edited_user":"gpr.gps","last_edited_date":"2026-04-11T07:55:37Z","مساحة_كم2":null,"SHAPE_Length":38.92512799445935,"SHAPE_Area":93.01946726069446},"geometry":{"type":"Polygon","coordinates":[[[32.720092,25.946073],[32.720028,25.946183],[32.720126,25.946143],[32.720092,25.946073]]]}},{"type":"Feature","properties":{"source_layer":"Building","source_feature_count":1,"BuildingType":2,"land_use":"سكنى","اسم_المحور":null,"اسم_المحافظة":null,"متوسط_عدد_الادوار_بالعقار":null,"متوسط_عدد_الشقق_بالدور":null,"متوسط_مساحة_الشقق_بالمنطقة":null,"نوع_نمط_العمران":null,"نوع_طبيعة_المنطقة":null,"سعر_العمارة":null,"نوع_الأرض":null,"المساحة_كم2":null,"GlobalID":"{6AEE0125-19E7-4662-A364-0168348F56F6}","created_user":"gpr.gps","created_date":"2026-04-11T07:55:37Z","last_edited_user":"gpr.gps","last_edited_date":"2026-04-11T07:55:37Z","مساحة_كم2":null,"SHAPE_Length":48.08754428563318,"SHAPE_Area":144.35629625168463},"geometry":{"type":"Polygon","coordinates":[[[32.720114,25.946024],[32.720167,25.946126],[32.720272,25.946072],[32.720219,25.945977],[32.720114,25.946024]]]}},{"type":"Feature","properties":{"source_layer":"Building","source_feature_count":1,"BuildingType":2,"land_use":"سكنى","اسم_المحور":null,"اسم_المحافظة":null,"متوسط_عدد_الادوار_بالعقار":null,"متوسط_عدد_الشقق_بالدور":null,"متوسط_مساحة_الشقق_بالمنطقة":null,"نوع_نمط_العمران":null,"نوع_طبيعة_المنطقة":null,"سعر_العمارة":null,"نوع_الأرض":null,"المساحة_كم2":null,"GlobalID":"{C3BB9C99-DCC5-41EB-9C8A-7A93CAA3F15E}","created_user":"gpr.gps","created_date":"2026-04-11T07:55:37Z","last_edited_user":"gpr.gps","last_edited_date":"2026-04-11T07:55:37Z","مساحة_كم2":null,"SHAPE_Length":47.792484286425264,"SHAPE_Area":136.0507462671969},"geometry":{"type":"Polygon","coordinates":[[[32.720403,25.945916],[32.720315,25.946049],[32.720448,25.945991],[32.720403,25.945916]]]}},{"type":"Feature","properties":{"source_layer":"Building","source_feature_count":1,"BuildingType":2,"land_use":"سكنى","اسم_المحور":null,"اسم_المحافظة":null,"متوسط_عدد_الادوار_بالعقار":null,"متوسط_عدد_الشقق_بالدور":null,"متوسط_مساحة_الشقق_بالمنطقة":null,"نوع_نمط_العمران":null,"نوع_طبيعة_المنطقة":null,"سعر_العمارة":null,"نوع_الأرض":null,"المساحة_كم2":null,"GlobalID":"{0E510C25-E372-456A-942B-1B6F79AC9F26}","created_user":"gpr.gps","created_date":"2026-04-11T07:55:37Z","last_edited_user":"gpr.gps","last_edited_date":"2026-04-11T07:55:37Z","مساحة_كم2":null,"SHAPE_Length":74.32520764129971,"SHAPE_Area":263.1687054783446},"geometry":{"type":"Polygon","coordinates":[[[32.720548,25.945942],[32.720667,25.945899],[32.720628,25.945797],[32.720416,25.945826],[32.720548,25.945942]]]}},{"type":"Feature","properties":{"source_layer":"Building","source_feature_count":1,"BuildingType":2,"land_use":"سكنى","اسم_المحور":null,"اسم_المحافظة":null,"متوسط_عدد_الادوار_بالعقار":null,"متوسط_عدد_الشقق_بالدور":null,"متوسط_مساحة_الشقق_بالمنطقة":null,"نوع_نمط_العمران":null,"نوع_طبيعة_المنطقة":null,"سعر_العمارة":null,"نوع_الأرض":null,"المساحة_كم2":null,"GlobalID":"{4FDD03E3-208D-42A5-9274-8B6408F0F4AA}","created_user":"gpr.gps","created_date":"2026-04-11T07:55:37Z","last_edited_user":"gpr.gps","last_edited_date":"2026-04-11T07:55:37Z","مساحة_كم2":null,"SHAPE_Length":48.6866161136908,"SHAPE_Area":147.31526527400047},"geometry":{"type":"Polygon","coordinates":[[[32.721173,25.945622],[32.721223,25.945713],[32.721338,25.945667],[32.721295,25.945571],[32.721173,25.945622]]]}},{"type":"Feature","properties":{"source_layer":"Building","source_feature_count":1,"BuildingType":2,"land_use":"سكنى","اسم_المحور":null,"اسم_المحافظة":null,"متوسط_عدد_الادوار_بالعقار":null,"متوسط_عدد_الشقق_بالدور":null,"متوسط_مساحة_الشقق_بالمنطقة":null,"نوع_نمط_العمران":null,"نوع_طبيعة_المنطقة":null,"سعر_العمارة":null,"نوع_الأرض":null,"المساحة_كم2":null,"GlobalID":"{3E0168DA-70CB-4820-8915-9A1AB2D559E8}","created_user":"gpr.gps","created_date":"2026-04-11T07:55:37Z","last_edited_user":"gpr.gps","last_edited_date":"2026-04-11T07:55:37Z","مساحة_كم2":null,"SHAPE_Length":63.91221583205294,"SHAPE_Area":243.7998875142641},"geometry":{"type":"Polygon","coordinates":[[[32.721186,25.944966],[32.721253,25.945062],[32.72142,25.944978],[32.721357,25.944879],[32.721186,25.944966]]]}},{"type":"Feature","properties":{"source_layer":"Building","source_feature_count":1,"BuildingType":2,"land_use":"سكنى","اسم_المحور":null,"اسم_المحافظة":null,"متوسط_عدد_الادوار_بالعقار":null,"متوسط_عدد_الشقق_بالدور":null,"متوسط_مساحة_الشقق_بالمنطقة":null,"نوع_نمط_العمران":null,"نوع_طبيعة_المنطقة":null,"سعر_العمارة":null,"نوع_الأرض":null,"المساحة_كم2":null,"GlobalID":"{C4D42680-FB3B-45BB-9BD4-37C43312F6B7}","created_user":"gpr.gps","created_date":"2026-04-11T07:55:37Z","last_edited_user":"gpr.gps","last_edited_date":"2026-04-11T07:55:37Z","مساحة_كم2":null,"SHAPE_Length":47.10532466273259,"SHAPE_Area":129.4540706033067},"geometry":{"type":"Polygon","coordinates":[[[32.720702,25.94376],[32.720617,25.943888],[32.720752,25.943825],[32.720702,25.94376]]]}},{"type":"Feature","properties":{"source_layer":"Building","source_feature_count":1,"BuildingType":2,"land_use":"سكنى","اسم_المحور":null,"اسم_المحافظة":null,"متوسط_عدد_الادوار_بالعقار":null,"متوسط_عدد_الشقق_بالدور":null,"متوسط_مساحة_الشقق_بالمنطقة":null,"نوع_نمط_العمران":null,"نوع_طبيعة_المنطقة":null,"سعر_العمارة":null,"نوع_الأرض":null,"المساحة_كم2":null,"GlobalID":"{A5E6D041-7AA2-465D-B023-EB3FABC0AEE3}","created_user":"gpr.gps","created_date":"2026-04-11T07:55:37Z","last_edited_user":"gpr.gps","last_edited_date":"2026-04-11T07:55:37Z","مساحة_كم2":null,"SHAPE_Length":58.085329235299234,"SHAPE_Area":207.84128026637393},"geometry":{"type":"Polygon","coordinates":[[[32.720435,25.943498],[32.720503,25.943632],[32.720621,25.943578],[32.720546,25.943449],[32.720435,25.943498]]]}},{"type":"Feature","properties":{"source_layer":"Building","source_feature_count":1,"BuildingType":2,"land_use":"سكنى","اسم_المحور":null,"اسم_المحافظة":null,"متوسط_عدد_الادوار_بالعقار":null,"متوسط_عدد_الشقق_بالدور":null,"متوسط_مساحة_الشقق_بالمنطقة":null,"نوع_نمط_العمران":null,"نوع_طبيعة_المنطقة":null,"سعر_العمارة":null,"نوع_الأرض":null,"المساحة_كم2":null,"GlobalID":"{3477A549-F113-4F9B-A8A5-FD412BBC9A25}","created_user":"gpr.gps","created_date":"2026-04-11T07:55:37Z","last_edited_user":"gpr.gps","last_edited_date":"2026-04-11T07:55:37Z","مساحة_كم2":null,"SHAPE_Length":77.36485331213498,"SHAPE_Area":352.488034320888},"geometry":{"type":"Polygon","coordinates":[[[32.723614,25.949944],[32.723701,25.950053],[32.723896,25.94992],[32.723803,25.949818],[32.723614,25.949944]]]}},{"type":"Feature","properties":{"source_layer":"Building","source_feature_count":1,"BuildingType":2,"land_use":"سكنى","اسم_المحور":null,"اسم_المحافظة":null,"متوسط_عدد_الادوار_بالعقار":null,"متوسط_عدد_الشقق_بالدور":null,"متوسط_مساحة_الشقق_بالمنطقة":null,"نوع_نمط_العمران":null,"نوع_طبيعة_المنطقة":null,"سعر_العمارة":null,"نوع_الأرض":null,"المساحة_كم2":null,"GlobalID":"{31CAFE54-C3AF-4125-AEE6-4B2C73873419}","created_user":"gpr.gps","created_date":"2026-04-11T07:55:37Z","last_edited_user":"gpr.gps","last_edited_date":"2026-04-11T07:55:37Z","مساحة_كم2":null,"SHAPE_Length":59.820264035815356,"SHAPE_Area":196.80743646582545},"geometry":{"type":"Polygon","coordinates":[[[32.723639,25.94975],[32.723574,25.949571],[32.723486,25.949609],[32.723541,25.949774],[32.723639,25.94975]]]}},{"type":"Feature","properties":{"source_layer":"Building","source_feature_count":1,"BuildingType":2,"land_use":"سكنى","اسم_المحور":null,"اسم_المحافظة":null,"متوسط_عدد_الادوار_بالعقار":null,"متوسط_عدد_الشقق_بالدور":null,"متوسط_مساحة_الشقق_بالمنطقة":null,"نوع_نمط_العمران":null,"نوع_طبيعة_المنطقة":null,"سعر_العمارة":null,"نوع_الأرض":null,"المساحة_كم2":null,"GlobalID":"{E5CF32CF-0959-42EA-AEDF-2FBC82437FAB}","created_user":"gpr.gps","created_date":"2026-04-11T07:55:37Z","last_edited_user":"gpr.gps","last_edited_date":"2026-04-11T07:55:37Z","مساحة_كم2":null,"SHAPE_Length":47.59238497796962,"SHAPE_Area":137.30681435180554},"geometry":{"type":"Polygon","coordinates":[[[32.724429,25.950306],[32.724326,25.950433],[32.724462,25.950393],[32.724429,25.950306]]]}},{"type":"Feature","properties":{"source_layer":"Building","source_feature_count":1,"BuildingType":2,"land_use":"سكنى","اسم_المحور":null,"اسم_المحافظة":null,"متوسط_عدد_الادوار_بالعقار":null,"متوسط_عدد_الشقق_بالدور":null,"متوسط_مساحة_الشقق_بالمنطقة":null,"نوع_نمط_العمران":null,"نوع_طبيعة_المنطقة":null,"سعر_العمارة":null,"نوع_الأرض":null,"المساحة_كم2":null,"GlobalID":"{3DCE5F18-A6CC-48E1-A54D-B76F215E8825}","created_user":"gpr.gps","created_date":"2026-04-11T07:55:37Z","last_edited_user":"gpr.gps","last_edited_date":"2026-04-11T07:55:37Z","مساحة_كم2":null,"SHAPE_Length":37.01756285311676,"SHAPE_Area":84.3897359766722},"geometry":{"type":"Polygon","coordinates":[[[32.724115,25.9505],[32.724186,25.950394],[32.724092,25.95043],[32.724115,25.9505]]]}},{"type":"Feature","properties":{"source_layer":"Building","source_feature_count":1,"BuildingType":2,"land_use":"سكنى","اسم_المحور":null,"اسم_المحافظة":null,"متوسط_عدد_الادوار_بالعقار":null,"متوسط_عدد_الشقق_بالدور":null,"متوسط_مساحة_الشقق_بالمنطقة":null,"نوع_نمط_العمران":null,"نوع_طبيعة_المنطقة":null,"سعر_العمارة":null,"نوع_الأرض":null,"المساحة_كم2":null,"GlobalID":"{4A647579-C071-4D90-B568-6461492E0563}","created_user":"gpr.gps","created_date":"2026-04-11T07:55:37Z","last_edited_user":"gpr.gps","last_edited_date":"2026-04-11T07:55:37Z","مساحة_كم2":null,"SHAPE_Length":43.02865616341304,"SHAPE_Area":112.10679377980344},"geometry":{"type":"Polygon","coordinates":[[[32.72421,25.950467],[32.724303,25.950349],[32.724186,25.950394],[32.72421,25.950467]]]}},{"type":"Feature","properties":{"source_layer":"Building","source_feature_count":1,"BuildingType":2,"land_use":"سكنى","اسم_المحور":null,"اسم_المحافظة":null,"متوسط_عدد_الادوار_بالعقار":null,"متوسط_عدد_الشقق_بالدور":null,"متوسط_مساحة_الشقق_بالمنطقة":null,"نوع_نمط_العمران":null,"نوع_طبيعة_المنطقة":null,"سعر_العمارة":null,"نوع_الأرض":null,"المساحة_كم2":null,"GlobalID":"{F8B0F951-7DEF-4010-9BEF-68CD2B9D6AB5}","created_user":"gpr.gps","created_date":"2026-04-11T07:55:37Z","last_edited_user":"gpr.gps","last_edited_date":"2026-04-11T07:55:37Z","مساحة_كم2":null,"SHAPE_Length":75.43368447748566,"SHAPE_Area":244.13196946752578},"geometry":{"type":"Polygon","coordinates":[[[32.769604,25.928524],[32.769631,25.928598],[32.76991,25.928522],[32.769889,25.928453],[32.769604,25.928524]]]}},{"type":"Feature","properties":{"source_layer":"Building","source_feature_count":1,"BuildingType":2,"land_use":"سكنى","اسم_المحور":null,"اسم_المحافظة":null,"متوسط_عدد_الادوار_بالعقار":null,"متوسط_عدد_الشقق_بالدور":null,"متوسط_مساحة_الشقق_بالمنطقة":null,"نوع_نمط_العمران":null,"نوع_طبيعة_المنطقة":null,"سعر_العمارة":null,"نوع_الأرض":null,"المساحة_كم2":null,"GlobalID":"{58BC5081-26AF-4642-9E28-F15DA9FA0F21}","created_user":"gpr.gps","created_date":"2026-04-11T07:55:37Z","last_edited_user":"gpr.gps","last_edited_date":"2026-04-11T07:55:37Z","مساحة_كم2":null,"SHAPE_Length":49.727901484644136,"SHAPE_Area":153.2508523620703},"geometry":{"type":"Polygon","coordinates":[[[32.770214,25.928531],[32.77025,25.928626],[32.770375,25.928586],[32.77034,25.928486],[32.770214,25.928531]]]}},{"type":"Feature","properties":{"source_layer":"Building","source_feature_count":1,"BuildingType":2,"land_use":"سكنى","اسم_المحور":null,"اسم_المحافظة":null,"متوسط_عدد_الادوار_بالعقار":null,"متوسط_عدد_الشقق_بالدور":null,"متوسط_مساحة_الشقق_بالمنطقة":null,"نوع_نمط_العمران":null,"نوع_طبيعة_المنطقة":null,"سعر_العمارة":null,"نوع_الأرض":null,"المساحة_كم2":null,"GlobalID":"{9DB5F59E-60A5-4CDA-9FAD-53471FDBF6E8}","created_user":"gpr.gps","created_date":"2026-04-11T07:55:37Z","last_edited_user":"gpr.gps","last_edited_date":"2026-04-11T07:55:37Z","مساحة_كم2":null,"SHAPE_Length":48.12100779824623,"SHAPE_Area":135.888071199705},"geometry":{"type":"Polygon","coordinates":[[[32.770315,25.928746],[32.77022,25.928872],[32.770358,25.928821],[32.770315,25.928746]]]}},{"type":"Feature","properties":{"source_layer":"Building","source_feature_count":1,"BuildingType":2,"land_use":"سكنى","اسم_المحور":null,"اسم_المحافظة":null,"متوسط_عدد_الادوار_بالعقار":null,"متوسط_عدد_الشقق_بالدور":null,"متوسط_مساحة_الشقق_بالمنطقة":null,"نوع_نمط_العمران":null,"نوع_طبيعة_المنطقة":null,"سعر_العمارة":null,"نوع_الأرض":null,"المساحة_كم2":null,"GlobalID":"{74F0C4F9-51E7-4D18-99BD-13BE9F0BE385}","created_user":"gpr.gps","created_date":"2026-04-11T07:55:37Z","last_edited_user":"gpr.gps","last_edited_date":"2026-04-11T07:55:37Z","مساحة_كم2":null,"SHAPE_Length":61.46368781735509,"SHAPE_Area":208.37901412298433},"geometry":{"type":"Polygon","coordinates":[[[32.773092,25.931026],[32.773132,25.931106],[32.773316,25.931022],[32.773272,25.930936],[32.773092,25.931026]]]}},{"type":"Feature","properties":{"source_layer":"Building","source_feature_count":1,"BuildingType":2,"land_use":"سكنى","اسم_المحور":null,"اسم_المحافظة":null,"متوسط_عدد_الادوار_بالعقار":null,"متوسط_عدد_الشقق_بالدور":null,"متوسط_مساحة_الشقق_بالمنطقة":null,"نوع_نمط_العمران":null,"نوع_طبيعة_المنطقة":null,"سعر_العمارة":null,"نوع_الأرض":null,"المساحة_كم2":null,"GlobalID":"{97A929D3-6725-416A-8A3B-8371272C74EC}","created_user":"gpr.gps","created_date":"2026-04-11T07:55:37Z","last_edited_user":"gpr.gps","last_edited_date":"2026-04-11T07:55:37Z","مساحة_كم2":null,"SHAPE_Length":61.68194028933546,"SHAPE_Area":233.9652809114344},"geometry":{"type":"Polygon","coordinates":[[[32.777721,25.934936],[32.777781,25.935043],[32.777939,25.934982],[32.777879,25.93487],[32.777721,25.934936]]]}},{"type":"Feature","properties":{"source_layer":"Building","source_feature_count":1,"BuildingType":2,"land_use":"سكنى","اسم_المحور":null,"اسم_المحافظة":null,"متوسط_عدد_الادوار_بالعقار":null,"متوسط_عدد_الشقق_بالدور":null,"متوسط_مساحة_الشقق_بالمنطقة":null,"نوع_نمط_العمران":null,"نوع_طبيعة_المنطقة":null,"سعر_العمارة":null,"نوع_الأرض":null,"المساحة_كم2":null,"GlobalID":"{E62B85E7-0FF5-4FEF-8C3E-D21A4C19BA70}","created_user":"gpr.gps","created_date":"2026-04-11T07:55:37Z","last_edited_user":"gpr.gps","last_edited_date":"2026-04-11T07:55:37Z","مساحة_كم2":null,"SHAPE_Length":81.29610246972969,"SHAPE_Area":302.0401272936134},"geometry":{"type":"Polygon","coordinates":[[[32.78105,25.936246],[32.781162,25.936506],[32.781255,25.936472],[32.781138,25.936214],[32.78105,25.936246]]]}},{"type":"Feature","properties":{"source_layer":"Building","source_feature_count":1,"BuildingType":2,"land_use":"سكنى","اسم_المحور":null,"اسم_المحافظة":null,"متوسط_عدد_الادوار_بالعقار":null,"متوسط_عدد_الشقق_بالدور":null,"متوسط_مساحة_الشقق_بالمنطقة":null,"نوع_نمط_العمران":null,"نوع_طبيعة_المنطقة":null,"سعر_العمارة":null,"نوع_الأرض":null,"المساحة_كم2":null,"GlobalID":"{E56B8DA7-E18E-4E82-B7D7-F8B4BFDDC0F9}","created_user":"gpr.gps","created_date":"2026-04-11T07:55:37Z","last_edited_user":"gpr.gps","last_edited_date":"2026-04-11T07:55:37Z","مساحة_كم2":null,"SHAPE_Length":68.30722414676353,"SHAPE_Area":266.721738354457},"geometry":{"type":"Polygon","coordinates":[[[32.782758,25.938963],[32.782857,25.939047],[32.783008,25.938959],[32.782968,25.938852],[32.782758,25.938963]]]}},{"type":"Feature","properties":{"source_layer":"Building","source_feature_count":1,"BuildingType":2,"land_use":"سكنى","اسم_المحور":null,"اسم_المحافظة":null,"متوسط_عدد_الادوار_بالعقار":null,"متوسط_عدد_الشقق_بالدور":null,"متوسط_مساحة_الشقق_بالمنطقة":null,"نوع_نمط_العمران":null,"نوع_طبيعة_المنطقة":null,"سعر_العمارة":null,"نوع_الأرض":null,"المساحة_كم2":null,"GlobalID":"{487DBAE0-5D69-4323-ABFF-BD2A448D3919}","created_user":"gpr.gps","created_date":"2026-04-11T07:55:37Z","last_edited_user":"gpr.gps","last_edited_date":"2026-04-11T07:55:37Z","مساحة_كم2":null,"SHAPE_Length":78.73994515638019,"SHAPE_Area":327.21922269535287},"geometry":{"type":"Polygon","coordinates":[[[32.786905,25.942791],[32.787063,25.942993],[32.787165,25.94293],[32.787,25.942732],[32.786905,25.942791]]]}},{"type":"Feature","properties":{"source_layer":"Building","source_feature_count":1,"BuildingType":2,"land_use":"سكنى","اسم_المحور":null,"اسم_المحافظة":null,"متوسط_عدد_الادوار_بالعقار":null,"متوسط_عدد_الشقق_بالدور":null,"متوسط_مساحة_الشقق_بالمنطقة":null,"نوع_نمط_العمران":null,"نوع_طبيعة_المنطقة":null,"سعر_العمارة":null,"نوع_الأرض":null,"المساحة_كم2":null,"GlobalID":"{27DB85D6-0DE0-4772-8E02-1A552FB56624}","created_user":"gpr.gps","created_date":"2026-04-11T07:55:37Z","last_edited_user":"gpr.gps","last_edited_date":"2026-04-11T07:55:37Z","مساحة_كم2":null,"SHAPE_Length":60.418865930149444,"SHAPE_Area":211.04552972671777},"geometry":{"type":"Polygon","coordinates":[[[32.784648,25.941265],[32.7847,25.941353],[32.784868,25.941272],[32.78482,25.941184],[32.784648,25.941265]]]}},{"type":"Feature","properties":{"source_layer":"Building","source_feature_count":1,"BuildingType":2,"land_use":"سكنى","اسم_المحور":null,"اسم_المحافظة":null,"متوسط_عدد_الادوار_بالعقار":null,"متوسط_عدد_الشقق_بالدور":null,"متوسط_مساحة_الشقق_بالمنطقة":null,"نوع_نمط_العمران":null,"نوع_طبيعة_المنطقة":null,"سعر_العمارة":null,"نوع_الأرض":null,"المساحة_كم2":null,"GlobalID":"{ED7F7BAA-6BEF-4119-9C3D-E4628757BD6B}","created_user":"gpr.gps","created_date":"2026-04-11T07:55:37Z","last_edited_user":"gpr.gps","last_edited_date":"2026-04-11T07:55:37Z","مساحة_كم2":null,"SHAPE_Length":54.15478895959227,"SHAPE_Area":158.08898153452162},"geometry":{"type":"Polygon","coordinates":[[[32.782634,25.940588],[32.782617,25.940769],[32.782699,25.940745],[32.782634,25.940588]]]}},{"type":"Feature","properties":{"source_layer":"Building","source_feature_count":1,"BuildingType":2,"land_use":"سكنى","اسم_المحور":null,"اسم_المحافظة":null,"متوسط_عدد_الادوار_بالعقار":null,"متوسط_عدد_الشقق_بالدور":null,"متوسط_مساحة_الشقق_بالمنطقة":null,"نوع_نمط_العمران":null,"نوع_طبيعة_المنطقة":null,"سعر_العمارة":null,"نوع_الأرض":null,"المساحة_كم2":null,"GlobalID":"{2062CCD5-2F2E-4B8E-9B8A-41A413B1DB0B}","created_user":"gpr.gps","created_date":"2026-04-11T07:55:37Z","last_edited_user":"gpr.gps","last_edited_date":"2026-04-11T07:55:37Z","مساحة_كم2":null,"SHAPE_Length":53.638437285094525,"SHAPE_Area":172.48727324512154},"geometry":{"type":"Polygon","coordinates":[[[32.782528,25.940291],[32.782425,25.940322],[32.782487,25.940455],[32.78259,25.940425],[32.782528,25.940291]]]}},{"type":"Feature","properties":{"source_layer":"Building","source_feature_count":1,"BuildingType":2,"land_use":"سكنى","اسم_المحور":null,"اسم_المحافظة":null,"متوسط_عدد_الادوار_بالعقار":null,"متوسط_عدد_الشقق_بالدور":null,"متوسط_مساحة_الشقق_بالمنطقة":null,"نوع_نمط_العمران":null,"نوع_طبيعة_المنطقة":null,"سعر_العمارة":null,"نوع_الأرض":null,"المساحة_كم2":null,"GlobalID":"{668E4FA9-B229-4E93-96FD-C5CC29FE33A5}","created_user":"gpr.gps","created_date":"2026-04-11T07:55:37Z","last_edited_user":"gpr.gps","last_edited_date":"2026-04-11T07:55:37Z","مساحة_كم2":null,"SHAPE_Length":39.54906408625372,"SHAPE_Area":96.58231800432938},"geometry":{"type":"Polygon","coordinates":[[[32.782528,25.940291],[32.782391,25.940247],[32.782425,25.940322],[32.782528,25.940291]]]}},{"type":"Feature","properties":{"source_layer":"Building","source_feature_count":1,"BuildingType":2,"land_use":"سكنى","اسم_المحور":null,"اسم_المحافظة":null,"متوسط_عدد_الادوار_بالعقار":null,"متوسط_عدد_الشقق_بالدور":null,"متوسط_مساحة_الشقق_بالمنطقة":null,"نوع_نمط_العمران":null,"نوع_طبيعة_المنطقة":null,"سعر_العمارة":null,"نوع_الأرض":null,"المساحة_كم2":null,"GlobalID":"{2C4ED9C3-E20A-45E9-A15E-03934A908FA6}","created_user":"gpr.gps","created_date":"2026-04-11T07:55:37Z","last_edited_user":"gpr.gps","last_edited_date":"2026-04-11T07:55:37Z","مساحة_كم2":null,"SHAPE_Length":55.05673772757714,"SHAPE_Area":187.61319121762003},"geometry":{"type":"Polygon","coordinates":[[[32.781446,25.942458],[32.781586,25.942432],[32.781543,25.942319],[32.781402,25.942347],[32.781446,25.942458]]]}},{"type":"Feature","properties":{"source_layer":"Building","source_feature_count":1,"BuildingType":2,"land_use":"سكنى","اسم_المحور":null,"اسم_المحافظة":null,"متوسط_عدد_الادوار_بالعقار":null,"متوسط_عدد_الشقق_بالدور":null,"متوسط_مساحة_الشقق_بالمنطقة":null,"نوع_نمط_العمران":null,"نوع_طبيعة_المنطقة":null,"سعر_العمارة":null,"نوع_الأرض":null,"المساحة_كم2":null,"GlobalID":"{D05DF52B-0559-42C8-9FD9-D2ABE03C1AA2}","created_user":"gpr.gps","created_date":"2026-04-11T07:55:37Z","last_edited_user":"gpr.gps","last_edited_date":"2026-04-11T07:55:37Z","مساحة_كم2":null,"SHAPE_Length":52.72652911677192,"SHAPE_Area":172.91851673789},"geometry":{"type":"Polygon","coordinates":[[[32.78103,25.94191],[32.781067,25.942011],[32.781204,25.941972],[32.781157,25.941864],[32.78103,25.94191]]]}},{"type":"Feature","properties":{"source_layer":"Building","source_feature_count":1,"BuildingType":2,"land_use":"سكنى","اسم_المحور":null,"اسم_المحافظة":null,"متوسط_عدد_الادوار_بالعقار":null,"متوسط_عدد_الشقق_بالدور":null,"متوسط_مساحة_الشقق_بالمنطقة":null,"نوع_نمط_العمران":null,"نوع_طبيعة_المنطقة":null,"سعر_العمارة":null,"نوع_الأرض":null,"المساحة_كم2":null,"GlobalID":"{AE01E11C-5DE5-4C65-85E8-D3E152AB4BF4}","created_user":"gpr.gps","created_date":"2026-04-11T07:55:37Z","last_edited_user":"gpr.gps","last_edited_date":"2026-04-11T07:55:37Z","مساحة_كم2":null,"SHAPE_Length":55.740351418303206,"SHAPE_Area":193.0984845063872},"geometry":{"type":"Polygon","coordinates":[[[32.782298,25.943118],[32.78218,25.94317],[32.782238,25.943292],[32.782355,25.943243],[32.782298,25.943118]]]}},{"type":"Feature","properties":{"source_layer":"Building","source_feature_count":1,"BuildingType":2,"land_use":"سكنى","اسم_المحور":null,"اسم_المحافظة":null,"متوسط_عدد_الادوار_بالعقار":null,"متوسط_عدد_الشقق_بالدور":null,"متوسط_مساحة_الشقق_بالمنطقة":null,"نوع_نمط_العمران":null,"نوع_طبيعة_المنطقة":null,"سعر_العمارة":null,"نوع_الأرض":null,"المساحة_كم2":null,"GlobalID":"{6ABBF57E-DDDA-45A3-8F94-78A3B198D270}","created_user":"gpr.gps","created_date":"2026-04-11T07:55:37Z","last_edited_user":"gpr.gps","last_edited_date":"2026-04-11T07:55:37Z","مساحة_كم2":null,"SHAPE_Length":50.76922745913428,"SHAPE_Area":147.0217581480875},"geometry":{"type":"Polygon","coordinates":[[[32.781721,25.945693],[32.781764,25.945768],[32.781914,25.945717],[32.781878,25.945644],[32.781721,25.945693]]]}},{"type":"Feature","properties":{"source_layer":"Building","source_feature_count":1,"BuildingType":2,"land_use":"سكنى","اسم_المحور":null,"اسم_المحافظة":null,"متوسط_عدد_الادوار_بالعقار":null,"متوسط_عدد_الشقق_بالدور":null,"متوسط_مساحة_الشقق_بالمنطقة":null,"نوع_نمط_العمران":null,"نوع_طبيعة_المنطقة":null,"سعر_العمارة":null,"نوع_الأرض":null,"المساحة_كم2":null,"GlobalID":"{60702CE3-935D-42C7-AA06-C360CEA8F9C4}","created_user":"gpr.gps","created_date":"2026-04-11T07:55:37Z","last_edited_user":"gpr.gps","last_edited_date":"2026-04-11T07:55:37Z","مساحة_كم2":null,"SHAPE_Length":61.05016589697841,"SHAPE_Area":229.66404929763732},"geometry":{"type":"Polygon","coordinates":[[[32.779617,25.944808],[32.779683,25.94492],[32.779826,25.944838],[32.779765,25.944734],[32.779617,25.944808]]]}},{"type":"Feature","properties":{"source_layer":"Building","source_feature_count":1,"BuildingType":2,"land_use":"سكنى","اسم_المحور":null,"اسم_المحافظة":null,"متوسط_عدد_الادوار_بالعقار":null,"متوسط_عدد_الشقق_بالدور":null,"متوسط_مساحة_الشقق_بالمنطقة":null,"نوع_نمط_العمران":null,"نوع_طبيعة_المنطقة":null,"سعر_العمارة":null,"نوع_الأرض":null,"المساحة_كم2":null,"GlobalID":"{1264D433-EA1C-4FF7-BB25-AAE70E67A062}","created_user":"gpr.gps","created_date":"2026-04-11T07:55:37Z","last_edited_user":"gpr.gps","last_edited_date":"2026-04-11T07:55:37Z","مساحة_كم2":null,"SHAPE_Length":49.468225958194694,"SHAPE_Area":146.66977112370157},"geometry":{"type":"Polygon","coordinates":[[[32.77982,25.945109],[32.7799,25.944963],[32.77977,25.945025],[32.77982,25.945109]]]}},{"type":"Feature","properties":{"source_layer":"Building","source_feature_count":1,"BuildingType":2,"land_use":"سكنى","اسم_المحور":null,"اسم_المحافظة":null,"متوسط_عدد_الادوار_بالعقار":null,"متوسط_عدد_الشقق_بالدور":null,"متوسط_مساحة_الشقق_بالمنطقة":null,"نوع_نمط_العمران":null,"نوع_طبيعة_المنطقة":null,"سعر_العمارة":null,"نوع_الأرض":null,"المساحة_كم2":null,"GlobalID":"{999D340F-3A42-4FB8-B1EE-AF901CBA2CF9}","created_user":"gpr.gps","created_date":"2026-04-11T07:55:37Z","last_edited_user":"gpr.gps","last_edited_date":"2026-04-11T07:55:37Z","مساحة_كم2":null,"SHAPE_Length":44.346460601181676,"SHAPE_Area":106.37336320933267},"geometry":{"type":"Polygon","coordinates":[[[32.779851,25.945161],[32.779946,25.945035],[32.77982,25.945109],[32.779851,25.945161]]]}},{"type":"Feature","properties":{"source_layer":"Building","source_feature_count":1,"BuildingType":2,"land_use":"سكنى","اسم_المحور":null,"اسم_المحافظة":null,"متوسط_عدد_الادوار_بالعقار":null,"متوسط_عدد_الشقق_بالدور":null,"متوسط_مساحة_الشقق_بالمنطقة":null,"نوع_نمط_العمران":null,"نوع_طبيعة_المنطقة":null,"سعر_العمارة":null,"نوع_الأرض":null,"المساحة_كم2":null,"GlobalID":"{A3B7790C-10FC-4BB3-B0D9-819F02A780CC}","created_user":"gpr.gps","created_date":"2026-04-11T07:55:37Z","last_edited_user":"gpr.gps","last_edited_date":"2026-04-11T07:55:37Z","مساحة_كم2":null,"SHAPE_Length":68.3572625125361,"SHAPE_Area":290.8592452680032},"geometry":{"type":"Polygon","coordinates":[[[32.774936,25.946156],[32.775009,25.946285],[32.775175,25.946213],[32.775089,25.946085],[32.774936,25.946156]]]}},{"type":"Feature","properties":{"source_layer":"Building","source_feature_count":1,"BuildingType":2,"land_use":"سكنى","اسم_المحور":null,"اسم_المحافظة":null,"متوسط_عدد_الادوار_بالعقار":null,"متوسط_عدد_الشقق_بالدور":null,"متوسط_مساحة_الشقق_بالمنطقة":null,"نوع_نمط_العمران":null,"نوع_طبيعة_المنطقة":null,"سعر_العمارة":null,"نوع_الأرض":null,"المساحة_كم2":null,"GlobalID":"{D2305986-DCD3-46CC-A4E1-E4BE18291B90}","created_user":"gpr.gps","created_date":"2026-04-11T07:55:37Z","last_edited_user":"gpr.gps","last_edited_date":"2026-04-11T07:55:37Z","مساحة_كم2":null,"SHAPE_Length":52.132863048706746,"SHAPE_Area":144.75154738286233},"geometry":{"type":"Polygon","coordinates":[[[32.773301,25.941196],[32.773494,25.941151],[32.773444,25.941095],[32.773301,25.941196]]]}},{"type":"Feature","properties":{"source_layer":"Building","source_feature_count":1,"BuildingType":2,"land_use":"سكنى","اسم_المحور":null,"اسم_المحافظة":null,"متوسط_عدد_الادوار_بالعقار":null,"متوسط_عدد_الشقق_بالدور":null,"متوسط_مساحة_الشقق_بالمنطقة":null,"نوع_نمط_العمران":null,"نوع_طبيعة_المنطقة":null,"سعر_العمارة":null,"نوع_الأرض":null,"المساحة_كم2":null,"GlobalID":"{876A16B0-E4C4-4707-AB47-66D18DEBE304}","created_user":"gpr.gps","created_date":"2026-04-11T07:55:37Z","last_edited_user":"gpr.gps","last_edited_date":"2026-04-11T07:55:37Z","مساحة_كم2":null,"SHAPE_Length":62.30889943641007,"SHAPE_Area":242.49066302216},"geometry":{"type":"Polygon","coordinates":[[[32.773397,25.940828],[32.773303,25.940717],[32.773181,25.940799],[32.773276,25.940917],[32.773397,25.940828]]]}},{"type":"Feature","properties":{"source_layer":"Building","source_feature_count":1,"BuildingType":2,"land_use":"سكنى","اسم_المحور":null,"اسم_المحافظة":null,"متوسط_عدد_الادوار_بالعقار":null,"متوسط_عدد_الشقق_بالدور":null,"متوسط_مساحة_الشقق_بالمنطقة":null,"نوع_نمط_العمران":null,"نوع_طبيعة_المنطقة":null,"سعر_العمارة":null,"نوع_الأرض":null,"المساحة_كم2":null,"GlobalID":"{D88CF6C9-5955-40E1-BC60-784F2B902DC2}","created_user":"gpr.gps","created_date":"2026-04-11T07:55:37Z","last_edited_user":"gpr.gps","last_edited_date":"2026-04-11T07:55:37Z","مساحة_كم2":null,"SHAPE_Length":69.34845012223217,"SHAPE_Area":293.10842366108966},"geometry":{"type":"Polygon","coordinates":[[[32.772715,25.941123],[32.772809,25.941226],[32.772968,25.941125],[32.772884,25.941017],[32.772715,25.941123]]]}},{"type":"Feature","properties":{"source_layer":"Building","source_feature_count":1,"BuildingType":2,"land_use":"سكنى","اسم_المحور":null,"اسم_المحافظة":null,"متوسط_عدد_الادوار_بالعقار":null,"متوسط_عدد_الشقق_بالدور":null,"متوسط_مساحة_الشقق_بالمنطقة":null,"نوع_نمط_العمران":null,"نوع_طبيعة_المنطقة":null,"سعر_العمارة":null,"نوع_الأرض":null,"المساحة_كم2":null,"GlobalID":"{671E04D8-19B4-4ECC-8CEB-77F77B239CC1}","created_user":"gpr.gps","created_date":"2026-04-11T07:55:37Z","last_edited_user":"gpr.gps","last_edited_date":"2026-04-11T07:55:37Z","مساحة_كم2":null,"SHAPE_Length":45.3977443294072,"SHAPE_Area":128.22709312462177},"geometry":{"type":"Polygon","coordinates":[[[32.771748,25.941244],[32.771754,25.941097],[32.771673,25.941158],[32.771748,25.941244]]]}},{"type":"Feature","properties":{"source_layer":"Building","source_feature_count":1,"BuildingType":2,"land_use":"سكنى","اسم_المحور":null,"اسم_المحافظة":null,"متوسط_عدد_الادوار_بالعقار":null,"متوسط_عدد_الشقق_بالدور":null,"متوسط_مساحة_الشقق_بالمنطقة":null,"نوع_نمط_العمران":null,"نوع_طبيعة_المنطقة":null,"سعر_العمارة":null,"نوع_الأرض":null,"المساحة_كم2":null,"GlobalID":"{FC83A993-16FA-46FD-A4AC-CECD30005FD6}","created_user":"gpr.gps","created_date":"2026-04-11T07:55:37Z","last_edited_user":"gpr.gps","last_edited_date":"2026-04-11T07:55:37Z","مساحة_كم2":null,"SHAPE_Length":56.11699709436016,"SHAPE_Area":186.05561741641696},"geometry":{"type":"Polygon","coordinates":[[[32.770762,25.939623],[32.770969,25.939628],[32.770912,25.939549],[32.770762,25.939623]]]}},{"type":"Feature","properties":{"source_layer":"Building","source_feature_count":1,"BuildingType":2,"land_use":"سكنى","اسم_المحور":null,"اسم_المحافظة":null,"متوسط_عدد_الادوار_بالعقار":null,"متوسط_عدد_الشقق_بالدور":null,"متوسط_مساحة_الشقق_بالمنطقة":null,"نوع_نمط_العمران":null,"نوع_طبيعة_المنطقة":null,"سعر_العمارة":null,"نوع_الأرض":null,"المساحة_كم2":null,"GlobalID":"{7893315B-EEDC-48FA-B748-2C89A6875041}","created_user":"gpr.gps","created_date":"2026-04-11T07:55:37Z","last_edited_user":"gpr.gps","last_edited_date":"2026-04-11T07:55:37Z","مساحة_كم2":null,"SHAPE_Length":58.7433153268664,"SHAPE_Area":206.55429180858235},"geometry":{"type":"Polygon","coordinates":[[[32.770969,25.939628],[32.77088,25.9398],[32.771033,25.939716],[32.770969,25.939628]]]}},{"type":"Feature","properties":{"source_layer":"Building","source_feature_count":1,"BuildingType":2,"land_use":"سكنى","اسم_المحور":null,"اسم_المحافظة":null,"متوسط_عدد_الادوار_بالعقار":null,"متوسط_عدد_الشقق_بالدور":null,"متوسط_مساحة_الشقق_بالمنطقة":null,"نوع_نمط_العمران":null,"نوع_طبيعة_المنطقة":null,"سعر_العمارة":null,"نوع_الأرض":null,"المساحة_كم2":null,"GlobalID":"{2266318E-AD48-43B8-88DB-9E31DE315EC3}","created_user":"gpr.gps","created_date":"2026-04-11T07:55:37Z","last_edited_user":"gpr.gps","last_edited_date":"2026-04-11T07:55:37Z","مساحة_كم2":null,"SHAPE_Length":54.28637673760407,"SHAPE_Area":179.5605739134418},"geometry":{"type":"Polygon","coordinates":[[[32.771829,25.936427],[32.77176,25.936345],[32.771634,25.936431],[32.771705,25.936512],[32.771829,25.936427]]]}},{"type":"Feature","properties":{"source_layer":"Building","source_feature_count":1,"BuildingType":2,"land_use":"سكنى","اسم_المحور":null,"اسم_المحافظة":null,"متوسط_عدد_الادوار_بالعقار":null,"متوسط_عدد_الشقق_بالدور":null,"متوسط_مساحة_الشقق_بالمنطقة":null,"نوع_نمط_العمران":null,"نوع_طبيعة_المنطقة":null,"سعر_العمارة":null,"نوع_الأرض":null,"المساحة_كم2":null,"GlobalID":"{5484D586-91AD-4A2B-9E60-41C9772DA0C9}","created_user":"gpr.gps","created_date":"2026-04-11T07:55:37Z","last_edited_user":"gpr.gps","last_edited_date":"2026-04-11T07:55:37Z","مساحة_كم2":null,"SHAPE_Length":54.459099124372955,"SHAPE_Area":180.03340461276625},"geometry":{"type":"Polygon","coordinates":[[[32.77215,25.936345],[32.772084,25.936266],[32.771956,25.936354],[32.77203,25.936436],[32.77215,25.936345]]]}},{"type":"Feature","properties":{"source_layer":"Building","source_feature_count":1,"BuildingType":2,"land_use":"سكنى","اسم_المحور":null,"اسم_المحافظة":null,"متوسط_عدد_الادوار_بالعقار":null,"متوسط_عدد_الشقق_بالدور":null,"متوسط_مساحة_الشقق_بالمنطقة":null,"نوع_نمط_العمران":null,"نوع_طبيعة_المنطقة":null,"سعر_العمارة":null,"نوع_الأرض":null,"المساحة_كم2":null,"GlobalID":"{F156D9B6-E298-4A6F-A7BC-BA71D0D23BA8}","created_user":"gpr.gps","created_date":"2026-04-11T07:55:37Z","last_edited_user":"gpr.gps","last_edited_date":"2026-04-11T07:55:37Z","مساحة_كم2":null,"SHAPE_Length":51.93223852450375,"SHAPE_Area":158.9074866072601},"geometry":{"type":"Polygon","coordinates":[[[32.772034,25.936169],[32.772091,25.936242],[32.772223,25.936157],[32.772164,25.936085],[32.772034,25.936169]]]}},{"type":"Feature","properties":{"source_layer":"Building","source_feature_count":1,"BuildingType":2,"land_use":"سكنى","اسم_المحور":null,"اسم_المحافظة":null,"متوسط_عدد_الادوار_بالعقار":null,"متوسط_عدد_الشقق_بالدور":null,"متوسط_مساحة_الشقق_بالمنطقة":null,"نوع_نمط_العمران":null,"نوع_طبيعة_المنطقة":null,"سعر_العمارة":null,"نوع_الأرض":null,"المساحة_كم2":null,"GlobalID":"{634C5B5B-C255-4009-8585-402436CBDD13}","created_user":"gpr.gps","created_date":"2026-04-11T07:55:37Z","last_edited_user":"gpr.gps","last_edited_date":"2026-04-11T07:55:37Z","مساحة_كم2":null,"SHAPE_Length":65.04434107836146,"SHAPE_Area":253.75714198800074},"geometry":{"type":"Polygon","coordinates":[[[32.78837,25.922264],[32.788408,25.922438],[32.788532,25.922416],[32.7885,25.922243],[32.78837,25.922264]]]}},{"type":"Feature","properties":{"source_layer":"Building","source_feature_count":1,"BuildingType":2,"land_use":"سكنى","اسم_المحور":null,"اسم_المحافظة":null,"متوسط_عدد_الادوار_بالعقار":null,"متوسط_عدد_الشقق_بالدور":null,"متوسط_مساحة_الشقق_بالمنطقة":null,"نوع_نمط_العمران":null,"نوع_طبيعة_المنطقة":null,"سعر_العمارة":null,"نوع_الأرض":null,"المساحة_كم2":null,"GlobalID":"{0DE2346C-001F-4FC9-AFAF-93E968236B15}","created_user":"gpr.gps","created_date":"2026-04-11T07:55:37Z","last_edited_user":"gpr.gps","last_edited_date":"2026-04-11T07:55:37Z","مساحة_كم2":null,"SHAPE_Length":62.5083066789266,"SHAPE_Area":232.341070914523},"geometry":{"type":"Polygon","coordinates":[[[32.788911,25.922343],[32.788872,25.922174],[32.788756,25.9222],[32.78879,25.922369],[32.788911,25.922343]]]}},{"type":"Feature","properties":{"source_layer":"Building","source_feature_count":1,"BuildingType":2,"land_use":"سكنى","اسم_المحور":null,"اسم_المحافظة":null,"متوسط_عدد_الادوار_بالعقار":null,"متوسط_عدد_الشقق_بالدور":null,"متوسط_مساحة_الشقق_بالمنطقة":null,"نوع_نمط_العمران":null,"نوع_طبيعة_المنطقة":null,"سعر_العمارة":null,"نوع_الأرض":null,"المساحة_كم2":null,"GlobalID":"{E873D774-F823-4EDA-BD66-CB617A3091E9}","created_user":"gpr.gps","created_date":"2026-04-11T07:55:37Z","last_edited_user":"gpr.gps","last_edited_date":"2026-04-11T07:55:37Z","مساحة_كم2":null,"SHAPE_Length":64.63035269981711,"SHAPE_Area":245.59311978991266},"geometry":{"type":"Polygon","coordinates":[[[32.791304,25.930128],[32.791162,25.9303],[32.791348,25.930227],[32.791304,25.930128]]]}},{"type":"Feature","properties":{"source_layer":"Building","source_feature_count":1,"BuildingType":2,"land_use":"سكنى","اسم_المحور":null,"اسم_المحافظة":null,"متوسط_عدد_الادوار_بالعقار":null,"متوسط_عدد_الشقق_بالدور":null,"متوسط_مساحة_الشقق_بالمنطقة":null,"نوع_نمط_العمران":null,"نوع_طبيعة_المنطقة":null,"سعر_العمارة":null,"نوع_الأرض":null,"المساحة_كم2":null,"GlobalID":"{718DC96D-5C27-4F58-8DD9-2F2FC991E281}","created_user":"gpr.gps","created_date":"2026-04-11T07:55:37Z","last_edited_user":"gpr.gps","last_edited_date":"2026-04-11T07:55:37Z","مساحة_كم2":null,"SHAPE_Length":75.4601901581224,"SHAPE_Area":354.2400923918415},"geometry":{"type":"Polygon","coordinates":[[[32.791051,25.930048],[32.791116,25.930196],[32.791304,25.930128],[32.791239,25.929982],[32.791051,25.930048]]]}},{"type":"Feature","properties":{"source_layer":"Building","source_feature_count":1,"BuildingType":2,"land_use":"سكنى","اسم_المحور":null,"اسم_المحافظة":null,"متوسط_عدد_الادوار_بالعقار":null,"متوسط_عدد_الشقق_بالدور":null,"متوسط_مساحة_الشقق_بالمنطقة":null,"نوع_نمط_العمران":null,"نوع_طبيعة_المنطقة":null,"سعر_العمارة":null,"نوع_الأرض":null,"المساحة_كم2":null,"GlobalID":"{874EA409-31FF-488B-9DBD-86C2A5ED378C}","created_user":"gpr.gps","created_date":"2026-04-11T07:55:37Z","last_edited_user":"gpr.gps","last_edited_date":"2026-04-11T07:55:37Z","مساحة_كم2":null,"SHAPE_Length":55.56625281921105,"SHAPE_Area":182.32994813514048},"geometry":{"type":"Polygon","coordinates":[[[32.791239,25.929982],[32.791033,25.929952],[32.791061,25.930045],[32.791239,25.929982]]]}},{"type":"Feature","properties":{"source_layer":"Building","source_feature_count":1,"BuildingType":2,"land_use":"سكنى","اسم_المحور":null,"اسم_المحافظة":null,"متوسط_عدد_الادوار_بالعقار":null,"متوسط_عدد_الشقق_بالدور":null,"متوسط_مساحة_الشقق_بالمنطقة":null,"نوع_نمط_العمران":null,"نوع_طبيعة_المنطقة":null,"سعر_العمارة":null,"نوع_الأرض":null,"المساحة_كم2":null,"GlobalID":"{594F900F-5D72-40CA-ABA6-15D9A68F0662}","created_user":"gpr.gps","created_date":"2026-04-11T07:55:37Z","last_edited_user":"gpr.gps","last_edited_date":"2026-04-11T07:55:37Z","مساحة_كم2":null,"SHAPE_Length":53.17856152808953,"SHAPE_Area":169.48888620069528},"geometry":{"type":"Polygon","coordinates":[[[32.791054,25.929815],[32.791012,25.929958],[32.791158,25.929903],[32.791054,25.929815]]]}},{"type":"Feature","properties":{"source_layer":"Building","source_feature_count":1,"BuildingType":2,"land_use":"سكنى","اسم_المحور":null,"اسم_المحافظة":null,"متوسط_عدد_الادوار_بالعقار":null,"متوسط_عدد_الشقق_بالدور":null,"متوسط_مساحة_الشقق_بالمنطقة":null,"نوع_نمط_العمران":null,"نوع_طبيعة_المنطقة":null,"سعر_العمارة":null,"نوع_الأرض":null,"المساحة_كم2":null,"GlobalID":"{0D03DA1F-BB16-4DD9-8EFF-A960A7021C61}","created_user":"gpr.gps","created_date":"2026-04-11T07:55:37Z","last_edited_user":"gpr.gps","last_edited_date":"2026-04-11T07:55:37Z","مساحة_كم2":null,"SHAPE_Length":54.41435226179123,"SHAPE_Area":183.34388648231297},"geometry":{"type":"Polygon","coordinates":[[[32.788558,25.937387],[32.78842,25.937423],[32.788447,25.937531],[32.788594,25.937494],[32.788558,25.937387]]]}},{"type":"Feature","properties":{"source_layer":"Building","source_feature_count":1,"BuildingType":2,"land_use":"سكنى","اسم_المحور":null,"اسم_المحافظة":null,"متوسط_عدد_الادوار_بالعقار":null,"متوسط_عدد_الشقق_بالدور":null,"متوسط_مساحة_الشقق_بالمنطقة":null,"نوع_نمط_العمران":null,"نوع_طبيعة_المنطقة":null,"سعر_العمارة":null,"نوع_الأرض":null,"المساحة_كم2":null,"GlobalID":"{C820128B-FFAA-477E-B62D-426F9E6E0EEA}","created_user":"gpr.gps","created_date":"2026-04-11T07:55:37Z","last_edited_user":"gpr.gps","last_edited_date":"2026-04-11T07:55:37Z","مساحة_كم2":null,"SHAPE_Length":43.33198122926936,"SHAPE_Area":110.93929433373114},"geometry":{"type":"Polygon","coordinates":[[[32.788443,25.937313],[32.788487,25.93718],[32.78841,25.937197],[32.788443,25.937313]]]}},{"type":"Feature","properties":{"source_layer":"Building","source_feature_count":1,"BuildingType":2,"land_use":"سكنى","اسم_المحور":null,"اسم_المحافظة":null,"متوسط_عدد_الادوار_بالعقار":null,"متوسط_عدد_الشقق_بالدور":null,"متوسط_مساحة_الشقق_بالمنطقة":null,"نوع_نمط_العمران":null,"نوع_طبيعة_المنطقة":null,"سعر_العمارة":null,"نوع_الأرض":null,"المساحة_كم2":null,"GlobalID":"{C8DA4DD9-5544-417E-BDAE-8AA743AA480C}","created_user":"gpr.gps","created_date":"2026-04-11T07:55:37Z","last_edited_user":"gpr.gps","last_edited_date":"2026-04-11T07:55:37Z","مساحة_كم2":null,"SHAPE_Length":49.90759376000348,"SHAPE_Area":152.6540025996186},"geometry":{"type":"Polygon","coordinates":[[[32.788558,25.937387],[32.788527,25.937296],[32.788395,25.937322],[32.78842,25.937423],[32.788558,25.937387]]]}},{"type":"Feature","properties":{"source_layer":"Building","source_feature_count":1,"BuildingType":2,"land_use":"سكنى","اسم_المحور":null,"اسم_المحافظة":null,"متوسط_عدد_الادوار_بالعقار":null,"متوسط_عدد_الشقق_بالدور":null,"متوسط_مساحة_الشقق_بالمنطقة":null,"نوع_نمط_العمران":null,"نوع_طبيعة_المنطقة":null,"سعر_العمارة":null,"نوع_الأرض":null,"المساحة_كم2":null,"GlobalID":"{9A05378A-982D-42CB-8B30-A95DB3975E3A}","created_user":"gpr.gps","created_date":"2026-04-11T07:55:37Z","last_edited_user":"gpr.gps","last_edited_date":"2026-04-11T07:55:37Z","مساحة_كم2":null,"SHAPE_Length":59.238576092532135,"SHAPE_Area":205.0434755490715},"geometry":{"type":"Polygon","coordinates":[[[32.788375,25.937885],[32.788422,25.938049],[32.788528,25.938023],[32.788483,25.937863],[32.788375,25.937885]]]}},{"type":"Feature","properties":{"source_layer":"Building","source_feature_count":1,"BuildingType":2,"land_use":"سكنى","اسم_المحور":null,"اسم_المحافظة":null,"متوسط_عدد_الادوار_بالعقار":null,"متوسط_عدد_الشقق_بالدور":null,"متوسط_مساحة_الشقق_بالمنطقة":null,"نوع_نمط_العمران":null,"نوع_طبيعة_المنطقة":null,"سعر_العمارة":null,"نوع_الأرض":null,"المساحة_كم2":null,"GlobalID":"{49A95AE7-DBDF-451C-B5DB-5288F18BDE68}","created_user":"gpr.gps","created_date":"2026-04-11T07:55:37Z","last_edited_user":"gpr.gps","last_edited_date":"2026-04-11T07:55:37Z","مساحة_كم2":null,"SHAPE_Length":56.7793918881427,"SHAPE_Area":187.6813165719926},"geometry":{"type":"Polygon","coordinates":[[[32.788805,25.939002],[32.788901,25.938972],[32.788863,25.938817],[32.788759,25.938844],[32.788805,25.939002]]]}},{"type":"Feature","properties":{"source_layer":"Building","source_feature_count":1,"BuildingType":2,"land_use":"سكنى","اسم_المحور":null,"اسم_المحافظة":null,"متوسط_عدد_الادوار_بالعقار":null,"متوسط_عدد_الشقق_بالدور":null,"متوسط_مساحة_الشقق_بالمنطقة":null,"نوع_نمط_العمران":null,"نوع_طبيعة_المنطقة":null,"سعر_العمارة":null,"نوع_الأرض":null,"المساحة_كم2":null,"GlobalID":"{8469A388-0832-4880-BA27-3949E5300C83}","created_user":"gpr.gps","created_date":"2026-04-11T07:55:37Z","last_edited_user":"gpr.gps","last_edited_date":"2026-04-11T07:55:37Z","مساحة_كم2":null,"SHAPE_Length":34.617002384369144,"SHAPE_Area":74.64227112871939},"geometry":{"type":"Polygon","coordinates":[[[32.788697,25.938656],[32.788796,25.938722],[32.788775,25.938642],[32.788697,25.938656]]]}},{"type":"Feature","properties":{"source_layer":"Building","source_feature_count":1,"BuildingType":2,"land_use":"سكنى","اسم_المحور":null,"اسم_المحافظة":null,"متوسط_عدد_الادوار_بالعقار":null,"متوسط_عدد_الشقق_بالدور":null,"متوسط_مساحة_الشقق_بالمنطقة":null,"نوع_نمط_العمران":null,"نوع_طبيعة_المنطقة":null,"سعر_العمارة":null,"نوع_الأرض":null,"المساحة_كم2":null,"GlobalID":"{866E47CD-3845-4539-AFBA-B8FE4851A76D}","created_user":"gpr.gps","created_date":"2026-04-11T07:55:37Z","last_edited_user":"gpr.gps","last_edited_date":"2026-04-11T07:55:37Z","مساحة_كم2":null,"SHAPE_Length":82.45318715069921,"SHAPE_Area":265.960353846709},"geometry":{"type":"Polygon","coordinates":[[[32.788655,25.938497],[32.788663,25.938191],[32.788576,25.938204],[32.788655,25.938497]]]}},{"type":"Feature","properties":{"source_layer":"Building","source_feature_count":1,"BuildingType":2,"land_use":"سكنى","اسم_المحور":null,"اسم_المحافظة":null,"متوسط_عدد_الادوار_بالعقار":null,"متوسط_عدد_الشقق_بالدور":null,"متوسط_مساحة_الشقق_بالمنطقة":null,"نوع_نمط_العمران":null,"نوع_طبيعة_المنطقة":null,"سعر_العمارة":null,"نوع_الأرض":null,"المساحة_كم2":null,"GlobalID":"{20DF4EE8-83B6-4C5D-AD2B-281F08C64A2D}","created_user":"gpr.gps","created_date":"2026-04-11T07:55:37Z","last_edited_user":"gpr.gps","last_edited_date":"2026-04-11T07:55:37Z","مساحة_كم2":null,"SHAPE_Length":42.49289815491581,"SHAPE_Area":110.11421871661624},"geometry":{"type":"Polygon","coordinates":[[[32.78881,25.93845],[32.788724,25.938485],[32.788748,25.938583],[32.788838,25.938562],[32.78881,25.93845]]]}},{"type":"Feature","properties":{"source_layer":"Building","source_feature_count":1,"BuildingType":2,"land_use":"سكنى","اسم_المحور":null,"اسم_المحافظة":null,"متوسط_عدد_الادوار_بالعقار":null,"متوسط_عدد_الشقق_بالدور":null,"متوسط_مساحة_الشقق_بالمنطقة":null,"نوع_نمط_العمران":null,"نوع_طبيعة_المنطقة":null,"سعر_العمارة":null,"نوع_الأرض":null,"المساحة_كم2":null,"GlobalID":"{5E5E86C1-079D-44B6-9E42-594097416C6D}","created_user":"gpr.gps","created_date":"2026-04-11T07:55:37Z","last_edited_user":"gpr.gps","last_edited_date":"2026-04-11T07:55:37Z","مساحة_كم2":null,"SHAPE_Length":42.60339907232066,"SHAPE_Area":109.06909008661646},"geometry":{"type":"Polygon","coordinates":[[[32.788724,25.938485],[32.788784,25.938352],[32.7887,25.938365],[32.788724,25.938485]]]}},{"type":"Feature","properties":{"source_layer":"Building","source_feature_count":1,"BuildingType":2,"land_use":"سكنى","اسم_المحور":null,"اسم_المحافظة":null,"متوسط_عدد_الادوار_بالعقار":null,"متوسط_عدد_الشقق_بالدور":null,"متوسط_مساحة_الشقق_بالمنطقة":null,"نوع_نمط_العمران":null,"نوع_طبيعة_المنطقة":null,"سعر_العمارة":null,"نوع_الأرض":null,"المساحة_كم2":null,"GlobalID":"{1DDAEBE9-DB5E-4991-AF71-A467EFB38811}","created_user":"gpr.gps","created_date":"2026-04-11T07:55:37Z","last_edited_user":"gpr.gps","last_edited_date":"2026-04-11T07:55:37Z","مساحة_كم2":null,"SHAPE_Length":34.85587410702246,"SHAPE_Area":75.45932422692758},"geometry":{"type":"Polygon","coordinates":[[[32.788548,25.938097],[32.788615,25.938012],[32.788528,25.938023],[32.788548,25.938097]]]}},{"type":"Feature","properties":{"source_layer":"Building","source_feature_count":1,"BuildingType":2,"land_use":"سكنى","اسم_المحور":null,"اسم_المحافظة":null,"متوسط_عدد_الادوار_بالعقار":null,"متوسط_عدد_الشقق_بالدور":null,"متوسط_مساحة_الشقق_بالمنطقة":null,"نوع_نمط_العمران":null,"نوع_طبيعة_المنطقة":null,"سعر_العمارة":null,"نوع_الأرض":null,"المساحة_كم2":null,"GlobalID":"{0259B60B-4BEB-4F47-9352-35647BB86DEE}","created_user":"gpr.gps","created_date":"2026-04-11T07:55:37Z","last_edited_user":"gpr.gps","last_edited_date":"2026-04-11T07:55:37Z","مساحة_كم2":null,"SHAPE_Length":26.487391386914457,"SHAPE_Area":39.22373286554744},"geometry":{"type":"Polygon","coordinates":[[[32.788644,25.938124],[32.788548,25.938097],[32.78856,25.938142],[32.788644,25.938124]]]}},{"type":"Feature","properties":{"source_layer":"Building","source_feature_count":1,"BuildingType":2,"land_use":"سكنى","اسم_المحور":null,"اسم_المحافظة":null,"متوسط_عدد_الادوار_بالعقار":null,"متوسط_عدد_الشقق_بالدور":null,"متوسط_مساحة_الشقق_بالمنطقة":null,"نوع_نمط_العمران":null,"نوع_طبيعة_المنطقة":null,"سعر_العمارة":null,"نوع_الأرض":null,"المساحة_كم2":null,"GlobalID":"{2D05461C-B050-4CBC-BDFC-323B8FB2E5CF}","created_user":"gpr.gps","created_date":"2026-04-11T07:55:37Z","last_edited_user":"gpr.gps","last_edited_date":"2026-04-11T07:55:37Z","مساحة_كم2":null,"SHAPE_Length":32.30048879314667,"SHAPE_Area":64.62866773172063},"geometry":{"type":"Polygon","coordinates":[[[32.788576,25.938204],[32.788644,25.938124],[32.78856,25.938142],[32.788576,25.938204]]]}},{"type":"Feature","properties":{"source_layer":"Building","source_feature_count":1,"BuildingType":2,"land_use":"سكنى","اسم_المحور":null,"اسم_المحافظة":null,"متوسط_عدد_الادوار_بالعقار":null,"متوسط_عدد_الشقق_بالدور":null,"متوسط_مساحة_الشقق_بالمنطقة":null,"نوع_نمط_العمران":null,"نوع_طبيعة_المنطقة":null,"سعر_العمارة":null,"نوع_الأرض":null,"المساحة_كم2":null,"GlobalID":"{E9E0AFFB-48A2-4724-AFD4-16DB9D940BE3}","created_user":"gpr.gps","created_date":"2026-04-11T07:55:37Z","last_edited_user":"gpr.gps","last_edited_date":"2026-04-11T07:55:37Z","مساحة_كم2":null,"SHAPE_Length":33.186865246497334,"SHAPE_Area":68.54948715085088},"geometry":{"type":"Polygon","coordinates":[[[32.788635,25.938089],[32.788694,25.938002],[32.788615,25.938012],[32.788635,25.938089]]]}},{"type":"Feature","properties":{"source_layer":"Building","source_feature_count":1,"BuildingType":2,"land_use":"سكنى","اسم_المحور":null,"اسم_المحافظة":null,"متوسط_عدد_الادوار_بالعقار":null,"متوسط_عدد_الشقق_بالدور":null,"متوسط_مساحة_الشقق_بالمنطقة":null,"نوع_نمط_العمران":null,"نوع_طبيعة_المنطقة":null,"سعر_العمارة":null,"نوع_الأرض":null,"المساحة_كم2":null,"GlobalID":"{71C2F5DB-8039-4F3D-8339-DA193B56EFBC}","created_user":"gpr.gps","created_date":"2026-04-11T07:55:37Z","last_edited_user":"gpr.gps","last_edited_date":"2026-04-11T07:55:37Z","مساحة_كم2":null,"SHAPE_Length":89.42227945726384,"SHAPE_Area":338.3523222469975},"geometry":{"type":"Polygon","coordinates":[[[32.77373,25.947884],[32.774009,25.947689],[32.77395,25.947624],[32.773671,25.947811],[32.77373,25.947884]]]}},{"type":"Feature","properties":{"source_layer":"Building","source_feature_count":1,"BuildingType":2,"land_use":"سكنى","اسم_المحور":null,"اسم_المحافظة":null,"متوسط_عدد_الادوار_بالعقار":null,"متوسط_عدد_الشقق_بالدور":null,"متوسط_مساحة_الشقق_بالمنطقة":null,"نوع_نمط_العمران":null,"نوع_طبيعة_المنطقة":null,"سعر_العمارة":null,"نوع_الأرض":null,"المساحة_كم2":null,"GlobalID":"{DAE80757-447F-4CB3-93A7-241A9677053C}","created_user":"gpr.gps","created_date":"2026-04-11T07:55:37Z","last_edited_user":"gpr.gps","last_edited_date":"2026-04-11T07:55:37Z","مساحة_كم2":null,"SHAPE_Length":55.39561200952506,"SHAPE_Area":181.08258825278793},"geometry":{"type":"Polygon","coordinates":[[[32.773857,25.947795],[32.77392,25.947871],[32.774058,25.947777],[32.773992,25.947702],[32.773857,25.947795]]]}},{"type":"Feature","properties":{"source_layer":"Building","source_feature_count":1,"BuildingType":2,"land_use":"سكنى","اسم_المحور":null,"اسم_المحافظة":null,"متوسط_عدد_الادوار_بالعقار":null,"متوسط_عدد_الشقق_بالدور":null,"متوسط_مساحة_الشقق_بالمنطقة":null,"نوع_نمط_العمران":null,"نوع_طبيعة_المنطقة":null,"سعر_العمارة":null,"نوع_الأرض":null,"المساحة_كم2":null,"GlobalID":"{B4CE7397-EDC5-4701-A0A1-069D848503F7}","created_user":"gpr.gps","created_date":"2026-04-11T07:55:37Z","last_edited_user":"gpr.gps","last_edited_date":"2026-04-11T07:55:37Z","مساحة_كم2":null,"SHAPE_Length":54.006588342559965,"SHAPE_Area":162.13262002746765},"geometry":{"type":"Polygon","coordinates":[[[32.782884,25.950124],[32.782825,25.949974],[32.782737,25.949995],[32.7828,25.95015],[32.782884,25.950124]]]}},{"type":"Feature","properties":{"source_layer":"Building","source_feature_count":1,"BuildingType":2,"land_use":"سكنى","اسم_المحور":null,"اسم_المحافظة":null,"متوسط_عدد_الادوار_بالعقار":null,"متوسط_عدد_الشقق_بالدور":null,"متوسط_مساحة_الشقق_بالمنطقة":null,"نوع_نمط_العمران":null,"نوع_طبيعة_المنطقة":null,"سعر_العمارة":null,"نوع_الأرض":null,"المساحة_كم2":null,"GlobalID":"{A8888A12-8E64-481F-82DF-EBD3B059AED1}","created_user":"gpr.gps","created_date":"2026-04-11T07:55:37Z","last_edited_user":"gpr.gps","last_edited_date":"2026-04-11T07:55:37Z","مساحة_كم2":null,"SHAPE_Length":64.77519174445321,"SHAPE_Area":260.2448200087897},"geometry":{"type":"Polygon","coordinates":[[[32.782842,25.952748],[32.78279,25.952618],[32.782625,25.952672],[32.782674,25.952794],[32.782842,25.952748]]]}},{"type":"Feature","properties":{"source_layer":"Building","source_feature_count":1,"BuildingType":2,"land_use":"سكنى","اسم_المحور":null,"اسم_المحافظة":null,"متوسط_عدد_الادوار_بالعقار":null,"متوسط_عدد_الشقق_بالدور":null,"متوسط_مساحة_الشقق_بالمنطقة":null,"نوع_نمط_العمران":null,"نوع_طبيعة_المنطقة":null,"سعر_العمارة":null,"نوع_الأرض":null,"المساحة_كم2":null,"GlobalID":"{BE5E892C-0B1E-4DE9-88DB-9B115074C5F8}","created_user":"gpr.gps","created_date":"2026-04-11T07:55:37Z","last_edited_user":"gpr.gps","last_edited_date":"2026-04-11T07:55:37Z","مساحة_كم2":null,"SHAPE_Length":57.88488708433132,"SHAPE_Area":205.95831897315458},"geometry":{"type":"Polygon","coordinates":[[[32.782915,25.952578],[32.782964,25.952715],[32.783082,25.952683],[32.783037,25.952538],[32.782915,25.952578]]]}},{"type":"Feature","properties":{"source_layer":"Building","source_feature_count":1,"BuildingType":2,"land_use":"سكنى","اسم_المحور":null,"اسم_المحافظة":null,"متوسط_عدد_الادوار_بالعقار":null,"متوسط_عدد_الشقق_بالدور":null,"متوسط_مساحة_الشقق_بالمنطقة":null,"نوع_نمط_العمران":null,"نوع_طبيعة_المنطقة":null,"سعر_العمارة":null,"نوع_الأرض":null,"المساحة_كم2":null,"GlobalID":"{A802DCC1-EC51-4AC0-9549-47DA865ECE12}","created_user":"gpr.gps","created_date":"2026-04-11T07:55:37Z","last_edited_user":"gpr.gps","last_edited_date":"2026-04-11T07:55:37Z","مساحة_كم2":null,"SHAPE_Length":46.53684674802613,"SHAPE_Area":129.21082309999878},"geometry":{"type":"Polygon","coordinates":[[[32.782645,25.952262],[32.782773,25.952358],[32.782735,25.952237],[32.782645,25.952262]]]}},{"type":"Feature","properties":{"source_layer":"Building","source_feature_count":1,"BuildingType":2,"land_use":"سكنى","اسم_المحور":null,"اسم_المحافظة":null,"متوسط_عدد_الادوار_بالعقار":null,"متوسط_عدد_الشقق_بالدور":null,"متوسط_مساحة_الشقق_بالمنطقة":null,"نوع_نمط_العمران":null,"نوع_طبيعة_المنطقة":null,"سعر_العمارة":null,"نوع_الأرض":null,"المساحة_كم2":null,"GlobalID":"{BECB916A-F982-4444-8542-FBB2DEA9F486}","created_user":"gpr.gps","created_date":"2026-04-11T07:55:37Z","last_edited_user":"gpr.gps","last_edited_date":"2026-04-11T07:55:37Z","مساحة_كم2":null,"SHAPE_Length":53.64481309625787,"SHAPE_Area":150.28096003140206},"geometry":{"type":"Polygon","coordinates":[[[32.782937,25.952381],[32.782731,25.952371],[32.782761,25.95244],[32.782937,25.952381]]]}},{"type":"Feature","properties":{"source_layer":"Building","source_feature_count":1,"BuildingType":2,"land_use":"سكنى","اسم_المحور":null,"اسم_المحافظة":null,"متوسط_عدد_الادوار_بالعقار":null,"متوسط_عدد_الشقق_بالدور":null,"متوسط_مساحة_الشقق_بالمنطقة":null,"نوع_نمط_العمران":null,"نوع_طبيعة_المنطقة":null,"سعر_العمارة":null,"نوع_الأرض":null,"المساحة_كم2":null,"GlobalID":"{6BB0E682-2889-4E5E-A69A-20F4DB369548}","created_user":"gpr.gps","created_date":"2026-04-11T07:55:37Z","last_edited_user":"gpr.gps","last_edited_date":"2026-04-11T07:55:37Z","مساحة_كم2":null,"SHAPE_Length":39.249866152461195,"SHAPE_Area":94.08680144222897},"geometry":{"type":"Polygon","coordinates":[[[32.782656,25.952474],[32.782731,25.952371],[32.782624,25.952402],[32.782656,25.952474]]]}},{"type":"Feature","properties":{"source_layer":"Building","source_feature_count":1,"BuildingType":2,"land_use":"سكنى","اسم_المحور":null,"اسم_المحافظة":null,"متوسط_عدد_الادوار_بالعقار":null,"متوسط_عدد_الشقق_بالدور":null,"متوسط_مساحة_الشقق_بالمنطقة":null,"نوع_نمط_العمران":null,"نوع_طبيعة_المنطقة":null,"سعر_العمارة":null,"نوع_الأرض":null,"المساحة_كم2":null,"GlobalID":"{87519C4E-433A-46B5-9BAE-BE48FBCBF862}","created_user":"gpr.gps","created_date":"2026-04-11T07:55:37Z","last_edited_user":"gpr.gps","last_edited_date":"2026-04-11T07:55:37Z","مساحة_كم2":null,"SHAPE_Length":58.914733132772376,"SHAPE_Area":214.40962398319135},"geometry":{"type":"Polygon","coordinates":[[[32.78177,25.951353],[32.78197,25.951401],[32.78192,25.951293],[32.78177,25.951353]]]}},{"type":"Feature","properties":{"source_layer":"Building","source_feature_count":1,"BuildingType":2,"land_use":"سكنى","اسم_المحور":null,"اسم_المحافظة":null,"متوسط_عدد_الادوار_بالعقار":null,"متوسط_عدد_الشقق_بالدور":null,"متوسط_مساحة_الشقق_بالمنطقة":null,"نوع_نمط_العمران":null,"نوع_طبيعة_المنطقة":null,"سعر_العمارة":null,"نوع_الأرض":null,"المساحة_كم2":null,"GlobalID":"{74AC34B1-003F-443E-B40B-5DB6580F2162}","created_user":"gpr.gps","created_date":"2026-04-11T07:55:37Z","last_edited_user":"gpr.gps","last_edited_date":"2026-04-11T07:55:37Z","مساحة_كم2":null,"SHAPE_Length":53.87863679644923,"SHAPE_Area":180.07143944355894},"geometry":{"type":"Polygon","coordinates":[[[32.781508,25.951599],[32.781438,25.951486],[32.781325,25.951532],[32.781393,25.951647],[32.781508,25.951599]]]}},{"type":"Feature","properties":{"source_layer":"Building","source_feature_count":1,"BuildingType":2,"land_use":"سكنى","اسم_المحور":null,"اسم_المحافظة":null,"متوسط_عدد_الادوار_بالعقار":null,"متوسط_عدد_الشقق_بالدور":null,"متوسط_مساحة_الشقق_بالمنطقة":null,"نوع_نمط_العمران":null,"نوع_طبيعة_المنطقة":null,"سعر_العمارة":null,"نوع_الأرض":null,"المساحة_كم2":null,"GlobalID":"{C9BBE859-90AB-4889-BB0D-F6F16FCC80F9}","created_user":"gpr.gps","created_date":"2026-04-11T07:55:37Z","last_edited_user":"gpr.gps","last_edited_date":"2026-04-11T07:55:37Z","مساحة_كم2":null,"SHAPE_Length":53.13124730441738,"SHAPE_Area":174.6687983083505},"geometry":{"type":"Polygon","coordinates":[[[32.781621,25.951552],[32.78155,25.951442],[32.781438,25.951486],[32.781508,25.951599],[32.781621,25.951552]]]}},{"type":"Feature","properties":{"source_layer":"Building","source_feature_count":1,"BuildingType":2,"land_use":"سكنى","اسم_المحور":null,"اسم_المحافظة":null,"متوسط_عدد_الادوار_بالعقار":null,"متوسط_عدد_الشقق_بالدور":null,"متوسط_مساحة_الشقق_بالمنطقة":null,"نوع_نمط_العمران":null,"نوع_طبيعة_المنطقة":null,"سعر_العمارة":null,"نوع_الأرض":null,"المساحة_كم2":null,"GlobalID":"{DD309DAD-8DDF-4086-A0EF-E6FCECE61426}","created_user":"gpr.gps","created_date":"2026-04-11T07:55:37Z","last_edited_user":"gpr.gps","last_edited_date":"2026-04-11T07:55:37Z","مساحة_كم2":null,"SHAPE_Length":52.97560469188186,"SHAPE_Area":167.94349167917238},"geometry":{"type":"Polygon","coordinates":[[[32.781921,25.951528],[32.781875,25.951442],[32.781729,25.951506],[32.78178,25.951588],[32.781921,25.951528]]]}},{"type":"Feature","properties":{"source_layer":"Building","source_feature_count":1,"BuildingType":2,"land_use":"سكنى","اسم_المحور":null,"اسم_المحافظة":null,"متوسط_عدد_الادوار_بالعقار":null,"متوسط_عدد_الشقق_بالدور":null,"متوسط_مساحة_الشقق_بالمنطقة":null,"نوع_نمط_العمران":null,"نوع_طبيعة_المنطقة":null,"سعر_العمارة":null,"نوع_الأرض":null,"المساحة_كم2":null,"GlobalID":"{F686171D-AE41-4516-8AAF-4DFB11B195A8}","created_user":"gpr.gps","created_date":"2026-04-11T07:55:37Z","last_edited_user":"gpr.gps","last_edited_date":"2026-04-11T07:55:37Z","مساحة_كم2":null,"SHAPE_Length":52.282158644208,"SHAPE_Area":169.34404716823167},"geometry":{"type":"Polygon","coordinates":[[[32.781729,25.951506],[32.781662,25.951397],[32.78155,25.951442],[32.781621,25.951552],[32.781729,25.951506]]]}},{"type":"Feature","properties":{"source_layer":"Building","source_feature_count":1,"BuildingType":2,"land_use":"سكنى","اسم_المحور":null,"اسم_المحافظة":null,"متوسط_عدد_الادوار_بالعقار":null,"متوسط_عدد_الشقق_بالدور":null,"متوسط_مساحة_الشقق_بالمنطقة":null,"نوع_نمط_العمران":null,"نوع_طبيعة_المنطقة":null,"سعر_العمارة":null,"نوع_الأرض":null,"المساحة_كم2":null,"GlobalID":"{07C3594D-0A2C-42EA-827C-48AC58B9A598}","created_user":"gpr.gps","created_date":"2026-04-11T07:55:37Z","last_edited_user":"gpr.gps","last_edited_date":"2026-04-11T07:55:37Z","مساحة_كم2":null,"SHAPE_Length":45.131645444840615,"SHAPE_Area":126.0802048975446},"geometry":{"type":"Polygon","coordinates":[[[32.78178,25.951588],[32.781729,25.951506],[32.781621,25.951552],[32.781664,25.951634],[32.78178,25.951588]]]}},{"type":"Feature","properties":{"source_layer":"Building","source_feature_count":1,"BuildingType":2,"land_use":"سكنى","اسم_المحور":null,"اسم_المحافظة":null,"متوسط_عدد_الادوار_بالعقار":null,"متوسط_عدد_الشقق_بالدور":null,"متوسط_مساحة_الشقق_بالمنطقة":null,"نوع_نمط_العمران":null,"نوع_طبيعة_المنطقة":null,"سعر_العمارة":null,"نوع_الأرض":null,"المساحة_كم2":null,"GlobalID":"{E7F8078E-8513-4994-91B6-9A2298072392}","created_user":"gpr.gps","created_date":"2026-04-11T07:55:37Z","last_edited_user":"gpr.gps","last_edited_date":"2026-04-11T07:55:37Z","مساحة_كم2":null,"SHAPE_Length":49.61600049723363,"SHAPE_Area":152.16634024469283},"geometry":{"type":"Polygon","coordinates":[[[32.781824,25.951464],[32.78177,25.951353],[32.781662,25.951397],[32.781729,25.951506],[32.781824,25.951464]]]}},{"type":"Feature","properties":{"source_layer":"Building","source_feature_count":1,"BuildingType":2,"land_use":"سكنى","اسم_المحور":null,"اسم_المحافظة":null,"متوسط_عدد_الادوار_بالعقار":null,"متوسط_عدد_الشقق_بالدور":null,"متوسط_مساحة_الشقق_بالمنطقة":null,"نوع_نمط_العمران":null,"نوع_طبيعة_المنطقة":null,"سعر_العمارة":null,"نوع_الأرض":null,"المساحة_كم2":null,"GlobalID":"{0BB66FA0-A75F-4365-9E58-78E824C371EC}","created_user":"gpr.gps","created_date":"2026-04-11T07:55:37Z","last_edited_user":"gpr.gps","last_edited_date":"2026-04-11T07:55:37Z","مساحة_كم2":null,"SHAPE_Length":44.754392264156124,"SHAPE_Area":123.26158036306259},"geometry":{"type":"Polygon","coordinates":[[[32.781821,25.951669],[32.781664,25.951634],[32.781706,25.951715],[32.781821,25.951669]]]}},{"type":"Feature","properties":{"source_layer":"Building","source_feature_count":1,"BuildingType":2,"land_use":"سكنى","اسم_المحور":null,"اسم_المحافظة":null,"متوسط_عدد_الادوار_بالعقار":null,"متوسط_عدد_الشقق_بالدور":null,"متوسط_مساحة_الشقق_بالمنطقة":null,"نوع_نمط_العمران":null,"نوع_طبيعة_المنطقة":null,"سعر_العمارة":null,"نوع_الأرض":null,"المساحة_كم2":null,"GlobalID":"{86D06C61-9209-4DFD-87D5-23B05AD5B0D1}","created_user":"gpr.gps","created_date":"2026-04-11T07:55:37Z","last_edited_user":"gpr.gps","last_edited_date":"2026-04-11T07:55:37Z","مساحة_كم2":null,"SHAPE_Length":41.857865551786745,"SHAPE_Area":100.32769018717028},"geometry":{"type":"Polygon","coordinates":[[[32.782146,25.95109],[32.782295,25.951099],[32.782265,25.951036],[32.782146,25.95109]]]}},{"type":"Feature","properties":{"source_layer":"Building","source_feature_count":1,"BuildingType":2,"land_use":"سكنى","اسم_المحور":null,"اسم_المحافظة":null,"متوسط_عدد_الادوار_بالعقار":null,"متوسط_عدد_الشقق_بالدور":null,"متوسط_مساحة_الشقق_بالمنطقة":null,"نوع_نمط_العمران":null,"نوع_طبيعة_المنطقة":null,"سعر_العمارة":null,"نوع_الأرض":null,"المساحة_كم2":null,"GlobalID":"{27A1B3C5-1DAD-4FC8-A15C-063E8AE76E99}","created_user":"gpr.gps","created_date":"2026-04-11T07:55:37Z","last_edited_user":"gpr.gps","last_edited_date":"2026-04-11T07:55:37Z","مساحة_كم2":null,"SHAPE_Length":52.4183679119958,"SHAPE_Area":143.46365009339425},"geometry":{"type":"Polygon","coordinates":[[[32.781508,25.951358],[32.781381,25.951492],[32.781548,25.95142],[32.781508,25.951358]]]}},{"type":"Feature","properties":{"source_layer":"Building","source_feature_count":1,"BuildingType":2,"land_use":"سكنى","اسم_المحور":null,"اسم_المحافظة":null,"متوسط_عدد_الادوار_بالعقار":null,"متوسط_عدد_الشقق_بالدور":null,"متوسط_مساحة_الشقق_بالمنطقة":null,"نوع_نمط_العمران":null,"نوع_طبيعة_المنطقة":null,"سعر_العمارة":null,"نوع_الأرض":null,"المساحة_كم2":null,"GlobalID":"{8BA80FA0-7803-45E1-9AAD-6E22C6C8C390}","created_user":"gpr.gps","created_date":"2026-04-11T07:55:37Z","last_edited_user":"gpr.gps","last_edited_date":"2026-04-11T07:55:37Z","مساحة_كم2":null,"SHAPE_Length":47.56957509460182,"SHAPE_Area":122.64144401709267},"geometry":{"type":"Polygon","coordinates":[[[32.781234,25.951556],[32.781344,25.951432],[32.7812,25.951496],[32.781234,25.951556]]]}},{"type":"Feature","properties":{"source_layer":"Building","source_feature_count":1,"BuildingType":2,"land_use":"سكنى","اسم_المحور":null,"اسم_المحافظة":null,"متوسط_عدد_الادوار_بالعقار":null,"متوسط_عدد_الشقق_بالدور":null,"متوسط_مساحة_الشقق_بالمنطقة":null,"نوع_نمط_العمران":null,"نوع_طبيعة_المنطقة":null,"سعر_العمارة":null,"نوع_الأرض":null,"المساحة_كم2":null,"GlobalID":"{93FBDC40-CC07-4137-9B86-31BDF91C5982}","created_user":"gpr.gps","created_date":"2026-04-11T07:55:37Z","last_edited_user":"gpr.gps","last_edited_date":"2026-04-11T07:55:37Z","مساحة_كم2":null,"SHAPE_Length":51.314692641544376,"SHAPE_Area":149.16743742260792},"geometry":{"type":"Polygon","coordinates":[[[32.78294,25.950265],[32.7828,25.95015],[32.782857,25.950294],[32.78294,25.950265]]]}},{"type":"Feature","properties":{"source_layer":"Building","source_feature_count":1,"BuildingType":2,"land_use":"سكنى","اسم_المحور":null,"اسم_المحافظة":null,"متوسط_عدد_الادوار_بالعقار":null,"متوسط_عدد_الشقق_بالدور":null,"متوسط_مساحة_الشقق_بالمنطقة":null,"نوع_نمط_العمران":null,"نوع_طبيعة_المنطقة":null,"سعر_العمارة":null,"نوع_الأرض":null,"المساحة_كم2":null,"GlobalID":"{8BA001FB-8459-4FAB-9F75-5DED72295BCA}","created_user":"gpr.gps","created_date":"2026-04-11T07:55:37Z","last_edited_user":"gpr.gps","last_edited_date":"2026-04-11T07:55:37Z","مساحة_كم2":null,"SHAPE_Length":44.89924641359014,"SHAPE_Area":120.32468553304066},"geometry":{"type":"Polygon","coordinates":[[[32.782643,25.949879],[32.782799,25.949918],[32.782768,25.949842],[32.782643,25.949879]]]}},{"type":"Feature","properties":{"source_layer":"Building","source_feature_count":1,"BuildingType":2,"land_use":"سكنى","اسم_المحور":null,"اسم_المحافظة":null,"متوسط_عدد_الادوار_بالعقار":null,"متوسط_عدد_الشقق_بالدور":null,"متوسط_مساحة_الشقق_بالمنطقة":null,"نوع_نمط_العمران":null,"نوع_طبيعة_المنطقة":null,"سعر_العمارة":null,"نوع_الأرض":null,"المساحة_كم2":null,"GlobalID":"{772591CE-2CEC-43BF-86C0-EEEDECDA03D1}","created_user":"gpr.gps","created_date":"2026-04-11T07:55:37Z","last_edited_user":"gpr.gps","last_edited_date":"2026-04-11T07:55:37Z","مساحة_كم2":null,"SHAPE_Length":40.630754490333246,"SHAPE_Area":100.80719456546531},"geometry":{"type":"Polygon","coordinates":[[[32.782594,25.949715],[32.782732,25.949748],[32.782702,25.949676],[32.782594,25.949715]]]}},{"type":"Feature","properties":{"source_layer":"Building","source_feature_count":1,"BuildingType":2,"land_use":"سكنى","اسم_المحور":null,"اسم_المحافظة":null,"متوسط_عدد_الادوار_بالعقار":null,"متوسط_عدد_الشقق_بالدور":null,"متوسط_مساحة_الشقق_بالمنطقة":null,"نوع_نمط_العمران":null,"نوع_طبيعة_المنطقة":null,"سعر_العمارة":null,"نوع_الأرض":null,"المساحة_كم2":null,"GlobalID":"{4421AD7A-69F7-4F18-9348-E04C33D658E1}","created_user":"gpr.gps","created_date":"2026-04-11T07:55:37Z","last_edited_user":"gpr.gps","last_edited_date":"2026-04-11T07:55:37Z","مساحة_كم2":null,"SHAPE_Length":50.626058023368685,"SHAPE_Area":159.70890479490993},"geometry":{"type":"Polygon","coordinates":[[[32.781104,25.949177],[32.780989,25.949222],[32.781047,25.949324],[32.781165,25.949274],[32.781104,25.949177]]]}},{"type":"Feature","properties":{"source_layer":"Building","source_feature_count":1,"BuildingType":2,"land_use":"سكنى","اسم_المحور":null,"اسم_المحافظة":null,"متوسط_عدد_الادوار_بالعقار":null,"متوسط_عدد_الشقق_بالدور":null,"متوسط_مساحة_الشقق_بالمنطقة":null,"نوع_نمط_العمران":null,"نوع_طبيعة_المنطقة":null,"سعر_العمارة":null,"نوع_الأرض":null,"المساحة_كم2":null,"GlobalID":"{70845359-9F15-42DA-9CC3-4DEB951911CE}","created_user":"gpr.gps","created_date":"2026-04-11T07:55:37Z","last_edited_user":"gpr.gps","last_edited_date":"2026-04-11T07:55:37Z","مساحة_كم2":null,"SHAPE_Length":49.2235624864359,"SHAPE_Area":150.23800685636922},"geometry":{"type":"Polygon","coordinates":[[[32.781165,25.949274],[32.781047,25.949324],[32.781099,25.949414],[32.781221,25.949365],[32.781165,25.949274]]]}},{"type":"Feature","properties":{"source_layer":"Building","source_feature_count":1,"BuildingType":2,"land_use":"سكنى","اسم_المحور":null,"اسم_المحافظة":null,"متوسط_عدد_الادوار_بالعقار":null,"متوسط_عدد_الشقق_بالدور":null,"متوسط_مساحة_الشقق_بالمنطقة":null,"نوع_نمط_العمران":null,"نوع_طبيعة_المنطقة":null,"سعر_العمارة":null,"نوع_الأرض":null,"المساحة_كم2":null,"GlobalID":"{331612CD-88C4-458E-A9CD-FD863CC981E2}","created_user":"gpr.gps","created_date":"2026-04-11T07:55:37Z","last_edited_user":"gpr.gps","last_edited_date":"2026-04-11T07:55:37Z","مساحة_كم2":null,"SHAPE_Length":69.34520006374383,"SHAPE_Area":282.41476990146623},"geometry":{"type":"Polygon","coordinates":[[[32.782509,25.950761],[32.782407,25.950591],[32.782286,25.950643],[32.782391,25.950812],[32.782509,25.950761]]]}},{"type":"Feature","properties":{"source_layer":"Building","source_feature_count":1,"BuildingType":2,"land_use":"سكنى","اسم_المحور":null,"اسم_المحافظة":null,"متوسط_عدد_الادوار_بالعقار":null,"متوسط_عدد_الشقق_بالدور":null,"متوسط_مساحة_الشقق_بالمنطقة":null,"نوع_نمط_العمران":null,"نوع_طبيعة_المنطقة":null,"سعر_العمارة":null,"نوع_الأرض":null,"المساحة_كم2":null,"GlobalID":"{248BE9BC-4C38-43F1-8723-F7ADAFC2F8D6}","created_user":"gpr.gps","created_date":"2026-04-11T07:55:37Z","last_edited_user":"gpr.gps","last_edited_date":"2026-04-11T07:55:37Z","مساحة_كم2":null,"SHAPE_Length":50.963791840038894,"SHAPE_Area":153.60262664345802},"geometry":{"type":"Polygon","coordinates":[[[32.782192,25.950784],[32.782334,25.950719],[32.782286,25.950643],[32.782148,25.950703],[32.782192,25.950784]]]}},{"type":"Feature","properties":{"source_layer":"Building","source_feature_count":1,"BuildingType":2,"land_use":"سكنى","اسم_المحور":null,"اسم_المحافظة":null,"متوسط_عدد_الادوار_بالعقار":null,"متوسط_عدد_الشقق_بالدور":null,"متوسط_مساحة_الشقق_بالمنطقة":null,"نوع_نمط_العمران":null,"نوع_طبيعة_المنطقة":null,"سعر_العمارة":null,"نوع_الأرض":null,"المساحة_كم2":null,"GlobalID":"{E1D41097-E4CC-440D-ADBE-2188F73FA1D9}","created_user":"gpr.gps","created_date":"2026-04-11T07:55:37Z","last_edited_user":"gpr.gps","last_edited_date":"2026-04-11T07:55:37Z","مساحة_كم2":null,"SHAPE_Length":52.314156928791185,"SHAPE_Area":168.9412020456344},"geometry":{"type":"Polygon","coordinates":[[[32.782391,25.950812],[32.782334,25.950719],[32.782207,25.950777],[32.782258,25.95087],[32.782391,25.950812]]]}},{"type":"Feature","properties":{"source_layer":"Building","source_feature_count":1,"BuildingType":2,"land_use":"سكنى","اسم_المحور":null,"اسم_المحافظة":null,"متوسط_عدد_الادوار_بالعقار":null,"متوسط_عدد_الشقق_بالدور":null,"متوسط_مساحة_الشقق_بالمنطقة":null,"نوع_نمط_العمران":null,"نوع_طبيعة_المنطقة":null,"سعر_العمارة":null,"نوع_الأرض":null,"المساحة_كم2":null,"GlobalID":"{21023DD4-2950-4BD2-954A-74410F8F8CA4}","created_user":"gpr.gps","created_date":"2026-04-11T07:55:37Z","last_edited_user":"gpr.gps","last_edited_date":"2026-04-11T07:55:37Z","مساحة_كم2":null,"SHAPE_Length":61.61065817933033,"SHAPE_Area":182.93084233307508},"geometry":{"type":"Polygon","coordinates":[[[32.783737,25.954988],[32.783944,25.9551],[32.783798,25.954945],[32.783737,25.954988]]]}},{"type":"Feature","properties":{"source_layer":"Building","source_feature_count":1,"BuildingType":2,"land_use":"سكنى","اسم_المحور":null,"اسم_المحافظة":null,"متوسط_عدد_الادوار_بالعقار":null,"متوسط_عدد_الشقق_بالدور":null,"متوسط_مساحة_الشقق_بالمنطقة":null,"نوع_نمط_العمران":null,"نوع_طبيعة_المنطقة":null,"سعر_العمارة":null,"نوع_الأرض":null,"المساحة_كم2":null,"GlobalID":"{D1BF6449-76D9-4236-B687-9B54813F7DC9}","created_user":"gpr.gps","created_date":"2026-04-11T07:55:37Z","last_edited_user":"gpr.gps","last_edited_date":"2026-04-11T07:55:37Z","مساحة_كم2":null,"SHAPE_Length":50.32745030789718,"SHAPE_Area":157.34691906509374},"geometry":{"type":"Polygon","coordinates":[[[32.784023,25.954758],[32.783942,25.954828],[32.784027,25.954918],[32.784111,25.954846],[32.784023,25.954758]]]}},{"type":"Feature","properties":{"source_layer":"Building","source_feature_count":1,"BuildingType":2,"land_use":"سكنى","اسم_المحور":null,"اسم_المحافظة":null,"متوسط_عدد_الادوار_بالعقار":null,"متوسط_عدد_الشقق_بالدور":null,"متوسط_مساحة_الشقق_بالمنطقة":null,"نوع_نمط_العمران":null,"نوع_طبيعة_المنطقة":null,"سعر_العمارة":null,"نوع_الأرض":null,"المساحة_كم2":null,"GlobalID":"{C02D57F6-2D9A-4D2C-9531-FC2AC256B718}","created_user":"gpr.gps","created_date":"2026-04-11T07:55:37Z","last_edited_user":"gpr.gps","last_edited_date":"2026-04-11T07:55:37Z","مساحة_كم2":null,"SHAPE_Length":46.48432481321089,"SHAPE_Area":130.94731875598487},"geometry":{"type":"Polygon","coordinates":[[[32.784384,25.954615],[32.784397,25.954758],[32.784478,25.954703],[32.784384,25.954615]]]}},{"type":"Feature","properties":{"source_layer":"Building","source_feature_count":1,"BuildingType":2,"land_use":"سكنى","اسم_المحور":null,"اسم_المحافظة":null,"متوسط_عدد_الادوار_بالعقار":null,"متوسط_عدد_الشقق_بالدور":null,"متوسط_مساحة_الشقق_بالمنطقة":null,"نوع_نمط_العمران":null,"نوع_طبيعة_المنطقة":null,"سعر_العمارة":null,"نوع_الأرض":null,"المساحة_كم2":null,"GlobalID":"{5FEAE5E2-A7A6-4046-9FA0-48655728ADF2}","created_user":"gpr.gps","created_date":"2026-04-11T07:55:37Z","last_edited_user":"gpr.gps","last_edited_date":"2026-04-11T07:55:37Z","مساحة_كم2":null,"SHAPE_Length":56.199952501587006,"SHAPE_Area":186.17677316000538},"geometry":{"type":"Polygon","coordinates":[[[32.784663,25.955175],[32.784756,25.955126],[32.784668,25.954992],[32.784576,25.955039],[32.784663,25.955175]]]}},{"type":"Feature","properties":{"source_layer":"Building","source_feature_count":1,"BuildingType":2,"land_use":"سكنى","اسم_المحور":null,"اسم_المحافظة":null,"متوسط_عدد_الادوار_بالعقار":null,"متوسط_عدد_الشقق_بالدور":null,"متوسط_مساحة_الشقق_بالمنطقة":null,"نوع_نمط_العمران":null,"نوع_طبيعة_المنطقة":null,"سعر_العمارة":null,"نوع_الأرض":null,"المساحة_كم2":null,"GlobalID":"{5AA47D86-278C-4614-AAA0-8F98FDC373D3}","created_user":"gpr.gps","created_date":"2026-04-11T07:55:37Z","last_edited_user":"gpr.gps","last_edited_date":"2026-04-11T07:55:37Z","مساحة_كم2":null,"SHAPE_Length":53.794850723143625,"SHAPE_Area":164.8714022042332},"geometry":{"type":"Polygon","coordinates":[[[32.784318,25.955131],[32.784321,25.955307],[32.784416,25.955262],[32.784318,25.955131]]]}},{"type":"Feature","properties":{"source_layer":"Building","source_feature_count":1,"BuildingType":2,"land_use":"سكنى","اسم_المحور":null,"اسم_المحافظة":null,"متوسط_عدد_الادوار_بالعقار":null,"متوسط_عدد_الشقق_بالدور":null,"متوسط_مساحة_الشقق_بالمنطقة":null,"نوع_نمط_العمران":null,"نوع_طبيعة_المنطقة":null,"سعر_العمارة":null,"نوع_الأرض":null,"المساحة_كم2":null,"GlobalID":"{467C8390-6B94-4352-989D-50F1774FDE30}","created_user":"gpr.gps","created_date":"2026-04-11T07:55:37Z","last_edited_user":"gpr.gps","last_edited_date":"2026-04-11T07:55:37Z","مساحة_كم2":null,"SHAPE_Length":53.67644585154061,"SHAPE_Area":166.26507052862732},"geometry":{"type":"Polygon","coordinates":[[[32.784249,25.955342],[32.784164,25.955207],[32.784078,25.955249],[32.784164,25.955382],[32.784249,25.955342]]]}},{"type":"Feature","properties":{"source_layer":"Building","source_feature_count":1,"BuildingType":2,"land_use":"سكنى","اسم_المحور":null,"اسم_المحافظة":null,"متوسط_عدد_الادوار_بالعقار":null,"متوسط_عدد_الشقق_بالدور":null,"متوسط_مساحة_الشقق_بالمنطقة":null,"نوع_نمط_العمران":null,"نوع_طبيعة_المنطقة":null,"سعر_العمارة":null,"نوع_الأرض":null,"المساحة_كم2":null,"GlobalID":"{E6D3CB34-EEBE-4969-938E-2DC7FA89DC84}","created_user":"gpr.gps","created_date":"2026-04-11T07:55:37Z","last_edited_user":"gpr.gps","last_edited_date":"2026-04-11T07:55:37Z","مساحة_كم2":null,"SHAPE_Length":51.82879497429802,"SHAPE_Area":149.55868987486008},"geometry":{"type":"Polygon","coordinates":[[[32.784249,25.955342],[32.784245,25.955167],[32.784164,25.955207],[32.784249,25.955342]]]}},{"type":"Feature","properties":{"source_layer":"Building","source_feature_count":1,"BuildingType":2,"land_use":"سكنى","اسم_المحور":null,"اسم_المحافظة":null,"متوسط_عدد_الادوار_بالعقار":null,"متوسط_عدد_الشقق_بالدور":null,"متوسط_مساحة_الشقق_بالمنطقة":null,"نوع_نمط_العمران":null,"نوع_طبيعة_المنطقة":null,"سعر_العمارة":null,"نوع_الأرض":null,"المساحة_كم2":null,"GlobalID":"{AD4F0F6D-EE33-48B6-BD6D-CD370D9B219E}","created_user":"gpr.gps","created_date":"2026-04-11T07:55:37Z","last_edited_user":"gpr.gps","last_edited_date":"2026-04-11T07:55:37Z","مساحة_كم2":null,"SHAPE_Length":59.80744429411254,"SHAPE_Area":212.50601627378043},"geometry":{"type":"Polygon","coordinates":[[[32.785502,25.958846],[32.78548,25.95874],[32.7853,25.958781],[32.785327,25.958881],[32.785502,25.958846]]]}},{"type":"Feature","properties":{"source_layer":"Building","source_feature_count":1,"BuildingType":2,"land_use":"سكنى","اسم_المحور":null,"اسم_المحافظة":null,"متوسط_عدد_الادوار_بالعقار":null,"متوسط_عدد_الشقق_بالدور":null,"متوسط_مساحة_الشقق_بالمنطقة":null,"نوع_نمط_العمران":null,"نوع_طبيعة_المنطقة":null,"سعر_العمارة":null,"نوع_الأرض":null,"المساحة_كم2":null,"GlobalID":"{3CF819A2-DF99-4C79-8294-76483DB0A796}","created_user":"gpr.gps","created_date":"2026-04-11T07:55:37Z","last_edited_user":"gpr.gps","last_edited_date":"2026-04-11T07:55:37Z","مساحة_كم2":null,"SHAPE_Length":44.246232582226696,"SHAPE_Area":110.43435019702031},"geometry":{"type":"Polygon","coordinates":[[[32.784551,25.958265],[32.784638,25.958393],[32.784628,25.958259],[32.784551,25.958265]]]}},{"type":"Feature","properties":{"source_layer":"Building","source_feature_count":1,"BuildingType":2,"land_use":"سكنى","اسم_المحور":null,"اسم_المحافظة":null,"متوسط_عدد_الادوار_بالعقار":null,"متوسط_عدد_الشقق_بالدور":null,"متوسط_مساحة_الشقق_بالمنطقة":null,"نوع_نمط_العمران":null,"نوع_طبيعة_المنطقة":null,"سعر_العمارة":null,"نوع_الأرض":null,"المساحة_كم2":null,"GlobalID":"{5F2ABF54-9AF0-4048-8C3B-14662391CD5C}","created_user":"gpr.gps","created_date":"2026-04-11T07:55:37Z","last_edited_user":"gpr.gps","last_edited_date":"2026-04-11T07:55:37Z","مساحة_كم2":null,"SHAPE_Length":66.80285700401382,"SHAPE_Area":276.6755578570496},"geometry":{"type":"Polygon","coordinates":[[[32.784139,25.957956],[32.784189,25.958092],[32.78436,25.958031],[32.78431,25.957907],[32.784139,25.957956]]]}},{"type":"Feature","properties":{"source_layer":"Building","source_feature_count":1,"BuildingType":2,"land_use":"سكنى","اسم_المحور":null,"اسم_المحافظة":null,"متوسط_عدد_الادوار_بالعقار":null,"متوسط_عدد_الشقق_بالدور":null,"متوسط_مساحة_الشقق_بالمنطقة":null,"نوع_نمط_العمران":null,"نوع_طبيعة_المنطقة":null,"سعر_العمارة":null,"نوع_الأرض":null,"المساحة_كم2":null,"GlobalID":"{3B448C8E-CA4D-4249-816C-F9CF634B9F87}","created_user":"gpr.gps","created_date":"2026-04-11T07:55:37Z","last_edited_user":"gpr.gps","last_edited_date":"2026-04-11T07:55:37Z","مساحة_كم2":null,"SHAPE_Length":57.23610944651265,"SHAPE_Area":182.37863824838013},"geometry":{"type":"Polygon","coordinates":[[[32.789843,25.964187],[32.790023,25.964142],[32.789987,25.96406],[32.789803,25.964106],[32.789843,25.964187]]]}},{"type":"Feature","properties":{"source_layer":"Building","source_feature_count":1,"BuildingType":2,"land_use":"سكنى","اسم_المحور":null,"اسم_المحافظة":null,"متوسط_عدد_الادوار_بالعقار":null,"متوسط_عدد_الشقق_بالدور":null,"متوسط_مساحة_الشقق_بالمنطقة":null,"نوع_نمط_العمران":null,"نوع_طبيعة_المنطقة":null,"سعر_العمارة":null,"نوع_الأرض":null,"المساحة_كم2":null,"GlobalID":"{944FE5D3-A00E-4F19-B3AF-F6C882FC431B}","created_user":"gpr.gps","created_date":"2026-04-11T07:55:37Z","last_edited_user":"gpr.gps","last_edited_date":"2026-04-11T07:55:37Z","مساحة_كم2":null,"SHAPE_Length":94.12703449447717,"SHAPE_Area":447.9700715662576},"geometry":{"type":"Polygon","coordinates":[[[32.790311,25.964517],[32.790263,25.964418],[32.789997,25.964482],[32.790044,25.964613],[32.790311,25.964517]]]}},{"type":"Feature","properties":{"source_layer":"Building","source_feature_count":1,"BuildingType":2,"land_use":"سكنى","اسم_المحور":null,"اسم_المحافظة":null,"متوسط_عدد_الادوار_بالعقار":null,"متوسط_عدد_الشقق_بالدور":null,"متوسط_مساحة_الشقق_بالمنطقة":null,"نوع_نمط_العمران":null,"نوع_طبيعة_المنطقة":null,"سعر_العمارة":null,"نوع_الأرض":null,"المساحة_كم2":null,"GlobalID":"{C9E9426B-F0C6-4C8F-A4F3-1F5A06461B29}","created_user":"gpr.gps","created_date":"2026-04-11T07:55:37Z","last_edited_user":"gpr.gps","last_edited_date":"2026-04-11T07:55:37Z","مساحة_كم2":null,"SHAPE_Length":50.9423566857708,"SHAPE_Area":161.20314501830805},"geometry":{"type":"Polygon","coordinates":[[[32.790559,25.96413],[32.790666,25.964096],[32.790638,25.963979],[32.790517,25.964013],[32.790559,25.96413]]]}},{"type":"Feature","properties":{"source_layer":"Building","source_feature_count":1,"BuildingType":2,"land_use":"سكنى","اسم_المحور":null,"اسم_المحافظة":null,"متوسط_عدد_الادوار_بالعقار":null,"متوسط_عدد_الشقق_بالدور":null,"متوسط_مساحة_الشقق_بالمنطقة":null,"نوع_نمط_العمران":null,"نوع_طبيعة_المنطقة":null,"سعر_العمارة":null,"نوع_الأرض":null,"المساحة_كم2":null,"GlobalID":"{83145D43-1107-44D2-9A32-0281C5A932AE}","created_user":"gpr.gps","created_date":"2026-04-11T07:55:37Z","last_edited_user":"gpr.gps","last_edited_date":"2026-04-11T07:55:37Z","مساحة_كم2":null,"SHAPE_Length":49.74857654130687,"SHAPE_Area":151.84545185527628},"geometry":{"type":"Polygon","coordinates":[[[32.790752,25.964242],[32.790704,25.964123],[32.790601,25.964151],[32.790648,25.964271],[32.790752,25.964242]]]}},{"type":"Feature","properties":{"source_layer":"Building","source_feature_count":1,"BuildingType":2,"land_use":"سكنى","اسم_المحور":null,"اسم_المحافظة":null,"متوسط_عدد_الادوار_بالعقار":null,"متوسط_عدد_الشقق_بالدور":null,"متوسط_مساحة_الشقق_بالمنطقة":null,"نوع_نمط_العمران":null,"نوع_طبيعة_المنطقة":null,"سعر_العمارة":null,"نوع_الأرض":null,"المساحة_كم2":null,"GlobalID":"{2C67142F-D59C-4836-BDE3-DF789ED5F763}","created_user":"gpr.gps","created_date":"2026-04-11T07:55:37Z","last_edited_user":"gpr.gps","last_edited_date":"2026-04-11T07:55:37Z","مساحة_كم2":null,"SHAPE_Length":46.63459979272731,"SHAPE_Area":130.13197780637176},"geometry":{"type":"Polygon","coordinates":[[[32.790704,25.964123],[32.790752,25.964242],[32.79084,25.964218],[32.790794,25.964099],[32.790704,25.964123]]]}},{"type":"Feature","properties":{"source_layer":"Building","source_feature_count":1,"BuildingType":2,"land_use":"سكنى","اسم_المحور":null,"اسم_المحافظة":null,"متوسط_عدد_الادوار_بالعقار":null,"متوسط_عدد_الشقق_بالدور":null,"متوسط_مساحة_الشقق_بالمنطقة":null,"نوع_نمط_العمران":null,"نوع_طبيعة_المنطقة":null,"سعر_العمارة":null,"نوع_الأرض":null,"المساحة_كم2":null,"GlobalID":"{8A10819A-B233-4382-868E-2C84DEFB41E2}","created_user":"gpr.gps","created_date":"2026-04-11T07:55:37Z","last_edited_user":"gpr.gps","last_edited_date":"2026-04-11T07:55:37Z","مساحة_كم2":null,"SHAPE_Length":36.55676923103806,"SHAPE_Area":76.76811761335284},"geometry":{"type":"Polygon","coordinates":[[[32.791239,25.967378],[32.791108,25.967354],[32.791128,25.967412],[32.791239,25.967378]]]}},{"type":"Feature","properties":{"source_layer":"Building","source_feature_count":1,"BuildingType":2,"land_use":"سكنى","اسم_المحور":null,"اسم_المحافظة":null,"متوسط_عدد_الادوار_بالعقار":null,"متوسط_عدد_الشقق_بالدور":null,"متوسط_مساحة_الشقق_بالمنطقة":null,"نوع_نمط_العمران":null,"نوع_طبيعة_المنطقة":null,"سعر_العمارة":null,"نوع_الأرض":null,"المساحة_كم2":null,"GlobalID":"{30DFE206-B88D-4CC6-B952-C95D1C070B73}","created_user":"gpr.gps","created_date":"2026-04-11T07:55:37Z","last_edited_user":"gpr.gps","last_edited_date":"2026-04-11T07:55:37Z","مساحة_كم2":null,"SHAPE_Length":85.82043770637024,"SHAPE_Area":456.7647145464042},"geometry":{"type":"Polygon","coordinates":[[[32.787669,25.968958],[32.787855,25.968899],[32.787778,25.968702],[32.787594,25.968757],[32.787669,25.968958]]]}},{"type":"Feature","properties":{"source_layer":"Building","source_feature_count":1,"BuildingType":2,"land_use":"سكنى","اسم_المحور":null,"اسم_المحافظة":null,"متوسط_عدد_الادوار_بالعقار":null,"متوسط_عدد_الشقق_بالدور":null,"متوسط_مساحة_الشقق_بالمنطقة":null,"نوع_نمط_العمران":null,"نوع_طبيعة_المنطقة":null,"سعر_العمارة":null,"نوع_الأرض":null,"المساحة_كم2":null,"GlobalID":"{E41CA2C0-B8DC-4D6A-AFFF-A2B4594512CB}","created_user":"gpr.gps","created_date":"2026-04-11T07:55:37Z","last_edited_user":"gpr.gps","last_edited_date":"2026-04-11T07:55:37Z","مساحة_كم2":null,"SHAPE_Length":74.99513959397783,"SHAPE_Area":314.52713762152945},"geometry":{"type":"Polygon","coordinates":[[[32.787766,25.969187],[32.787874,25.969348],[32.788001,25.969253],[32.7879,25.969133],[32.787766,25.969187]]]}},{"type":"Feature","properties":{"source_layer":"Building","source_feature_count":1,"BuildingType":2,"land_use":"سكنى","اسم_المحور":null,"اسم_المحافظة":null,"متوسط_عدد_الادوار_بالعقار":null,"متوسط_عدد_الشقق_بالدور":null,"متوسط_مساحة_الشقق_بالمنطقة":null,"نوع_نمط_العمران":null,"نوع_طبيعة_المنطقة":null,"سعر_العمارة":null,"نوع_الأرض":null,"المساحة_كم2":null,"GlobalID":"{A4A401EE-F111-4D3C-AB08-3A814D970A8F}","created_user":"gpr.gps","created_date":"2026-04-11T07:55:37Z","last_edited_user":"gpr.gps","last_edited_date":"2026-04-11T07:55:37Z","مساحة_كم2":null,"SHAPE_Length":77.3359729467106,"SHAPE_Area":332.950031208583},"geometry":{"type":"Polygon","coordinates":[[[32.78713,25.971674],[32.78719,25.971898],[32.787317,25.971869],[32.787253,25.971642],[32.78713,25.971674]]]}},{"type":"Feature","properties":{"source_layer":"Building","source_feature_count":1,"BuildingType":2,"land_use":"سكنى","اسم_المحور":null,"اسم_المحافظة":null,"متوسط_عدد_الادوار_بالعقار":null,"متوسط_عدد_الشقق_بالدور":null,"متوسط_مساحة_الشقق_بالمنطقة":null,"نوع_نمط_العمران":null,"نوع_طبيعة_المنطقة":null,"سعر_العمارة":null,"نوع_الأرض":null,"المساحة_كم2":null,"GlobalID":"{86E48FDB-23E4-445C-9E15-AF16B2892C9B}","created_user":"gpr.gps","created_date":"2026-04-11T07:55:37Z","last_edited_user":"gpr.gps","last_edited_date":"2026-04-11T07:55:37Z","مساحة_كم2":null,"SHAPE_Length":68.84853891778863,"SHAPE_Area":294.19134473061297},"geometry":{"type":"Polygon","coordinates":[[[32.769909,25.966665],[32.769972,25.966823],[32.77012,25.96677],[32.770055,25.966612],[32.769909,25.966665]]]}},{"type":"Feature","properties":{"source_layer":"Building","source_feature_count":1,"BuildingType":2,"land_use":"سكنى","اسم_المحور":null,"اسم_المحافظة":null,"متوسط_عدد_الادوار_بالعقار":null,"متوسط_عدد_الشقق_بالدور":null,"متوسط_مساحة_الشقق_بالمنطقة":null,"نوع_نمط_العمران":null,"نوع_طبيعة_المنطقة":null,"سعر_العمارة":null,"نوع_الأرض":null,"المساحة_كم2":null,"GlobalID":"{36EA62DF-D49D-44AC-8703-FE85B8B78187}","created_user":"gpr.gps","created_date":"2026-04-11T07:55:37Z","last_edited_user":"gpr.gps","last_edited_date":"2026-04-11T07:55:37Z","مساحة_كم2":null,"SHAPE_Length":69.80026137071519,"SHAPE_Area":262.4188940563696},"geometry":{"type":"Polygon","coordinates":[[[32.772006,25.966632],[32.772263,25.966685],[32.772238,25.966585],[32.772006,25.966632]]]}},{"type":"Feature","properties":{"source_layer":"Building","source_feature_count":1,"BuildingType":2,"land_use":"سكنى","اسم_المحور":null,"اسم_المحافظة":null,"متوسط_عدد_الادوار_بالعقار":null,"متوسط_عدد_الشقق_بالدور":null,"متوسط_مساحة_الشقق_بالمنطقة":null,"نوع_نمط_العمران":null,"نوع_طبيعة_المنطقة":null,"سعر_العمارة":null,"نوع_الأرض":null,"المساحة_كم2":null,"GlobalID":"{AF308CCE-D1DB-4CE8-92E8-45BDC2116FA8}","created_user":"gpr.gps","created_date":"2026-04-11T07:55:37Z","last_edited_user":"gpr.gps","last_edited_date":"2026-04-11T07:55:37Z","مساحة_كم2":null,"SHAPE_Length":44.24035710238676,"SHAPE_Area":120.89607244950058},"geometry":{"type":"Polygon","coordinates":[[[32.772163,25.966702],[32.772194,25.96681],[32.772289,25.966791],[32.772263,25.966685],[32.772163,25.966702]]]}},{"type":"Feature","properties":{"source_layer":"Building","source_feature_count":1,"BuildingType":2,"land_use":"سكنى","اسم_المحور":null,"اسم_المحافظة":null,"متوسط_عدد_الادوار_بالعقار":null,"متوسط_عدد_الشقق_بالدور":null,"متوسط_مساحة_الشقق_بالمنطقة":null,"نوع_نمط_العمران":null,"نوع_طبيعة_المنطقة":null,"سعر_العمارة":null,"نوع_الأرض":null,"المساحة_كم2":null,"GlobalID":"{AE468127-8818-4363-8715-B19E9C591E91}","created_user":"gpr.gps","created_date":"2026-04-11T07:55:37Z","last_edited_user":"gpr.gps","last_edited_date":"2026-04-11T07:55:37Z","مساحة_كم2":null,"SHAPE_Length":42.22815199877508,"SHAPE_Area":108.06019445083994},"geometry":{"type":"Polygon","coordinates":[[[32.772106,25.966827],[32.772163,25.966702],[32.77208,25.966717],[32.772106,25.966827]]]}},{"type":"Feature","properties":{"source_layer":"Building","source_feature_count":1,"BuildingType":2,"land_use":"سكنى","اسم_المحور":null,"اسم_المحافظة":null,"متوسط_عدد_الادوار_بالعقار":null,"متوسط_عدد_الشقق_بالدور":null,"متوسط_مساحة_الشقق_بالمنطقة":null,"نوع_نمط_العمران":null,"نوع_طبيعة_المنطقة":null,"سعر_العمارة":null,"نوع_الأرض":null,"المساحة_كم2":null,"GlobalID":"{0E2FF9D0-F827-44F6-B11A-C610C48BF7CE}","created_user":"gpr.gps","created_date":"2026-04-11T07:55:37Z","last_edited_user":"gpr.gps","last_edited_date":"2026-04-11T07:55:37Z","مساحة_كم2":null,"SHAPE_Length":74.16775716133421,"SHAPE_Area":242.0574794444691},"geometry":{"type":"Polygon","coordinates":[[[32.769606,25.971786],[32.769611,25.971883],[32.769808,25.971884],[32.769797,25.971755],[32.769606,25.971786]]]}},{"type":"Feature","properties":{"source_layer":"Building","source_feature_count":1,"BuildingType":2,"land_use":"سكنى","اسم_المحور":null,"اسم_المحافظة":null,"متوسط_عدد_الادوار_بالعقار":null,"متوسط_عدد_الشقق_بالدور":null,"متوسط_مساحة_الشقق_بالمنطقة":null,"نوع_نمط_العمران":null,"نوع_طبيعة_المنطقة":null,"سعر_العمارة":null,"نوع_الأرض":null,"المساحة_كم2":null,"GlobalID":"{589680B1-3765-497A-B557-FC90F3BE6E7F}","created_user":"gpr.gps","created_date":"2026-04-11T07:55:37Z","last_edited_user":"gpr.gps","last_edited_date":"2026-04-11T07:55:37Z","مساحة_كم2":null,"SHAPE_Length":38.41143881181828,"SHAPE_Area":83.92158412766457},"geometry":{"type":"Polygon","coordinates":[[[32.770128,25.972161],[32.770214,25.972264],[32.770195,25.972151],[32.770128,25.972161]]]}},{"type":"Feature","properties":{"source_layer":"Building","source_feature_count":1,"BuildingType":2,"land_use":"سكنى","اسم_المحور":null,"اسم_المحافظة":null,"متوسط_عدد_الادوار_بالعقار":null,"متوسط_عدد_الشقق_بالدور":null,"متوسط_مساحة_الشقق_بالمنطقة":null,"نوع_نمط_العمران":null,"نوع_طبيعة_المنطقة":null,"سعر_العمارة":null,"نوع_الأرض":null,"المساحة_كم2":null,"GlobalID":"{D6720BC4-453D-41F5-8F89-BB9A6EE10DAD}","created_user":"gpr.gps","created_date":"2026-04-11T07:55:37Z","last_edited_user":"gpr.gps","last_edited_date":"2026-04-11T07:55:37Z","مساحة_كم2":null,"SHAPE_Length":72.24055973604858,"SHAPE_Area":296.3524096401004},"geometry":{"type":"Polygon","coordinates":[[[32.76914,25.972637],[32.769162,25.972746],[32.769395,25.972718],[32.769373,25.972603],[32.76914,25.972637]]]}},{"type":"Feature","properties":{"source_layer":"Building","source_feature_count":1,"BuildingType":2,"land_use":"سكنى","اسم_المحور":null,"اسم_المحافظة":null,"متوسط_عدد_الادوار_بالعقار":null,"متوسط_عدد_الشقق_بالدور":null,"متوسط_مساحة_الشقق_بالمنطقة":null,"نوع_نمط_العمران":null,"نوع_طبيعة_المنطقة":null,"سعر_العمارة":null,"نوع_الأرض":null,"المساحة_كم2":null,"GlobalID":"{7EADFC7D-1F59-493A-94A0-9D681E198009}","created_user":"gpr.gps","created_date":"2026-04-11T07:55:37Z","last_edited_user":"gpr.gps","last_edited_date":"2026-04-11T07:55:37Z","مساحة_كم2":null,"SHAPE_Length":72.18265075609519,"SHAPE_Area":256.3625986366419},"geometry":{"type":"Polygon","coordinates":[[[32.750765,25.971893],[32.751002,25.971794],[32.75097,25.971713],[32.750727,25.971809],[32.750765,25.971893]]]}},{"type":"Feature","properties":{"source_layer":"Building","source_feature_count":1,"BuildingType":2,"land_use":"سكنى","اسم_المحور":null,"اسم_المحافظة":null,"متوسط_عدد_الادوار_بالعقار":null,"متوسط_عدد_الشقق_بالدور":null,"متوسط_مساحة_الشقق_بالمنطقة":null,"نوع_نمط_العمران":null,"نوع_طبيعة_المنطقة":null,"سعر_العمارة":null,"نوع_الأرض":null,"المساحة_كم2":null,"GlobalID":"{0620CB1A-F734-4FD6-B6E0-823B9D83866A}","created_user":"gpr.gps","created_date":"2026-04-11T07:55:37Z","last_edited_user":"gpr.gps","last_edited_date":"2026-04-11T07:55:37Z","مساحة_كم2":null,"SHAPE_Length":61.82906000376546,"SHAPE_Area":210.523627682633},"geometry":{"type":"Polygon","coordinates":[[[32.749463,25.965143],[32.749633,25.965088],[32.749591,25.964992],[32.749425,25.965044],[32.749463,25.965143]]]}},{"type":"Feature","properties":{"source_layer":"Building","source_feature_count":1,"BuildingType":2,"land_use":"سكنى","اسم_المحور":null,"اسم_المحافظة":null,"متوسط_عدد_الادوار_بالعقار":null,"متوسط_عدد_الشقق_بالدور":null,"متوسط_مساحة_الشقق_بالمنطقة":null,"نوع_نمط_العمران":null,"نوع_طبيعة_المنطقة":null,"سعر_العمارة":null,"نوع_الأرض":null,"المساحة_كم2":null,"GlobalID":"{011AA906-8DD5-4195-AE13-3661F2C89BDA}","created_user":"gpr.gps","created_date":"2026-04-11T07:55:37Z","last_edited_user":"gpr.gps","last_edited_date":"2026-04-11T07:55:37Z","مساحة_كم2":null,"SHAPE_Length":62.59014097110047,"SHAPE_Area":185.5640424087501},"geometry":{"type":"Polygon","coordinates":[[[32.749012,25.964324],[32.749202,25.96419],[32.748979,25.964256],[32.749012,25.964324]]]}},{"type":"Feature","properties":{"source_layer":"Building","source_feature_count":1,"BuildingType":2,"land_use":"سكنى","اسم_المحور":null,"اسم_المحافظة":null,"متوسط_عدد_الادوار_بالعقار":null,"متوسط_عدد_الشقق_بالدور":null,"متوسط_مساحة_الشقق_بالمنطقة":null,"نوع_نمط_العمران":null,"نوع_طبيعة_المنطقة":null,"سعر_العمارة":null,"نوع_الأرض":null,"المساحة_كم2":null,"GlobalID":"{948CE774-9476-4AAB-81F0-82CDA7D3CDE9}","created_user":"gpr.gps","created_date":"2026-04-11T07:55:37Z","last_edited_user":"gpr.gps","last_edited_date":"2026-04-11T07:55:37Z","مساحة_كم2":null,"SHAPE_Length":39.62861565162583,"SHAPE_Area":92.0570577638291},"geometry":{"type":"Polygon","coordinates":[[[32.749323,25.964154],[32.74923,25.964254],[32.749343,25.964218],[32.749323,25.964154]]]}},{"type":"Feature","properties":{"source_layer":"Building","source_feature_count":1,"BuildingType":2,"land_use":"سكنى","اسم_المحور":null,"اسم_المحافظة":null,"متوسط_عدد_الادوار_بالعقار":null,"متوسط_عدد_الشقق_بالدور":null,"متوسط_مساحة_الشقق_بالمنطقة":null,"نوع_نمط_العمران":null,"نوع_طبيعة_المنطقة":null,"سعر_العمارة":null,"نوع_الأرض":null,"المساحة_كم2":null,"GlobalID":"{615FDDBE-8718-453C-B80F-F6372DA3DF60}","created_user":"gpr.gps","created_date":"2026-04-11T07:55:37Z","last_edited_user":"gpr.gps","last_edited_date":"2026-04-11T07:55:37Z","مساحة_كم2":null,"SHAPE_Length":44.458381058367884,"SHAPE_Area":105.01563720427124},"geometry":{"type":"Polygon","coordinates":[[[32.739546,25.953887],[32.739713,25.953896],[32.73969,25.953837],[32.739546,25.953887]]]}},{"type":"Feature","properties":{"source_layer":"Building","source_feature_count":1,"BuildingType":2,"land_use":"سكنى","اسم_المحور":null,"اسم_المحافظة":null,"متوسط_عدد_الادوار_بالعقار":null,"متوسط_عدد_الشقق_بالدور":null,"متوسط_مساحة_الشقق_بالمنطقة":null,"نوع_نمط_العمران":null,"نوع_طبيعة_المنطقة":null,"سعر_العمارة":null,"نوع_الأرض":null,"المساحة_كم2":null,"GlobalID":"{C5B9B2CF-8E8B-497C-8D7F-B614F880B884}","created_user":"gpr.gps","created_date":"2026-04-11T07:55:37Z","last_edited_user":"gpr.gps","last_edited_date":"2026-04-11T07:55:37Z","مساحة_كم2":null,"SHAPE_Length":63.05953648974806,"SHAPE_Area":226.16645256598554},"geometry":{"type":"Polygon","coordinates":[[[32.740321,25.954647],[32.740441,25.954617],[32.740376,25.954465],[32.740267,25.954504],[32.740321,25.954647]]]}},{"type":"Feature","properties":{"source_layer":"Building","source_feature_count":1,"BuildingType":2,"land_use":"سكنى","اسم_المحور":null,"اسم_المحافظة":null,"متوسط_عدد_الادوار_بالعقار":null,"متوسط_عدد_الشقق_بالدور":null,"متوسط_مساحة_الشقق_بالمنطقة":null,"نوع_نمط_العمران":null,"نوع_طبيعة_المنطقة":null,"سعر_العمارة":null,"نوع_الأرض":null,"المساحة_كم2":null,"GlobalID":"{8D78AF24-9ACB-4717-8106-286A374F7C90}","created_user":"gpr.gps","created_date":"2026-04-11T07:55:37Z","last_edited_user":"gpr.gps","last_edited_date":"2026-04-11T07:55:37Z","مساحة_كم2":null,"SHAPE_Length":44.863079935402176,"SHAPE_Area":124.80317444474848},"geometry":{"type":"Polygon","coordinates":[[[32.74667,25.96441],[32.746709,25.964514],[32.746808,25.964488],[32.746769,25.964385],[32.74667,25.96441]]]}},{"type":"Feature","properties":{"source_layer":"Building","source_feature_count":1,"BuildingType":2,"land_use":"سكنى","اسم_المحور":null,"اسم_المحافظة":null,"متوسط_عدد_الادوار_بالعقار":null,"متوسط_عدد_الشقق_بالدور":null,"متوسط_مساحة_الشقق_بالمنطقة":null,"نوع_نمط_العمران":null,"نوع_طبيعة_المنطقة":null,"سعر_العمارة":null,"نوع_الأرض":null,"المساحة_كم2":null,"GlobalID":"{AFE5012F-18E3-4329-A9D3-1F5478F52007}","created_user":"gpr.gps","created_date":"2026-04-11T07:55:37Z","last_edited_user":"gpr.gps","last_edited_date":"2026-04-11T07:55:37Z","مساحة_كم2":null,"SHAPE_Length":48.89817867019357,"SHAPE_Area":145.2528894661515},"geometry":{"type":"Polygon","coordinates":[[[32.74663,25.964421],[32.746522,25.964545],[32.746662,25.964518],[32.74663,25.964421]]]}},{"type":"Feature","properties":{"source_layer":"Building","source_feature_count":1,"BuildingType":2,"land_use":"سكنى","اسم_المحور":null,"اسم_المحافظة":null,"متوسط_عدد_الادوار_بالعقار":null,"متوسط_عدد_الشقق_بالدور":null,"متوسط_مساحة_الشقق_بالمنطقة":null,"نوع_نمط_العمران":null,"نوع_طبيعة_المنطقة":null,"سعر_العمارة":null,"نوع_الأرض":null,"المساحة_كم2":null,"GlobalID":"{19FE6431-3A80-488D-8BAB-B0C8124729C9}","created_user":"gpr.gps","created_date":"2026-04-11T07:55:37Z","last_edited_user":"gpr.gps","last_edited_date":"2026-04-11T07:55:37Z","مساحة_كم2":null,"SHAPE_Length":63.67243640623167,"SHAPE_Area":223.6242037995331},"geometry":{"type":"Polygon","coordinates":[[[32.744591,25.962168],[32.74457,25.962074],[32.744362,25.96213],[32.744389,25.96222],[32.744591,25.962168]]]}},{"type":"Feature","properties":{"source_layer":"Building","source_feature_count":1,"BuildingType":2,"land_use":"سكنى","اسم_المحور":null,"اسم_المحافظة":null,"متوسط_عدد_الادوار_بالعقار":null,"متوسط_عدد_الشقق_بالدور":null,"متوسط_مساحة_الشقق_بالمنطقة":null,"نوع_نمط_العمران":null,"نوع_طبيعة_المنطقة":null,"سعر_العمارة":null,"نوع_الأرض":null,"المساحة_كم2":null,"GlobalID":"{B9A8316C-C8F1-400D-A297-057487FE130E}","created_user":"gpr.gps","created_date":"2026-04-11T07:55:37Z","last_edited_user":"gpr.gps","last_edited_date":"2026-04-11T07:55:37Z","مساحة_كم2":null,"SHAPE_Length":48.72877312739257,"SHAPE_Area":150.0150466030001},"geometry":{"type":"Polygon","coordinates":[[[32.742485,25.955947],[32.742446,25.955856],[32.742327,25.9559],[32.742363,25.955998],[32.742485,25.955947]]]}},{"type":"Feature","properties":{"source_layer":"Building","source_feature_count":1,"BuildingType":2,"land_use":"سكنى","اسم_المحور":null,"اسم_المحافظة":null,"متوسط_عدد_الادوار_بالعقار":null,"متوسط_عدد_الشقق_بالدور":null,"متوسط_مساحة_الشقق_بالمنطقة":null,"نوع_نمط_العمران":null,"نوع_طبيعة_المنطقة":null,"سعر_العمارة":null,"نوع_الأرض":null,"المساحة_كم2":null,"GlobalID":"{5C386A92-EBC8-471E-B4CD-5A3A02776414}","created_user":"gpr.gps","created_date":"2026-04-11T07:55:37Z","last_edited_user":"gpr.gps","last_edited_date":"2026-04-11T07:55:37Z","مساحة_كم2":null,"SHAPE_Length":46.24941954969203,"SHAPE_Area":122.56446604370097},"geometry":{"type":"Polygon","coordinates":[[[32.742311,25.955847],[32.742359,25.955689],[32.74228,25.955718],[32.742311,25.955847]]]}},{"type":"Feature","properties":{"source_layer":"Building","source_feature_count":1,"BuildingType":2,"land_use":"سكنى","اسم_المحور":null,"اسم_المحافظة":null,"متوسط_عدد_الادوار_بالعقار":null,"متوسط_عدد_الشقق_بالدور":null,"متوسط_مساحة_الشقق_بالمنطقة":null,"نوع_نمط_العمران":null,"نوع_طبيعة_المنطقة":null,"سعر_العمارة":null,"نوع_الأرض":null,"المساحة_كم2":null,"GlobalID":"{EF260A01-6E9B-4C14-A4FB-E5819A9D0F58}","created_user":"gpr.gps","created_date":"2026-04-11T07:55:37Z","last_edited_user":"gpr.gps","last_edited_date":"2026-04-11T07:55:37Z","مساحة_كم2":null,"SHAPE_Length":57.49213460588864,"SHAPE_Area":196.2651667765315},"geometry":{"type":"Polygon","coordinates":[[[32.762392,25.953817],[32.762458,25.953905],[32.762593,25.953809],[32.762538,25.953726],[32.762392,25.953817]]]}},{"type":"Feature","properties":{"source_layer":"Building","source_feature_count":1,"BuildingType":2,"land_use":"سكنى","اسم_المحور":null,"اسم_المحافظة":null,"متوسط_عدد_الادوار_بالعقار":null,"متوسط_عدد_الشقق_بالدور":null,"متوسط_مساحة_الشقق_بالمنطقة":null,"نوع_نمط_العمران":null,"نوع_طبيعة_المنطقة":null,"سعر_العمارة":null,"نوع_الأرض":null,"المساحة_كم2":null,"GlobalID":"{B8AF4F6B-7C45-43A3-A5D7-6276C9ED54D5}","created_user":"gpr.gps","created_date":"2026-04-11T07:55:37Z","last_edited_user":"gpr.gps","last_edited_date":"2026-04-11T07:55:37Z","مساحة_كم2":null,"SHAPE_Length":54.79740212144015,"SHAPE_Area":181.90021263129555},"geometry":{"type":"Polygon","coordinates":[[[32.762511,25.953389],[32.762645,25.953312],[32.762588,25.953223],[32.762451,25.953304],[32.762511,25.953389]]]}},{"type":"Feature","properties":{"source_layer":"Building","source_feature_count":1,"BuildingType":2,"land_use":"سكنى","اسم_المحور":null,"اسم_المحافظة":null,"متوسط_عدد_الادوار_بالعقار":null,"متوسط_عدد_الشقق_بالدور":null,"متوسط_مساحة_الشقق_بالمنطقة":null,"نوع_نمط_العمران":null,"نوع_طبيعة_المنطقة":null,"سعر_العمارة":null,"نوع_الأرض":null,"المساحة_كم2":null,"GlobalID":"{F931D4D7-2D99-4E5E-9A33-C7FB8CB9FFE7}","created_user":"gpr.gps","created_date":"2026-04-11T07:55:37Z","last_edited_user":"gpr.gps","last_edited_date":"2026-04-11T07:55:37Z","مساحة_كم2":null,"SHAPE_Length":46.228135226789085,"SHAPE_Area":121.06394668776629},"geometry":{"type":"Polygon","coordinates":[[[32.762434,25.952977],[32.762441,25.953132],[32.762513,25.953098],[32.762434,25.952977]]]}},{"type":"Feature","properties":{"source_layer":"Building","source_feature_count":1,"BuildingType":2,"land_use":"سكنى","اسم_المحور":null,"اسم_المحافظة":null,"متوسط_عدد_الادوار_بالعقار":null,"متوسط_عدد_الشقق_بالدور":null,"متوسط_مساحة_الشقق_بالمنطقة":null,"نوع_نمط_العمران":null,"نوع_طبيعة_المنطقة":null,"سعر_العمارة":null,"نوع_الأرض":null,"المساحة_كم2":null,"GlobalID":"{DDBD3160-65F7-4FE2-8AA8-E93E9AAA2C20}","created_user":"gpr.gps","created_date":"2026-04-11T07:55:37Z","last_edited_user":"gpr.gps","last_edited_date":"2026-04-11T07:55:37Z","مساحة_كم2":null,"SHAPE_Length":42.137526817153095,"SHAPE_Area":104.85909059052766},"geometry":{"type":"Polygon","coordinates":[[[32.763117,25.957655],[32.763146,25.957519],[32.76307,25.957546],[32.763117,25.957655]]]}},{"type":"Feature","properties":{"source_layer":"Building","source_feature_count":1,"BuildingType":2,"land_use":"سكنى","اسم_المحور":null,"اسم_المحافظة":null,"متوسط_عدد_الادوار_بالعقار":null,"متوسط_عدد_الشقق_بالدور":null,"متوسط_مساحة_الشقق_بالمنطقة":null,"نوع_نمط_العمران":null,"نوع_طبيعة_المنطقة":null,"سعر_العمارة":null,"نوع_الأرض":null,"المساحة_كم2":null,"GlobalID":"{F294771A-DE6C-4E5F-93A0-169FF54E0968}","created_user":"gpr.gps","created_date":"2026-04-11T07:55:37Z","last_edited_user":"gpr.gps","last_edited_date":"2026-04-11T07:55:37Z","مساحة_كم2":null,"SHAPE_Length":57.53883939240066,"SHAPE_Area":164.15736013303385},"geometry":{"type":"Polygon","coordinates":[[[32.766574,25.959613],[32.76664,25.959781],[32.766701,25.959777],[32.766668,25.959583],[32.766574,25.959613]]]}},{"type":"Feature","properties":{"source_layer":"Building","source_feature_count":1,"BuildingType":2,"land_use":"سكنى","اسم_المحور":null,"اسم_المحافظة":null,"متوسط_عدد_الادوار_بالعقار":null,"متوسط_عدد_الشقق_بالدور":null,"متوسط_مساحة_الشقق_بالمنطقة":null,"نوع_نمط_العمران":null,"نوع_طبيعة_المنطقة":null,"سعر_العمارة":null,"نوع_الأرض":null,"المساحة_كم2":null,"GlobalID":"{1D7053D2-249E-4559-B013-BCDAD7FC7A98}","created_user":"gpr.gps","created_date":"2026-04-11T07:55:37Z","last_edited_user":"gpr.gps","last_edited_date":"2026-04-11T07:55:37Z","مساحة_كم2":null,"SHAPE_Length":64.91099335310669,"SHAPE_Area":267.5035845680136},"geometry":{"type":"Polygon","coordinates":[[[32.766462,25.959253],[32.766615,25.959204],[32.766583,25.95906],[32.766431,25.95911],[32.766462,25.959253]]]}},{"type":"Feature","properties":{"source_layer":"Building","source_feature_count":1,"BuildingType":2,"land_use":"سكنى","اسم_المحور":null,"اسم_المحافظة":null,"متوسط_عدد_الادوار_بالعقار":null,"متوسط_عدد_الشقق_بالدور":null,"متوسط_مساحة_الشقق_بالمنطقة":null,"نوع_نمط_العمران":null,"نوع_طبيعة_المنطقة":null,"سعر_العمارة":null,"نوع_الأرض":null,"المساحة_كم2":null,"GlobalID":"{632F66D5-8491-4BA1-9385-93216B4F602C}","created_user":"gpr.gps","created_date":"2026-04-11T07:55:37Z","last_edited_user":"gpr.gps","last_edited_date":"2026-04-11T07:55:37Z","مساحة_كم2":null,"SHAPE_Length":51.40936263179347,"SHAPE_Area":164.80859783872734},"geometry":{"type":"Polygon","coordinates":[[[32.766332,25.959014],[32.766373,25.959118],[32.766499,25.959072],[32.766451,25.958968],[32.766332,25.959014]]]}},{"type":"Feature","properties":{"source_layer":"Building","source_feature_count":1,"BuildingType":2,"land_use":"سكنى","اسم_المحور":null,"اسم_المحافظة":null,"متوسط_عدد_الادوار_بالعقار":null,"متوسط_عدد_الشقق_بالدور":null,"متوسط_مساحة_الشقق_بالمنطقة":null,"نوع_نمط_العمران":null,"نوع_طبيعة_المنطقة":null,"سعر_العمارة":null,"نوع_الأرض":null,"المساحة_كم2":null,"GlobalID":"{2ACC5D15-669E-4083-8ED5-A461C6ACB5E6}","created_user":"gpr.gps","created_date":"2026-04-11T07:55:37Z","last_edited_user":"gpr.gps","last_edited_date":"2026-04-11T07:55:37Z","مساحة_كم2":null,"SHAPE_Length":45.055324084112854,"SHAPE_Area":125.9447411180382},"geometry":{"type":"Polygon","coordinates":[[[32.766489,25.957696],[32.766422,25.957825],[32.766538,25.957782],[32.766489,25.957696]]]}},{"type":"Feature","properties":{"source_layer":"Building","source_feature_count":1,"BuildingType":2,"land_use":"سكنى","اسم_المحور":null,"اسم_المحافظة":null,"متوسط_عدد_الادوار_بالعقار":null,"متوسط_عدد_الشقق_بالدور":null,"متوسط_مساحة_الشقق_بالمنطقة":null,"نوع_نمط_العمران":null,"نوع_طبيعة_المنطقة":null,"سعر_العمارة":null,"نوع_الأرض":null,"المساحة_كم2":null,"GlobalID":"{8613BD20-980A-4C69-88D4-DD3ED909C97C}","created_user":"gpr.gps","created_date":"2026-04-11T07:55:37Z","last_edited_user":"gpr.gps","last_edited_date":"2026-04-11T07:55:37Z","مساحة_كم2":null,"SHAPE_Length":48.770394228918065,"SHAPE_Area":144.9917784492185},"geometry":{"type":"Polygon","coordinates":[[[32.766654,25.957731],[32.766783,25.957682],[32.766746,25.957594],[32.766617,25.957645],[32.766654,25.957731]]]}},{"type":"Feature","properties":{"source_layer":"Building","source_feature_count":1,"BuildingType":2,"land_use":"سكنى","اسم_المحور":null,"اسم_المحافظة":null,"متوسط_عدد_الادوار_بالعقار":null,"متوسط_عدد_الشقق_بالدور":null,"متوسط_مساحة_الشقق_بالمنطقة":null,"نوع_نمط_العمران":null,"نوع_طبيعة_المنطقة":null,"سعر_العمارة":null,"نوع_الأرض":null,"المساحة_كم2":null,"GlobalID":"{9CB838F8-4DED-4339-B6DA-FF544C64B764}","created_user":"gpr.gps","created_date":"2026-04-11T07:55:37Z","last_edited_user":"gpr.gps","last_edited_date":"2026-04-11T07:55:37Z","مساحة_كم2":null,"SHAPE_Length":48.59588405540861,"SHAPE_Area":146.69491525919807},"geometry":{"type":"Polygon","coordinates":[[[32.766164,25.957326],[32.766322,25.957379],[32.766277,25.957269],[32.766164,25.957326]]]}},{"type":"Feature","properties":{"source_layer":"Building","source_feature_count":1,"BuildingType":2,"land_use":"سكنى","اسم_المحور":null,"اسم_المحافظة":null,"متوسط_عدد_الادوار_بالعقار":null,"متوسط_عدد_الشقق_بالدور":null,"متوسط_مساحة_الشقق_بالمنطقة":null,"نوع_نمط_العمران":null,"نوع_طبيعة_المنطقة":null,"سعر_العمارة":null,"نوع_الأرض":null,"المساحة_كم2":null,"GlobalID":"{FC40C1B8-275D-4DA5-85CC-09C26DC7481D}","created_user":"gpr.gps","created_date":"2026-04-11T07:55:37Z","last_edited_user":"gpr.gps","last_edited_date":"2026-04-11T07:55:37Z","مساحة_كم2":null,"SHAPE_Length":52.07213334334196,"SHAPE_Area":167.87366290224315},"geometry":{"type":"Polygon","coordinates":[[[32.766705,25.95723],[32.766645,25.95711],[32.76654,25.957154],[32.766594,25.957271],[32.766705,25.95723]]]}},{"type":"Feature","properties":{"source_layer":"Building","source_feature_count":1,"BuildingType":2,"land_use":"سكنى","اسم_المحور":null,"اسم_المحافظة":null,"متوسط_عدد_الادوار_بالعقار":null,"متوسط_عدد_الشقق_بالدور":null,"متوسط_مساحة_الشقق_بالمنطقة":null,"نوع_نمط_العمران":null,"نوع_طبيعة_المنطقة":null,"سعر_العمارة":null,"نوع_الأرض":null,"المساحة_كم2":null,"GlobalID":"{42A1B8CC-607F-437E-9023-6F1FF4969BF2}","created_user":"gpr.gps","created_date":"2026-04-11T07:55:37Z","last_edited_user":"gpr.gps","last_edited_date":"2026-04-11T07:55:37Z","مساحة_كم2":null,"SHAPE_Length":51.15397895663618,"SHAPE_Area":162.69719312187252},"geometry":{"type":"Polygon","coordinates":[[[32.766431,25.9572],[32.766485,25.957311],[32.766594,25.957271],[32.76654,25.957154],[32.766431,25.9572]]]}},{"type":"Feature","properties":{"source_layer":"Building","source_feature_count":1,"BuildingType":2,"land_use":"سكنى","اسم_المحور":null,"اسم_المحافظة":null,"متوسط_عدد_الادوار_بالعقار":null,"متوسط_عدد_الشقق_بالدور":null,"متوسط_مساحة_الشقق_بالمنطقة":null,"نوع_نمط_العمران":null,"نوع_طبيعة_المنطقة":null,"سعر_العمارة":null,"نوع_الأرض":null,"المساحة_كم2":null,"GlobalID":"{B7ECE936-E6FE-4BF3-9AB5-19FB47516B43}","created_user":"gpr.gps","created_date":"2026-04-11T07:55:37Z","last_edited_user":"gpr.gps","last_edited_date":"2026-04-11T07:55:37Z","مساحة_كم2":null,"SHAPE_Length":47.398830590803826,"SHAPE_Area":131.89967296618053},"geometry":{"type":"Polygon","coordinates":[[[32.766726,25.957076],[32.766705,25.95723],[32.766788,25.9572],[32.766726,25.957076]]]}},{"type":"Feature","properties":{"source_layer":"Building","source_feature_count":1,"BuildingType":2,"land_use":"سكنى","اسم_المحور":null,"اسم_المحافظة":null,"متوسط_عدد_الادوار_بالعقار":null,"متوسط_عدد_الشقق_بالدور":null,"متوسط_مساحة_الشقق_بالمنطقة":null,"نوع_نمط_العمران":null,"نوع_طبيعة_المنطقة":null,"سعر_العمارة":null,"نوع_الأرض":null,"المساحة_كم2":null,"GlobalID":"{292CA299-BFAA-44AC-8681-D19451EAB66E}","created_user":"gpr.gps","created_date":"2026-04-11T07:55:37Z","last_edited_user":"gpr.gps","last_edited_date":"2026-04-11T07:55:37Z","مساحة_كم2":null,"SHAPE_Length":78.48434660082408,"SHAPE_Area":371.20014422765524},"geometry":{"type":"Polygon","coordinates":[[[32.767699,25.956901],[32.767913,25.956821],[32.767851,25.956688],[32.767635,25.956771],[32.767699,25.956901]]]}},{"type":"Feature","properties":{"source_layer":"Building","source_feature_count":1,"BuildingType":2,"land_use":"سكنى","اسم_المحور":null,"اسم_المحافظة":null,"متوسط_عدد_الادوار_بالعقار":null,"متوسط_عدد_الشقق_بالدور":null,"متوسط_مساحة_الشقق_بالمنطقة":null,"نوع_نمط_العمران":null,"نوع_طبيعة_المنطقة":null,"سعر_العمارة":null,"نوع_الأرض":null,"المساحة_كم2":null,"GlobalID":"{08E7EC4D-0E3D-4CE2-AAB0-3CB8A1EF3BAC}","created_user":"gpr.gps","created_date":"2026-04-11T07:55:37Z","last_edited_user":"gpr.gps","last_edited_date":"2026-04-11T07:55:37Z","مساحة_كم2":null,"SHAPE_Length":56.60504883666489,"SHAPE_Area":198.30572381963628},"geometry":{"type":"Polygon","coordinates":[[[32.768021,25.956721],[32.768066,25.956828],[32.768212,25.956788],[32.76817,25.956676],[32.768021,25.956721]]]}},{"type":"Feature","properties":{"source_layer":"Building","source_feature_count":1,"BuildingType":2,"land_use":"سكنى","اسم_المحور":null,"اسم_المحافظة":null,"متوسط_عدد_الادوار_بالعقار":null,"متوسط_عدد_الشقق_بالدور":null,"متوسط_مساحة_الشقق_بالمنطقة":null,"نوع_نمط_العمران":null,"نوع_طبيعة_المنطقة":null,"سعر_العمارة":null,"نوع_الأرض":null,"المساحة_كم2":null,"GlobalID":"{72D3F760-01B5-4227-BA3B-CC3FFEAF333C}","created_user":"gpr.gps","created_date":"2026-04-11T07:55:37Z","last_edited_user":"gpr.gps","last_edited_date":"2026-04-11T07:55:37Z","مساحة_كم2":null,"SHAPE_Length":46.805102804866294,"SHAPE_Area":117.6409040918841},"geometry":{"type":"Polygon","coordinates":[[[32.763937,25.955134],[32.763917,25.955271],[32.764004,25.955253],[32.763937,25.955134]]]}},{"type":"Feature","properties":{"source_layer":"Building","source_feature_count":1,"BuildingType":2,"land_use":"سكنى","اسم_المحور":null,"اسم_المحافظة":null,"متوسط_عدد_الادوار_بالعقار":null,"متوسط_عدد_الشقق_بالدور":null,"متوسط_مساحة_الشقق_بالمنطقة":null,"نوع_نمط_العمران":null,"نوع_طبيعة_المنطقة":null,"سعر_العمارة":null,"نوع_الأرض":null,"المساحة_كم2":null,"GlobalID":"{568751D5-6ABE-4AE5-AFE6-1DF7BE400F57}","created_user":"gpr.gps","created_date":"2026-04-11T07:55:37Z","last_edited_user":"gpr.gps","last_edited_date":"2026-04-11T07:55:37Z","مساحة_كم2":null,"SHAPE_Length":42.65430433045658,"SHAPE_Area":110.2353107056048},"geometry":{"type":"Polygon","coordinates":[[[32.763712,25.955235],[32.763854,25.955291],[32.763784,25.955196],[32.763712,25.955235]]]}},{"type":"Feature","properties":{"source_layer":"Building","source_feature_count":1,"BuildingType":2,"land_use":"سكنى","اسم_المحور":null,"اسم_المحافظة":null,"متوسط_عدد_الادوار_بالعقار":null,"متوسط_عدد_الشقق_بالدور":null,"متوسط_مساحة_الشقق_بالمنطقة":null,"نوع_نمط_العمران":null,"نوع_طبيعة_المنطقة":null,"سعر_العمارة":null,"نوع_الأرض":null,"المساحة_كم2":null,"GlobalID":"{D4C5F369-DD3C-4F92-A2C2-802512CEE7B4}","created_user":"gpr.gps","created_date":"2026-04-11T07:55:37Z","last_edited_user":"gpr.gps","last_edited_date":"2026-04-11T07:55:37Z","مساحة_كم2":null,"SHAPE_Length":43.96715582144553,"SHAPE_Area":118.89842719622986},"geometry":{"type":"Polygon","coordinates":[[[32.763584,25.955309],[32.763732,25.955358],[32.763668,25.95526],[32.763584,25.955309]]]}},{"type":"Feature","properties":{"source_layer":"Building","source_feature_count":1,"BuildingType":2,"land_use":"سكنى","اسم_المحور":null,"اسم_المحافظة":null,"متوسط_عدد_الادوار_بالعقار":null,"متوسط_عدد_الشقق_بالدور":null,"متوسط_مساحة_الشقق_بالمنطقة":null,"نوع_نمط_العمران":null,"نوع_طبيعة_المنطقة":null,"سعر_العمارة":null,"نوع_الأرض":null,"المساحة_كم2":null,"GlobalID":"{E7305168-E00C-4266-8C7A-AF581FDC842D}","created_user":"gpr.gps","created_date":"2026-04-11T07:55:37Z","last_edited_user":"gpr.gps","last_edited_date":"2026-04-11T07:55:37Z","مساحة_كم2":null,"SHAPE_Length":57.55265397874287,"SHAPE_Area":203.12489930586318},"geometry":{"type":"Polygon","coordinates":[[[32.763352,25.955413],[32.763425,25.955507],[32.763559,25.95543],[32.763497,25.955335],[32.763352,25.955413]]]}},{"type":"Feature","properties":{"source_layer":"Building","source_feature_count":1,"BuildingType":2,"land_use":"سكنى","اسم_المحور":null,"اسم_المحافظة":null,"متوسط_عدد_الادوار_بالعقار":null,"متوسط_عدد_الشقق_بالدور":null,"متوسط_مساحة_الشقق_بالمنطقة":null,"نوع_نمط_العمران":null,"نوع_طبيعة_المنطقة":null,"سعر_العمارة":null,"نوع_الأرض":null,"المساحة_كم2":null,"GlobalID":"{C1C32630-9627-43A3-8C41-1EBAB926172E}","created_user":"gpr.gps","created_date":"2026-04-11T07:55:37Z","last_edited_user":"gpr.gps","last_edited_date":"2026-04-11T07:55:37Z","مساحة_كم2":null,"SHAPE_Length":75.9207137148048,"SHAPE_Area":353.78177803957806},"geometry":{"type":"Polygon","coordinates":[[[32.765974,25.960099],[32.766035,25.960279],[32.766188,25.960255],[32.766147,25.960062],[32.765974,25.960099]]]}},{"type":"Feature","properties":{"source_layer":"Building","source_feature_count":1,"BuildingType":2,"land_use":"سكنى","اسم_المحور":null,"اسم_المحافظة":null,"متوسط_عدد_الادوار_بالعقار":null,"متوسط_عدد_الشقق_بالدور":null,"متوسط_مساحة_الشقق_بالمنطقة":null,"نوع_نمط_العمران":null,"نوع_طبيعة_المنطقة":null,"سعر_العمارة":null,"نوع_الأرض":null,"المساحة_كم2":null,"GlobalID":"{81E28FEF-AA78-45E5-86E9-F4C011E3750C}","created_user":"gpr.gps","created_date":"2026-04-11T07:55:37Z","last_edited_user":"gpr.gps","last_edited_date":"2026-04-11T07:55:37Z","مساحة_كم2":null,"SHAPE_Length":52.94706982517146,"SHAPE_Area":165.62742277656045},"geometry":{"type":"Polygon","coordinates":[[[32.767095,25.961364],[32.767235,25.961243],[32.767074,25.961272],[32.767095,25.961364]]]}},{"type":"Feature","properties":{"source_layer":"Building","source_feature_count":1,"BuildingType":2,"land_use":"سكنى","اسم_المحور":null,"اسم_المحافظة":null,"متوسط_عدد_الادوار_بالعقار":null,"متوسط_عدد_الشقق_بالدور":null,"متوسط_مساحة_الشقق_بالمنطقة":null,"نوع_نمط_العمران":null,"نوع_طبيعة_المنطقة":null,"سعر_العمارة":null,"نوع_الأرض":null,"المساحة_كم2":null,"GlobalID":"{625E2644-352C-46AF-9F7C-53366D061836}","created_user":"gpr.gps","created_date":"2026-04-11T07:55:37Z","last_edited_user":"gpr.gps","last_edited_date":"2026-04-11T07:55:37Z","مساحة_كم2":null,"SHAPE_Length":63.74724922866622,"SHAPE_Area":252.21922821299475},"geometry":{"type":"Polygon","coordinates":[[[32.764369,25.96352],[32.764403,25.963661],[32.764555,25.963614],[32.764507,25.96347],[32.764369,25.96352]]]}},{"type":"Feature","properties":{"source_layer":"Building","source_feature_count":1,"BuildingType":2,"land_use":"سكنى","اسم_المحور":null,"اسم_المحافظة":null,"متوسط_عدد_الادوار_بالعقار":null,"متوسط_عدد_الشقق_بالدور":null,"متوسط_مساحة_الشقق_بالمنطقة":null,"نوع_نمط_العمران":null,"نوع_طبيعة_المنطقة":null,"سعر_العمارة":null,"نوع_الأرض":null,"المساحة_كم2":null,"GlobalID":"{21574CDE-97B8-419C-B66C-80A6EF598182}","created_user":"gpr.gps","created_date":"2026-04-11T07:55:37Z","last_edited_user":"gpr.gps","last_edited_date":"2026-04-11T07:55:37Z","مساحة_كم2":null,"SHAPE_Length":50.79645641494086,"SHAPE_Area":157.563285203311},"geometry":{"type":"Polygon","coordinates":[[[32.764835,25.963489],[32.764962,25.96345],[32.764945,25.963341],[32.764822,25.963379],[32.764835,25.963489]]]}},{"type":"Feature","properties":{"source_layer":"Building","source_feature_count":1,"BuildingType":2,"land_use":"سكنى","اسم_المحور":null,"اسم_المحافظة":null,"متوسط_عدد_الادوار_بالعقار":null,"متوسط_عدد_الشقق_بالدور":null,"متوسط_مساحة_الشقق_بالمنطقة":null,"نوع_نمط_العمران":null,"نوع_طبيعة_المنطقة":null,"سعر_العمارة":null,"نوع_الأرض":null,"المساحة_كم2":null,"GlobalID":"{8DCD0B38-F34A-4DA8-9613-1FE91E7CDF79}","created_user":"gpr.gps","created_date":"2026-04-11T07:55:37Z","last_edited_user":"gpr.gps","last_edited_date":"2026-04-11T07:55:37Z","مساحة_كم2":null,"SHAPE_Length":63.8028059058108,"SHAPE_Area":254.66231616293328},"geometry":{"type":"Polygon","coordinates":[[[32.764158,25.962463],[32.764102,25.962343],[32.763961,25.962437],[32.764032,25.962548],[32.764158,25.962463]]]}},{"type":"Feature","properties":{"source_layer":"Building","source_feature_count":1,"BuildingType":2,"land_use":"سكنى","اسم_المحور":null,"اسم_المحافظة":null,"متوسط_عدد_الادوار_بالعقار":null,"متوسط_عدد_الشقق_بالدور":null,"متوسط_مساحة_الشقق_بالمنطقة":null,"نوع_نمط_العمران":null,"نوع_طبيعة_المنطقة":null,"سعر_العمارة":null,"نوع_الأرض":null,"المساحة_كم2":null,"GlobalID":"{54093C65-591E-477D-A2AB-1431D7BFF877}","created_user":"gpr.gps","created_date":"2026-04-11T07:55:37Z","last_edited_user":"gpr.gps","last_edited_date":"2026-04-11T07:55:37Z","مساحة_كم2":null,"SHAPE_Length":74.98499762329763,"SHAPE_Area":350.04595056703243},"geometry":{"type":"Polygon","coordinates":[[[32.765804,25.96213],[32.765765,25.962007],[32.765591,25.962049],[32.765651,25.962219],[32.765804,25.96213]]]}},{"type":"Feature","properties":{"source_layer":"Building","source_feature_count":1,"BuildingType":2,"land_use":"سكنى","اسم_المحور":null,"اسم_المحافظة":null,"متوسط_عدد_الادوار_بالعقار":null,"متوسط_عدد_الشقق_بالدور":null,"متوسط_مساحة_الشقق_بالمنطقة":null,"نوع_نمط_العمران":null,"نوع_طبيعة_المنطقة":null,"سعر_العمارة":null,"نوع_الأرض":null,"المساحة_كم2":null,"GlobalID":"{3B9789FF-4375-4F39-A4B1-FD8D7C9B3702}","created_user":"gpr.gps","created_date":"2026-04-11T07:55:37Z","last_edited_user":"gpr.gps","last_edited_date":"2026-04-11T07:55:37Z","مساحة_كم2":null,"SHAPE_Length":59.31329731262048,"SHAPE_Area":198.5703281034513},"geometry":{"type":"Polygon","coordinates":[[[32.765688,25.962319],[32.765873,25.962281],[32.765852,25.962189],[32.76566,25.962232],[32.765688,25.962319]]]}},{"type":"Feature","properties":{"source_layer":"Building","source_feature_count":1,"BuildingType":2,"land_use":"سكنى","اسم_المحور":null,"اسم_المحافظة":null,"متوسط_عدد_الادوار_بالعقار":null,"متوسط_عدد_الشقق_بالدور":null,"متوسط_مساحة_الشقق_بالمنطقة":null,"نوع_نمط_العمران":null,"نوع_طبيعة_المنطقة":null,"سعر_العمارة":null,"نوع_الأرض":null,"المساحة_كم2":null,"GlobalID":"{D0B7F110-8807-49DC-AA03-CC2166585EAD}","created_user":"gpr.gps","created_date":"2026-04-11T07:55:37Z","last_edited_user":"gpr.gps","last_edited_date":"2026-04-11T07:55:37Z","مساحة_كم2":null,"SHAPE_Length":45.4614357253818,"SHAPE_Area":129.03199999639253},"geometry":{"type":"Polygon","coordinates":[[[32.764964,25.961345],[32.765075,25.961317],[32.765044,25.961216],[32.764939,25.961245],[32.764964,25.961345]]]}},{"type":"Feature","properties":{"source_layer":"Building","source_feature_count":1,"BuildingType":2,"land_use":"سكنى","اسم_المحور":null,"اسم_المحافظة":null,"متوسط_عدد_الادوار_بالعقار":null,"متوسط_عدد_الشقق_بالدور":null,"متوسط_مساحة_الشقق_بالمنطقة":null,"نوع_نمط_العمران":null,"نوع_طبيعة_المنطقة":null,"سعر_العمارة":null,"نوع_الأرض":null,"المساحة_كم2":null,"GlobalID":"{F833503F-DABE-4EF4-BBC4-7B479705942D}","created_user":"gpr.gps","created_date":"2026-04-11T07:55:37Z","last_edited_user":"gpr.gps","last_edited_date":"2026-04-11T07:55:37Z","مساحة_كم2":null,"SHAPE_Length":61.140750907879806,"SHAPE_Area":213.97393820026025},"geometry":{"type":"Polygon","coordinates":[[[32.765178,25.961101],[32.765226,25.961275],[32.765325,25.961255],[32.765293,25.961081],[32.765178,25.961101]]]}},{"type":"Feature","properties":{"source_layer":"Building","source_feature_count":1,"BuildingType":2,"land_use":"سكنى","اسم_المحور":null,"اسم_المحافظة":null,"متوسط_عدد_الادوار_بالعقار":null,"متوسط_عدد_الشقق_بالدور":null,"متوسط_مساحة_الشقق_بالمنطقة":null,"نوع_نمط_العمران":null,"نوع_طبيعة_المنطقة":null,"سعر_العمارة":null,"نوع_الأرض":null,"المساحة_كم2":null,"GlobalID":"{A33BAA5E-0075-4FED-87E1-6FBDB29E925D}","created_user":"gpr.gps","created_date":"2026-04-11T07:55:37Z","last_edited_user":"gpr.gps","last_edited_date":"2026-04-11T07:55:37Z","مساحة_كم2":null,"SHAPE_Length":51.57630500848008,"SHAPE_Area":118.380726968561},"geometry":{"type":"Polygon","coordinates":[[[32.764949,25.961116],[32.765052,25.961097],[32.764983,25.960966],[32.764924,25.960978],[32.764949,25.961116]]]}},{"type":"Feature","properties":{"source_layer":"Building","source_feature_count":1,"BuildingType":2,"land_use":"سكنى","اسم_المحور":null,"اسم_المحافظة":null,"متوسط_عدد_الادوار_بالعقار":null,"متوسط_عدد_الشقق_بالدور":null,"متوسط_مساحة_الشقق_بالمنطقة":null,"نوع_نمط_العمران":null,"نوع_طبيعة_المنطقة":null,"سعر_العمارة":null,"نوع_الأرض":null,"المساحة_كم2":null,"GlobalID":"{60808527-7299-4AFB-9AC0-9925A62361D6}","created_user":"gpr.gps","created_date":"2026-04-11T07:55:37Z","last_edited_user":"gpr.gps","last_edited_date":"2026-04-11T07:55:37Z","مساحة_كم2":null,"SHAPE_Length":48.61685080318286,"SHAPE_Area":145.75469881415432},"geometry":{"type":"Polygon","coordinates":[[[32.765277,25.961008],[32.765378,25.960985],[32.765346,25.960865],[32.765239,25.960892],[32.765277,25.961008]]]}},{"type":"Feature","properties":{"source_layer":"Building","source_feature_count":1,"BuildingType":2,"land_use":"سكنى","اسم_المحور":null,"اسم_المحافظة":null,"متوسط_عدد_الادوار_بالعقار":null,"متوسط_عدد_الشقق_بالدور":null,"متوسط_مساحة_الشقق_بالمنطقة":null,"نوع_نمط_العمران":null,"نوع_طبيعة_المنطقة":null,"سعر_العمارة":null,"نوع_الأرض":null,"المساحة_كم2":null,"GlobalID":"{6286AE20-473A-4E9D-A6EC-DCA4ABF46079}","created_user":"gpr.gps","created_date":"2026-04-11T07:55:37Z","last_edited_user":"gpr.gps","last_edited_date":"2026-04-11T07:55:37Z","مساحة_كم2":null,"SHAPE_Length":58.66507452362121,"SHAPE_Area":186.71063486466494},"geometry":{"type":"Polygon","coordinates":[[[32.765226,25.961275],[32.765178,25.961101],[32.765091,25.961116],[32.765131,25.961294],[32.765226,25.961275]]]}},{"type":"Feature","properties":{"source_layer":"Building","source_feature_count":1,"BuildingType":2,"land_use":"سكنى","اسم_المحور":null,"اسم_المحافظة":null,"متوسط_عدد_الادوار_بالعقار":null,"متوسط_عدد_الشقق_بالدور":null,"متوسط_مساحة_الشقق_بالمنطقة":null,"نوع_نمط_العمران":null,"نوع_طبيعة_المنطقة":null,"سعر_العمارة":null,"نوع_الأرض":null,"المساحة_كم2":null,"GlobalID":"{2CA317E9-9D3C-42A9-A8C7-278783DC4477}","created_user":"gpr.gps","created_date":"2026-04-11T07:55:37Z","last_edited_user":"gpr.gps","last_edited_date":"2026-04-11T07:55:37Z","مساحة_كم2":null,"SHAPE_Length":54.283973827674146,"SHAPE_Area":180.66931475197003},"geometry":{"type":"Polygon","coordinates":[[[32.737911,25.928998],[32.737995,25.929112],[32.738091,25.92905],[32.738004,25.928934],[32.737911,25.928998]]]}},{"type":"Feature","properties":{"source_layer":"Building","source_feature_count":1,"BuildingType":2,"land_use":"سكنى","اسم_المحور":null,"اسم_المحافظة":null,"متوسط_عدد_الادوار_بالعقار":null,"متوسط_عدد_الشقق_بالدور":null,"متوسط_مساحة_الشقق_بالمنطقة":null,"نوع_نمط_العمران":null,"نوع_طبيعة_المنطقة":null,"سعر_العمارة":null,"نوع_الأرض":null,"المساحة_كم2":null,"GlobalID":"{40227D65-47F8-4EB0-A9F5-4F71834FA3DF}","created_user":"gpr.gps","created_date":"2026-04-11T07:55:37Z","last_edited_user":"gpr.gps","last_edited_date":"2026-04-11T07:55:37Z","مساحة_كم2":null,"SHAPE_Length":49.817530053821734,"SHAPE_Area":149.17392698994013},"geometry":{"type":"Polygon","coordinates":[[[32.73792,25.929161],[32.737832,25.929051],[32.737752,25.929106],[32.737839,25.929213],[32.73792,25.929161]]]}},{"type":"Feature","properties":{"source_layer":"Building","source_feature_count":1,"BuildingType":2,"land_use":"سكنى","اسم_المحور":null,"اسم_المحافظة":null,"متوسط_عدد_الادوار_بالعقار":null,"متوسط_عدد_الشقق_بالدور":null,"متوسط_مساحة_الشقق_بالمنطقة":null,"نوع_نمط_العمران":null,"نوع_طبيعة_المنطقة":null,"سعر_العمارة":null,"نوع_الأرض":null,"المساحة_كم2":null,"GlobalID":"{E038E93E-523D-4E74-809D-25CEF5C43E59}","created_user":"gpr.gps","created_date":"2026-04-11T07:55:37Z","last_edited_user":"gpr.gps","last_edited_date":"2026-04-11T07:55:37Z","مساحة_كم2":null,"SHAPE_Length":38.80919464718997,"SHAPE_Area":91.99345668258147},"geometry":{"type":"Polygon","coordinates":[[[32.737439,25.928602],[32.737486,25.928487],[32.737389,25.92854],[32.737439,25.928602]]]}},{"type":"Feature","properties":{"source_layer":"Building","source_feature_count":1,"BuildingType":2,"land_use":"سكنى","اسم_المحور":null,"اسم_المحافظة":null,"متوسط_عدد_الادوار_بالعقار":null,"متوسط_عدد_الشقق_بالدور":null,"متوسط_مساحة_الشقق_بالمنطقة":null,"نوع_نمط_العمران":null,"نوع_طبيعة_المنطقة":null,"سعر_العمارة":null,"نوع_الأرض":null,"المساحة_كم2":null,"GlobalID":"{B12EB60D-C0E9-4C4E-811C-3C9D57E09B89}","created_user":"gpr.gps","created_date":"2026-04-11T07:55:37Z","last_edited_user":"gpr.gps","last_edited_date":"2026-04-11T07:55:37Z","مساحة_كم2":null,"SHAPE_Length":55.78429473158337,"SHAPE_Area":191.7654731271426},"geometry":{"type":"Polygon","coordinates":[[[32.736172,25.928248],[32.73624,25.928372],[32.736353,25.928329],[32.736284,25.9282],[32.736172,25.928248]]]}},{"type":"Feature","properties":{"source_layer":"Building","source_feature_count":1,"BuildingType":2,"land_use":"سكنى","اسم_المحور":null,"اسم_المحافظة":null,"متوسط_عدد_الادوار_بالعقار":null,"متوسط_عدد_الشقق_بالدور":null,"متوسط_مساحة_الشقق_بالمنطقة":null,"نوع_نمط_العمران":null,"نوع_طبيعة_المنطقة":null,"سعر_العمارة":null,"نوع_الأرض":null,"المساحة_كم2":null,"GlobalID":"{396D6675-5B97-4F27-8F75-E11764561D0F}","created_user":"gpr.gps","created_date":"2026-04-11T07:55:37Z","last_edited_user":"gpr.gps","last_edited_date":"2026-04-11T07:55:37Z","مساحة_كم2":null,"SHAPE_Length":47.15200013085777,"SHAPE_Area":138.4502520262757},"geometry":{"type":"Polygon","coordinates":[[[32.736115,25.928146],[32.736165,25.928236],[32.736277,25.928187],[32.736229,25.928097],[32.736115,25.928146]]]}},{"type":"Feature","properties":{"source_layer":"Building","source_feature_count":1,"BuildingType":2,"land_use":"ديني","اسم_المحور":null,"اسم_المحافظة":null,"متوسط_عدد_الادوار_بالعقار":null,"متوسط_عدد_الشقق_بالدور":null,"متوسط_مساحة_الشقق_بالمنطقة":null,"نوع_نمط_العمران":null,"نوع_طبيعة_المنطقة":null,"سعر_العمارة":null,"نوع_الأرض":null,"المساحة_كم2":null,"GlobalID":"{0D08C9F3-6B9F-473C-AFAD-BF4AB3622885}","created_user":"gpr.gps","created_date":"2026-04-11T07:55:37Z","last_edited_user":"gpr.gps","last_edited_date":"2026-04-11T07:55:37Z","مساحة_كم2":null,"SHAPE_Length":79.6991301831975,"SHAPE_Area":396.6740489657878},"geometry":{"type":"Polygon","coordinates":[[[32.734957,25.930082],[32.735152,25.930018],[32.735081,25.929851],[32.7349,25.929911],[32.734957,25.930082]]]}},{"type":"Feature","properties":{"source_layer":"Building","source_feature_count":1,"BuildingType":2,"land_use":"سكنى","اسم_المحور":null,"اسم_المحافظة":null,"متوسط_عدد_الادوار_بالعقار":null,"متوسط_عدد_الشقق_بالدور":null,"متوسط_مساحة_الشقق_بالمنطقة":null,"نوع_نمط_العمران":null,"نوع_طبيعة_المنطقة":null,"سعر_العمارة":null,"نوع_الأرض":null,"المساحة_كم2":null,"GlobalID":"{3109B7D3-EA03-4E80-9EF3-A97D35DBF389}","created_user":"gpr.gps","created_date":"2026-04-11T07:55:37Z","last_edited_user":"gpr.gps","last_edited_date":"2026-04-11T07:55:37Z","مساحة_كم2":null,"SHAPE_Length":53.4976877475363,"SHAPE_Area":178.6675409592129},"geometry":{"type":"Polygon","coordinates":[[[32.73238,25.930508],[32.732513,25.930482],[32.732482,25.930363],[32.73235,25.930397],[32.73238,25.930508]]]}},{"type":"Feature","properties":{"source_layer":"Building","source_feature_count":1,"BuildingType":2,"land_use":"سكنى","اسم_المحور":null,"اسم_المحافظة":null,"متوسط_عدد_الادوار_بالعقار":null,"متوسط_عدد_الشقق_بالدور":null,"متوسط_مساحة_الشقق_بالمنطقة":null,"نوع_نمط_العمران":null,"نوع_طبيعة_المنطقة":null,"سعر_العمارة":null,"نوع_الأرض":null,"المساحة_كم2":null,"GlobalID":"{B55BD7CA-C302-490E-8AF1-AF7D98EA2551}","created_user":"gpr.gps","created_date":"2026-04-11T07:55:37Z","last_edited_user":"gpr.gps","last_edited_date":"2026-04-11T07:55:37Z","مساحة_كم2":null,"SHAPE_Length":49.18219296811851,"SHAPE_Area":144.52505794403083},"geometry":{"type":"Polygon","coordinates":[[[32.732882,25.930374],[32.732816,25.930528],[32.732912,25.930502],[32.732882,25.930374]]]}},{"type":"Feature","properties":{"source_layer":"Building","source_feature_count":1,"BuildingType":2,"land_use":"سكنى","اسم_المحور":null,"اسم_المحافظة":null,"متوسط_عدد_الادوار_بالعقار":null,"متوسط_عدد_الشقق_بالدور":null,"متوسط_مساحة_الشقق_بالمنطقة":null,"نوع_نمط_العمران":null,"نوع_طبيعة_المنطقة":null,"سعر_العمارة":null,"نوع_الأرض":null,"المساحة_كم2":null,"GlobalID":"{F373DBB0-1EA2-432B-BA08-A1DAF27FDC53}","created_user":"gpr.gps","created_date":"2026-04-11T07:55:37Z","last_edited_user":"gpr.gps","last_edited_date":"2026-04-11T07:55:37Z","مساحة_كم2":null,"SHAPE_Length":46.98903275539171,"SHAPE_Area":125.54652592832261},"geometry":{"type":"Polygon","coordinates":[[[32.732738,25.93055],[32.732789,25.930395],[32.732707,25.930414],[32.732738,25.93055]]]}},{"type":"Feature","properties":{"source_layer":"Building","source_feature_count":1,"BuildingType":2,"land_use":"سكنى","اسم_المحور":null,"اسم_المحافظة":null,"متوسط_عدد_الادوار_بالعقار":null,"متوسط_عدد_الشقق_بالدور":null,"متوسط_مساحة_الشقق_بالمنطقة":null,"نوع_نمط_العمران":null,"نوع_طبيعة_المنطقة":null,"سعر_العمارة":null,"نوع_الأرض":null,"المساحة_كم2":null,"GlobalID":"{F4E5367F-393D-4A0E-8685-430EB3203DF2}","created_user":"gpr.gps","created_date":"2026-04-11T07:55:37Z","last_edited_user":"gpr.gps","last_edited_date":"2026-04-11T07:55:37Z","مساحة_كم2":null,"SHAPE_Length":57.35946179133795,"SHAPE_Area":184.46455915465822},"geometry":{"type":"Polygon","coordinates":[[[32.733019,25.930349],[32.733114,25.930327],[32.73307,25.930163],[32.732976,25.93018],[32.733019,25.930349]]]}},{"type":"Feature","properties":{"source_layer":"Building","source_feature_count":1,"BuildingType":2,"land_use":"سكنى","اسم_المحور":null,"اسم_المحافظة":null,"متوسط_عدد_الادوار_بالعقار":null,"متوسط_عدد_الشقق_بالدور":null,"متوسط_مساحة_الشقق_بالمنطقة":null,"نوع_نمط_العمران":null,"نوع_طبيعة_المنطقة":null,"سعر_العمارة":null,"نوع_الأرض":null,"المساحة_كم2":null,"GlobalID":"{371A69A5-053D-4E2C-ACE4-AF38564D728D}","created_user":"gpr.gps","created_date":"2026-04-11T07:55:37Z","last_edited_user":"gpr.gps","last_edited_date":"2026-04-11T07:55:37Z","مساحة_كم2":null,"SHAPE_Length":49.62132178963353,"SHAPE_Area":153.71193762690945},"geometry":{"type":"Polygon","coordinates":[[[32.731836,25.927603],[32.731732,25.927653],[32.731786,25.927756],[32.731896,25.927705],[32.731836,25.927603]]]}},{"type":"Feature","properties":{"source_layer":"Building","source_feature_count":1,"BuildingType":2,"land_use":"سكنى","اسم_المحور":null,"اسم_المحافظة":null,"متوسط_عدد_الادوار_بالعقار":null,"متوسط_عدد_الشقق_بالدور":null,"متوسط_مساحة_الشقق_بالمنطقة":null,"نوع_نمط_العمران":null,"نوع_طبيعة_المنطقة":null,"سعر_العمارة":null,"نوع_الأرض":null,"المساحة_كم2":null,"GlobalID":"{AADECC6F-7E3F-44E7-841A-7C55D2152D0A}","created_user":"gpr.gps","created_date":"2026-04-11T07:55:37Z","last_edited_user":"gpr.gps","last_edited_date":"2026-04-11T07:55:37Z","مساحة_كم2":null,"SHAPE_Length":44.94362310814712,"SHAPE_Area":124.78673504635199},"geometry":{"type":"Polygon","coordinates":[[[32.731695,25.927798],[32.731552,25.927739],[32.731603,25.927841],[32.731695,25.927798]]]}},{"type":"Feature","properties":{"source_layer":"Building","source_feature_count":1,"BuildingType":2,"land_use":"سكنى","اسم_المحور":null,"اسم_المحافظة":null,"متوسط_عدد_الادوار_بالعقار":null,"متوسط_عدد_الشقق_بالدور":null,"متوسط_مساحة_الشقق_بالمنطقة":null,"نوع_نمط_العمران":null,"نوع_طبيعة_المنطقة":null,"سعر_العمارة":null,"نوع_الأرض":null,"المساحة_كم2":null,"GlobalID":"{416B7697-8567-465F-A123-04F334BA323A}","created_user":"gpr.gps","created_date":"2026-04-11T07:55:37Z","last_edited_user":"gpr.gps","last_edited_date":"2026-04-11T07:55:37Z","مساحة_كم2":null,"SHAPE_Length":45.89926264868555,"SHAPE_Area":130.4533229891196},"geometry":{"type":"Polygon","coordinates":[[[32.731732,25.927653],[32.731638,25.927698],[32.731695,25.927798],[32.731786,25.927756],[32.731732,25.927653]]]}},{"type":"Feature","properties":{"source_layer":"Building","source_feature_count":1,"BuildingType":2,"land_use":"سكنى","اسم_المحور":null,"اسم_المحافظة":null,"متوسط_عدد_الادوار_بالعقار":null,"متوسط_عدد_الشقق_بالدور":null,"متوسط_مساحة_الشقق_بالمنطقة":null,"نوع_نمط_العمران":null,"نوع_طبيعة_المنطقة":null,"سعر_العمارة":null,"نوع_الأرض":null,"المساحة_كم2":null,"GlobalID":"{98FC74AC-CA89-415F-9C20-C2D5C780209C}","created_user":"gpr.gps","created_date":"2026-04-11T07:55:37Z","last_edited_user":"gpr.gps","last_edited_date":"2026-04-11T07:55:37Z","مساحة_كم2":null,"SHAPE_Length":49.916198179129886,"SHAPE_Area":158.21114096695396},"geometry":{"type":"Polygon","coordinates":[[[32.726327,25.927387],[32.72623,25.927524],[32.726359,25.9275],[32.726327,25.927387]]]}},{"type":"Feature","properties":{"source_layer":"Building","source_feature_count":1,"BuildingType":2,"land_use":"سكنى","اسم_المحور":null,"اسم_المحافظة":null,"متوسط_عدد_الادوار_بالعقار":null,"متوسط_عدد_الشقق_بالدور":null,"متوسط_مساحة_الشقق_بالمنطقة":null,"نوع_نمط_العمران":null,"نوع_طبيعة_المنطقة":null,"سعر_العمارة":null,"نوع_الأرض":null,"المساحة_كم2":null,"GlobalID":"{369277F8-7A09-4DD2-A44B-05BA02904F9C}","created_user":"gpr.gps","created_date":"2026-04-11T07:55:37Z","last_edited_user":"gpr.gps","last_edited_date":"2026-04-11T07:55:37Z","مساحة_كم2":null,"SHAPE_Length":50.37387789180075,"SHAPE_Area":158.33895681080642},"geometry":{"type":"Polygon","coordinates":[[[32.726478,25.927478],[32.726449,25.927366],[32.726327,25.927387],[32.726359,25.9275],[32.726478,25.927478]]]}},{"type":"Feature","properties":{"source_layer":"Building","source_feature_count":1,"BuildingType":2,"land_use":"سكنى","اسم_المحور":null,"اسم_المحافظة":null,"متوسط_عدد_الادوار_بالعقار":null,"متوسط_عدد_الشقق_بالدور":null,"متوسط_مساحة_الشقق_بالمنطقة":null,"نوع_نمط_العمران":null,"نوع_طبيعة_المنطقة":null,"سعر_العمارة":null,"نوع_الأرض":null,"المساحة_كم2":null,"GlobalID":"{A3814704-F28E-4575-BB76-E613537395F9}","created_user":"gpr.gps","created_date":"2026-04-11T07:55:37Z","last_edited_user":"gpr.gps","last_edited_date":"2026-04-11T07:55:37Z","مساحة_كم2":null,"SHAPE_Length":40.74739393870862,"SHAPE_Area":97.32480198160943},"geometry":{"type":"Polygon","coordinates":[[[32.726525,25.927353],[32.726478,25.927478],[32.726551,25.927465],[32.726525,25.927353]]]}},{"type":"Feature","properties":{"source_layer":"Building","source_feature_count":1,"BuildingType":2,"land_use":"سكنى","اسم_المحور":null,"اسم_المحافظة":null,"متوسط_عدد_الادوار_بالعقار":null,"متوسط_عدد_الشقق_بالدور":null,"متوسط_مساحة_الشقق_بالمنطقة":null,"نوع_نمط_العمران":null,"نوع_طبيعة_المنطقة":null,"سعر_العمارة":null,"نوع_الأرض":null,"المساحة_كم2":null,"GlobalID":"{7F9E4403-B815-4188-97D7-99665E14D9DC}","created_user":"gpr.gps","created_date":"2026-04-11T07:55:37Z","last_edited_user":"gpr.gps","last_edited_date":"2026-04-11T07:55:37Z","مساحة_كم2":null,"SHAPE_Length":39.988090671772454,"SHAPE_Area":99.62179918674005},"geometry":{"type":"Polygon","coordinates":[[[32.726116,25.927545],[32.726204,25.927433],[32.726106,25.9275],[32.726116,25.927545]]]}},{"type":"Feature","properties":{"source_layer":"Building","source_feature_count":1,"BuildingType":2,"land_use":"سكنى","اسم_المحور":null,"اسم_المحافظة":null,"متوسط_عدد_الادوار_بالعقار":null,"متوسط_عدد_الشقق_بالدور":null,"متوسط_مساحة_الشقق_بالمنطقة":null,"نوع_نمط_العمران":null,"نوع_طبيعة_المنطقة":null,"سعر_العمارة":null,"نوع_الأرض":null,"المساحة_كم2":null,"GlobalID":"{FCF890F5-A855-487E-974B-46A77EE20360}","created_user":"gpr.gps","created_date":"2026-04-11T07:55:37Z","last_edited_user":"gpr.gps","last_edited_date":"2026-04-11T07:55:37Z","مساحة_كم2":null,"SHAPE_Length":46.642154123620706,"SHAPE_Area":134.9252514422152},"geometry":{"type":"Polygon","coordinates":[[[32.724052,25.927491],[32.724015,25.927398],[32.723897,25.927436],[32.72393,25.927526],[32.724052,25.927491]]]}},{"type":"Feature","properties":{"source_layer":"Building","source_feature_count":1,"BuildingType":2,"land_use":"سكنى","اسم_المحور":null,"اسم_المحافظة":null,"متوسط_عدد_الادوار_بالعقار":null,"متوسط_عدد_الشقق_بالدور":null,"متوسط_مساحة_الشقق_بالمنطقة":null,"نوع_نمط_العمران":null,"نوع_طبيعة_المنطقة":null,"سعر_العمارة":null,"نوع_الأرض":null,"المساحة_كم2":null,"GlobalID":"{B89C5BCD-8639-4C14-9A35-018DB0822AE8}","created_user":"gpr.gps","created_date":"2026-04-11T07:55:37Z","last_edited_user":"gpr.gps","last_edited_date":"2026-04-11T07:55:37Z","مساحة_كم2":null,"SHAPE_Length":50.504865024920974,"SHAPE_Area":158.99177134453004},"geometry":{"type":"Polygon","coordinates":[[[32.724015,25.927398],[32.723976,25.927302],[32.723846,25.927344],[32.723881,25.927439],[32.724015,25.927398]]]}},{"type":"Feature","properties":{"source_layer":"Building","source_feature_count":1,"BuildingType":2,"land_use":"سكنى","اسم_المحور":null,"اسم_المحافظة":null,"متوسط_عدد_الادوار_بالعقار":null,"متوسط_عدد_الشقق_بالدور":null,"متوسط_مساحة_الشقق_بالمنطقة":null,"نوع_نمط_العمران":null,"نوع_طبيعة_المنطقة":null,"سعر_العمارة":null,"نوع_الأرض":null,"المساحة_كم2":null,"GlobalID":"{F0560BE8-A7CF-4B9F-9416-C2BE63CCEF46}","created_user":"gpr.gps","created_date":"2026-04-11T07:55:37Z","last_edited_user":"gpr.gps","last_edited_date":"2026-04-11T07:55:37Z","مساحة_كم2":null,"SHAPE_Length":43.33938628390332,"SHAPE_Area":116.55738473361664},"geometry":{"type":"Polygon","coordinates":[[[32.723881,25.927439],[32.723846,25.927344],[32.723739,25.927378],[32.723768,25.927458],[32.723881,25.927439]]]}},{"type":"Feature","properties":{"source_layer":"Building","source_feature_count":1,"BuildingType":2,"land_use":"سكنى","اسم_المحور":null,"اسم_المحافظة":null,"متوسط_عدد_الادوار_بالعقار":null,"متوسط_عدد_الشقق_بالدور":null,"متوسط_مساحة_الشقق_بالمنطقة":null,"نوع_نمط_العمران":null,"نوع_طبيعة_المنطقة":null,"سعر_العمارة":null,"نوع_الأرض":null,"المساحة_كم2":null,"GlobalID":"{62A573A8-FB78-4124-8E01-F0451A0AE86F}","created_user":"gpr.gps","created_date":"2026-04-11T07:55:37Z","last_edited_user":"gpr.gps","last_edited_date":"2026-04-11T07:55:37Z","مساحة_كم2":null,"SHAPE_Length":55.519649970319435,"SHAPE_Area":168.96936719323472},"geometry":{"type":"Polygon","coordinates":[[[32.731237,25.915502],[32.731269,25.915579],[32.73144,25.915515],[32.731412,25.915437],[32.731237,25.915502]]]}},{"type":"Feature","properties":{"source_layer":"Building","source_feature_count":1,"BuildingType":2,"land_use":"سكنى","اسم_المحور":null,"اسم_المحافظة":null,"متوسط_عدد_الادوار_بالعقار":null,"متوسط_عدد_الشقق_بالدور":null,"متوسط_مساحة_الشقق_بالمنطقة":null,"نوع_نمط_العمران":null,"نوع_طبيعة_المنطقة":null,"سعر_العمارة":null,"نوع_الأرض":null,"المساحة_كم2":null,"GlobalID":"{8CF5D719-7F86-48E0-BA4D-8FAE2EDE722B}","created_user":"gpr.gps","created_date":"2026-04-11T07:55:37Z","last_edited_user":"gpr.gps","last_edited_date":"2026-04-11T07:55:37Z","مساحة_كم2":null,"SHAPE_Length":61.55468477332339,"SHAPE_Area":220.09400302079777},"geometry":{"type":"Polygon","coordinates":[[[32.731779,25.915571],[32.731823,25.915671],[32.732,25.915593],[32.731956,25.915505],[32.731779,25.915571]]]}},{"type":"Feature","properties":{"source_layer":"Building","source_feature_count":1,"BuildingType":2,"land_use":"سكنى","اسم_المحور":null,"اسم_المحافظة":null,"متوسط_عدد_الادوار_بالعقار":null,"متوسط_عدد_الشقق_بالدور":null,"متوسط_مساحة_الشقق_بالمنطقة":null,"نوع_نمط_العمران":null,"نوع_طبيعة_المنطقة":null,"سعر_العمارة":null,"نوع_الأرض":null,"المساحة_كم2":null,"GlobalID":"{FF8C73A7-070C-4C4C-9FC8-77D88D44929D}","created_user":"gpr.gps","created_date":"2026-04-11T07:55:37Z","last_edited_user":"gpr.gps","last_edited_date":"2026-04-11T07:55:37Z","مساحة_كم2":null,"SHAPE_Length":50.44013783924991,"SHAPE_Area":146.7628968569795},"geometry":{"type":"Polygon","coordinates":[[[32.730018,25.916584],[32.730205,25.916603],[32.730169,25.916529],[32.730018,25.916584]]]}},{"type":"Feature","properties":{"source_layer":"Building","source_feature_count":1,"BuildingType":2,"land_use":"سكنى","اسم_المحور":null,"اسم_المحافظة":null,"متوسط_عدد_الادوار_بالعقار":null,"متوسط_عدد_الشقق_بالدور":null,"متوسط_مساحة_الشقق_بالمنطقة":null,"نوع_نمط_العمران":null,"نوع_طبيعة_المنطقة":null,"سعر_العمارة":null,"نوع_الأرض":null,"المساحة_كم2":null,"GlobalID":"{951766EE-65CC-4607-9A3D-375A8F74FDE8}","created_user":"gpr.gps","created_date":"2026-04-11T07:55:37Z","last_edited_user":"gpr.gps","last_edited_date":"2026-04-11T07:55:37Z","مساحة_كم2":null,"SHAPE_Length":43.093699043043294,"SHAPE_Area":115.8253297364546},"geometry":{"type":"Polygon","coordinates":[[[32.730226,25.917802],[32.730282,25.917669],[32.730186,25.917711],[32.730226,25.917802]]]}},{"type":"Feature","properties":{"source_layer":"Building","source_feature_count":1,"BuildingType":2,"land_use":"سكنى","اسم_المحور":null,"اسم_المحافظة":null,"متوسط_عدد_الادوار_بالعقار":null,"متوسط_عدد_الشقق_بالدور":null,"متوسط_مساحة_الشقق_بالمنطقة":null,"نوع_نمط_العمران":null,"نوع_طبيعة_المنطقة":null,"سعر_العمارة":null,"نوع_الأرض":null,"المساحة_كم2":null,"GlobalID":"{F545E020-A4EE-483C-AC2A-E0663DB598F9}","created_user":"gpr.gps","created_date":"2026-04-11T07:55:37Z","last_edited_user":"gpr.gps","last_edited_date":"2026-04-11T07:55:37Z","مساحة_كم2":null,"SHAPE_Length":36.311552735240795,"SHAPE_Area":78.37439317779385},"geometry":{"type":"Polygon","coordinates":[[[32.730344,25.917642],[32.730323,25.917762],[32.730389,25.917734],[32.730344,25.917642]]]}},{"type":"Feature","properties":{"source_layer":"Building","source_feature_count":1,"BuildingType":2,"land_use":"سكنى","اسم_المحور":null,"اسم_المحافظة":null,"متوسط_عدد_الادوار_بالعقار":null,"متوسط_عدد_الشقق_بالدور":null,"متوسط_مساحة_الشقق_بالمنطقة":null,"نوع_نمط_العمران":null,"نوع_طبيعة_المنطقة":null,"سعر_العمارة":null,"نوع_الأرض":null,"المساحة_كم2":null,"GlobalID":"{3B16BCA0-329F-4675-A205-E16FF50A6020}","created_user":"gpr.gps","created_date":"2026-04-11T07:55:37Z","last_edited_user":"gpr.gps","last_edited_date":"2026-04-11T07:55:37Z","مساحة_كم2":null,"SHAPE_Length":43.796402524617875,"SHAPE_Area":119.54405676844507},"geometry":{"type":"Polygon","coordinates":[[[32.730602,25.917542],[32.730543,25.91767],[32.730648,25.917627],[32.730602,25.917542]]]}},{"type":"Feature","properties":{"source_layer":"Building","source_feature_count":1,"BuildingType":2,"land_use":"سكنى","اسم_المحور":null,"اسم_المحافظة":null,"متوسط_عدد_الادوار_بالعقار":null,"متوسط_عدد_الشقق_بالدور":null,"متوسط_مساحة_الشقق_بالمنطقة":null,"نوع_نمط_العمران":null,"نوع_طبيعة_المنطقة":null,"سعر_العمارة":null,"نوع_الأرض":null,"المساحة_كم2":null,"GlobalID":"{E5AC460A-4FCC-4297-AA67-0E5D5A9400A1}","created_user":"gpr.gps","created_date":"2026-04-11T07:55:37Z","last_edited_user":"gpr.gps","last_edited_date":"2026-04-11T07:55:37Z","مساحة_كم2":null,"SHAPE_Length":31.948745769102796,"SHAPE_Area":58.45541872411155},"geometry":{"type":"Polygon","coordinates":[[[32.730488,25.917693],[32.730499,25.917586],[32.73045,25.917607],[32.730488,25.917693]]]}},{"type":"Feature","properties":{"source_layer":"Building","source_feature_count":1,"BuildingType":2,"land_use":"سكنى","اسم_المحور":null,"اسم_المحافظة":null,"متوسط_عدد_الادوار_بالعقار":null,"متوسط_عدد_الشقق_بالدور":null,"متوسط_مساحة_الشقق_بالمنطقة":null,"نوع_نمط_العمران":null,"نوع_طبيعة_المنطقة":null,"سعر_العمارة":null,"نوع_الأرض":null,"المساحة_كم2":null,"GlobalID":"{4EA2172F-7DE4-4E8B-BDE4-FA436E638CEA}","created_user":"gpr.gps","created_date":"2026-04-11T07:55:37Z","last_edited_user":"gpr.gps","last_edited_date":"2026-04-11T07:55:37Z","مساحة_كم2":null,"SHAPE_Length":43.9268874133239,"SHAPE_Area":118.1197060815546},"geometry":{"type":"Polygon","coordinates":[[[32.730167,25.917251],[32.730133,25.91739],[32.730218,25.917354],[32.730167,25.917251]]]}},{"type":"Feature","properties":{"source_layer":"Building","source_feature_count":1,"BuildingType":2,"land_use":"سكنى","اسم_المحور":null,"اسم_المحافظة":null,"متوسط_عدد_الادوار_بالعقار":null,"متوسط_عدد_الشقق_بالدور":null,"متوسط_مساحة_الشقق_بالمنطقة":null,"نوع_نمط_العمران":null,"نوع_طبيعة_المنطقة":null,"سعر_العمارة":null,"نوع_الأرض":null,"المساحة_كم2":null,"GlobalID":"{690161A0-95BB-44E8-84CA-E58EC3174D88}","created_user":"gpr.gps","created_date":"2026-04-11T07:55:37Z","last_edited_user":"gpr.gps","last_edited_date":"2026-04-11T07:55:37Z","مساحة_كم2":null,"SHAPE_Length":56.25040443403866,"SHAPE_Area":167.73773884117696},"geometry":{"type":"Polygon","coordinates":[[[32.732099,25.917922],[32.732189,25.917899],[32.732195,25.91774],[32.732099,25.917756],[32.732099,25.917922]]]}},{"type":"Feature","properties":{"source_layer":"Building","source_feature_count":1,"BuildingType":2,"land_use":"سكنى","اسم_المحور":null,"اسم_المحافظة":null,"متوسط_عدد_الادوار_بالعقار":null,"متوسط_عدد_الشقق_بالدور":null,"متوسط_مساحة_الشقق_بالمنطقة":null,"نوع_نمط_العمران":null,"نوع_طبيعة_المنطقة":null,"سعر_العمارة":null,"نوع_الأرض":null,"المساحة_كم2":null,"GlobalID":"{DAF1D30C-F04D-4D08-BBBB-AA09C3F661BC}","created_user":"gpr.gps","created_date":"2026-04-11T07:55:37Z","last_edited_user":"gpr.gps","last_edited_date":"2026-04-11T07:55:37Z","مساحة_كم2":null,"SHAPE_Length":64.00089017692147,"SHAPE_Area":243.9998835864178},"geometry":{"type":"Polygon","coordinates":[[[32.732526,25.917626],[32.732653,25.91758],[32.732605,25.917445],[32.732477,25.917484],[32.732526,25.917626]]]}},{"type":"Feature","properties":{"source_layer":"Building","source_feature_count":1,"BuildingType":2,"land_use":"سكنى","اسم_المحور":null,"اسم_المحافظة":null,"متوسط_عدد_الادوار_بالعقار":null,"متوسط_عدد_الشقق_بالدور":null,"متوسط_مساحة_الشقق_بالمنطقة":null,"نوع_نمط_العمران":null,"نوع_طبيعة_المنطقة":null,"سعر_العمارة":null,"نوع_الأرض":null,"المساحة_كم2":null,"GlobalID":"{B890F4E1-048E-4EA7-A56D-D5B021F52726}","created_user":"gpr.gps","created_date":"2026-04-11T07:55:37Z","last_edited_user":"gpr.gps","last_edited_date":"2026-04-11T07:55:37Z","مساحة_كم2":null,"SHAPE_Length":52.006968448732344,"SHAPE_Area":153.6066115305221},"geometry":{"type":"Polygon","coordinates":[[[32.733036,25.918281],[32.733002,25.918203],[32.732847,25.918258],[32.732875,25.918334],[32.733036,25.918281]]]}},{"type":"Feature","properties":{"source_layer":"Building","source_feature_count":1,"BuildingType":2,"land_use":"سكنى","اسم_المحور":null,"اسم_المحافظة":null,"متوسط_عدد_الادوار_بالعقار":null,"متوسط_عدد_الشقق_بالدور":null,"متوسط_مساحة_الشقق_بالمنطقة":null,"نوع_نمط_العمران":null,"نوع_طبيعة_المنطقة":null,"سعر_العمارة":null,"نوع_الأرض":null,"المساحة_كم2":null,"GlobalID":"{CB4B089A-2F1C-4757-8F16-CE451D49B846}","created_user":"gpr.gps","created_date":"2026-04-11T07:55:37Z","last_edited_user":"gpr.gps","last_edited_date":"2026-04-11T07:55:37Z","مساحة_كم2":null,"SHAPE_Length":57.73087986714262,"SHAPE_Area":174.80210968679526},"geometry":{"type":"Polygon","coordinates":[[[32.73297,25.918107],[32.733117,25.918253],[32.733043,25.918078],[32.73297,25.918107]]]}},{"type":"Feature","properties":{"source_layer":"Building","source_feature_count":1,"BuildingType":2,"land_use":"سكنى","اسم_المحور":null,"اسم_المحافظة":null,"متوسط_عدد_الادوار_بالعقار":null,"متوسط_عدد_الشقق_بالدور":null,"متوسط_مساحة_الشقق_بالمنطقة":null,"نوع_نمط_العمران":null,"نوع_طبيعة_المنطقة":null,"سعر_العمارة":null,"نوع_الأرض":null,"المساحة_كم2":null,"GlobalID":"{44D897CD-D74E-403F-828D-E7A7AF90127A}","created_user":"gpr.gps","created_date":"2026-04-11T07:55:37Z","last_edited_user":"gpr.gps","last_edited_date":"2026-04-11T07:55:37Z","مساحة_كم2":null,"SHAPE_Length":40.25134357507871,"SHAPE_Area":97.31224187682068},"geometry":{"type":"Polygon","coordinates":[[[32.732791,25.918166],[32.73293,25.918197],[32.732902,25.918127],[32.732791,25.918166]]]}},{"type":"Feature","properties":{"source_layer":"Building","source_feature_count":1,"BuildingType":2,"land_use":"سكنى","اسم_المحور":null,"اسم_المحافظة":null,"متوسط_عدد_الادوار_بالعقار":null,"متوسط_عدد_الشقق_بالدور":null,"متوسط_مساحة_الشقق_بالمنطقة":null,"نوع_نمط_العمران":null,"نوع_طبيعة_المنطقة":null,"سعر_العمارة":null,"نوع_الأرض":null,"المساحة_كم2":null,"GlobalID":"{16D1B5E2-2A53-49DB-90BB-CB408B4508DF}","created_user":"gpr.gps","created_date":"2026-04-11T07:55:37Z","last_edited_user":"gpr.gps","last_edited_date":"2026-04-11T07:55:37Z","مساحة_كم2":null,"SHAPE_Length":44.21195076907212,"SHAPE_Area":119.54986555624289},"geometry":{"type":"Polygon","coordinates":[[[32.734637,25.923891],[32.734488,25.923876],[32.734535,25.923956],[32.734637,25.923891]]]}},{"type":"Feature","properties":{"source_layer":"Building","source_feature_count":1,"BuildingType":2,"land_use":"سكنى","اسم_المحور":null,"اسم_المحافظة":null,"متوسط_عدد_الادوار_بالعقار":null,"متوسط_عدد_الشقق_بالدور":null,"متوسط_مساحة_الشقق_بالمنطقة":null,"نوع_نمط_العمران":null,"نوع_طبيعة_المنطقة":null,"سعر_العمارة":null,"نوع_الأرض":null,"المساحة_كم2":null,"GlobalID":"{F1590AB0-EF9F-43A1-80B0-85338C3270F8}","created_user":"gpr.gps","created_date":"2026-04-11T07:55:37Z","last_edited_user":"gpr.gps","last_edited_date":"2026-04-11T07:55:37Z","مساحة_كم2":null,"SHAPE_Length":45.47021138272685,"SHAPE_Area":127.36661286232072},"geometry":{"type":"Polygon","coordinates":[[[32.734433,25.924021],[32.734488,25.923876],[32.734383,25.923936],[32.734433,25.924021]]]}},{"type":"Feature","properties":{"source_layer":"Building","source_feature_count":1,"BuildingType":2,"land_use":"سكنى","اسم_المحور":null,"اسم_المحافظة":null,"متوسط_عدد_الادوار_بالعقار":null,"متوسط_عدد_الشقق_بالدور":null,"متوسط_مساحة_الشقق_بالمنطقة":null,"نوع_نمط_العمران":null,"نوع_طبيعة_المنطقة":null,"سعر_العمارة":null,"نوع_الأرض":null,"المساحة_كم2":null,"GlobalID":"{099B7652-4879-4456-A00B-A698A5B63019}","created_user":"gpr.gps","created_date":"2026-04-11T07:55:37Z","last_edited_user":"gpr.gps","last_edited_date":"2026-04-11T07:55:37Z","مساحة_كم2":null,"SHAPE_Length":57.10192526291293,"SHAPE_Area":198.1629115278249},"geometry":{"type":"Polygon","coordinates":[[[32.7349,25.923779],[32.734969,25.923897],[32.735076,25.923843],[32.73502,25.923718],[32.7349,25.923779]]]}},{"type":"Feature","properties":{"source_layer":"Building","source_feature_count":1,"BuildingType":2,"land_use":"سكنى","اسم_المحور":null,"اسم_المحافظة":null,"متوسط_عدد_الادوار_بالعقار":null,"متوسط_عدد_الشقق_بالدور":null,"متوسط_مساحة_الشقق_بالمنطقة":null,"نوع_نمط_العمران":null,"نوع_طبيعة_المنطقة":null,"سعر_العمارة":null,"نوع_الأرض":null,"المساحة_كم2":null,"GlobalID":"{7E991CBC-A5C0-4D64-9C0A-06C351D462E4}","created_user":"gpr.gps","created_date":"2026-04-11T07:55:37Z","last_edited_user":"gpr.gps","last_edited_date":"2026-04-11T07:55:37Z","مساحة_كم2":null,"SHAPE_Length":50.91074831015848,"SHAPE_Area":158.71345429794218},"geometry":{"type":"Polygon","coordinates":[[[32.734774,25.923995],[32.734706,25.923879],[32.73461,25.923929],[32.734681,25.924043],[32.734774,25.923995]]]}},{"type":"Feature","properties":{"source_layer":"Building","source_feature_count":1,"BuildingType":2,"land_use":"سكنى","اسم_المحور":null,"اسم_المحافظة":null,"متوسط_عدد_الادوار_بالعقار":null,"متوسط_عدد_الشقق_بالدور":null,"متوسط_مساحة_الشقق_بالمنطقة":null,"نوع_نمط_العمران":null,"نوع_طبيعة_المنطقة":null,"سعر_العمارة":null,"نوع_الأرض":null,"المساحة_كم2":null,"GlobalID":"{5923E035-E570-4CDA-B312-DE38CC62AEC9}","created_user":"gpr.gps","created_date":"2026-04-11T07:55:37Z","last_edited_user":"gpr.gps","last_edited_date":"2026-04-11T07:55:37Z","مساحة_كم2":null,"SHAPE_Length":51.00909766198276,"SHAPE_Area":159.0187146353519},"geometry":{"type":"Polygon","coordinates":[[[32.734869,25.923947],[32.734799,25.92383],[32.734706,25.923879],[32.734774,25.923995],[32.734869,25.923947]]]}},{"type":"Feature","properties":{"source_layer":"Building","source_feature_count":1,"BuildingType":2,"land_use":"سكنى","اسم_المحور":null,"اسم_المحافظة":null,"متوسط_عدد_الادوار_بالعقار":null,"متوسط_عدد_الشقق_بالدور":null,"متوسط_مساحة_الشقق_بالمنطقة":null,"نوع_نمط_العمران":null,"نوع_طبيعة_المنطقة":null,"سعر_العمارة":null,"نوع_الأرض":null,"المساحة_كم2":null,"GlobalID":"{1268CBA4-381D-4A31-880D-2BD1429979EA}","created_user":"gpr.gps","created_date":"2026-04-11T07:55:37Z","last_edited_user":"gpr.gps","last_edited_date":"2026-04-11T07:55:37Z","مساحة_كم2":null,"SHAPE_Length":52.587066101067634,"SHAPE_Area":170.17319520507638},"geometry":{"type":"Polygon","coordinates":[[[32.734969,25.923897],[32.7349,25.923779],[32.734799,25.92383],[32.734869,25.923947],[32.734969,25.923897]]]}},{"type":"Feature","properties":{"source_layer":"Building","source_feature_count":1,"BuildingType":2,"land_use":"سكنى","اسم_المحور":null,"اسم_المحافظة":null,"متوسط_عدد_الادوار_بالعقار":null,"متوسط_عدد_الشقق_بالدور":null,"متوسط_مساحة_الشقق_بالمنطقة":null,"نوع_نمط_العمران":null,"نوع_طبيعة_المنطقة":null,"سعر_العمارة":null,"نوع_الأرض":null,"المساحة_كم2":null,"GlobalID":"{A1E39F13-080A-4844-91C9-487421935CAE}","created_user":"gpr.gps","created_date":"2026-04-11T07:55:37Z","last_edited_user":"gpr.gps","last_edited_date":"2026-04-11T07:55:37Z","مساحة_كم2":null,"SHAPE_Length":54.38976668931271,"SHAPE_Area":182.40978250700917},"geometry":{"type":"Polygon","coordinates":[[[32.734384,25.924427],[32.734467,25.924536],[32.73458,25.924482],[32.734502,25.924378],[32.734384,25.924427]]]}},{"type":"Feature","properties":{"source_layer":"Building","source_feature_count":1,"BuildingType":2,"land_use":"سكنى","اسم_المحور":null,"اسم_المحافظة":null,"متوسط_عدد_الادوار_بالعقار":null,"متوسط_عدد_الشقق_بالدور":null,"متوسط_مساحة_الشقق_بالمنطقة":null,"نوع_نمط_العمران":null,"نوع_طبيعة_المنطقة":null,"سعر_العمارة":null,"نوع_الأرض":null,"المساحة_كم2":null,"GlobalID":"{138ECE0C-97D6-4661-AF4B-19EA5680FE0C}","created_user":"gpr.gps","created_date":"2026-04-11T07:55:37Z","last_edited_user":"gpr.gps","last_edited_date":"2026-04-11T07:55:37Z","مساحة_كم2":null,"SHAPE_Length":49.6252676326332,"SHAPE_Area":153.37604574768028},"geometry":{"type":"Polygon","coordinates":[[[32.735069,25.924246],[32.735128,25.924101],[32.735013,25.924151],[32.735069,25.924246]]]}},{"type":"Feature","properties":{"source_layer":"Building","source_feature_count":1,"BuildingType":2,"land_use":"سكنى","اسم_المحور":null,"اسم_المحافظة":null,"متوسط_عدد_الادوار_بالعقار":null,"متوسط_عدد_الشقق_بالدور":null,"متوسط_مساحة_الشقق_بالمنطقة":null,"نوع_نمط_العمران":null,"نوع_طبيعة_المنطقة":null,"سعر_العمارة":null,"نوع_الأرض":null,"المساحة_كم2":null,"GlobalID":"{F6653B88-2DA0-4213-A4E9-846E5A15EDC6}","created_user":"gpr.gps","created_date":"2026-04-11T07:55:37Z","last_edited_user":"gpr.gps","last_edited_date":"2026-04-11T07:55:37Z","مساحة_كم2":null,"SHAPE_Length":49.402074304814676,"SHAPE_Area":152.3901558378324},"geometry":{"type":"Polygon","coordinates":[[[32.734736,25.924397],[32.734681,25.924294],[32.734573,25.924341],[32.734629,25.924445],[32.734736,25.924397]]]}},{"type":"Feature","properties":{"source_layer":"Building","source_feature_count":1,"BuildingType":2,"land_use":"سكنى","اسم_المحور":null,"اسم_المحافظة":null,"متوسط_عدد_الادوار_بالعقار":null,"متوسط_عدد_الشقق_بالدور":null,"متوسط_مساحة_الشقق_بالمنطقة":null,"نوع_نمط_العمران":null,"نوع_طبيعة_المنطقة":null,"سعر_العمارة":null,"نوع_الأرض":null,"المساحة_كم2":null,"GlobalID":"{C5F31489-A0B7-480E-8304-BDE7DC13726C}","created_user":"gpr.gps","created_date":"2026-04-11T07:55:37Z","last_edited_user":"gpr.gps","last_edited_date":"2026-04-11T07:55:37Z","مساحة_كم2":null,"SHAPE_Length":49.06859674115842,"SHAPE_Area":150.41865841219087},"geometry":{"type":"Polygon","coordinates":[[[32.734844,25.924348],[32.734789,25.924248],[32.734681,25.924294],[32.734736,25.924397],[32.734844,25.924348]]]}},{"type":"Feature","properties":{"source_layer":"Building","source_feature_count":1,"BuildingType":2,"land_use":"سكنى","اسم_المحور":null,"اسم_المحافظة":null,"متوسط_عدد_الادوار_بالعقار":null,"متوسط_عدد_الشقق_بالدور":null,"متوسط_مساحة_الشقق_بالمنطقة":null,"نوع_نمط_العمران":null,"نوع_طبيعة_المنطقة":null,"سعر_العمارة":null,"نوع_الأرض":null,"المساحة_كم2":null,"GlobalID":"{2F80FCBE-B8E6-4333-8F36-24209A52A6FB}","created_user":"gpr.gps","created_date":"2026-04-11T07:55:37Z","last_edited_user":"gpr.gps","last_edited_date":"2026-04-11T07:55:37Z","مساحة_كم2":null,"SHAPE_Length":53.49997562387156,"SHAPE_Area":177.5822350577243},"geometry":{"type":"Polygon","coordinates":[[[32.734975,25.924289],[32.734918,25.924192],[32.734789,25.924248],[32.734844,25.924348],[32.734975,25.924289]]]}},{"type":"Feature","properties":{"source_layer":"Building","source_feature_count":1,"BuildingType":2,"land_use":"سكنى","اسم_المحور":null,"اسم_المحافظة":null,"متوسط_عدد_الادوار_بالعقار":null,"متوسط_عدد_الشقق_بالدور":null,"متوسط_مساحة_الشقق_بالمنطقة":null,"نوع_نمط_العمران":null,"نوع_طبيعة_المنطقة":null,"سعر_العمارة":null,"نوع_الأرض":null,"المساحة_كم2":null,"GlobalID":"{D748F98C-C067-43D9-A770-9E562DF79FE0}","created_user":"gpr.gps","created_date":"2026-04-11T07:55:37Z","last_edited_user":"gpr.gps","last_edited_date":"2026-04-11T07:55:37Z","مساحة_كم2":null,"SHAPE_Length":45.097488940409505,"SHAPE_Area":126.47600735713777},"geometry":{"type":"Polygon","coordinates":[[[32.734975,25.924289],[32.735013,25.924151],[32.734918,25.924192],[32.734975,25.924289]]]}},{"type":"Feature","properties":{"source_layer":"Building","source_feature_count":1,"BuildingType":2,"land_use":"سكنى","اسم_المحور":null,"اسم_المحافظة":null,"متوسط_عدد_الادوار_بالعقار":null,"متوسط_عدد_الشقق_بالدور":null,"متوسط_مساحة_الشقق_بالمنطقة":null,"نوع_نمط_العمران":null,"نوع_طبيعة_المنطقة":null,"سعر_العمارة":null,"نوع_الأرض":null,"المساحة_كم2":null,"GlobalID":"{EA1F9346-8A91-4212-9D65-71BBB0095255}","created_user":"gpr.gps","created_date":"2026-04-11T07:55:37Z","last_edited_user":"gpr.gps","last_edited_date":"2026-04-11T07:55:37Z","مساحة_كم2":null,"SHAPE_Length":58.76016826980859,"SHAPE_Area":183.42154076024073},"geometry":{"type":"Polygon","coordinates":[[[32.735348,25.924082],[32.735307,25.92401],[32.735128,25.924101],[32.735173,25.924172],[32.735348,25.924082]]]}},{"type":"Feature","properties":{"source_layer":"Building","source_feature_count":1,"BuildingType":2,"land_use":"سكنى","اسم_المحور":null,"اسم_المحافظة":null,"متوسط_عدد_الادوار_بالعقار":null,"متوسط_عدد_الشقق_بالدور":null,"متوسط_مساحة_الشقق_بالمنطقة":null,"نوع_نمط_العمران":null,"نوع_طبيعة_المنطقة":null,"سعر_العمارة":null,"نوع_الأرض":null,"المساحة_كم2":null,"GlobalID":"{57B458E3-923D-4802-93DC-F6771C7B389D}","created_user":"gpr.gps","created_date":"2026-04-11T07:55:37Z","last_edited_user":"gpr.gps","last_edited_date":"2026-04-11T07:55:37Z","مساحة_كم2":null,"SHAPE_Length":38.339003634045426,"SHAPE_Area":91.95446457965672},"geometry":{"type":"Polygon","coordinates":[[[32.735385,25.923965],[32.735348,25.924082],[32.735433,25.92404],[32.735385,25.923965]]]}},{"type":"Feature","properties":{"source_layer":"Building","source_feature_count":1,"BuildingType":2,"land_use":"سكنى","اسم_المحور":null,"اسم_المحافظة":null,"متوسط_عدد_الادوار_بالعقار":null,"متوسط_عدد_الشقق_بالدور":null,"متوسط_مساحة_الشقق_بالمنطقة":null,"نوع_نمط_العمران":null,"نوع_طبيعة_المنطقة":null,"سعر_العمارة":null,"نوع_الأرض":null,"المساحة_كم2":null,"GlobalID":"{6589BEF6-CF89-406B-955D-74EB661E5BF5}","created_user":"gpr.gps","created_date":"2026-04-11T07:55:37Z","last_edited_user":"gpr.gps","last_edited_date":"2026-04-11T07:55:37Z","مساحة_كم2":null,"SHAPE_Length":43.824320575840765,"SHAPE_Area":119.970058520129},"geometry":{"type":"Polygon","coordinates":[[[32.735037,25.924555],[32.734998,25.924691],[32.735091,25.924644],[32.735037,25.924555]]]}},{"type":"Feature","properties":{"source_layer":"Building","source_feature_count":1,"BuildingType":2,"land_use":"سكنى","اسم_المحور":null,"اسم_المحافظة":null,"متوسط_عدد_الادوار_بالعقار":null,"متوسط_عدد_الشقق_بالدور":null,"متوسط_مساحة_الشقق_بالمنطقة":null,"نوع_نمط_العمران":null,"نوع_طبيعة_المنطقة":null,"سعر_العمارة":null,"نوع_الأرض":null,"المساحة_كم2":null,"GlobalID":"{C9F69B00-DD2E-4D18-B77D-D20F7DF97574}","created_user":"gpr.gps","created_date":"2026-04-11T07:55:37Z","last_edited_user":"gpr.gps","last_edited_date":"2026-04-11T07:55:37Z","مساحة_كم2":null,"SHAPE_Length":42.78742587211419,"SHAPE_Area":114.28308596685604},"geometry":{"type":"Polygon","coordinates":[[[32.734907,25.924737],[32.734944,25.924603],[32.734855,25.92465],[32.734907,25.924737]]]}},{"type":"Feature","properties":{"source_layer":"Building","source_feature_count":1,"BuildingType":2,"land_use":"سكنى","اسم_المحور":null,"اسم_المحافظة":null,"متوسط_عدد_الادوار_بالعقار":null,"متوسط_عدد_الشقق_بالدور":null,"متوسط_مساحة_الشقق_بالمنطقة":null,"نوع_نمط_العمران":null,"نوع_طبيعة_المنطقة":null,"سعر_العمارة":null,"نوع_الأرض":null,"المساحة_كم2":null,"GlobalID":"{31FB8B78-1200-40F9-AD62-B1BF59C1F6E7}","created_user":"gpr.gps","created_date":"2026-04-11T07:55:37Z","last_edited_user":"gpr.gps","last_edited_date":"2026-04-11T07:55:37Z","مساحة_كم2":null,"SHAPE_Length":47.17435110724867,"SHAPE_Area":138.47248345388735},"geometry":{"type":"Polygon","coordinates":[[[32.735529,25.925051],[32.735471,25.92495],[32.735374,25.924998],[32.735432,25.925098],[32.735529,25.925051]]]}},{"type":"Feature","properties":{"source_layer":"Building","source_feature_count":1,"BuildingType":2,"land_use":"سكنى","اسم_المحور":null,"اسم_المحافظة":null,"متوسط_عدد_الادوار_بالعقار":null,"متوسط_عدد_الشقق_بالدور":null,"متوسط_مساحة_الشقق_بالمنطقة":null,"نوع_نمط_العمران":null,"نوع_طبيعة_المنطقة":null,"سعر_العمارة":null,"نوع_الأرض":null,"المساحة_كم2":null,"GlobalID":"{57D84DB8-4AF5-41B5-A85B-50293D5303ED}","created_user":"gpr.gps","created_date":"2026-04-11T07:55:37Z","last_edited_user":"gpr.gps","last_edited_date":"2026-04-11T07:55:37Z","مساحة_كم2":null,"SHAPE_Length":47.13667109994939,"SHAPE_Area":138.3440819371013},"geometry":{"type":"Polygon","coordinates":[[[32.735432,25.925098],[32.735374,25.924998],[32.735276,25.925047],[32.735336,25.925146],[32.735432,25.925098]]]}},{"type":"Feature","properties":{"source_layer":"Building","source_feature_count":1,"BuildingType":2,"land_use":"سكنى","اسم_المحور":null,"اسم_المحافظة":null,"متوسط_عدد_الادوار_بالعقار":null,"متوسط_عدد_الشقق_بالدور":null,"متوسط_مساحة_الشقق_بالمنطقة":null,"نوع_نمط_العمران":null,"نوع_طبيعة_المنطقة":null,"سعر_العمارة":null,"نوع_الأرض":null,"المساحة_كم2":null,"GlobalID":"{23FE39D8-C7AA-4217-8CB4-3B29833AA21C}","created_user":"gpr.gps","created_date":"2026-04-11T07:55:37Z","last_edited_user":"gpr.gps","last_edited_date":"2026-04-11T07:55:37Z","مساحة_كم2":null,"SHAPE_Length":45.82098036669919,"SHAPE_Area":129.8658928084271},"geometry":{"type":"Polygon","coordinates":[[[32.73556,25.924905],[32.735529,25.925051],[32.73562,25.925006],[32.73556,25.924905]]]}},{"type":"Feature","properties":{"source_layer":"Building","source_feature_count":1,"BuildingType":2,"land_use":"سكنى","اسم_المحور":null,"اسم_المحافظة":null,"متوسط_عدد_الادوار_بالعقار":null,"متوسط_عدد_الشقق_بالدور":null,"متوسط_مساحة_الشقق_بالمنطقة":null,"نوع_نمط_العمران":null,"نوع_طبيعة_المنطقة":null,"سعر_العمارة":null,"نوع_الأرض":null,"المساحة_كم2":null,"GlobalID":"{3F76AD14-6EC2-4E8F-B09E-40C45729CD47}","created_user":"gpr.gps","created_date":"2026-04-11T07:55:37Z","last_edited_user":"gpr.gps","last_edited_date":"2026-04-11T07:55:37Z","مساحة_كم2":null,"SHAPE_Length":52.327758151900625,"SHAPE_Area":170.38915663317835},"geometry":{"type":"Polygon","coordinates":[[[32.736141,25.9255],[32.736214,25.925596],[32.736328,25.925543],[32.736257,25.925441],[32.736141,25.9255]]]}},{"type":"Feature","properties":{"source_layer":"Building","source_feature_count":1,"BuildingType":2,"land_use":"سكنى","اسم_المحور":null,"اسم_المحافظة":null,"متوسط_عدد_الادوار_بالعقار":null,"متوسط_عدد_الشقق_بالدور":null,"متوسط_مساحة_الشقق_بالمنطقة":null,"نوع_نمط_العمران":null,"نوع_طبيعة_المنطقة":null,"سعر_العمارة":null,"نوع_الأرض":null,"المساحة_كم2":null,"GlobalID":"{95955B3D-E43B-46F5-958E-D45745B7528D}","created_user":"gpr.gps","created_date":"2026-04-11T07:55:37Z","last_edited_user":"gpr.gps","last_edited_date":"2026-04-11T07:55:37Z","مساحة_كم2":null,"SHAPE_Length":49.607500771961625,"SHAPE_Area":153.21831292745193},"geometry":{"type":"Polygon","coordinates":[[[32.736124,25.925638],[32.736055,25.925543],[32.735947,25.925597],[32.736013,25.925689],[32.736124,25.925638]]]}},{"type":"Feature","properties":{"source_layer":"Building","source_feature_count":1,"BuildingType":2,"land_use":"سكنى","اسم_المحور":null,"اسم_المحافظة":null,"متوسط_عدد_الادوار_بالعقار":null,"متوسط_عدد_الشقق_بالدور":null,"متوسط_مساحة_الشقق_بالمنطقة":null,"نوع_نمط_العمران":null,"نوع_طبيعة_المنطقة":null,"سعر_العمارة":null,"نوع_الأرض":null,"المساحة_كم2":null,"GlobalID":"{291BE928-1302-4137-AFE1-A31DFD904B58}","created_user":"gpr.gps","created_date":"2026-04-11T07:55:37Z","last_edited_user":"gpr.gps","last_edited_date":"2026-04-11T07:55:37Z","مساحة_كم2":null,"SHAPE_Length":45.448698705883714,"SHAPE_Area":126.52458157352191},"geometry":{"type":"Polygon","coordinates":[[[32.736214,25.925596],[32.736141,25.9255],[32.736055,25.925543],[32.736124,25.925638],[32.736214,25.925596]]]}},{"type":"Feature","properties":{"source_layer":"Building","source_feature_count":1,"BuildingType":2,"land_use":"سكنى","اسم_المحور":null,"اسم_المحافظة":null,"متوسط_عدد_الادوار_بالعقار":null,"متوسط_عدد_الشقق_بالدور":null,"متوسط_مساحة_الشقق_بالمنطقة":null,"نوع_نمط_العمران":null,"نوع_طبيعة_المنطقة":null,"سعر_العمارة":null,"نوع_الأرض":null,"المساحة_كم2":null,"GlobalID":"{2AA8624D-67AD-48B8-8FF4-26CE29C2F895}","created_user":"gpr.gps","created_date":"2026-04-11T07:55:37Z","last_edited_user":"gpr.gps","last_edited_date":"2026-04-11T07:55:37Z","مساحة_كم2":null,"SHAPE_Length":51.03155842995108,"SHAPE_Area":153.51913801265022},"geometry":{"type":"Polygon","coordinates":[[[32.705289,25.924236],[32.705395,25.924377],[32.705388,25.924234],[32.705289,25.924236]]]}},{"type":"Feature","properties":{"source_layer":"Building","source_feature_count":1,"BuildingType":2,"land_use":"سكنى","اسم_المحور":null,"اسم_المحافظة":null,"متوسط_عدد_الادوار_بالعقار":null,"متوسط_عدد_الشقق_بالدور":null,"متوسط_مساحة_الشقق_بالمنطقة":null,"نوع_نمط_العمران":null,"نوع_طبيعة_المنطقة":null,"سعر_العمارة":null,"نوع_الأرض":null,"المساحة_كم2":null,"GlobalID":"{A1E9B604-5E89-459B-8D15-8FC6706E4C74}","created_user":"gpr.gps","created_date":"2026-04-11T07:55:37Z","last_edited_user":"gpr.gps","last_edited_date":"2026-04-11T07:55:37Z","مساحة_كم2":null,"SHAPE_Length":122.161625308617,"SHAPE_Area":806.3136427037789},"geometry":{"type":"Polygon","coordinates":[[[32.703007,25.921567],[32.703047,25.92192],[32.703253,25.921904],[32.703189,25.921519],[32.703007,25.921567]]]}},{"type":"Feature","properties":{"source_layer":"Building","source_feature_count":1,"BuildingType":2,"land_use":"سكنى","اسم_المحور":null,"اسم_المحافظة":null,"متوسط_عدد_الادوار_بالعقار":null,"متوسط_عدد_الشقق_بالدور":null,"متوسط_مساحة_الشقق_بالمنطقة":null,"نوع_نمط_العمران":null,"نوع_طبيعة_المنطقة":null,"سعر_العمارة":null,"نوع_الأرض":null,"المساحة_كم2":null,"GlobalID":"{3A4768BA-9E21-491C-B4CF-0B2AA634C392}","created_user":"gpr.gps","created_date":"2026-04-11T07:55:37Z","last_edited_user":"gpr.gps","last_edited_date":"2026-04-11T07:55:37Z","مساحة_كم2":null,"SHAPE_Length":72.70395554805722,"SHAPE_Area":286.8467796830236},"geometry":{"type":"Polygon","coordinates":[[[32.702688,25.921856],[32.702671,25.921698],[32.702526,25.921693],[32.702553,25.921899],[32.702688,25.921856]]]}},{"type":"Feature","properties":{"source_layer":"Building","source_feature_count":1,"BuildingType":2,"land_use":"سكنى","اسم_المحور":null,"اسم_المحافظة":null,"متوسط_عدد_الادوار_بالعقار":null,"متوسط_عدد_الشقق_بالدور":null,"متوسط_مساحة_الشقق_بالمنطقة":null,"نوع_نمط_العمران":null,"نوع_طبيعة_المنطقة":null,"سعر_العمارة":null,"نوع_الأرض":null,"المساحة_كم2":null,"GlobalID":"{8A7CD4D5-B2D3-4777-BBBA-C38C43A5B524}","created_user":"gpr.gps","created_date":"2026-04-11T07:55:37Z","last_edited_user":"gpr.gps","last_edited_date":"2026-04-11T07:55:37Z","مساحة_كم2":null,"SHAPE_Length":79.86788283597436,"SHAPE_Area":252.78411466145718},"geometry":{"type":"Polygon","coordinates":[[[32.702784,25.921843],[32.702759,25.921632],[32.702589,25.921677],[32.702688,25.921856],[32.702784,25.921843]]]}},{"type":"Feature","properties":{"source_layer":"Building","source_feature_count":1,"BuildingType":2,"land_use":"سكنى","اسم_المحور":null,"اسم_المحافظة":null,"متوسط_عدد_الادوار_بالعقار":null,"متوسط_عدد_الشقق_بالدور":null,"متوسط_مساحة_الشقق_بالمنطقة":null,"نوع_نمط_العمران":null,"نوع_طبيعة_المنطقة":null,"سعر_العمارة":null,"نوع_الأرض":null,"المساحة_كم2":null,"GlobalID":"{A3B6EA3C-6103-4C1A-9052-336F545CCD57}","created_user":"gpr.gps","created_date":"2026-04-11T07:55:37Z","last_edited_user":"gpr.gps","last_edited_date":"2026-04-11T07:55:37Z","مساحة_كم2":null,"SHAPE_Length":68.28019090839112,"SHAPE_Area":239.7765293300136},"geometry":{"type":"Polygon","coordinates":[[[32.702882,25.921829],[32.702856,25.921607],[32.702759,25.921632],[32.702784,25.921843],[32.702882,25.921829]]]}},{"type":"Feature","properties":{"source_layer":"Building","source_feature_count":1,"BuildingType":2,"land_use":"سكنى","اسم_المحور":null,"اسم_المحافظة":null,"متوسط_عدد_الادوار_بالعقار":null,"متوسط_عدد_الشقق_بالدور":null,"متوسط_مساحة_الشقق_بالمنطقة":null,"نوع_نمط_العمران":null,"نوع_طبيعة_المنطقة":null,"سعر_العمارة":null,"نوع_الأرض":null,"المساحة_كم2":null,"GlobalID":"{E1F25694-3921-421D-B600-A6C43828E4EA}","created_user":"gpr.gps","created_date":"2026-04-11T07:55:37Z","last_edited_user":"gpr.gps","last_edited_date":"2026-04-11T07:55:37Z","مساحة_كم2":null,"SHAPE_Length":91.95249913333227,"SHAPE_Area":473.04407873610864},"geometry":{"type":"Polygon","coordinates":[[[32.703043,25.921854],[32.703007,25.921567],[32.702856,25.921607],[32.702887,25.921862],[32.703043,25.921854]]]}},{"type":"Feature","properties":{"source_layer":"Building","source_feature_count":1,"BuildingType":2,"land_use":"سكنى","اسم_المحور":null,"اسم_المحافظة":null,"متوسط_عدد_الادوار_بالعقار":null,"متوسط_عدد_الشقق_بالدور":null,"متوسط_مساحة_الشقق_بالمنطقة":null,"نوع_نمط_العمران":null,"نوع_طبيعة_المنطقة":null,"سعر_العمارة":null,"نوع_الأرض":null,"المساحة_كم2":null,"GlobalID":"{B7EE92DC-CF0F-403A-AC28-314F7CB6CCA2}","created_user":"gpr.gps","created_date":"2026-04-11T07:55:37Z","last_edited_user":"gpr.gps","last_edited_date":"2026-04-11T07:55:37Z","مساحة_كم2":null,"SHAPE_Length":54.15477905655758,"SHAPE_Area":183.25452952368627},"geometry":{"type":"Polygon","coordinates":[[[32.701934,25.921985],[32.701899,25.921868],[32.701766,25.921901],[32.701803,25.922017],[32.701934,25.921985]]]}},{"type":"Feature","properties":{"source_layer":"Building","source_feature_count":1,"BuildingType":2,"land_use":"سكنى","اسم_المحور":null,"اسم_المحافظة":null,"متوسط_عدد_الادوار_بالعقار":null,"متوسط_عدد_الشقق_بالدور":null,"متوسط_مساحة_الشقق_بالمنطقة":null,"نوع_نمط_العمران":null,"نوع_طبيعة_المنطقة":null,"سعر_العمارة":null,"نوع_الأرض":null,"المساحة_كم2":null,"GlobalID":"{809CB142-EC70-45DC-A59D-39683B35A67A}","created_user":"gpr.gps","created_date":"2026-04-11T07:55:37Z","last_edited_user":"gpr.gps","last_edited_date":"2026-04-11T07:55:37Z","مساحة_كم2":null,"SHAPE_Length":39.976084643082636,"SHAPE_Area":99.02886919863343},"geometry":{"type":"Polygon","coordinates":[[[32.700696,25.922297],[32.700746,25.922183],[32.700656,25.922207],[32.700696,25.922297]]]}},{"type":"Feature","properties":{"source_layer":"Building","source_feature_count":1,"BuildingType":2,"land_use":"سكنى","اسم_المحور":null,"اسم_المحافظة":null,"متوسط_عدد_الادوار_بالعقار":null,"متوسط_عدد_الشقق_بالدور":null,"متوسط_مساحة_الشقق_بالمنطقة":null,"نوع_نمط_العمران":null,"نوع_طبيعة_المنطقة":null,"سعر_العمارة":null,"نوع_الأرض":null,"المساحة_كم2":null,"GlobalID":"{A5BF612F-5713-40B6-AD2E-058EF7AAEE3F}","created_user":"gpr.gps","created_date":"2026-04-11T07:55:37Z","last_edited_user":"gpr.gps","last_edited_date":"2026-04-11T07:55:37Z","مساحة_كم2":null,"SHAPE_Length":59.0767819757536,"SHAPE_Area":200.92212302768235},"geometry":{"type":"Polygon","coordinates":[[[32.700964,25.922225],[32.700925,25.922136],[32.700746,25.922183],[32.700782,25.922274],[32.700964,25.922225]]]}},{"type":"Feature","properties":{"source_layer":"Building","source_feature_count":1,"BuildingType":2,"land_use":"سكنى","اسم_المحور":null,"اسم_المحافظة":null,"متوسط_عدد_الادوار_بالعقار":null,"متوسط_عدد_الشقق_بالدور":null,"متوسط_مساحة_الشقق_بالمنطقة":null,"نوع_نمط_العمران":null,"نوع_طبيعة_المنطقة":null,"سعر_العمارة":null,"نوع_الأرض":null,"المساحة_كم2":null,"GlobalID":"{3ED7B3A3-6F9E-4967-91A7-C04D1CABD82C}","created_user":"gpr.gps","created_date":"2026-04-11T07:55:37Z","last_edited_user":"gpr.gps","last_edited_date":"2026-04-11T07:55:37Z","مساحة_كم2":null,"SHAPE_Length":48.379484471282005,"SHAPE_Area":143.72887266965213},"geometry":{"type":"Polygon","coordinates":[[[32.701093,25.922191],[32.701056,25.922101],[32.700925,25.922136],[32.700964,25.922225],[32.701093,25.922191]]]}},{"type":"Feature","properties":{"source_layer":"Building","source_feature_count":1,"BuildingType":2,"land_use":"سكنى","اسم_المحور":null,"اسم_المحافظة":null,"متوسط_عدد_الادوار_بالعقار":null,"متوسط_عدد_الشقق_بالدور":null,"متوسط_مساحة_الشقق_بالمنطقة":null,"نوع_نمط_العمران":null,"نوع_طبيعة_المنطقة":null,"سعر_العمارة":null,"نوع_الأرض":null,"المساحة_كم2":null,"GlobalID":"{5B065E42-8D2A-4AC9-A414-3CD68F3FC704}","created_user":"gpr.gps","created_date":"2026-04-11T07:55:37Z","last_edited_user":"gpr.gps","last_edited_date":"2026-04-11T07:55:37Z","مساحة_كم2":null,"SHAPE_Length":55.01185738219756,"SHAPE_Area":178.7764320148483},"geometry":{"type":"Polygon","coordinates":[[[32.701249,25.922149],[32.701224,25.922056],[32.701056,25.922101],[32.701093,25.922191],[32.701249,25.922149]]]}},{"type":"Feature","properties":{"source_layer":"Building","source_feature_count":1,"BuildingType":2,"land_use":"سكنى","اسم_المحور":null,"اسم_المحافظة":null,"متوسط_عدد_الادوار_بالعقار":null,"متوسط_عدد_الشقق_بالدور":null,"متوسط_مساحة_الشقق_بالمنطقة":null,"نوع_نمط_العمران":null,"نوع_طبيعة_المنطقة":null,"سعر_العمارة":null,"نوع_الأرض":null,"المساحة_كم2":null,"GlobalID":"{543069A6-067E-4245-AB42-C28B14565D6D}","created_user":"gpr.gps","created_date":"2026-04-11T07:55:37Z","last_edited_user":"gpr.gps","last_edited_date":"2026-04-11T07:55:37Z","مساحة_كم2":null,"SHAPE_Length":96.37078695976663,"SHAPE_Area":450.75542917301857},"geometry":{"type":"Polygon","coordinates":[[[32.70159,25.922067],[32.701524,25.921959],[32.701218,25.922033],[32.701249,25.922149],[32.70159,25.922067]]]}},{"type":"Feature","properties":{"source_layer":"Building","source_feature_count":1,"BuildingType":2,"land_use":"سكنى","اسم_المحور":null,"اسم_المحافظة":null,"متوسط_عدد_الادوار_بالعقار":null,"متوسط_عدد_الشقق_بالدور":null,"متوسط_مساحة_الشقق_بالمنطقة":null,"نوع_نمط_العمران":null,"نوع_طبيعة_المنطقة":null,"سعر_العمارة":null,"نوع_الأرض":null,"المساحة_كم2":null,"GlobalID":"{FE34EE25-7422-447D-B862-7B10728AF069}","created_user":"gpr.gps","created_date":"2026-04-11T07:55:37Z","last_edited_user":"gpr.gps","last_edited_date":"2026-04-11T07:55:37Z","مساحة_كم2":null,"SHAPE_Length":55.40984068043077,"SHAPE_Area":145.44215764811116},"geometry":{"type":"Polygon","coordinates":[[[32.701698,25.922041],[32.701629,25.921934],[32.701524,25.921959],[32.70159,25.922067],[32.701698,25.922041]]]}},{"type":"Feature","properties":{"source_layer":"Building","source_feature_count":1,"BuildingType":2,"land_use":"سكنى","اسم_المحور":null,"اسم_المحافظة":null,"متوسط_عدد_الادوار_بالعقار":null,"متوسط_عدد_الشقق_بالدور":null,"متوسط_مساحة_الشقق_بالمنطقة":null,"نوع_نمط_العمران":null,"نوع_طبيعة_المنطقة":null,"سعر_العمارة":null,"نوع_الأرض":null,"المساحة_كم2":null,"GlobalID":"{E7DE8467-E57C-4311-9F56-7B050BABB1D8}","created_user":"gpr.gps","created_date":"2026-04-11T07:55:37Z","last_edited_user":"gpr.gps","last_edited_date":"2026-04-11T07:55:37Z","مساحة_كم2":null,"SHAPE_Length":24.55606138513035,"SHAPE_Area":36.40845858005084},"geometry":{"type":"Polygon","coordinates":[[[32.701638,25.921974],[32.701702,25.921916],[32.701629,25.921934],[32.701638,25.921974]]]}},{"type":"Feature","properties":{"source_layer":"Building","source_feature_count":1,"BuildingType":2,"land_use":"سكنى","اسم_المحور":null,"اسم_المحافظة":null,"متوسط_عدد_الادوار_بالعقار":null,"متوسط_عدد_الشقق_بالدور":null,"متوسط_مساحة_الشقق_بالمنطقة":null,"نوع_نمط_العمران":null,"نوع_طبيعة_المنطقة":null,"سعر_العمارة":null,"نوع_الأرض":null,"المساحة_كم2":null,"GlobalID":"{985FAE03-9112-4C79-A931-FC76495DD371}","created_user":"gpr.gps","created_date":"2026-04-11T07:55:37Z","last_edited_user":"gpr.gps","last_edited_date":"2026-04-11T07:55:37Z","مساحة_كم2":null,"SHAPE_Length":47.60335378616317,"SHAPE_Area":122.8342963563988},"geometry":{"type":"Polygon","coordinates":[[[32.701803,25.922017],[32.701766,25.921901],[32.701702,25.921916],[32.701698,25.922041],[32.701803,25.922017]]]}},{"type":"Feature","properties":{"source_layer":"Building","source_feature_count":1,"BuildingType":2,"land_use":"سكنى","اسم_المحور":null,"اسم_المحافظة":null,"متوسط_عدد_الادوار_بالعقار":null,"متوسط_عدد_الشقق_بالدور":null,"متوسط_مساحة_الشقق_بالمنطقة":null,"نوع_نمط_العمران":null,"نوع_طبيعة_المنطقة":null,"سعر_العمارة":null,"نوع_الأرض":null,"المساحة_كم2":null,"GlobalID":"{3C4D292A-8CDC-4DBB-A797-BFF8E1D92996}","created_user":"gpr.gps","created_date":"2026-04-11T07:55:37Z","last_edited_user":"gpr.gps","last_edited_date":"2026-04-11T07:55:37Z","مساحة_كم2":null,"SHAPE_Length":48.521499294873536,"SHAPE_Area":145.48594946325412},"geometry":{"type":"Polygon","coordinates":[[[32.701899,25.921868],[32.701934,25.921985],[32.702038,25.92196],[32.702005,25.921843],[32.701899,25.921868]]]}},{"type":"Feature","properties":{"source_layer":"Building","source_feature_count":1,"BuildingType":2,"land_use":"سكنى","اسم_المحور":null,"اسم_المحافظة":null,"متوسط_عدد_الادوار_بالعقار":null,"متوسط_عدد_الشقق_بالدور":null,"متوسط_مساحة_الشقق_بالمنطقة":null,"نوع_نمط_العمران":null,"نوع_طبيعة_المنطقة":null,"سعر_العمارة":null,"نوع_الأرض":null,"المساحة_كم2":null,"GlobalID":"{B815CE1F-B7DB-4AC2-9C08-BC449C36D03F}","created_user":"gpr.gps","created_date":"2026-04-11T07:55:37Z","last_edited_user":"gpr.gps","last_edited_date":"2026-04-11T07:55:37Z","مساحة_كم2":null,"SHAPE_Length":88.37793860870298,"SHAPE_Area":486.39445326362846},"geometry":{"type":"Polygon","coordinates":[[[32.70194,25.921739],[32.702159,25.92168],[32.702111,25.921495],[32.701888,25.921555],[32.70194,25.921739]]]}},{"type":"Feature","properties":{"source_layer":"Building","source_feature_count":1,"BuildingType":2,"land_use":"سكنى","اسم_المحور":null,"اسم_المحافظة":null,"متوسط_عدد_الادوار_بالعقار":null,"متوسط_عدد_الشقق_بالدور":null,"متوسط_مساحة_الشقق_بالمنطقة":null,"نوع_نمط_العمران":null,"نوع_طبيعة_المنطقة":null,"سعر_العمارة":null,"نوع_الأرض":null,"المساحة_كم2":null,"GlobalID":"{F4185538-0F53-4597-A4AA-C696B7B8B490}","created_user":"gpr.gps","created_date":"2026-04-11T07:55:37Z","last_edited_user":"gpr.gps","last_edited_date":"2026-04-11T07:55:37Z","مساحة_كم2":null,"SHAPE_Length":79.9316373226124,"SHAPE_Area":391.56799260270714},"geometry":{"type":"Polygon","coordinates":[[[32.703291,25.921112],[32.703196,25.920946],[32.703027,25.920986],[32.703078,25.921158],[32.703291,25.921112]]]}},{"type":"Feature","properties":{"source_layer":"Building","source_feature_count":1,"BuildingType":2,"land_use":"سكنى","اسم_المحور":null,"اسم_المحافظة":null,"متوسط_عدد_الادوار_بالعقار":null,"متوسط_عدد_الشقق_بالدور":null,"متوسط_مساحة_الشقق_بالمنطقة":null,"نوع_نمط_العمران":null,"نوع_طبيعة_المنطقة":null,"سعر_العمارة":null,"نوع_الأرض":null,"المساحة_كم2":null,"GlobalID":"{D1F2F433-B70A-4C56-9F53-43897D06C778}","created_user":"gpr.gps","created_date":"2026-04-11T07:55:37Z","last_edited_user":"gpr.gps","last_edited_date":"2026-04-11T07:55:37Z","مساحة_كم2":null,"SHAPE_Length":61.27044383595686,"SHAPE_Area":208.55538881553517},"geometry":{"type":"Polygon","coordinates":[[[32.702885,25.921477],[32.702828,25.9213],[32.702732,25.921326],[32.702785,25.921503],[32.702885,25.921477]]]}},{"type":"Feature","properties":{"source_layer":"Building","source_feature_count":1,"BuildingType":2,"land_use":"سكنى","اسم_المحور":null,"اسم_المحافظة":null,"متوسط_عدد_الادوار_بالعقار":null,"متوسط_عدد_الشقق_بالدور":null,"متوسط_مساحة_الشقق_بالمنطقة":null,"نوع_نمط_العمران":null,"نوع_طبيعة_المنطقة":null,"سعر_العمارة":null,"نوع_الأرض":null,"المساحة_كم2":null,"GlobalID":"{34D8B2CA-B62B-40A6-8531-D9C678D328B7}","created_user":"gpr.gps","created_date":"2026-04-11T07:55:37Z","last_edited_user":"gpr.gps","last_edited_date":"2026-04-11T07:55:37Z","مساحة_كم2":null,"SHAPE_Length":64.422441850879,"SHAPE_Area":247.91563849957782},"geometry":{"type":"Polygon","coordinates":[[[32.700563,25.922095],[32.700519,25.921924],[32.700385,25.921961],[32.700453,25.922125],[32.700563,25.922095]]]}},{"type":"Feature","properties":{"source_layer":"Building","source_feature_count":1,"BuildingType":2,"land_use":"سكنى","اسم_المحور":null,"اسم_المحافظة":null,"متوسط_عدد_الادوار_بالعقار":null,"متوسط_عدد_الشقق_بالدور":null,"متوسط_مساحة_الشقق_بالمنطقة":null,"نوع_نمط_العمران":null,"نوع_طبيعة_المنطقة":null,"سعر_العمارة":null,"نوع_الأرض":null,"المساحة_كم2":null,"GlobalID":"{45800892-AD09-4B35-B688-16E4C212351D}","created_user":"gpr.gps","created_date":"2026-04-11T07:55:37Z","last_edited_user":"gpr.gps","last_edited_date":"2026-04-11T07:55:37Z","مساحة_كم2":null,"SHAPE_Length":64.73958836516132,"SHAPE_Area":249.99860441976512},"geometry":{"type":"Polygon","coordinates":[[[32.700838,25.922021],[32.700783,25.92185],[32.700666,25.921884],[32.700711,25.922055],[32.700838,25.922021]]]}},{"type":"Feature","properties":{"source_layer":"Building","source_feature_count":1,"BuildingType":2,"land_use":"سكنى","اسم_المحور":null,"اسم_المحافظة":null,"متوسط_عدد_الادوار_بالعقار":null,"متوسط_عدد_الشقق_بالدور":null,"متوسط_مساحة_الشقق_بالمنطقة":null,"نوع_نمط_العمران":null,"نوع_طبيعة_المنطقة":null,"سعر_العمارة":null,"نوع_الأرض":null,"المساحة_كم2":null,"GlobalID":"{7C5B64CC-9037-4B2F-BC1A-0F782B238966}","created_user":"gpr.gps","created_date":"2026-04-11T07:55:37Z","last_edited_user":"gpr.gps","last_edited_date":"2026-04-11T07:55:37Z","مساحة_كم2":null,"SHAPE_Length":69.71344898144827,"SHAPE_Area":298.9977692655375},"geometry":{"type":"Polygon","coordinates":[[[32.700711,25.922055],[32.700666,25.921884],[32.700519,25.921924],[32.700563,25.922095],[32.700711,25.922055]]]}},{"type":"Feature","properties":{"source_layer":"Building","source_feature_count":1,"BuildingType":2,"land_use":"سكنى","اسم_المحور":null,"اسم_المحافظة":null,"متوسط_عدد_الادوار_بالعقار":null,"متوسط_عدد_الشقق_بالدور":null,"متوسط_مساحة_الشقق_بالمنطقة":null,"نوع_نمط_العمران":null,"نوع_طبيعة_المنطقة":null,"سعر_العمارة":null,"نوع_الأرض":null,"المساحة_كم2":null,"GlobalID":"{8BC4D4C3-8F1F-496C-8B27-4F99C5FACA8C}","created_user":"gpr.gps","created_date":"2026-04-11T07:55:37Z","last_edited_user":"gpr.gps","last_edited_date":"2026-04-11T07:55:37Z","مساحة_كم2":null,"SHAPE_Length":78.79550185605747,"SHAPE_Area":387.5057892027656},"geometry":{"type":"Polygon","coordinates":[[[32.701019,25.921972],[32.700973,25.921795],[32.700783,25.92185],[32.700838,25.922021],[32.701019,25.921972]]]}},{"type":"Feature","properties":{"source_layer":"Building","source_feature_count":1,"BuildingType":2,"land_use":"سكنى","اسم_المحور":null,"اسم_المحافظة":null,"متوسط_عدد_الادوار_بالعقار":null,"متوسط_عدد_الشقق_بالدور":null,"متوسط_مساحة_الشقق_بالمنطقة":null,"نوع_نمط_العمران":null,"نوع_طبيعة_المنطقة":null,"سعر_العمارة":null,"نوع_الأرض":null,"المساحة_كم2":null,"GlobalID":"{1BEFA620-C198-476A-8FDD-249A4850CA23}","created_user":"gpr.gps","created_date":"2026-04-11T07:55:37Z","last_edited_user":"gpr.gps","last_edited_date":"2026-04-11T07:55:37Z","مساحة_كم2":null,"SHAPE_Length":80.51318554897473,"SHAPE_Area":406.3337493698022},"geometry":{"type":"Polygon","coordinates":[[[32.701347,25.921891],[32.701332,25.921693],[32.701145,25.921745],[32.701206,25.921924],[32.701347,25.921891]]]}},{"type":"Feature","properties":{"source_layer":"Building","source_feature_count":1,"BuildingType":2,"land_use":"سكنى","اسم_المحور":null,"اسم_المحافظة":null,"متوسط_عدد_الادوار_بالعقار":null,"متوسط_عدد_الشقق_بالدور":null,"متوسط_مساحة_الشقق_بالمنطقة":null,"نوع_نمط_العمران":null,"نوع_طبيعة_المنطقة":null,"سعر_العمارة":null,"نوع_الأرض":null,"المساحة_كم2":null,"GlobalID":"{D98C18AC-CF7E-42A2-901A-801858635C50}","created_user":"gpr.gps","created_date":"2026-04-11T07:55:37Z","last_edited_user":"gpr.gps","last_edited_date":"2026-04-11T07:55:37Z","مساحة_كم2":null,"SHAPE_Length":86.11310800809423,"SHAPE_Area":463.35183823095196},"geometry":{"type":"Polygon","coordinates":[[[32.701598,25.921829],[32.701537,25.921645],[32.701332,25.921693],[32.701386,25.921882],[32.701598,25.921829]]]}},{"type":"Feature","properties":{"source_layer":"Building","source_feature_count":1,"BuildingType":2,"land_use":"سكنى","اسم_المحور":null,"اسم_المحافظة":null,"متوسط_عدد_الادوار_بالعقار":null,"متوسط_عدد_الشقق_بالدور":null,"متوسط_مساحة_الشقق_بالمنطقة":null,"نوع_نمط_العمران":null,"نوع_طبيعة_المنطقة":null,"سعر_العمارة":null,"نوع_الأرض":null,"المساحة_كم2":null,"GlobalID":"{9B75C6F8-C97E-4746-9D62-4E84D9DD044D}","created_user":"gpr.gps","created_date":"2026-04-11T07:55:37Z","last_edited_user":"gpr.gps","last_edited_date":"2026-04-11T07:55:37Z","مساحة_كم2":null,"SHAPE_Length":127.20240405933446,"SHAPE_Area":685.3282309508251},"geometry":{"type":"Polygon","coordinates":[[[32.701347,25.921891],[32.701206,25.921924],[32.701145,25.921745],[32.700973,25.921795],[32.701045,25.922058],[32.701347,25.921891]]]}},{"type":"Feature","properties":{"source_layer":"Building","source_feature_count":1,"BuildingType":2,"land_use":"سكنى","اسم_المحور":null,"اسم_المحافظة":null,"متوسط_عدد_الادوار_بالعقار":null,"متوسط_عدد_الشقق_بالدور":null,"متوسط_مساحة_الشقق_بالمنطقة":null,"نوع_نمط_العمران":null,"نوع_طبيعة_المنطقة":null,"سعر_العمارة":null,"نوع_الأرض":null,"المساحة_كم2":null,"GlobalID":"{79C3B00B-2E1A-4F87-B759-B23D86ECBB98}","created_user":"gpr.gps","created_date":"2026-04-11T07:55:37Z","last_edited_user":"gpr.gps","last_edited_date":"2026-04-11T07:55:37Z","مساحة_كم2":null,"SHAPE_Length":54.18251149827624,"SHAPE_Area":150.82634019696516},"geometry":{"type":"Polygon","coordinates":[[[32.702464,25.921669],[32.702626,25.921548],[32.702441,25.921601],[32.702464,25.921669]]]}},{"type":"Feature","properties":{"source_layer":"Building","source_feature_count":1,"BuildingType":2,"land_use":"سكنى","اسم_المحور":null,"اسم_المحافظة":null,"متوسط_عدد_الادوار_بالعقار":null,"متوسط_عدد_الشقق_بالدور":null,"متوسط_مساحة_الشقق_بالمنطقة":null,"نوع_نمط_العمران":null,"نوع_طبيعة_المنطقة":null,"سعر_العمارة":null,"نوع_الأرض":null,"المساحة_كم2":null,"GlobalID":"{2D69C700-2569-4CD8-88BA-74DA62AA03E8}","created_user":"gpr.gps","created_date":"2026-04-11T07:55:37Z","last_edited_user":"gpr.gps","last_edited_date":"2026-04-11T07:55:37Z","مساحة_كم2":null,"SHAPE_Length":72.54887824249876,"SHAPE_Area":248.88519009077908},"geometry":{"type":"Polygon","coordinates":[[[32.703704,25.921248],[32.703988,25.921239],[32.70396,25.92116],[32.703704,25.921248]]]}},{"type":"Feature","properties":{"source_layer":"Building","source_feature_count":1,"BuildingType":2,"land_use":"سكنى","اسم_المحور":null,"اسم_المحافظة":null,"متوسط_عدد_الادوار_بالعقار":null,"متوسط_عدد_الشقق_بالدور":null,"متوسط_مساحة_الشقق_بالمنطقة":null,"نوع_نمط_العمران":null,"نوع_طبيعة_المنطقة":null,"سعر_العمارة":null,"نوع_الأرض":null,"المساحة_كم2":null,"GlobalID":"{4001638C-FFD9-48A9-B602-1A69672AA69A}","created_user":"gpr.gps","created_date":"2026-04-11T07:55:37Z","last_edited_user":"gpr.gps","last_edited_date":"2026-04-11T07:55:37Z","مساحة_كم2":null,"SHAPE_Length":78.71163343366524,"SHAPE_Area":315.0523913866808},"geometry":{"type":"Polygon","coordinates":[[[32.70345,25.921331],[32.703528,25.921111],[32.703354,25.921164],[32.70345,25.921331]]]}},{"type":"Feature","properties":{"source_layer":"Building","source_feature_count":1,"BuildingType":2,"land_use":"سكنى","اسم_المحور":null,"اسم_المحافظة":null,"متوسط_عدد_الادوار_بالعقار":null,"متوسط_عدد_الشقق_بالدور":null,"متوسط_مساحة_الشقق_بالمنطقة":null,"نوع_نمط_العمران":null,"نوع_طبيعة_المنطقة":null,"سعر_العمارة":null,"نوع_الأرض":null,"المساحة_كم2":null,"GlobalID":"{66135041-B24E-444E-A255-DDE3135C7A72}","created_user":"gpr.gps","created_date":"2026-04-11T07:55:37Z","last_edited_user":"gpr.gps","last_edited_date":"2026-04-11T07:55:37Z","مساحة_كم2":null,"SHAPE_Length":57.03246762942472,"SHAPE_Area":158.09246882806318},"geometry":{"type":"Polygon","coordinates":[[[32.701868,25.921758],[32.701888,25.921555],[32.701815,25.921575],[32.701868,25.921758]]]}},{"type":"Feature","properties":{"source_layer":"Building","source_feature_count":1,"BuildingType":2,"land_use":"سكنى","اسم_المحور":null,"اسم_المحافظة":null,"متوسط_عدد_الادوار_بالعقار":null,"متوسط_عدد_الشقق_بالدور":null,"متوسط_مساحة_الشقق_بالمنطقة":null,"نوع_نمط_العمران":null,"نوع_طبيعة_المنطقة":null,"سعر_العمارة":null,"نوع_الأرض":null,"المساحة_كم2":null,"GlobalID":"{6F5E5E2F-C5D8-4F97-AD7B-4B295834314F}","created_user":"gpr.gps","created_date":"2026-04-11T07:55:37Z","last_edited_user":"gpr.gps","last_edited_date":"2026-04-11T07:55:37Z","مساحة_كم2":null,"SHAPE_Length":63.98554624003259,"SHAPE_Area":231.3059446694809},"geometry":{"type":"Polygon","coordinates":[[[32.701763,25.921786],[32.701815,25.921575],[32.701708,25.921604],[32.701763,25.921786]]]}},{"type":"Feature","properties":{"source_layer":"Building","source_feature_count":1,"BuildingType":2,"land_use":"سكنى","اسم_المحور":null,"اسم_المحافظة":null,"متوسط_عدد_الادوار_بالعقار":null,"متوسط_عدد_الشقق_بالدور":null,"متوسط_مساحة_الشقق_بالمنطقة":null,"نوع_نمط_العمران":null,"نوع_طبيعة_المنطقة":null,"سعر_العمارة":null,"نوع_الأرض":null,"المساحة_كم2":null,"GlobalID":"{3519C93A-9C75-432E-960A-25961EDAED20}","created_user":"gpr.gps","created_date":"2026-04-11T07:55:37Z","last_edited_user":"gpr.gps","last_edited_date":"2026-04-11T07:55:37Z","مساحة_كم2":null,"SHAPE_Length":64.30518592953973,"SHAPE_Area":238.9211673927853},"geometry":{"type":"Polygon","coordinates":[[[32.702785,25.921503],[32.702732,25.921326],[32.702623,25.921355],[32.702671,25.921536],[32.702785,25.921503]]]}},{"type":"Feature","properties":{"source_layer":"Building","source_feature_count":1,"BuildingType":2,"land_use":"سكنى","اسم_المحور":null,"اسم_المحافظة":null,"متوسط_عدد_الادوار_بالعقار":null,"متوسط_عدد_الشقق_بالدور":null,"متوسط_مساحة_الشقق_بالمنطقة":null,"نوع_نمط_العمران":null,"نوع_طبيعة_المنطقة":null,"سعر_العمارة":null,"نوع_الأرض":null,"المساحة_كم2":null,"GlobalID":"{D6236AA3-C815-4016-8FCC-E8026C4D2639}","created_user":"gpr.gps","created_date":"2026-04-11T07:55:37Z","last_edited_user":"gpr.gps","last_edited_date":"2026-04-11T07:55:37Z","مساحة_كم2":null,"SHAPE_Length":71.83927663605212,"SHAPE_Area":313.9868493402244},"geometry":{"type":"Polygon","coordinates":[[[32.702269,25.921452],[32.702467,25.921594],[32.702416,25.921412],[32.702269,25.921452]]]}},{"type":"Feature","properties":{"source_layer":"Building","source_feature_count":1,"BuildingType":2,"land_use":"سكنى","اسم_المحور":null,"اسم_المحافظة":null,"متوسط_عدد_الادوار_بالعقار":null,"متوسط_عدد_الشقق_بالدور":null,"متوسط_مساحة_الشقق_بالمنطقة":null,"نوع_نمط_العمران":null,"نوع_طبيعة_المنطقة":null,"سعر_العمارة":null,"نوع_الأرض":null,"المساحة_كم2":null,"GlobalID":"{537DFDB9-3989-475F-93B5-3440CC67AD72}","created_user":"gpr.gps","created_date":"2026-04-11T07:55:37Z","last_edited_user":"gpr.gps","last_edited_date":"2026-04-11T07:55:37Z","مساحة_كم2":null,"SHAPE_Length":75.94718393539182,"SHAPE_Area":356.6002191838926},"geometry":{"type":"Polygon","coordinates":[[[32.702229,25.921661],[32.702326,25.921633],[32.702269,25.921452],[32.702111,25.921495],[32.702229,25.921661]]]}},{"type":"Feature","properties":{"source_layer":"Building","source_feature_count":1,"BuildingType":2,"land_use":"سكنى","اسم_المحور":null,"اسم_المحافظة":null,"متوسط_عدد_الادوار_بالعقار":null,"متوسط_عدد_الشقق_بالدور":null,"متوسط_مساحة_الشقق_بالمنطقة":null,"نوع_نمط_العمران":null,"نوع_طبيعة_المنطقة":null,"سعر_العمارة":null,"نوع_الأرض":null,"المساحة_كم2":null,"GlobalID":"{F038CEF2-1348-4F60-9354-E83A3380A01C}","created_user":"gpr.gps","created_date":"2026-04-11T07:55:37Z","last_edited_user":"gpr.gps","last_edited_date":"2026-04-11T07:55:37Z","مساحة_كم2":null,"SHAPE_Length":77.15311149441659,"SHAPE_Area":369.3935905144716},"geometry":{"type":"Polygon","coordinates":[[[32.701537,25.921645],[32.701763,25.921786],[32.701708,25.921604],[32.701537,25.921645]]]}},{"type":"Feature","properties":{"source_layer":"Building","source_feature_count":1,"BuildingType":2,"land_use":"سكنى","اسم_المحور":null,"اسم_المحافظة":null,"متوسط_عدد_الادوار_بالعقار":null,"متوسط_عدد_الشقق_بالدور":null,"متوسط_مساحة_الشقق_بالمنطقة":null,"نوع_نمط_العمران":null,"نوع_طبيعة_المنطقة":null,"سعر_العمارة":null,"نوع_الأرض":null,"المساحة_كم2":null,"GlobalID":"{F8149451-F16A-48C7-BD89-B4D9C877BF7F}","created_user":"gpr.gps","created_date":"2026-04-11T07:55:37Z","last_edited_user":"gpr.gps","last_edited_date":"2026-04-11T07:55:37Z","مساحة_كم2":null,"SHAPE_Length":84.39982085823411,"SHAPE_Area":444.2196562034361},"geometry":{"type":"Polygon","coordinates":[[[32.702626,25.921548],[32.702623,25.921355],[32.702416,25.921412],[32.702467,25.921594],[32.702626,25.921548]]]}},{"type":"Feature","properties":{"source_layer":"Building","source_feature_count":1,"BuildingType":2,"land_use":"سكنى","اسم_المحور":null,"اسم_المحافظة":null,"متوسط_عدد_الادوار_بالعقار":null,"متوسط_عدد_الشقق_بالدور":null,"متوسط_مساحة_الشقق_بالمنطقة":null,"نوع_نمط_العمران":null,"نوع_طبيعة_المنطقة":null,"سعر_العمارة":null,"نوع_الأرض":null,"المساحة_كم2":null,"GlobalID":"{FE3E732B-916F-4B03-84A4-6A7C3D063655}","created_user":"gpr.gps","created_date":"2026-04-11T07:55:37Z","last_edited_user":"gpr.gps","last_edited_date":"2026-04-11T07:55:37Z","مساحة_كم2":null,"SHAPE_Length":26.68630492029108,"SHAPE_Area":43.04139062957642},"geometry":{"type":"Polygon","coordinates":[[[32.702412,25.921684],[32.702441,25.921601],[32.702389,25.921616],[32.702412,25.921684]]]}},{"type":"Feature","properties":{"source_layer":"Building","source_feature_count":1,"BuildingType":2,"land_use":"سكنى","اسم_المحور":null,"اسم_المحافظة":null,"متوسط_عدد_الادوار_بالعقار":null,"متوسط_عدد_الشقق_بالدور":null,"متوسط_مساحة_الشقق_بالمنطقة":null,"نوع_نمط_العمران":null,"نوع_طبيعة_المنطقة":null,"سعر_العمارة":null,"نوع_الأرض":null,"المساحة_كم2":null,"GlobalID":"{E98BDA02-F25C-4ECF-AB66-8B135ACF72EA}","created_user":"gpr.gps","created_date":"2026-04-11T07:55:37Z","last_edited_user":"gpr.gps","last_edited_date":"2026-04-11T07:55:37Z","مساحة_كم2":null,"SHAPE_Length":29.9903797448431,"SHAPE_Area":46.66343921780006},"geometry":{"type":"Polygon","coordinates":[[[32.701779,25.921858],[32.701822,25.92177],[32.701762,25.921787],[32.701779,25.921858]]]}},{"type":"Feature","properties":{"source_layer":"Building","source_feature_count":1,"BuildingType":2,"land_use":"سكنى","اسم_المحور":null,"اسم_المحافظة":null,"متوسط_عدد_الادوار_بالعقار":null,"متوسط_عدد_الشقق_بالدور":null,"متوسط_مساحة_الشقق_بالمنطقة":null,"نوع_نمط_العمران":null,"نوع_طبيعة_المنطقة":null,"سعر_العمارة":null,"نوع_الأرض":null,"المساحة_كم2":null,"GlobalID":"{6DC95CFC-D0C1-488D-8DF7-FB64083CA331}","created_user":"gpr.gps","created_date":"2026-04-11T07:55:37Z","last_edited_user":"gpr.gps","last_edited_date":"2026-04-11T07:55:37Z","مساحة_كم2":null,"SHAPE_Length":29.91915369930313,"SHAPE_Area":55.35086602141864},"geometry":{"type":"Polygon","coordinates":[[[32.702044,25.921789],[32.702086,25.9217],[32.702025,25.921716],[32.702044,25.921789]]]}},{"type":"Feature","properties":{"source_layer":"Building","source_feature_count":1,"BuildingType":2,"land_use":"سكنى","اسم_المحور":null,"اسم_المحافظة":null,"متوسط_عدد_الادوار_بالعقار":null,"متوسط_عدد_الشقق_بالدور":null,"متوسط_مساحة_الشقق_بالمنطقة":null,"نوع_نمط_العمران":null,"نوع_طبيعة_المنطقة":null,"سعر_العمارة":null,"نوع_الأرض":null,"المساحة_كم2":null,"GlobalID":"{534213E0-0EBE-4E20-9306-783C99E520D2}","created_user":"gpr.gps","created_date":"2026-04-11T07:55:37Z","last_edited_user":"gpr.gps","last_edited_date":"2026-04-11T07:55:37Z","مساحة_كم2":null,"SHAPE_Length":34.170471131484405,"SHAPE_Area":72.60187307664613},"geometry":{"type":"Polygon","coordinates":[[[32.701694,25.921879],[32.701762,25.921787],[32.701673,25.921811],[32.701694,25.921879]]]}},{"type":"Feature","properties":{"source_layer":"Building","source_feature_count":1,"BuildingType":2,"land_use":"سكنى","اسم_المحور":null,"اسم_المحافظة":null,"متوسط_عدد_الادوار_بالعقار":null,"متوسط_عدد_الشقق_بالدور":null,"متوسط_مساحة_الشقق_بالمنطقة":null,"نوع_نمط_العمران":null,"نوع_طبيعة_المنطقة":null,"سعر_العمارة":null,"نوع_الأرض":null,"المساحة_كم2":null,"GlobalID":"{3538762B-FA93-4918-96BD-615921A1EB67}","created_user":"gpr.gps","created_date":"2026-04-11T07:55:37Z","last_edited_user":"gpr.gps","last_edited_date":"2026-04-11T07:55:37Z","مساحة_كم2":null,"SHAPE_Length":34.68139504502512,"SHAPE_Area":74.85186616190526},"geometry":{"type":"Polygon","coordinates":[[[32.701957,25.921813],[32.702025,25.921716],[32.701939,25.921739],[32.701957,25.921813]]]}},{"type":"Feature","properties":{"source_layer":"Building","source_feature_count":1,"BuildingType":2,"land_use":"سكنى","اسم_المحور":null,"اسم_المحافظة":null,"متوسط_عدد_الادوار_بالعقار":null,"متوسط_عدد_الشقق_بالدور":null,"متوسط_مساحة_الشقق_بالمنطقة":null,"نوع_نمط_العمران":null,"نوع_طبيعة_المنطقة":null,"سعر_العمارة":null,"نوع_الأرض":null,"المساحة_كم2":null,"GlobalID":"{1E98113B-E060-483A-AC81-5DA2A0E83F0D}","created_user":"gpr.gps","created_date":"2026-04-11T07:55:37Z","last_edited_user":"gpr.gps","last_edited_date":"2026-04-11T07:55:37Z","مساحة_كم2":null,"SHAPE_Length":43.629424844948524,"SHAPE_Area":106.43311903573397},"geometry":{"type":"Polygon","coordinates":[[[32.701833,25.921845],[32.701939,25.921739],[32.701822,25.92177],[32.701833,25.921845]]]}},{"type":"Feature","properties":{"source_layer":"Building","source_feature_count":1,"BuildingType":2,"land_use":"سكنى","اسم_المحور":null,"اسم_المحافظة":null,"متوسط_عدد_الادوار_بالعقار":null,"متوسط_عدد_الشقق_بالدور":null,"متوسط_مساحة_الشقق_بالمنطقة":null,"نوع_نمط_العمران":null,"نوع_طبيعة_المنطقة":null,"سعر_العمارة":null,"نوع_الأرض":null,"المساحة_كم2":null,"GlobalID":"{B8801B08-39E1-4408-93BD-1CA975FB56CB}","created_user":"gpr.gps","created_date":"2026-04-11T07:55:37Z","last_edited_user":"gpr.gps","last_edited_date":"2026-04-11T07:55:37Z","مساحة_كم2":null,"SHAPE_Length":46.43581709508416,"SHAPE_Area":121.86105727336904},"geometry":{"type":"Polygon","coordinates":[[[32.702112,25.921769],[32.702229,25.921661],[32.702086,25.9217],[32.702112,25.921769]]]}},{"type":"Feature","properties":{"source_layer":"Building","source_feature_count":1,"BuildingType":2,"land_use":"سكنى","اسم_المحور":null,"اسم_المحافظة":null,"متوسط_عدد_الادوار_بالعقار":null,"متوسط_عدد_الشقق_بالدور":null,"متوسط_مساحة_الشقق_بالمنطقة":null,"نوع_نمط_العمران":null,"نوع_طبيعة_المنطقة":null,"سعر_العمارة":null,"نوع_الأرض":null,"المساحة_كم2":null,"GlobalID":"{6E543E68-9BCE-4677-8E1C-70602C7303C8}","created_user":"gpr.gps","created_date":"2026-04-11T07:55:37Z","last_edited_user":"gpr.gps","last_edited_date":"2026-04-11T07:55:37Z","مساحة_كم2":null,"SHAPE_Length":48.77506262485204,"SHAPE_Area":130.39628429773376},"geometry":{"type":"Polygon","coordinates":[[[32.702258,25.921728],[32.702389,25.921616],[32.702229,25.921661],[32.702258,25.921728]]]}},{"type":"Feature","properties":{"source_layer":"Building","source_feature_count":1,"BuildingType":2,"land_use":"سكنى","اسم_المحور":null,"اسم_المحافظة":null,"متوسط_عدد_الادوار_بالعقار":null,"متوسط_عدد_الشقق_بالدور":null,"متوسط_مساحة_الشقق_بالمنطقة":null,"نوع_نمط_العمران":null,"نوع_طبيعة_المنطقة":null,"سعر_العمارة":null,"نوع_الأرض":null,"المساحة_كم2":null,"GlobalID":"{E3EB6E33-BD00-4D7A-9C01-B7E8A01060FD}","created_user":"gpr.gps","created_date":"2026-04-11T07:55:37Z","last_edited_user":"gpr.gps","last_edited_date":"2026-04-11T07:55:37Z","مساحة_كم2":null,"SHAPE_Length":49.34934830711094,"SHAPE_Area":131.73661066571375},"geometry":{"type":"Polygon","coordinates":[[[32.702808,25.921571],[32.702626,25.921548],[32.702646,25.921617],[32.702808,25.921571]]]}},{"type":"Feature","properties":{"source_layer":"Building","source_feature_count":1,"BuildingType":2,"land_use":"سكنى","اسم_المحور":null,"اسم_المحافظة":null,"متوسط_عدد_الادوار_بالعقار":null,"متوسط_عدد_الشقق_بالدور":null,"متوسط_مساحة_الشقق_بالمنطقة":null,"نوع_نمط_العمران":null,"نوع_طبيعة_المنطقة":null,"سعر_العمارة":null,"نوع_الأرض":null,"المساحة_كم2":null,"GlobalID":"{9B6B90CF-FE09-4FC7-8B9B-70B55F77956D}","created_user":"gpr.gps","created_date":"2026-04-11T07:55:37Z","last_edited_user":"gpr.gps","last_edited_date":"2026-04-11T07:55:37Z","مساحة_كم2":null,"SHAPE_Length":28.20579016119952,"SHAPE_Area":48.73547445337246},"geometry":{"type":"Polygon","coordinates":[[[32.703415,25.921416],[32.70345,25.921331],[32.703392,25.921345],[32.703415,25.921416]]]}},{"type":"Feature","properties":{"source_layer":"Building","source_feature_count":1,"BuildingType":2,"land_use":"سكنى","اسم_المحور":null,"اسم_المحافظة":null,"متوسط_عدد_الادوار_بالعقار":null,"متوسط_عدد_الشقق_بالدور":null,"متوسط_مساحة_الشقق_بالمنطقة":null,"نوع_نمط_العمران":null,"نوع_طبيعة_المنطقة":null,"سعر_العمارة":null,"نوع_الأرض":null,"المساحة_كم2":null,"GlobalID":"{9A196084-9288-4E34-BBFA-29FFCEDD4649}","created_user":"gpr.gps","created_date":"2026-04-11T07:55:37Z","last_edited_user":"gpr.gps","last_edited_date":"2026-04-11T07:55:37Z","مساحة_كم2":null,"SHAPE_Length":31.037315799816966,"SHAPE_Area":59.52525802276941},"geometry":{"type":"Polygon","coordinates":[[[32.703473,25.9214],[32.703522,25.921309],[32.70345,25.921331],[32.703473,25.9214]]]}},{"type":"Feature","properties":{"source_layer":"Building","source_feature_count":1,"BuildingType":2,"land_use":"سكنى","اسم_المحور":null,"اسم_المحافظة":null,"متوسط_عدد_الادوار_بالعقار":null,"متوسط_عدد_الشقق_بالدور":null,"متوسط_مساحة_الشقق_بالمنطقة":null,"نوع_نمط_العمران":null,"نوع_طبيعة_المنطقة":null,"سعر_العمارة":null,"نوع_الأرض":null,"المساحة_كم2":null,"GlobalID":"{0F5A7673-9572-4682-B3E7-8E52FC3E8510}","created_user":"gpr.gps","created_date":"2026-04-11T07:55:37Z","last_edited_user":"gpr.gps","last_edited_date":"2026-04-11T07:55:37Z","مساحة_كم2":null,"SHAPE_Length":40.00197553952249,"SHAPE_Area":97.15090111798271},"geometry":{"type":"Polygon","coordinates":[[[32.703304,25.921447],[32.703392,25.921345],[32.703279,25.921373],[32.703304,25.921447]]]}},{"type":"Feature","properties":{"source_layer":"Building","source_feature_count":1,"BuildingType":2,"land_use":"سكنى","اسم_المحور":null,"اسم_المحافظة":null,"متوسط_عدد_الادوار_بالعقار":null,"متوسط_عدد_الشقق_بالدور":null,"متوسط_مساحة_الشقق_بالمنطقة":null,"نوع_نمط_العمران":null,"نوع_طبيعة_المنطقة":null,"سعر_العمارة":null,"نوع_الأرض":null,"المساحة_كم2":null,"GlobalID":"{2F53277D-3DE1-42EE-ACC7-9F3EAD526D15}","created_user":"gpr.gps","created_date":"2026-04-11T07:55:37Z","last_edited_user":"gpr.gps","last_edited_date":"2026-04-11T07:55:37Z","مساحة_كم2":null,"SHAPE_Length":55.24104667555503,"SHAPE_Area":158.47153903197406},"geometry":{"type":"Polygon","coordinates":[[[32.703545,25.921378],[32.703704,25.921248],[32.703522,25.921309],[32.703545,25.921378]]]}},{"type":"Feature","properties":{"source_layer":"Building","source_feature_count":1,"BuildingType":2,"land_use":"سكنى","اسم_المحور":null,"اسم_المحافظة":null,"متوسط_عدد_الادوار_بالعقار":null,"متوسط_عدد_الشقق_بالدور":null,"متوسط_مساحة_الشقق_بالمنطقة":null,"نوع_نمط_العمران":null,"نوع_طبيعة_المنطقة":null,"سعر_العمارة":null,"نوع_الأرض":null,"المساحة_كم2":null,"GlobalID":"{7ADEBF88-36D7-4C93-AF91-84E789AE885B}","created_user":"gpr.gps","created_date":"2026-04-11T07:55:37Z","last_edited_user":"gpr.gps","last_edited_date":"2026-04-11T07:55:37Z","مساحة_كم2":null,"SHAPE_Length":43.782779717504006,"SHAPE_Area":113.0211966664157},"geometry":{"type":"Polygon","coordinates":[[[32.70317,25.921478],[32.703279,25.921373],[32.703152,25.921405],[32.70317,25.921478]]]}},{"type":"Feature","properties":{"source_layer":"Building","source_feature_count":1,"BuildingType":2,"land_use":"سكنى","اسم_المحور":null,"اسم_المحافظة":null,"متوسط_عدد_الادوار_بالعقار":null,"متوسط_عدد_الشقق_بالدور":null,"متوسط_مساحة_الشقق_بالمنطقة":null,"نوع_نمط_العمران":null,"نوع_طبيعة_المنطقة":null,"سعر_العمارة":null,"نوع_الأرض":null,"المساحة_كم2":null,"GlobalID":"{B188C4B7-B10A-4CDF-809A-3C03E6A2A589}","created_user":"gpr.gps","created_date":"2026-04-11T07:55:37Z","last_edited_user":"gpr.gps","last_edited_date":"2026-04-11T07:55:37Z","مساحة_كم2":null,"SHAPE_Length":55.14745995231207,"SHAPE_Area":185.43358835685166},"geometry":{"type":"Polygon","coordinates":[[[32.703988,25.921239],[32.703838,25.921287],[32.703874,25.921385],[32.704025,25.921341],[32.703988,25.921239]]]}},{"type":"Feature","properties":{"source_layer":"Building","source_feature_count":1,"BuildingType":2,"land_use":"سكنى","اسم_المحور":null,"اسم_المحافظة":null,"متوسط_عدد_الادوار_بالعقار":null,"متوسط_عدد_الشقق_بالدور":null,"متوسط_مساحة_الشقق_بالمنطقة":null,"نوع_نمط_العمران":null,"نوع_طبيعة_المنطقة":null,"سعر_العمارة":null,"نوع_الأرض":null,"المساحة_كم2":null,"GlobalID":"{B88190F4-4BF5-43D2-9DDF-7EAEB13B2473}","created_user":"gpr.gps","created_date":"2026-04-11T07:55:37Z","last_edited_user":"gpr.gps","last_edited_date":"2026-04-11T07:55:37Z","مساحة_كم2":null,"SHAPE_Length":32.92040474643224,"SHAPE_Area":55.82495876079958},"geometry":{"type":"Polygon","coordinates":[[[32.70309,25.921496],[32.703152,25.921405],[32.703078,25.921451],[32.70309,25.921496]]]}},{"type":"Feature","properties":{"source_layer":"Building","source_feature_count":1,"BuildingType":2,"land_use":"سكنى","اسم_المحور":null,"اسم_المحافظة":null,"متوسط_عدد_الادوار_بالعقار":null,"متوسط_عدد_الشقق_بالدور":null,"متوسط_مساحة_الشقق_بالمنطقة":null,"نوع_نمط_العمران":null,"نوع_طبيعة_المنطقة":null,"سعر_العمارة":null,"نوع_الأرض":null,"المساحة_كم2":null,"GlobalID":"{EF87E313-4A3B-4C32-8118-0B0E854452DD}","created_user":"gpr.gps","created_date":"2026-04-11T07:55:37Z","last_edited_user":"gpr.gps","last_edited_date":"2026-04-11T07:55:37Z","مساحة_كم2":null,"SHAPE_Length":50.02226826462375,"SHAPE_Area":112.49731704682979},"geometry":{"type":"Polygon","coordinates":[[[32.702964,25.921525],[32.703111,25.921415],[32.702944,25.921462],[32.702964,25.921525]]]}},{"type":"Feature","properties":{"source_layer":"Building","source_feature_count":1,"BuildingType":2,"land_use":"سكنى","اسم_المحور":null,"اسم_المحافظة":null,"متوسط_عدد_الادوار_بالعقار":null,"متوسط_عدد_الشقق_بالدور":null,"متوسط_مساحة_الشقق_بالمنطقة":null,"نوع_نمط_العمران":null,"نوع_طبيعة_المنطقة":null,"سعر_العمارة":null,"نوع_الأرض":null,"المساحة_كم2":null,"GlobalID":"{88F4907F-B682-4989-A4A2-60DD147A183F}","created_user":"gpr.gps","created_date":"2026-04-11T07:55:37Z","last_edited_user":"gpr.gps","last_edited_date":"2026-04-11T07:55:37Z","مساحة_كم2":null,"SHAPE_Length":64.430316405587,"SHAPE_Area":180.92607767690728},"geometry":{"type":"Polygon","coordinates":[[[32.703231,25.921385],[32.703257,25.921189],[32.703145,25.921218],[32.703231,25.921385]]]}},{"type":"Feature","properties":{"source_layer":"Building","source_feature_count":1,"BuildingType":2,"land_use":"سكنى","اسم_المحور":null,"اسم_المحافظة":null,"متوسط_عدد_الادوار_بالعقار":null,"متوسط_عدد_الشقق_بالدور":null,"متوسط_مساحة_الشقق_بالمنطقة":null,"نوع_نمط_العمران":null,"نوع_طبيعة_المنطقة":null,"سعر_العمارة":null,"نوع_الأرض":null,"المساحة_كم2":null,"GlobalID":"{2CDA453F-C92E-4DFD-940B-47F9208C0CD2}","created_user":"gpr.gps","created_date":"2026-04-11T07:55:37Z","last_edited_user":"gpr.gps","last_edited_date":"2026-04-11T07:55:37Z","مساحة_كم2":null,"SHAPE_Length":59.636755772419065,"SHAPE_Area":194.0024794876572},"geometry":{"type":"Polygon","coordinates":[[[32.703683,25.921255],[32.703618,25.921084],[32.703528,25.921111],[32.703592,25.921286],[32.703683,25.921255]]]}},{"type":"Feature","properties":{"source_layer":"Building","source_feature_count":1,"BuildingType":2,"land_use":"سكنى","اسم_المحور":null,"اسم_المحافظة":null,"متوسط_عدد_الادوار_بالعقار":null,"متوسط_عدد_الشقق_بالدور":null,"متوسط_مساحة_الشقق_بالمنطقة":null,"نوع_نمط_العمران":null,"نوع_طبيعة_المنطقة":null,"سعر_العمارة":null,"نوع_الأرض":null,"المساحة_كم2":null,"GlobalID":"{4C7213D8-A718-4F39-B542-E734AF3A1943}","created_user":"gpr.gps","created_date":"2026-04-11T07:55:37Z","last_edited_user":"gpr.gps","last_edited_date":"2026-04-11T07:55:37Z","مساحة_كم2":null,"SHAPE_Length":62.416955328239176,"SHAPE_Area":207.66618652404443},"geometry":{"type":"Polygon","coordinates":[[[32.702993,25.921448],[32.702946,25.921314],[32.702828,25.9213],[32.702885,25.921477],[32.702993,25.921448]]]}},{"type":"Feature","properties":{"source_layer":"Building","source_feature_count":1,"BuildingType":2,"land_use":"سكنى","اسم_المحور":null,"اسم_المحافظة":null,"متوسط_عدد_الادوار_بالعقار":null,"متوسط_عدد_الشقق_بالدور":null,"متوسط_مساحة_الشقق_بالمنطقة":null,"نوع_نمط_العمران":null,"نوع_طبيعة_المنطقة":null,"سعر_العمارة":null,"نوع_الأرض":null,"المساحة_كم2":null,"GlobalID":"{502CB7BD-1815-4F46-BD80-3A20FB2BED2C}","created_user":"gpr.gps","created_date":"2026-04-11T07:55:37Z","last_edited_user":"gpr.gps","last_edited_date":"2026-04-11T07:55:37Z","مساحة_كم2":null,"SHAPE_Length":60.722201430139755,"SHAPE_Area":211.68659965622618},"geometry":{"type":"Polygon","coordinates":[[[32.703735,25.921048],[32.703782,25.92122],[32.703881,25.921183],[32.703843,25.921015],[32.703735,25.921048]]]}},{"type":"Feature","properties":{"source_layer":"Building","source_feature_count":1,"BuildingType":2,"land_use":"سكنى","اسم_المحور":null,"اسم_المحافظة":null,"متوسط_عدد_الادوار_بالعقار":null,"متوسط_عدد_الشقق_بالدور":null,"متوسط_مساحة_الشقق_بالمنطقة":null,"نوع_نمط_العمران":null,"نوع_طبيعة_المنطقة":null,"سعر_العمارة":null,"نوع_الأرض":null,"المساحة_كم2":null,"GlobalID":"{A69CEA38-992C-42C3-B677-3B725FE3EB8E}","created_user":"gpr.gps","created_date":"2026-04-11T07:55:37Z","last_edited_user":"gpr.gps","last_edited_date":"2026-04-11T07:55:37Z","مساحة_كم2":null,"SHAPE_Length":62.66735295756049,"SHAPE_Area":227.80275932481732},"geometry":{"type":"Polygon","coordinates":[[[32.703618,25.921084],[32.703782,25.92122],[32.703735,25.921048],[32.703618,25.921084]]]}},{"type":"Feature","properties":{"source_layer":"Building","source_feature_count":1,"BuildingType":2,"land_use":"سكنى","اسم_المحور":null,"اسم_المحافظة":null,"متوسط_عدد_الادوار_بالعقار":null,"متوسط_عدد_الشقق_بالدور":null,"متوسط_مساحة_الشقق_بالمنطقة":null,"نوع_نمط_العمران":null,"نوع_طبيعة_المنطقة":null,"سعر_العمارة":null,"نوع_الأرض":null,"المساحة_كم2":null,"GlobalID":"{3C565D57-B9DF-49F8-AD40-C64CC8ECE9B5}","created_user":"gpr.gps","created_date":"2026-04-11T07:55:37Z","last_edited_user":"gpr.gps","last_edited_date":"2026-04-11T07:55:37Z","مساحة_كم2":null,"SHAPE_Length":70.38021193484158,"SHAPE_Area":245.08305484264997},"geometry":{"type":"Polygon","coordinates":[[[32.703095,25.921419],[32.703044,25.921243],[32.702893,25.921282],[32.702993,25.921448],[32.703095,25.921419]]]}},{"type":"Feature","properties":{"source_layer":"Building","source_feature_count":1,"BuildingType":2,"land_use":"سكنى","اسم_المحور":null,"اسم_المحافظة":null,"متوسط_عدد_الادوار_بالعقار":null,"متوسط_عدد_الشقق_بالدور":null,"متوسط_مساحة_الشقق_بالمنطقة":null,"نوع_نمط_العمران":null,"نوع_طبيعة_المنطقة":null,"سعر_العمارة":null,"نوع_الأرض":null,"المساحة_كم2":null,"GlobalID":"{E68D95B1-2ED9-46A9-AFAB-5C7D6A7D0999}","created_user":"gpr.gps","created_date":"2026-04-11T07:55:37Z","last_edited_user":"gpr.gps","last_edited_date":"2026-04-11T07:55:37Z","مساحة_كم2":null,"SHAPE_Length":68.79329867670558,"SHAPE_Area":272.8448013672244},"geometry":{"type":"Polygon","coordinates":[[[32.703111,25.921415],[32.703231,25.921385],[32.703145,25.921218],[32.703044,25.921243],[32.703111,25.921415]]]}},{"type":"Feature","properties":{"source_layer":"Building","source_feature_count":1,"BuildingType":2,"land_use":"سكنى","اسم_المحور":null,"اسم_المحافظة":null,"متوسط_عدد_الادوار_بالعقار":null,"متوسط_عدد_الشقق_بالدور":null,"متوسط_مساحة_الشقق_بالمنطقة":null,"نوع_نمط_العمران":null,"نوع_طبيعة_المنطقة":null,"سعر_العمارة":null,"نوع_الأرض":null,"المساحة_كم2":null,"GlobalID":"{CE47831A-CAA8-4B23-B2C3-1810C95C6342}","created_user":"gpr.gps","created_date":"2026-04-11T07:55:37Z","last_edited_user":"gpr.gps","last_edited_date":"2026-04-11T07:55:37Z","مساحة_كم2":null,"SHAPE_Length":69.40788881644927,"SHAPE_Area":275.96248650527895},"geometry":{"type":"Polygon","coordinates":[[[32.703313,25.921365],[32.703407,25.921185],[32.703257,25.921189],[32.703313,25.921365]]]}},{"type":"Feature","properties":{"source_layer":"Building","source_feature_count":1,"BuildingType":2,"land_use":"سكنى","اسم_المحور":null,"اسم_المحافظة":null,"متوسط_عدد_الادوار_بالعقار":null,"متوسط_عدد_الشقق_بالدور":null,"متوسط_مساحة_الشقق_بالمنطقة":null,"نوع_نمط_العمران":null,"نوع_طبيعة_المنطقة":null,"سعر_العمارة":null,"نوع_الأرض":null,"المساحة_كم2":null,"GlobalID":"{4F741E85-8F1A-4721-9005-2F91423EA01F}","created_user":"gpr.gps","created_date":"2026-04-11T07:55:37Z","last_edited_user":"gpr.gps","last_edited_date":"2026-04-11T07:55:37Z","مساحة_كم2":null,"SHAPE_Length":121.31355368214328,"SHAPE_Area":819.2149436803737},"geometry":{"type":"Polygon","coordinates":[[[32.700763,25.921782],[32.700697,25.921608],[32.700318,25.921718],[32.700378,25.921894],[32.700763,25.921782]]]}},{"type":"Feature","properties":{"source_layer":"Building","source_feature_count":1,"BuildingType":2,"land_use":"سكنى","اسم_المحور":null,"اسم_المحافظة":null,"متوسط_عدد_الادوار_بالعقار":null,"متوسط_عدد_الشقق_بالدور":null,"متوسط_مساحة_الشقق_بالمنطقة":null,"نوع_نمط_العمران":null,"نوع_طبيعة_المنطقة":null,"سعر_العمارة":null,"نوع_الأرض":null,"المساحة_كم2":null,"GlobalID":"{25FB0E99-D573-4F29-80ED-65BB947201F6}","created_user":"gpr.gps","created_date":"2026-04-11T07:55:37Z","last_edited_user":"gpr.gps","last_edited_date":"2026-04-11T07:55:37Z","مساحة_كم2":null,"SHAPE_Length":63.65200058551055,"SHAPE_Area":231.6959094038843},"geometry":{"type":"Polygon","coordinates":[[[32.700874,25.92175],[32.7008,25.921577],[32.700697,25.921608],[32.700763,25.921782],[32.700874,25.92175]]]}},{"type":"Feature","properties":{"source_layer":"Building","source_feature_count":1,"BuildingType":2,"land_use":"سكنى","اسم_المحور":null,"اسم_المحافظة":null,"متوسط_عدد_الادوار_بالعقار":null,"متوسط_عدد_الشقق_بالدور":null,"متوسط_مساحة_الشقق_بالمنطقة":null,"نوع_نمط_العمران":null,"نوع_طبيعة_المنطقة":null,"سعر_العمارة":null,"نوع_الأرض":null,"المساحة_كم2":null,"GlobalID":"{DBD72210-6BAE-42EA-AF9D-1C6217B54D99}","created_user":"gpr.gps","created_date":"2026-04-11T07:55:37Z","last_edited_user":"gpr.gps","last_edited_date":"2026-04-11T07:55:37Z","مساحة_كم2":null,"SHAPE_Length":101.69708196469989,"SHAPE_Area":623.1940061327458},"geometry":{"type":"Polygon","coordinates":[[[32.701156,25.921669],[32.701092,25.921491],[32.7008,25.921577],[32.700874,25.92175],[32.701156,25.921669]]]}},{"type":"Feature","properties":{"source_layer":"Building","source_feature_count":1,"BuildingType":2,"land_use":"سكنى","اسم_المحور":null,"اسم_المحافظة":null,"متوسط_عدد_الادوار_بالعقار":null,"متوسط_عدد_الشقق_بالدور":null,"متوسط_مساحة_الشقق_بالمنطقة":null,"نوع_نمط_العمران":null,"نوع_طبيعة_المنطقة":null,"سعر_العمارة":null,"نوع_الأرض":null,"المساحة_كم2":null,"GlobalID":"{73C0A998-66C6-469B-8657-CDFF6C6B9748}","created_user":"gpr.gps","created_date":"2026-04-11T07:55:37Z","last_edited_user":"gpr.gps","last_edited_date":"2026-04-11T07:55:37Z","مساحة_كم2":null,"SHAPE_Length":69.03383685334494,"SHAPE_Area":287.61697466330287},"geometry":{"type":"Polygon","coordinates":[[[32.70129,25.921629],[32.701227,25.921457],[32.701092,25.921491],[32.701156,25.921669],[32.70129,25.921629]]]}},{"type":"Feature","properties":{"source_layer":"Building","source_feature_count":1,"BuildingType":2,"land_use":"سكنى","اسم_المحور":null,"اسم_المحافظة":null,"متوسط_عدد_الادوار_بالعقار":null,"متوسط_عدد_الشقق_بالدور":null,"متوسط_مساحة_الشقق_بالمنطقة":null,"نوع_نمط_العمران":null,"نوع_طبيعة_المنطقة":null,"سعر_العمارة":null,"نوع_الأرض":null,"المساحة_كم2":null,"GlobalID":"{166A8E3F-3A89-411B-893B-AC5020CFC6D4}","created_user":"gpr.gps","created_date":"2026-04-11T07:55:37Z","last_edited_user":"gpr.gps","last_edited_date":"2026-04-11T07:55:37Z","مساحة_كم2":null,"SHAPE_Length":64.91525101863424,"SHAPE_Area":247.5184634586688},"geometry":{"type":"Polygon","coordinates":[[[32.701407,25.921601],[32.701347,25.921427],[32.701227,25.921457],[32.70129,25.921629],[32.701407,25.921601]]]}},{"type":"Feature","properties":{"source_layer":"Building","source_feature_count":1,"BuildingType":2,"land_use":"سكنى","اسم_المحور":null,"اسم_المحافظة":null,"متوسط_عدد_الادوار_بالعقار":null,"متوسط_عدد_الشقق_بالدور":null,"متوسط_مساحة_الشقق_بالمنطقة":null,"نوع_نمط_العمران":null,"نوع_طبيعة_المنطقة":null,"سعر_العمارة":null,"نوع_الأرض":null,"المساحة_كم2":null,"GlobalID":"{C94C443D-FAE7-424F-9074-D80593DE6A14}","created_user":"gpr.gps","created_date":"2026-04-11T07:55:37Z","last_edited_user":"gpr.gps","last_edited_date":"2026-04-11T07:55:37Z","مساحة_كم2":null,"SHAPE_Length":61.99391649554982,"SHAPE_Area":217.69238748111334},"geometry":{"type":"Polygon","coordinates":[[[32.701507,25.921577],[32.701454,25.9214],[32.701347,25.921427],[32.701407,25.921601],[32.701507,25.921577]]]}},{"type":"Feature","properties":{"source_layer":"Building","source_feature_count":1,"BuildingType":2,"land_use":"سكنى","اسم_المحور":null,"اسم_المحافظة":null,"متوسط_عدد_الادوار_بالعقار":null,"متوسط_عدد_الشقق_بالدور":null,"متوسط_مساحة_الشقق_بالمنطقة":null,"نوع_نمط_العمران":null,"نوع_طبيعة_المنطقة":null,"سعر_العمارة":null,"نوع_الأرض":null,"المساحة_كم2":null,"GlobalID":"{AB603CA3-1B78-4CA1-9685-097489A3D1DC}","created_user":"gpr.gps","created_date":"2026-04-11T07:55:37Z","last_edited_user":"gpr.gps","last_edited_date":"2026-04-11T07:55:37Z","مساحة_كم2":null,"SHAPE_Length":84.72193756568078,"SHAPE_Area":447.9344570313382},"geometry":{"type":"Polygon","coordinates":[[[32.701721,25.921525],[32.701665,25.921347],[32.701454,25.9214],[32.701507,25.921577],[32.701721,25.921525]]]}},{"type":"Feature","properties":{"source_layer":"Building","source_feature_count":1,"BuildingType":2,"land_use":"سكنى","اسم_المحور":null,"اسم_المحافظة":null,"متوسط_عدد_الادوار_بالعقار":null,"متوسط_عدد_الشقق_بالدور":null,"متوسط_مساحة_الشقق_بالمنطقة":null,"نوع_نمط_العمران":null,"نوع_طبيعة_المنطقة":null,"سعر_العمارة":null,"نوع_الأرض":null,"المساحة_كم2":null,"GlobalID":"{47985A21-3F3E-4CE6-A909-961CF209F334}","created_user":"gpr.gps","created_date":"2026-04-11T07:55:37Z","last_edited_user":"gpr.gps","last_edited_date":"2026-04-11T07:55:37Z","مساحة_كم2":null,"SHAPE_Length":70.03488728172726,"SHAPE_Area":297.2724365267242},"geometry":{"type":"Polygon","coordinates":[[[32.701856,25.921493],[32.701809,25.921311],[32.701665,25.921347],[32.701721,25.921525],[32.701856,25.921493]]]}},{"type":"Feature","properties":{"source_layer":"Building","source_feature_count":1,"BuildingType":2,"land_use":"سكنى","اسم_المحور":null,"اسم_المحافظة":null,"متوسط_عدد_الادوار_بالعقار":null,"متوسط_عدد_الشقق_بالدور":null,"متوسط_مساحة_الشقق_بالمنطقة":null,"نوع_نمط_العمران":null,"نوع_طبيعة_المنطقة":null,"سعر_العمارة":null,"نوع_الأرض":null,"المساحة_كم2":null,"GlobalID":"{CFFCE310-0500-4F90-96BA-14F1E657175B}","created_user":"gpr.gps","created_date":"2026-04-11T07:55:37Z","last_edited_user":"gpr.gps","last_edited_date":"2026-04-11T07:55:37Z","مساحة_كم2":null,"SHAPE_Length":61.75747328611933,"SHAPE_Area":206.51928624270835},"geometry":{"type":"Polygon","coordinates":[[[32.702627,25.921276],[32.702556,25.921096],[32.702468,25.921121],[32.702527,25.921303],[32.702627,25.921276]]]}},{"type":"Feature","properties":{"source_layer":"Building","source_feature_count":1,"BuildingType":2,"land_use":"سكنى","اسم_المحور":null,"اسم_المحافظة":null,"متوسط_عدد_الادوار_بالعقار":null,"متوسط_عدد_الشقق_بالدور":null,"متوسط_مساحة_الشقق_بالمنطقة":null,"نوع_نمط_العمران":null,"نوع_طبيعة_المنطقة":null,"سعر_العمارة":null,"نوع_الأرض":null,"المساحة_كم2":null,"GlobalID":"{D039CDE4-F6AA-415A-A438-89B0D2559E16}","created_user":"gpr.gps","created_date":"2026-04-11T07:55:37Z","last_edited_user":"gpr.gps","last_edited_date":"2026-04-11T07:55:37Z","مساحة_كم2":null,"SHAPE_Length":63.55771503738808,"SHAPE_Area":227.61804082112988},"geometry":{"type":"Polygon","coordinates":[[[32.701968,25.921466],[32.701906,25.921283],[32.701809,25.921311],[32.701856,25.921493],[32.701968,25.921466]]]}},{"type":"Feature","properties":{"source_layer":"Building","source_feature_count":1,"BuildingType":2,"land_use":"سكنى","اسم_المحور":null,"اسم_المحافظة":null,"متوسط_عدد_الادوار_بالعقار":null,"متوسط_عدد_الشقق_بالدور":null,"متوسط_مساحة_الشقق_بالمنطقة":null,"نوع_نمط_العمران":null,"نوع_طبيعة_المنطقة":null,"سعر_العمارة":null,"نوع_الأرض":null,"المساحة_كم2":null,"GlobalID":"{7893F1C4-8037-4F8E-B769-510FC0303B64}","created_user":"gpr.gps","created_date":"2026-04-11T07:55:37Z","last_edited_user":"gpr.gps","last_edited_date":"2026-04-11T07:55:37Z","مساحة_كم2":null,"SHAPE_Length":70.7610979753647,"SHAPE_Area":301.37346985647935},"geometry":{"type":"Polygon","coordinates":[[[32.702382,25.921345],[32.702329,25.921162],[32.702194,25.9212],[32.702243,25.921385],[32.702382,25.921345]]]}},{"type":"Feature","properties":{"source_layer":"Building","source_feature_count":1,"BuildingType":2,"land_use":"سكنى","اسم_المحور":null,"اسم_المحافظة":null,"متوسط_عدد_الادوار_بالعقار":null,"متوسط_عدد_الشقق_بالدور":null,"متوسط_مساحة_الشقق_بالمنطقة":null,"نوع_نمط_العمران":null,"نوع_طبيعة_المنطقة":null,"سعر_العمارة":null,"نوع_الأرض":null,"المساحة_كم2":null,"GlobalID":"{D3C014F9-9CB0-4CE5-B881-A748D1DFAD0A}","created_user":"gpr.gps","created_date":"2026-04-11T07:55:37Z","last_edited_user":"gpr.gps","last_edited_date":"2026-04-11T07:55:37Z","مساحة_كم2":null,"SHAPE_Length":71.46517847197008,"SHAPE_Area":308.56401646159316},"geometry":{"type":"Polygon","coordinates":[[[32.702243,25.921385],[32.702194,25.9212],[32.702047,25.921243],[32.702111,25.921424],[32.702243,25.921385]]]}},{"type":"Feature","properties":{"source_layer":"Building","source_feature_count":1,"BuildingType":2,"land_use":"سكنى","اسم_المحور":null,"اسم_المحافظة":null,"متوسط_عدد_الادوار_بالعقار":null,"متوسط_عدد_الشقق_بالدور":null,"متوسط_مساحة_الشقق_بالمنطقة":null,"نوع_نمط_العمران":null,"نوع_طبيعة_المنطقة":null,"سعر_العمارة":null,"نوع_الأرض":null,"المساحة_كم2":null,"GlobalID":"{71DC9FCE-E9D0-4AA7-A46A-503E8C8A214C}","created_user":"gpr.gps","created_date":"2026-04-11T07:55:37Z","last_edited_user":"gpr.gps","last_edited_date":"2026-04-11T07:55:37Z","مساحة_كم2":null,"SHAPE_Length":71.83112538469148,"SHAPE_Area":312.8116625229483},"geometry":{"type":"Polygon","coordinates":[[[32.702527,25.921303],[32.702468,25.921121],[32.702329,25.921162],[32.702382,25.921345],[32.702527,25.921303]]]}},{"type":"Feature","properties":{"source_layer":"Building","source_feature_count":1,"BuildingType":2,"land_use":"سكنى","اسم_المحور":null,"اسم_المحافظة":null,"متوسط_عدد_الادوار_بالعقار":null,"متوسط_عدد_الشقق_بالدور":null,"متوسط_مساحة_الشقق_بالمنطقة":null,"نوع_نمط_العمران":null,"نوع_طبيعة_المنطقة":null,"سعر_العمارة":null,"نوع_الأرض":null,"المساحة_كم2":null,"GlobalID":"{9A231E6B-9CD5-479E-98A5-5612BBC20362}","created_user":"gpr.gps","created_date":"2026-04-11T07:55:37Z","last_edited_user":"gpr.gps","last_edited_date":"2026-04-11T07:55:37Z","مساحة_كم2":null,"SHAPE_Length":72.08845237630472,"SHAPE_Area":316.1432622450188},"geometry":{"type":"Polygon","coordinates":[[[32.702111,25.921424],[32.702047,25.921243],[32.701906,25.921283],[32.701968,25.921466],[32.702111,25.921424]]]}},{"type":"Feature","properties":{"source_layer":"Building","source_feature_count":1,"BuildingType":2,"land_use":"سكنى","اسم_المحور":null,"اسم_المحافظة":null,"متوسط_عدد_الادوار_بالعقار":null,"متوسط_عدد_الشقق_بالدور":null,"متوسط_مساحة_الشقق_بالمنطقة":null,"نوع_نمط_العمران":null,"نوع_طبيعة_المنطقة":null,"سعر_العمارة":null,"نوع_الأرض":null,"المساحة_كم2":null,"GlobalID":"{6E2F7AA4-B3C7-4B8C-ABBA-7F98EE9F1050}","created_user":"gpr.gps","created_date":"2026-04-11T07:55:37Z","last_edited_user":"gpr.gps","last_edited_date":"2026-04-11T07:55:37Z","مساحة_كم2":null,"SHAPE_Length":60.24143469310049,"SHAPE_Area":196.37393514315224},"geometry":{"type":"Polygon","coordinates":[[[32.703488,25.921047],[32.703406,25.92088],[32.703311,25.920907],[32.703401,25.921076],[32.703488,25.921047]]]}},{"type":"Feature","properties":{"source_layer":"Building","source_feature_count":1,"BuildingType":2,"land_use":"سكنى","اسم_المحور":null,"اسم_المحافظة":null,"متوسط_عدد_الادوار_بالعقار":null,"متوسط_عدد_الشقق_بالدور":null,"متوسط_مساحة_الشقق_بالمنطقة":null,"نوع_نمط_العمران":null,"نوع_طبيعة_المنطقة":null,"سعر_العمارة":null,"نوع_الأرض":null,"المساحة_كم2":null,"GlobalID":"{5DF28EB4-4C02-4105-B1BE-08F1F1105B62}","created_user":"gpr.gps","created_date":"2026-04-11T07:55:37Z","last_edited_user":"gpr.gps","last_edited_date":"2026-04-11T07:55:37Z","مساحة_كم2":null,"SHAPE_Length":60.98632951512038,"SHAPE_Area":205.04351823428715},"geometry":{"type":"Polygon","coordinates":[[[32.702858,25.921215],[32.702806,25.921037],[32.702703,25.921062],[32.702768,25.921238],[32.702858,25.921215]]]}},{"type":"Feature","properties":{"source_layer":"Building","source_feature_count":1,"BuildingType":2,"land_use":"سكنى","اسم_المحور":null,"اسم_المحافظة":null,"متوسط_عدد_الادوار_بالعقار":null,"متوسط_عدد_الشقق_بالدور":null,"متوسط_مساحة_الشقق_بالمنطقة":null,"نوع_نمط_العمران":null,"نوع_طبيعة_المنطقة":null,"سعر_العمارة":null,"نوع_الأرض":null,"المساحة_كم2":null,"GlobalID":"{5F88AA88-587B-4611-931F-172269CE4481}","created_user":"gpr.gps","created_date":"2026-04-11T07:55:37Z","last_edited_user":"gpr.gps","last_edited_date":"2026-04-11T07:55:37Z","مساحة_كم2":null,"SHAPE_Length":61.912368529562954,"SHAPE_Area":219.39679973244313},"geometry":{"type":"Polygon","coordinates":[[[32.70359,25.921013],[32.703514,25.92085],[32.703406,25.92088],[32.703488,25.921047],[32.70359,25.921013]]]}},{"type":"Feature","properties":{"source_layer":"Building","source_feature_count":1,"BuildingType":2,"land_use":"سكنى","اسم_المحور":null,"اسم_المحافظة":null,"متوسط_عدد_الادوار_بالعقار":null,"متوسط_عدد_الشقق_بالدور":null,"متوسط_مساحة_الشقق_بالمنطقة":null,"نوع_نمط_العمران":null,"نوع_طبيعة_المنطقة":null,"سعر_العمارة":null,"نوع_الأرض":null,"المساحة_كم2":null,"GlobalID":"{21E461E6-FA0F-4F4E-A182-28D1012C0C24}","created_user":"gpr.gps","created_date":"2026-04-11T07:55:37Z","last_edited_user":"gpr.gps","last_edited_date":"2026-04-11T07:55:37Z","مساحة_كم2":null,"SHAPE_Length":62.53355728207256,"SHAPE_Area":225.60925288939757},"geometry":{"type":"Polygon","coordinates":[[[32.703078,25.921158],[32.703027,25.920986],[32.70291,25.921013],[32.702976,25.921185],[32.703078,25.921158]]]}},{"type":"Feature","properties":{"source_layer":"Building","source_feature_count":1,"BuildingType":2,"land_use":"سكنى","اسم_المحور":null,"اسم_المحافظة":null,"متوسط_عدد_الادوار_بالعقار":null,"متوسط_عدد_الشقق_بالدور":null,"متوسط_مساحة_الشقق_بالمنطقة":null,"نوع_نمط_العمران":null,"نوع_طبيعة_المنطقة":null,"سعر_العمارة":null,"نوع_الأرض":null,"المساحة_كم2":null,"GlobalID":"{DA511D0E-C2C4-4457-805C-A509A1063B37}","created_user":"gpr.gps","created_date":"2026-04-11T07:55:37Z","last_edited_user":"gpr.gps","last_edited_date":"2026-04-11T07:55:37Z","مساحة_كم2":null,"SHAPE_Length":63.43764200063852,"SHAPE_Area":232.30900409535244},"geometry":{"type":"Polygon","coordinates":[[[32.702976,25.921185],[32.70291,25.921013],[32.702806,25.921037],[32.702858,25.921215],[32.702976,25.921185]]]}},{"type":"Feature","properties":{"source_layer":"Building","source_feature_count":1,"BuildingType":2,"land_use":"سكنى","اسم_المحور":null,"اسم_المحافظة":null,"متوسط_عدد_الادوار_بالعقار":null,"متوسط_عدد_الشقق_بالدور":null,"متوسط_مساحة_الشقق_بالمنطقة":null,"نوع_نمط_العمران":null,"نوع_طبيعة_المنطقة":null,"سعر_العمارة":null,"نوع_الأرض":null,"المساحة_كم2":null,"GlobalID":"{E2C44634-0B2E-4F5E-8949-1A7A060A707A}","created_user":"gpr.gps","created_date":"2026-04-11T07:55:37Z","last_edited_user":"gpr.gps","last_edited_date":"2026-04-11T07:55:37Z","مساحة_كم2":null,"SHAPE_Length":47.85800949230096,"SHAPE_Area":143.75699710213502},"geometry":{"type":"Polygon","coordinates":[[[32.703347,25.920975],[32.703238,25.921019],[32.703291,25.921112],[32.703401,25.921076],[32.703347,25.920975]]]}},{"type":"Feature","properties":{"source_layer":"Building","source_feature_count":1,"BuildingType":2,"land_use":"سكنى","اسم_المحور":null,"اسم_المحافظة":null,"متوسط_عدد_الادوار_بالعقار":null,"متوسط_عدد_الشقق_بالدور":null,"متوسط_مساحة_الشقق_بالمنطقة":null,"نوع_نمط_العمران":null,"نوع_طبيعة_المنطقة":null,"سعر_العمارة":null,"نوع_الأرض":null,"المساحة_كم2":null,"GlobalID":"{EE1C3007-EF0C-4884-86F2-45D59A7B9706}","created_user":"gpr.gps","created_date":"2026-04-11T07:55:37Z","last_edited_user":"gpr.gps","last_edited_date":"2026-04-11T07:55:37Z","مساحة_كم2":null,"SHAPE_Length":67.88426146256249,"SHAPE_Area":282.61790744888776},"geometry":{"type":"Polygon","coordinates":[[[32.70372,25.920969],[32.703662,25.920808],[32.703514,25.92085],[32.70359,25.921013],[32.70372,25.920969]]]}},{"type":"Feature","properties":{"source_layer":"Building","source_feature_count":1,"BuildingType":2,"land_use":"سكنى","اسم_المحور":null,"اسم_المحافظة":null,"متوسط_عدد_الادوار_بالعقار":null,"متوسط_عدد_الشقق_بالدور":null,"متوسط_مساحة_الشقق_بالمنطقة":null,"نوع_نمط_العمران":null,"نوع_طبيعة_المنطقة":null,"سعر_العمارة":null,"نوع_الأرض":null,"المساحة_كم2":null,"GlobalID":"{8E0E7BD3-8398-491E-BD4F-DB7C3F6E77B1}","created_user":"gpr.gps","created_date":"2026-04-11T07:55:37Z","last_edited_user":"gpr.gps","last_edited_date":"2026-04-11T07:55:37Z","مساحة_كم2":null,"SHAPE_Length":69.17593195859732,"SHAPE_Area":297.57948774343294},"geometry":{"type":"Polygon","coordinates":[[[32.703662,25.920808],[32.70372,25.920969],[32.703875,25.920919],[32.703812,25.920765],[32.703662,25.920808]]]}},{"type":"Feature","properties":{"source_layer":"Building","source_feature_count":1,"BuildingType":2,"land_use":"سكنى","اسم_المحور":null,"اسم_المحافظة":null,"متوسط_عدد_الادوار_بالعقار":null,"متوسط_عدد_الشقق_بالدور":null,"متوسط_مساحة_الشقق_بالمنطقة":null,"نوع_نمط_العمران":null,"نوع_طبيعة_المنطقة":null,"سعر_العمارة":null,"نوع_الأرض":null,"المساحة_كم2":null,"GlobalID":"{74CDAB6E-E0D9-41A3-937C-0630E4CAE309}","created_user":"gpr.gps","created_date":"2026-04-11T07:55:37Z","last_edited_user":"gpr.gps","last_edited_date":"2026-04-11T07:55:37Z","مساحة_كم2":null,"SHAPE_Length":71.7916527030492,"SHAPE_Area":312.7807914496498},"geometry":{"type":"Polygon","coordinates":[[[32.702768,25.921238],[32.702703,25.921062],[32.702556,25.921096],[32.702627,25.921276],[32.702768,25.921238]]]}},{"type":"Feature","properties":{"source_layer":"Building","source_feature_count":1,"BuildingType":2,"land_use":"سكنى","اسم_المحور":null,"اسم_المحافظة":null,"متوسط_عدد_الادوار_بالعقار":null,"متوسط_عدد_الشقق_بالدور":null,"متوسط_مساحة_الشقق_بالمنطقة":null,"نوع_نمط_العمران":null,"نوع_طبيعة_المنطقة":null,"سعر_العمارة":null,"نوع_الأرض":null,"المساحة_كم2":null,"GlobalID":"{572D8355-D740-41DB-A928-72322BDB40B4}","created_user":"gpr.gps","created_date":"2026-04-11T07:55:37Z","last_edited_user":"gpr.gps","last_edited_date":"2026-04-11T07:55:37Z","مساحة_كم2":null,"SHAPE_Length":41.65853963033136,"SHAPE_Area":105.39572222302422},"geometry":{"type":"Polygon","coordinates":[[[32.703238,25.921019],[32.703311,25.920907],[32.703196,25.920946],[32.703238,25.921019]]]}},{"type":"Feature","properties":{"source_layer":"Building","source_feature_count":1,"BuildingType":2,"land_use":"سكنى","اسم_المحور":null,"اسم_المحافظة":null,"متوسط_عدد_الادوار_بالعقار":null,"متوسط_عدد_الشقق_بالدور":null,"متوسط_مساحة_الشقق_بالمنطقة":null,"نوع_نمط_العمران":null,"نوع_طبيعة_المنطقة":null,"سعر_العمارة":null,"نوع_الأرض":null,"المساحة_كم2":null,"GlobalID":"{9FBC467A-1F10-46B1-A3CC-3ABF08752110}","created_user":"gpr.gps","created_date":"2026-04-11T07:55:37Z","last_edited_user":"gpr.gps","last_edited_date":"2026-04-11T07:55:37Z","مساحة_كم2":null,"SHAPE_Length":34.908578779190385,"SHAPE_Area":63.20655856479195},"geometry":{"type":"Polygon","coordinates":[[[32.703845,25.920815],[32.703978,25.920816],[32.703961,25.920775],[32.703845,25.920815]]]}},{"type":"Feature","properties":{"source_layer":"Building","source_feature_count":1,"BuildingType":2,"land_use":"سكنى","اسم_المحور":null,"اسم_المحافظة":null,"متوسط_عدد_الادوار_بالعقار":null,"متوسط_عدد_الشقق_بالدور":null,"متوسط_مساحة_الشقق_بالمنطقة":null,"نوع_نمط_العمران":null,"نوع_طبيعة_المنطقة":null,"سعر_العمارة":null,"نوع_الأرض":null,"المساحة_كم2":null,"GlobalID":"{BBB2C34A-17AD-4F96-8D40-62E44F2A4073}","created_user":"gpr.gps","created_date":"2026-04-11T07:55:37Z","last_edited_user":"gpr.gps","last_edited_date":"2026-04-11T07:55:37Z","مساحة_كم2":null,"SHAPE_Length":82.63576589149223,"SHAPE_Area":399.59780592417565},"geometry":{"type":"Polygon","coordinates":[[[32.703416,25.906145],[32.703675,25.906133],[32.70367,25.905994],[32.703413,25.906005],[32.703416,25.906145]]]}},{"type":"Feature","properties":{"source_layer":"Building","source_feature_count":1,"BuildingType":2,"land_use":"سكنى","اسم_المحور":null,"اسم_المحافظة":null,"متوسط_عدد_الادوار_بالعقار":null,"متوسط_عدد_الشقق_بالدور":null,"متوسط_مساحة_الشقق_بالمنطقة":null,"نوع_نمط_العمران":null,"نوع_طبيعة_المنطقة":null,"سعر_العمارة":null,"نوع_الأرض":null,"المساحة_كم2":null,"GlobalID":"{6EC9C227-93A0-43A2-B17F-972EB1CB2145}","created_user":"gpr.gps","created_date":"2026-04-11T07:55:37Z","last_edited_user":"gpr.gps","last_edited_date":"2026-04-11T07:55:37Z","مساحة_كم2":null,"SHAPE_Length":113.6055619131401,"SHAPE_Area":626.5574171011332},"geometry":{"type":"Polygon","coordinates":[[[32.70321,25.905593],[32.703395,25.905962],[32.703361,25.905585],[32.70321,25.905593]]]}},{"type":"Feature","properties":{"source_layer":"Building","source_feature_count":1,"BuildingType":2,"land_use":"سكنى","اسم_المحور":null,"اسم_المحافظة":null,"متوسط_عدد_الادوار_بالعقار":null,"متوسط_عدد_الشقق_بالدور":null,"متوسط_مساحة_الشقق_بالمنطقة":null,"نوع_نمط_العمران":null,"نوع_طبيعة_المنطقة":null,"سعر_العمارة":null,"نوع_الأرض":null,"المساحة_كم2":null,"GlobalID":"{ED7D6D87-ADAF-4984-A3B6-C6FBAC138C26}","created_user":"gpr.gps","created_date":"2026-04-11T07:55:37Z","last_edited_user":"gpr.gps","last_edited_date":"2026-04-11T07:55:37Z","مساحة_كم2":null,"SHAPE_Length":28.374379206086314,"SHAPE_Area":49.56607892648917},"geometry":{"type":"Polygon","coordinates":[[[32.703312,25.906022],[32.703234,25.905968],[32.703233,25.906025],[32.703312,25.906022]]]}},{"type":"Feature","properties":{"source_layer":"Building","source_feature_count":1,"BuildingType":2,"land_use":"سكنى","اسم_المحور":null,"اسم_المحافظة":null,"متوسط_عدد_الادوار_بالعقار":null,"متوسط_عدد_الشقق_بالدور":null,"متوسط_مساحة_الشقق_بالمنطقة":null,"نوع_نمط_العمران":null,"نوع_طبيعة_المنطقة":null,"سعر_العمارة":null,"نوع_الأرض":null,"المساحة_كم2":null,"GlobalID":"{65FB8978-8CE9-42F6-938A-7521D2CDE444}","created_user":"gpr.gps","created_date":"2026-04-11T07:55:37Z","last_edited_user":"gpr.gps","last_edited_date":"2026-04-11T07:55:37Z","مساحة_كم2":null,"SHAPE_Length":142.47658859072587,"SHAPE_Area":391.0650554193937},"geometry":{"type":"Polygon","coordinates":[[[32.697109,25.913997],[32.697326,25.91391],[32.697277,25.913783],[32.697023,25.913863],[32.697109,25.913997]]]}},{"type":"Feature","properties":{"source_layer":"Building","source_feature_count":1,"BuildingType":2,"land_use":"سكنى","اسم_المحور":null,"اسم_المحافظة":null,"متوسط_عدد_الادوار_بالعقار":null,"متوسط_عدد_الشقق_بالدور":null,"متوسط_مساحة_الشقق_بالمنطقة":null,"نوع_نمط_العمران":null,"نوع_طبيعة_المنطقة":null,"سعر_العمارة":null,"نوع_الأرض":null,"المساحة_كم2":null,"GlobalID":"{36FB6816-1EB5-435C-8AF2-68E7FAA7F715}","created_user":"gpr.gps","created_date":"2026-04-11T07:55:37Z","last_edited_user":"gpr.gps","last_edited_date":"2026-04-11T07:55:37Z","مساحة_كم2":null,"SHAPE_Length":51.24060657949717,"SHAPE_Area":153.7598392906132},"geometry":{"type":"Polygon","coordinates":[[[32.699979,25.914905],[32.699941,25.914764],[32.69985,25.914784],[32.699884,25.914925],[32.699979,25.914905]]]}},{"type":"Feature","properties":{"source_layer":"Building","source_feature_count":1,"BuildingType":2,"land_use":"سكنى","اسم_المحور":null,"اسم_المحافظة":null,"متوسط_عدد_الادوار_بالعقار":null,"متوسط_عدد_الشقق_بالدور":null,"متوسط_مساحة_الشقق_بالمنطقة":null,"نوع_نمط_العمران":null,"نوع_طبيعة_المنطقة":null,"سعر_العمارة":null,"نوع_الأرض":null,"المساحة_كم2":null,"GlobalID":"{3F28FEE6-BC56-43A2-964E-0845BBDEFA71}","created_user":"gpr.gps","created_date":"2026-04-11T07:55:37Z","last_edited_user":"gpr.gps","last_edited_date":"2026-04-11T07:55:37Z","مساحة_كم2":null,"SHAPE_Length":57.506911812633604,"SHAPE_Area":166.34174426469818},"geometry":{"type":"Polygon","coordinates":[[[32.699306,25.91525],[32.699316,25.915445],[32.69939,25.915424],[32.699306,25.91525]]]}},{"type":"Feature","properties":{"source_layer":"Building","source_feature_count":1,"BuildingType":2,"land_use":"سكنى","اسم_المحور":null,"اسم_المحافظة":null,"متوسط_عدد_الادوار_بالعقار":null,"متوسط_عدد_الشقق_بالدور":null,"متوسط_مساحة_الشقق_بالمنطقة":null,"نوع_نمط_العمران":null,"نوع_طبيعة_المنطقة":null,"سعر_العمارة":null,"نوع_الأرض":null,"المساحة_كم2":null,"GlobalID":"{F519EAFF-31B5-4C34-9771-5B2575383CB0}","created_user":"gpr.gps","created_date":"2026-04-11T07:55:37Z","last_edited_user":"gpr.gps","last_edited_date":"2026-04-11T07:55:37Z","مساحة_كم2":null,"SHAPE_Length":103.61859313509169,"SHAPE_Area":403.15567740097003},"geometry":{"type":"Polygon","coordinates":[[[32.700165,25.914926],[32.700191,25.915263],[32.700336,25.915228],[32.700165,25.914926]]]}},{"type":"Feature","properties":{"source_layer":"Building","source_feature_count":1,"BuildingType":2,"land_use":"سكنى","اسم_المحور":null,"اسم_المحافظة":null,"متوسط_عدد_الادوار_بالعقار":null,"متوسط_عدد_الشقق_بالدور":null,"متوسط_مساحة_الشقق_بالمنطقة":null,"نوع_نمط_العمران":null,"نوع_طبيعة_المنطقة":null,"سعر_العمارة":null,"نوع_الأرض":null,"المساحة_كم2":null,"GlobalID":"{6FE24AB9-E1D9-4F1B-BF1C-EB194F0CE1A7}","created_user":"gpr.gps","created_date":"2026-04-11T07:55:37Z","last_edited_user":"gpr.gps","last_edited_date":"2026-04-11T07:55:37Z","مساحة_كم2":null,"SHAPE_Length":55.18092045083313,"SHAPE_Area":167.3711454745257},"geometry":{"type":"Polygon","coordinates":[[[32.699645,25.915395],[32.699567,25.91524],[32.699486,25.915263],[32.699548,25.915415],[32.699645,25.915395]]]}},{"type":"Feature","properties":{"source_layer":"Building","source_feature_count":1,"BuildingType":2,"land_use":"سكنى","اسم_المحور":null,"اسم_المحافظة":null,"متوسط_عدد_الادوار_بالعقار":null,"متوسط_عدد_الشقق_بالدور":null,"متوسط_مساحة_الشقق_بالمنطقة":null,"نوع_نمط_العمران":null,"نوع_طبيعة_المنطقة":null,"سعر_العمارة":null,"نوع_الأرض":null,"المساحة_كم2":null,"GlobalID":"{7D002D7C-39E4-4915-A063-90CDE46063CF}","created_user":"gpr.gps","created_date":"2026-04-11T07:55:37Z","last_edited_user":"gpr.gps","last_edited_date":"2026-04-11T07:55:37Z","مساحة_كم2":null,"SHAPE_Length":67.45997682764641,"SHAPE_Area":281.38896999116605},"geometry":{"type":"Polygon","coordinates":[[[32.699771,25.915373],[32.69973,25.915206],[32.699567,25.91524],[32.699645,25.915395],[32.699771,25.915373]]]}},{"type":"Feature","properties":{"source_layer":"Building","source_feature_count":1,"BuildingType":2,"land_use":"سكنى","اسم_المحور":null,"اسم_المحافظة":null,"متوسط_عدد_الادوار_بالعقار":null,"متوسط_عدد_الشقق_بالدور":null,"متوسط_مساحة_الشقق_بالمنطقة":null,"نوع_نمط_العمران":null,"نوع_طبيعة_المنطقة":null,"سعر_العمارة":null,"نوع_الأرض":null,"المساحة_كم2":null,"GlobalID":"{D180615B-D013-49E9-A50B-8E00AF267A2D}","created_user":"gpr.gps","created_date":"2026-04-11T07:55:37Z","last_edited_user":"gpr.gps","last_edited_date":"2026-04-11T07:55:37Z","مساحة_كم2":null,"SHAPE_Length":56.77547545726398,"SHAPE_Area":170.12122612931694},"geometry":{"type":"Polygon","coordinates":[[[32.699901,25.91517],[32.69996,25.915337],[32.700044,25.915321],[32.699985,25.915147],[32.699901,25.91517]]]}},{"type":"Feature","properties":{"source_layer":"Building","source_feature_count":1,"BuildingType":2,"land_use":"سكنى","اسم_المحور":null,"اسم_المحافظة":null,"متوسط_عدد_الادوار_بالعقار":null,"متوسط_عدد_الشقق_بالدور":null,"متوسط_مساحة_الشقق_بالمنطقة":null,"نوع_نمط_العمران":null,"نوع_طبيعة_المنطقة":null,"سعر_العمارة":null,"نوع_الأرض":null,"المساحة_كم2":null,"GlobalID":"{ED43E0F1-46AF-431B-9A11-DF1A9C82292D}","created_user":"gpr.gps","created_date":"2026-04-11T07:55:37Z","last_edited_user":"gpr.gps","last_edited_date":"2026-04-11T07:55:37Z","مساحة_كم2":null,"SHAPE_Length":55.81108470801471,"SHAPE_Area":166.8862928561232},"geometry":{"type":"Polygon","coordinates":[[[32.69988,25.915352],[32.699901,25.91517],[32.699812,25.915193],[32.69988,25.915352]]]}},{"type":"Feature","properties":{"source_layer":"Building","source_feature_count":1,"BuildingType":2,"land_use":"سكنى","اسم_المحور":null,"اسم_المحافظة":null,"متوسط_عدد_الادوار_بالعقار":null,"متوسط_عدد_الشقق_بالدور":null,"متوسط_مساحة_الشقق_بالمنطقة":null,"نوع_نمط_العمران":null,"نوع_طبيعة_المنطقة":null,"سعر_العمارة":null,"نوع_الأرض":null,"المساحة_كم2":null,"GlobalID":"{A661B138-6241-407F-9930-46B1E89E326C}","created_user":"gpr.gps","created_date":"2026-04-11T07:55:37Z","last_edited_user":"gpr.gps","last_edited_date":"2026-04-11T07:55:37Z","مساحة_كم2":null,"SHAPE_Length":57.302846903607545,"SHAPE_Area":182.9212900921881},"geometry":{"type":"Polygon","coordinates":[[[32.69988,25.915352],[32.699812,25.915193],[32.69973,25.915206],[32.699771,25.915373],[32.69988,25.915352]]]}},{"type":"Feature","properties":{"source_layer":"Building","source_feature_count":1,"BuildingType":2,"land_use":"سكنى","اسم_المحور":null,"اسم_المحافظة":null,"متوسط_عدد_الادوار_بالعقار":null,"متوسط_عدد_الشقق_بالدور":null,"متوسط_مساحة_الشقق_بالمنطقة":null,"نوع_نمط_العمران":null,"نوع_طبيعة_المنطقة":null,"سعر_العمارة":null,"نوع_الأرض":null,"المساحة_كم2":null,"GlobalID":"{3C341F2B-6AF8-4673-919F-2F68384AF443}","created_user":"gpr.gps","created_date":"2026-04-11T07:55:37Z","last_edited_user":"gpr.gps","last_edited_date":"2026-04-11T07:55:37Z","مساحة_كم2":null,"SHAPE_Length":74.33209573246427,"SHAPE_Area":342.5211269155088},"geometry":{"type":"Polygon","coordinates":[[[32.69973,25.915206],[32.699737,25.915016],[32.699574,25.915067],[32.699628,25.915222],[32.69973,25.915206]]]}},{"type":"Feature","properties":{"source_layer":"Building","source_feature_count":1,"BuildingType":2,"land_use":"سكنى","اسم_المحور":null,"اسم_المحافظة":null,"متوسط_عدد_الادوار_بالعقار":null,"متوسط_عدد_الشقق_بالدور":null,"متوسط_مساحة_الشقق_بالمنطقة":null,"نوع_نمط_العمران":null,"نوع_طبيعة_المنطقة":null,"سعر_العمارة":null,"نوع_الأرض":null,"المساحة_كم2":null,"GlobalID":"{79ED5FDA-A85B-4CA5-9478-53C49978FA1C}","created_user":"gpr.gps","created_date":"2026-04-11T07:55:37Z","last_edited_user":"gpr.gps","last_edited_date":"2026-04-11T07:55:37Z","مساحة_كم2":null,"SHAPE_Length":59.28120038386615,"SHAPE_Area":180.02493787098248},"geometry":{"type":"Polygon","coordinates":[[[32.699888,25.915173],[32.699818,25.914991],[32.699737,25.915016],[32.699806,25.915194],[32.699888,25.915173]]]}},{"type":"Feature","properties":{"source_layer":"Building","source_feature_count":1,"BuildingType":2,"land_use":"سكنى","اسم_المحور":null,"اسم_المحافظة":null,"متوسط_عدد_الادوار_بالعقار":null,"متوسط_عدد_الشقق_بالدور":null,"متوسط_مساحة_الشقق_بالمنطقة":null,"نوع_نمط_العمران":null,"نوع_طبيعة_المنطقة":null,"سعر_العمارة":null,"نوع_الأرض":null,"المساحة_كم2":null,"GlobalID":"{30450D0F-B657-4B06-8B5E-6A58BA2F0A7B}","created_user":"gpr.gps","created_date":"2026-04-11T07:55:37Z","last_edited_user":"gpr.gps","last_edited_date":"2026-04-11T07:55:37Z","مساحة_كم2":null,"SHAPE_Length":63.85942664686733,"SHAPE_Area":222.26124797211747},"geometry":{"type":"Polygon","coordinates":[[[32.699818,25.914991],[32.699985,25.915147],[32.699892,25.914968],[32.699818,25.914991]]]}},{"type":"Feature","properties":{"source_layer":"Building","source_feature_count":1,"BuildingType":2,"land_use":"سكنى","اسم_المحور":null,"اسم_المحافظة":null,"متوسط_عدد_الادوار_بالعقار":null,"متوسط_عدد_الشقق_بالدور":null,"متوسط_مساحة_الشقق_بالمنطقة":null,"نوع_نمط_العمران":null,"نوع_طبيعة_المنطقة":null,"سعر_العمارة":null,"نوع_الأرض":null,"المساحة_كم2":null,"GlobalID":"{9B3F2257-9565-4D85-A007-1315331A1F3B}","created_user":"gpr.gps","created_date":"2026-04-11T07:55:37Z","last_edited_user":"gpr.gps","last_edited_date":"2026-04-11T07:55:37Z","مساحة_كم2":null,"SHAPE_Length":72.479664284139,"SHAPE_Area":326.3472185532021},"geometry":{"type":"Polygon","coordinates":[[[32.700143,25.915108],[32.700094,25.914941],[32.699928,25.914977],[32.699985,25.915147],[32.700143,25.915108]]]}},{"type":"Feature","properties":{"source_layer":"Building","source_feature_count":1,"BuildingType":2,"land_use":"سكنى","اسم_المحور":null,"اسم_المحافظة":null,"متوسط_عدد_الادوار_بالعقار":null,"متوسط_عدد_الشقق_بالدور":null,"متوسط_مساحة_الشقق_بالمنطقة":null,"نوع_نمط_العمران":null,"نوع_طبيعة_المنطقة":null,"سعر_العمارة":null,"نوع_الأرض":null,"المساحة_كم2":null,"GlobalID":"{1B85FD33-A053-41C4-9BD3-543DEE69548B}","created_user":"gpr.gps","created_date":"2026-04-11T07:55:37Z","last_edited_user":"gpr.gps","last_edited_date":"2026-04-11T07:55:37Z","مساحة_كم2":null,"SHAPE_Length":52.78407619854363,"SHAPE_Area":167.1805915665119},"geometry":{"type":"Polygon","coordinates":[[[32.699884,25.914925],[32.69985,25.914784],[32.699744,25.914807],[32.699784,25.914945],[32.699884,25.914925]]]}},{"type":"Feature","properties":{"source_layer":"Building","source_feature_count":1,"BuildingType":2,"land_use":"سكنى","اسم_المحور":null,"اسم_المحافظة":null,"متوسط_عدد_الادوار_بالعقار":null,"متوسط_عدد_الشقق_بالدور":null,"متوسط_مساحة_الشقق_بالمنطقة":null,"نوع_نمط_العمران":null,"نوع_طبيعة_المنطقة":null,"سعر_العمارة":null,"نوع_الأرض":null,"المساحة_كم2":null,"GlobalID":"{4DCE4CE3-2FB0-4B81-8E21-75CEECE0ED95}","created_user":"gpr.gps","created_date":"2026-04-11T07:55:37Z","last_edited_user":"gpr.gps","last_edited_date":"2026-04-11T07:55:37Z","مساحة_كم2":null,"SHAPE_Length":51.104218553288014,"SHAPE_Area":151.43166382638282},"geometry":{"type":"Polygon","coordinates":[[[32.699941,25.914764],[32.699979,25.914905],[32.700069,25.914887],[32.700032,25.914743],[32.699941,25.914764]]]}},{"type":"Feature","properties":{"source_layer":"Building","source_feature_count":1,"BuildingType":2,"land_use":"سكنى","اسم_المحور":null,"اسم_المحافظة":null,"متوسط_عدد_الادوار_بالعقار":null,"متوسط_عدد_الشقق_بالدور":null,"متوسط_مساحة_الشقق_بالمنطقة":null,"نوع_نمط_العمران":null,"نوع_طبيعة_المنطقة":null,"سعر_العمارة":null,"نوع_الأرض":null,"المساحة_كم2":null,"GlobalID":"{ACD62268-4F10-4503-A5BB-57B547BF43F2}","created_user":"gpr.gps","created_date":"2026-04-11T07:55:37Z","last_edited_user":"gpr.gps","last_edited_date":"2026-04-11T07:55:37Z","مساحة_كم2":null,"SHAPE_Length":53.95969429952701,"SHAPE_Area":159.2530317002191},"geometry":{"type":"Polygon","coordinates":[[[32.699898,25.915569],[32.699937,25.91539],[32.699852,25.915411],[32.699898,25.915569]]]}},{"type":"Feature","properties":{"source_layer":"Building","source_feature_count":1,"BuildingType":2,"land_use":"سكنى","اسم_المحور":null,"اسم_المحافظة":null,"متوسط_عدد_الادوار_بالعقار":null,"متوسط_عدد_الشقق_بالدور":null,"متوسط_مساحة_الشقق_بالمنطقة":null,"نوع_نمط_العمران":null,"نوع_طبيعة_المنطقة":null,"سعر_العمارة":null,"نوع_الأرض":null,"المساحة_كم2":null,"GlobalID":"{FEF38D4B-7449-4994-95DA-BF397A351BE7}","created_user":"gpr.gps","created_date":"2026-04-11T07:55:37Z","last_edited_user":"gpr.gps","last_edited_date":"2026-04-11T07:55:37Z","مساحة_كم2":null,"SHAPE_Length":53.0954668297401,"SHAPE_Area":147.8082725259977},"geometry":{"type":"Polygon","coordinates":[[[32.700014,25.915371],[32.699983,25.915551],[32.700059,25.915535],[32.700014,25.915371]]]}},{"type":"Feature","properties":{"source_layer":"Building","source_feature_count":1,"BuildingType":2,"land_use":"سكنى","اسم_المحور":null,"اسم_المحافظة":null,"متوسط_عدد_الادوار_بالعقار":null,"متوسط_عدد_الشقق_بالدور":null,"متوسط_مساحة_الشقق_بالمنطقة":null,"نوع_نمط_العمران":null,"نوع_طبيعة_المنطقة":null,"سعر_العمارة":null,"نوع_الأرض":null,"المساحة_كم2":null,"GlobalID":"{D117B9C3-36BF-45B5-A4AF-EBADDE770A35}","created_user":"gpr.gps","created_date":"2026-04-11T07:55:37Z","last_edited_user":"gpr.gps","last_edited_date":"2026-04-11T07:55:37Z","مساحة_كم2":null,"SHAPE_Length":75.38084476695842,"SHAPE_Area":347.3487739073163},"geometry":{"type":"Polygon","coordinates":[[[32.700406,25.914461],[32.700575,25.91443],[32.700541,25.914288],[32.700327,25.914335],[32.700406,25.914461]]]}},{"type":"Feature","properties":{"source_layer":"Building","source_feature_count":1,"BuildingType":2,"land_use":"سكنى","اسم_المحور":null,"اسم_المحافظة":null,"متوسط_عدد_الادوار_بالعقار":null,"متوسط_عدد_الشقق_بالدور":null,"متوسط_مساحة_الشقق_بالمنطقة":null,"نوع_نمط_العمران":null,"نوع_طبيعة_المنطقة":null,"سعر_العمارة":null,"نوع_الأرض":null,"المساحة_كم2":null,"GlobalID":"{D0AA2D13-5FA5-4950-AC4F-3961812020C2}","created_user":"gpr.gps","created_date":"2026-04-11T07:55:37Z","last_edited_user":"gpr.gps","last_edited_date":"2026-04-11T07:55:37Z","مساحة_كم2":null,"SHAPE_Length":57.3708460967876,"SHAPE_Area":191.35279468845786},"geometry":{"type":"Polygon","coordinates":[[[32.699881,25.914545],[32.699852,25.914447],[32.699678,25.91449],[32.699704,25.914578],[32.699881,25.914545]]]}},{"type":"Feature","properties":{"source_layer":"Building","source_feature_count":1,"BuildingType":2,"land_use":"سكنى","اسم_المحور":null,"اسم_المحافظة":null,"متوسط_عدد_الادوار_بالعقار":null,"متوسط_عدد_الشقق_بالدور":null,"متوسط_مساحة_الشقق_بالمنطقة":null,"نوع_نمط_العمران":null,"نوع_طبيعة_المنطقة":null,"سعر_العمارة":null,"نوع_الأرض":null,"المساحة_كم2":null,"GlobalID":"{54B36F81-BB0E-41A5-BF9F-256907BDC7C0}","created_user":"gpr.gps","created_date":"2026-04-11T07:55:37Z","last_edited_user":"gpr.gps","last_edited_date":"2026-04-11T07:55:37Z","مساحة_كم2":null,"SHAPE_Length":51.155187232859106,"SHAPE_Area":161.94734191387494},"geometry":{"type":"Polygon","coordinates":[[[32.700015,25.914519],[32.69999,25.914413],[32.699852,25.914447],[32.699881,25.914545],[32.700015,25.914519]]]}},{"type":"Feature","properties":{"source_layer":"Building","source_feature_count":1,"BuildingType":2,"land_use":"سكنى","اسم_المحور":null,"اسم_المحافظة":null,"متوسط_عدد_الادوار_بالعقار":null,"متوسط_عدد_الشقق_بالدور":null,"متوسط_مساحة_الشقق_بالمنطقة":null,"نوع_نمط_العمران":null,"نوع_طبيعة_المنطقة":null,"سعر_العمارة":null,"نوع_الأرض":null,"المساحة_كم2":null,"GlobalID":"{D9DD7BBF-0C7C-403C-B327-BD00936DE918}","created_user":"gpr.gps","created_date":"2026-04-11T07:55:37Z","last_edited_user":"gpr.gps","last_edited_date":"2026-04-11T07:55:37Z","مساحة_كم2":null,"SHAPE_Length":72.04023879734189,"SHAPE_Area":309.60520011297535},"geometry":{"type":"Polygon","coordinates":[[[32.700111,25.914383],[32.700144,25.914498],[32.700358,25.914468],[32.700327,25.914335],[32.700111,25.914383]]]}},{"type":"Feature","properties":{"source_layer":"Building","source_feature_count":1,"BuildingType":2,"land_use":"سكنى","اسم_المحور":null,"اسم_المحافظة":null,"متوسط_عدد_الادوار_بالعقار":null,"متوسط_عدد_الشقق_بالدور":null,"متوسط_مساحة_الشقق_بالمنطقة":null,"نوع_نمط_العمران":null,"نوع_طبيعة_المنطقة":null,"سعر_العمارة":null,"نوع_الأرض":null,"المساحة_كم2":null,"GlobalID":"{ED11711A-3664-4AFE-B915-437F7EB2F8DE}","created_user":"gpr.gps","created_date":"2026-04-11T07:55:37Z","last_edited_user":"gpr.gps","last_edited_date":"2026-04-11T07:55:37Z","مساحة_كم2":null,"SHAPE_Length":50.777512531131805,"SHAPE_Area":159.90877085335154},"geometry":{"type":"Polygon","coordinates":[[[32.700144,25.914498],[32.700111,25.914383],[32.69999,25.914413],[32.700015,25.914519],[32.700144,25.914498]]]}},{"type":"Feature","properties":{"source_layer":"Building","source_feature_count":1,"BuildingType":2,"land_use":"سكنى","اسم_المحور":null,"اسم_المحافظة":null,"متوسط_عدد_الادوار_بالعقار":null,"متوسط_عدد_الشقق_بالدور":null,"متوسط_مساحة_الشقق_بالمنطقة":null,"نوع_نمط_العمران":null,"نوع_طبيعة_المنطقة":null,"سعر_العمارة":null,"نوع_الأرض":null,"المساحة_كم2":null,"GlobalID":"{32814DA9-359E-4F54-86E8-6CBEE08FDFC6}","created_user":"gpr.gps","created_date":"2026-04-11T07:55:37Z","last_edited_user":"gpr.gps","last_edited_date":"2026-04-11T07:55:37Z","مساحة_كم2":null,"SHAPE_Length":62.00423834022462,"SHAPE_Area":218.52753133386778},"geometry":{"type":"Polygon","coordinates":[[[32.70051,25.914443],[32.700406,25.914461],[32.700456,25.914637],[32.700565,25.914618],[32.70051,25.914443]]]}},{"type":"Feature","properties":{"source_layer":"Building","source_feature_count":1,"BuildingType":2,"land_use":"سكنى","اسم_المحور":null,"اسم_المحافظة":null,"متوسط_عدد_الادوار_بالعقار":null,"متوسط_عدد_الشقق_بالدور":null,"متوسط_مساحة_الشقق_بالمنطقة":null,"نوع_نمط_العمران":null,"نوع_طبيعة_المنطقة":null,"سعر_العمارة":null,"نوع_الأرض":null,"المساحة_كم2":null,"GlobalID":"{D4CD1BC6-6EE1-4519-B9C2-F9E380C0F0D9}","created_user":"gpr.gps","created_date":"2026-04-11T07:55:37Z","last_edited_user":"gpr.gps","last_edited_date":"2026-04-11T07:55:37Z","مساحة_كم2":null,"SHAPE_Length":76.19420547600808,"SHAPE_Area":331.3558001586147},"geometry":{"type":"Polygon","coordinates":[[[32.701671,25.915138],[32.701647,25.914995],[32.701451,25.915033],[32.701489,25.915169],[32.701671,25.915138]]]}},{"type":"Feature","properties":{"source_layer":"Building","source_feature_count":1,"BuildingType":2,"land_use":"سكنى","اسم_المحور":null,"اسم_المحافظة":null,"متوسط_عدد_الادوار_بالعقار":null,"متوسط_عدد_الشقق_بالدور":null,"متوسط_مساحة_الشقق_بالمنطقة":null,"نوع_نمط_العمران":null,"نوع_طبيعة_المنطقة":null,"سعر_العمارة":null,"نوع_الأرض":null,"المساحة_كم2":null,"GlobalID":"{D02EECB9-73CD-4DB0-AD4A-AED193093E90}","created_user":"gpr.gps","created_date":"2026-04-11T07:55:37Z","last_edited_user":"gpr.gps","last_edited_date":"2026-04-11T07:55:37Z","مساحة_كم2":null,"SHAPE_Length":61.290381480681425,"SHAPE_Area":234.66889151160618},"geometry":{"type":"Polygon","coordinates":[[[32.700901,25.91529],[32.700748,25.915321],[32.700779,25.915454],[32.700932,25.915419],[32.700901,25.91529]]]}},{"type":"Feature","properties":{"source_layer":"Building","source_feature_count":1,"BuildingType":2,"land_use":"سكنى","اسم_المحور":null,"اسم_المحافظة":null,"متوسط_عدد_الادوار_بالعقار":null,"متوسط_عدد_الشقق_بالدور":null,"متوسط_مساحة_الشقق_بالمنطقة":null,"نوع_نمط_العمران":null,"نوع_طبيعة_المنطقة":null,"سعر_العمارة":null,"نوع_الأرض":null,"المساحة_كم2":null,"GlobalID":"{28996EE2-EF52-4CB1-AE25-1E98D692A604}","created_user":"gpr.gps","created_date":"2026-04-11T07:55:37Z","last_edited_user":"gpr.gps","last_edited_date":"2026-04-11T07:55:37Z","مساحة_كم2":null,"SHAPE_Length":73.13197250124145,"SHAPE_Area":223.1036399787748},"geometry":{"type":"Polygon","coordinates":[[[32.701389,25.915325],[32.701576,25.915152],[32.701363,25.915194],[32.701389,25.915325]]]}},{"type":"Feature","properties":{"source_layer":"Building","source_feature_count":1,"BuildingType":2,"land_use":"سكنى","اسم_المحور":null,"اسم_المحافظة":null,"متوسط_عدد_الادوار_بالعقار":null,"متوسط_عدد_الشقق_بالدور":null,"متوسط_مساحة_الشقق_بالمنطقة":null,"نوع_نمط_العمران":null,"نوع_طبيعة_المنطقة":null,"سعر_العمارة":null,"نوع_الأرض":null,"المساحة_كم2":null,"GlobalID":"{82601E84-8EB1-4180-9AD0-7FCCD87C90A4}","created_user":"gpr.gps","created_date":"2026-04-11T07:55:37Z","last_edited_user":"gpr.gps","last_edited_date":"2026-04-11T07:55:37Z","مساحة_كم2":null,"SHAPE_Length":41.87982580072171,"SHAPE_Area":98.17939561839098},"geometry":{"type":"Polygon","coordinates":[[[32.701114,25.915244],[32.701154,25.915105],[32.701082,25.915123],[32.701114,25.915244]]]}},{"type":"Feature","properties":{"source_layer":"Building","source_feature_count":1,"BuildingType":2,"land_use":"سكنى","اسم_المحور":null,"اسم_المحافظة":null,"متوسط_عدد_الادوار_بالعقار":null,"متوسط_عدد_الشقق_بالدور":null,"متوسط_مساحة_الشقق_بالمنطقة":null,"نوع_نمط_العمران":null,"نوع_طبيعة_المنطقة":null,"سعر_العمارة":null,"نوع_الأرض":null,"المساحة_كم2":null,"GlobalID":"{96CCED3B-7D7F-42C1-8B5C-DCF354FC97ED}","created_user":"gpr.gps","created_date":"2026-04-11T07:55:37Z","last_edited_user":"gpr.gps","last_edited_date":"2026-04-11T07:55:37Z","مساحة_كم2":null,"SHAPE_Length":44.89471725048592,"SHAPE_Area":107.36179489591463},"geometry":{"type":"Polygon","coordinates":[[[32.701899,25.915092],[32.701933,25.914942],[32.701863,25.914954],[32.701899,25.915092]]]}},{"type":"Feature","properties":{"source_layer":"Building","source_feature_count":1,"BuildingType":2,"land_use":"سكنى","اسم_المحور":null,"اسم_المحافظة":null,"متوسط_عدد_الادوار_بالعقار":null,"متوسط_عدد_الشقق_بالدور":null,"متوسط_مساحة_الشقق_بالمنطقة":null,"نوع_نمط_العمران":null,"نوع_طبيعة_المنطقة":null,"سعر_العمارة":null,"نوع_الأرض":null,"المساحة_كم2":null,"GlobalID":"{3878476A-D01D-4FD9-AE08-E7AB49E4F937}","created_user":"gpr.gps","created_date":"2026-04-11T07:55:37Z","last_edited_user":"gpr.gps","last_edited_date":"2026-04-11T07:55:37Z","مساحة_كم2":null,"SHAPE_Length":48.00397418234641,"SHAPE_Area":116.48706698238797},"geometry":{"type":"Polygon","coordinates":[[[32.700711,25.915358],[32.700763,25.9152],[32.700686,25.915218],[32.700711,25.915358]]]}},{"type":"Feature","properties":{"source_layer":"Building","source_feature_count":1,"BuildingType":2,"land_use":"سكنى","اسم_المحور":null,"اسم_المحافظة":null,"متوسط_عدد_الادوار_بالعقار":null,"متوسط_عدد_الشقق_بالدور":null,"متوسط_مساحة_الشقق_بالمنطقة":null,"نوع_نمط_العمران":null,"نوع_طبيعة_المنطقة":null,"سعر_العمارة":null,"نوع_الأرض":null,"المساحة_كم2":null,"GlobalID":"{D9B7BEFB-C19B-4C11-9C3F-C2D2DC4515FB}","created_user":"gpr.gps","created_date":"2026-04-11T07:55:37Z","last_edited_user":"gpr.gps","last_edited_date":"2026-04-11T07:55:37Z","مساحة_كم2":null,"SHAPE_Length":46.816746039551404,"SHAPE_Area":127.39094237155287},"geometry":{"type":"Polygon","coordinates":[[[32.702148,25.91491],[32.702271,25.915026],[32.702227,25.914899],[32.702148,25.91491]]]}},{"type":"Feature","properties":{"source_layer":"Building","source_feature_count":1,"BuildingType":2,"land_use":"سكنى","اسم_المحور":null,"اسم_المحافظة":null,"متوسط_عدد_الادوار_بالعقار":null,"متوسط_عدد_الشقق_بالدور":null,"متوسط_مساحة_الشقق_بالمنطقة":null,"نوع_نمط_العمران":null,"نوع_طبيعة_المنطقة":null,"سعر_العمارة":null,"نوع_الأرض":null,"المساحة_كم2":null,"GlobalID":"{5DEC3683-F902-45E8-8C93-B49F5D662455}","created_user":"gpr.gps","created_date":"2026-04-11T07:55:37Z","last_edited_user":"gpr.gps","last_edited_date":"2026-04-11T07:55:37Z","مساحة_كم2":null,"SHAPE_Length":48.493929109019774,"SHAPE_Area":135.57502466813898},"geometry":{"type":"Polygon","coordinates":[[[32.700485,25.915409],[32.700539,25.915253],[32.700453,25.915273],[32.700485,25.915409]]]}},{"type":"Feature","properties":{"source_layer":"Building","source_feature_count":1,"BuildingType":2,"land_use":"سكنى","اسم_المحور":null,"اسم_المحافظة":null,"متوسط_عدد_الادوار_بالعقار":null,"متوسط_عدد_الشقق_بالدور":null,"متوسط_مساحة_الشقق_بالمنطقة":null,"نوع_نمط_العمران":null,"نوع_طبيعة_المنطقة":null,"سعر_العمارة":null,"نوع_الأرض":null,"المساحة_كم2":null,"GlobalID":"{80583F5E-257D-4637-8F3D-10D97D486EA9}","created_user":"gpr.gps","created_date":"2026-04-11T07:55:37Z","last_edited_user":"gpr.gps","last_edited_date":"2026-04-11T07:55:37Z","مساحة_كم2":null,"SHAPE_Length":48.28739477300398,"SHAPE_Area":137.66384635946355},"geometry":{"type":"Polygon","coordinates":[[[32.701293,25.915208],[32.701353,25.915057],[32.701265,25.915078],[32.701293,25.915208]]]}},{"type":"Feature","properties":{"source_layer":"Building","source_feature_count":1,"BuildingType":2,"land_use":"سكنى","اسم_المحور":null,"اسم_المحافظة":null,"متوسط_عدد_الادوار_بالعقار":null,"متوسط_عدد_الشقق_بالدور":null,"متوسط_مساحة_الشقق_بالمنطقة":null,"نوع_نمط_العمران":null,"نوع_طبيعة_المنطقة":null,"سعر_العمارة":null,"نوع_الأرض":null,"المساحة_كم2":null,"GlobalID":"{B56C29C2-DFF5-4DD0-A629-FDCA77E3067C}","created_user":"gpr.gps","created_date":"2026-04-11T07:55:37Z","last_edited_user":"gpr.gps","last_edited_date":"2026-04-11T07:55:37Z","مساحة_كم2":null,"SHAPE_Length":48.6501915047384,"SHAPE_Area":141.34316627983054},"geometry":{"type":"Polygon","coordinates":[[[32.702053,25.914924],[32.702178,25.915039],[32.702148,25.91491],[32.702053,25.914924]]]}},{"type":"Feature","properties":{"source_layer":"Building","source_feature_count":1,"BuildingType":2,"land_use":"سكنى","اسم_المحور":null,"اسم_المحافظة":null,"متوسط_عدد_الادوار_بالعقار":null,"متوسط_عدد_الشقق_بالدور":null,"متوسط_مساحة_الشقق_بالمنطقة":null,"نوع_نمط_العمران":null,"نوع_طبيعة_المنطقة":null,"سعر_العمارة":null,"نوع_الأرض":null,"المساحة_كم2":null,"GlobalID":"{41ACFD14-376F-4444-88A3-3D7B1C25265A}","created_user":"gpr.gps","created_date":"2026-04-11T07:55:37Z","last_edited_user":"gpr.gps","last_edited_date":"2026-04-11T07:55:37Z","مساحة_كم2":null,"SHAPE_Length":49.50210705293824,"SHAPE_Area":152.6009712280544},"geometry":{"type":"Polygon","coordinates":[[[32.700901,25.91529],[32.700878,25.915173],[32.700763,25.9152],[32.700787,25.915313],[32.700901,25.91529]]]}},{"type":"Feature","properties":{"source_layer":"Building","source_feature_count":1,"BuildingType":2,"land_use":"سكنى","اسم_المحور":null,"اسم_المحافظة":null,"متوسط_عدد_الادوار_بالعقار":null,"متوسط_عدد_الشقق_بالدور":null,"متوسط_مساحة_الشقق_بالمنطقة":null,"نوع_نمط_العمران":null,"نوع_طبيعة_المنطقة":null,"سعر_العمارة":null,"نوع_الأرض":null,"المساحة_كم2":null,"GlobalID":"{E38F993F-3F26-414D-97A6-FC1782F5633F}","created_user":"gpr.gps","created_date":"2026-04-11T07:55:37Z","last_edited_user":"gpr.gps","last_edited_date":"2026-04-11T07:55:37Z","مساحة_كم2":null,"SHAPE_Length":51.54057435609495,"SHAPE_Area":159.9818309488094},"geometry":{"type":"Polygon","coordinates":[[[32.701489,25.915169],[32.701451,25.915033],[32.701353,25.915057],[32.701385,25.91519],[32.701489,25.915169]]]}},{"type":"Feature","properties":{"source_layer":"Building","source_feature_count":1,"BuildingType":2,"land_use":"سكنى","اسم_المحور":null,"اسم_المحافظة":null,"متوسط_عدد_الادوار_بالعقار":null,"متوسط_عدد_الشقق_بالدور":null,"متوسط_مساحة_الشقق_بالمنطقة":null,"نوع_نمط_العمران":null,"نوع_طبيعة_المنطقة":null,"سعر_العمارة":null,"نوع_الأرض":null,"المساحة_كم2":null,"GlobalID":"{E6E4B59E-7D89-402E-A510-0C80825BE0CF}","created_user":"gpr.gps","created_date":"2026-04-11T07:55:37Z","last_edited_user":"gpr.gps","last_edited_date":"2026-04-11T07:55:37Z","مساحة_كم2":null,"SHAPE_Length":53.37285666075329,"SHAPE_Area":173.54572490342292},"geometry":{"type":"Polygon","coordinates":[[[32.700357,25.915438],[32.700323,25.915301],[32.700213,25.915323],[32.70025,25.915459],[32.700357,25.915438]]]}},{"type":"Feature","properties":{"source_layer":"Building","source_feature_count":1,"BuildingType":2,"land_use":"سكنى","اسم_المحور":null,"اسم_المحافظة":null,"متوسط_عدد_الادوار_بالعقار":null,"متوسط_عدد_الشقق_بالدور":null,"متوسط_مساحة_الشقق_بالمنطقة":null,"نوع_نمط_العمران":null,"نوع_طبيعة_المنطقة":null,"سعر_العمارة":null,"نوع_الأرض":null,"المساحة_كم2":null,"GlobalID":"{C68EF276-32F0-4D59-BF34-84EAB7407EEF}","created_user":"gpr.gps","created_date":"2026-04-11T07:55:37Z","last_edited_user":"gpr.gps","last_edited_date":"2026-04-11T07:55:37Z","مساحة_كم2":null,"SHAPE_Length":54.06871171925626,"SHAPE_Area":176.5696361900418},"geometry":{"type":"Polygon","coordinates":[[[32.701785,25.915115],[32.701749,25.914976],[32.701647,25.914995],[32.701671,25.915138],[32.701785,25.915115]]]}},{"type":"Feature","properties":{"source_layer":"Building","source_feature_count":1,"BuildingType":2,"land_use":"سكنى","اسم_المحور":null,"اسم_المحافظة":null,"متوسط_عدد_الادوار_بالعقار":null,"متوسط_عدد_الشقق_بالدور":null,"متوسط_مساحة_الشقق_بالمنطقة":null,"نوع_نمط_العمران":null,"نوع_طبيعة_المنطقة":null,"سعر_العمارة":null,"نوع_الأرض":null,"المساحة_كم2":null,"GlobalID":"{28422F76-1A8A-4973-B0E7-642095C0E210}","created_user":"gpr.gps","created_date":"2026-04-11T07:55:37Z","last_edited_user":"gpr.gps","last_edited_date":"2026-04-11T07:55:37Z","مساحة_كم2":null,"SHAPE_Length":56.3649833430299,"SHAPE_Area":180.76632088312772},"geometry":{"type":"Polygon","coordinates":[[[32.701154,25.915105],[32.701293,25.915208],[32.701265,25.915078],[32.701154,25.915105]]]}},{"type":"Feature","properties":{"source_layer":"Building","source_feature_count":1,"BuildingType":2,"land_use":"سكنى","اسم_المحور":null,"اسم_المحافظة":null,"متوسط_عدد_الادوار_بالعقار":null,"متوسط_عدد_الشقق_بالدور":null,"متوسط_مساحة_الشقق_بالمنطقة":null,"نوع_نمط_العمران":null,"نوع_طبيعة_المنطقة":null,"سعر_العمارة":null,"نوع_الأرض":null,"المساحة_كم2":null,"GlobalID":"{ECF2E771-4713-49C4-9458-A598699CADC0}","created_user":"gpr.gps","created_date":"2026-04-11T07:55:37Z","last_edited_user":"gpr.gps","last_edited_date":"2026-04-11T07:55:37Z","مساحة_كم2":null,"SHAPE_Length":54.53696336457011,"SHAPE_Area":183.71381659034404},"geometry":{"type":"Polygon","coordinates":[[[32.701933,25.914942],[32.702083,25.915054],[32.702053,25.914924],[32.701933,25.914942]]]}},{"type":"Feature","properties":{"source_layer":"Building","source_feature_count":1,"BuildingType":2,"land_use":"سكنى","اسم_المحور":null,"اسم_المحافظة":null,"متوسط_عدد_الادوار_بالعقار":null,"متوسط_عدد_الشقق_بالدور":null,"متوسط_مساحة_الشقق_بالمنطقة":null,"نوع_نمط_العمران":null,"نوع_طبيعة_المنطقة":null,"سعر_العمارة":null,"نوع_الأرض":null,"المساحة_كم2":null,"GlobalID":"{8F85C838-71BC-4C94-BF1D-664B02EF9552}","created_user":"gpr.gps","created_date":"2026-04-11T07:55:37Z","last_edited_user":"gpr.gps","last_edited_date":"2026-04-11T07:55:37Z","مساحة_كم2":null,"SHAPE_Length":54.88320345042217,"SHAPE_Area":184.08293705760437},"geometry":{"type":"Polygon","coordinates":[[[32.701799,25.915112],[32.701899,25.915092],[32.701863,25.914954],[32.701749,25.914976],[32.701799,25.915112]]]}},{"type":"Feature","properties":{"source_layer":"Building","source_feature_count":1,"BuildingType":2,"land_use":"سكنى","اسم_المحور":null,"اسم_المحافظة":null,"متوسط_عدد_الادوار_بالعقار":null,"متوسط_عدد_الشقق_بالدور":null,"متوسط_مساحة_الشقق_بالمنطقة":null,"نوع_نمط_العمران":null,"نوع_طبيعة_المنطقة":null,"سعر_العمارة":null,"نوع_الأرض":null,"المساحة_كم2":null,"GlobalID":"{65B98FA4-7F5E-44D5-B520-AE28B2B27583}","created_user":"gpr.gps","created_date":"2026-04-11T07:55:37Z","last_edited_user":"gpr.gps","last_edited_date":"2026-04-11T07:55:37Z","مساحة_كم2":null,"SHAPE_Length":57.61432944552363,"SHAPE_Area":205.2722577577457},"geometry":{"type":"Polygon","coordinates":[[[32.700357,25.915438],[32.700453,25.915273],[32.700323,25.915301],[32.700357,25.915438]]]}},{"type":"Feature","properties":{"source_layer":"Building","source_feature_count":1,"BuildingType":2,"land_use":"سكنى","اسم_المحور":null,"اسم_المحافظة":null,"متوسط_عدد_الادوار_بالعقار":null,"متوسط_عدد_الشقق_بالدور":null,"متوسط_مساحة_الشقق_بالمنطقة":null,"نوع_نمط_العمران":null,"نوع_طبيعة_المنطقة":null,"سعر_العمارة":null,"نوع_الأرض":null,"المساحة_كم2":null,"GlobalID":"{206C41FE-B970-4058-B13E-AC02914C3841}","created_user":"gpr.gps","created_date":"2026-04-11T07:55:37Z","last_edited_user":"gpr.gps","last_edited_date":"2026-04-11T07:55:37Z","مساحة_كم2":null,"SHAPE_Length":61.035238047618904,"SHAPE_Area":232.1209339785501},"geometry":{"type":"Polygon","coordinates":[[[32.700569,25.91539],[32.700686,25.915218],[32.700539,25.915253],[32.700569,25.91539]]]}},{"type":"Feature","properties":{"source_layer":"Building","source_feature_count":1,"BuildingType":2,"land_use":"سكنى","اسم_المحور":null,"اسم_المحافظة":null,"متوسط_عدد_الادوار_بالعقار":null,"متوسط_عدد_الشقق_بالدور":null,"متوسط_مساحة_الشقق_بالمنطقة":null,"نوع_نمط_العمران":null,"نوع_طبيعة_المنطقة":null,"سعر_العمارة":null,"نوع_الأرض":null,"المساحة_كم2":null,"GlobalID":"{09CE5794-A2DD-4828-9FA3-5A725010CE47}","created_user":"gpr.gps","created_date":"2026-04-11T07:55:37Z","last_edited_user":"gpr.gps","last_edited_date":"2026-04-11T07:55:37Z","مساحة_كم2":null,"SHAPE_Length":69.87822523329046,"SHAPE_Area":290.24677559282793},"geometry":{"type":"Polygon","coordinates":[[[32.700961,25.915278],[32.701114,25.915244],[32.701082,25.915123],[32.700878,25.915173],[32.700961,25.915278]]]}},{"type":"Feature","properties":{"source_layer":"Building","source_feature_count":1,"BuildingType":2,"land_use":"سكنى","اسم_المحور":null,"اسم_المحافظة":null,"متوسط_عدد_الادوار_بالعقار":null,"متوسط_عدد_الشقق_بالدور":null,"متوسط_مساحة_الشقق_بالمنطقة":null,"نوع_نمط_العمران":null,"نوع_طبيعة_المنطقة":null,"سعر_العمارة":null,"نوع_الأرض":null,"المساحة_كم2":null,"GlobalID":"{1791595F-48BC-426C-843B-714FBB410A73}","created_user":"gpr.gps","created_date":"2026-04-11T07:55:37Z","last_edited_user":"gpr.gps","last_edited_date":"2026-04-11T07:55:37Z","مساحة_كم2":null,"SHAPE_Length":44.70541467934095,"SHAPE_Area":124.0316310678585},"geometry":{"type":"Polygon","coordinates":[[[32.700357,25.91555],[32.700432,25.915421],[32.70033,25.915444],[32.700357,25.91555]]]}},{"type":"Feature","properties":{"source_layer":"Building","source_feature_count":1,"BuildingType":2,"land_use":"سكنى","اسم_المحور":null,"اسم_المحافظة":null,"متوسط_عدد_الادوار_بالعقار":null,"متوسط_عدد_الشقق_بالدور":null,"متوسط_مساحة_الشقق_بالمنطقة":null,"نوع_نمط_العمران":null,"نوع_طبيعة_المنطقة":null,"سعر_العمارة":null,"نوع_الأرض":null,"المساحة_كم2":null,"GlobalID":"{98966110-A14E-48BF-8E80-AD599177B864}","created_user":"gpr.gps","created_date":"2026-04-11T07:55:37Z","last_edited_user":"gpr.gps","last_edited_date":"2026-04-11T07:55:37Z","مساحة_كم2":null,"SHAPE_Length":44.83059201084921,"SHAPE_Area":125.0400928065908},"geometry":{"type":"Polygon","coordinates":[[[32.700679,25.915477],[32.700754,25.915349],[32.700651,25.915372],[32.700679,25.915477]]]}},{"type":"Feature","properties":{"source_layer":"Building","source_feature_count":1,"BuildingType":2,"land_use":"سكنى","اسم_المحور":null,"اسم_المحافظة":null,"متوسط_عدد_الادوار_بالعقار":null,"متوسط_عدد_الشقق_بالدور":null,"متوسط_مساحة_الشقق_بالمنطقة":null,"نوع_نمط_العمران":null,"نوع_طبيعة_المنطقة":null,"سعر_العمارة":null,"نوع_الأرض":null,"المساحة_كم2":null,"GlobalID":"{960051F9-F7CF-4555-BBA8-F69CDB3FA73F}","created_user":"gpr.gps","created_date":"2026-04-11T07:55:37Z","last_edited_user":"gpr.gps","last_edited_date":"2026-04-11T07:55:37Z","مساحة_كم2":null,"SHAPE_Length":46.37447176008023,"SHAPE_Area":134.119282580426},"geometry":{"type":"Polygon","coordinates":[[[32.700565,25.915503],[32.700538,25.915397],[32.700432,25.915421],[32.700455,25.915528],[32.700565,25.915503]]]}},{"type":"Feature","properties":{"source_layer":"Building","source_feature_count":1,"BuildingType":2,"land_use":"سكنى","اسم_المحور":null,"اسم_المحافظة":null,"متوسط_عدد_الادوار_بالعقار":null,"متوسط_عدد_الشقق_بالدور":null,"متوسط_مساحة_الشقق_بالمنطقة":null,"نوع_نمط_العمران":null,"نوع_طبيعة_المنطقة":null,"سعر_العمارة":null,"نوع_الأرض":null,"المساحة_كم2":null,"GlobalID":"{8195F94C-EC1A-465E-A625-E22874376688}","created_user":"gpr.gps","created_date":"2026-04-11T07:55:37Z","last_edited_user":"gpr.gps","last_edited_date":"2026-04-11T07:55:37Z","مساحة_كم2":null,"SHAPE_Length":47.44111121931618,"SHAPE_Area":140.63256965552088},"geometry":{"type":"Polygon","coordinates":[[[32.700679,25.915477],[32.700651,25.915372],[32.700538,25.915397],[32.700565,25.915503],[32.700679,25.915477]]]}},{"type":"Feature","properties":{"source_layer":"Building","source_feature_count":1,"BuildingType":2,"land_use":"سكنى","اسم_المحور":null,"اسم_المحافظة":null,"متوسط_عدد_الادوار_بالعقار":null,"متوسط_عدد_الشقق_بالدور":null,"متوسط_مساحة_الشقق_بالمنطقة":null,"نوع_نمط_العمران":null,"نوع_طبيعة_المنطقة":null,"سعر_العمارة":null,"نوع_الأرض":null,"المساحة_كم2":null,"GlobalID":"{4524FE3A-ADC4-4549-8B10-B39F3F83E7FA}","created_user":"gpr.gps","created_date":"2026-04-11T07:55:37Z","last_edited_user":"gpr.gps","last_edited_date":"2026-04-11T07:55:37Z","مساحة_كم2":null,"SHAPE_Length":33.96193635072799,"SHAPE_Area":57.161967498989156},"geometry":{"type":"Polygon","coordinates":[[[32.701215,25.91536],[32.701233,25.915241],[32.701187,25.915252],[32.701215,25.91536]]]}},{"type":"Feature","properties":{"source_layer":"Building","source_feature_count":1,"BuildingType":2,"land_use":"سكنى","اسم_المحور":null,"اسم_المحافظة":null,"متوسط_عدد_الادوار_بالعقار":null,"متوسط_عدد_الشقق_بالدور":null,"متوسط_مساحة_الشقق_بالمنطقة":null,"نوع_نمط_العمران":null,"نوع_طبيعة_المنطقة":null,"سعر_العمارة":null,"نوع_الأرض":null,"المساحة_كم2":null,"GlobalID":"{F7B92ADD-9B77-45B1-802D-48E801DA99BB}","created_user":"gpr.gps","created_date":"2026-04-11T07:55:37Z","last_edited_user":"gpr.gps","last_edited_date":"2026-04-11T07:55:37Z","مساحة_كم2":null,"SHAPE_Length":42.30050874926659,"SHAPE_Area":91.67090713531877},"geometry":{"type":"Polygon","coordinates":[[[32.701259,25.915351],[32.701293,25.915208],[32.701241,25.915219],[32.701259,25.915351]]]}},{"type":"Feature","properties":{"source_layer":"Building","source_feature_count":1,"BuildingType":2,"land_use":"سكنى","اسم_المحور":null,"اسم_المحافظة":null,"متوسط_عدد_الادوار_بالعقار":null,"متوسط_عدد_الشقق_بالدور":null,"متوسط_مساحة_الشقق_بالمنطقة":null,"نوع_نمط_العمران":null,"نوع_طبيعة_المنطقة":null,"سعر_العمارة":null,"نوع_الأرض":null,"المساحة_كم2":null,"GlobalID":"{99316927-4529-4EB9-B46C-2B313C2F94FD}","created_user":"gpr.gps","created_date":"2026-04-11T07:55:37Z","last_edited_user":"gpr.gps","last_edited_date":"2026-04-11T07:55:37Z","مساحة_كم2":null,"SHAPE_Length":41.971592359890856,"SHAPE_Area":92.55851078071025},"geometry":{"type":"Polygon","coordinates":[[[32.702125,25.915184],[32.702154,25.915043],[32.70209,25.915052],[32.702125,25.915184]]]}},{"type":"Feature","properties":{"source_layer":"Building","source_feature_count":1,"BuildingType":2,"land_use":"سكنى","اسم_المحور":null,"اسم_المحافظة":null,"متوسط_عدد_الادوار_بالعقار":null,"متوسط_عدد_الشقق_بالدور":null,"متوسط_مساحة_الشقق_بالمنطقة":null,"نوع_نمط_العمران":null,"نوع_طبيعة_المنطقة":null,"سعر_العمارة":null,"نوع_الأرض":null,"المساحة_كم2":null,"GlobalID":"{18EAE0D3-D96A-419A-9244-4841A9EBB30F}","created_user":"gpr.gps","created_date":"2026-04-11T07:55:37Z","last_edited_user":"gpr.gps","last_edited_date":"2026-04-11T07:55:37Z","مساحة_كم2":null,"SHAPE_Length":42.954108765497864,"SHAPE_Area":101.10634096480709},"geometry":{"type":"Polygon","coordinates":[[[32.701507,25.915302],[32.701581,25.91518],[32.701521,25.915196],[32.701507,25.915302]]]}},{"type":"Feature","properties":{"source_layer":"Building","source_feature_count":1,"BuildingType":2,"land_use":"سكنى","اسم_المحور":null,"اسم_المحافظة":null,"متوسط_عدد_الادوار_بالعقار":null,"متوسط_عدد_الشقق_بالدور":null,"متوسط_مساحة_الشقق_بالمنطقة":null,"نوع_نمط_العمران":null,"نوع_طبيعة_المنطقة":null,"سعر_العمارة":null,"نوع_الأرض":null,"المساحة_كم2":null,"GlobalID":"{FD342203-E9B6-4B3E-AB83-920DA026A95D}","created_user":"gpr.gps","created_date":"2026-04-11T07:55:37Z","last_edited_user":"gpr.gps","last_edited_date":"2026-04-11T07:55:37Z","مساحة_كم2":null,"SHAPE_Length":41.10071027318254,"SHAPE_Area":104.25304558217904},"geometry":{"type":"Polygon","coordinates":[[[32.701607,25.915282],[32.701674,25.915164],[32.701581,25.91518],[32.701607,25.915282]]]}},{"type":"Feature","properties":{"source_layer":"Building","source_feature_count":1,"BuildingType":2,"land_use":"سكنى","اسم_المحور":null,"اسم_المحافظة":null,"متوسط_عدد_الادوار_بالعقار":null,"متوسط_عدد_الشقق_بالدور":null,"متوسط_مساحة_الشقق_بالمنطقة":null,"نوع_نمط_العمران":null,"نوع_طبيعة_المنطقة":null,"سعر_العمارة":null,"نوع_الأرض":null,"المساحة_كم2":null,"GlobalID":"{6C487AC0-3A5E-43BD-B1E7-48DEECD162C0}","created_user":"gpr.gps","created_date":"2026-04-11T07:55:37Z","last_edited_user":"gpr.gps","last_edited_date":"2026-04-11T07:55:37Z","مساحة_كم2":null,"SHAPE_Length":43.628929790289625,"SHAPE_Area":104.40404958559127},"geometry":{"type":"Polygon","coordinates":[[[32.70132,25.915339],[32.701363,25.915194],[32.701293,25.915208],[32.70132,25.915339]]]}},{"type":"Feature","properties":{"source_layer":"Building","source_feature_count":1,"BuildingType":2,"land_use":"سكنى","اسم_المحور":null,"اسم_المحافظة":null,"متوسط_عدد_الادوار_بالعقار":null,"متوسط_عدد_الشقق_بالدور":null,"متوسط_مساحة_الشقق_بالمنطقة":null,"نوع_نمط_العمران":null,"نوع_طبيعة_المنطقة":null,"سعر_العمارة":null,"نوع_الأرض":null,"المساحة_كم2":null,"GlobalID":"{A45772D7-E7B2-4003-917E-943DDF19A905}","created_user":"gpr.gps","created_date":"2026-04-11T07:55:37Z","last_edited_user":"gpr.gps","last_edited_date":"2026-04-11T07:55:37Z","مساحة_كم2":null,"SHAPE_Length":50.01206628461223,"SHAPE_Area":150.67642562090987},"geometry":{"type":"Polygon","coordinates":[[[32.70192,25.915226],[32.701899,25.915092],[32.701799,25.915112],[32.701821,25.915243],[32.70192,25.915226]]]}},{"type":"Feature","properties":{"source_layer":"Building","source_feature_count":1,"BuildingType":2,"land_use":"سكنى","اسم_المحور":null,"اسم_المحافظة":null,"متوسط_عدد_الادوار_بالعقار":null,"متوسط_عدد_الشقق_بالدور":null,"متوسط_مساحة_الشقق_بالمنطقة":null,"نوع_نمط_العمران":null,"نوع_طبيعة_المنطقة":null,"سعر_العمارة":null,"نوع_الأرض":null,"المساحة_كم2":null,"GlobalID":"{BE171032-B676-4E8E-A4C5-94592DA7D645}","created_user":"gpr.gps","created_date":"2026-04-11T07:55:37Z","last_edited_user":"gpr.gps","last_edited_date":"2026-04-11T07:55:37Z","مساحة_كم2":null,"SHAPE_Length":50.532982974440586,"SHAPE_Area":153.0696042783142},"geometry":{"type":"Polygon","coordinates":[[[32.702024,25.915208],[32.701992,25.915072],[32.701899,25.915092],[32.70192,25.915226],[32.702024,25.915208]]]}},{"type":"Feature","properties":{"source_layer":"Building","source_feature_count":1,"BuildingType":2,"land_use":"سكنى","اسم_المحور":null,"اسم_المحافظة":null,"متوسط_عدد_الادوار_بالعقار":null,"متوسط_عدد_الشقق_بالدور":null,"متوسط_مساحة_الشقق_بالمنطقة":null,"نوع_نمط_العمران":null,"نوع_طبيعة_المنطقة":null,"سعر_العمارة":null,"نوع_الأرض":null,"المساحة_كم2":null,"GlobalID":"{F216D5E2-CDFD-417F-90C8-F95E4D714F6A}","created_user":"gpr.gps","created_date":"2026-04-11T07:55:37Z","last_edited_user":"gpr.gps","last_edited_date":"2026-04-11T07:55:37Z","مساحة_كم2":null,"SHAPE_Length":50.89966617095778,"SHAPE_Area":155.92207081477557},"geometry":{"type":"Polygon","coordinates":[[[32.702125,25.915184],[32.70209,25.915052],[32.701992,25.915072],[32.702024,25.915208],[32.702125,25.915184]]]}},{"type":"Feature","properties":{"source_layer":"Building","source_feature_count":1,"BuildingType":2,"land_use":"سكنى","اسم_المحور":null,"اسم_المحافظة":null,"متوسط_عدد_الادوار_بالعقار":null,"متوسط_عدد_الشقق_بالدور":null,"متوسط_مساحة_الشقق_بالمنطقة":null,"نوع_نمط_العمران":null,"نوع_طبيعة_المنطقة":null,"سعر_العمارة":null,"نوع_الأرض":null,"المساحة_كم2":null,"GlobalID":"{D730E01E-C9AC-4AD5-94C5-9608B4C8B037}","created_user":"gpr.gps","created_date":"2026-04-11T07:55:37Z","last_edited_user":"gpr.gps","last_edited_date":"2026-04-11T07:55:37Z","مساحة_كم2":null,"SHAPE_Length":51.26325691559157,"SHAPE_Area":161.40100828947348},"geometry":{"type":"Polygon","coordinates":[[[32.7011,25.915383],[32.701074,25.915253],[32.700961,25.915278],[32.700996,25.915404],[32.7011,25.915383]]]}},{"type":"Feature","properties":{"source_layer":"Building","source_feature_count":1,"BuildingType":2,"land_use":"سكنى","اسم_المحور":null,"اسم_المحافظة":null,"متوسط_عدد_الادوار_بالعقار":null,"متوسط_عدد_الشقق_بالدور":null,"متوسط_مساحة_الشقق_بالمنطقة":null,"نوع_نمط_العمران":null,"نوع_طبيعة_المنطقة":null,"سعر_العمارة":null,"نوع_الأرض":null,"المساحة_كم2":null,"GlobalID":"{7AF036B6-BDD7-49E7-B91C-D6DEEADB9B06}","created_user":"gpr.gps","created_date":"2026-04-11T07:55:37Z","last_edited_user":"gpr.gps","last_edited_date":"2026-04-11T07:55:37Z","مساحة_كم2":null,"SHAPE_Length":52.13487565636193,"SHAPE_Area":168.19971805413095},"geometry":{"type":"Polygon","coordinates":[[[32.701215,25.91536],[32.701179,25.915229],[32.701074,25.915253],[32.7011,25.915383],[32.701215,25.91536]]]}},{"type":"Feature","properties":{"source_layer":"Building","source_feature_count":1,"BuildingType":2,"land_use":"سكنى","اسم_المحور":null,"اسم_المحافظة":null,"متوسط_عدد_الادوار_بالعقار":null,"متوسط_عدد_الشقق_بالدور":null,"متوسط_مساحة_الشقق_بالمنطقة":null,"نوع_نمط_العمران":null,"نوع_طبيعة_المنطقة":null,"سعر_العمارة":null,"نوع_الأرض":null,"المساحة_كم2":null,"GlobalID":"{2BEE3CD4-4F42-49B8-AC07-69DC11803734}","created_user":"gpr.gps","created_date":"2026-04-11T07:55:37Z","last_edited_user":"gpr.gps","last_edited_date":"2026-04-11T07:55:37Z","مساحة_كم2":null,"SHAPE_Length":41.48734446052764,"SHAPE_Area":97.30610035898773},"geometry":{"type":"Polygon","coordinates":[[[32.702271,25.915026],[32.702235,25.915157],[32.70231,25.91514],[32.702271,25.915026]]]}},{"type":"Feature","properties":{"source_layer":"Building","source_feature_count":1,"BuildingType":2,"land_use":"سكنى","اسم_المحور":null,"اسم_المحافظة":null,"متوسط_عدد_الادوار_بالعقار":null,"متوسط_عدد_الشقق_بالدور":null,"متوسط_مساحة_الشقق_بالمنطقة":null,"نوع_نمط_العمران":null,"نوع_طبيعة_المنطقة":null,"سعر_العمارة":null,"نوع_الأرض":null,"المساحة_كم2":null,"GlobalID":"{450DA360-7C75-4404-A6FC-C2475CCEB334}","created_user":"gpr.gps","created_date":"2026-04-11T07:55:37Z","last_edited_user":"gpr.gps","last_edited_date":"2026-04-11T07:55:37Z","مساحة_كم2":null,"SHAPE_Length":55.04712063179762,"SHAPE_Area":189.6790637685342},"geometry":{"type":"Polygon","coordinates":[[[32.701821,25.915243],[32.701799,25.915112],[32.701671,25.915138],[32.701693,25.915265],[32.701821,25.915243]]]}},{"type":"Feature","properties":{"source_layer":"Building","source_feature_count":1,"BuildingType":2,"land_use":"سكنى","اسم_المحور":null,"اسم_المحافظة":null,"متوسط_عدد_الادوار_بالعقار":null,"متوسط_عدد_الشقق_بالدور":null,"متوسط_مساحة_الشقق_بالمنطقة":null,"نوع_نمط_العمران":null,"نوع_طبيعة_المنطقة":null,"سعر_العمارة":null,"نوع_الأرض":null,"المساحة_كم2":null,"GlobalID":"{142E312A-8B53-4026-A9F7-1954E8A85F8F}","created_user":"gpr.gps","created_date":"2026-04-11T07:55:37Z","last_edited_user":"gpr.gps","last_edited_date":"2026-04-11T07:55:37Z","مساحة_كم2":null,"SHAPE_Length":38.59609251281128,"SHAPE_Area":73.1667676142281},"geometry":{"type":"Polygon","coordinates":[[[32.702185,25.91517],[32.702205,25.915035],[32.702154,25.915043],[32.702185,25.91517]]]}},{"type":"Feature","properties":{"source_layer":"Building","source_feature_count":1,"BuildingType":2,"land_use":"سكنى","اسم_المحور":null,"اسم_المحافظة":null,"متوسط_عدد_الادوار_بالعقار":null,"متوسط_عدد_الشقق_بالدور":null,"متوسط_مساحة_الشقق_بالمنطقة":null,"نوع_نمط_العمران":null,"نوع_طبيعة_المنطقة":null,"سعر_العمارة":null,"نوع_الأرض":null,"المساحة_كم2":null,"GlobalID":"{97F6D9DF-12D3-4366-B6E3-E0F3CF81F91C}","created_user":"gpr.gps","created_date":"2026-04-11T07:55:37Z","last_edited_user":"gpr.gps","last_edited_date":"2026-04-11T07:55:37Z","مساحة_كم2":null,"SHAPE_Length":55.8511797470355,"SHAPE_Area":191.03923318510238},"geometry":{"type":"Polygon","coordinates":[[[32.701195,25.914773],[32.70135,25.914744],[32.701324,25.914636],[32.701169,25.914669],[32.701195,25.914773]]]}},{"type":"Feature","properties":{"source_layer":"Building","source_feature_count":1,"BuildingType":2,"land_use":"سكنى","اسم_المحور":null,"اسم_المحافظة":null,"متوسط_عدد_الادوار_بالعقار":null,"متوسط_عدد_الشقق_بالدور":null,"متوسط_مساحة_الشقق_بالمنطقة":null,"نوع_نمط_العمران":null,"نوع_طبيعة_المنطقة":null,"سعر_العمارة":null,"نوع_الأرض":null,"المساحة_كم2":null,"GlobalID":"{76AE1CF8-10DE-4F8B-AA70-90F53C00F091}","created_user":"gpr.gps","created_date":"2026-04-11T07:55:37Z","last_edited_user":"gpr.gps","last_edited_date":"2026-04-11T07:55:37Z","مساحة_كم2":null,"SHAPE_Length":56.754559930828634,"SHAPE_Area":183.46683399564048},"geometry":{"type":"Polygon","coordinates":[[[32.70095,25.91459],[32.700985,25.914752],[32.701084,25.914734],[32.701046,25.91457],[32.70095,25.91459]]]}},{"type":"Feature","properties":{"source_layer":"Building","source_feature_count":1,"BuildingType":2,"land_use":"سكنى","اسم_المحور":null,"اسم_المحافظة":null,"متوسط_عدد_الادوار_بالعقار":null,"متوسط_عدد_الشقق_بالدور":null,"متوسط_مساحة_الشقق_بالمنطقة":null,"نوع_نمط_العمران":null,"نوع_طبيعة_المنطقة":null,"سعر_العمارة":null,"نوع_الأرض":null,"المساحة_كم2":null,"GlobalID":"{B2E1E12F-148E-4B7C-B86B-EC675EDE1B5E}","created_user":"gpr.gps","created_date":"2026-04-11T07:55:37Z","last_edited_user":"gpr.gps","last_edited_date":"2026-04-11T07:55:37Z","مساحة_كم2":null,"SHAPE_Length":56.358563265972656,"SHAPE_Area":168.38674042333963},"geometry":{"type":"Polygon","coordinates":[[[32.701158,25.914929],[32.701109,25.914757],[32.701032,25.914771],[32.701073,25.914948],[32.701158,25.914929]]]}},{"type":"Feature","properties":{"source_layer":"Building","source_feature_count":1,"BuildingType":2,"land_use":"سكنى","اسم_المحور":null,"اسم_المحافظة":null,"متوسط_عدد_الادوار_بالعقار":null,"متوسط_عدد_الشقق_بالدور":null,"متوسط_مساحة_الشقق_بالمنطقة":null,"نوع_نمط_العمران":null,"نوع_طبيعة_المنطقة":null,"سعر_العمارة":null,"نوع_الأرض":null,"المساحة_كم2":null,"GlobalID":"{4440B567-C045-4084-A7DD-52E5264A0801}","created_user":"gpr.gps","created_date":"2026-04-11T07:55:37Z","last_edited_user":"gpr.gps","last_edited_date":"2026-04-11T07:55:37Z","مساحة_كم2":null,"SHAPE_Length":46.02086956873967,"SHAPE_Area":131.29847072488838},"geometry":{"type":"Polygon","coordinates":[[[32.701622,25.914943],[32.701705,25.914813],[32.701602,25.914831],[32.701622,25.914943]]]}},{"type":"Feature","properties":{"source_layer":"Building","source_feature_count":1,"BuildingType":2,"land_use":"سكنى","اسم_المحور":null,"اسم_المحافظة":null,"متوسط_عدد_الادوار_بالعقار":null,"متوسط_عدد_الشقق_بالدور":null,"متوسط_مساحة_الشقق_بالمنطقة":null,"نوع_نمط_العمران":null,"نوع_طبيعة_المنطقة":null,"سعر_العمارة":null,"نوع_الأرض":null,"المساحة_كم2":null,"GlobalID":"{9D20B7C1-9E67-4A7A-A7F9-9DFEAB8CACFE}","created_user":"gpr.gps","created_date":"2026-04-11T07:55:37Z","last_edited_user":"gpr.gps","last_edited_date":"2026-04-11T07:55:37Z","مساحة_كم2":null,"SHAPE_Length":53.54117692886403,"SHAPE_Area":159.50390265941158},"geometry":{"type":"Polygon","coordinates":[[[32.700751,25.914797],[32.700798,25.914622],[32.700709,25.914641],[32.700751,25.914797]]]}},{"type":"Feature","properties":{"source_layer":"Building","source_feature_count":1,"BuildingType":2,"land_use":"سكنى","اسم_المحور":null,"اسم_المحافظة":null,"متوسط_عدد_الادوار_بالعقار":null,"متوسط_عدد_الشقق_بالدور":null,"متوسط_مساحة_الشقق_بالمنطقة":null,"نوع_نمط_العمران":null,"نوع_طبيعة_المنطقة":null,"سعر_العمارة":null,"نوع_الأرض":null,"المساحة_كم2":null,"GlobalID":"{2BC6ACA6-5770-4670-B0B7-15E2FB198B7B}","created_user":"gpr.gps","created_date":"2026-04-11T07:55:37Z","last_edited_user":"gpr.gps","last_edited_date":"2026-04-11T07:55:37Z","مساحة_كم2":null,"SHAPE_Length":50.28352546791121,"SHAPE_Area":126.23197854226764},"geometry":{"type":"Polygon","coordinates":[[[32.70092,25.914765],[32.70095,25.91459],[32.70088,25.914605],[32.70092,25.914765]]]}},{"type":"Feature","properties":{"source_layer":"Building","source_feature_count":1,"BuildingType":2,"land_use":"سكنى","اسم_المحور":null,"اسم_المحافظة":null,"متوسط_عدد_الادوار_بالعقار":null,"متوسط_عدد_الشقق_بالدور":null,"متوسط_مساحة_الشقق_بالمنطقة":null,"نوع_نمط_العمران":null,"نوع_طبيعة_المنطقة":null,"سعر_العمارة":null,"نوع_الأرض":null,"المساحة_كم2":null,"GlobalID":"{BCFC6548-77E8-4818-B1F9-7BCA01669DEA}","created_user":"gpr.gps","created_date":"2026-04-11T07:55:37Z","last_edited_user":"gpr.gps","last_edited_date":"2026-04-11T07:55:37Z","مساحة_كم2":null,"SHAPE_Length":53.05034474095343,"SHAPE_Area":153.23588283736458},"geometry":{"type":"Polygon","coordinates":[[[32.700836,25.914781],[32.70088,25.914605],[32.700798,25.914622],[32.700836,25.914781]]]}},{"type":"Feature","properties":{"source_layer":"Building","source_feature_count":1,"BuildingType":2,"land_use":"سكنى","اسم_المحور":null,"اسم_المحافظة":null,"متوسط_عدد_الادوار_بالعقار":null,"متوسط_عدد_الشقق_بالدور":null,"متوسط_مساحة_الشقق_بالمنطقة":null,"نوع_نمط_العمران":null,"نوع_طبيعة_المنطقة":null,"سعر_العمارة":null,"نوع_الأرض":null,"المساحة_كم2":null,"GlobalID":"{15D501C2-E03E-470E-9B57-75C1634CBFBA}","created_user":"gpr.gps","created_date":"2026-04-11T07:55:37Z","last_edited_user":"gpr.gps","last_edited_date":"2026-04-11T07:55:37Z","مساحة_كم2":null,"SHAPE_Length":49.106404152237744,"SHAPE_Area":139.25621945249603},"geometry":{"type":"Polygon","coordinates":[[[32.701032,25.914771],[32.700974,25.91493],[32.701059,25.914904],[32.701032,25.914771]]]}},{"type":"Feature","properties":{"source_layer":"Building","source_feature_count":1,"BuildingType":2,"land_use":"سكنى","اسم_المحور":null,"اسم_المحافظة":null,"متوسط_عدد_الادوار_بالعقار":null,"متوسط_عدد_الشقق_بالدور":null,"متوسط_مساحة_الشقق_بالمنطقة":null,"نوع_نمط_العمران":null,"نوع_طبيعة_المنطقة":null,"سعر_العمارة":null,"نوع_الأرض":null,"المساحة_كم2":null,"GlobalID":"{F0F38253-99CB-446D-8A6E-40C0731975FD}","created_user":"gpr.gps","created_date":"2026-04-11T07:55:37Z","last_edited_user":"gpr.gps","last_edited_date":"2026-04-11T07:55:37Z","مساحة_كم2":null,"SHAPE_Length":49.455905219739535,"SHAPE_Area":134.88618524812028},"geometry":{"type":"Polygon","coordinates":[[[32.700902,25.914952],[32.700945,25.914787],[32.700859,25.914803],[32.700902,25.914952]]]}},{"type":"Feature","properties":{"source_layer":"Building","source_feature_count":1,"BuildingType":2,"land_use":"سكنى","اسم_المحور":null,"اسم_المحافظة":null,"متوسط_عدد_الادوار_بالعقار":null,"متوسط_عدد_الشقق_بالدور":null,"متوسط_مساحة_الشقق_بالمنطقة":null,"نوع_نمط_العمران":null,"نوع_طبيعة_المنطقة":null,"سعر_العمارة":null,"نوع_الأرض":null,"المساحة_كم2":null,"GlobalID":"{A7A7C2E3-5600-4037-89E2-1A0D730FC05E}","created_user":"gpr.gps","created_date":"2026-04-11T07:55:37Z","last_edited_user":"gpr.gps","last_edited_date":"2026-04-11T07:55:37Z","مساحة_كم2":null,"SHAPE_Length":51.20793996651071,"SHAPE_Area":138.2940391499902},"geometry":{"type":"Polygon","coordinates":[[[32.700946,25.915106],[32.700974,25.91493],[32.700902,25.914952],[32.700946,25.915106]]]}},{"type":"Feature","properties":{"source_layer":"Building","source_feature_count":1,"BuildingType":2,"land_use":"سكنى","اسم_المحور":null,"اسم_المحافظة":null,"متوسط_عدد_الادوار_بالعقار":null,"متوسط_عدد_الشقق_بالدور":null,"متوسط_مساحة_الشقق_بالمنطقة":null,"نوع_نمط_العمران":null,"نوع_طبيعة_المنطقة":null,"سعر_العمارة":null,"نوع_الأرض":null,"المساحة_كم2":null,"GlobalID":"{DB9D2B60-920B-44EF-ABA7-820EA5C4A4BC}","created_user":"gpr.gps","created_date":"2026-04-11T07:55:37Z","last_edited_user":"gpr.gps","last_edited_date":"2026-04-11T07:55:37Z","مساحة_كم2":null,"SHAPE_Length":54.382314529458355,"SHAPE_Area":163.84186410703788},"geometry":{"type":"Polygon","coordinates":[[[32.701108,25.915064],[32.701059,25.914904],[32.700974,25.91493],[32.701021,25.915086],[32.701108,25.915064]]]}},{"type":"Feature","properties":{"source_layer":"Building","source_feature_count":1,"BuildingType":2,"land_use":"سكنى","اسم_المحور":null,"اسم_المحافظة":null,"متوسط_عدد_الادوار_بالعقار":null,"متوسط_عدد_الشقق_بالدور":null,"متوسط_مساحة_الشقق_بالمنطقة":null,"نوع_نمط_العمران":null,"نوع_طبيعة_المنطقة":null,"سعر_العمارة":null,"نوع_الأرض":null,"المساحة_كم2":null,"GlobalID":"{45DE21FC-15C0-4341-8510-55C5BFD972CF}","created_user":"gpr.gps","created_date":"2026-04-11T07:55:37Z","last_edited_user":"gpr.gps","last_edited_date":"2026-04-11T07:55:37Z","مساحة_كم2":null,"SHAPE_Length":43.660984832271666,"SHAPE_Area":114.1455883735221},"geometry":{"type":"Polygon","coordinates":[[[32.70119,25.915042],[32.701073,25.914948],[32.701108,25.915064],[32.70119,25.915042]]]}},{"type":"Feature","properties":{"source_layer":"Building","source_feature_count":1,"BuildingType":2,"land_use":"سكنى","اسم_المحور":null,"اسم_المحافظة":null,"متوسط_عدد_الادوار_بالعقار":null,"متوسط_عدد_الشقق_بالدور":null,"متوسط_مساحة_الشقق_بالمنطقة":null,"نوع_نمط_العمران":null,"نوع_طبيعة_المنطقة":null,"سعر_العمارة":null,"نوع_الأرض":null,"المساحة_كم2":null,"GlobalID":"{4C0A8C3E-059E-4B22-9F20-BCD5384220BC}","created_user":"gpr.gps","created_date":"2026-04-11T07:55:37Z","last_edited_user":"gpr.gps","last_edited_date":"2026-04-11T07:55:37Z","مساحة_كم2":null,"SHAPE_Length":51.850902918551064,"SHAPE_Area":167.85328472173802},"geometry":{"type":"Polygon","coordinates":[[[32.701484,25.914968],[32.701461,25.914857],[32.701329,25.91488],[32.701354,25.914992],[32.701484,25.914968]]]}},{"type":"Feature","properties":{"source_layer":"Building","source_feature_count":1,"BuildingType":2,"land_use":"سكنى","اسم_المحور":null,"اسم_المحافظة":null,"متوسط_عدد_الادوار_بالعقار":null,"متوسط_عدد_الشقق_بالدور":null,"متوسط_مساحة_الشقق_بالمنطقة":null,"نوع_نمط_العمران":null,"نوع_طبيعة_المنطقة":null,"سعر_العمارة":null,"نوع_الأرض":null,"المساحة_كم2":null,"GlobalID":"{56867946-6BED-4A36-964D-0A84988B08A4}","created_user":"gpr.gps","created_date":"2026-04-11T07:55:37Z","last_edited_user":"gpr.gps","last_edited_date":"2026-04-11T07:55:37Z","مساحة_كم2":null,"SHAPE_Length":53.688843116358505,"SHAPE_Area":179.2935322443935},"geometry":{"type":"Polygon","coordinates":[[[32.701622,25.914943],[32.701602,25.914831],[32.701461,25.914857],[32.701484,25.914968],[32.701622,25.914943]]]}},{"type":"Feature","properties":{"source_layer":"Building","source_feature_count":1,"BuildingType":2,"land_use":"سكنى","اسم_المحور":null,"اسم_المحافظة":null,"متوسط_عدد_الادوار_بالعقار":null,"متوسط_عدد_الشقق_بالدور":null,"متوسط_مساحة_الشقق_بالمنطقة":null,"نوع_نمط_العمران":null,"نوع_طبيعة_المنطقة":null,"سعر_العمارة":null,"نوع_الأرض":null,"المساحة_كم2":null,"GlobalID":"{71B8C60F-3D64-478E-9443-7FED44A1C2C9}","created_user":"gpr.gps","created_date":"2026-04-11T07:55:37Z","last_edited_user":"gpr.gps","last_edited_date":"2026-04-11T07:55:37Z","مساحة_كم2":null,"SHAPE_Length":39.4096252699948,"SHAPE_Area":90.07136327809866},"geometry":{"type":"Polygon","coordinates":[[[32.701775,25.9148],[32.701726,25.914924],[32.701796,25.914911],[32.701775,25.9148]]]}},{"type":"Feature","properties":{"source_layer":"Building","source_feature_count":1,"BuildingType":2,"land_use":"سكنى","اسم_المحور":null,"اسم_المحافظة":null,"متوسط_عدد_الادوار_بالعقار":null,"متوسط_عدد_الشقق_بالدور":null,"متوسط_مساحة_الشقق_بالمنطقة":null,"نوع_نمط_العمران":null,"نوع_طبيعة_المنطقة":null,"سعر_العمارة":null,"نوع_الأرض":null,"المساحة_كم2":null,"GlobalID":"{0761C247-44DF-4576-B7F0-55B71C24D81A}","created_user":"gpr.gps","created_date":"2026-04-11T07:55:37Z","last_edited_user":"gpr.gps","last_edited_date":"2026-04-11T07:55:37Z","مساحة_كم2":null,"SHAPE_Length":31.959057749811983,"SHAPE_Area":61.912353393512575},"geometry":{"type":"Polygon","coordinates":[[[32.701385,25.91487],[32.701432,25.914776],[32.701368,25.914787],[32.701385,25.91487]]]}},{"type":"Feature","properties":{"source_layer":"Building","source_feature_count":1,"BuildingType":2,"land_use":"سكنى","اسم_المحور":null,"اسم_المحافظة":null,"متوسط_عدد_الادوار_بالعقار":null,"متوسط_عدد_الشقق_بالدور":null,"متوسط_مساحة_الشقق_بالمنطقة":null,"نوع_نمط_العمران":null,"نوع_طبيعة_المنطقة":null,"سعر_العمارة":null,"نوع_الأرض":null,"المساحة_كم2":null,"GlobalID":"{FA6790A7-20DB-43F1-9431-EF71246D24AD}","created_user":"gpr.gps","created_date":"2026-04-11T07:55:37Z","last_edited_user":"gpr.gps","last_edited_date":"2026-04-11T07:55:37Z","مساحة_كم2":null,"SHAPE_Length":57.1300080588515,"SHAPE_Area":203.8701772255547},"geometry":{"type":"Polygon","coordinates":[[[32.702719,25.916268],[32.702856,25.916232],[32.702814,25.916105],[32.702682,25.916144],[32.702719,25.916268]]]}},{"type":"Feature","properties":{"source_layer":"Building","source_feature_count":1,"BuildingType":2,"land_use":"سكنى","اسم_المحور":null,"اسم_المحافظة":null,"متوسط_عدد_الادوار_بالعقار":null,"متوسط_عدد_الشقق_بالدور":null,"متوسط_مساحة_الشقق_بالمنطقة":null,"نوع_نمط_العمران":null,"نوع_طبيعة_المنطقة":null,"سعر_العمارة":null,"نوع_الأرض":null,"المساحة_كم2":null,"GlobalID":"{9369F15C-A09F-4F68-8F6D-24AC3A29F618}","created_user":"gpr.gps","created_date":"2026-04-11T07:55:37Z","last_edited_user":"gpr.gps","last_edited_date":"2026-04-11T07:55:37Z","مساحة_كم2":null,"SHAPE_Length":56.775332314158206,"SHAPE_Area":201.3727151751402},"geometry":{"type":"Polygon","coordinates":[[[32.702241,25.916393],[32.702378,25.916354],[32.702332,25.916233],[32.702199,25.916268],[32.702241,25.916393]]]}},{"type":"Feature","properties":{"source_layer":"Building","source_feature_count":1,"BuildingType":2,"land_use":"سكنى","اسم_المحور":null,"اسم_المحافظة":null,"متوسط_عدد_الادوار_بالعقار":null,"متوسط_عدد_الشقق_بالدور":null,"متوسط_مساحة_الشقق_بالمنطقة":null,"نوع_نمط_العمران":null,"نوع_طبيعة_المنطقة":null,"سعر_العمارة":null,"نوع_الأرض":null,"المساحة_كم2":null,"GlobalID":"{C1388D79-291E-4347-ABF8-68A01B8C740D}","created_user":"gpr.gps","created_date":"2026-04-11T07:55:37Z","last_edited_user":"gpr.gps","last_edited_date":"2026-04-11T07:55:37Z","مساحة_كم2":null,"SHAPE_Length":113.67007379885911,"SHAPE_Area":704.5081745700726},"geometry":{"type":"Polygon","coordinates":[[[32.702625,25.91634],[32.702738,25.916592],[32.702951,25.916552],[32.702878,25.916286],[32.702625,25.91634]]]}},{"type":"Feature","properties":{"source_layer":"Building","source_feature_count":1,"BuildingType":2,"land_use":"سكنى","اسم_المحور":null,"اسم_المحافظة":null,"متوسط_عدد_الادوار_بالعقار":null,"متوسط_عدد_الشقق_بالدور":null,"متوسط_مساحة_الشقق_بالمنطقة":null,"نوع_نمط_العمران":null,"نوع_طبيعة_المنطقة":null,"سعر_العمارة":null,"نوع_الأرض":null,"المساحة_كم2":null,"GlobalID":"{56846CC0-96DD-42AF-9B12-3FA47A27F0FA}","created_user":"gpr.gps","created_date":"2026-04-11T07:55:37Z","last_edited_user":"gpr.gps","last_edited_date":"2026-04-11T07:55:37Z","مساحة_كم2":null,"SHAPE_Length":65.03783184939566,"SHAPE_Area":243.80914198623807},"geometry":{"type":"Polygon","coordinates":[[[32.701116,25.916928],[32.701051,25.916739],[32.70094,25.916763],[32.700999,25.916928],[32.701116,25.916928]]]}},{"type":"Feature","properties":{"source_layer":"Building","source_feature_count":1,"BuildingType":2,"land_use":"سكنى","اسم_المحور":null,"اسم_المحافظة":null,"متوسط_عدد_الادوار_بالعقار":null,"متوسط_عدد_الشقق_بالدور":null,"متوسط_مساحة_الشقق_بالمنطقة":null,"نوع_نمط_العمران":null,"نوع_طبيعة_المنطقة":null,"سعر_العمارة":null,"نوع_الأرض":null,"المساحة_كم2":null,"GlobalID":"{0917D087-D537-40D7-AB7D-79BDDC714C20}","created_user":"gpr.gps","created_date":"2026-04-11T07:55:37Z","last_edited_user":"gpr.gps","last_edited_date":"2026-04-11T07:55:37Z","مساحة_كم2":null,"SHAPE_Length":63.53361592523159,"SHAPE_Area":213.74980491030166},"geometry":{"type":"Polygon","coordinates":[[[32.701214,25.916908],[32.701143,25.916719],[32.701051,25.916739],[32.701116,25.916928],[32.701214,25.916908]]]}},{"type":"Feature","properties":{"source_layer":"Building","source_feature_count":1,"BuildingType":2,"land_use":"سكنى","اسم_المحور":null,"اسم_المحافظة":null,"متوسط_عدد_الادوار_بالعقار":null,"متوسط_عدد_الشقق_بالدور":null,"متوسط_مساحة_الشقق_بالمنطقة":null,"نوع_نمط_العمران":null,"نوع_طبيعة_المنطقة":null,"سعر_العمارة":null,"نوع_الأرض":null,"المساحة_كم2":null,"GlobalID":"{30ABFD6B-0226-4FED-A8EB-21D99DB6F57C}","created_user":"gpr.gps","created_date":"2026-04-11T07:55:37Z","last_edited_user":"gpr.gps","last_edited_date":"2026-04-11T07:55:37Z","مساحة_كم2":null,"SHAPE_Length":129.434399010228,"SHAPE_Area":634.1657767196923},"geometry":{"type":"Polygon","coordinates":[[[32.701619,25.916824],[32.701587,25.916709],[32.701143,25.916719],[32.701214,25.916908],[32.701619,25.916824]]]}},{"type":"Feature","properties":{"source_layer":"Building","source_feature_count":1,"BuildingType":2,"land_use":"سكنى","اسم_المحور":null,"اسم_المحافظة":null,"متوسط_عدد_الادوار_بالعقار":null,"متوسط_عدد_الشقق_بالدور":null,"متوسط_مساحة_الشقق_بالمنطقة":null,"نوع_نمط_العمران":null,"نوع_طبيعة_المنطقة":null,"سعر_العمارة":null,"نوع_الأرض":null,"المساحة_كم2":null,"GlobalID":"{1909A005-FDF0-46B4-96AA-A0681E934CE1}","created_user":"gpr.gps","created_date":"2026-04-11T07:55:37Z","last_edited_user":"gpr.gps","last_edited_date":"2026-04-11T07:55:37Z","مساحة_كم2":null,"SHAPE_Length":68.15751782643514,"SHAPE_Area":224.00610320360346},"geometry":{"type":"Polygon","coordinates":[[[32.701495,25.916729],[32.701473,25.916647],[32.701232,25.916699],[32.701299,25.916772],[32.701495,25.916729]]]}},{"type":"Feature","properties":{"source_layer":"Building","source_feature_count":1,"BuildingType":2,"land_use":"سكنى","اسم_المحور":null,"اسم_المحافظة":null,"متوسط_عدد_الادوار_بالعقار":null,"متوسط_عدد_الشقق_بالدور":null,"متوسط_مساحة_الشقق_بالمنطقة":null,"نوع_نمط_العمران":null,"نوع_طبيعة_المنطقة":null,"سعر_العمارة":null,"نوع_الأرض":null,"المساحة_كم2":null,"GlobalID":"{C62F9C72-5A40-44AC-88CC-911499E7A867}","created_user":"gpr.gps","created_date":"2026-04-11T07:55:37Z","last_edited_user":"gpr.gps","last_edited_date":"2026-04-11T07:55:37Z","مساحة_كم2":null,"SHAPE_Length":49.24803085225005,"SHAPE_Area":142.68448681676185},"geometry":{"type":"Polygon","coordinates":[[[32.701495,25.916729],[32.701617,25.916615],[32.701473,25.916647],[32.701495,25.916729]]]}},{"type":"Feature","properties":{"source_layer":"Building","source_feature_count":1,"BuildingType":2,"land_use":"سكنى","اسم_المحور":null,"اسم_المحافظة":null,"متوسط_عدد_الادوار_بالعقار":null,"متوسط_عدد_الشقق_بالدور":null,"متوسط_مساحة_الشقق_بالمنطقة":null,"نوع_نمط_العمران":null,"نوع_طبيعة_المنطقة":null,"سعر_العمارة":null,"نوع_الأرض":null,"المساحة_كم2":null,"GlobalID":"{ACFDAB4D-0BF0-4608-9604-37425D5F7B24}","created_user":"gpr.gps","created_date":"2026-04-11T07:55:37Z","last_edited_user":"gpr.gps","last_edited_date":"2026-04-11T07:55:37Z","مساحة_كم2":null,"SHAPE_Length":150.90373168054612,"SHAPE_Area":791.7180984799838},"geometry":{"type":"Polygon","coordinates":[[[32.702549,25.916631],[32.702525,25.916521],[32.701905,25.916645],[32.701945,25.916756],[32.702549,25.916631]]]}},{"type":"Feature","properties":{"source_layer":"Building","source_feature_count":1,"BuildingType":2,"land_use":"سكنى","اسم_المحور":null,"اسم_المحافظة":null,"متوسط_عدد_الادوار_بالعقار":null,"متوسط_عدد_الشقق_بالدور":null,"متوسط_مساحة_الشقق_بالمنطقة":null,"نوع_نمط_العمران":null,"نوع_طبيعة_المنطقة":null,"سعر_العمارة":null,"نوع_الأرض":null,"المساحة_كم2":null,"GlobalID":"{5F48262C-6F9E-4EA6-ABB7-41CA74331B50}","created_user":"gpr.gps","created_date":"2026-04-11T07:55:37Z","last_edited_user":"gpr.gps","last_edited_date":"2026-04-11T07:55:37Z","مساحة_كم2":null,"SHAPE_Length":38.89799864119844,"SHAPE_Area":82.88660233784671},"geometry":{"type":"Polygon","coordinates":[[[32.701684,25.91681],[32.701587,25.916709],[32.701619,25.916824],[32.701684,25.91681]]]}},{"type":"Feature","properties":{"source_layer":"Building","source_feature_count":1,"BuildingType":2,"land_use":"سكنى","اسم_المحور":null,"اسم_المحافظة":null,"متوسط_عدد_الادوار_بالعقار":null,"متوسط_عدد_الشقق_بالدور":null,"متوسط_مساحة_الشقق_بالمنطقة":null,"نوع_نمط_العمران":null,"نوع_طبيعة_المنطقة":null,"سعر_العمارة":null,"نوع_الأرض":null,"المساحة_كم2":null,"GlobalID":"{72D4AC5D-CC16-43A4-8FD3-BFB3E8B947C1}","created_user":"gpr.gps","created_date":"2026-04-11T07:55:37Z","last_edited_user":"gpr.gps","last_edited_date":"2026-04-11T07:55:37Z","مساحة_كم2":null,"SHAPE_Length":42.67426723366073,"SHAPE_Area":107.93629016723065},"geometry":{"type":"Polygon","coordinates":[[[32.701684,25.91681],[32.701731,25.91668],[32.701645,25.916697],[32.701684,25.91681]]]}},{"type":"Feature","properties":{"source_layer":"Building","source_feature_count":1,"BuildingType":2,"land_use":"سكنى","اسم_المحور":null,"اسم_المحافظة":null,"متوسط_عدد_الادوار_بالعقار":null,"متوسط_عدد_الشقق_بالدور":null,"متوسط_مساحة_الشقق_بالمنطقة":null,"نوع_نمط_العمران":null,"نوع_طبيعة_المنطقة":null,"سعر_العمارة":null,"نوع_الأرض":null,"المساحة_كم2":null,"GlobalID":"{F22083F8-2F29-4E71-A096-B6FF149431F6}","created_user":"gpr.gps","created_date":"2026-04-11T07:55:37Z","last_edited_user":"gpr.gps","last_edited_date":"2026-04-11T07:55:37Z","مساحة_كم2":null,"SHAPE_Length":36.36047069648793,"SHAPE_Area":72.1107478638126},"geometry":{"type":"Polygon","coordinates":[[[32.702549,25.916631],[32.702581,25.91651],[32.702525,25.916521],[32.702549,25.916631]]]}},{"type":"Feature","properties":{"source_layer":"Building","source_feature_count":1,"BuildingType":2,"land_use":"سكنى","اسم_المحور":null,"اسم_المحافظة":null,"متوسط_عدد_الادوار_بالعقار":null,"متوسط_عدد_الشقق_بالدور":null,"متوسط_مساحة_الشقق_بالمنطقة":null,"نوع_نمط_العمران":null,"نوع_طبيعة_المنطقة":null,"سعر_العمارة":null,"نوع_الأرض":null,"المساحة_كم2":null,"GlobalID":"{749448F4-A4D9-4CCA-9396-17279CEC0D94}","created_user":"gpr.gps","created_date":"2026-04-11T07:55:37Z","last_edited_user":"gpr.gps","last_edited_date":"2026-04-11T07:55:37Z","مساحة_كم2":null,"SHAPE_Length":43.30972548247642,"SHAPE_Area":112.42203006679851},"geometry":{"type":"Polygon","coordinates":[[[32.701759,25.916795],[32.701811,25.916664],[32.701731,25.91668],[32.701759,25.916795]]]}},{"type":"Feature","properties":{"source_layer":"Building","source_feature_count":1,"BuildingType":2,"land_use":"سكنى","اسم_المحور":null,"اسم_المحافظة":null,"متوسط_عدد_الادوار_بالعقار":null,"متوسط_عدد_الشقق_بالدور":null,"متوسط_مساحة_الشقق_بالمنطقة":null,"نوع_نمط_العمران":null,"نوع_طبيعة_المنطقة":null,"سعر_العمارة":null,"نوع_الأرض":null,"المساحة_كم2":null,"GlobalID":"{887838A5-24EF-435E-B5FE-470DCD416E18}","created_user":"gpr.gps","created_date":"2026-04-11T07:55:37Z","last_edited_user":"gpr.gps","last_edited_date":"2026-04-11T07:55:37Z","مساحة_كم2":null,"SHAPE_Length":45.41062449872973,"SHAPE_Area":125.8961786019889},"geometry":{"type":"Polygon","coordinates":[[[32.701945,25.916756],[32.701905,25.916645],[32.701811,25.916664],[32.701849,25.916776],[32.701945,25.916756]]]}},{"type":"Feature","properties":{"source_layer":"Building","source_feature_count":1,"BuildingType":2,"land_use":"سكنى","اسم_المحور":null,"اسم_المحافظة":null,"متوسط_عدد_الادوار_بالعقار":null,"متوسط_عدد_الشقق_بالدور":null,"متوسط_مساحة_الشقق_بالمنطقة":null,"نوع_نمط_العمران":null,"نوع_طبيعة_المنطقة":null,"سعر_العمارة":null,"نوع_الأرض":null,"المساحة_كم2":null,"GlobalID":"{75BF6132-2543-424F-BA9C-6EF19820FEA4}","created_user":"gpr.gps","created_date":"2026-04-11T07:55:37Z","last_edited_user":"gpr.gps","last_edited_date":"2026-04-11T07:55:37Z","مساحة_كم2":null,"SHAPE_Length":51.80580905589843,"SHAPE_Area":167.14555725057187},"geometry":{"type":"Polygon","coordinates":[[[32.702738,25.916592],[32.702716,25.916483],[32.702581,25.91651],[32.702606,25.916619],[32.702738,25.916592]]]}},{"type":"Feature","properties":{"source_layer":"Building","source_feature_count":1,"BuildingType":2,"land_use":"سكنى","اسم_المحور":null,"اسم_المحافظة":null,"متوسط_عدد_الادوار_بالعقار":null,"متوسط_عدد_الشقق_بالدور":null,"متوسط_مساحة_الشقق_بالمنطقة":null,"نوع_نمط_العمران":null,"نوع_طبيعة_المنطقة":null,"سعر_العمارة":null,"نوع_الأرض":null,"المساحة_كم2":null,"GlobalID":"{70560D3E-E633-48D6-97DA-FB819AAC5B73}","created_user":"gpr.gps","created_date":"2026-04-11T07:55:37Z","last_edited_user":"gpr.gps","last_edited_date":"2026-04-11T07:55:37Z","مساحة_كم2":null,"SHAPE_Length":53.627071341037215,"SHAPE_Area":165.57088901784545},"geometry":{"type":"Polygon","coordinates":[[[32.701645,25.916697],[32.701785,25.916578],[32.701617,25.916615],[32.701645,25.916697]]]}},{"type":"Feature","properties":{"source_layer":"Building","source_feature_count":1,"BuildingType":2,"land_use":"سكنى","اسم_المحور":null,"اسم_المحافظة":null,"متوسط_عدد_الادوار_بالعقار":null,"متوسط_عدد_الشقق_بالدور":null,"متوسط_مساحة_الشقق_بالمنطقة":null,"نوع_نمط_العمران":null,"نوع_طبيعة_المنطقة":null,"سعر_العمارة":null,"نوع_الأرض":null,"المساحة_كم2":null,"GlobalID":"{78FF45EC-D1F3-4EE6-9BCA-3F3DDEE00037}","created_user":"gpr.gps","created_date":"2026-04-11T07:55:37Z","last_edited_user":"gpr.gps","last_edited_date":"2026-04-11T07:55:37Z","مساحة_كم2":null,"SHAPE_Length":47.3043484393167,"SHAPE_Area":135.7142974070805},"geometry":{"type":"Polygon","coordinates":[[[32.701811,25.916664],[32.701913,25.91655],[32.701785,25.916578],[32.701811,25.916664]]]}},{"type":"Feature","properties":{"source_layer":"Building","source_feature_count":1,"BuildingType":2,"land_use":"سكنى","اسم_المحور":null,"اسم_المحافظة":null,"متوسط_عدد_الادوار_بالعقار":null,"متوسط_عدد_الشقق_بالدور":null,"متوسط_مساحة_الشقق_بالمنطقة":null,"نوع_نمط_العمران":null,"نوع_طبيعة_المنطقة":null,"سعر_العمارة":null,"نوع_الأرض":null,"المساحة_كم2":null,"GlobalID":"{BC0B9CEE-2B97-4DAD-9333-CAA31EA97DCB}","created_user":"gpr.gps","created_date":"2026-04-11T07:55:37Z","last_edited_user":"gpr.gps","last_edited_date":"2026-04-11T07:55:37Z","مساحة_كم2":null,"SHAPE_Length":78.1158075877491,"SHAPE_Area":316.92046947368976},"geometry":{"type":"Polygon","coordinates":[[[32.702214,25.916583],[32.702175,25.916472],[32.701913,25.91655],[32.701948,25.916637],[32.702214,25.916583]]]}},{"type":"Feature","properties":{"source_layer":"Building","source_feature_count":1,"BuildingType":2,"land_use":"سكنى","اسم_المحور":null,"اسم_المحافظة":null,"متوسط_عدد_الادوار_بالعقار":null,"متوسط_عدد_الشقق_بالدور":null,"متوسط_مساحة_الشقق_بالمنطقة":null,"نوع_نمط_العمران":null,"نوع_طبيعة_المنطقة":null,"سعر_العمارة":null,"نوع_الأرض":null,"المساحة_كم2":null,"GlobalID":"{9F67484B-C1BB-41B1-9490-0F795C83041E}","created_user":"gpr.gps","created_date":"2026-04-11T07:55:37Z","last_edited_user":"gpr.gps","last_edited_date":"2026-04-11T07:55:37Z","مساحة_كم2":null,"SHAPE_Length":84.89957593485346,"SHAPE_Area":397.64776963499446},"geometry":{"type":"Polygon","coordinates":[[[32.702466,25.916533],[32.702462,25.916388],[32.702175,25.916472],[32.702214,25.916583],[32.702466,25.916533]]]}},{"type":"Feature","properties":{"source_layer":"Building","source_feature_count":1,"BuildingType":2,"land_use":"سكنى","اسم_المحور":null,"اسم_المحافظة":null,"متوسط_عدد_الادوار_بالعقار":null,"متوسط_عدد_الشقق_بالدور":null,"متوسط_مساحة_الشقق_بالمنطقة":null,"نوع_نمط_العمران":null,"نوع_طبيعة_المنطقة":null,"سعر_العمارة":null,"نوع_الأرض":null,"المساحة_كم2":null,"GlobalID":"{A4F667A4-9CE4-42B6-8DBB-00E21056EB2A}","created_user":"gpr.gps","created_date":"2026-04-11T07:55:37Z","last_edited_user":"gpr.gps","last_edited_date":"2026-04-11T07:55:37Z","مساحة_كم2":null,"SHAPE_Length":59.38994307609809,"SHAPE_Area":213.59642044709807},"geometry":{"type":"Polygon","coordinates":[[[32.702462,25.916388],[32.702603,25.916506],[32.702578,25.916354],[32.702462,25.916388]]]}},{"type":"Feature","properties":{"source_layer":"Building","source_feature_count":1,"BuildingType":2,"land_use":"سكنى","اسم_المحور":null,"اسم_المحافظة":null,"متوسط_عدد_الادوار_بالعقار":null,"متوسط_عدد_الشقق_بالدور":null,"متوسط_مساحة_الشقق_بالمنطقة":null,"نوع_نمط_العمران":null,"نوع_طبيعة_المنطقة":null,"سعر_العمارة":null,"نوع_الأرض":null,"المساحة_كم2":null,"GlobalID":"{EA152444-56DA-433C-893F-5A909146369F}","created_user":"gpr.gps","created_date":"2026-04-11T07:55:37Z","last_edited_user":"gpr.gps","last_edited_date":"2026-04-11T07:55:37Z","مساحة_كم2":null,"SHAPE_Length":52.82400078838834,"SHAPE_Area":130.15021402513577},"geometry":{"type":"Polygon","coordinates":[[[32.702697,25.916487],[32.702625,25.91634],[32.702578,25.916354],[32.702603,25.916506],[32.702697,25.916487]]]}},{"type":"Feature","properties":{"source_layer":"Building","source_feature_count":1,"BuildingType":2,"land_use":"سكنى","اسم_المحور":null,"اسم_المحافظة":null,"متوسط_عدد_الادوار_بالعقار":null,"متوسط_عدد_الشقق_بالدور":null,"متوسط_مساحة_الشقق_بالمنطقة":null,"نوع_نمط_العمران":null,"نوع_طبيعة_المنطقة":null,"سعر_العمارة":null,"نوع_الأرض":null,"المساحة_كم2":null,"GlobalID":"{D7A8930A-7B72-46D0-952B-312EB879B44A}","created_user":"gpr.gps","created_date":"2026-04-11T07:55:37Z","last_edited_user":"gpr.gps","last_edited_date":"2026-04-11T07:55:37Z","مساحة_كم2":null,"SHAPE_Length":44.376192047036874,"SHAPE_Area":118.27425223608},"geometry":{"type":"Polygon","coordinates":[[[32.701183,25.915735],[32.701085,25.915848],[32.701204,25.915812],[32.701183,25.915735]]]}},{"type":"Feature","properties":{"source_layer":"Building","source_feature_count":1,"BuildingType":2,"land_use":"سكنى","اسم_المحور":null,"اسم_المحافظة":null,"متوسط_عدد_الادوار_بالعقار":null,"متوسط_عدد_الشقق_بالدور":null,"متوسط_مساحة_الشقق_بالمنطقة":null,"نوع_نمط_العمران":null,"نوع_طبيعة_المنطقة":null,"سعر_العمارة":null,"نوع_الأرض":null,"المساحة_كم2":null,"GlobalID":"{BCDDD8F0-72C1-4CBE-8E63-5C54E23B160D}","created_user":"gpr.gps","created_date":"2026-04-11T07:55:37Z","last_edited_user":"gpr.gps","last_edited_date":"2026-04-11T07:55:37Z","مساحة_كم2":null,"SHAPE_Length":76.84849916268004,"SHAPE_Area":337.90776734194117},"geometry":{"type":"Polygon","coordinates":[[[32.700923,25.91549],[32.701107,25.915675],[32.701057,25.915456],[32.700923,25.91549]]]}},{"type":"Feature","properties":{"source_layer":"Building","source_feature_count":1,"BuildingType":2,"land_use":"سكنى","اسم_المحور":null,"اسم_المحافظة":null,"متوسط_عدد_الادوار_بالعقار":null,"متوسط_عدد_الشقق_بالدور":null,"متوسط_مساحة_الشقق_بالمنطقة":null,"نوع_نمط_العمران":null,"نوع_طبيعة_المنطقة":null,"سعر_العمارة":null,"نوع_الأرض":null,"المساحة_كم2":null,"GlobalID":"{5764E027-4BD6-498C-BF04-CC5637EC8AB7}","created_user":"gpr.gps","created_date":"2026-04-11T07:55:37Z","last_edited_user":"gpr.gps","last_edited_date":"2026-04-11T07:55:37Z","مساحة_كم2":null,"SHAPE_Length":72.14703691076764,"SHAPE_Area":279.5211217037231},"geometry":{"type":"Polygon","coordinates":[[[32.701057,25.915456],[32.701107,25.915675],[32.701215,25.915647],[32.701166,25.915428],[32.701057,25.915456]]]}},{"type":"Feature","properties":{"source_layer":"Building","source_feature_count":1,"BuildingType":2,"land_use":"سكنى","اسم_المحور":null,"اسم_المحافظة":null,"متوسط_عدد_الادوار_بالعقار":null,"متوسط_عدد_الشقق_بالدور":null,"متوسط_مساحة_الشقق_بالمنطقة":null,"نوع_نمط_العمران":null,"نوع_طبيعة_المنطقة":null,"سعر_العمارة":null,"نوع_الأرض":null,"المساحة_كم2":null,"GlobalID":"{6A121794-2213-485F-8A9F-00AC352984C4}","created_user":"gpr.gps","created_date":"2026-04-11T07:55:37Z","last_edited_user":"gpr.gps","last_edited_date":"2026-04-11T07:55:37Z","مساحة_كم2":null,"SHAPE_Length":49.6977243511232,"SHAPE_Area":149.9495831747862},"geometry":{"type":"Polygon","coordinates":[[[32.700972,25.915882],[32.700925,25.915757],[32.700828,25.915789],[32.700875,25.915912],[32.700972,25.915882]]]}},{"type":"Feature","properties":{"source_layer":"Building","source_feature_count":1,"BuildingType":2,"land_use":"سكنى","اسم_المحور":null,"اسم_المحافظة":null,"متوسط_عدد_الادوار_بالعقار":null,"متوسط_عدد_الشقق_بالدور":null,"متوسط_مساحة_الشقق_بالمنطقة":null,"نوع_نمط_العمران":null,"نوع_طبيعة_المنطقة":null,"سعر_العمارة":null,"نوع_الأرض":null,"المساحة_كم2":null,"GlobalID":"{9AE73EEB-5496-42B7-BF70-5CAC35BDFC3A}","created_user":"gpr.gps","created_date":"2026-04-11T07:55:37Z","last_edited_user":"gpr.gps","last_edited_date":"2026-04-11T07:55:37Z","مساحة_كم2":null,"SHAPE_Length":52.480121174169156,"SHAPE_Area":89.92313648959988},"geometry":{"type":"Polygon","coordinates":[[[32.700828,25.915789],[32.701024,25.915696],[32.700813,25.915751],[32.700828,25.915789]]]}},{"type":"Feature","properties":{"source_layer":"Building","source_feature_count":1,"BuildingType":2,"land_use":"سكنى","اسم_المحور":null,"اسم_المحافظة":null,"متوسط_عدد_الادوار_بالعقار":null,"متوسط_عدد_الشقق_بالدور":null,"متوسط_مساحة_الشقق_بالمنطقة":null,"نوع_نمط_العمران":null,"نوع_طبيعة_المنطقة":null,"سعر_العمارة":null,"نوع_الأرض":null,"المساحة_كم2":null,"GlobalID":"{E33A3E6E-A86A-42AD-A59E-9FF04230A85C}","created_user":"gpr.gps","created_date":"2026-04-11T07:55:37Z","last_edited_user":"gpr.gps","last_edited_date":"2026-04-11T07:55:37Z","مساحة_كم2":null,"SHAPE_Length":37.68027151307798,"SHAPE_Area":63.51451712662016},"geometry":{"type":"Polygon","coordinates":[[[32.701036,25.915733],[32.701164,25.915661],[32.701024,25.915696],[32.701036,25.915733]]]}},{"type":"Feature","properties":{"source_layer":"Building","source_feature_count":1,"BuildingType":2,"land_use":"سكنى","اسم_المحور":null,"اسم_المحافظة":null,"متوسط_عدد_الادوار_بالعقار":null,"متوسط_عدد_الشقق_بالدور":null,"متوسط_مساحة_الشقق_بالمنطقة":null,"نوع_نمط_العمران":null,"نوع_طبيعة_المنطقة":null,"سعر_العمارة":null,"نوع_الأرض":null,"المساحة_كم2":null,"GlobalID":"{B96AA548-8F16-443A-A6F4-6C00A40AA0D1}","created_user":"gpr.gps","created_date":"2026-04-11T07:55:37Z","last_edited_user":"gpr.gps","last_edited_date":"2026-04-11T07:55:37Z","مساحة_كم2":null,"SHAPE_Length":65.67117042660993,"SHAPE_Area":139.8791605025455},"geometry":{"type":"Polygon","coordinates":[[[32.700925,25.915757],[32.701183,25.915735],[32.701175,25.915701],[32.700925,25.915757]]]}},{"type":"Feature","properties":{"source_layer":"Building","source_feature_count":1,"BuildingType":2,"land_use":"سكنى","اسم_المحور":null,"اسم_المحافظة":null,"متوسط_عدد_الادوار_بالعقار":null,"متوسط_عدد_الشقق_بالدور":null,"متوسط_مساحة_الشقق_بالمنطقة":null,"نوع_نمط_العمران":null,"نوع_طبيعة_المنطقة":null,"سعر_العمارة":null,"نوع_الأرض":null,"المساحة_كم2":null,"GlobalID":"{D63DC75A-3649-4824-84E5-E6F1080AEFFD}","created_user":"gpr.gps","created_date":"2026-04-11T07:55:37Z","last_edited_user":"gpr.gps","last_edited_date":"2026-04-11T07:55:37Z","مساحة_كم2":null,"SHAPE_Length":37.81605097497623,"SHAPE_Area":82.61432637843569},"geometry":{"type":"Polygon","coordinates":[[[32.700972,25.915882],[32.701066,25.915792],[32.700949,25.915821],[32.700972,25.915882]]]}},{"type":"Feature","properties":{"source_layer":"Building","source_feature_count":1,"BuildingType":2,"land_use":"سكنى","اسم_المحور":null,"اسم_المحافظة":null,"متوسط_عدد_الادوار_بالعقار":null,"متوسط_عدد_الشقق_بالدور":null,"متوسط_مساحة_الشقق_بالمنطقة":null,"نوع_نمط_العمران":null,"نوع_طبيعة_المنطقة":null,"سعر_العمارة":null,"نوع_الأرض":null,"المساحة_كم2":null,"GlobalID":"{378024D8-78C5-4C1F-BFE1-D4FAB0F6647A}","created_user":"gpr.gps","created_date":"2026-04-11T07:55:37Z","last_edited_user":"gpr.gps","last_edited_date":"2026-04-11T07:55:37Z","مساحة_كم2":null,"SHAPE_Length":73.41271410885007,"SHAPE_Area":331.00447071111006},"geometry":{"type":"Polygon","coordinates":[[[32.701803,25.915706],[32.70186,25.915842],[32.702056,25.915789],[32.702002,25.915653],[32.701803,25.915706]]]}},{"type":"Feature","properties":{"source_layer":"Building","source_feature_count":1,"BuildingType":2,"land_use":"سكنى","اسم_المحور":null,"اسم_المحافظة":null,"متوسط_عدد_الادوار_بالعقار":null,"متوسط_عدد_الشقق_بالدور":null,"متوسط_مساحة_الشقق_بالمنطقة":null,"نوع_نمط_العمران":null,"نوع_طبيعة_المنطقة":null,"سعر_العمارة":null,"نوع_الأرض":null,"المساحة_كم2":null,"GlobalID":"{2B346150-947E-4671-B1AD-11B0D888DBCD}","created_user":"gpr.gps","created_date":"2026-04-11T07:55:37Z","last_edited_user":"gpr.gps","last_edited_date":"2026-04-11T07:55:37Z","مساحة_كم2":null,"SHAPE_Length":52.978265904519745,"SHAPE_Area":167.05811815670768},"geometry":{"type":"Polygon","coordinates":[[[32.70186,25.915842],[32.701803,25.915706],[32.701705,25.915732],[32.701759,25.915869],[32.70186,25.915842]]]}},{"type":"Feature","properties":{"source_layer":"Building","source_feature_count":1,"BuildingType":2,"land_use":"سكنى","اسم_المحور":null,"اسم_المحافظة":null,"متوسط_عدد_الادوار_بالعقار":null,"متوسط_عدد_الشقق_بالدور":null,"متوسط_مساحة_الشقق_بالمنطقة":null,"نوع_نمط_العمران":null,"نوع_طبيعة_المنطقة":null,"سعر_العمارة":null,"نوع_الأرض":null,"المساحة_كم2":null,"GlobalID":"{B0860B14-F137-4417-97A7-2BD0324D6A77}","created_user":"gpr.gps","created_date":"2026-04-11T07:55:37Z","last_edited_user":"gpr.gps","last_edited_date":"2026-04-11T07:55:37Z","مساحة_كم2":null,"SHAPE_Length":47.7882604979133,"SHAPE_Area":126.15499667512499},"geometry":{"type":"Polygon","coordinates":[[[32.702145,25.91561],[32.702278,25.915721],[32.702218,25.915585],[32.702145,25.91561]]]}},{"type":"Feature","properties":{"source_layer":"Building","source_feature_count":1,"BuildingType":2,"land_use":"سكنى","اسم_المحور":null,"اسم_المحافظة":null,"متوسط_عدد_الادوار_بالعقار":null,"متوسط_عدد_الشقق_بالدور":null,"متوسط_مساحة_الشقق_بالمنطقة":null,"نوع_نمط_العمران":null,"نوع_طبيعة_المنطقة":null,"سعر_العمارة":null,"نوع_الأرض":null,"المساحة_كم2":null,"GlobalID":"{1F320E9F-B599-4ED1-8415-DADD8B6ED80D}","created_user":"gpr.gps","created_date":"2026-04-11T07:55:37Z","last_edited_user":"gpr.gps","last_edited_date":"2026-04-11T07:55:37Z","مساحة_كم2":null,"SHAPE_Length":67.00162090760456,"SHAPE_Area":237.52370958688402},"geometry":{"type":"Polygon","coordinates":[[[32.701308,25.915622],[32.701407,25.915597],[32.701357,25.915392],[32.701259,25.915416],[32.701308,25.915622]]]}},{"type":"Feature","properties":{"source_layer":"Building","source_feature_count":1,"BuildingType":2,"land_use":"سكنى","اسم_المحور":null,"اسم_المحافظة":null,"متوسط_عدد_الادوار_بالعقار":null,"متوسط_عدد_الشقق_بالدور":null,"متوسط_مساحة_الشقق_بالمنطقة":null,"نوع_نمط_العمران":null,"نوع_طبيعة_المنطقة":null,"سعر_العمارة":null,"نوع_الأرض":null,"المساحة_كم2":null,"GlobalID":"{96D21D9B-7181-491F-A128-16EF7C29F239}","created_user":"gpr.gps","created_date":"2026-04-11T07:55:37Z","last_edited_user":"gpr.gps","last_edited_date":"2026-04-11T07:55:37Z","مساحة_كم2":null,"SHAPE_Length":80.772117401748,"SHAPE_Area":323.540738812905},"geometry":{"type":"Polygon","coordinates":[[[32.701533,25.915351],[32.701625,25.915549],[32.70175,25.915515],[32.701702,25.915313],[32.701533,25.915351]]]}},{"type":"Feature","properties":{"source_layer":"Building","source_feature_count":1,"BuildingType":2,"land_use":"سكنى","اسم_المحور":null,"اسم_المحافظة":null,"متوسط_عدد_الادوار_بالعقار":null,"متوسط_عدد_الشقق_بالدور":null,"متوسط_مساحة_الشقق_بالمنطقة":null,"نوع_نمط_العمران":null,"نوع_طبيعة_المنطقة":null,"سعر_العمارة":null,"نوع_الأرض":null,"المساحة_كم2":null,"GlobalID":"{E609B707-8452-4423-BC19-F3D22AEDFD9D}","created_user":"gpr.gps","created_date":"2026-04-11T07:55:37Z","last_edited_user":"gpr.gps","last_edited_date":"2026-04-11T07:55:37Z","مساحة_كم2":null,"SHAPE_Length":120.05866997470952,"SHAPE_Area":714.9515321673281},"geometry":{"type":"Polygon","coordinates":[[[32.701983,25.915451],[32.701566,25.915565],[32.701605,25.915706],[32.702024,25.915598],[32.701983,25.915451]]]}},{"type":"Feature","properties":{"source_layer":"Building","source_feature_count":1,"BuildingType":2,"land_use":"سكنى","اسم_المحور":null,"اسم_المحافظة":null,"متوسط_عدد_الادوار_بالعقار":null,"متوسط_عدد_الشقق_بالدور":null,"متوسط_مساحة_الشقق_بالمنطقة":null,"نوع_نمط_العمران":null,"نوع_طبيعة_المنطقة":null,"سعر_العمارة":null,"نوع_الأرض":null,"المساحة_كم2":null,"GlobalID":"{30E14D58-0B6C-4544-B8CD-DF671D614C74}","created_user":"gpr.gps","created_date":"2026-04-11T07:55:37Z","last_edited_user":"gpr.gps","last_edited_date":"2026-04-11T07:55:37Z","مساحة_كم2":null,"SHAPE_Length":47.68033770842926,"SHAPE_Area":128.50759831434854},"geometry":{"type":"Polygon","coordinates":[[[32.702359,25.915493],[32.702393,25.915333],[32.70232,25.915354],[32.702359,25.915493]]]}},{"type":"Feature","properties":{"source_layer":"Building","source_feature_count":1,"BuildingType":2,"land_use":"سكنى","اسم_المحور":null,"اسم_المحافظة":null,"متوسط_عدد_الادوار_بالعقار":null,"متوسط_عدد_الشقق_بالدور":null,"متوسط_مساحة_الشقق_بالمنطقة":null,"نوع_نمط_العمران":null,"نوع_طبيعة_المنطقة":null,"سعر_العمارة":null,"نوع_الأرض":null,"المساحة_كم2":null,"GlobalID":"{A63C2092-73CC-423F-91B0-523F61C5B3D3}","created_user":"gpr.gps","created_date":"2026-04-11T07:55:37Z","last_edited_user":"gpr.gps","last_edited_date":"2026-04-11T07:55:37Z","مساحة_كم2":null,"SHAPE_Length":51.833961614703625,"SHAPE_Area":158.2314660153287},"geometry":{"type":"Polygon","coordinates":[[[32.702196,25.915539],[32.702162,25.915398],[32.702065,25.915424],[32.702103,25.915565],[32.702196,25.915539]]]}},{"type":"Feature","properties":{"source_layer":"Building","source_feature_count":1,"BuildingType":2,"land_use":"سكنى","اسم_المحور":null,"اسم_المحافظة":null,"متوسط_عدد_الادوار_بالعقار":null,"متوسط_عدد_الشقق_بالدور":null,"متوسط_مساحة_الشقق_بالمنطقة":null,"نوع_نمط_العمران":null,"نوع_طبيعة_المنطقة":null,"سعر_العمارة":null,"نوع_الأرض":null,"المساحة_كم2":null,"GlobalID":"{CDA2D91F-9310-4E4F-B914-65DF5CBAB1DE}","created_user":"gpr.gps","created_date":"2026-04-11T07:55:37Z","last_edited_user":"gpr.gps","last_edited_date":"2026-04-11T07:55:37Z","مساحة_كم2":null,"SHAPE_Length":53.13611355224561,"SHAPE_Area":169.03080653242662},"geometry":{"type":"Polygon","coordinates":[[[32.7023,25.915509],[32.70226,25.915371],[32.702162,25.915398],[32.702196,25.915539],[32.7023,25.915509]]]}},{"type":"Feature","properties":{"source_layer":"Building","source_feature_count":1,"BuildingType":2,"land_use":"سكنى","اسم_المحور":null,"اسم_المحافظة":null,"متوسط_عدد_الادوار_بالعقار":null,"متوسط_عدد_الشقق_بالدور":null,"متوسط_مساحة_الشقق_بالمنطقة":null,"نوع_نمط_العمران":null,"نوع_طبيعة_المنطقة":null,"سعر_العمارة":null,"نوع_الأرض":null,"المساحة_كم2":null,"GlobalID":"{0D99FD1F-168F-4A73-9AB3-EC4CE6217D00}","created_user":"gpr.gps","created_date":"2026-04-11T07:55:37Z","last_edited_user":"gpr.gps","last_edited_date":"2026-04-11T07:55:37Z","مساحة_كم2":null,"SHAPE_Length":44.195198071697355,"SHAPE_Area":98.61240560905134},"geometry":{"type":"Polygon","coordinates":[[[32.7023,25.915509],[32.70232,25.915354],[32.70226,25.915371],[32.7023,25.915509]]]}},{"type":"Feature","properties":{"source_layer":"Building","source_feature_count":1,"BuildingType":2,"land_use":"سكنى","اسم_المحور":null,"اسم_المحافظة":null,"متوسط_عدد_الادوار_بالعقار":null,"متوسط_عدد_الشقق_بالدور":null,"متوسط_مساحة_الشقق_بالمنطقة":null,"نوع_نمط_العمران":null,"نوع_طبيعة_المنطقة":null,"سعر_العمارة":null,"نوع_الأرض":null,"المساحة_كم2":null,"GlobalID":"{79F87E90-8E41-4C7F-A8CA-3A0B7B69C47A}","created_user":"gpr.gps","created_date":"2026-04-11T07:55:37Z","last_edited_user":"gpr.gps","last_edited_date":"2026-04-11T07:55:37Z","مساحة_كم2":null,"SHAPE_Length":41.9704434079809,"SHAPE_Area":92.05160796984583},"geometry":{"type":"Polygon","coordinates":[[[32.702393,25.915333],[32.70244,25.915467],[32.702495,25.915431],[32.702393,25.915333]]]}},{"type":"Feature","properties":{"source_layer":"Building","source_feature_count":1,"BuildingType":2,"land_use":"سكنى","اسم_المحور":null,"اسم_المحافظة":null,"متوسط_عدد_الادوار_بالعقار":null,"متوسط_عدد_الشقق_بالدور":null,"متوسط_مساحة_الشقق_بالمنطقة":null,"نوع_نمط_العمران":null,"نوع_طبيعة_المنطقة":null,"سعر_العمارة":null,"نوع_الأرض":null,"المساحة_كم2":null,"GlobalID":"{08D1EDA5-CF1F-4F08-880C-119EC24B9515}","created_user":"gpr.gps","created_date":"2026-04-11T07:55:37Z","last_edited_user":"gpr.gps","last_edited_date":"2026-04-11T07:55:37Z","مساحة_كم2":null,"SHAPE_Length":56.81920045401123,"SHAPE_Area":192.18262742113865},"geometry":{"type":"Polygon","coordinates":[[[32.70226,25.915371],[32.702328,25.915191],[32.702217,25.915218],[32.70226,25.915371]]]}},{"type":"Feature","properties":{"source_layer":"Building","source_feature_count":1,"BuildingType":2,"land_use":"سكنى","اسم_المحور":null,"اسم_المحافظة":null,"متوسط_عدد_الادوار_بالعقار":null,"متوسط_عدد_الشقق_بالدور":null,"متوسط_مساحة_الشقق_بالمنطقة":null,"نوع_نمط_العمران":null,"نوع_طبيعة_المنطقة":null,"سعر_العمارة":null,"نوع_الأرض":null,"المساحة_كم2":null,"GlobalID":"{1390B175-B309-46CE-8D71-0140984DF201}","created_user":"gpr.gps","created_date":"2026-04-11T07:55:37Z","last_edited_user":"gpr.gps","last_edited_date":"2026-04-11T07:55:37Z","مساحة_كم2":null,"SHAPE_Length":58.10555713914785,"SHAPE_Area":200.95049764106852},"geometry":{"type":"Polygon","coordinates":[[[32.702162,25.915398],[32.70226,25.915371],[32.702217,25.915218],[32.702109,25.915244],[32.702162,25.915398]]]}},{"type":"Feature","properties":{"source_layer":"Building","source_feature_count":1,"BuildingType":2,"land_use":"سكنى","اسم_المحور":null,"اسم_المحافظة":null,"متوسط_عدد_الادوار_بالعقار":null,"متوسط_عدد_الشقق_بالدور":null,"متوسط_مساحة_الشقق_بالمنطقة":null,"نوع_نمط_العمران":null,"نوع_طبيعة_المنطقة":null,"سعر_العمارة":null,"نوع_الأرض":null,"المساحة_كم2":null,"GlobalID":"{57FB4738-0ACE-4C52-85DF-214E9462B5B5}","created_user":"gpr.gps","created_date":"2026-04-11T07:55:37Z","last_edited_user":"gpr.gps","last_edited_date":"2026-04-11T07:55:37Z","مساحة_كم2":null,"SHAPE_Length":78.90337408073434,"SHAPE_Area":294.25237967731476},"geometry":{"type":"Polygon","coordinates":[[[32.701983,25.915451],[32.70215,25.915401],[32.701999,25.915265],[32.701902,25.915283],[32.701983,25.915451]]]}},{"type":"Feature","properties":{"source_layer":"Building","source_feature_count":1,"BuildingType":2,"land_use":"سكنى","اسم_المحور":null,"اسم_المحافظة":null,"متوسط_عدد_الادوار_بالعقار":null,"متوسط_عدد_الشقق_بالدور":null,"متوسط_مساحة_الشقق_بالمنطقة":null,"نوع_نمط_العمران":null,"نوع_طبيعة_المنطقة":null,"سعر_العمارة":null,"نوع_الأرض":null,"المساحة_كم2":null,"GlobalID":"{E2C8290E-E6D3-427B-B1C6-134252D0FDD5}","created_user":"gpr.gps","created_date":"2026-04-11T07:55:37Z","last_edited_user":"gpr.gps","last_edited_date":"2026-04-11T07:55:37Z","مساحة_كم2":null,"SHAPE_Length":39.77751039351069,"SHAPE_Area":97.1484633928405},"geometry":{"type":"Polygon","coordinates":[[[32.702019,25.915339],[32.702109,25.915244],[32.701999,25.915265],[32.702019,25.915339]]]}},{"type":"Feature","properties":{"source_layer":"Building","source_feature_count":1,"BuildingType":2,"land_use":"سكنى","اسم_المحور":null,"اسم_المحافظة":null,"متوسط_عدد_الادوار_بالعقار":null,"متوسط_عدد_الشقق_بالدور":null,"متوسط_مساحة_الشقق_بالمنطقة":null,"نوع_نمط_العمران":null,"نوع_طبيعة_المنطقة":null,"سعر_العمارة":null,"نوع_الأرض":null,"المساحة_كم2":null,"GlobalID":"{F9AFCBE1-0D93-4C62-AF68-9C5D73071669}","created_user":"gpr.gps","created_date":"2026-04-11T07:55:37Z","last_edited_user":"gpr.gps","last_edited_date":"2026-04-11T07:55:37Z","مساحة_كم2":null,"SHAPE_Length":86.86572102028222,"SHAPE_Area":347.1453628386916},"geometry":{"type":"Polygon","coordinates":[[[32.70192,25.91534],[32.701702,25.915313],[32.70175,25.915515],[32.701958,25.915458],[32.70192,25.91534]]]}},{"type":"Feature","properties":{"source_layer":"Building","source_feature_count":1,"BuildingType":2,"land_use":"سكنى","اسم_المحور":null,"اسم_المحافظة":null,"متوسط_عدد_الادوار_بالعقار":null,"متوسط_عدد_الشقق_بالدور":null,"متوسط_مساحة_الشقق_بالمنطقة":null,"نوع_نمط_العمران":null,"نوع_طبيعة_المنطقة":null,"سعر_العمارة":null,"نوع_الأرض":null,"المساحة_كم2":null,"GlobalID":"{AACA47F1-BA5E-4840-A87D-427BE6D6182A}","created_user":"gpr.gps","created_date":"2026-04-11T07:55:37Z","last_edited_user":"gpr.gps","last_edited_date":"2026-04-11T07:55:37Z","مساحة_كم2":null,"SHAPE_Length":48.533059457941924,"SHAPE_Area":119.36251817036093},"geometry":{"type":"Polygon","coordinates":[[[32.701795,25.915368],[32.7019,25.915269],[32.701744,25.915304],[32.701795,25.915368]]]}},{"type":"Feature","properties":{"source_layer":"Building","source_feature_count":1,"BuildingType":2,"land_use":"سكنى","اسم_المحور":null,"اسم_المحافظة":null,"متوسط_عدد_الادوار_بالعقار":null,"متوسط_عدد_الشقق_بالدور":null,"متوسط_مساحة_الشقق_بالمنطقة":null,"نوع_نمط_العمران":null,"نوع_طبيعة_المنطقة":null,"سعر_العمارة":null,"نوع_الأرض":null,"المساحة_كم2":null,"GlobalID":"{C388AC1D-CC57-4CC7-896F-FA187D7D394E}","created_user":"gpr.gps","created_date":"2026-04-11T07:55:37Z","last_edited_user":"gpr.gps","last_edited_date":"2026-04-11T07:55:37Z","مساحة_كم2":null,"SHAPE_Length":68.0629704952427,"SHAPE_Area":231.6252407096305},"geometry":{"type":"Polygon","coordinates":[[[32.701625,25.915549],[32.701582,25.915379],[32.701472,25.915364],[32.701524,25.915574],[32.701625,25.915549]]]}},{"type":"Feature","properties":{"source_layer":"Building","source_feature_count":1,"BuildingType":2,"land_use":"سكنى","اسم_المحور":null,"اسم_المحافظة":null,"متوسط_عدد_الادوار_بالعقار":null,"متوسط_عدد_الشقق_بالدور":null,"متوسط_مساحة_الشقق_بالمنطقة":null,"نوع_نمط_العمران":null,"نوع_طبيعة_المنطقة":null,"سعر_العمارة":null,"نوع_الأرض":null,"المساحة_كم2":null,"GlobalID":"{C8FC6448-73F9-4CCC-85FA-28C391CA093A}","created_user":"gpr.gps","created_date":"2026-04-11T07:55:37Z","last_edited_user":"gpr.gps","last_edited_date":"2026-04-11T07:55:37Z","مساحة_كم2":null,"SHAPE_Length":60.545603402263765,"SHAPE_Area":221.63389317993938},"geometry":{"type":"Polygon","coordinates":[[[32.701372,25.914342],[32.701394,25.914452],[32.701568,25.914422],[32.701548,25.914311],[32.701372,25.914342]]]}},{"type":"Feature","properties":{"source_layer":"Building","source_feature_count":1,"BuildingType":2,"land_use":"سكنى","اسم_المحور":null,"اسم_المحافظة":null,"متوسط_عدد_الادوار_بالعقار":null,"متوسط_عدد_الشقق_بالدور":null,"متوسط_مساحة_الشقق_بالمنطقة":null,"نوع_نمط_العمران":null,"نوع_طبيعة_المنطقة":null,"سعر_العمارة":null,"نوع_الأرض":null,"المساحة_كم2":null,"GlobalID":"{A672C671-B241-4688-92DE-5E7B636113FB}","created_user":"gpr.gps","created_date":"2026-04-11T07:55:37Z","last_edited_user":"gpr.gps","last_edited_date":"2026-04-11T07:55:37Z","مساحة_كم2":null,"SHAPE_Length":51.04012399030265,"SHAPE_Area":162.64192879619836},"geometry":{"type":"Polygon","coordinates":[[[32.701394,25.914452],[32.701372,25.914342],[32.701243,25.914365],[32.701264,25.914475],[32.701394,25.914452]]]}},{"type":"Feature","properties":{"source_layer":"Building","source_feature_count":1,"BuildingType":2,"land_use":"سكنى","اسم_المحور":null,"اسم_المحافظة":null,"متوسط_عدد_الادوار_بالعقار":null,"متوسط_عدد_الشقق_بالدور":null,"متوسط_مساحة_الشقق_بالمنطقة":null,"نوع_نمط_العمران":null,"نوع_طبيعة_المنطقة":null,"سعر_العمارة":null,"نوع_الأرض":null,"المساحة_كم2":null,"GlobalID":"{934879A0-2EE5-419B-B396-4A2B558B05B1}","created_user":"gpr.gps","created_date":"2026-04-11T07:55:37Z","last_edited_user":"gpr.gps","last_edited_date":"2026-04-11T07:55:37Z","مساحة_كم2":null,"SHAPE_Length":53.87158917456292,"SHAPE_Area":181.35204962738916},"geometry":{"type":"Polygon","coordinates":[[[32.701915,25.914543],[32.701888,25.914425],[32.701756,25.914446],[32.701781,25.914566],[32.701915,25.914543]]]}},{"type":"Feature","properties":{"source_layer":"Building","source_feature_count":1,"BuildingType":2,"land_use":"سكنى","اسم_المحور":null,"اسم_المحافظة":null,"متوسط_عدد_الادوار_بالعقار":null,"متوسط_عدد_الشقق_بالدور":null,"متوسط_مساحة_الشقق_بالمنطقة":null,"نوع_نمط_العمران":null,"نوع_طبيعة_المنطقة":null,"سعر_العمارة":null,"نوع_الأرض":null,"المساحة_كم2":null,"GlobalID":"{5260F47A-2054-4878-9159-F4A3DCBE4A01}","created_user":"gpr.gps","created_date":"2026-04-11T07:55:37Z","last_edited_user":"gpr.gps","last_edited_date":"2026-04-11T07:55:37Z","مساحة_كم2":null,"SHAPE_Length":46.60741088503919,"SHAPE_Area":132.23041241654195},"geometry":{"type":"Polygon","coordinates":[[[32.701686,25.914582],[32.701756,25.914446],[32.70166,25.914462],[32.701686,25.914582]]]}},{"type":"Feature","properties":{"source_layer":"Building","source_feature_count":1,"BuildingType":2,"land_use":"سكنى","اسم_المحور":null,"اسم_المحافظة":null,"متوسط_عدد_الادوار_بالعقار":null,"متوسط_عدد_الشقق_بالدور":null,"متوسط_مساحة_الشقق_بالمنطقة":null,"نوع_نمط_العمران":null,"نوع_طبيعة_المنطقة":null,"سعر_العمارة":null,"نوع_الأرض":null,"المساحة_كم2":null,"GlobalID":"{CCE16BC5-B375-493C-841B-7A3DF85C1532}","created_user":"gpr.gps","created_date":"2026-04-11T07:55:37Z","last_edited_user":"gpr.gps","last_edited_date":"2026-04-11T07:55:37Z","مساحة_كم2":null,"SHAPE_Length":48.402775322517904,"SHAPE_Area":145.0693192902934},"geometry":{"type":"Polygon","coordinates":[[[32.701888,25.914425],[32.701915,25.914543],[32.70202,25.914525],[32.701999,25.914407],[32.701888,25.914425]]]}},{"type":"Feature","properties":{"source_layer":"Building","source_feature_count":1,"BuildingType":2,"land_use":"سكنى","اسم_المحور":null,"اسم_المحافظة":null,"متوسط_عدد_الادوار_بالعقار":null,"متوسط_عدد_الشقق_بالدور":null,"متوسط_مساحة_الشقق_بالمنطقة":null,"نوع_نمط_العمران":null,"نوع_طبيعة_المنطقة":null,"سعر_العمارة":null,"نوع_الأرض":null,"المساحة_كم2":null,"GlobalID":"{FAB1B101-4038-42B1-AE85-D765369ADEC9}","created_user":"gpr.gps","created_date":"2026-04-11T07:55:37Z","last_edited_user":"gpr.gps","last_edited_date":"2026-04-11T07:55:37Z","مساحة_كم2":null,"SHAPE_Length":66.07947920827733,"SHAPE_Area":272.02699912993785},"geometry":{"type":"Polygon","coordinates":[[[32.701744,25.914401],[32.701906,25.914363],[32.701866,25.914221],[32.701716,25.914242],[32.701744,25.914401]]]}},{"type":"Feature","properties":{"source_layer":"Building","source_feature_count":1,"BuildingType":2,"land_use":"سكنى","اسم_المحور":null,"اسم_المحافظة":null,"متوسط_عدد_الادوار_بالعقار":null,"متوسط_عدد_الشقق_بالدور":null,"متوسط_مساحة_الشقق_بالمنطقة":null,"نوع_نمط_العمران":null,"نوع_طبيعة_المنطقة":null,"سعر_العمارة":null,"نوع_الأرض":null,"المساحة_كم2":null,"GlobalID":"{69D6F853-63AF-490C-8CB8-6953598AF995}","created_user":"gpr.gps","created_date":"2026-04-11T07:55:37Z","last_edited_user":"gpr.gps","last_edited_date":"2026-04-11T07:55:37Z","مساحة_كم2":null,"SHAPE_Length":58.545345949309635,"SHAPE_Area":168.72812666890763},"geometry":{"type":"Polygon","coordinates":[[[32.702709,25.914188],[32.702744,25.914271],[32.702913,25.914252],[32.702904,25.914167],[32.702709,25.914188]]]}},{"type":"Feature","properties":{"source_layer":"Building","source_feature_count":1,"BuildingType":2,"land_use":"سكنى","اسم_المحور":null,"اسم_المحافظة":null,"متوسط_عدد_الادوار_بالعقار":null,"متوسط_عدد_الشقق_بالدور":null,"متوسط_مساحة_الشقق_بالمنطقة":null,"نوع_نمط_العمران":null,"نوع_طبيعة_المنطقة":null,"سعر_العمارة":null,"نوع_الأرض":null,"المساحة_كم2":null,"GlobalID":"{9A836914-7269-46CB-B2BC-189ECE659AF1}","created_user":"gpr.gps","created_date":"2026-04-11T07:55:37Z","last_edited_user":"gpr.gps","last_edited_date":"2026-04-11T07:55:37Z","مساحة_كم2":null,"SHAPE_Length":54.9981699342908,"SHAPE_Area":187.21024559741036},"geometry":{"type":"Polygon","coordinates":[[[32.702569,25.914419],[32.702437,25.914546],[32.70259,25.91452],[32.702569,25.914419]]]}},{"type":"Feature","properties":{"source_layer":"Building","source_feature_count":1,"BuildingType":2,"land_use":"سكنى","اسم_المحور":null,"اسم_المحافظة":null,"متوسط_عدد_الادوار_بالعقار":null,"متوسط_عدد_الشقق_بالدور":null,"متوسط_مساحة_الشقق_بالمنطقة":null,"نوع_نمط_العمران":null,"نوع_طبيعة_المنطقة":null,"سعر_العمارة":null,"نوع_الأرض":null,"المساحة_كم2":null,"GlobalID":"{7100E04D-6604-4934-AEBC-CAEA9B6F5721}","created_user":"gpr.gps","created_date":"2026-04-11T07:55:37Z","last_edited_user":"gpr.gps","last_edited_date":"2026-04-11T07:55:37Z","مساحة_كم2":null,"SHAPE_Length":32.193766291506314,"SHAPE_Area":64.61513632641365},"geometry":{"type":"Polygon","coordinates":[[[32.702413,25.914439],[32.702474,25.914354],[32.702394,25.914364],[32.702413,25.914439]]]}},{"type":"Feature","properties":{"source_layer":"Building","source_feature_count":1,"BuildingType":2,"land_use":"سكنى","اسم_المحور":null,"اسم_المحافظة":null,"متوسط_عدد_الادوار_بالعقار":null,"متوسط_عدد_الشقق_بالدور":null,"متوسط_مساحة_الشقق_بالمنطقة":null,"نوع_نمط_العمران":null,"نوع_طبيعة_المنطقة":null,"سعر_العمارة":null,"نوع_الأرض":null,"المساحة_كم2":null,"GlobalID":"{D41CA900-024B-4FBE-A043-93F8FF95DA0F}","created_user":"gpr.gps","created_date":"2026-04-11T07:55:37Z","last_edited_user":"gpr.gps","last_edited_date":"2026-04-11T07:55:37Z","مساحة_كم2":null,"SHAPE_Length":46.057475777926975,"SHAPE_Area":129.62339237713982},"geometry":{"type":"Polygon","coordinates":[[[32.702477,25.914302],[32.70259,25.9142],[32.702456,25.914214],[32.702477,25.914302]]]}},{"type":"Feature","properties":{"source_layer":"Building","source_feature_count":1,"BuildingType":2,"land_use":"سكنى","اسم_المحور":null,"اسم_المحافظة":null,"متوسط_عدد_الادوار_بالعقار":null,"متوسط_عدد_الشقق_بالدور":null,"متوسط_مساحة_الشقق_بالمنطقة":null,"نوع_نمط_العمران":null,"نوع_طبيعة_المنطقة":null,"سعر_العمارة":null,"نوع_الأرض":null,"المساحة_كم2":null,"GlobalID":"{DB5061E2-ED18-4575-8A74-2355C4E8DD96}","created_user":"gpr.gps","created_date":"2026-04-11T07:55:37Z","last_edited_user":"gpr.gps","last_edited_date":"2026-04-11T07:55:37Z","مساحة_كم2":null,"SHAPE_Length":47.95195507910298,"SHAPE_Area":139.27788571702857},"geometry":{"type":"Polygon","coordinates":[[[32.702317,25.914228],[32.70234,25.914318],[32.702477,25.914302],[32.702456,25.914214],[32.702317,25.914228]]]}},{"type":"Feature","properties":{"source_layer":"Building","source_feature_count":1,"BuildingType":2,"land_use":"سكنى","اسم_المحور":null,"اسم_المحافظة":null,"متوسط_عدد_الادوار_بالعقار":null,"متوسط_عدد_الشقق_بالدور":null,"متوسط_مساحة_الشقق_بالمنطقة":null,"نوع_نمط_العمران":null,"نوع_طبيعة_المنطقة":null,"سعر_العمارة":null,"نوع_الأرض":null,"المساحة_كم2":null,"GlobalID":"{093EEE89-66F6-4E9D-BDD3-D76196A743D5}","created_user":"gpr.gps","created_date":"2026-04-11T07:55:37Z","last_edited_user":"gpr.gps","last_edited_date":"2026-04-11T07:55:37Z","مساحة_كم2":null,"SHAPE_Length":39.3194061504296,"SHAPE_Area":89.16152095056478},"geometry":{"type":"Polygon","coordinates":[[[32.702709,25.914188],[32.702645,25.914283],[32.702744,25.914271],[32.702709,25.914188]]]}},{"type":"Feature","properties":{"source_layer":"Building","source_feature_count":1,"BuildingType":2,"land_use":"سكنى","اسم_المحور":null,"اسم_المحافظة":null,"متوسط_عدد_الادوار_بالعقار":null,"متوسط_عدد_الشقق_بالدور":null,"متوسط_مساحة_الشقق_بالمنطقة":null,"نوع_نمط_العمران":null,"نوع_طبيعة_المنطقة":null,"سعر_العمارة":null,"نوع_الأرض":null,"المساحة_كم2":null,"GlobalID":"{FD1910FE-D721-4B28-B0BC-C9DA01846727}","created_user":"gpr.gps","created_date":"2026-04-11T07:55:37Z","last_edited_user":"gpr.gps","last_edited_date":"2026-04-11T07:55:37Z","مساحة_كم2":null,"SHAPE_Length":28.6464822849586,"SHAPE_Area":44.49227772647299},"geometry":{"type":"Polygon","coordinates":[[[32.702603,25.914288],[32.702638,25.914195],[32.70259,25.9142],[32.702603,25.914288]]]}},{"type":"Feature","properties":{"source_layer":"Building","source_feature_count":1,"BuildingType":2,"land_use":"سكنى","اسم_المحور":null,"اسم_المحافظة":null,"متوسط_عدد_الادوار_بالعقار":null,"متوسط_عدد_الشقق_بالدور":null,"متوسط_مساحة_الشقق_بالمنطقة":null,"نوع_نمط_العمران":null,"نوع_طبيعة_المنطقة":null,"سعر_العمارة":null,"نوع_الأرض":null,"المساحة_كم2":null,"GlobalID":"{047E7AEA-564E-4CE7-987A-78E99206DD07}","created_user":"gpr.gps","created_date":"2026-04-11T07:55:37Z","last_edited_user":"gpr.gps","last_edited_date":"2026-04-11T07:55:37Z","مساحة_كم2":null,"SHAPE_Length":32.71520326351661,"SHAPE_Area":62.52435575847178},"geometry":{"type":"Polygon","coordinates":[[[32.702278,25.914325],[32.702317,25.914228],[32.702257,25.914235],[32.702278,25.914325]]]}},{"type":"Feature","properties":{"source_layer":"Building","source_feature_count":1,"BuildingType":2,"land_use":"سكنى","اسم_المحور":null,"اسم_المحافظة":null,"متوسط_عدد_الادوار_بالعقار":null,"متوسط_عدد_الشقق_بالدور":null,"متوسط_مساحة_الشقق_بالمنطقة":null,"نوع_نمط_العمران":null,"نوع_طبيعة_المنطقة":null,"سعر_العمارة":null,"نوع_الأرض":null,"المساحة_كم2":null,"GlobalID":"{8750F188-C7C5-43F0-BF92-49DEC09C6154}","created_user":"gpr.gps","created_date":"2026-04-11T07:55:37Z","last_edited_user":"gpr.gps","last_edited_date":"2026-04-11T07:55:37Z","مساحة_كم2":null,"SHAPE_Length":63.07436290394165,"SHAPE_Area":241.58510617640692},"geometry":{"type":"Polygon","coordinates":[[[32.705187,25.913658],[32.705363,25.913621],[32.705345,25.913508],[32.705161,25.913537],[32.705187,25.913658]]]}},{"type":"Feature","properties":{"source_layer":"Building","source_feature_count":1,"BuildingType":2,"land_use":"سكنى","اسم_المحور":null,"اسم_المحافظة":null,"متوسط_عدد_الادوار_بالعقار":null,"متوسط_عدد_الشقق_بالدور":null,"متوسط_مساحة_الشقق_بالمنطقة":null,"نوع_نمط_العمران":null,"نوع_طبيعة_المنطقة":null,"سعر_العمارة":null,"نوع_الأرض":null,"المساحة_كم2":null,"GlobalID":"{E208049E-6B06-4B47-850C-AF201515A74F}","created_user":"gpr.gps","created_date":"2026-04-11T07:55:37Z","last_edited_user":"gpr.gps","last_edited_date":"2026-04-11T07:55:37Z","مساحة_كم2":null,"SHAPE_Length":40.38649736609119,"SHAPE_Area":92.81996788919412},"geometry":{"type":"Polygon","coordinates":[[[32.704183,25.913426],[32.704239,25.9133],[32.704164,25.913309],[32.704183,25.913426]]]}},{"type":"Feature","properties":{"source_layer":"Building","source_feature_count":1,"BuildingType":2,"land_use":"سكنى","اسم_المحور":null,"اسم_المحافظة":null,"متوسط_عدد_الادوار_بالعقار":null,"متوسط_عدد_الشقق_بالدور":null,"متوسط_مساحة_الشقق_بالمنطقة":null,"نوع_نمط_العمران":null,"نوع_طبيعة_المنطقة":null,"سعر_العمارة":null,"نوع_الأرض":null,"المساحة_كم2":null,"GlobalID":"{A8CB3E23-8892-4F66-852D-1F430FB67510}","created_user":"gpr.gps","created_date":"2026-04-11T07:55:37Z","last_edited_user":"gpr.gps","last_edited_date":"2026-04-11T07:55:37Z","مساحة_كم2":null,"SHAPE_Length":60.75737442189199,"SHAPE_Area":225.57242055127853},"geometry":{"type":"Polygon","coordinates":[[[32.703916,25.913464],[32.704088,25.913437],[32.70407,25.913321],[32.7039,25.913347],[32.703916,25.913464]]]}},{"type":"Feature","properties":{"source_layer":"Building","source_feature_count":1,"BuildingType":2,"land_use":"سكنى","اسم_المحور":null,"اسم_المحافظة":null,"متوسط_عدد_الادوار_بالعقار":null,"متوسط_عدد_الشقق_بالدور":null,"متوسط_مساحة_الشقق_بالمنطقة":null,"نوع_نمط_العمران":null,"نوع_طبيعة_المنطقة":null,"سعر_العمارة":null,"نوع_الأرض":null,"المساحة_كم2":null,"GlobalID":"{DF9066D0-264F-4EC2-AF8E-4CF735B34DA6}","created_user":"gpr.gps","created_date":"2026-04-11T07:55:37Z","last_edited_user":"gpr.gps","last_edited_date":"2026-04-11T07:55:37Z","مساحة_كم2":null,"SHAPE_Length":55.519236148020596,"SHAPE_Area":191.5017562027228},"geometry":{"type":"Polygon","coordinates":[[[32.703397,25.913535],[32.703382,25.913419],[32.703236,25.913438],[32.703248,25.913552],[32.703397,25.913535]]]}},{"type":"Feature","properties":{"source_layer":"Building","source_feature_count":1,"BuildingType":2,"land_use":"سكنى","اسم_المحور":null,"اسم_المحافظة":null,"متوسط_عدد_الادوار_بالعقار":null,"متوسط_عدد_الشقق_بالدور":null,"متوسط_مساحة_الشقق_بالمنطقة":null,"نوع_نمط_العمران":null,"نوع_طبيعة_المنطقة":null,"سعر_العمارة":null,"نوع_الأرض":null,"المساحة_كم2":null,"GlobalID":"{3B333B38-2DF5-4AAD-BDC7-4D241BDBD351}","created_user":"gpr.gps","created_date":"2026-04-11T07:55:37Z","last_edited_user":"gpr.gps","last_edited_date":"2026-04-11T07:55:37Z","مساحة_كم2":null,"SHAPE_Length":42.31945465684717,"SHAPE_Area":108.44975181091183},"geometry":{"type":"Polygon","coordinates":[[[32.702715,25.913615],[32.702783,25.913494],[32.702695,25.913505],[32.702715,25.913615]]]}},{"type":"Feature","properties":{"source_layer":"Building","source_feature_count":1,"BuildingType":2,"land_use":"سكنى","اسم_المحور":null,"اسم_المحافظة":null,"متوسط_عدد_الادوار_بالعقار":null,"متوسط_عدد_الشقق_بالدور":null,"متوسط_مساحة_الشقق_بالمنطقة":null,"نوع_نمط_العمران":null,"نوع_طبيعة_المنطقة":null,"سعر_العمارة":null,"نوع_الأرض":null,"المساحة_كم2":null,"GlobalID":"{4D96BD2E-631B-4868-A74A-3B05B59784C3}","created_user":"gpr.gps","created_date":"2026-04-11T07:55:37Z","last_edited_user":"gpr.gps","last_edited_date":"2026-04-11T07:55:37Z","مساحة_كم2":null,"SHAPE_Length":37.37558963065349,"SHAPE_Area":77.67584321480096},"geometry":{"type":"Polygon","coordinates":[[[32.702899,25.913594],[32.702947,25.913475],[32.702886,25.913482],[32.702899,25.913594]]]}},{"type":"Feature","properties":{"source_layer":"Building","source_feature_count":1,"BuildingType":2,"land_use":"سكنى","اسم_المحور":null,"اسم_المحافظة":null,"متوسط_عدد_الادوار_بالعقار":null,"متوسط_عدد_الشقق_بالدور":null,"متوسط_مساحة_الشقق_بالمنطقة":null,"نوع_نمط_العمران":null,"نوع_طبيعة_المنطقة":null,"سعر_العمارة":null,"نوع_الأرض":null,"المساحة_كم2":null,"GlobalID":"{0498EC87-C2C5-4727-AFE2-0FE13A5387D0}","created_user":"gpr.gps","created_date":"2026-04-11T07:55:37Z","last_edited_user":"gpr.gps","last_edited_date":"2026-04-11T07:55:37Z","مساحة_كم2":null,"SHAPE_Length":40.00695638063764,"SHAPE_Area":93.95783017008205},"geometry":{"type":"Polygon","coordinates":[[[32.702962,25.913586],[32.703022,25.913466],[32.702947,25.913475],[32.702962,25.913586]]]}},{"type":"Feature","properties":{"source_layer":"Building","source_feature_count":1,"BuildingType":2,"land_use":"سكنى","اسم_المحور":null,"اسم_المحافظة":null,"متوسط_عدد_الادوار_بالعقار":null,"متوسط_عدد_الشقق_بالدور":null,"متوسط_مساحة_الشقق_بالمنطقة":null,"نوع_نمط_العمران":null,"نوع_طبيعة_المنطقة":null,"سعر_العمارة":null,"نوع_الأرض":null,"المساحة_كم2":null,"GlobalID":"{FCA08DF1-8F6D-49B9-8AE0-DE7C4A4AAA6C}","created_user":"gpr.gps","created_date":"2026-04-11T07:55:37Z","last_edited_user":"gpr.gps","last_edited_date":"2026-04-11T07:55:37Z","مساحة_كم2":null,"SHAPE_Length":41.75163182136452,"SHAPE_Area":104.37895062548667},"geometry":{"type":"Polygon","coordinates":[[[32.703036,25.913577],[32.703108,25.913454],[32.703022,25.913466],[32.703036,25.913577]]]}},{"type":"Feature","properties":{"source_layer":"Building","source_feature_count":1,"BuildingType":2,"land_use":"سكنى","اسم_المحور":null,"اسم_المحافظة":null,"متوسط_عدد_الادوار_بالعقار":null,"متوسط_عدد_الشقق_بالدور":null,"متوسط_مساحة_الشقق_بالمنطقة":null,"نوع_نمط_العمران":null,"نوع_طبيعة_المنطقة":null,"سعر_العمارة":null,"نوع_الأرض":null,"المساحة_كم2":null,"GlobalID":"{E2EF097C-D9EA-442A-85B5-2E55928249E7}","created_user":"gpr.gps","created_date":"2026-04-11T07:55:37Z","last_edited_user":"gpr.gps","last_edited_date":"2026-04-11T07:55:37Z","مساحة_كم2":null,"SHAPE_Length":45.349168990580274,"SHAPE_Area":127.29835341833173},"geometry":{"type":"Polygon","coordinates":[[[32.7028,25.913605],[32.702886,25.913482],[32.702783,25.913494],[32.7028,25.913605]]]}},{"type":"Feature","properties":{"source_layer":"Building","source_feature_count":1,"BuildingType":2,"land_use":"سكنى","اسم_المحور":null,"اسم_المحافظة":null,"متوسط_عدد_الادوار_بالعقار":null,"متوسط_عدد_الشقق_بالدور":null,"متوسط_مساحة_الشقق_بالمنطقة":null,"نوع_نمط_العمران":null,"نوع_طبيعة_المنطقة":null,"سعر_العمارة":null,"نوع_الأرض":null,"المساحة_كم2":null,"GlobalID":"{D6CA7753-6FEF-40F3-A69B-C45A2EC34437}","created_user":"gpr.gps","created_date":"2026-04-11T07:55:37Z","last_edited_user":"gpr.gps","last_edited_date":"2026-04-11T07:55:37Z","مساحة_كم2":null,"SHAPE_Length":51.76200635281987,"SHAPE_Area":167.0890359452352},"geometry":{"type":"Polygon","coordinates":[[[32.703248,25.913552],[32.703236,25.913438],[32.703108,25.913454],[32.703115,25.913568],[32.703248,25.913552]]]}},{"type":"Feature","properties":{"source_layer":"Building","source_feature_count":1,"BuildingType":2,"land_use":"سكنى","اسم_المحور":null,"اسم_المحافظة":null,"متوسط_عدد_الادوار_بالعقار":null,"متوسط_عدد_الشقق_بالدور":null,"متوسط_مساحة_الشقق_بالمنطقة":null,"نوع_نمط_العمران":null,"نوع_طبيعة_المنطقة":null,"سعر_العمارة":null,"نوع_الأرض":null,"المساحة_كم2":null,"GlobalID":"{86D4149F-66CA-464F-AC23-6395B7908326}","created_user":"gpr.gps","created_date":"2026-04-11T07:55:37Z","last_edited_user":"gpr.gps","last_edited_date":"2026-04-11T07:55:37Z","مساحة_كم2":null,"SHAPE_Length":60.57210393611397,"SHAPE_Area":226.2641953424937},"geometry":{"type":"Polygon","coordinates":[[[32.70363,25.913505],[32.703614,25.913388],[32.703445,25.91341],[32.703457,25.913528],[32.70363,25.913505]]]}},{"type":"Feature","properties":{"source_layer":"Building","source_feature_count":1,"BuildingType":2,"land_use":"سكنى","اسم_المحور":null,"اسم_المحافظة":null,"متوسط_عدد_الادوار_بالعقار":null,"متوسط_عدد_الشقق_بالدور":null,"متوسط_مساحة_الشقق_بالمنطقة":null,"نوع_نمط_العمران":null,"نوع_طبيعة_المنطقة":null,"سعر_العمارة":null,"نوع_الأرض":null,"المساحة_كم2":null,"GlobalID":"{14542CF8-1EB7-4F02-8C48-52DA82122915}","created_user":"gpr.gps","created_date":"2026-04-11T07:55:37Z","last_edited_user":"gpr.gps","last_edited_date":"2026-04-11T07:55:37Z","مساحة_كم2":null,"SHAPE_Length":62.12568800163092,"SHAPE_Area":233.1150305454203},"geometry":{"type":"Polygon","coordinates":[[[32.703614,25.913388],[32.70363,25.913505],[32.703809,25.913473],[32.703793,25.913361],[32.703614,25.913388]]]}},{"type":"Feature","properties":{"source_layer":"Building","source_feature_count":1,"BuildingType":2,"land_use":"سكنى","اسم_المحور":null,"اسم_المحافظة":null,"متوسط_عدد_الادوار_بالعقار":null,"متوسط_عدد_الشقق_بالدور":null,"متوسط_مساحة_الشقق_بالمنطقة":null,"نوع_نمط_العمران":null,"نوع_طبيعة_المنطقة":null,"سعر_العمارة":null,"نوع_الأرض":null,"المساحة_كم2":null,"GlobalID":"{691452EA-6083-48BB-939C-1CEE69517E0A}","created_user":"gpr.gps","created_date":"2026-04-11T07:55:37Z","last_edited_user":"gpr.gps","last_edited_date":"2026-04-11T07:55:37Z","مساحة_كم2":null,"SHAPE_Length":38.41128565486714,"SHAPE_Area":80.65410307506005},"geometry":{"type":"Polygon","coordinates":[[[32.703445,25.91341],[32.703397,25.913535],[32.703457,25.913528],[32.703445,25.91341]]]}},{"type":"Feature","properties":{"source_layer":"Building","source_feature_count":1,"BuildingType":2,"land_use":"سكنى","اسم_المحور":null,"اسم_المحافظة":null,"متوسط_عدد_الادوار_بالعقار":null,"متوسط_عدد_الشقق_بالدور":null,"متوسط_مساحة_الشقق_بالمنطقة":null,"نوع_نمط_العمران":null,"نوع_طبيعة_المنطقة":null,"سعر_العمارة":null,"نوع_الأرض":null,"المساحة_كم2":null,"GlobalID":"{78161B45-F372-4D9E-9846-9055BCB6E79C}","created_user":"gpr.gps","created_date":"2026-04-11T07:55:37Z","last_edited_user":"gpr.gps","last_edited_date":"2026-04-11T07:55:37Z","مساحة_كم2":null,"SHAPE_Length":37.10248672864471,"SHAPE_Area":72.13656288068425},"geometry":{"type":"Polygon","coordinates":[[[32.704249,25.913418],[32.704289,25.913295],[32.704239,25.9133],[32.704249,25.913418]]]}},{"type":"Feature","properties":{"source_layer":"Building","source_feature_count":1,"BuildingType":2,"land_use":"سكنى","اسم_المحور":null,"اسم_المحافظة":null,"متوسط_عدد_الادوار_بالعقار":null,"متوسط_عدد_الشقق_بالدور":null,"متوسط_مساحة_الشقق_بالمنطقة":null,"نوع_نمط_العمران":null,"نوع_طبيعة_المنطقة":null,"سعر_العمارة":null,"نوع_الأرض":null,"المساحة_كم2":null,"GlobalID":"{2EB4F3E8-62A5-4DE3-8EAC-C69901C42273}","created_user":"gpr.gps","created_date":"2026-04-11T07:55:37Z","last_edited_user":"gpr.gps","last_edited_date":"2026-04-11T07:55:37Z","مساحة_كم2":null,"SHAPE_Length":39.11638808579843,"SHAPE_Area":86.0288735055301},"geometry":{"type":"Polygon","coordinates":[[[32.704357,25.913287],[32.704309,25.91341],[32.704373,25.913402],[32.704357,25.913287]]]}},{"type":"Feature","properties":{"source_layer":"Building","source_feature_count":1,"BuildingType":2,"land_use":"سكنى","اسم_المحور":null,"اسم_المحافظة":null,"متوسط_عدد_الادوار_بالعقار":null,"متوسط_عدد_الشقق_بالدور":null,"متوسط_مساحة_الشقق_بالمنطقة":null,"نوع_نمط_العمران":null,"نوع_طبيعة_المنطقة":null,"سعر_العمارة":null,"نوع_الأرض":null,"المساحة_كم2":null,"GlobalID":"{21A92A27-A212-4577-B692-B2C3F1245E38}","created_user":"gpr.gps","created_date":"2026-04-11T07:55:37Z","last_edited_user":"gpr.gps","last_edited_date":"2026-04-11T07:55:37Z","مساحة_كم2":null,"SHAPE_Length":39.25679147405637,"SHAPE_Area":95.41341725683267},"geometry":{"type":"Polygon","coordinates":[[[32.702605,25.913685],[32.702723,25.913752],[32.702708,25.913672],[32.702605,25.913685]]]}},{"type":"Feature","properties":{"source_layer":"Building","source_feature_count":1,"BuildingType":2,"land_use":"سكنى","اسم_المحور":null,"اسم_المحافظة":null,"متوسط_عدد_الادوار_بالعقار":null,"متوسط_عدد_الشقق_بالدور":null,"متوسط_مساحة_الشقق_بالمنطقة":null,"نوع_نمط_العمران":null,"نوع_طبيعة_المنطقة":null,"سعر_العمارة":null,"نوع_الأرض":null,"المساحة_كم2":null,"GlobalID":"{D1D86981-1FF8-40E3-BE19-14864F446C8F}","created_user":"gpr.gps","created_date":"2026-04-11T07:55:37Z","last_edited_user":"gpr.gps","last_edited_date":"2026-04-11T07:55:37Z","مساحة_كم2":null,"SHAPE_Length":55.282941634953524,"SHAPE_Area":164.47923941067617},"geometry":{"type":"Polygon","coordinates":[[[32.703696,25.913662],[32.703674,25.913549],[32.703528,25.913571],[32.703537,25.913654],[32.703696,25.913662]]]}},{"type":"Feature","properties":{"source_layer":"Building","source_feature_count":1,"BuildingType":2,"land_use":"سكنى","اسم_المحور":null,"اسم_المحافظة":null,"متوسط_عدد_الادوار_بالعقار":null,"متوسط_عدد_الشقق_بالدور":null,"متوسط_مساحة_الشقق_بالمنطقة":null,"نوع_نمط_العمران":null,"نوع_طبيعة_المنطقة":null,"سعر_العمارة":null,"نوع_الأرض":null,"المساحة_كم2":null,"GlobalID":"{A80ABD03-BBB3-4F13-8610-744317E54016}","created_user":"gpr.gps","created_date":"2026-04-11T07:55:37Z","last_edited_user":"gpr.gps","last_edited_date":"2026-04-11T07:55:37Z","مساحة_كم2":null,"SHAPE_Length":53.9477633014789,"SHAPE_Area":171.1784681609647},"geometry":{"type":"Polygon","coordinates":[[[32.703342,25.913678],[32.70333,25.913589],[32.703165,25.913604],[32.703175,25.913699],[32.703342,25.913678]]]}},{"type":"Feature","properties":{"source_layer":"Building","source_feature_count":1,"BuildingType":2,"land_use":"سكنى","اسم_المحور":null,"اسم_المحافظة":null,"متوسط_عدد_الادوار_بالعقار":null,"متوسط_عدد_الشقق_بالدور":null,"متوسط_مساحة_الشقق_بالمنطقة":null,"نوع_نمط_العمران":null,"نوع_طبيعة_المنطقة":null,"سعر_العمارة":null,"نوع_الأرض":null,"المساحة_كم2":null,"GlobalID":"{689EFD96-966B-4BD0-8D66-D43B04C0ECBA}","created_user":"gpr.gps","created_date":"2026-04-11T07:55:37Z","last_edited_user":"gpr.gps","last_edited_date":"2026-04-11T07:55:37Z","مساحة_كم2":null,"SHAPE_Length":58.79674564859624,"SHAPE_Area":189.33534299253458},"geometry":{"type":"Polygon","coordinates":[[[32.703537,25.913654],[32.703528,25.913571],[32.70333,25.913589],[32.703342,25.913678],[32.703537,25.913654]]]}},{"type":"Feature","properties":{"source_layer":"Building","source_feature_count":1,"BuildingType":2,"land_use":"سكنى","اسم_المحور":null,"اسم_المحافظة":null,"متوسط_عدد_الادوار_بالعقار":null,"متوسط_عدد_الشقق_بالدور":null,"متوسط_مساحة_الشقق_بالمنطقة":null,"نوع_نمط_العمران":null,"نوع_طبيعة_المنطقة":null,"سعر_العمارة":null,"نوع_الأرض":null,"المساحة_كم2":null,"GlobalID":"{941C0958-AD3C-4AE5-B711-E19299F23C5D}","created_user":"gpr.gps","created_date":"2026-04-11T07:55:37Z","last_edited_user":"gpr.gps","last_edited_date":"2026-04-11T07:55:37Z","مساحة_كم2":null,"SHAPE_Length":37.79021915228454,"SHAPE_Area":77.77148273391659},"geometry":{"type":"Polygon","coordinates":[[[32.703696,25.913662],[32.703733,25.91354],[32.703674,25.913549],[32.703696,25.913662]]]}},{"type":"Feature","properties":{"source_layer":"Building","source_feature_count":1,"BuildingType":2,"land_use":"سكنى","اسم_المحور":null,"اسم_المحافظة":null,"متوسط_عدد_الادوار_بالعقار":null,"متوسط_عدد_الشقق_بالدور":null,"متوسط_مساحة_الشقق_بالمنطقة":null,"نوع_نمط_العمران":null,"نوع_طبيعة_المنطقة":null,"سعر_العمارة":null,"نوع_الأرض":null,"المساحة_كم2":null,"GlobalID":"{6904A7DD-2958-402A-8B87-66C0C3E2C37B}","created_user":"gpr.gps","created_date":"2026-04-11T07:55:37Z","last_edited_user":"gpr.gps","last_edited_date":"2026-04-11T07:55:37Z","مساحة_كم2":null,"SHAPE_Length":36.76037936792162,"SHAPE_Area":69.49355021748488},"geometry":{"type":"Polygon","coordinates":[[[32.703788,25.913532],[32.703757,25.913655],[32.703807,25.91365],[32.703788,25.913532]]]}},{"type":"Feature","properties":{"source_layer":"Building","source_feature_count":1,"BuildingType":2,"land_use":"سكنى","اسم_المحور":null,"اسم_المحافظة":null,"متوسط_عدد_الادوار_بالعقار":null,"متوسط_عدد_الشقق_بالدور":null,"متوسط_مساحة_الشقق_بالمنطقة":null,"نوع_نمط_العمران":null,"نوع_طبيعة_المنطقة":null,"سعر_العمارة":null,"نوع_الأرض":null,"المساحة_كم2":null,"GlobalID":"{9FFF9971-ABA7-47D1-85E9-E3EAC073036D}","created_user":"gpr.gps","created_date":"2026-04-11T07:55:37Z","last_edited_user":"gpr.gps","last_edited_date":"2026-04-11T07:55:37Z","مساحة_كم2":null,"SHAPE_Length":62.311743702740415,"SHAPE_Area":240.4753102997893},"geometry":{"type":"Polygon","coordinates":[[[32.704254,25.91385],[32.704426,25.91398],[32.7044,25.913828],[32.704254,25.91385]]]}},{"type":"Feature","properties":{"source_layer":"Building","source_feature_count":1,"BuildingType":2,"land_use":"سكنى","اسم_المحور":null,"اسم_المحافظة":null,"متوسط_عدد_الادوار_بالعقار":null,"متوسط_عدد_الشقق_بالدور":null,"متوسط_مساحة_الشقق_بالمنطقة":null,"نوع_نمط_العمران":null,"نوع_طبيعة_المنطقة":null,"سعر_العمارة":null,"نوع_الأرض":null,"المساحة_كم2":null,"GlobalID":"{9745D5AE-D2D8-48A8-AB90-C6F852C273B3}","created_user":"gpr.gps","created_date":"2026-04-11T07:55:37Z","last_edited_user":"gpr.gps","last_edited_date":"2026-04-11T07:55:37Z","مساحة_كم2":null,"SHAPE_Length":53.19243526271839,"SHAPE_Area":159.99885879734842},"geometry":{"type":"Polygon","coordinates":[[[32.703711,25.914207],[32.703828,25.914194],[32.703807,25.914073],[32.703699,25.914087],[32.703711,25.914207]]]}},{"type":"Feature","properties":{"source_layer":"Building","source_feature_count":1,"BuildingType":2,"land_use":"سكنى","اسم_المحور":null,"اسم_المحافظة":null,"متوسط_عدد_الادوار_بالعقار":null,"متوسط_عدد_الشقق_بالدور":null,"متوسط_مساحة_الشقق_بالمنطقة":null,"نوع_نمط_العمران":null,"نوع_طبيعة_المنطقة":null,"سعر_العمارة":null,"نوع_الأرض":null,"المساحة_كم2":null,"GlobalID":"{BE798128-B931-49CC-A533-38CA41F6BB10}","created_user":"gpr.gps","created_date":"2026-04-11T07:55:37Z","last_edited_user":"gpr.gps","last_edited_date":"2026-04-11T07:55:37Z","مساحة_كم2":null,"SHAPE_Length":69.30999925081048,"SHAPE_Area":282.8358758532628},"geometry":{"type":"Polygon","coordinates":[[[32.704048,25.914158],[32.704266,25.914125],[32.704236,25.914011],[32.70403,25.914038],[32.704048,25.914158]]]}},{"type":"Feature","properties":{"source_layer":"Building","source_feature_count":1,"BuildingType":2,"land_use":"سكنى","اسم_المحور":null,"اسم_المحافظة":null,"متوسط_عدد_الادوار_بالعقار":null,"متوسط_عدد_الشقق_بالدور":null,"متوسط_مساحة_الشقق_بالمنطقة":null,"نوع_نمط_العمران":null,"نوع_طبيعة_المنطقة":null,"سعر_العمارة":null,"نوع_الأرض":null,"المساحة_كم2":null,"GlobalID":"{5D9EFA6A-6CF5-43E3-A6A0-7480736BEF53}","created_user":"gpr.gps","created_date":"2026-04-11T07:55:37Z","last_edited_user":"gpr.gps","last_edited_date":"2026-04-11T07:55:37Z","مساحة_كم2":null,"SHAPE_Length":54.369808760590104,"SHAPE_Area":176.86676819933757},"geometry":{"type":"Polygon","coordinates":[[[32.704474,25.913973],[32.704375,25.914119],[32.704494,25.914099],[32.704474,25.913973]]]}},{"type":"Feature","properties":{"source_layer":"Building","source_feature_count":1,"BuildingType":2,"land_use":"سكنى","اسم_المحور":null,"اسم_المحافظة":null,"متوسط_عدد_الادوار_بالعقار":null,"متوسط_عدد_الشقق_بالدور":null,"متوسط_مساحة_الشقق_بالمنطقة":null,"نوع_نمط_العمران":null,"نوع_طبيعة_المنطقة":null,"سعر_العمارة":null,"نوع_الأرض":null,"المساحة_كم2":null,"GlobalID":"{B50C706F-4A41-4074-93A3-7D91D4124B67}","created_user":"gpr.gps","created_date":"2026-04-11T07:55:37Z","last_edited_user":"gpr.gps","last_edited_date":"2026-04-11T07:55:37Z","مساحة_كم2":null,"SHAPE_Length":44.671532590000226,"SHAPE_Area":122.40052081318936},"geometry":{"type":"Polygon","coordinates":[[[32.703322,25.914575],[32.703343,25.914689],[32.703439,25.914677],[32.703419,25.914566],[32.703322,25.914575]]]}},{"type":"Feature","properties":{"source_layer":"Building","source_feature_count":1,"BuildingType":2,"land_use":"سكنى","اسم_المحور":null,"اسم_المحافظة":null,"متوسط_عدد_الادوار_بالعقار":null,"متوسط_عدد_الشقق_بالدور":null,"متوسط_مساحة_الشقق_بالمنطقة":null,"نوع_نمط_العمران":null,"نوع_طبيعة_المنطقة":null,"سعر_العمارة":null,"نوع_الأرض":null,"المساحة_كم2":null,"GlobalID":"{B710F78B-CB17-4BC1-8EFD-53C53E542941}","created_user":"gpr.gps","created_date":"2026-04-11T07:55:37Z","last_edited_user":"gpr.gps","last_edited_date":"2026-04-11T07:55:37Z","مساحة_كم2":null,"SHAPE_Length":42.93355404937282,"SHAPE_Area":109.72671745868767},"geometry":{"type":"Polygon","coordinates":[[[32.703263,25.914698],[32.703322,25.914575],[32.703234,25.914582],[32.703263,25.914698]]]}},{"type":"Feature","properties":{"source_layer":"Building","source_feature_count":1,"BuildingType":2,"land_use":"سكنى","اسم_المحور":null,"اسم_المحافظة":null,"متوسط_عدد_الادوار_بالعقار":null,"متوسط_عدد_الشقق_بالدور":null,"متوسط_مساحة_الشقق_بالمنطقة":null,"نوع_نمط_العمران":null,"نوع_طبيعة_المنطقة":null,"سعر_العمارة":null,"نوع_الأرض":null,"المساحة_كم2":null,"GlobalID":"{261743A2-6B14-480A-9515-28DEBF81B989}","created_user":"gpr.gps","created_date":"2026-04-11T07:55:37Z","last_edited_user":"gpr.gps","last_edited_date":"2026-04-11T07:55:37Z","مساحة_كم2":null,"SHAPE_Length":59.58783018811935,"SHAPE_Area":213.0996517660339},"geometry":{"type":"Polygon","coordinates":[[[32.704843,25.914298],[32.705018,25.914272],[32.70501,25.914158],[32.704842,25.914189],[32.704843,25.914298]]]}},{"type":"Feature","properties":{"source_layer":"Building","source_feature_count":1,"BuildingType":2,"land_use":"سكنى","اسم_المحور":null,"اسم_المحافظة":null,"متوسط_عدد_الادوار_بالعقار":null,"متوسط_عدد_الشقق_بالدور":null,"متوسط_مساحة_الشقق_بالمنطقة":null,"نوع_نمط_العمران":null,"نوع_طبيعة_المنطقة":null,"سعر_العمارة":null,"نوع_الأرض":null,"المساحة_كم2":null,"GlobalID":"{95871748-5D9E-4AA7-91E1-54E719880C1E}","created_user":"gpr.gps","created_date":"2026-04-11T07:55:37Z","last_edited_user":"gpr.gps","last_edited_date":"2026-04-11T07:55:37Z","مساحة_كم2":null,"SHAPE_Length":37.611818792750626,"SHAPE_Area":88.09341233907067},"geometry":{"type":"Polygon","coordinates":[[[32.704709,25.914207],[32.704807,25.91428],[32.704803,25.914196],[32.704709,25.914207]]]}},{"type":"Feature","properties":{"source_layer":"Building","source_feature_count":1,"BuildingType":2,"land_use":"سكنى","اسم_المحور":null,"اسم_المحافظة":null,"متوسط_عدد_الادوار_بالعقار":null,"متوسط_عدد_الشقق_بالدور":null,"متوسط_مساحة_الشقق_بالمنطقة":null,"نوع_نمط_العمران":null,"نوع_طبيعة_المنطقة":null,"سعر_العمارة":null,"نوع_الأرض":null,"المساحة_كم2":null,"GlobalID":"{4DB268C7-0D3F-43B5-A993-7944536049D2}","created_user":"gpr.gps","created_date":"2026-04-11T07:55:37Z","last_edited_user":"gpr.gps","last_edited_date":"2026-04-11T07:55:37Z","مساحة_كم2":null,"SHAPE_Length":35.6025213547151,"SHAPE_Area":76.16870897367805},"geometry":{"type":"Polygon","coordinates":[[[32.704588,25.914221],[32.704644,25.914115],[32.704574,25.914128],[32.704588,25.914221]]]}},{"type":"Feature","properties":{"source_layer":"Building","source_feature_count":1,"BuildingType":2,"land_use":"سكنى","اسم_المحور":null,"اسم_المحافظة":null,"متوسط_عدد_الادوار_بالعقار":null,"متوسط_عدد_الشقق_بالدور":null,"متوسط_مساحة_الشقق_بالمنطقة":null,"نوع_نمط_العمران":null,"نوع_طبيعة_المنطقة":null,"سعر_العمارة":null,"نوع_الأرض":null,"المساحة_كم2":null,"GlobalID":"{9BF94175-3EE3-4758-BAA4-6311870DC90D}","created_user":"gpr.gps","created_date":"2026-04-11T07:55:37Z","last_edited_user":"gpr.gps","last_edited_date":"2026-04-11T07:55:37Z","مساحة_كم2":null,"SHAPE_Length":41.99810316934467,"SHAPE_Area":109.86244371054697},"geometry":{"type":"Polygon","coordinates":[[[32.704379,25.914353],[32.704266,25.914266],[32.704282,25.914366],[32.704379,25.914353]]]}},{"type":"Feature","properties":{"source_layer":"Building","source_feature_count":1,"BuildingType":2,"land_use":"سكنى","اسم_المحور":null,"اسم_المحافظة":null,"متوسط_عدد_الادوار_بالعقار":null,"متوسط_عدد_الشقق_بالدور":null,"متوسط_مساحة_الشقق_بالمنطقة":null,"نوع_نمط_العمران":null,"نوع_طبيعة_المنطقة":null,"سعر_العمارة":null,"نوع_الأرض":null,"المساحة_كم2":null,"GlobalID":"{A79D6A3E-D208-4049-92C2-5F308358F7E6}","created_user":"gpr.gps","created_date":"2026-04-11T07:55:37Z","last_edited_user":"gpr.gps","last_edited_date":"2026-04-11T07:55:37Z","مساحة_كم2":null,"SHAPE_Length":47.797504322599465,"SHAPE_Area":139.14939205277133},"geometry":{"type":"Polygon","coordinates":[[[32.704212,25.914181],[32.704228,25.914271],[32.704364,25.914254],[32.70435,25.914164],[32.704212,25.914181]]]}},{"type":"Feature","properties":{"source_layer":"Building","source_feature_count":1,"BuildingType":2,"land_use":"سكنى","اسم_المحور":null,"اسم_المحافظة":null,"متوسط_عدد_الادوار_بالعقار":null,"متوسط_عدد_الشقق_بالدور":null,"متوسط_مساحة_الشقق_بالمنطقة":null,"نوع_نمط_العمران":null,"نوع_طبيعة_المنطقة":null,"سعر_العمارة":null,"نوع_الأرض":null,"المساحة_كم2":null,"GlobalID":"{EA445AE5-6E32-4C15-8DF0-304E6C395D31}","created_user":"gpr.gps","created_date":"2026-04-11T07:55:37Z","last_edited_user":"gpr.gps","last_edited_date":"2026-04-11T07:55:37Z","مساحة_كم2":null,"SHAPE_Length":44.719679195866235,"SHAPE_Area":124.21839441331663},"geometry":{"type":"Polygon","coordinates":[[[32.703958,25.914213],[32.704095,25.91429],[32.704075,25.914196],[32.703958,25.914213]]]}},{"type":"Feature","properties":{"source_layer":"Building","source_feature_count":1,"BuildingType":2,"land_use":"سكنى","اسم_المحور":null,"اسم_المحافظة":null,"متوسط_عدد_الادوار_بالعقار":null,"متوسط_عدد_الشقق_بالدور":null,"متوسط_مساحة_الشقق_بالمنطقة":null,"نوع_نمط_العمران":null,"نوع_طبيعة_المنطقة":null,"سعر_العمارة":null,"نوع_الأرض":null,"المساحة_كم2":null,"GlobalID":"{A5A4A544-FAD5-45DC-A4EF-D87A630691A6}","created_user":"gpr.gps","created_date":"2026-04-11T07:55:37Z","last_edited_user":"gpr.gps","last_edited_date":"2026-04-11T07:55:37Z","مساحة_كم2":null,"SHAPE_Length":64.40675553569704,"SHAPE_Area":198.9871577701474},"geometry":{"type":"Polygon","coordinates":[[[32.703862,25.91466],[32.703998,25.914643],[32.704038,25.914523],[32.70384,25.914552],[32.703862,25.91466]]]}},{"type":"Feature","properties":{"source_layer":"Building","source_feature_count":1,"BuildingType":2,"land_use":"سكنى","اسم_المحور":null,"اسم_المحافظة":null,"متوسط_عدد_الادوار_بالعقار":null,"متوسط_عدد_الشقق_بالدور":null,"متوسط_مساحة_الشقق_بالمنطقة":null,"نوع_نمط_العمران":null,"نوع_طبيعة_المنطقة":null,"سعر_العمارة":null,"نوع_الأرض":null,"المساحة_كم2":null,"GlobalID":"{35C1EEDE-B5FB-4D0E-8C91-8AFE5EF35B34}","created_user":"gpr.gps","created_date":"2026-04-11T07:55:37Z","last_edited_user":"gpr.gps","last_edited_date":"2026-04-11T07:55:37Z","مساحة_كم2":null,"SHAPE_Length":43.026690646233945,"SHAPE_Area":112.83970891220686},"geometry":{"type":"Polygon","coordinates":[[[32.704222,25.914507],[32.704331,25.914605],[32.704306,25.914493],[32.704222,25.914507]]]}},{"type":"Feature","properties":{"source_layer":"Building","source_feature_count":1,"BuildingType":2,"land_use":"سكنى","اسم_المحور":null,"اسم_المحافظة":null,"متوسط_عدد_الادوار_بالعقار":null,"متوسط_عدد_الشقق_بالدور":null,"متوسط_مساحة_الشقق_بالمنطقة":null,"نوع_نمط_العمران":null,"نوع_طبيعة_المنطقة":null,"سعر_العمارة":null,"نوع_الأرض":null,"المساحة_كم2":null,"GlobalID":"{401B10F3-6EE4-4398-9F85-20C20658EC84}","created_user":"gpr.gps","created_date":"2026-04-11T07:55:37Z","last_edited_user":"gpr.gps","last_edited_date":"2026-04-11T07:55:37Z","مساحة_كم2":null,"SHAPE_Length":48.40092101025232,"SHAPE_Area":145.197821727307},"geometry":{"type":"Polygon","coordinates":[[[32.704118,25.914786],[32.704242,25.914766],[32.704234,25.914664],[32.704106,25.914685],[32.704118,25.914786]]]}},{"type":"Feature","properties":{"source_layer":"Building","source_feature_count":1,"BuildingType":2,"land_use":"سكنى","اسم_المحور":null,"اسم_المحافظة":null,"متوسط_عدد_الادوار_بالعقار":null,"متوسط_عدد_الشقق_بالدور":null,"متوسط_مساحة_الشقق_بالمنطقة":null,"نوع_نمط_العمران":null,"نوع_طبيعة_المنطقة":null,"سعر_العمارة":null,"نوع_الأرض":null,"المساحة_كم2":null,"GlobalID":"{709AF040-8AC1-4E23-8CAC-BF271B69815B}","created_user":"gpr.gps","created_date":"2026-04-11T07:55:37Z","last_edited_user":"gpr.gps","last_edited_date":"2026-04-11T07:55:37Z","مساحة_كم2":null,"SHAPE_Length":33.289007956100804,"SHAPE_Area":56.13727160822654},"geometry":{"type":"Polygon","coordinates":[[[32.704915,25.914416],[32.704954,25.914316],[32.704893,25.914323],[32.704915,25.914416]]]}},{"type":"Feature","properties":{"source_layer":"Building","source_feature_count":1,"BuildingType":2,"land_use":"سكنى","اسم_المحور":null,"اسم_المحافظة":null,"متوسط_عدد_الادوار_بالعقار":null,"متوسط_عدد_الشقق_بالدور":null,"متوسط_مساحة_الشقق_بالمنطقة":null,"نوع_نمط_العمران":null,"نوع_طبيعة_المنطقة":null,"سعر_العمارة":null,"نوع_الأرض":null,"المساحة_كم2":null,"GlobalID":"{6A1A74F1-BDC9-4C0B-9D55-3EA61A2D04A4}","created_user":"gpr.gps","created_date":"2026-04-11T07:55:37Z","last_edited_user":"gpr.gps","last_edited_date":"2026-04-11T07:55:37Z","مساحة_كم2":null,"SHAPE_Length":52.49262434128594,"SHAPE_Area":173.60691066549032},"geometry":{"type":"Polygon","coordinates":[[[32.704833,25.914541],[32.704973,25.914524],[32.704961,25.914413],[32.704823,25.914432],[32.704833,25.914541]]]}},{"type":"Feature","properties":{"source_layer":"Building","source_feature_count":1,"BuildingType":2,"land_use":"سكنى","اسم_المحور":null,"اسم_المحافظة":null,"متوسط_عدد_الادوار_بالعقار":null,"متوسط_عدد_الشقق_بالدور":null,"متوسط_مساحة_الشقق_بالمنطقة":null,"نوع_نمط_العمران":null,"نوع_طبيعة_المنطقة":null,"سعر_العمارة":null,"نوع_الأرض":null,"المساحة_كم2":null,"GlobalID":"{8FB255B9-04D4-4C42-BB1F-2DC4C74D9539}","created_user":"gpr.gps","created_date":"2026-04-11T07:55:37Z","last_edited_user":"gpr.gps","last_edited_date":"2026-04-11T07:55:37Z","مساحة_كم2":null,"SHAPE_Length":57.2287662019581,"SHAPE_Area":191.5488297454739},"geometry":{"type":"Polygon","coordinates":[[[32.704658,25.914211],[32.704488,25.914236],[32.704506,25.914332],[32.704679,25.914304],[32.704658,25.914211]]]}},{"type":"Feature","properties":{"source_layer":"Building","source_feature_count":1,"BuildingType":2,"land_use":"سكنى","اسم_المحور":null,"اسم_المحافظة":null,"متوسط_عدد_الادوار_بالعقار":null,"متوسط_عدد_الشقق_بالدور":null,"متوسط_مساحة_الشقق_بالمنطقة":null,"نوع_نمط_العمران":null,"نوع_طبيعة_المنطقة":null,"سعر_العمارة":null,"نوع_الأرض":null,"المساحة_كم2":null,"GlobalID":"{F63B4B39-F6EC-4716-A5B2-D8A3A5A48DD3}","created_user":"gpr.gps","created_date":"2026-04-11T07:55:37Z","last_edited_user":"gpr.gps","last_edited_date":"2026-04-11T07:55:37Z","مساحة_كم2":null,"SHAPE_Length":89.10044376905819,"SHAPE_Area":489.98685974085805},"geometry":{"type":"Polygon","coordinates":[[[32.704236,25.915722],[32.704479,25.915703],[32.704463,25.915512],[32.704222,25.915552],[32.704236,25.915722]]]}},{"type":"Feature","properties":{"source_layer":"Building","source_feature_count":1,"BuildingType":2,"land_use":"سكنى","اسم_المحور":null,"اسم_المحافظة":null,"متوسط_عدد_الادوار_بالعقار":null,"متوسط_عدد_الشقق_بالدور":null,"متوسط_مساحة_الشقق_بالمنطقة":null,"نوع_نمط_العمران":null,"نوع_طبيعة_المنطقة":null,"سعر_العمارة":null,"نوع_الأرض":null,"المساحة_كم2":null,"GlobalID":"{9A55FE1C-D3A3-49FF-9D56-71C714602446}","created_user":"gpr.gps","created_date":"2026-04-11T07:55:37Z","last_edited_user":"gpr.gps","last_edited_date":"2026-04-11T07:55:37Z","مساحة_كم2":null,"SHAPE_Length":78.20376864951663,"SHAPE_Area":374.4575976997214},"geometry":{"type":"Polygon","coordinates":[[[32.705032,25.914916],[32.705004,25.914714],[32.704839,25.914744],[32.704865,25.91494],[32.705032,25.914916]]]}},{"type":"Feature","properties":{"source_layer":"Building","source_feature_count":1,"BuildingType":2,"land_use":"سكنى","اسم_المحور":null,"اسم_المحافظة":null,"متوسط_عدد_الادوار_بالعقار":null,"متوسط_عدد_الشقق_بالدور":null,"متوسط_مساحة_الشقق_بالمنطقة":null,"نوع_نمط_العمران":null,"نوع_طبيعة_المنطقة":null,"سعر_العمارة":null,"نوع_الأرض":null,"المساحة_كم2":null,"GlobalID":"{79D06E2B-C643-4D05-B03A-10502D60750F}","created_user":"gpr.gps","created_date":"2026-04-11T07:55:37Z","last_edited_user":"gpr.gps","last_edited_date":"2026-04-11T07:55:37Z","مساحة_كم2":null,"SHAPE_Length":67.77247839913352,"SHAPE_Area":286.8822069288255},"geometry":{"type":"Polygon","coordinates":[[[32.705032,25.914916],[32.704865,25.91494],[32.704885,25.915087],[32.705054,25.915074],[32.705032,25.914916]]]}},{"type":"Feature","properties":{"source_layer":"Building","source_feature_count":1,"BuildingType":2,"land_use":"سكنى","اسم_المحور":null,"اسم_المحافظة":null,"متوسط_عدد_الادوار_بالعقار":null,"متوسط_عدد_الشقق_بالدور":null,"متوسط_مساحة_الشقق_بالمنطقة":null,"نوع_نمط_العمران":null,"نوع_طبيعة_المنطقة":null,"سعر_العمارة":null,"نوع_الأرض":null,"المساحة_كم2":null,"GlobalID":"{368FC951-2911-4B0D-9E78-7524FB536B87}","created_user":"gpr.gps","created_date":"2026-04-11T07:55:37Z","last_edited_user":"gpr.gps","last_edited_date":"2026-04-11T07:55:37Z","مساحة_كم2":null,"SHAPE_Length":72.21930338976988,"SHAPE_Area":321.7860289249363},"geometry":{"type":"Polygon","coordinates":[[[32.704141,25.915151],[32.704121,25.915006],[32.703925,25.91503],[32.70394,25.915172],[32.704141,25.915151]]]}},{"type":"Feature","properties":{"source_layer":"Building","source_feature_count":1,"BuildingType":2,"land_use":"سكنى","اسم_المحور":null,"اسم_المحافظة":null,"متوسط_عدد_الادوار_بالعقار":null,"متوسط_عدد_الشقق_بالدور":null,"متوسط_مساحة_الشقق_بالمنطقة":null,"نوع_نمط_العمران":null,"نوع_طبيعة_المنطقة":null,"سعر_العمارة":null,"نوع_الأرض":null,"المساحة_كم2":null,"GlobalID":"{67BCF490-3652-4088-9F6D-1FB84122C97B}","created_user":"gpr.gps","created_date":"2026-04-11T07:55:37Z","last_edited_user":"gpr.gps","last_edited_date":"2026-04-11T07:55:37Z","مساحة_كم2":null,"SHAPE_Length":70.41056287474954,"SHAPE_Area":297.0850275122842},"geometry":{"type":"Polygon","coordinates":[[[32.703925,25.91503],[32.704025,25.915018],[32.703993,25.914828],[32.703852,25.914847],[32.703925,25.91503]]]}},{"type":"Feature","properties":{"source_layer":"Building","source_feature_count":1,"BuildingType":2,"land_use":"سكنى","اسم_المحور":null,"اسم_المحافظة":null,"متوسط_عدد_الادوار_بالعقار":null,"متوسط_عدد_الشقق_بالدور":null,"متوسط_مساحة_الشقق_بالمنطقة":null,"نوع_نمط_العمران":null,"نوع_طبيعة_المنطقة":null,"سعر_العمارة":null,"نوع_الأرض":null,"المساحة_كم2":null,"GlobalID":"{EFDA5454-BAF2-4901-8ED8-96AA5F924752}","created_user":"gpr.gps","created_date":"2026-04-11T07:55:37Z","last_edited_user":"gpr.gps","last_edited_date":"2026-04-11T07:55:37Z","مساحة_كم2":null,"SHAPE_Length":52.14152743237288,"SHAPE_Area":159.07268793546385},"geometry":{"type":"Polygon","coordinates":[[[32.704121,25.915006],[32.704141,25.915151],[32.704239,25.915141],[32.704217,25.914994],[32.704121,25.915006]]]}},{"type":"Feature","properties":{"source_layer":"Building","source_feature_count":1,"BuildingType":2,"land_use":"سكنى","اسم_المحور":null,"اسم_المحافظة":null,"متوسط_عدد_الادوار_بالعقار":null,"متوسط_عدد_الشقق_بالدور":null,"متوسط_مساحة_الشقق_بالمنطقة":null,"نوع_نمط_العمران":null,"نوع_طبيعة_المنطقة":null,"سعر_العمارة":null,"نوع_الأرض":null,"المساحة_كم2":null,"GlobalID":"{4DCB1E8D-69A7-4793-8231-029A132123EA}","created_user":"gpr.gps","created_date":"2026-04-11T07:55:37Z","last_edited_user":"gpr.gps","last_edited_date":"2026-04-11T07:55:37Z","مساحة_كم2":null,"SHAPE_Length":53.97347616012651,"SHAPE_Area":176.98795013091603},"geometry":{"type":"Polygon","coordinates":[[[32.70394,25.915172],[32.703925,25.91503],[32.70381,25.915043],[32.703831,25.915183],[32.70394,25.915172]]]}},{"type":"Feature","properties":{"source_layer":"Building","source_feature_count":1,"BuildingType":2,"land_use":"سكنى","اسم_المحور":null,"اسم_المحافظة":null,"متوسط_عدد_الادوار_بالعقار":null,"متوسط_عدد_الشقق_بالدور":null,"متوسط_مساحة_الشقق_بالمنطقة":null,"نوع_نمط_العمران":null,"نوع_طبيعة_المنطقة":null,"سعر_العمارة":null,"نوع_الأرض":null,"المساحة_كم2":null,"GlobalID":"{06BA31C0-E5E5-4CFD-A3F8-C7BB9F4CFA76}","created_user":"gpr.gps","created_date":"2026-04-11T07:55:37Z","last_edited_user":"gpr.gps","last_edited_date":"2026-04-11T07:55:37Z","مساحة_كم2":null,"SHAPE_Length":59.19886226891532,"SHAPE_Area":218.33332639296063},"geometry":{"type":"Polygon","coordinates":[[[32.703831,25.915183],[32.70381,25.915043],[32.703668,25.91506],[32.703694,25.915198],[32.703831,25.915183]]]}},{"type":"Feature","properties":{"source_layer":"Building","source_feature_count":1,"BuildingType":2,"land_use":"سكنى","اسم_المحور":null,"اسم_المحافظة":null,"متوسط_عدد_الادوار_بالعقار":null,"متوسط_عدد_الشقق_بالدور":null,"متوسط_مساحة_الشقق_بالمنطقة":null,"نوع_نمط_العمران":null,"نوع_طبيعة_المنطقة":null,"سعر_العمارة":null,"نوع_الأرض":null,"المساحة_كم2":null,"GlobalID":"{51C214C7-9B50-4C68-A733-ACC3A4E07AF1}","created_user":"gpr.gps","created_date":"2026-04-11T07:55:37Z","last_edited_user":"gpr.gps","last_edited_date":"2026-04-11T07:55:37Z","مساحة_كم2":null,"SHAPE_Length":50.07457477610946,"SHAPE_Area":142.1102174602179},"geometry":{"type":"Polygon","coordinates":[[[32.704577,25.914966],[32.704687,25.9151],[32.704665,25.914953],[32.704577,25.914966]]]}},{"type":"Feature","properties":{"source_layer":"Building","source_feature_count":1,"BuildingType":2,"land_use":"سكنى","اسم_المحور":null,"اسم_المحافظة":null,"متوسط_عدد_الادوار_بالعقار":null,"متوسط_عدد_الشقق_بالدور":null,"متوسط_مساحة_الشقق_بالمنطقة":null,"نوع_نمط_العمران":null,"نوع_طبيعة_المنطقة":null,"سعر_العمارة":null,"نوع_الأرض":null,"المساحة_كم2":null,"GlobalID":"{26A95933-4DD4-4003-8358-563B1B5F3C77}","created_user":"gpr.gps","created_date":"2026-04-11T07:55:37Z","last_edited_user":"gpr.gps","last_edited_date":"2026-04-11T07:55:37Z","مساحة_كم2":null,"SHAPE_Length":75.20836712867678,"SHAPE_Area":348.95049434973885},"geometry":{"type":"Polygon","coordinates":[[[32.704891,25.915274],[32.704869,25.915121],[32.704659,25.915146],[32.704686,25.915293],[32.704891,25.915274]]]}},{"type":"Feature","properties":{"source_layer":"Building","source_feature_count":1,"BuildingType":2,"land_use":"سكنى","اسم_المحور":null,"اسم_المحافظة":null,"متوسط_عدد_الادوار_بالعقار":null,"متوسط_عدد_الشقق_بالدور":null,"متوسط_مساحة_الشقق_بالمنطقة":null,"نوع_نمط_العمران":null,"نوع_طبيعة_المنطقة":null,"سعر_العمارة":null,"نوع_الأرض":null,"المساحة_كم2":null,"GlobalID":"{9E8AC476-1F3C-4F8F-B93C-9757DA92746A}","created_user":"gpr.gps","created_date":"2026-04-11T07:55:37Z","last_edited_user":"gpr.gps","last_edited_date":"2026-04-11T07:55:37Z","مساحة_كم2":null,"SHAPE_Length":43.162512233361284,"SHAPE_Area":90.25443725205297},"geometry":{"type":"Polygon","coordinates":[[[32.704153,25.915295],[32.704212,25.915198],[32.704099,25.915208],[32.704153,25.915295]]]}},{"type":"Feature","properties":{"source_layer":"Building","source_feature_count":1,"BuildingType":2,"land_use":"سكنى","اسم_المحور":null,"اسم_المحافظة":null,"متوسط_عدد_الادوار_بالعقار":null,"متوسط_عدد_الشقق_بالدور":null,"متوسط_مساحة_الشقق_بالمنطقة":null,"نوع_نمط_العمران":null,"نوع_طبيعة_المنطقة":null,"سعر_العمارة":null,"نوع_الأرض":null,"المساحة_كم2":null,"GlobalID":"{C817A3BF-DFF7-4754-AD60-EDBE33B2D8FC}","created_user":"gpr.gps","created_date":"2026-04-11T07:55:37Z","last_edited_user":"gpr.gps","last_edited_date":"2026-04-11T07:55:37Z","مساحة_كم2":null,"SHAPE_Length":54.853539518085384,"SHAPE_Area":184.22218397411243},"geometry":{"type":"Polygon","coordinates":[[[32.703877,25.915372],[32.703849,25.915233],[32.70373,25.915253],[32.703764,25.915391],[32.703877,25.915372]]]}},{"type":"Feature","properties":{"source_layer":"Building","source_feature_count":1,"BuildingType":2,"land_use":"سكنى","اسم_المحور":null,"اسم_المحافظة":null,"متوسط_عدد_الادوار_بالعقار":null,"متوسط_عدد_الشقق_بالدور":null,"متوسط_مساحة_الشقق_بالمنطقة":null,"نوع_نمط_العمران":null,"نوع_طبيعة_المنطقة":null,"سعر_العمارة":null,"نوع_الأرض":null,"المساحة_كم2":null,"GlobalID":"{94FDDF84-1FC3-4803-8022-9DC776623534}","created_user":"gpr.gps","created_date":"2026-04-11T07:55:37Z","last_edited_user":"gpr.gps","last_edited_date":"2026-04-11T07:55:37Z","مساحة_كم2":null,"SHAPE_Length":57.092259408128555,"SHAPE_Area":201.48916701873844},"geometry":{"type":"Polygon","coordinates":[[[32.703999,25.915357],[32.703986,25.915219],[32.703849,25.915233],[32.703877,25.915372],[32.703999,25.915357]]]}},{"type":"Feature","properties":{"source_layer":"Building","source_feature_count":1,"BuildingType":2,"land_use":"سكنى","اسم_المحور":null,"اسم_المحافظة":null,"متوسط_عدد_الادوار_بالعقار":null,"متوسط_عدد_الشقق_بالدور":null,"متوسط_مساحة_الشقق_بالمنطقة":null,"نوع_نمط_العمران":null,"نوع_طبيعة_المنطقة":null,"سعر_العمارة":null,"نوع_الأرض":null,"المساحة_كم2":null,"GlobalID":"{E4DC7420-52EF-40C2-952F-92624D6D430A}","created_user":"gpr.gps","created_date":"2026-04-11T07:55:37Z","last_edited_user":"gpr.gps","last_edited_date":"2026-04-11T07:55:37Z","مساحة_كم2":null,"SHAPE_Length":62.08921254963639,"SHAPE_Area":226.31025836535926},"geometry":{"type":"Polygon","coordinates":[[[32.704157,25.915342],[32.704148,25.915242],[32.703986,25.915219],[32.703999,25.915357],[32.704157,25.915342]]]}},{"type":"Feature","properties":{"source_layer":"Building","source_feature_count":1,"BuildingType":2,"land_use":"سكنى","اسم_المحور":null,"اسم_المحافظة":null,"متوسط_عدد_الادوار_بالعقار":null,"متوسط_عدد_الشقق_بالدور":null,"متوسط_مساحة_الشقق_بالمنطقة":null,"نوع_نمط_العمران":null,"نوع_طبيعة_المنطقة":null,"سعر_العمارة":null,"نوع_الأرض":null,"المساحة_كم2":null,"GlobalID":"{6CBCFB17-6A4D-4DBD-AC75-8130CCF13744}","created_user":"gpr.gps","created_date":"2026-04-11T07:55:37Z","last_edited_user":"gpr.gps","last_edited_date":"2026-04-11T07:55:37Z","مساحة_كم2":null,"SHAPE_Length":39.99377542048042,"SHAPE_Area":77.77515144321386},"geometry":{"type":"Polygon","coordinates":[[[32.704303,25.915329],[32.704153,25.915295],[32.704157,25.915342],[32.704303,25.915329]]]}},{"type":"Feature","properties":{"source_layer":"Building","source_feature_count":1,"BuildingType":2,"land_use":"سكنى","اسم_المحور":null,"اسم_المحافظة":null,"متوسط_عدد_الادوار_بالعقار":null,"متوسط_عدد_الشقق_بالدور":null,"متوسط_مساحة_الشقق_بالمنطقة":null,"نوع_نمط_العمران":null,"نوع_طبيعة_المنطقة":null,"سعر_العمارة":null,"نوع_الأرض":null,"المساحة_كم2":null,"GlobalID":"{8F3956DA-4EC7-45AC-9E61-B18F021F8EE9}","created_user":"gpr.gps","created_date":"2026-04-11T07:55:37Z","last_edited_user":"gpr.gps","last_edited_date":"2026-04-11T07:55:37Z","مساحة_كم2":null,"SHAPE_Length":34.5837660402216,"SHAPE_Area":73.07476072697601},"geometry":{"type":"Polygon","coordinates":[[[32.704226,25.915288],[32.704287,25.915191],[32.704212,25.915198],[32.704226,25.915288]]]}},{"type":"Feature","properties":{"source_layer":"Building","source_feature_count":1,"BuildingType":2,"land_use":"سكنى","اسم_المحور":null,"اسم_المحافظة":null,"متوسط_عدد_الادوار_بالعقار":null,"متوسط_عدد_الشقق_بالدور":null,"متوسط_مساحة_الشقق_بالمنطقة":null,"نوع_نمط_العمران":null,"نوع_طبيعة_المنطقة":null,"سعر_العمارة":null,"نوع_الأرض":null,"المساحة_كم2":null,"GlobalID":"{31D7ACDD-8CF6-43E4-9AD2-581EF46F901C}","created_user":"gpr.gps","created_date":"2026-04-11T07:55:37Z","last_edited_user":"gpr.gps","last_edited_date":"2026-04-11T07:55:37Z","مساحة_كم2":null,"SHAPE_Length":51.19701828669695,"SHAPE_Area":156.16011813373296},"geometry":{"type":"Polygon","coordinates":[[[32.704403,25.915319],[32.704388,25.915179],[32.704287,25.915191],[32.704303,25.915329],[32.704403,25.915319]]]}},{"type":"Feature","properties":{"source_layer":"Building","source_feature_count":1,"BuildingType":2,"land_use":"سكنى","اسم_المحور":null,"اسم_المحافظة":null,"متوسط_عدد_الادوار_بالعقار":null,"متوسط_عدد_الشقق_بالدور":null,"متوسط_مساحة_الشقق_بالمنطقة":null,"نوع_نمط_العمران":null,"نوع_طبيعة_المنطقة":null,"سعر_العمارة":null,"نوع_الأرض":null,"المساحة_كم2":null,"GlobalID":"{C6817558-EB66-4346-8B2D-8ED3760DB697}","created_user":"gpr.gps","created_date":"2026-04-11T07:55:37Z","last_edited_user":"gpr.gps","last_edited_date":"2026-04-11T07:55:37Z","مساحة_كم2":null,"SHAPE_Length":58.189059689597364,"SHAPE_Area":210.04981723790542},"geometry":{"type":"Polygon","coordinates":[[[32.704536,25.915307],[32.704518,25.915163],[32.704388,25.915179],[32.704403,25.915319],[32.704536,25.915307]]]}},{"type":"Feature","properties":{"source_layer":"Building","source_feature_count":1,"BuildingType":2,"land_use":"سكنى","اسم_المحور":null,"اسم_المحافظة":null,"متوسط_عدد_الادوار_بالعقار":null,"متوسط_عدد_الشقق_بالدور":null,"متوسط_مساحة_الشقق_بالمنطقة":null,"نوع_نمط_العمران":null,"نوع_طبيعة_المنطقة":null,"سعر_العمارة":null,"نوع_الأرض":null,"المساحة_كم2":null,"GlobalID":"{BC5F4690-616C-4D6A-9D03-488451B3711E}","created_user":"gpr.gps","created_date":"2026-04-11T07:55:37Z","last_edited_user":"gpr.gps","last_edited_date":"2026-04-11T07:55:37Z","مساحة_كم2":null,"SHAPE_Length":61.731095139761315,"SHAPE_Area":237.4162265879689},"geometry":{"type":"Polygon","coordinates":[[[32.704686,25.915293],[32.704659,25.915146],[32.704518,25.915163],[32.704536,25.915307],[32.704686,25.915293]]]}},{"type":"Feature","properties":{"source_layer":"Building","source_feature_count":1,"BuildingType":2,"land_use":"سكنى","اسم_المحور":null,"اسم_المحافظة":null,"متوسط_عدد_الادوار_بالعقار":null,"متوسط_عدد_الشقق_بالدور":null,"متوسط_مساحة_الشقق_بالمنطقة":null,"نوع_نمط_العمران":null,"نوع_طبيعة_المنطقة":null,"سعر_العمارة":null,"نوع_الأرض":null,"المساحة_كم2":null,"GlobalID":"{F4CDB183-1F46-42D6-BD27-F511D06F8C07}","created_user":"gpr.gps","created_date":"2026-04-11T07:55:37Z","last_edited_user":"gpr.gps","last_edited_date":"2026-04-11T07:55:37Z","مساحة_كم2":null,"SHAPE_Length":73.27763241693387,"SHAPE_Area":334.2267063628623},"geometry":{"type":"Polygon","coordinates":[[[32.704869,25.915121],[32.704891,25.915274],[32.705087,25.915255],[32.705056,25.915099],[32.704869,25.915121]]]}},{"type":"Feature","properties":{"source_layer":"Building","source_feature_count":1,"BuildingType":2,"land_use":"سكنى","اسم_المحور":null,"اسم_المحافظة":null,"متوسط_عدد_الادوار_بالعقار":null,"متوسط_عدد_الشقق_بالدور":null,"متوسط_مساحة_الشقق_بالمنطقة":null,"نوع_نمط_العمران":null,"نوع_طبيعة_المنطقة":null,"سعر_العمارة":null,"نوع_الأرض":null,"المساحة_كم2":null,"GlobalID":"{00D7C37F-91A7-4743-92BF-F2490773664B}","created_user":"gpr.gps","created_date":"2026-04-11T07:55:37Z","last_edited_user":"gpr.gps","last_edited_date":"2026-04-11T07:55:37Z","مساحة_كم2":null,"SHAPE_Length":71.32186739862752,"SHAPE_Area":313.7008620326854},"geometry":{"type":"Polygon","coordinates":[[[32.703564,25.915785],[32.703758,25.915768],[32.70375,25.915624],[32.703549,25.915643],[32.703564,25.915785]]]}},{"type":"Feature","properties":{"source_layer":"Building","source_feature_count":1,"BuildingType":2,"land_use":"سكنى","اسم_المحور":null,"اسم_المحافظة":null,"متوسط_عدد_الادوار_بالعقار":null,"متوسط_عدد_الشقق_بالدور":null,"متوسط_مساحة_الشقق_بالمنطقة":null,"نوع_نمط_العمران":null,"نوع_طبيعة_المنطقة":null,"سعر_العمارة":null,"نوع_الأرض":null,"المساحة_كم2":null,"GlobalID":"{D292A656-C029-45AB-8C90-DD11C58F0C52}","created_user":"gpr.gps","created_date":"2026-04-11T07:55:37Z","last_edited_user":"gpr.gps","last_edited_date":"2026-04-11T07:55:37Z","مساحة_كم2":null,"SHAPE_Length":54.91140452313812,"SHAPE_Area":187.63011690610668},"geometry":{"type":"Polygon","coordinates":[[[32.705621,25.913739],[32.705587,25.913622],[32.705446,25.913649],[32.70549,25.913765],[32.705621,25.913739]]]}},{"type":"Feature","properties":{"source_layer":"Building","source_feature_count":1,"BuildingType":2,"land_use":"سكنى","اسم_المحور":null,"اسم_المحافظة":null,"متوسط_عدد_الادوار_بالعقار":null,"متوسط_عدد_الشقق_بالدور":null,"متوسط_مساحة_الشقق_بالمنطقة":null,"نوع_نمط_العمران":null,"نوع_طبيعة_المنطقة":null,"سعر_العمارة":null,"نوع_الأرض":null,"المساحة_كم2":null,"GlobalID":"{AEFDF393-63F4-4CFA-AE1C-9E4692650AFC}","created_user":"gpr.gps","created_date":"2026-04-11T07:55:37Z","last_edited_user":"gpr.gps","last_edited_date":"2026-04-11T07:55:37Z","مساحة_كم2":null,"SHAPE_Length":44.48657286785327,"SHAPE_Area":118.51568808458336},"geometry":{"type":"Polygon","coordinates":[[[32.705775,25.913586],[32.705725,25.913718],[32.705818,25.913699],[32.705775,25.913586]]]}},{"type":"Feature","properties":{"source_layer":"Building","source_feature_count":1,"BuildingType":2,"land_use":"سكنى","اسم_المحور":null,"اسم_المحافظة":null,"متوسط_عدد_الادوار_بالعقار":null,"متوسط_عدد_الشقق_بالدور":null,"متوسط_مساحة_الشقق_بالمنطقة":null,"نوع_نمط_العمران":null,"نوع_طبيعة_المنطقة":null,"سعر_العمارة":null,"نوع_الأرض":null,"المساحة_كم2":null,"GlobalID":"{7C251416-4E4C-48C5-A88D-CB7BFE10DA20}","created_user":"gpr.gps","created_date":"2026-04-11T07:55:37Z","last_edited_user":"gpr.gps","last_edited_date":"2026-04-11T07:55:37Z","مساحة_كم2":null,"SHAPE_Length":48.227996539434415,"SHAPE_Area":143.60608348724864},"geometry":{"type":"Polygon","coordinates":[[[32.705725,25.913718],[32.705693,25.913601],[32.705587,25.913622],[32.705621,25.913739],[32.705725,25.913718]]]}},{"type":"Feature","properties":{"source_layer":"Building","source_feature_count":1,"BuildingType":2,"land_use":"سكنى","اسم_المحور":null,"اسم_المحافظة":null,"متوسط_عدد_الادوار_بالعقار":null,"متوسط_عدد_الشقق_بالدور":null,"متوسط_مساحة_الشقق_بالمنطقة":null,"نوع_نمط_العمران":null,"نوع_طبيعة_المنطقة":null,"سعر_العمارة":null,"نوع_الأرض":null,"المساحة_كم2":null,"GlobalID":"{E95021A8-DCB6-4563-BA20-FC994F8B0D71}","created_user":"gpr.gps","created_date":"2026-04-11T07:55:37Z","last_edited_user":"gpr.gps","last_edited_date":"2026-04-11T07:55:37Z","مساحة_كم2":null,"SHAPE_Length":45.78133682815826,"SHAPE_Area":130.00961623878055},"geometry":{"type":"Polygon","coordinates":[[[32.705399,25.913603],[32.705521,25.913577],[32.705498,25.913486],[32.705379,25.91351],[32.705399,25.913603]]]}},{"type":"Feature","properties":{"source_layer":"Building","source_feature_count":1,"BuildingType":2,"land_use":"سكنى","اسم_المحور":null,"اسم_المحافظة":null,"متوسط_عدد_الادوار_بالعقار":null,"متوسط_عدد_الشقق_بالدور":null,"متوسط_مساحة_الشقق_بالمنطقة":null,"نوع_نمط_العمران":null,"نوع_طبيعة_المنطقة":null,"سعر_العمارة":null,"نوع_الأرض":null,"المساحة_كم2":null,"GlobalID":"{83FA9DBB-B59B-42EB-AED6-97F2A1E9ECEB}","created_user":"gpr.gps","created_date":"2026-04-11T07:55:37Z","last_edited_user":"gpr.gps","last_edited_date":"2026-04-11T07:55:37Z","مساحة_كم2":null,"SHAPE_Length":51.97463757983089,"SHAPE_Area":166.2683030748987},"geometry":{"type":"Polygon","coordinates":[[[32.705815,25.913084],[32.705708,25.913119],[32.705755,25.913238],[32.705866,25.913211],[32.705815,25.913084]]]}},{"type":"Feature","properties":{"source_layer":"Building","source_feature_count":1,"BuildingType":2,"land_use":"سكنى","اسم_المحور":null,"اسم_المحافظة":null,"متوسط_عدد_الادوار_بالعقار":null,"متوسط_عدد_الشقق_بالدور":null,"متوسط_مساحة_الشقق_بالمنطقة":null,"نوع_نمط_العمران":null,"نوع_طبيعة_المنطقة":null,"سعر_العمارة":null,"نوع_الأرض":null,"المساحة_كم2":null,"GlobalID":"{9FF36476-6DC5-49BE-8C06-C5E1E30B065A}","created_user":"gpr.gps","created_date":"2026-04-11T07:55:37Z","last_edited_user":"gpr.gps","last_edited_date":"2026-04-11T07:55:37Z","مساحة_كم2":null,"SHAPE_Length":37.08230604273847,"SHAPE_Area":80.94810205265009},"geometry":{"type":"Polygon","coordinates":[[[32.705678,25.913042],[32.705765,25.912956],[32.705654,25.91298],[32.705678,25.913042]]]}},{"type":"Feature","properties":{"source_layer":"Building","source_feature_count":1,"BuildingType":2,"land_use":"سكنى","اسم_المحور":null,"اسم_المحافظة":null,"متوسط_عدد_الادوار_بالعقار":null,"متوسط_عدد_الشقق_بالدور":null,"متوسط_مساحة_الشقق_بالمنطقة":null,"نوع_نمط_العمران":null,"نوع_طبيعة_المنطقة":null,"سعر_العمارة":null,"نوع_الأرض":null,"المساحة_كم2":null,"GlobalID":"{ECCFEE2A-C045-4156-BF89-8D6F532DDE4D}","created_user":"gpr.gps","created_date":"2026-04-11T07:55:37Z","last_edited_user":"gpr.gps","last_edited_date":"2026-04-11T07:55:37Z","مساحة_كم2":null,"SHAPE_Length":39.869896557031254,"SHAPE_Area":97.09334847458402},"geometry":{"type":"Polygon","coordinates":[[[32.705708,25.913119],[32.705788,25.913015],[32.705678,25.913042],[32.705708,25.913119]]]}},{"type":"Feature","properties":{"source_layer":"Building","source_feature_count":1,"BuildingType":2,"land_use":"سكنى","اسم_المحور":null,"اسم_المحافظة":null,"متوسط_عدد_الادوار_بالعقار":null,"متوسط_عدد_الشقق_بالدور":null,"متوسط_مساحة_الشقق_بالمنطقة":null,"نوع_نمط_العمران":null,"نوع_طبيعة_المنطقة":null,"سعر_العمارة":null,"نوع_الأرض":null,"المساحة_كم2":null,"GlobalID":"{C4FC5F49-BAFC-4A9D-9138-109EF9FC5C91}","created_user":"gpr.gps","created_date":"2026-04-11T07:55:37Z","last_edited_user":"gpr.gps","last_edited_date":"2026-04-11T07:55:37Z","مساحة_كم2":null,"SHAPE_Length":51.931012309644785,"SHAPE_Area":163.5424667089152},"geometry":{"type":"Polygon","coordinates":[[[32.706016,25.913078],[32.706119,25.913052],[32.706079,25.912918],[32.705975,25.912947],[32.706016,25.913078]]]}},{"type":"Feature","properties":{"source_layer":"Building","source_feature_count":1,"BuildingType":2,"land_use":"سكنى","اسم_المحور":null,"اسم_المحافظة":null,"متوسط_عدد_الادوار_بالعقار":null,"متوسط_عدد_الشقق_بالدور":null,"متوسط_مساحة_الشقق_بالمنطقة":null,"نوع_نمط_العمران":null,"نوع_طبيعة_المنطقة":null,"سعر_العمارة":null,"نوع_الأرض":null,"المساحة_كم2":null,"GlobalID":"{789FAD39-E560-4E5A-AAC6-F79C343E3E82}","created_user":"gpr.gps","created_date":"2026-04-11T07:55:37Z","last_edited_user":"gpr.gps","last_edited_date":"2026-04-11T07:55:37Z","مساحة_كم2":null,"SHAPE_Length":46.91948024854599,"SHAPE_Area":134.4857124075809},"geometry":{"type":"Polygon","coordinates":[[[32.705905,25.913403],[32.705949,25.913516],[32.706045,25.913495],[32.706004,25.913379],[32.705905,25.913403]]]}},{"type":"Feature","properties":{"source_layer":"Building","source_feature_count":1,"BuildingType":2,"land_use":"سكنى","اسم_المحور":null,"اسم_المحافظة":null,"متوسط_عدد_الادوار_بالعقار":null,"متوسط_عدد_الشقق_بالدور":null,"متوسط_مساحة_الشقق_بالمنطقة":null,"نوع_نمط_العمران":null,"نوع_طبيعة_المنطقة":null,"سعر_العمارة":null,"نوع_الأرض":null,"المساحة_كم2":null,"GlobalID":"{86DFA24C-F7CD-431C-91EF-DCED959B4CC4}","created_user":"gpr.gps","created_date":"2026-04-11T07:55:37Z","last_edited_user":"gpr.gps","last_edited_date":"2026-04-11T07:55:37Z","مساحة_كم2":null,"SHAPE_Length":42.57624383102507,"SHAPE_Area":106.76719129604766},"geometry":{"type":"Polygon","coordinates":[[[32.705865,25.913534],[32.705905,25.913403],[32.705831,25.91342],[32.705865,25.913534]]]}},{"type":"Feature","properties":{"source_layer":"Building","source_feature_count":1,"BuildingType":2,"land_use":"سكنى","اسم_المحور":null,"اسم_المحافظة":null,"متوسط_عدد_الادوار_بالعقار":null,"متوسط_عدد_الشقق_بالدور":null,"متوسط_مساحة_الشقق_بالمنطقة":null,"نوع_نمط_العمران":null,"نوع_طبيعة_المنطقة":null,"سعر_العمارة":null,"نوع_الأرض":null,"المساحة_كم2":null,"GlobalID":"{66412700-19FA-44E7-87FD-83F6845A0CB2}","created_user":"gpr.gps","created_date":"2026-04-11T07:55:37Z","last_edited_user":"gpr.gps","last_edited_date":"2026-04-11T07:55:37Z","مساحة_كم2":null,"SHAPE_Length":52.094260806621925,"SHAPE_Area":168.25847680512607},"geometry":{"type":"Polygon","coordinates":[[[32.706107,25.913648],[32.706067,25.913532],[32.70595,25.913552],[32.705989,25.913677],[32.706107,25.913648]]]}},{"type":"Feature","properties":{"source_layer":"Building","source_feature_count":1,"BuildingType":2,"land_use":"سكنى","اسم_المحور":null,"اسم_المحافظة":null,"متوسط_عدد_الادوار_بالعقار":null,"متوسط_عدد_الشقق_بالدور":null,"متوسط_مساحة_الشقق_بالمنطقة":null,"نوع_نمط_العمران":null,"نوع_طبيعة_المنطقة":null,"سعر_العمارة":null,"نوع_الأرض":null,"المساحة_كم2":null,"GlobalID":"{94377CFC-3D55-4E64-ABC3-981B95BA5470}","created_user":"gpr.gps","created_date":"2026-04-11T07:55:37Z","last_edited_user":"gpr.gps","last_edited_date":"2026-04-11T07:55:37Z","مساحة_كم2":null,"SHAPE_Length":39.78768695432696,"SHAPE_Area":94.89031714268077},"geometry":{"type":"Polygon","coordinates":[[[32.706344,25.913601],[32.706293,25.913721],[32.706373,25.913706],[32.706344,25.913601]]]}},{"type":"Feature","properties":{"source_layer":"Building","source_feature_count":1,"BuildingType":2,"land_use":"سكنى","اسم_المحور":null,"اسم_المحافظة":null,"متوسط_عدد_الادوار_بالعقار":null,"متوسط_عدد_الشقق_بالدور":null,"متوسط_مساحة_الشقق_بالمنطقة":null,"نوع_نمط_العمران":null,"نوع_طبيعة_المنطقة":null,"سعر_العمارة":null,"نوع_الأرض":null,"المساحة_كم2":null,"GlobalID":"{B9574E85-95B8-4080-882C-C3237C3BD4A3}","created_user":"gpr.gps","created_date":"2026-04-11T07:55:37Z","last_edited_user":"gpr.gps","last_edited_date":"2026-04-11T07:55:37Z","مساحة_كم2":null,"SHAPE_Length":55.89562400394845,"SHAPE_Area":190.2048055968467},"geometry":{"type":"Polygon","coordinates":[[[32.706293,25.913721],[32.706268,25.913616],[32.706107,25.913648],[32.706138,25.913749],[32.706293,25.913721]]]}},{"type":"Feature","properties":{"source_layer":"Building","source_feature_count":1,"BuildingType":2,"land_use":"سكنى","اسم_المحور":null,"اسم_المحافظة":null,"متوسط_عدد_الادوار_بالعقار":null,"متوسط_عدد_الشقق_بالدور":null,"متوسط_مساحة_الشقق_بالمنطقة":null,"نوع_نمط_العمران":null,"نوع_طبيعة_المنطقة":null,"سعر_العمارة":null,"نوع_الأرض":null,"المساحة_كم2":null,"GlobalID":"{F48B1DF3-231D-4B99-A452-A95EAE8F079E}","created_user":"gpr.gps","created_date":"2026-04-11T07:55:37Z","last_edited_user":"gpr.gps","last_edited_date":"2026-04-11T07:55:37Z","مساحة_كم2":null,"SHAPE_Length":46.8213759399592,"SHAPE_Area":136.5488221278545},"geometry":{"type":"Polygon","coordinates":[[[32.706107,25.913648],[32.705989,25.913677],[32.706019,25.913771],[32.706138,25.913749],[32.706107,25.913648]]]}},{"type":"Feature","properties":{"source_layer":"Building","source_feature_count":1,"BuildingType":2,"land_use":"سكنى","اسم_المحور":null,"اسم_المحافظة":null,"متوسط_عدد_الادوار_بالعقار":null,"متوسط_عدد_الشقق_بالدور":null,"متوسط_مساحة_الشقق_بالمنطقة":null,"نوع_نمط_العمران":null,"نوع_طبيعة_المنطقة":null,"سعر_العمارة":null,"نوع_الأرض":null,"المساحة_كم2":null,"GlobalID":"{CCB06EE0-FBEC-430C-B8ED-CEECE8B15272}","created_user":"gpr.gps","created_date":"2026-04-11T07:55:37Z","last_edited_user":"gpr.gps","last_edited_date":"2026-04-11T07:55:37Z","مساحة_كم2":null,"SHAPE_Length":37.28611975778598,"SHAPE_Area":81.68463609710214},"geometry":{"type":"Polygon","coordinates":[[[32.706264,25.913898],[32.706231,25.914015],[32.706293,25.914007],[32.706264,25.913898]]]}},{"type":"Feature","properties":{"source_layer":"Building","source_feature_count":1,"BuildingType":2,"land_use":"سكنى","اسم_المحور":null,"اسم_المحافظة":null,"متوسط_عدد_الادوار_بالعقار":null,"متوسط_عدد_الشقق_بالدور":null,"متوسط_مساحة_الشقق_بالمنطقة":null,"نوع_نمط_العمران":null,"نوع_طبيعة_المنطقة":null,"سعر_العمارة":null,"نوع_الأرض":null,"المساحة_كم2":null,"GlobalID":"{DBF063C4-FAC9-436D-9E8F-58D45939DE48}","created_user":"gpr.gps","created_date":"2026-04-11T07:55:37Z","last_edited_user":"gpr.gps","last_edited_date":"2026-04-11T07:55:37Z","مساحة_كم2":null,"SHAPE_Length":117.99925795634113,"SHAPE_Area":518.3987229492304},"geometry":{"type":"Polygon","coordinates":[[[32.701122,25.918706],[32.701576,25.918559],[32.70154,25.918468],[32.701086,25.918614],[32.701122,25.918706]]]}},{"type":"Feature","properties":{"source_layer":"Building","source_feature_count":1,"BuildingType":2,"land_use":"سكنى","اسم_المحور":null,"اسم_المحافظة":null,"متوسط_عدد_الادوار_بالعقار":null,"متوسط_عدد_الشقق_بالدور":null,"متوسط_مساحة_الشقق_بالمنطقة":null,"نوع_نمط_العمران":null,"نوع_طبيعة_المنطقة":null,"سعر_العمارة":null,"نوع_الأرض":null,"المساحة_كم2":null,"GlobalID":"{D1BCBBC3-4DCD-4C2D-BF4E-C692F186FA91}","created_user":"gpr.gps","created_date":"2026-04-11T07:55:37Z","last_edited_user":"gpr.gps","last_edited_date":"2026-04-11T07:55:37Z","مساحة_كم2":null,"SHAPE_Length":78.03675842411992,"SHAPE_Area":233.20749682336864},"geometry":{"type":"Polygon","coordinates":[[[32.70323,25.918113],[32.703365,25.917937],[32.703131,25.918008],[32.70323,25.918113]]]}},{"type":"Feature","properties":{"source_layer":"Building","source_feature_count":1,"BuildingType":2,"land_use":"سكنى","اسم_المحور":null,"اسم_المحافظة":null,"متوسط_عدد_الادوار_بالعقار":null,"متوسط_عدد_الشقق_بالدور":null,"متوسط_مساحة_الشقق_بالمنطقة":null,"نوع_نمط_العمران":null,"نوع_طبيعة_المنطقة":null,"سعر_العمارة":null,"نوع_الأرض":null,"المساحة_كم2":null,"GlobalID":"{6286E13A-B414-4193-B9E3-C1338C63DA67}","created_user":"gpr.gps","created_date":"2026-04-11T07:55:37Z","last_edited_user":"gpr.gps","last_edited_date":"2026-04-11T07:55:37Z","مساحة_كم2":null,"SHAPE_Length":47.904916796558936,"SHAPE_Area":127.83883525477425},"geometry":{"type":"Polygon","coordinates":[[[32.703517,25.917891],[32.703393,25.918005],[32.703542,25.91796],[32.703517,25.917891]]]}},{"type":"Feature","properties":{"source_layer":"Building","source_feature_count":1,"BuildingType":2,"land_use":"سكنى","اسم_المحور":null,"اسم_المحافظة":null,"متوسط_عدد_الادوار_بالعقار":null,"متوسط_عدد_الشقق_بالدور":null,"متوسط_مساحة_الشقق_بالمنطقة":null,"نوع_نمط_العمران":null,"نوع_طبيعة_المنطقة":null,"سعر_العمارة":null,"نوع_الأرض":null,"المساحة_كم2":null,"GlobalID":"{0B354967-E35B-4DB8-A60D-DEC6518CAE02}","created_user":"gpr.gps","created_date":"2026-04-11T07:55:37Z","last_edited_user":"gpr.gps","last_edited_date":"2026-04-11T07:55:37Z","مساحة_كم2":null,"SHAPE_Length":36.76845423543627,"SHAPE_Area":73.04552548527386},"geometry":{"type":"Polygon","coordinates":[[[32.703602,25.918059],[32.703587,25.918185],[32.703641,25.918167],[32.703602,25.918059]]]}},{"type":"Feature","properties":{"source_layer":"Building","source_feature_count":1,"BuildingType":2,"land_use":"سكنى","اسم_المحور":null,"اسم_المحافظة":null,"متوسط_عدد_الادوار_بالعقار":null,"متوسط_عدد_الشقق_بالدور":null,"متوسط_مساحة_الشقق_بالمنطقة":null,"نوع_نمط_العمران":null,"نوع_طبيعة_المنطقة":null,"سعر_العمارة":null,"نوع_الأرض":null,"المساحة_كم2":null,"GlobalID":"{8E5D4A46-B38B-4D52-BC7A-FB3520F8958C}","created_user":"gpr.gps","created_date":"2026-04-11T07:55:37Z","last_edited_user":"gpr.gps","last_edited_date":"2026-04-11T07:55:37Z","مساحة_كم2":null,"SHAPE_Length":33.65429196696534,"SHAPE_Area":70.21428497930206},"geometry":{"type":"Polygon","coordinates":[[[32.703502,25.91818],[32.703547,25.918078],[32.703477,25.918101],[32.703502,25.91818]]]}},{"type":"Feature","properties":{"source_layer":"Building","source_feature_count":1,"BuildingType":2,"land_use":"سكنى","اسم_المحور":null,"اسم_المحافظة":null,"متوسط_عدد_الادوار_بالعقار":null,"متوسط_عدد_الشقق_بالدور":null,"متوسط_مساحة_الشقق_بالمنطقة":null,"نوع_نمط_العمران":null,"نوع_طبيعة_المنطقة":null,"سعر_العمارة":null,"نوع_الأرض":null,"المساحة_كم2":null,"GlobalID":"{81FCC4CE-50D3-4843-87CF-1165CAD0F9D9}","created_user":"gpr.gps","created_date":"2026-04-11T07:55:37Z","last_edited_user":"gpr.gps","last_edited_date":"2026-04-11T07:55:37Z","مساحة_كم2":null,"SHAPE_Length":52.861252971225575,"SHAPE_Area":169.07036450976463},"geometry":{"type":"Polygon","coordinates":[[[32.705828,25.917518],[32.705982,25.917474],[32.705926,25.917378],[32.705793,25.917432],[32.705828,25.917518]]]}},{"type":"Feature","properties":{"source_layer":"Building","source_feature_count":1,"BuildingType":2,"land_use":"سكنى","اسم_المحور":null,"اسم_المحافظة":null,"متوسط_عدد_الادوار_بالعقار":null,"متوسط_عدد_الشقق_بالدور":null,"متوسط_مساحة_الشقق_بالمنطقة":null,"نوع_نمط_العمران":null,"نوع_طبيعة_المنطقة":null,"سعر_العمارة":null,"نوع_الأرض":null,"المساحة_كم2":null,"GlobalID":"{024DA453-558F-4A2C-975E-A9E5AFEC1ECA}","created_user":"gpr.gps","created_date":"2026-04-11T07:55:37Z","last_edited_user":"gpr.gps","last_edited_date":"2026-04-11T07:55:37Z","مساحة_كم2":null,"SHAPE_Length":50.73733022067465,"SHAPE_Area":159.5396127446563},"geometry":{"type":"Polygon","coordinates":[[[32.705403,25.917499],[32.705443,25.917609],[32.705567,25.917584],[32.705532,25.91748],[32.705403,25.917499]]]}},{"type":"Feature","properties":{"source_layer":"Building","source_feature_count":1,"BuildingType":2,"land_use":"سكنى","اسم_المحور":null,"اسم_المحافظة":null,"متوسط_عدد_الادوار_بالعقار":null,"متوسط_عدد_الشقق_بالدور":null,"متوسط_مساحة_الشقق_بالمنطقة":null,"نوع_نمط_العمران":null,"نوع_طبيعة_المنطقة":null,"سعر_العمارة":null,"نوع_الأرض":null,"المساحة_كم2":null,"GlobalID":"{97925C66-BBBC-4D0F-8EFC-7EBEF0A3F532}","created_user":"gpr.gps","created_date":"2026-04-11T07:55:37Z","last_edited_user":"gpr.gps","last_edited_date":"2026-04-11T07:55:37Z","مساحة_كم2":null,"SHAPE_Length":59.21411985886367,"SHAPE_Area":219.56499709025846},"geometry":{"type":"Polygon","coordinates":[[[32.705158,25.91781],[32.705197,25.917938],[32.705347,25.917902],[32.705315,25.917788],[32.705158,25.91781]]]}},{"type":"Feature","properties":{"source_layer":"Building","source_feature_count":1,"BuildingType":2,"land_use":"سكنى","اسم_المحور":null,"اسم_المحافظة":null,"متوسط_عدد_الادوار_بالعقار":null,"متوسط_عدد_الشقق_بالدور":null,"متوسط_مساحة_الشقق_بالمنطقة":null,"نوع_نمط_العمران":null,"نوع_طبيعة_المنطقة":null,"سعر_العمارة":null,"نوع_الأرض":null,"المساحة_كم2":null,"GlobalID":"{E913A632-A5BE-4D5D-86F2-4DC833663C2F}","created_user":"gpr.gps","created_date":"2026-04-11T07:55:37Z","last_edited_user":"gpr.gps","last_edited_date":"2026-04-11T07:55:37Z","مساحة_كم2":null,"SHAPE_Length":59.168442301804646,"SHAPE_Area":210.93979975973338},"geometry":{"type":"Polygon","coordinates":[[[32.7055,25.917429],[32.705458,25.917324],[32.705299,25.917348],[32.705319,25.917457],[32.7055,25.917429]]]}},{"type":"Feature","properties":{"source_layer":"Building","source_feature_count":1,"BuildingType":2,"land_use":"سكنى","اسم_المحور":null,"اسم_المحافظة":null,"متوسط_عدد_الادوار_بالعقار":null,"متوسط_عدد_الشقق_بالدور":null,"متوسط_مساحة_الشقق_بالمنطقة":null,"نوع_نمط_العمران":null,"نوع_طبيعة_المنطقة":null,"سعر_العمارة":null,"نوع_الأرض":null,"المساحة_كم2":null,"GlobalID":"{21C63D09-0F38-4839-B4D9-DECEA6A92B2C}","created_user":"gpr.gps","created_date":"2026-04-11T07:55:37Z","last_edited_user":"gpr.gps","last_edited_date":"2026-04-11T07:55:37Z","مساحة_كم2":null,"SHAPE_Length":56.126434293541465,"SHAPE_Area":198.67910450714615},"geometry":{"type":"Polygon","coordinates":[[[32.706002,25.917769],[32.706043,25.917885],[32.706183,25.917834],[32.706138,25.917724],[32.706002,25.917769]]]}},{"type":"Feature","properties":{"source_layer":"Building","source_feature_count":1,"BuildingType":2,"land_use":"سكنى","اسم_المحور":null,"اسم_المحافظة":null,"متوسط_عدد_الادوار_بالعقار":null,"متوسط_عدد_الشقق_بالدور":null,"متوسط_مساحة_الشقق_بالمنطقة":null,"نوع_نمط_العمران":null,"نوع_طبيعة_المنطقة":null,"سعر_العمارة":null,"نوع_الأرض":null,"المساحة_كم2":null,"GlobalID":"{C86F3107-40A8-4FB5-966A-E4E98B9F3335}","created_user":"gpr.gps","created_date":"2026-04-11T07:55:37Z","last_edited_user":"gpr.gps","last_edited_date":"2026-04-11T07:55:37Z","مساحة_كم2":null,"SHAPE_Length":51.84565719010946,"SHAPE_Area":155.14940277274115},"geometry":{"type":"Polygon","coordinates":[[[32.705384,25.918173],[32.705366,25.91808],[32.705204,25.918114],[32.705222,25.918189],[32.705384,25.918173]]]}},{"type":"Feature","properties":{"source_layer":"Building","source_feature_count":1,"BuildingType":2,"land_use":"سكنى","اسم_المحور":null,"اسم_المحافظة":null,"متوسط_عدد_الادوار_بالعقار":null,"متوسط_عدد_الشقق_بالدور":null,"متوسط_مساحة_الشقق_بالمنطقة":null,"نوع_نمط_العمران":null,"نوع_طبيعة_المنطقة":null,"سعر_العمارة":null,"نوع_الأرض":null,"المساحة_كم2":null,"GlobalID":"{D950AF81-0BB3-4DF8-80D7-D5601DC1BCB1}","created_user":"gpr.gps","created_date":"2026-04-11T07:55:37Z","last_edited_user":"gpr.gps","last_edited_date":"2026-04-11T07:55:37Z","مساحة_كم2":null,"SHAPE_Length":51.73242269006792,"SHAPE_Area":164.54716897934253},"geometry":{"type":"Polygon","coordinates":[[[32.705531,25.918158],[32.705507,25.918051],[32.705366,25.91808],[32.705384,25.918173],[32.705531,25.918158]]]}},{"type":"Feature","properties":{"source_layer":"Building","source_feature_count":1,"BuildingType":2,"land_use":"سكنى","اسم_المحور":null,"اسم_المحافظة":null,"متوسط_عدد_الادوار_بالعقار":null,"متوسط_عدد_الشقق_بالدور":null,"متوسط_مساحة_الشقق_بالمنطقة":null,"نوع_نمط_العمران":null,"نوع_طبيعة_المنطقة":null,"سعر_العمارة":null,"نوع_الأرض":null,"المساحة_كم2":null,"GlobalID":"{F55CE598-5903-41B3-AF5B-9162943A39E6}","created_user":"gpr.gps","created_date":"2026-04-11T07:55:37Z","last_edited_user":"gpr.gps","last_edited_date":"2026-04-11T07:55:37Z","مساحة_كم2":null,"SHAPE_Length":59.31960511111265,"SHAPE_Area":212.41380392836717},"geometry":{"type":"Polygon","coordinates":[[[32.705705,25.918121],[32.705674,25.918016],[32.705507,25.918051],[32.705531,25.918158],[32.705705,25.918121]]]}},{"type":"Feature","properties":{"source_layer":"Building","source_feature_count":1,"BuildingType":2,"land_use":"سكنى","اسم_المحور":null,"اسم_المحافظة":null,"متوسط_عدد_الادوار_بالعقار":null,"متوسط_عدد_الشقق_بالدور":null,"متوسط_مساحة_الشقق_بالمنطقة":null,"نوع_نمط_العمران":null,"نوع_طبيعة_المنطقة":null,"سعر_العمارة":null,"نوع_الأرض":null,"المساحة_كم2":null,"GlobalID":"{0F9D8321-8466-4572-8DEE-CD87A3F0E542}","created_user":"gpr.gps","created_date":"2026-04-11T07:55:37Z","last_edited_user":"gpr.gps","last_edited_date":"2026-04-11T07:55:37Z","مساحة_كم2":null,"SHAPE_Length":72.32794037080461,"SHAPE_Area":292.11300827316836},"geometry":{"type":"Polygon","coordinates":[[[32.705705,25.918121],[32.7059,25.917968],[32.705674,25.918016],[32.705705,25.918121]]]}},{"type":"Feature","properties":{"source_layer":"Building","source_feature_count":1,"BuildingType":2,"land_use":"سكنى","اسم_المحور":null,"اسم_المحافظة":null,"متوسط_عدد_الادوار_بالعقار":null,"متوسط_عدد_الشقق_بالدور":null,"متوسط_مساحة_الشقق_بالمنطقة":null,"نوع_نمط_العمران":null,"نوع_طبيعة_المنطقة":null,"سعر_العمارة":null,"نوع_الأرض":null,"المساحة_كم2":null,"GlobalID":"{68643547-A926-423B-8F7F-CBAE73F331FE}","created_user":"gpr.gps","created_date":"2026-04-11T07:55:37Z","last_edited_user":"gpr.gps","last_edited_date":"2026-04-11T07:55:37Z","مساحة_كم2":null,"SHAPE_Length":73.05494833185871,"SHAPE_Area":274.6502285524503},"geometry":{"type":"Polygon","coordinates":[[[32.706138,25.917854],[32.705887,25.917935],[32.705925,25.918016],[32.706167,25.917954],[32.706138,25.917854]]]}},{"type":"Feature","properties":{"source_layer":"Building","source_feature_count":1,"BuildingType":2,"land_use":"سكنى","اسم_المحور":null,"اسم_المحافظة":null,"متوسط_عدد_الادوار_بالعقار":null,"متوسط_عدد_الشقق_بالدور":null,"متوسط_مساحة_الشقق_بالمنطقة":null,"نوع_نمط_العمران":null,"نوع_طبيعة_المنطقة":null,"سعر_العمارة":null,"نوع_الأرض":null,"المساحة_كم2":null,"GlobalID":"{254660A9-96D2-47E3-ADD9-5F26E978BBDF}","created_user":"gpr.gps","created_date":"2026-04-11T07:55:37Z","last_edited_user":"gpr.gps","last_edited_date":"2026-04-11T07:55:37Z","مساحة_كم2":null,"SHAPE_Length":43.5674676117574,"SHAPE_Area":112.71089942065804},"geometry":{"type":"Polygon","coordinates":[[[32.705887,25.917935],[32.705921,25.917796],[32.705843,25.917822],[32.705887,25.917935]]]}},{"type":"Feature","properties":{"source_layer":"Building","source_feature_count":1,"BuildingType":2,"land_use":"سكنى","اسم_المحور":null,"اسم_المحافظة":null,"متوسط_عدد_الادوار_بالعقار":null,"متوسط_عدد_الشقق_بالدور":null,"متوسط_مساحة_الشقق_بالمنطقة":null,"نوع_نمط_العمران":null,"نوع_طبيعة_المنطقة":null,"سعر_العمارة":null,"نوع_الأرض":null,"المساحة_كم2":null,"GlobalID":"{DF168FFA-502C-4A66-8F2D-721F50A8C7D0}","created_user":"gpr.gps","created_date":"2026-04-11T07:55:37Z","last_edited_user":"gpr.gps","last_edited_date":"2026-04-11T07:55:37Z","مساحة_كم2":null,"SHAPE_Length":43.39352659470352,"SHAPE_Area":111.15458087408932},"geometry":{"type":"Polygon","coordinates":[[[32.705968,25.917909],[32.706002,25.917769],[32.705921,25.917796],[32.705968,25.917909]]]}},{"type":"Feature","properties":{"source_layer":"Building","source_feature_count":1,"BuildingType":2,"land_use":"سكنى","اسم_المحور":null,"اسم_المحافظة":null,"متوسط_عدد_الادوار_بالعقار":null,"متوسط_عدد_الشقق_بالدور":null,"متوسط_مساحة_الشقق_بالمنطقة":null,"نوع_نمط_العمران":null,"نوع_طبيعة_المنطقة":null,"سعر_العمارة":null,"نوع_الأرض":null,"المساحة_كم2":null,"GlobalID":"{D8B6D03B-02B4-4FBB-AC4E-8D7A7B6C0DA4}","created_user":"gpr.gps","created_date":"2026-04-11T07:55:37Z","last_edited_user":"gpr.gps","last_edited_date":"2026-04-11T07:55:37Z","مساحة_كم2":null,"SHAPE_Length":55.45437172176301,"SHAPE_Area":192.7030846940296},"geometry":{"type":"Polygon","coordinates":[[[32.705402,25.918022],[32.705368,25.917897],[32.705231,25.917932],[32.705265,25.918046],[32.705402,25.918022]]]}},{"type":"Feature","properties":{"source_layer":"Building","source_feature_count":1,"BuildingType":2,"land_use":"سكنى","اسم_المحور":null,"اسم_المحافظة":null,"متوسط_عدد_الادوار_بالعقار":null,"متوسط_عدد_الشقق_بالدور":null,"متوسط_مساحة_الشقق_بالمنطقة":null,"نوع_نمط_العمران":null,"نوع_طبيعة_المنطقة":null,"سعر_العمارة":null,"نوع_الأرض":null,"المساحة_كم2":null,"GlobalID":"{18F4AABC-D331-4467-A6A7-F1E29046A0AF}","created_user":"gpr.gps","created_date":"2026-04-11T07:55:37Z","last_edited_user":"gpr.gps","last_edited_date":"2026-04-11T07:55:37Z","مساحة_كم2":null,"SHAPE_Length":44.66374542987682,"SHAPE_Area":111.16197032416576},"geometry":{"type":"Polygon","coordinates":[[[32.705121,25.917951],[32.705158,25.91781],[32.705085,25.917821],[32.705121,25.917951]]]}},{"type":"Feature","properties":{"source_layer":"Building","source_feature_count":1,"BuildingType":2,"land_use":"سكنى","اسم_المحور":null,"اسم_المحافظة":null,"متوسط_عدد_الادوار_بالعقار":null,"متوسط_عدد_الشقق_بالدور":null,"متوسط_مساحة_الشقق_بالمنطقة":null,"نوع_نمط_العمران":null,"نوع_طبيعة_المنطقة":null,"سعر_العمارة":null,"نوع_الأرض":null,"المساحة_كم2":null,"GlobalID":"{64578BCF-B3D5-417D-ADCC-76B6F56BE47C}","created_user":"gpr.gps","created_date":"2026-04-11T07:55:37Z","last_edited_user":"gpr.gps","last_edited_date":"2026-04-11T07:55:37Z","مساحة_كم2":null,"SHAPE_Length":46.35695117162023,"SHAPE_Area":126.30832818301658},"geometry":{"type":"Polygon","coordinates":[[[32.705452,25.91788],[32.705402,25.918022],[32.70549,25.918007],[32.705452,25.91788]]]}},{"type":"Feature","properties":{"source_layer":"Building","source_feature_count":1,"BuildingType":2,"land_use":"سكنى","اسم_المحور":null,"اسم_المحافظة":null,"متوسط_عدد_الادوار_بالعقار":null,"متوسط_عدد_الشقق_بالدور":null,"متوسط_مساحة_الشقق_بالمنطقة":null,"نوع_نمط_العمران":null,"نوع_طبيعة_المنطقة":null,"سعر_العمارة":null,"نوع_الأرض":null,"المساحة_كم2":null,"GlobalID":"{0BCFE496-2936-4D3A-87D0-9E23D713889C}","created_user":"gpr.gps","created_date":"2026-04-11T07:55:37Z","last_edited_user":"gpr.gps","last_edited_date":"2026-04-11T07:55:37Z","مساحة_كم2":null,"SHAPE_Length":48.13263291113849,"SHAPE_Area":144.4943446248828},"geometry":{"type":"Polygon","coordinates":[[[32.705432,25.917717],[32.705292,25.917629],[32.705305,25.917735],[32.705432,25.917717]]]}},{"type":"Feature","properties":{"source_layer":"Building","source_feature_count":1,"BuildingType":2,"land_use":"سكنى","اسم_المحور":null,"اسم_المحافظة":null,"متوسط_عدد_الادوار_بالعقار":null,"متوسط_عدد_الشقق_بالدور":null,"متوسط_مساحة_الشقق_بالمنطقة":null,"نوع_نمط_العمران":null,"نوع_طبيعة_المنطقة":null,"سعر_العمارة":null,"نوع_الأرض":null,"المساحة_كم2":null,"GlobalID":"{F7CACC0F-CF92-4149-BD2E-8608406EDC6B}","created_user":"gpr.gps","created_date":"2026-04-11T07:55:37Z","last_edited_user":"gpr.gps","last_edited_date":"2026-04-11T07:55:37Z","مساحة_كم2":null,"SHAPE_Length":72.91966250764361,"SHAPE_Area":294.3054986263953},"geometry":{"type":"Polygon","coordinates":[[[32.705148,25.917758],[32.705096,25.917543],[32.704977,25.91756],[32.705028,25.917775],[32.705148,25.917758]]]}},{"type":"Feature","properties":{"source_layer":"Building","source_feature_count":1,"BuildingType":2,"land_use":"سكنى","اسم_المحور":null,"اسم_المحافظة":null,"متوسط_عدد_الادوار_بالعقار":null,"متوسط_عدد_الشقق_بالدور":null,"متوسط_مساحة_الشقق_بالمنطقة":null,"نوع_نمط_العمران":null,"نوع_طبيعة_المنطقة":null,"سعر_العمارة":null,"نوع_الأرض":null,"المساحة_كم2":null,"GlobalID":"{ECF7D398-4CB4-4799-B5F7-DD8F9B4C62C3}","created_user":"gpr.gps","created_date":"2026-04-11T07:55:37Z","last_edited_user":"gpr.gps","last_edited_date":"2026-04-11T07:55:37Z","مساحة_كم2":null,"SHAPE_Length":57.162715144458,"SHAPE_Area":198.58513449729},"geometry":{"type":"Polygon","coordinates":[[[32.705305,25.917735],[32.705292,25.917629],[32.705122,25.917651],[32.705148,25.917758],[32.705305,25.917735]]]}},{"type":"Feature","properties":{"source_layer":"Building","source_feature_count":1,"BuildingType":2,"land_use":"سكنى","اسم_المحور":null,"اسم_المحافظة":null,"متوسط_عدد_الادوار_بالعقار":null,"متوسط_عدد_الشقق_بالدور":null,"متوسط_مساحة_الشقق_بالمنطقة":null,"نوع_نمط_العمران":null,"نوع_طبيعة_المنطقة":null,"سعر_العمارة":null,"نوع_الأرض":null,"المساحة_كم2":null,"GlobalID":"{25A1F609-B1AF-4BBB-BEA7-6DC60E738A54}","created_user":"gpr.gps","created_date":"2026-04-11T07:55:37Z","last_edited_user":"gpr.gps","last_edited_date":"2026-04-11T07:55:37Z","مساحة_كم2":null,"SHAPE_Length":48.41187909143191,"SHAPE_Area":146.24444617507888},"geometry":{"type":"Polygon","coordinates":[[[32.705237,25.917636],[32.705215,25.917526],[32.705096,25.917543],[32.705122,25.917651],[32.705237,25.917636]]]}},{"type":"Feature","properties":{"source_layer":"Building","source_feature_count":1,"BuildingType":2,"land_use":"سكنى","اسم_المحور":null,"اسم_المحافظة":null,"متوسط_عدد_الادوار_بالعقار":null,"متوسط_عدد_الشقق_بالدور":null,"متوسط_مساحة_الشقق_بالمنطقة":null,"نوع_نمط_العمران":null,"نوع_طبيعة_المنطقة":null,"سعر_العمارة":null,"نوع_الأرض":null,"المساحة_كم2":null,"GlobalID":"{6985CE9B-4655-4F42-8FE7-E7EF307E0755}","created_user":"gpr.gps","created_date":"2026-04-11T07:55:37Z","last_edited_user":"gpr.gps","last_edited_date":"2026-04-11T07:55:37Z","مساحة_كم2":null,"SHAPE_Length":41.39546382826029,"SHAPE_Area":101.3544532693698},"geometry":{"type":"Polygon","coordinates":[[[32.705237,25.917636],[32.705287,25.917516],[32.705215,25.917526],[32.705237,25.917636]]]}},{"type":"Feature","properties":{"source_layer":"Building","source_feature_count":1,"BuildingType":2,"land_use":"سكنى","اسم_المحور":null,"اسم_المحافظة":null,"متوسط_عدد_الادوار_بالعقار":null,"متوسط_عدد_الشقق_بالدور":null,"متوسط_مساحة_الشقق_بالمنطقة":null,"نوع_نمط_العمران":null,"نوع_طبيعة_المنطقة":null,"سعر_العمارة":null,"نوع_الأرض":null,"المساحة_كم2":null,"GlobalID":"{3A9D6BEA-2354-42A3-99B0-28E0F7BB8353}","created_user":"gpr.gps","created_date":"2026-04-11T07:55:37Z","last_edited_user":"gpr.gps","last_edited_date":"2026-04-11T07:55:37Z","مساحة_كم2":null,"SHAPE_Length":49.01107830264862,"SHAPE_Area":149.09057729904495},"geometry":{"type":"Polygon","coordinates":[[[32.705443,25.917609],[32.705403,25.917499],[32.705287,25.917516],[32.705326,25.917625],[32.705443,25.917609]]]}},{"type":"Feature","properties":{"source_layer":"Building","source_feature_count":1,"BuildingType":2,"land_use":"سكنى","اسم_المحور":null,"اسم_المحافظة":null,"متوسط_عدد_الادوار_بالعقار":null,"متوسط_عدد_الشقق_بالدور":null,"متوسط_مساحة_الشقق_بالمنطقة":null,"نوع_نمط_العمران":null,"نوع_طبيعة_المنطقة":null,"سعر_العمارة":null,"نوع_الأرض":null,"المساحة_كم2":null,"GlobalID":"{9FB8700B-6AD7-4814-AB97-A1A5D4C230AB}","created_user":"gpr.gps","created_date":"2026-04-11T07:55:37Z","last_edited_user":"gpr.gps","last_edited_date":"2026-04-11T07:55:37Z","مساحة_كم2":null,"SHAPE_Length":50.88107889588046,"SHAPE_Area":161.40636403880052},"geometry":{"type":"Polygon","coordinates":[[[32.705201,25.917474],[32.705177,25.917367],[32.705047,25.917387],[32.70507,25.917494],[32.705201,25.917474]]]}},{"type":"Feature","properties":{"source_layer":"Building","source_feature_count":1,"BuildingType":2,"land_use":"سكنى","اسم_المحور":null,"اسم_المحافظة":null,"متوسط_عدد_الادوار_بالعقار":null,"متوسط_عدد_الشقق_بالدور":null,"متوسط_مساحة_الشقق_بالمنطقة":null,"نوع_نمط_العمران":null,"نوع_طبيعة_المنطقة":null,"سعر_العمارة":null,"نوع_الأرض":null,"المساحة_كم2":null,"GlobalID":"{3A46D7C9-B678-48D9-BB0F-70331059B297}","created_user":"gpr.gps","created_date":"2026-04-11T07:55:37Z","last_edited_user":"gpr.gps","last_edited_date":"2026-04-11T07:55:37Z","مساحة_كم2":null,"SHAPE_Length":48.65272797665715,"SHAPE_Area":147.90125875910903},"geometry":{"type":"Polygon","coordinates":[[[32.705319,25.917457],[32.705299,25.917348],[32.705177,25.917367],[32.705201,25.917474],[32.705319,25.917457]]]}},{"type":"Feature","properties":{"source_layer":"Building","source_feature_count":1,"BuildingType":2,"land_use":"سكنى","اسم_المحور":null,"اسم_المحافظة":null,"متوسط_عدد_الادوار_بالعقار":null,"متوسط_عدد_الشقق_بالدور":null,"متوسط_مساحة_الشقق_بالمنطقة":null,"نوع_نمط_العمران":null,"نوع_طبيعة_المنطقة":null,"سعر_العمارة":null,"نوع_الأرض":null,"المساحة_كم2":null,"GlobalID":"{44C4997B-A87E-47C2-AA5E-25AED091A694}","created_user":"gpr.gps","created_date":"2026-04-11T07:55:37Z","last_edited_user":"gpr.gps","last_edited_date":"2026-04-11T07:55:37Z","مساحة_كم2":null,"SHAPE_Length":38.534092906915255,"SHAPE_Area":84.5879147974753},"geometry":{"type":"Polygon","coordinates":[[[32.705532,25.917312],[32.7055,25.917429],[32.705562,25.91742],[32.705532,25.917312]]]}},{"type":"Feature","properties":{"source_layer":"Building","source_feature_count":1,"BuildingType":2,"land_use":"سكنى","اسم_المحور":null,"اسم_المحافظة":null,"متوسط_عدد_الادوار_بالعقار":null,"متوسط_عدد_الشقق_بالدور":null,"متوسط_مساحة_الشقق_بالمنطقة":null,"نوع_نمط_العمران":null,"نوع_طبيعة_المنطقة":null,"سعر_العمارة":null,"نوع_الأرض":null,"المساحة_كم2":null,"GlobalID":"{AF22354F-A543-422D-885E-C58B476C040F}","created_user":"gpr.gps","created_date":"2026-04-11T07:55:37Z","last_edited_user":"gpr.gps","last_edited_date":"2026-04-11T07:55:37Z","مساحة_كم2":null,"SHAPE_Length":113.12524983975949,"SHAPE_Area":649.4986734068831},"geometry":{"type":"Polygon","coordinates":[[[32.731747,25.98395],[32.731847,25.984084],[32.73216,25.983875],[32.732094,25.983771],[32.731747,25.98395]]]}},{"type":"Feature","properties":{"source_layer":"Building","source_feature_count":1,"BuildingType":2,"land_use":"سكنى","اسم_المحور":null,"اسم_المحافظة":null,"متوسط_عدد_الادوار_بالعقار":null,"متوسط_عدد_الشقق_بالدور":null,"متوسط_مساحة_الشقق_بالمنطقة":null,"نوع_نمط_العمران":null,"نوع_طبيعة_المنطقة":null,"سعر_العمارة":null,"نوع_الأرض":null,"المساحة_كم2":null,"GlobalID":"{8B8B7927-D23D-47AB-A482-EA6ACA10856E}","created_user":"gpr.gps","created_date":"2026-04-11T07:55:37Z","last_edited_user":"gpr.gps","last_edited_date":"2026-04-11T07:55:37Z","مساحة_كم2":null,"SHAPE_Length":57.13548317897971,"SHAPE_Area":189.0607124826836},"geometry":{"type":"Polygon","coordinates":[[[32.731847,25.984084],[32.731747,25.98395],[32.731657,25.983997],[32.731758,25.984135],[32.731847,25.984084]]]}},{"type":"Feature","properties":{"source_layer":"Building","source_feature_count":1,"BuildingType":2,"land_use":"سكنى","اسم_المحور":null,"اسم_المحافظة":null,"متوسط_عدد_الادوار_بالعقار":null,"متوسط_عدد_الشقق_بالدور":null,"متوسط_مساحة_الشقق_بالمنطقة":null,"نوع_نمط_العمران":null,"نوع_طبيعة_المنطقة":null,"سعر_العمارة":null,"نوع_الأرض":null,"المساحة_كم2":null,"GlobalID":"{9A363307-21AB-4686-B5FE-7DAAE13B080B}","created_user":"gpr.gps","created_date":"2026-04-11T07:55:37Z","last_edited_user":"gpr.gps","last_edited_date":"2026-04-11T07:55:37Z","مساحة_كم2":null,"SHAPE_Length":69.15807548983649,"SHAPE_Area":290.29822719484997},"geometry":{"type":"Polygon","coordinates":[[[32.733535,25.983624],[32.733615,25.983735],[32.733782,25.983623],[32.733695,25.983523],[32.733535,25.983624]]]}},{"type":"Feature","properties":{"source_layer":"Building","source_feature_count":1,"BuildingType":2,"land_use":"سكنى","اسم_المحور":null,"اسم_المحافظة":null,"متوسط_عدد_الادوار_بالعقار":null,"متوسط_عدد_الشقق_بالدور":null,"متوسط_مساحة_الشقق_بالمنطقة":null,"نوع_نمط_العمران":null,"نوع_طبيعة_المنطقة":null,"سعر_العمارة":null,"نوع_الأرض":null,"المساحة_كم2":null,"GlobalID":"{8D820904-A57C-4CAE-BFBC-D4444FF7AB52}","created_user":"gpr.gps","created_date":"2026-04-11T07:55:37Z","last_edited_user":"gpr.gps","last_edited_date":"2026-04-11T07:55:37Z","مساحة_كم2":null,"SHAPE_Length":64.10623237803314,"SHAPE_Area":255.14996858848835},"geometry":{"type":"Polygon","coordinates":[[[32.733455,25.983448],[32.733537,25.983575],[32.733665,25.983483],[32.733586,25.983364],[32.733455,25.983448]]]}},{"type":"Feature","properties":{"source_layer":"Building","source_feature_count":1,"BuildingType":2,"land_use":"سكنى","اسم_المحور":null,"اسم_المحافظة":null,"متوسط_عدد_الادوار_بالعقار":null,"متوسط_عدد_الشقق_بالدور":null,"متوسط_مساحة_الشقق_بالمنطقة":null,"نوع_نمط_العمران":null,"نوع_طبيعة_المنطقة":null,"سعر_العمارة":null,"نوع_الأرض":null,"المساحة_كم2":null,"GlobalID":"{882D5690-A6F7-4F5B-8EA7-049B6DF5ECDC}","created_user":"gpr.gps","created_date":"2026-04-11T07:55:37Z","last_edited_user":"gpr.gps","last_edited_date":"2026-04-11T07:55:37Z","مساحة_كم2":null,"SHAPE_Length":60.86116720913102,"SHAPE_Area":228.1953464650331},"geometry":{"type":"Polygon","coordinates":[[[32.733537,25.983575],[32.733455,25.983448],[32.733341,25.983521],[32.73343,25.983651],[32.733537,25.983575]]]}},{"type":"Feature","properties":{"source_layer":"Building","source_feature_count":1,"BuildingType":2,"land_use":"سكنى","اسم_المحور":null,"اسم_المحافظة":null,"متوسط_عدد_الادوار_بالعقار":null,"متوسط_عدد_الشقق_بالدور":null,"متوسط_مساحة_الشقق_بالمنطقة":null,"نوع_نمط_العمران":null,"نوع_طبيعة_المنطقة":null,"سعر_العمارة":null,"نوع_الأرض":null,"المساحة_كم2":null,"GlobalID":"{3EDD2071-B8AB-40F2-B346-70ED3B231C87}","created_user":"gpr.gps","created_date":"2026-04-11T07:55:37Z","last_edited_user":"gpr.gps","last_edited_date":"2026-04-11T07:55:37Z","مساحة_كم2":null,"SHAPE_Length":33.17420645548748,"SHAPE_Area":55.96083947098963},"geometry":{"type":"Polygon","coordinates":[[[32.726078,25.974247],[32.726089,25.97436],[32.726135,25.974343],[32.726078,25.974247]]]}},{"type":"Feature","properties":{"source_layer":"Building","source_feature_count":1,"BuildingType":2,"land_use":"سكنى","اسم_المحور":null,"اسم_المحافظة":null,"متوسط_عدد_الادوار_بالعقار":null,"متوسط_عدد_الشقق_بالدور":null,"متوسط_مساحة_الشقق_بالمنطقة":null,"نوع_نمط_العمران":null,"نوع_طبيعة_المنطقة":null,"سعر_العمارة":null,"نوع_الأرض":null,"المساحة_كم2":null,"GlobalID":"{7A82C865-0CDB-4A25-8DCC-F6F34AF04F0C}","created_user":"gpr.gps","created_date":"2026-04-11T07:55:37Z","last_edited_user":"gpr.gps","last_edited_date":"2026-04-11T07:55:37Z","مساحة_كم2":null,"SHAPE_Length":53.94855193299336,"SHAPE_Area":180.65956118098805},"geometry":{"type":"Polygon","coordinates":[[[32.726961,25.973893],[32.727009,25.973996],[32.727143,25.97394],[32.72709,25.973838],[32.726961,25.973893]]]}},{"type":"Feature","properties":{"source_layer":"Building","source_feature_count":1,"BuildingType":2,"land_use":"سكنى","اسم_المحور":null,"اسم_المحافظة":null,"متوسط_عدد_الادوار_بالعقار":null,"متوسط_عدد_الشقق_بالدور":null,"متوسط_مساحة_الشقق_بالمنطقة":null,"نوع_نمط_العمران":null,"نوع_طبيعة_المنطقة":null,"سعر_العمارة":null,"نوع_الأرض":null,"المساحة_كم2":null,"GlobalID":"{F733FE31-D636-46AF-87B0-EA0E4B094313}","created_user":"gpr.gps","created_date":"2026-04-11T07:55:37Z","last_edited_user":"gpr.gps","last_edited_date":"2026-04-11T07:55:37Z","مساحة_كم2":null,"SHAPE_Length":84.337246520073,"SHAPE_Area":389.39998671171566},"geometry":{"type":"Polygon","coordinates":[[[32.726682,25.974128],[32.726624,25.974014],[32.726364,25.974127],[32.726426,25.974235],[32.726682,25.974128]]]}},{"type":"Feature","properties":{"source_layer":"Building","source_feature_count":1,"BuildingType":2,"land_use":"سكنى","اسم_المحور":null,"اسم_المحافظة":null,"متوسط_عدد_الادوار_بالعقار":null,"متوسط_عدد_الشقق_بالدور":null,"متوسط_مساحة_الشقق_بالمنطقة":null,"نوع_نمط_العمران":null,"نوع_طبيعة_المنطقة":null,"سعر_العمارة":null,"نوع_الأرض":null,"المساحة_كم2":null,"GlobalID":"{0B98E2A6-2CB7-4DDD-A234-16C18A4751FE}","created_user":"gpr.gps","created_date":"2026-04-11T07:55:37Z","last_edited_user":"gpr.gps","last_edited_date":"2026-04-11T07:55:37Z","مساحة_كم2":null,"SHAPE_Length":53.20480765030114,"SHAPE_Area":176.6473242896699},"geometry":{"type":"Polygon","coordinates":[[[32.7268,25.974081],[32.726749,25.973973],[32.726624,25.974014],[32.726682,25.974128],[32.7268,25.974081]]]}},{"type":"Feature","properties":{"source_layer":"Building","source_feature_count":1,"BuildingType":2,"land_use":"سكنى","اسم_المحور":null,"اسم_المحافظة":null,"متوسط_عدد_الادوار_بالعقار":null,"متوسط_عدد_الشقق_بالدور":null,"متوسط_مساحة_الشقق_بالمنطقة":null,"نوع_نمط_العمران":null,"نوع_طبيعة_المنطقة":null,"سعر_العمارة":null,"نوع_الأرض":null,"المساحة_كم2":null,"GlobalID":"{3A6F2EB9-AF41-430D-B4FA-DDB698374D5E}","created_user":"gpr.gps","created_date":"2026-04-11T07:55:37Z","last_edited_user":"gpr.gps","last_edited_date":"2026-04-11T07:55:37Z","مساحة_كم2":null,"SHAPE_Length":48.881325920918705,"SHAPE_Area":149.01345767473913},"geometry":{"type":"Polygon","coordinates":[[[32.726908,25.974039],[32.726859,25.973937],[32.726749,25.973973],[32.7268,25.974081],[32.726908,25.974039]]]}},{"type":"Feature","properties":{"source_layer":"Building","source_feature_count":1,"BuildingType":2,"land_use":"سكنى","اسم_المحور":null,"اسم_المحافظة":null,"متوسط_عدد_الادوار_بالعقار":null,"متوسط_عدد_الشقق_بالدور":null,"متوسط_مساحة_الشقق_بالمنطقة":null,"نوع_نمط_العمران":null,"نوع_طبيعة_المنطقة":null,"سعر_العمارة":null,"نوع_الأرض":null,"المساحة_كم2":null,"GlobalID":"{6073C3A1-B156-4009-9AF2-92B3FC1EBDC8}","created_user":"gpr.gps","created_date":"2026-04-11T07:55:37Z","last_edited_user":"gpr.gps","last_edited_date":"2026-04-11T07:55:37Z","مساحة_كم2":null,"SHAPE_Length":47.120012946478994,"SHAPE_Area":138.57372698962163},"geometry":{"type":"Polygon","coordinates":[[[32.727009,25.973996],[32.726961,25.973893],[32.726859,25.973937],[32.726908,25.974039],[32.727009,25.973996]]]}},{"type":"Feature","properties":{"source_layer":"Building","source_feature_count":1,"BuildingType":2,"land_use":"سكنى","اسم_المحور":null,"اسم_المحافظة":null,"متوسط_عدد_الادوار_بالعقار":null,"متوسط_عدد_الشقق_بالدور":null,"متوسط_مساحة_الشقق_بالمنطقة":null,"نوع_نمط_العمران":null,"نوع_طبيعة_المنطقة":null,"سعر_العمارة":null,"نوع_الأرض":null,"المساحة_كم2":null,"GlobalID":"{7F4A0412-FD84-4533-938D-83AEA55F9420}","created_user":"gpr.gps","created_date":"2026-04-11T07:55:37Z","last_edited_user":"gpr.gps","last_edited_date":"2026-04-11T07:55:37Z","مساحة_كم2":null,"SHAPE_Length":51.978148214831386,"SHAPE_Area":161.43758615010523},"geometry":{"type":"Polygon","coordinates":[[[32.728001,25.973436],[32.72794,25.973319],[32.727836,25.973364],[32.727895,25.973481],[32.728001,25.973436]]]}},{"type":"Feature","properties":{"source_layer":"Building","source_feature_count":1,"BuildingType":2,"land_use":"سكنى","اسم_المحور":null,"اسم_المحافظة":null,"متوسط_عدد_الادوار_بالعقار":null,"متوسط_عدد_الشقق_بالدور":null,"متوسط_مساحة_الشقق_بالمنطقة":null,"نوع_نمط_العمران":null,"نوع_طبيعة_المنطقة":null,"سعر_العمارة":null,"نوع_الأرض":null,"المساحة_كم2":null,"GlobalID":"{ADBB4664-8144-409B-B0D0-BB87A927B4D8}","created_user":"gpr.gps","created_date":"2026-04-11T07:55:37Z","last_edited_user":"gpr.gps","last_edited_date":"2026-04-11T07:55:37Z","مساحة_كم2":null,"SHAPE_Length":83.48161045561913,"SHAPE_Area":420.9987546701167},"geometry":{"type":"Polygon","coordinates":[[[32.728356,25.973461],[32.728294,25.973316],[32.728062,25.97341],[32.728133,25.973546],[32.728356,25.973461]]]}},{"type":"Feature","properties":{"source_layer":"Building","source_feature_count":1,"BuildingType":2,"land_use":"سكنى","اسم_المحور":null,"اسم_المحافظة":null,"متوسط_عدد_الادوار_بالعقار":null,"متوسط_عدد_الشقق_بالدور":null,"متوسط_مساحة_الشقق_بالمنطقة":null,"نوع_نمط_العمران":null,"نوع_طبيعة_المنطقة":null,"سعر_العمارة":null,"نوع_الأرض":null,"المساحة_كم2":null,"GlobalID":"{F5BA00A4-3D8C-4CD6-AFD6-9DD9FBF0708E}","created_user":"gpr.gps","created_date":"2026-04-11T07:55:37Z","last_edited_user":"gpr.gps","last_edited_date":"2026-04-11T07:55:37Z","مساحة_كم2":null,"SHAPE_Length":65.1212876759489,"SHAPE_Area":265.54843266129745},"geometry":{"type":"Polygon","coordinates":[[[32.727453,25.973337],[32.727292,25.973375],[32.727357,25.973509],[32.727504,25.973446],[32.727453,25.973337]]]}},{"type":"Feature","properties":{"source_layer":"Building","source_feature_count":1,"BuildingType":2,"land_use":"سكنى","اسم_المحور":null,"اسم_المحافظة":null,"متوسط_عدد_الادوار_بالعقار":null,"متوسط_عدد_الشقق_بالدور":null,"متوسط_مساحة_الشقق_بالمنطقة":null,"نوع_نمط_العمران":null,"نوع_طبيعة_المنطقة":null,"سعر_العمارة":null,"نوع_الأرض":null,"المساحة_كم2":null,"GlobalID":"{B81853DB-535E-4FF5-982F-DFBDBFDAD29A}","created_user":"gpr.gps","created_date":"2026-04-11T07:55:37Z","last_edited_user":"gpr.gps","last_edited_date":"2026-04-11T07:55:37Z","مساحة_كم2":null,"SHAPE_Length":50.55420392732864,"SHAPE_Area":145.90607454279962},"geometry":{"type":"Polygon","coordinates":[[[32.727772,25.973337],[32.727616,25.973243],[32.727693,25.973377],[32.727772,25.973337]]]}},{"type":"Feature","properties":{"source_layer":"Building","source_feature_count":1,"BuildingType":2,"land_use":"سكنى","اسم_المحور":null,"اسم_المحافظة":null,"متوسط_عدد_الادوار_بالعقار":null,"متوسط_عدد_الشقق_بالدور":null,"متوسط_مساحة_الشقق_بالمنطقة":null,"نوع_نمط_العمران":null,"نوع_طبيعة_المنطقة":null,"سعر_العمارة":null,"نوع_الأرض":null,"المساحة_كم2":null,"GlobalID":"{8595CDEE-370B-4B9B-A64F-3F3EA7B29C29}","created_user":"gpr.gps","created_date":"2026-04-11T07:55:37Z","last_edited_user":"gpr.gps","last_edited_date":"2026-04-11T07:55:37Z","مساحة_كم2":null,"SHAPE_Length":40.712181212338784,"SHAPE_Area":87.6550568979838},"geometry":{"type":"Polygon","coordinates":[[[32.727838,25.973505],[32.727836,25.973364],[32.727781,25.973388],[32.727838,25.973505]]]}},{"type":"Feature","properties":{"source_layer":"Building","source_feature_count":1,"BuildingType":2,"land_use":"سكنى","اسم_المحور":null,"اسم_المحافظة":null,"متوسط_عدد_الادوار_بالعقار":null,"متوسط_عدد_الشقق_بالدور":null,"متوسط_مساحة_الشقق_بالمنطقة":null,"نوع_نمط_العمران":null,"نوع_طبيعة_المنطقة":null,"سعر_العمارة":null,"نوع_الأرض":null,"المساحة_كم2":null,"GlobalID":"{2F1776EE-58CF-4E7B-96A5-1F2698B3532A}","created_user":"gpr.gps","created_date":"2026-04-11T07:55:37Z","last_edited_user":"gpr.gps","last_edited_date":"2026-04-11T07:55:37Z","مساحة_كم2":null,"SHAPE_Length":42.772486925252146,"SHAPE_Area":90.63053591294447},"geometry":{"type":"Polygon","coordinates":[[[32.727959,25.97337],[32.728078,25.973259],[32.72794,25.973319],[32.727959,25.97337]]]}},{"type":"Feature","properties":{"source_layer":"Building","source_feature_count":1,"BuildingType":2,"land_use":"سكنى","اسم_المحور":null,"اسم_المحافظة":null,"متوسط_عدد_الادوار_بالعقار":null,"متوسط_عدد_الشقق_بالدور":null,"متوسط_مساحة_الشقق_بالمنطقة":null,"نوع_نمط_العمران":null,"نوع_طبيعة_المنطقة":null,"سعر_العمارة":null,"نوع_الأرض":null,"المساحة_كم2":null,"GlobalID":"{7EE72813-BAB6-4A50-A933-73C8A0B54A6D}","created_user":"gpr.gps","created_date":"2026-04-11T07:55:37Z","last_edited_user":"gpr.gps","last_edited_date":"2026-04-11T07:55:37Z","مساحة_كم2":null,"SHAPE_Length":45.124106295279745,"SHAPE_Area":120.95535355820897},"geometry":{"type":"Polygon","coordinates":[[[32.727379,25.973698],[32.727402,25.973551],[32.727322,25.973585],[32.727379,25.973698]]]}},{"type":"Feature","properties":{"source_layer":"Building","source_feature_count":1,"BuildingType":2,"land_use":"سكنى","اسم_المحور":null,"اسم_المحافظة":null,"متوسط_عدد_الادوار_بالعقار":null,"متوسط_عدد_الشقق_بالدور":null,"متوسط_مساحة_الشقق_بالمنطقة":null,"نوع_نمط_العمران":null,"نوع_طبيعة_المنطقة":null,"سعر_العمارة":null,"نوع_الأرض":null,"المساحة_كم2":null,"GlobalID":"{DC9C5218-C3A1-4BDE-8B91-DC8D00CF0ADB}","created_user":"gpr.gps","created_date":"2026-04-11T07:55:37Z","last_edited_user":"gpr.gps","last_edited_date":"2026-04-11T07:55:37Z","مساحة_كم2":null,"SHAPE_Length":50.244030601402066,"SHAPE_Area":156.46181415113867},"geometry":{"type":"Polygon","coordinates":[[[32.727259,25.973749],[32.727196,25.973639],[32.727094,25.973683],[32.727154,25.973793],[32.727259,25.973749]]]}},{"type":"Feature","properties":{"source_layer":"Building","source_feature_count":1,"BuildingType":2,"land_use":"سكنى","اسم_المحور":null,"اسم_المحافظة":null,"متوسط_عدد_الادوار_بالعقار":null,"متوسط_عدد_الشقق_بالدور":null,"متوسط_مساحة_الشقق_بالمنطقة":null,"نوع_نمط_العمران":null,"نوع_طبيعة_المنطقة":null,"سعر_العمارة":null,"نوع_الأرض":null,"المساحة_كم2":null,"GlobalID":"{15C96352-3B6E-4CDF-9D72-E41B364184BA}","created_user":"gpr.gps","created_date":"2026-04-11T07:55:37Z","last_edited_user":"gpr.gps","last_edited_date":"2026-04-11T07:55:37Z","مساحة_كم2":null,"SHAPE_Length":53.34063948168847,"SHAPE_Area":177.5271185332529},"geometry":{"type":"Polygon","coordinates":[[[32.727574,25.973616],[32.727518,25.973502],[32.727402,25.973551],[32.727458,25.973665],[32.727574,25.973616]]]}},{"type":"Feature","properties":{"source_layer":"Building","source_feature_count":1,"BuildingType":2,"land_use":"سكنى","اسم_المحور":null,"اسم_المحافظة":null,"متوسط_عدد_الادوار_بالعقار":null,"متوسط_عدد_الشقق_بالدور":null,"متوسط_مساحة_الشقق_بالمنطقة":null,"نوع_نمط_العمران":null,"نوع_طبيعة_المنطقة":null,"سعر_العمارة":null,"نوع_الأرض":null,"المساحة_كم2":null,"GlobalID":"{4AA4ECA8-9C6B-4168-AA1F-ECB4E3570268}","created_user":"gpr.gps","created_date":"2026-04-11T07:55:37Z","last_edited_user":"gpr.gps","last_edited_date":"2026-04-11T07:55:37Z","مساحة_كم2":null,"SHAPE_Length":54.66805533332334,"SHAPE_Area":186.68587507570334},"geometry":{"type":"Polygon","coordinates":[[[32.727379,25.973698],[32.727322,25.973585],[32.727196,25.973639],[32.727259,25.973749],[32.727379,25.973698]]]}},{"type":"Feature","properties":{"source_layer":"Building","source_feature_count":1,"BuildingType":2,"land_use":"سكنى","اسم_المحور":null,"اسم_المحافظة":null,"متوسط_عدد_الادوار_بالعقار":null,"متوسط_عدد_الشقق_بالدور":null,"متوسط_مساحة_الشقق_بالمنطقة":null,"نوع_نمط_العمران":null,"نوع_طبيعة_المنطقة":null,"سعر_العمارة":null,"نوع_الأرض":null,"المساحة_كم2":null,"GlobalID":"{622A291F-5F3B-4558-8738-A12386DD991E}","created_user":"gpr.gps","created_date":"2026-04-11T07:55:37Z","last_edited_user":"gpr.gps","last_edited_date":"2026-04-11T07:55:37Z","مساحة_كم2":null,"SHAPE_Length":62.84640551165884,"SHAPE_Area":189.70310017728056},"geometry":{"type":"Polygon","coordinates":[[[32.727754,25.97354],[32.727781,25.973388],[32.727627,25.973455],[32.727754,25.97354]]]}},{"type":"Feature","properties":{"source_layer":"Building","source_feature_count":1,"BuildingType":2,"land_use":"سكنى","اسم_المحور":null,"اسم_المحافظة":null,"متوسط_عدد_الادوار_بالعقار":null,"متوسط_عدد_الشقق_بالدور":null,"متوسط_مساحة_الشقق_بالمنطقة":null,"نوع_نمط_العمران":null,"نوع_طبيعة_المنطقة":null,"سعر_العمارة":null,"نوع_الأرض":null,"المساحة_كم2":null,"GlobalID":"{216E45AF-050B-4EF8-9FDD-4EB2782CB532}","created_user":"gpr.gps","created_date":"2026-04-11T07:55:37Z","last_edited_user":"gpr.gps","last_edited_date":"2026-04-11T07:55:37Z","مساحة_كم2":null,"SHAPE_Length":68.19580555086452,"SHAPE_Area":218.32006026367227},"geometry":{"type":"Polygon","coordinates":[[[32.727754,25.97354],[32.727627,25.973455],[32.727518,25.973502],[32.727574,25.973616],[32.727754,25.97354]]]}},{"type":"Feature","properties":{"source_layer":"Building","source_feature_count":1,"BuildingType":2,"land_use":"سكنى","اسم_المحور":null,"اسم_المحافظة":null,"متوسط_عدد_الادوار_بالعقار":null,"متوسط_عدد_الشقق_بالدور":null,"متوسط_مساحة_الشقق_بالمنطقة":null,"نوع_نمط_العمران":null,"نوع_طبيعة_المنطقة":null,"سعر_العمارة":null,"نوع_الأرض":null,"المساحة_كم2":null,"GlobalID":"{E463FE8D-B39E-444E-AAEF-3CA9293B15FA}","created_user":"gpr.gps","created_date":"2026-04-11T07:55:37Z","last_edited_user":"gpr.gps","last_edited_date":"2026-04-11T07:55:37Z","مساحة_كم2":null,"SHAPE_Length":47.31403513877112,"SHAPE_Area":129.0913198768735},"geometry":{"type":"Polygon","coordinates":[[[32.727959,25.97337],[32.728132,25.973381],[32.7281,25.973308],[32.727959,25.97337]]]}},{"type":"Feature","properties":{"source_layer":"Building","source_feature_count":1,"BuildingType":2,"land_use":"سكنى","اسم_المحور":null,"اسم_المحافظة":null,"متوسط_عدد_الادوار_بالعقار":null,"متوسط_عدد_الشقق_بالدور":null,"متوسط_مساحة_الشقق_بالمنطقة":null,"نوع_نمط_العمران":null,"نوع_طبيعة_المنطقة":null,"سعر_العمارة":null,"نوع_الأرض":null,"المساحة_كم2":null,"GlobalID":"{04495A87-C144-4F9B-81D1-80C19630BFDB}","created_user":"gpr.gps","created_date":"2026-04-11T07:55:37Z","last_edited_user":"gpr.gps","last_edited_date":"2026-04-11T07:55:37Z","مساحة_كم2":null,"SHAPE_Length":62.68877588173491,"SHAPE_Area":242.171104836352},"geometry":{"type":"Polygon","coordinates":[[[32.728425,25.973265],[32.728496,25.973408],[32.728622,25.97336],[32.728553,25.973214],[32.728425,25.973265]]]}},{"type":"Feature","properties":{"source_layer":"Building","source_feature_count":1,"BuildingType":2,"land_use":"سكنى","اسم_المحور":null,"اسم_المحافظة":null,"متوسط_عدد_الادوار_بالعقار":null,"متوسط_عدد_الشقق_بالدور":null,"متوسط_مساحة_الشقق_بالمنطقة":null,"نوع_نمط_العمران":null,"نوع_طبيعة_المنطقة":null,"سعر_العمارة":null,"نوع_الأرض":null,"المساحة_كم2":null,"GlobalID":"{24EDB125-AA80-4CF5-9974-2753AAB9DE57}","created_user":"gpr.gps","created_date":"2026-04-11T07:55:37Z","last_edited_user":"gpr.gps","last_edited_date":"2026-04-11T07:55:37Z","مساحة_كم2":null,"SHAPE_Length":64.06046209877564,"SHAPE_Area":254.7238125796101},"geometry":{"type":"Polygon","coordinates":[[[32.728496,25.973408],[32.728425,25.973265],[32.728294,25.973316],[32.728356,25.973461],[32.728496,25.973408]]]}},{"type":"Feature","properties":{"source_layer":"Building","source_feature_count":1,"BuildingType":2,"land_use":"سكنى","اسم_المحور":null,"اسم_المحافظة":null,"متوسط_عدد_الادوار_بالعقار":null,"متوسط_عدد_الشقق_بالدور":null,"متوسط_مساحة_الشقق_بالمنطقة":null,"نوع_نمط_العمران":null,"نوع_طبيعة_المنطقة":null,"سعر_العمارة":null,"نوع_الأرض":null,"المساحة_كم2":null,"GlobalID":"{3161E626-6B9C-455A-8061-0756BD91867E}","created_user":"gpr.gps","created_date":"2026-04-11T07:55:37Z","last_edited_user":"gpr.gps","last_edited_date":"2026-04-11T07:55:37Z","مساحة_كم2":null,"SHAPE_Length":74.2311370283416,"SHAPE_Area":338.67767409204623},"geometry":{"type":"Polygon","coordinates":[[[32.728133,25.973546],[32.728062,25.97341],[32.727875,25.973489],[32.727938,25.97362],[32.728133,25.973546]]]}},{"type":"Feature","properties":{"source_layer":"Building","source_feature_count":1,"BuildingType":2,"land_use":"سكنى","اسم_المحور":null,"اسم_المحافظة":null,"متوسط_عدد_الادوار_بالعقار":null,"متوسط_عدد_الشقق_بالدور":null,"متوسط_مساحة_الشقق_بالمنطقة":null,"نوع_نمط_العمران":null,"نوع_طبيعة_المنطقة":null,"سعر_العمارة":null,"نوع_الأرض":null,"المساحة_كم2":null,"GlobalID":"{62F1B0DC-3744-4784-80D7-D51647CDD07E}","created_user":"gpr.gps","created_date":"2026-04-11T07:55:37Z","last_edited_user":"gpr.gps","last_edited_date":"2026-04-11T07:55:37Z","مساحة_كم2":null,"SHAPE_Length":52.15274360250541,"SHAPE_Area":169.69105000590207},"geometry":{"type":"Polygon","coordinates":[[[32.728438,25.973608],[32.728556,25.973569],[32.728517,25.973454],[32.728398,25.973491],[32.728438,25.973608]]]}},{"type":"Feature","properties":{"source_layer":"Building","source_feature_count":1,"BuildingType":2,"land_use":"سكنى","اسم_المحور":null,"اسم_المحافظة":null,"متوسط_عدد_الادوار_بالعقار":null,"متوسط_عدد_الشقق_بالدور":null,"متوسط_مساحة_الشقق_بالمنطقة":null,"نوع_نمط_العمران":null,"نوع_طبيعة_المنطقة":null,"سعر_العمارة":null,"نوع_الأرض":null,"المساحة_كم2":null,"GlobalID":"{C7C03D90-4ECC-49A5-A417-3E74C7E4DB51}","created_user":"gpr.gps","created_date":"2026-04-11T07:55:37Z","last_edited_user":"gpr.gps","last_edited_date":"2026-04-11T07:55:37Z","مساحة_كم2":null,"SHAPE_Length":28.18561459502061,"SHAPE_Area":49.2552848857606},"geometry":{"type":"Polygon","coordinates":[[[32.728563,25.973492],[32.728646,25.973539],[32.728624,25.973472],[32.728563,25.973492]]]}},{"type":"Feature","properties":{"source_layer":"Building","source_feature_count":1,"BuildingType":2,"land_use":"سكنى","اسم_المحور":null,"اسم_المحافظة":null,"متوسط_عدد_الادوار_بالعقار":null,"متوسط_عدد_الشقق_بالدور":null,"متوسط_مساحة_الشقق_بالمنطقة":null,"نوع_نمط_العمران":null,"نوع_طبيعة_المنطقة":null,"سعر_العمارة":null,"نوع_الأرض":null,"المساحة_كم2":null,"GlobalID":"{DEDFB728-0CB9-4E62-9167-5F42F2FC316B}","created_user":"gpr.gps","created_date":"2026-04-11T07:55:37Z","last_edited_user":"gpr.gps","last_edited_date":"2026-04-11T07:55:37Z","مساحة_كم2":null,"SHAPE_Length":57.07900758884156,"SHAPE_Area":174.9554469410637},"geometry":{"type":"Polygon","coordinates":[[[32.728276,25.973526],[32.728436,25.97366],[32.728364,25.973493],[32.728276,25.973526]]]}},{"type":"Feature","properties":{"source_layer":"Building","source_feature_count":1,"BuildingType":2,"land_use":"سكنى","اسم_المحور":null,"اسم_المحافظة":null,"متوسط_عدد_الادوار_بالعقار":null,"متوسط_عدد_الشقق_بالدور":null,"متوسط_مساحة_الشقق_بالمنطقة":null,"نوع_نمط_العمران":null,"نوع_طبيعة_المنطقة":null,"سعر_العمارة":null,"نوع_الأرض":null,"المساحة_كم2":null,"GlobalID":"{73A02F6F-8BBE-4ACA-9F2E-188448173030}","created_user":"gpr.gps","created_date":"2026-04-11T07:55:37Z","last_edited_user":"gpr.gps","last_edited_date":"2026-04-11T07:55:37Z","مساحة_كم2":null,"SHAPE_Length":33.64111061064187,"SHAPE_Area":62.231573582687915},"geometry":{"type":"Polygon","coordinates":[[[32.728169,25.972901],[32.728291,25.972915],[32.728276,25.972869],[32.728169,25.972901]]]}},{"type":"Feature","properties":{"source_layer":"Building","source_feature_count":1,"BuildingType":2,"land_use":"سكنى","اسم_المحور":null,"اسم_المحافظة":null,"متوسط_عدد_الادوار_بالعقار":null,"متوسط_عدد_الشقق_بالدور":null,"متوسط_مساحة_الشقق_بالمنطقة":null,"نوع_نمط_العمران":null,"نوع_طبيعة_المنطقة":null,"سعر_العمارة":null,"نوع_الأرض":null,"المساحة_كم2":null,"GlobalID":"{BFB24765-766F-44DD-9E44-AAE62ECDC785}","created_user":"gpr.gps","created_date":"2026-04-11T07:55:37Z","last_edited_user":"gpr.gps","last_edited_date":"2026-04-11T07:55:37Z","مساحة_كم2":null,"SHAPE_Length":124.63589824697513,"SHAPE_Area":678.0709547345116},"geometry":{"type":"Polygon","coordinates":[[[32.72793,25.972711],[32.728361,25.972527],[32.728305,25.972411],[32.727864,25.972599],[32.72793,25.972711]]]}},{"type":"Feature","properties":{"source_layer":"Building","source_feature_count":1,"BuildingType":2,"land_use":"سكنى","اسم_المحور":null,"اسم_المحافظة":null,"متوسط_عدد_الادوار_بالعقار":null,"متوسط_عدد_الشقق_بالدور":null,"متوسط_مساحة_الشقق_بالمنطقة":null,"نوع_نمط_العمران":null,"نوع_طبيعة_المنطقة":null,"سعر_العمارة":null,"نوع_الأرض":null,"المساحة_كم2":null,"GlobalID":"{D12CF408-7B30-4E6B-B91B-E9293E565E89}","created_user":"gpr.gps","created_date":"2026-04-11T07:55:37Z","last_edited_user":"gpr.gps","last_edited_date":"2026-04-11T07:55:37Z","مساحة_كم2":null,"SHAPE_Length":35.082244492290386,"SHAPE_Area":60.84788721338865},"geometry":{"type":"Polygon","coordinates":[[[32.728371,25.972495],[32.728459,25.972517],[32.728406,25.972427],[32.728371,25.972495]]]}},{"type":"Feature","properties":{"source_layer":"Building","source_feature_count":1,"BuildingType":2,"land_use":"سكنى","اسم_المحور":null,"اسم_المحافظة":null,"متوسط_عدد_الادوار_بالعقار":null,"متوسط_عدد_الشقق_بالدور":null,"متوسط_مساحة_الشقق_بالمنطقة":null,"نوع_نمط_العمران":null,"نوع_طبيعة_المنطقة":null,"سعر_العمارة":null,"نوع_الأرض":null,"المساحة_كم2":null,"GlobalID":"{88E80424-5A4A-4041-A697-0946328AF8A8}","created_user":"gpr.gps","created_date":"2026-04-11T07:55:37Z","last_edited_user":"gpr.gps","last_edited_date":"2026-04-11T07:55:37Z","مساحة_كم2":null,"SHAPE_Length":80.09292694923576,"SHAPE_Area":393.61203080588535},"geometry":{"type":"Polygon","coordinates":[[[32.727896,25.972499],[32.727815,25.972309],[32.727652,25.972395],[32.727749,25.972572],[32.727896,25.972499]]]}},{"type":"Feature","properties":{"source_layer":"Building","source_feature_count":1,"BuildingType":2,"land_use":"سكنى","اسم_المحور":null,"اسم_المحافظة":null,"متوسط_عدد_الادوار_بالعقار":null,"متوسط_عدد_الشقق_بالدور":null,"متوسط_مساحة_الشقق_بالمنطقة":null,"نوع_نمط_العمران":null,"نوع_طبيعة_المنطقة":null,"سعر_العمارة":null,"نوع_الأرض":null,"المساحة_كم2":null,"GlobalID":"{49B40232-93CF-4DF0-9CDD-ED8A1B315E2D}","created_user":"gpr.gps","created_date":"2026-04-11T07:55:37Z","last_edited_user":"gpr.gps","last_edited_date":"2026-04-11T07:55:37Z","مساحة_كم2":null,"SHAPE_Length":61.87356888570455,"SHAPE_Area":206.5292072834291},"geometry":{"type":"Polygon","coordinates":[[[32.728027,25.972386],[32.727967,25.972261],[32.727822,25.972324],[32.727857,25.972407],[32.728027,25.972386]]]}},{"type":"Feature","properties":{"source_layer":"Building","source_feature_count":1,"BuildingType":2,"land_use":"سكنى","اسم_المحور":null,"اسم_المحافظة":null,"متوسط_عدد_الادوار_بالعقار":null,"متوسط_عدد_الشقق_بالدور":null,"متوسط_مساحة_الشقق_بالمنطقة":null,"نوع_نمط_العمران":null,"نوع_طبيعة_المنطقة":null,"سعر_العمارة":null,"نوع_الأرض":null,"المساحة_كم2":null,"GlobalID":"{0AB1ED2E-40B8-489F-8A50-96457A23BEAB}","created_user":"gpr.gps","created_date":"2026-04-11T07:55:37Z","last_edited_user":"gpr.gps","last_edited_date":"2026-04-11T07:55:37Z","مساحة_كم2":null,"SHAPE_Length":45.55381108465447,"SHAPE_Area":111.32372412040989},"geometry":{"type":"Polygon","coordinates":[[[32.728033,25.972232],[32.728027,25.972386],[32.728092,25.972368],[32.728033,25.972232]]]}},{"type":"Feature","properties":{"source_layer":"Building","source_feature_count":1,"BuildingType":2,"land_use":"سكنى","اسم_المحور":null,"اسم_المحافظة":null,"متوسط_عدد_الادوار_بالعقار":null,"متوسط_عدد_الشقق_بالدور":null,"متوسط_مساحة_الشقق_بالمنطقة":null,"نوع_نمط_العمران":null,"نوع_طبيعة_المنطقة":null,"سعر_العمارة":null,"نوع_الأرض":null,"المساحة_كم2":null,"GlobalID":"{9AC2BABD-EA73-4DD7-9B51-2D3836A5350C}","created_user":"gpr.gps","created_date":"2026-04-11T07:55:37Z","last_edited_user":"gpr.gps","last_edited_date":"2026-04-11T07:55:37Z","مساحة_كم2":null,"SHAPE_Length":66.94526403942176,"SHAPE_Area":239.95743252417589},"geometry":{"type":"Polygon","coordinates":[[[32.727151,25.972542],[32.727313,25.972478],[32.727305,25.972367],[32.727107,25.972445],[32.727151,25.972542]]]}},{"type":"Feature","properties":{"source_layer":"Building","source_feature_count":1,"BuildingType":2,"land_use":"سكنى","اسم_المحور":null,"اسم_المحافظة":null,"متوسط_عدد_الادوار_بالعقار":null,"متوسط_عدد_الشقق_بالدور":null,"متوسط_مساحة_الشقق_بالمنطقة":null,"نوع_نمط_العمران":null,"نوع_طبيعة_المنطقة":null,"سعر_العمارة":null,"نوع_الأرض":null,"المساحة_كم2":null,"GlobalID":"{9D13EE6F-A267-47D9-A23F-BFD4A8B0FEAF}","created_user":"gpr.gps","created_date":"2026-04-11T07:55:37Z","last_edited_user":"gpr.gps","last_edited_date":"2026-04-11T07:55:37Z","مساحة_كم2":null,"SHAPE_Length":40.20856125257117,"SHAPE_Area":93.7668622647068},"geometry":{"type":"Polygon","coordinates":[[[32.727453,25.972312],[32.727596,25.972329],[32.727572,25.972268],[32.727453,25.972312]]]}},{"type":"Feature","properties":{"source_layer":"Building","source_feature_count":1,"BuildingType":2,"land_use":"سكنى","اسم_المحور":null,"اسم_المحافظة":null,"متوسط_عدد_الادوار_بالعقار":null,"متوسط_عدد_الشقق_بالدور":null,"متوسط_مساحة_الشقق_بالمنطقة":null,"نوع_نمط_العمران":null,"نوع_طبيعة_المنطقة":null,"سعر_العمارة":null,"نوع_الأرض":null,"المساحة_كم2":null,"GlobalID":"{E4B601B8-BC30-412D-97A6-E93FDFCDED1E}","created_user":"gpr.gps","created_date":"2026-04-11T07:55:37Z","last_edited_user":"gpr.gps","last_edited_date":"2026-04-11T07:55:37Z","مساحة_كم2":null,"SHAPE_Length":16.105191941446204,"SHAPE_Area":16.11194226087762},"geometry":{"type":"Polygon","coordinates":[[[32.727445,25.97239],[32.727466,25.97234],[32.727432,25.972353],[32.727445,25.97239]]]}},{"type":"Feature","properties":{"source_layer":"Building","source_feature_count":1,"BuildingType":2,"land_use":"سكنى","اسم_المحور":null,"اسم_المحافظة":null,"متوسط_عدد_الادوار_بالعقار":null,"متوسط_عدد_الشقق_بالدور":null,"متوسط_مساحة_الشقق_بالمنطقة":null,"نوع_نمط_العمران":null,"نوع_طبيعة_المنطقة":null,"سعر_العمارة":null,"نوع_الأرض":null,"المساحة_كم2":null,"GlobalID":"{E06A7354-CA73-4891-B531-207531B1CB0D}","created_user":"gpr.gps","created_date":"2026-04-11T07:55:37Z","last_edited_user":"gpr.gps","last_edited_date":"2026-04-11T07:55:37Z","مساحة_كم2":null,"SHAPE_Length":47.64509507739355,"SHAPE_Area":94.88262328491814},"geometry":{"type":"Polygon","coordinates":[[[32.726756,25.97022],[32.72678,25.970359],[32.726861,25.97032],[32.726756,25.97022]]]}},{"type":"Feature","properties":{"source_layer":"Building","source_feature_count":1,"BuildingType":2,"land_use":"سكنى","اسم_المحور":null,"اسم_المحافظة":null,"متوسط_عدد_الادوار_بالعقار":null,"متوسط_عدد_الشقق_بالدور":null,"متوسط_مساحة_الشقق_بالمنطقة":null,"نوع_نمط_العمران":null,"نوع_طبيعة_المنطقة":null,"سعر_العمارة":null,"نوع_الأرض":null,"المساحة_كم2":null,"GlobalID":"{4FBEB466-4FBB-4E8A-9CE4-338ACBCC3892}","created_user":"gpr.gps","created_date":"2026-04-11T07:55:37Z","last_edited_user":"gpr.gps","last_edited_date":"2026-04-11T07:55:37Z","مساحة_كم2":null,"SHAPE_Length":27.864881885539766,"SHAPE_Area":44.06840910232458},"geometry":{"type":"Polygon","coordinates":[[[32.726625,25.970101],[32.726713,25.97015],[32.726667,25.970079],[32.726625,25.970101]]]}},{"type":"Feature","properties":{"source_layer":"Building","source_feature_count":1,"BuildingType":2,"land_use":"سكنى","اسم_المحور":null,"اسم_المحافظة":null,"متوسط_عدد_الادوار_بالعقار":null,"متوسط_عدد_الشقق_بالدور":null,"متوسط_مساحة_الشقق_بالمنطقة":null,"نوع_نمط_العمران":null,"نوع_طبيعة_المنطقة":null,"سعر_العمارة":null,"نوع_الأرض":null,"المساحة_كم2":null,"GlobalID":"{22CF2302-BE4C-48FF-8896-D8399371F482}","created_user":"gpr.gps","created_date":"2026-04-11T07:55:37Z","last_edited_user":"gpr.gps","last_edited_date":"2026-04-11T07:55:37Z","مساحة_كم2":null,"SHAPE_Length":93.9960539743573,"SHAPE_Area":480.15669046924853},"geometry":{"type":"Polygon","coordinates":[[[32.725799,25.967708],[32.725743,25.967581],[32.725448,25.967689],[32.7255,25.967815],[32.725799,25.967708]]]}},{"type":"Feature","properties":{"source_layer":"Building","source_feature_count":1,"BuildingType":2,"land_use":"سكنى","اسم_المحور":null,"اسم_المحافظة":null,"متوسط_عدد_الادوار_بالعقار":null,"متوسط_عدد_الشقق_بالدور":null,"متوسط_مساحة_الشقق_بالمنطقة":null,"نوع_نمط_العمران":null,"نوع_طبيعة_المنطقة":null,"سعر_العمارة":null,"نوع_الأرض":null,"المساحة_كم2":null,"GlobalID":"{F8B873E4-6780-486C-AA72-7C4865D6FC01}","created_user":"gpr.gps","created_date":"2026-04-11T07:55:37Z","last_edited_user":"gpr.gps","last_edited_date":"2026-04-11T07:55:37Z","مساحة_كم2":null,"SHAPE_Length":37.62670323376851,"SHAPE_Area":58.45423973214553},"geometry":{"type":"Polygon","coordinates":[[[32.725461,25.967828],[32.725448,25.967689],[32.725414,25.967701],[32.725461,25.967828]]]}},{"type":"Feature","properties":{"source_layer":"Building","source_feature_count":1,"BuildingType":2,"land_use":"سكنى","اسم_المحور":null,"اسم_المحافظة":null,"متوسط_عدد_الادوار_بالعقار":null,"متوسط_عدد_الشقق_بالدور":null,"متوسط_مساحة_الشقق_بالمنطقة":null,"نوع_نمط_العمران":null,"نوع_طبيعة_المنطقة":null,"سعر_العمارة":null,"نوع_الأرض":null,"المساحة_كم2":null,"GlobalID":"{9BFD72A4-695E-48E9-8DD1-6455980321F6}","created_user":"gpr.gps","created_date":"2026-04-11T07:55:37Z","last_edited_user":"gpr.gps","last_edited_date":"2026-04-11T07:55:37Z","مساحة_كم2":null,"SHAPE_Length":38.36428166921336,"SHAPE_Area":66.68305105941023},"geometry":{"type":"Polygon","coordinates":[[[32.725167,25.967934],[32.725159,25.967794],[32.725119,25.967809],[32.725167,25.967934]]]}},{"type":"Feature","properties":{"source_layer":"Building","source_feature_count":1,"BuildingType":2,"land_use":"سكنى","اسم_المحور":null,"اسم_المحافظة":null,"متوسط_عدد_الادوار_بالعقار":null,"متوسط_عدد_الشقق_بالدور":null,"متوسط_مساحة_الشقق_بالمنطقة":null,"نوع_نمط_العمران":null,"نوع_طبيعة_المنطقة":null,"سعر_العمارة":null,"نوع_الأرض":null,"المساحة_كم2":null,"GlobalID":"{3725CC88-3E0F-439B-A9AF-351E4AD5F03E}","created_user":"gpr.gps","created_date":"2026-04-11T07:55:37Z","last_edited_user":"gpr.gps","last_edited_date":"2026-04-11T07:55:37Z","مساحة_كم2":null,"SHAPE_Length":55.0589585411116,"SHAPE_Area":102.72888792264162},"geometry":{"type":"Polygon","coordinates":[[[32.725838,25.967694],[32.725803,25.967599],[32.725858,25.967539],[32.725743,25.967581],[32.725838,25.967694]]]}},{"type":"Feature","properties":{"source_layer":"Building","source_feature_count":1,"BuildingType":2,"land_use":"سكنى","اسم_المحور":null,"اسم_المحافظة":null,"متوسط_عدد_الادوار_بالعقار":null,"متوسط_عدد_الشقق_بالدور":null,"متوسط_مساحة_الشقق_بالمنطقة":null,"نوع_نمط_العمران":null,"نوع_طبيعة_المنطقة":null,"سعر_العمارة":null,"نوع_الأرض":null,"المساحة_كم2":null,"GlobalID":"{457E78F2-8A11-4F00-BFAE-A4F1538EB381}","created_user":"gpr.gps","created_date":"2026-04-11T07:55:37Z","last_edited_user":"gpr.gps","last_edited_date":"2026-04-11T07:55:37Z","مساحة_كم2":null,"SHAPE_Length":52.214123962459766,"SHAPE_Area":108.82345649753651},"geometry":{"type":"Polygon","coordinates":[[[32.725994,25.967638],[32.726079,25.967555],[32.725943,25.967508],[32.725994,25.967638]]]}},{"type":"Feature","properties":{"source_layer":"Building","source_feature_count":1,"BuildingType":2,"land_use":"سكنى","اسم_المحور":null,"اسم_المحافظة":null,"متوسط_عدد_الادوار_بالعقار":null,"متوسط_عدد_الشقق_بالدور":null,"متوسط_مساحة_الشقق_بالمنطقة":null,"نوع_نمط_العمران":null,"نوع_طبيعة_المنطقة":null,"سعر_العمارة":null,"نوع_الأرض":null,"المساحة_كم2":null,"GlobalID":"{9CA5A976-B101-4D9C-BB85-8A7696A97592}","created_user":"gpr.gps","created_date":"2026-04-11T07:55:37Z","last_edited_user":"gpr.gps","last_edited_date":"2026-04-11T07:55:37Z","مساحة_كم2":null,"SHAPE_Length":48.80240918408376,"SHAPE_Area":144.90936994999632},"geometry":{"type":"Polygon","coordinates":[[[32.724715,25.968095],[32.724665,25.967975],[32.724572,25.968009],[32.724618,25.96813],[32.724715,25.968095]]]}},{"type":"Feature","properties":{"source_layer":"Building","source_feature_count":1,"BuildingType":2,"land_use":"سكنى","اسم_المحور":null,"اسم_المحافظة":null,"متوسط_عدد_الادوار_بالعقار":null,"متوسط_عدد_الشقق_بالدور":null,"متوسط_مساحة_الشقق_بالمنطقة":null,"نوع_نمط_العمران":null,"نوع_طبيعة_المنطقة":null,"سعر_العمارة":null,"نوع_الأرض":null,"المساحة_كم2":null,"GlobalID":"{044449D1-56A7-473E-BEDB-270A7793551F}","created_user":"gpr.gps","created_date":"2026-04-11T07:55:37Z","last_edited_user":"gpr.gps","last_edited_date":"2026-04-11T07:55:37Z","مساحة_كم2":null,"SHAPE_Length":61.632505360878184,"SHAPE_Area":237.03915825828665},"geometry":{"type":"Polygon","coordinates":[[[32.726171,25.967424],[32.726221,25.967557],[32.726362,25.967506],[32.726312,25.967372],[32.726171,25.967424]]]}},{"type":"Feature","properties":{"source_layer":"Building","source_feature_count":1,"BuildingType":2,"land_use":"سكنى","اسم_المحور":null,"اسم_المحافظة":null,"متوسط_عدد_الادوار_بالعقار":null,"متوسط_عدد_الشقق_بالدور":null,"متوسط_مساحة_الشقق_بالمنطقة":null,"نوع_نمط_العمران":null,"نوع_طبيعة_المنطقة":null,"سعر_العمارة":null,"نوع_الأرض":null,"المساحة_كم2":null,"GlobalID":"{D03C39A4-66C3-4FEA-8E15-D1BD5BAD6F5D}","created_user":"gpr.gps","created_date":"2026-04-11T07:55:37Z","last_edited_user":"gpr.gps","last_edited_date":"2026-04-11T07:55:37Z","مساحة_كم2":null,"SHAPE_Length":73.58116460504908,"SHAPE_Area":269.5332872268058},"geometry":{"type":"Polygon","coordinates":[[[32.726221,25.967557],[32.726171,25.967424],[32.725971,25.967497],[32.726095,25.967602],[32.726221,25.967557]]]}},{"type":"Feature","properties":{"source_layer":"Building","source_feature_count":1,"BuildingType":2,"land_use":"سكنى","اسم_المحور":null,"اسم_المحافظة":null,"متوسط_عدد_الادوار_بالعقار":null,"متوسط_عدد_الشقق_بالدور":null,"متوسط_مساحة_الشقق_بالمنطقة":null,"نوع_نمط_العمران":null,"نوع_طبيعة_المنطقة":null,"سعر_العمارة":null,"نوع_الأرض":null,"المساحة_كم2":null,"GlobalID":"{135D5ED6-AE28-449C-A965-5AC152186B8C}","created_user":"gpr.gps","created_date":"2026-04-11T07:55:37Z","last_edited_user":"gpr.gps","last_edited_date":"2026-04-11T07:55:37Z","مساحة_كم2":null,"SHAPE_Length":83.20991557240451,"SHAPE_Area":392.663651955107},"geometry":{"type":"Polygon","coordinates":[[[32.725167,25.967934],[32.725119,25.967809],[32.724865,25.967902],[32.724917,25.968023],[32.725167,25.967934]]]}},{"type":"Feature","properties":{"source_layer":"Building","source_feature_count":1,"BuildingType":2,"land_use":"سكنى","اسم_المحور":null,"اسم_المحافظة":null,"متوسط_عدد_الادوار_بالعقار":null,"متوسط_عدد_الشقق_بالدور":null,"متوسط_مساحة_الشقق_بالمنطقة":null,"نوع_نمط_العمران":null,"نوع_طبيعة_المنطقة":null,"سعر_العمارة":null,"نوع_الأرض":null,"المساحة_كم2":null,"GlobalID":"{A1647F82-2318-4CDC-990D-109A9FED118F}","created_user":"gpr.gps","created_date":"2026-04-11T07:55:37Z","last_edited_user":"gpr.gps","last_edited_date":"2026-04-11T07:55:37Z","مساحة_كم2":null,"SHAPE_Length":84.00387879287356,"SHAPE_Area":401.6290732953207},"geometry":{"type":"Polygon","coordinates":[[[32.725461,25.967828],[32.725414,25.967701],[32.725159,25.967794],[32.725211,25.967918],[32.725461,25.967828]]]}},{"type":"Feature","properties":{"source_layer":"Building","source_feature_count":1,"BuildingType":2,"land_use":"سكنى","اسم_المحور":null,"اسم_المحافظة":null,"متوسط_عدد_الادوار_بالعقار":null,"متوسط_عدد_الشقق_بالدور":null,"متوسط_مساحة_الشقق_بالمنطقة":null,"نوع_نمط_العمران":null,"نوع_طبيعة_المنطقة":null,"سعر_العمارة":null,"نوع_الأرض":null,"المساحة_كم2":null,"GlobalID":"{E42E266A-8B34-4B32-AC9E-8E291214B736}","created_user":"gpr.gps","created_date":"2026-04-11T07:55:37Z","last_edited_user":"gpr.gps","last_edited_date":"2026-04-11T07:55:37Z","مساحة_كم2":null,"SHAPE_Length":71.7287170785306,"SHAPE_Area":316.54401080443205},"geometry":{"type":"Polygon","coordinates":[[[32.723194,25.96846],[32.723369,25.968389],[32.72332,25.968249],[32.723136,25.968327],[32.723194,25.96846]]]}},{"type":"Feature","properties":{"source_layer":"Building","source_feature_count":1,"BuildingType":2,"land_use":"سكنى","اسم_المحور":null,"اسم_المحافظة":null,"متوسط_عدد_الادوار_بالعقار":null,"متوسط_عدد_الشقق_بالدور":null,"متوسط_مساحة_الشقق_بالمنطقة":null,"نوع_نمط_العمران":null,"نوع_طبيعة_المنطقة":null,"سعر_العمارة":null,"نوع_الأرض":null,"المساحة_كم2":null,"GlobalID":"{0B81B96A-1FDA-4B95-B2D9-216FA4B33534}","created_user":"gpr.gps","created_date":"2026-04-11T07:55:37Z","last_edited_user":"gpr.gps","last_edited_date":"2026-04-11T07:55:37Z","مساحة_كم2":null,"SHAPE_Length":77.8764151609993,"SHAPE_Area":361.3261379882117},"geometry":{"type":"Polygon","coordinates":[[[32.724047,25.968139],[32.723996,25.968007],[32.723776,25.968092],[32.723831,25.968219],[32.724047,25.968139]]]}},{"type":"Feature","properties":{"source_layer":"Building","source_feature_count":1,"BuildingType":2,"land_use":"سكنى","اسم_المحور":null,"اسم_المحافظة":null,"متوسط_عدد_الادوار_بالعقار":null,"متوسط_عدد_الشقق_بالدور":null,"متوسط_مساحة_الشقق_بالمنطقة":null,"نوع_نمط_العمران":null,"نوع_طبيعة_المنطقة":null,"سعر_العمارة":null,"نوع_الأرض":null,"المساحة_كم2":null,"GlobalID":"{0E7B3C98-9915-48F8-9D88-23D66DD5ACB6}","created_user":"gpr.gps","created_date":"2026-04-11T07:55:37Z","last_edited_user":"gpr.gps","last_edited_date":"2026-04-11T07:55:37Z","مساحة_كم2":null,"SHAPE_Length":51.464857882896524,"SHAPE_Area":156.74680732418298},"geometry":{"type":"Polygon","coordinates":[[[32.724185,25.967934],[32.724147,25.968103],[32.724241,25.968068],[32.724185,25.967934]]]}},{"type":"Feature","properties":{"source_layer":"Building","source_feature_count":1,"BuildingType":2,"land_use":"سكنى","اسم_المحور":null,"اسم_المحافظة":null,"متوسط_عدد_الادوار_بالعقار":null,"متوسط_عدد_الشقق_بالدور":null,"متوسط_مساحة_الشقق_بالمنطقة":null,"نوع_نمط_العمران":null,"نوع_طبيعة_المنطقة":null,"سعر_العمارة":null,"نوع_الأرض":null,"المساحة_كم2":null,"GlobalID":"{42C7FDB9-7748-4FBC-A0B7-7CB5FE27F70C}","created_user":"gpr.gps","created_date":"2026-04-11T07:55:37Z","last_edited_user":"gpr.gps","last_edited_date":"2026-04-11T07:55:37Z","مساحة_كم2":null,"SHAPE_Length":52.927080464973784,"SHAPE_Area":169.0307100601586},"geometry":{"type":"Polygon","coordinates":[[[32.724147,25.968103],[32.724096,25.967968],[32.723996,25.968007],[32.724047,25.968139],[32.724147,25.968103]]]}},{"type":"Feature","properties":{"source_layer":"Building","source_feature_count":1,"BuildingType":2,"land_use":"سكنى","اسم_المحور":null,"اسم_المحافظة":null,"متوسط_عدد_الادوار_بالعقار":null,"متوسط_عدد_الشقق_بالدور":null,"متوسط_مساحة_الشقق_بالمنطقة":null,"نوع_نمط_العمران":null,"نوع_طبيعة_المنطقة":null,"سعر_العمارة":null,"نوع_الأرض":null,"المساحة_كم2":null,"GlobalID":"{AF7BFF09-2893-4D9D-A543-948CFF3BA23E}","created_user":"gpr.gps","created_date":"2026-04-11T07:55:37Z","last_edited_user":"gpr.gps","last_edited_date":"2026-04-11T07:55:37Z","مساحة_كم2":null,"SHAPE_Length":75.16314958223985,"SHAPE_Area":346.2682269130344},"geometry":{"type":"Polygon","coordinates":[[[32.725735,25.967533],[32.725678,25.967396],[32.725482,25.967467],[32.725534,25.967605],[32.725735,25.967533]]]}},{"type":"Feature","properties":{"source_layer":"Building","source_feature_count":1,"BuildingType":2,"land_use":"سكنى","اسم_المحور":null,"اسم_المحافظة":null,"متوسط_عدد_الادوار_بالعقار":null,"متوسط_عدد_الشقق_بالدور":null,"متوسط_مساحة_الشقق_بالمنطقة":null,"نوع_نمط_العمران":null,"نوع_طبيعة_المنطقة":null,"سعر_العمارة":null,"نوع_الأرض":null,"المساحة_كم2":null,"GlobalID":"{1E5D953D-05B0-4895-BC00-C5E974C52BD1}","created_user":"gpr.gps","created_date":"2026-04-11T07:55:37Z","last_edited_user":"gpr.gps","last_edited_date":"2026-04-11T07:55:37Z","مساحة_كم2":null,"SHAPE_Length":42.84721487090149,"SHAPE_Area":85.46646183688081},"geometry":{"type":"Polygon","coordinates":[[[32.726246,25.967189],[32.726253,25.967345],[32.726304,25.967325],[32.726246,25.967189]]]}},{"type":"Feature","properties":{"source_layer":"Building","source_feature_count":1,"BuildingType":2,"land_use":"سكنى","اسم_المحور":null,"اسم_المحافظة":null,"متوسط_عدد_الادوار_بالعقار":null,"متوسط_عدد_الشقق_بالدور":null,"متوسط_مساحة_الشقق_بالمنطقة":null,"نوع_نمط_العمران":null,"نوع_طبيعة_المنطقة":null,"سعر_العمارة":null,"نوع_الأرض":null,"المساحة_كم2":null,"GlobalID":"{ABB066A4-2203-43A7-A446-3372DC91B50F}","created_user":"gpr.gps","created_date":"2026-04-11T07:55:37Z","last_edited_user":"gpr.gps","last_edited_date":"2026-04-11T07:55:37Z","مساحة_كم2":null,"SHAPE_Length":68.33808816360548,"SHAPE_Area":291.18850366032365},"geometry":{"type":"Polygon","coordinates":[[[32.725678,25.967396],[32.725735,25.967533],[32.725903,25.967473],[32.725842,25.967337],[32.725678,25.967396]]]}},{"type":"Feature","properties":{"source_layer":"Building","source_feature_count":1,"BuildingType":2,"land_use":"سكنى","اسم_المحور":null,"اسم_المحافظة":null,"متوسط_عدد_الادوار_بالعقار":null,"متوسط_عدد_الشقق_بالدور":null,"متوسط_مساحة_الشقق_بالمنطقة":null,"نوع_نمط_العمران":null,"نوع_طبيعة_المنطقة":null,"سعر_العمارة":null,"نوع_الأرض":null,"المساحة_كم2":null,"GlobalID":"{015569A4-5141-448D-B823-7A3C87BB2DFF}","created_user":"gpr.gps","created_date":"2026-04-11T07:55:37Z","last_edited_user":"gpr.gps","last_edited_date":"2026-04-11T07:55:37Z","مساحة_كم2":null,"SHAPE_Length":70.02896248858613,"SHAPE_Area":304.43174035338336},"geometry":{"type":"Polygon","coordinates":[[[32.725534,25.967605],[32.725482,25.967467],[32.725306,25.96753],[32.72536,25.967667],[32.725534,25.967605]]]}},{"type":"Feature","properties":{"source_layer":"Building","source_feature_count":1,"BuildingType":2,"land_use":"سكنى","اسم_المحور":null,"اسم_المحافظة":null,"متوسط_عدد_الادوار_بالعقار":null,"متوسط_عدد_الشقق_بالدور":null,"متوسط_مساحة_الشقق_بالمنطقة":null,"نوع_نمط_العمران":null,"نوع_طبيعة_المنطقة":null,"سعر_العمارة":null,"نوع_الأرض":null,"المساحة_كم2":null,"GlobalID":"{306A9F08-FE98-405E-B5E6-7322D62A5D50}","created_user":"gpr.gps","created_date":"2026-04-11T07:55:37Z","last_edited_user":"gpr.gps","last_edited_date":"2026-04-11T07:55:37Z","مساحة_كم2":null,"SHAPE_Length":70.10004684235054,"SHAPE_Area":304.48512587253805},"geometry":{"type":"Polygon","coordinates":[[[32.724981,25.967802],[32.724927,25.967667],[32.724749,25.967731],[32.724804,25.967865],[32.724981,25.967802]]]}},{"type":"Feature","properties":{"source_layer":"Building","source_feature_count":1,"BuildingType":2,"land_use":"سكنى","اسم_المحور":null,"اسم_المحافظة":null,"متوسط_عدد_الادوار_بالعقار":null,"متوسط_عدد_الشقق_بالدور":null,"متوسط_مساحة_الشقق_بالمنطقة":null,"نوع_نمط_العمران":null,"نوع_طبيعة_المنطقة":null,"سعر_العمارة":null,"نوع_الأرض":null,"المساحة_كم2":null,"GlobalID":"{BFD1921D-9E83-4A3D-B498-3AAF51DE58D7}","created_user":"gpr.gps","created_date":"2026-04-11T07:55:37Z","last_edited_user":"gpr.gps","last_edited_date":"2026-04-11T07:55:37Z","مساحة_كم2":null,"SHAPE_Length":72.4381917070708,"SHAPE_Area":322.8151185016157},"geometry":{"type":"Polygon","coordinates":[[[32.724804,25.967865],[32.724749,25.967731],[32.72456,25.967799],[32.724615,25.967933],[32.724804,25.967865]]]}},{"type":"Feature","properties":{"source_layer":"Building","source_feature_count":1,"BuildingType":2,"land_use":"سكنى","اسم_المحور":null,"اسم_المحافظة":null,"متوسط_عدد_الادوار_بالعقار":null,"متوسط_عدد_الشقق_بالدور":null,"متوسط_مساحة_الشقق_بالمنطقة":null,"نوع_نمط_العمران":null,"نوع_طبيعة_المنطقة":null,"سعر_العمارة":null,"نوع_الأرض":null,"المساحة_كم2":null,"GlobalID":"{9D97CD68-8391-433F-B371-02C77436C077}","created_user":"gpr.gps","created_date":"2026-04-11T07:55:37Z","last_edited_user":"gpr.gps","last_edited_date":"2026-04-11T07:55:37Z","مساحة_كم2":null,"SHAPE_Length":72.84508727168543,"SHAPE_Area":326.5632512502058},"geometry":{"type":"Polygon","coordinates":[[[32.72517,25.967735],[32.725117,25.967598],[32.724927,25.967667],[32.724981,25.967802],[32.72517,25.967735]]]}},{"type":"Feature","properties":{"source_layer":"Building","source_feature_count":1,"BuildingType":2,"land_use":"سكنى","اسم_المحور":null,"اسم_المحافظة":null,"متوسط_عدد_الادوار_بالعقار":null,"متوسط_عدد_الشقق_بالدور":null,"متوسط_مساحة_الشقق_بالمنطقة":null,"نوع_نمط_العمران":null,"نوع_طبيعة_المنطقة":null,"سعر_العمارة":null,"نوع_الأرض":null,"المساحة_كم2":null,"GlobalID":"{DE98D73F-B00C-43C0-AB03-8E8092383183}","created_user":"gpr.gps","created_date":"2026-04-11T07:55:37Z","last_edited_user":"gpr.gps","last_edited_date":"2026-04-11T07:55:37Z","مساحة_كم2":null,"SHAPE_Length":72.94890962599405,"SHAPE_Area":327.6926721995818},"geometry":{"type":"Polygon","coordinates":[[[32.72536,25.967667],[32.725306,25.96753],[32.725117,25.967598],[32.72517,25.967735],[32.72536,25.967667]]]}},{"type":"Feature","properties":{"source_layer":"Building","source_feature_count":1,"BuildingType":2,"land_use":"سكنى","اسم_المحور":null,"اسم_المحافظة":null,"متوسط_عدد_الادوار_بالعقار":null,"متوسط_عدد_الشقق_بالدور":null,"متوسط_مساحة_الشقق_بالمنطقة":null,"نوع_نمط_العمران":null,"نوع_طبيعة_المنطقة":null,"سعر_العمارة":null,"نوع_الأرض":null,"المساحة_كم2":null,"GlobalID":"{27CE11FE-76E9-430D-B9F5-1255EE5CD6BC}","created_user":"gpr.gps","created_date":"2026-04-11T07:55:37Z","last_edited_user":"gpr.gps","last_edited_date":"2026-04-11T07:55:37Z","مساحة_كم2":null,"SHAPE_Length":118.71215897850064,"SHAPE_Area":876.9173268036932},"geometry":{"type":"Polygon","coordinates":[[[32.725154,25.96723],[32.725244,25.967479],[32.725519,25.967379],[32.725438,25.967124],[32.725154,25.96723]]]}},{"type":"Feature","properties":{"source_layer":"Building","source_feature_count":1,"BuildingType":2,"land_use":"سكنى","اسم_المحور":null,"اسم_المحافظة":null,"متوسط_عدد_الادوار_بالعقار":null,"متوسط_عدد_الشقق_بالدور":null,"متوسط_مساحة_الشقق_بالمنطقة":null,"نوع_نمط_العمران":null,"نوع_طبيعة_المنطقة":null,"سعر_العمارة":null,"نوع_الأرض":null,"المساحة_كم2":null,"GlobalID":"{56CCC3CE-118A-487A-87B1-777D63B8F82D}","created_user":"gpr.gps","created_date":"2026-04-11T07:55:37Z","last_edited_user":"gpr.gps","last_edited_date":"2026-04-11T07:55:37Z","مساحة_كم2":null,"SHAPE_Length":75.27305583895051,"SHAPE_Area":351.9510917345899},"geometry":{"type":"Polygon","coordinates":[[[32.72512,25.967243],[32.725061,25.967097],[32.724877,25.96716],[32.724931,25.967314],[32.72512,25.967243]]]}},{"type":"Feature","properties":{"source_layer":"Building","source_feature_count":1,"BuildingType":2,"land_use":"سكنى","اسم_المحور":null,"اسم_المحافظة":null,"متوسط_عدد_الادوار_بالعقار":null,"متوسط_عدد_الشقق_بالدور":null,"متوسط_مساحة_الشقق_بالمنطقة":null,"نوع_نمط_العمران":null,"نوع_طبيعة_المنطقة":null,"سعر_العمارة":null,"نوع_الأرض":null,"المساحة_كم2":null,"GlobalID":"{1E4FFD94-CA0A-4D79-8572-8CBCEAE2D8C3}","created_user":"gpr.gps","created_date":"2026-04-11T07:55:37Z","last_edited_user":"gpr.gps","last_edited_date":"2026-04-11T07:55:37Z","مساحة_كم2":null,"SHAPE_Length":101.61946042226354,"SHAPE_Area":633.7744205040588},"geometry":{"type":"Polygon","coordinates":[[[32.724987,25.967572],[32.724904,25.967324],[32.724694,25.967403],[32.724785,25.967645],[32.724987,25.967572]]]}},{"type":"Feature","properties":{"source_layer":"Building","source_feature_count":1,"BuildingType":2,"land_use":"سكنى","اسم_المحور":null,"اسم_المحافظة":null,"متوسط_عدد_الادوار_بالعقار":null,"متوسط_عدد_الشقق_بالدور":null,"متوسط_مساحة_الشقق_بالمنطقة":null,"نوع_نمط_العمران":null,"نوع_طبيعة_المنطقة":null,"سعر_العمارة":null,"نوع_الأرض":null,"المساحة_كم2":null,"GlobalID":"{FC9114BB-29DA-49EA-9EB1-EB62E957EA3C}","created_user":"gpr.gps","created_date":"2026-04-11T07:55:37Z","last_edited_user":"gpr.gps","last_edited_date":"2026-04-11T07:55:37Z","مساحة_كم2":null,"SHAPE_Length":112.51165211120757,"SHAPE_Area":788.0321171410721},"geometry":{"type":"Polygon","coordinates":[[[32.725244,25.967479],[32.725154,25.96723],[32.724904,25.967324],[32.724987,25.967572],[32.725244,25.967479]]]}},{"type":"Feature","properties":{"source_layer":"Building","source_feature_count":1,"BuildingType":2,"land_use":"سكنى","اسم_المحور":null,"اسم_المحافظة":null,"متوسط_عدد_الادوار_بالعقار":null,"متوسط_عدد_الشقق_بالدور":null,"متوسط_مساحة_الشقق_بالمنطقة":null,"نوع_نمط_العمران":null,"نوع_طبيعة_المنطقة":null,"سعر_العمارة":null,"نوع_الأرض":null,"المساحة_كم2":null,"GlobalID":"{5C7DDF0C-B47F-445C-A32C-50AF6EC3B8CE}","created_user":"gpr.gps","created_date":"2026-04-11T07:55:37Z","last_edited_user":"gpr.gps","last_edited_date":"2026-04-11T07:55:37Z","مساحة_كم2":null,"SHAPE_Length":106.97702409147658,"SHAPE_Area":646.1204070499739},"geometry":{"type":"Polygon","coordinates":[[[32.725154,25.96723],[32.725438,25.967124],[32.725388,25.966969],[32.725055,25.967081],[32.725154,25.96723]]]}},{"type":"Feature","properties":{"source_layer":"Building","source_feature_count":1,"BuildingType":2,"land_use":"سكنى","اسم_المحور":null,"اسم_المحافظة":null,"متوسط_عدد_الادوار_بالعقار":null,"متوسط_عدد_الشقق_بالدور":null,"متوسط_مساحة_الشقق_بالمنطقة":null,"نوع_نمط_العمران":null,"نوع_طبيعة_المنطقة":null,"سعر_العمارة":null,"نوع_الأرض":null,"المساحة_كم2":null,"GlobalID":"{0429DE75-D505-40D3-AF3A-DA5BAA0AE18D}","created_user":"gpr.gps","created_date":"2026-04-11T07:55:37Z","last_edited_user":"gpr.gps","last_edited_date":"2026-04-11T07:55:37Z","مساحة_كم2":null,"SHAPE_Length":69.12744894710175,"SHAPE_Area":296.757524483992},"geometry":{"type":"Polygon","coordinates":[[[32.724841,25.967347],[32.724784,25.967191],[32.724633,25.967242],[32.724694,25.967403],[32.724841,25.967347]]]}},{"type":"Feature","properties":{"source_layer":"Building","source_feature_count":1,"BuildingType":2,"land_use":"سكنى","اسم_المحور":null,"اسم_المحافظة":null,"متوسط_عدد_الادوار_بالعقار":null,"متوسط_عدد_الشقق_بالدور":null,"متوسط_مساحة_الشقق_بالمنطقة":null,"نوع_نمط_العمران":null,"نوع_طبيعة_المنطقة":null,"سعر_العمارة":null,"نوع_الأرض":null,"المساحة_كم2":null,"GlobalID":"{B2640BCE-C34B-49C1-B30F-6F133BFA15EF}","created_user":"gpr.gps","created_date":"2026-04-11T07:55:37Z","last_edited_user":"gpr.gps","last_edited_date":"2026-04-11T07:55:37Z","مساحة_كم2":null,"SHAPE_Length":55.884790130755945,"SHAPE_Area":178.05208650863037},"geometry":{"type":"Polygon","coordinates":[[[32.724841,25.967347],[32.724877,25.96716],[32.724784,25.967191],[32.724841,25.967347]]]}},{"type":"Feature","properties":{"source_layer":"Building","source_feature_count":1,"BuildingType":2,"land_use":"سكنى","اسم_المحور":null,"اسم_المحافظة":null,"متوسط_عدد_الادوار_بالعقار":null,"متوسط_عدد_الشقق_بالدور":null,"متوسط_مساحة_الشقق_بالمنطقة":null,"نوع_نمط_العمران":null,"نوع_طبيعة_المنطقة":null,"سعر_العمارة":null,"نوع_الأرض":null,"المساحة_كم2":null,"GlobalID":"{5096C932-E4B4-4326-8D42-82F0E3769FA5}","created_user":"gpr.gps","created_date":"2026-04-11T07:55:37Z","last_edited_user":"gpr.gps","last_edited_date":"2026-04-11T07:55:37Z","مساحة_كم2":null,"SHAPE_Length":114.04101273047668,"SHAPE_Area":578.5460895264799},"geometry":{"type":"Polygon","coordinates":[[[32.725542,25.967234],[32.725589,25.967343],[32.725996,25.967196],[32.725945,25.967083],[32.725542,25.967234]]]}},{"type":"Feature","properties":{"source_layer":"Building","source_feature_count":1,"BuildingType":2,"land_use":"سكنى","اسم_المحور":null,"اسم_المحافظة":null,"متوسط_عدد_الادوار_بالعقار":null,"متوسط_عدد_الشقق_بالدور":null,"متوسط_مساحة_الشقق_بالمنطقة":null,"نوع_نمط_العمران":null,"نوع_طبيعة_المنطقة":null,"سعر_العمارة":null,"نوع_الأرض":null,"المساحة_كم2":null,"GlobalID":"{54F7C136-E593-4C99-933A-739093579A40}","created_user":"gpr.gps","created_date":"2026-04-11T07:55:37Z","last_edited_user":"gpr.gps","last_edited_date":"2026-04-11T07:55:37Z","مساحة_كم2":null,"SHAPE_Length":158.8739581607808,"SHAPE_Area":870.8563714032016},"geometry":{"type":"Polygon","coordinates":[[[32.725601,25.967065],[32.725981,25.967014],[32.726094,25.966871],[32.725935,25.966932],[32.725877,25.9668],[32.725605,25.966889],[32.725601,25.967065]]]}},{"type":"Feature","properties":{"source_layer":"Building","source_feature_count":1,"BuildingType":2,"land_use":"سكنى","اسم_المحور":null,"اسم_المحافظة":null,"متوسط_عدد_الادوار_بالعقار":null,"متوسط_عدد_الشقق_بالدور":null,"متوسط_مساحة_الشقق_بالمنطقة":null,"نوع_نمط_العمران":null,"نوع_طبيعة_المنطقة":null,"سعر_العمارة":null,"نوع_الأرض":null,"المساحة_كم2":null,"GlobalID":"{8B283EDC-B4D3-4EBC-9D12-E736B8C23CED}","created_user":"gpr.gps","created_date":"2026-04-11T07:55:37Z","last_edited_user":"gpr.gps","last_edited_date":"2026-04-11T07:55:37Z","مساحة_كم2":null,"SHAPE_Length":54.426589828550334,"SHAPE_Area":184.06432758661893},"geometry":{"type":"Polygon","coordinates":[[[32.726,25.966888],[32.726123,25.966847],[32.726085,25.966732],[32.725951,25.966774],[32.726,25.966888]]]}},{"type":"Feature","properties":{"source_layer":"Building","source_feature_count":1,"BuildingType":2,"land_use":"سكنى","اسم_المحور":null,"اسم_المحافظة":null,"متوسط_عدد_الادوار_بالعقار":null,"متوسط_عدد_الشقق_بالدور":null,"متوسط_مساحة_الشقق_بالمنطقة":null,"نوع_نمط_العمران":null,"نوع_طبيعة_المنطقة":null,"سعر_العمارة":null,"نوع_الأرض":null,"المساحة_كم2":null,"GlobalID":"{96CCB1BB-2D1D-4818-ACAB-27E6E69BCBB4}","created_user":"gpr.gps","created_date":"2026-04-11T07:55:37Z","last_edited_user":"gpr.gps","last_edited_date":"2026-04-11T07:55:37Z","مساحة_كم2":null,"SHAPE_Length":21.10750362888413,"SHAPE_Area":26.93196924939606},"geometry":{"type":"Polygon","coordinates":[[[32.726075,25.966986],[32.726153,25.967003],[32.726133,25.966966],[32.726075,25.966986]]]}},{"type":"Feature","properties":{"source_layer":"Building","source_feature_count":1,"BuildingType":2,"land_use":"سكنى","اسم_المحور":null,"اسم_المحافظة":null,"متوسط_عدد_الادوار_بالعقار":null,"متوسط_عدد_الشقق_بالدور":null,"متوسط_مساحة_الشقق_بالمنطقة":null,"نوع_نمط_العمران":null,"نوع_طبيعة_المنطقة":null,"سعر_العمارة":null,"نوع_الأرض":null,"المساحة_كم2":null,"GlobalID":"{1E3F529C-FC8C-482C-B61E-01810B8136F4}","created_user":"gpr.gps","created_date":"2026-04-11T07:55:37Z","last_edited_user":"gpr.gps","last_edited_date":"2026-04-11T07:55:37Z","مساحة_كم2":null,"SHAPE_Length":81.28404151158055,"SHAPE_Area":377.93907817742},"geometry":{"type":"Polygon","coordinates":[[[32.725939,25.966735],[32.725934,25.966577],[32.725706,25.966652],[32.725763,25.966795],[32.725939,25.966735]]]}},{"type":"Feature","properties":{"source_layer":"Building","source_feature_count":1,"BuildingType":2,"land_use":"سكنى","اسم_المحور":null,"اسم_المحافظة":null,"متوسط_عدد_الادوار_بالعقار":null,"متوسط_عدد_الشقق_بالدور":null,"متوسط_مساحة_الشقق_بالمنطقة":null,"نوع_نمط_العمران":null,"نوع_طبيعة_المنطقة":null,"سعر_العمارة":null,"نوع_الأرض":null,"المساحة_كم2":null,"GlobalID":"{3CDBF2F1-4B46-4910-9BE7-B6DF9680E3CB}","created_user":"gpr.gps","created_date":"2026-04-11T07:55:37Z","last_edited_user":"gpr.gps","last_edited_date":"2026-04-11T07:55:37Z","مساحة_كم2":null,"SHAPE_Length":85.02061401614245,"SHAPE_Area":436.9222902835219},"geometry":{"type":"Polygon","coordinates":[[[32.725365,25.966767],[32.725125,25.966843],[32.725183,25.966993],[32.725414,25.966914],[32.725365,25.966767]]]}},{"type":"Feature","properties":{"source_layer":"Building","source_feature_count":1,"BuildingType":2,"land_use":"سكنى","اسم_المحور":null,"اسم_المحافظة":null,"متوسط_عدد_الادوار_بالعقار":null,"متوسط_عدد_الشقق_بالدور":null,"متوسط_مساحة_الشقق_بالمنطقة":null,"نوع_نمط_العمران":null,"نوع_طبيعة_المنطقة":null,"سعر_العمارة":null,"نوع_الأرض":null,"المساحة_كم2":null,"GlobalID":"{AF89D3DC-CDD3-4455-A8C1-333F605B08A4}","created_user":"gpr.gps","created_date":"2026-04-11T07:55:37Z","last_edited_user":"gpr.gps","last_edited_date":"2026-04-11T07:55:37Z","مساحة_كم2":null,"SHAPE_Length":75.8158353996153,"SHAPE_Area":357.5824733008877},"geometry":{"type":"Polygon","coordinates":[[[32.725128,25.966851],[32.724936,25.966905],[32.724994,25.967057],[32.725183,25.966993],[32.725128,25.966851]]]}},{"type":"Feature","properties":{"source_layer":"Building","source_feature_count":1,"BuildingType":2,"land_use":"سكنى","اسم_المحور":null,"اسم_المحافظة":null,"متوسط_عدد_الادوار_بالعقار":null,"متوسط_عدد_الشقق_بالدور":null,"متوسط_مساحة_الشقق_بالمنطقة":null,"نوع_نمط_العمران":null,"نوع_طبيعة_المنطقة":null,"سعر_العمارة":null,"نوع_الأرض":null,"المساحة_كم2":null,"GlobalID":"{404AE7D6-38A8-4FF5-BA34-FC1738977E0E}","created_user":"gpr.gps","created_date":"2026-04-11T07:55:37Z","last_edited_user":"gpr.gps","last_edited_date":"2026-04-11T07:55:37Z","مساحة_كم2":null,"SHAPE_Length":56.213772668893235,"SHAPE_Area":187.01498805489726},"geometry":{"type":"Polygon","coordinates":[[[32.725463,25.966733],[32.725364,25.966764],[32.725414,25.966914],[32.725519,25.966879],[32.725463,25.966733]]]}},{"type":"Feature","properties":{"source_layer":"Building","source_feature_count":1,"BuildingType":2,"land_use":"سكنى","اسم_المحور":null,"اسم_المحافظة":null,"متوسط_عدد_الادوار_بالعقار":null,"متوسط_عدد_الشقق_بالدور":null,"متوسط_مساحة_الشقق_بالمنطقة":null,"نوع_نمط_العمران":null,"نوع_طبيعة_المنطقة":null,"سعر_العمارة":null,"نوع_الأرض":null,"المساحة_كم2":null,"GlobalID":"{B7E1AF7D-B253-45BB-A713-05B401314FB9}","created_user":"gpr.gps","created_date":"2026-04-11T07:55:37Z","last_edited_user":"gpr.gps","last_edited_date":"2026-04-11T07:55:37Z","مساحة_كم2":null,"SHAPE_Length":28.508849894071453,"SHAPE_Area":46.38815882902219},"geometry":{"type":"Polygon","coordinates":[[[32.725601,25.966851],[32.725617,25.966757],[32.725573,25.966771],[32.725601,25.966851]]]}},{"type":"Feature","properties":{"source_layer":"Building","source_feature_count":1,"BuildingType":2,"land_use":"سكنى","اسم_المحور":null,"اسم_المحافظة":null,"متوسط_عدد_الادوار_بالعقار":null,"متوسط_عدد_الشقق_بالدور":null,"متوسط_مساحة_الشقق_بالمنطقة":null,"نوع_نمط_العمران":null,"نوع_طبيعة_المنطقة":null,"سعر_العمارة":null,"نوع_الأرض":null,"المساحة_كم2":null,"GlobalID":"{CE000D83-ED01-4C3C-BCE9-37DDE7454C64}","created_user":"gpr.gps","created_date":"2026-04-11T07:55:37Z","last_edited_user":"gpr.gps","last_edited_date":"2026-04-11T07:55:37Z","مساحة_كم2":null,"SHAPE_Length":103.89988125945794,"SHAPE_Area":396.70463186213857},"geometry":{"type":"Polygon","coordinates":[[[32.725573,25.966771],[32.725651,25.966834],[32.725763,25.966795],[32.725706,25.966652],[32.725462,25.966732],[32.725519,25.966879],[32.725573,25.966771]]]}},{"type":"Feature","properties":{"source_layer":"Building","source_feature_count":1,"BuildingType":2,"land_use":"سكنى","اسم_المحور":null,"اسم_المحافظة":null,"متوسط_عدد_الادوار_بالعقار":null,"متوسط_عدد_الشقق_بالدور":null,"متوسط_مساحة_الشقق_بالمنطقة":null,"نوع_نمط_العمران":null,"نوع_طبيعة_المنطقة":null,"سعر_العمارة":null,"نوع_الأرض":null,"المساحة_كم2":null,"GlobalID":"{88C189C5-9538-4D7E-8FBA-DAF17951A965}","created_user":"gpr.gps","created_date":"2026-04-11T07:55:37Z","last_edited_user":"gpr.gps","last_edited_date":"2026-04-11T07:55:37Z","مساحة_كم2":null,"SHAPE_Length":39.327919513204165,"SHAPE_Area":91.52840809153363},"geometry":{"type":"Polygon","coordinates":[[[32.725967,25.96668],[32.726004,25.966554],[32.725934,25.966577],[32.725967,25.96668]]]}},{"type":"Feature","properties":{"source_layer":"Building","source_feature_count":1,"BuildingType":2,"land_use":"سكنى","اسم_المحور":null,"اسم_المحافظة":null,"متوسط_عدد_الادوار_بالعقار":null,"متوسط_عدد_الشقق_بالدور":null,"متوسط_مساحة_الشقق_بالمنطقة":null,"نوع_نمط_العمران":null,"نوع_طبيعة_المنطقة":null,"سعر_العمارة":null,"نوع_الأرض":null,"المساحة_كم2":null,"GlobalID":"{052B5AC4-7F4C-4BF8-9368-E6221B203486}","created_user":"gpr.gps","created_date":"2026-04-11T07:55:37Z","last_edited_user":"gpr.gps","last_edited_date":"2026-04-11T07:55:37Z","مساحة_كم2":null,"SHAPE_Length":33.611349819824824,"SHAPE_Area":56.63807243802116},"geometry":{"type":"Polygon","coordinates":[[[32.726054,25.966696],[32.725924,25.966695],[32.725939,25.966735],[32.726054,25.966696]]]}},{"type":"Feature","properties":{"source_layer":"Building","source_feature_count":1,"BuildingType":2,"land_use":"سكنى","اسم_المحور":null,"اسم_المحافظة":null,"متوسط_عدد_الادوار_بالعقار":null,"متوسط_عدد_الشقق_بالدور":null,"متوسط_مساحة_الشقق_بالمنطقة":null,"نوع_نمط_العمران":null,"نوع_طبيعة_المنطقة":null,"سعر_العمارة":null,"نوع_الأرض":null,"المساحة_كم2":null,"GlobalID":"{6660075F-FDF6-438F-B1AE-59F8F5E446A7}","created_user":"gpr.gps","created_date":"2026-04-11T07:55:37Z","last_edited_user":"gpr.gps","last_edited_date":"2026-04-11T07:55:37Z","مساحة_كم2":null,"SHAPE_Length":59.746342258236616,"SHAPE_Area":221.6845236765112},"geometry":{"type":"Polygon","coordinates":[[[32.725635,25.966497],[32.725791,25.966448],[32.725738,25.966332],[32.725591,25.96638],[32.725635,25.966497]]]}},{"type":"Feature","properties":{"source_layer":"Building","source_feature_count":1,"BuildingType":2,"land_use":"سكنى","اسم_المحور":null,"اسم_المحافظة":null,"متوسط_عدد_الادوار_بالعقار":null,"متوسط_عدد_الشقق_بالدور":null,"متوسط_مساحة_الشقق_بالمنطقة":null,"نوع_نمط_العمران":null,"نوع_طبيعة_المنطقة":null,"سعر_العمارة":null,"نوع_الأرض":null,"المساحة_كم2":null,"GlobalID":"{8612B117-49DE-44DB-9A47-367FDBF5DAB7}","created_user":"gpr.gps","created_date":"2026-04-11T07:55:37Z","last_edited_user":"gpr.gps","last_edited_date":"2026-04-11T07:55:37Z","مساحة_كم2":null,"SHAPE_Length":62.72725890680187,"SHAPE_Area":182.66230612899747},"geometry":{"type":"Polygon","coordinates":[[[32.72571,25.966636],[32.725853,25.966584],[32.72579,25.966478],[32.725662,25.966521],[32.72571,25.966636]]]}},{"type":"Feature","properties":{"source_layer":"Building","source_feature_count":1,"BuildingType":2,"land_use":"سكنى","اسم_المحور":null,"اسم_المحافظة":null,"متوسط_عدد_الادوار_بالعقار":null,"متوسط_عدد_الشقق_بالدور":null,"متوسط_مساحة_الشقق_بالمنطقة":null,"نوع_نمط_العمران":null,"نوع_طبيعة_المنطقة":null,"سعر_العمارة":null,"نوع_الأرض":null,"المساحة_كم2":null,"GlobalID":"{88D3F868-5A8F-440B-84EB-555070CF8F0A}","created_user":"gpr.gps","created_date":"2026-04-11T07:55:37Z","last_edited_user":"gpr.gps","last_edited_date":"2026-04-11T07:55:37Z","مساحة_كم2":null,"SHAPE_Length":49.12097595931592,"SHAPE_Area":149.19409138238248},"geometry":{"type":"Polygon","coordinates":[[[32.725337,25.966246],[32.72544,25.966209],[32.725388,25.966094],[32.725288,25.966134],[32.725337,25.966246]]]}},{"type":"Feature","properties":{"source_layer":"Building","source_feature_count":1,"BuildingType":2,"land_use":"سكنى","اسم_المحور":null,"اسم_المحافظة":null,"متوسط_عدد_الادوار_بالعقار":null,"متوسط_عدد_الشقق_بالدور":null,"متوسط_مساحة_الشقق_بالمنطقة":null,"نوع_نمط_العمران":null,"نوع_طبيعة_المنطقة":null,"سعر_العمارة":null,"نوع_الأرض":null,"المساحة_كم2":null,"GlobalID":"{64F07C68-AF2C-46B1-8C5F-32134803EC0D}","created_user":"gpr.gps","created_date":"2026-04-11T07:55:37Z","last_edited_user":"gpr.gps","last_edited_date":"2026-04-11T07:55:37Z","مساحة_كم2":null,"SHAPE_Length":96.71290108255498,"SHAPE_Area":509.6690952930249},"geometry":{"type":"Polygon","coordinates":[[[32.725496,25.966184],[32.725643,25.966135],[32.725506,25.965862],[32.725364,25.965917],[32.725496,25.966184]]]}},{"type":"Feature","properties":{"source_layer":"Building","source_feature_count":1,"BuildingType":2,"land_use":"سكنى","اسم_المحور":null,"اسم_المحافظة":null,"متوسط_عدد_الادوار_بالعقار":null,"متوسط_عدد_الشقق_بالدور":null,"متوسط_مساحة_الشقق_بالمنطقة":null,"نوع_نمط_العمران":null,"نوع_طبيعة_المنطقة":null,"سعر_العمارة":null,"نوع_الأرض":null,"المساحة_كم2":null,"GlobalID":"{058736A0-4D64-4983-AFC3-20BFBB606A1A}","created_user":"gpr.gps","created_date":"2026-04-11T07:55:37Z","last_edited_user":"gpr.gps","last_edited_date":"2026-04-11T07:55:37Z","مساحة_كم2":null,"SHAPE_Length":51.851945257755844,"SHAPE_Area":119.96233744283727},"geometry":{"type":"Polygon","coordinates":[[[32.724808,25.966113],[32.724931,25.966257],[32.72487,25.966089],[32.724808,25.966113]]]}},{"type":"Feature","properties":{"source_layer":"Building","source_feature_count":1,"BuildingType":2,"land_use":"سكنى","اسم_المحور":null,"اسم_المحافظة":null,"متوسط_عدد_الادوار_بالعقار":null,"متوسط_عدد_الشقق_بالدور":null,"متوسط_مساحة_الشقق_بالمنطقة":null,"نوع_نمط_العمران":null,"نوع_طبيعة_المنطقة":null,"سعر_العمارة":null,"نوع_الأرض":null,"المساحة_كم2":null,"GlobalID":"{92181C3A-4E7D-409E-8556-76E706DE4A37}","created_user":"gpr.gps","created_date":"2026-04-11T07:55:37Z","last_edited_user":"gpr.gps","last_edited_date":"2026-04-11T07:55:37Z","مساحة_كم2":null,"SHAPE_Length":53.935964931429,"SHAPE_Area":166.51416980271793},"geometry":{"type":"Polygon","coordinates":[[[32.724918,25.966128],[32.724961,25.966225],[32.725092,25.966176],[32.725064,25.966082],[32.724918,25.966128]]]}},{"type":"Feature","properties":{"source_layer":"Building","source_feature_count":1,"BuildingType":2,"land_use":"سكنى","اسم_المحور":null,"اسم_المحافظة":null,"متوسط_عدد_الادوار_بالعقار":null,"متوسط_عدد_الشقق_بالدور":null,"متوسط_مساحة_الشقق_بالمنطقة":null,"نوع_نمط_العمران":null,"نوع_طبيعة_المنطقة":null,"سعر_العمارة":null,"نوع_الأرض":null,"المساحة_كم2":null,"GlobalID":"{519AE317-486F-4266-9BF3-8C8EF9718CBA}","created_user":"gpr.gps","created_date":"2026-04-11T07:55:37Z","last_edited_user":"gpr.gps","last_edited_date":"2026-04-11T07:55:37Z","مساحة_كم2":null,"SHAPE_Length":123.3425463629456,"SHAPE_Area":860.3699335806706},"geometry":{"type":"Polygon","coordinates":[[[32.854911,25.920455],[32.855183,25.920439],[32.85516,25.920145],[32.854895,25.920165],[32.854911,25.920455]]]}},{"type":"Feature","properties":{"source_layer":"Building","source_feature_count":1,"BuildingType":2,"land_use":"سكنى","اسم_المحور":null,"اسم_المحافظة":null,"متوسط_عدد_الادوار_بالعقار":null,"متوسط_عدد_الشقق_بالدور":null,"متوسط_مساحة_الشقق_بالمنطقة":null,"نوع_نمط_العمران":null,"نوع_طبيعة_المنطقة":null,"سعر_العمارة":null,"نوع_الأرض":null,"المساحة_كم2":null,"GlobalID":"{C9B01A3F-C4A9-4F9C-AB2F-4D90C611485C}","created_user":"gpr.gps","created_date":"2026-04-11T07:55:37Z","last_edited_user":"gpr.gps","last_edited_date":"2026-04-11T07:55:37Z","مساحة_كم2":null,"SHAPE_Length":133.32198084675048,"SHAPE_Area":416.4549958712347},"geometry":{"type":"Polygon","coordinates":[[[32.860403,25.923577],[32.860522,25.923529],[32.860439,25.923315],[32.860285,25.923378],[32.860403,25.923577]]]}},{"type":"Feature","properties":{"source_layer":"Building","source_feature_count":1,"BuildingType":2,"land_use":"سكنى","اسم_المحور":null,"اسم_المحافظة":null,"متوسط_عدد_الادوار_بالعقار":null,"متوسط_عدد_الشقق_بالدور":null,"متوسط_مساحة_الشقق_بالمنطقة":null,"نوع_نمط_العمران":null,"نوع_طبيعة_المنطقة":null,"سعر_العمارة":null,"نوع_الأرض":null,"المساحة_كم2":null,"GlobalID":"{6D50E9D4-9B89-40CE-960F-F420CFFB23AD}","created_user":"gpr.gps","created_date":"2026-04-11T07:55:37Z","last_edited_user":"gpr.gps","last_edited_date":"2026-04-11T07:55:37Z","مساحة_كم2":null,"SHAPE_Length":70.95690026898123,"SHAPE_Area":303.79758315737075},"geometry":{"type":"Polygon","coordinates":[[[32.849928,25.945475],[32.849794,25.945511],[32.849843,25.945696],[32.849986,25.945656],[32.849928,25.945475]]]}},{"type":"Feature","properties":{"source_layer":"Building","source_feature_count":1,"BuildingType":2,"land_use":"سكنى","اسم_المحور":null,"اسم_المحافظة":null,"متوسط_عدد_الادوار_بالعقار":null,"متوسط_عدد_الشقق_بالدور":null,"متوسط_مساحة_الشقق_بالمنطقة":null,"نوع_نمط_العمران":null,"نوع_طبيعة_المنطقة":null,"سعر_العمارة":null,"نوع_الأرض":null,"المساحة_كم2":null,"GlobalID":"{665E147E-C8DA-4582-94C1-C95148E77C64}","created_user":"gpr.gps","created_date":"2026-04-11T07:55:37Z","last_edited_user":"gpr.gps","last_edited_date":"2026-04-11T07:55:37Z","مساحة_كم2":null,"SHAPE_Length":51.25072720268373,"SHAPE_Area":159.76791381007507},"geometry":{"type":"Polygon","coordinates":[[[32.850315,25.947544],[32.850464,25.947541],[32.850461,25.947443],[32.850312,25.947449],[32.850315,25.947544]]]}},{"type":"Feature","properties":{"source_layer":"Building","source_feature_count":1,"BuildingType":2,"land_use":"سكنى","اسم_المحور":null,"اسم_المحافظة":null,"متوسط_عدد_الادوار_بالعقار":null,"متوسط_عدد_الشقق_بالدور":null,"متوسط_مساحة_الشقق_بالمنطقة":null,"نوع_نمط_العمران":null,"نوع_طبيعة_المنطقة":null,"سعر_العمارة":null,"نوع_الأرض":null,"المساحة_كم2":null,"GlobalID":"{5A1FEBCC-796A-4E93-877E-7C248C5C316E}","created_user":"gpr.gps","created_date":"2026-04-11T07:55:37Z","last_edited_user":"gpr.gps","last_edited_date":"2026-04-11T07:55:37Z","مساحة_كم2":null,"SHAPE_Length":69.47833548773232,"SHAPE_Area":295.85742593482655},"geometry":{"type":"Polygon","coordinates":[[[32.853873,25.953827],[32.853856,25.953964],[32.854048,25.953975],[32.854072,25.953843],[32.853873,25.953827]]]}},{"type":"Feature","properties":{"source_layer":"Building","source_feature_count":1,"BuildingType":2,"land_use":"سكنى","اسم_المحور":null,"اسم_المحافظة":null,"متوسط_عدد_الادوار_بالعقار":null,"متوسط_عدد_الشقق_بالدور":null,"متوسط_مساحة_الشقق_بالمنطقة":null,"نوع_نمط_العمران":null,"نوع_طبيعة_المنطقة":null,"سعر_العمارة":null,"نوع_الأرض":null,"المساحة_كم2":null,"GlobalID":"{AD005504-B9E0-4530-80F3-07A7C384D4B4}","created_user":"gpr.gps","created_date":"2026-04-11T07:55:37Z","last_edited_user":"gpr.gps","last_edited_date":"2026-04-11T07:55:37Z","مساحة_كم2":null,"SHAPE_Length":59.684776881232224,"SHAPE_Area":183.71962875169493},"geometry":{"type":"Polygon","coordinates":[[[32.851342,25.958701],[32.851431,25.958691],[32.85139,25.9585],[32.851307,25.958516],[32.851342,25.958701]]]}},{"type":"Feature","properties":{"source_layer":"Building","source_feature_count":1,"BuildingType":2,"land_use":"سكنى","اسم_المحور":null,"اسم_المحافظة":null,"متوسط_عدد_الادوار_بالعقار":null,"متوسط_عدد_الشقق_بالدور":null,"متوسط_مساحة_الشقق_بالمنطقة":null,"نوع_نمط_العمران":null,"نوع_طبيعة_المنطقة":null,"سعر_العمارة":null,"نوع_الأرض":null,"المساحة_كم2":null,"GlobalID":"{A200635A-609F-4672-A11C-12ADA2E19C81}","created_user":"gpr.gps","created_date":"2026-04-11T07:55:37Z","last_edited_user":"gpr.gps","last_edited_date":"2026-04-11T07:55:37Z","مساحة_كم2":null,"SHAPE_Length":43.52123744693625,"SHAPE_Area":114.66824443703688},"geometry":{"type":"Polygon","coordinates":[[[32.855584,25.958966],[32.855721,25.959032],[32.855712,25.95895],[32.855584,25.958966]]]}},{"type":"Feature","properties":{"source_layer":"Building","source_feature_count":1,"BuildingType":2,"land_use":"سكنى","اسم_المحور":null,"اسم_المحافظة":null,"متوسط_عدد_الادوار_بالعقار":null,"متوسط_عدد_الشقق_بالدور":null,"متوسط_مساحة_الشقق_بالمنطقة":null,"نوع_نمط_العمران":null,"نوع_طبيعة_المنطقة":null,"سعر_العمارة":null,"نوع_الأرض":null,"المساحة_كم2":null,"GlobalID":"{10B45801-7432-44E4-B6FA-936751F7FE8D}","created_user":"gpr.gps","created_date":"2026-04-11T07:55:37Z","last_edited_user":"gpr.gps","last_edited_date":"2026-04-11T07:55:37Z","مساحة_كم2":null,"SHAPE_Length":66.69431182897264,"SHAPE_Area":241.44382353353674},"geometry":{"type":"Polygon","coordinates":[[[32.856418,25.958373],[32.85664,25.958343],[32.856625,25.958248],[32.856398,25.958278],[32.856418,25.958373]]]}},{"type":"Feature","properties":{"source_layer":"Building","source_feature_count":1,"BuildingType":2,"land_use":"سكنى","اسم_المحور":null,"اسم_المحافظة":null,"متوسط_عدد_الادوار_بالعقار":null,"متوسط_عدد_الشقق_بالدور":null,"متوسط_مساحة_الشقق_بالمنطقة":null,"نوع_نمط_العمران":null,"نوع_طبيعة_المنطقة":null,"سعر_العمارة":null,"نوع_الأرض":null,"المساحة_كم2":null,"GlobalID":"{8C3EE5AE-2683-44D7-A9BE-9FE41C7FD6A8}","created_user":"gpr.gps","created_date":"2026-04-11T07:55:37Z","last_edited_user":"gpr.gps","last_edited_date":"2026-04-11T07:55:37Z","مساحة_كم2":null,"SHAPE_Length":48.480505504976506,"SHAPE_Area":139.78202213790337},"geometry":{"type":"Polygon","coordinates":[[[32.856452,25.958161],[32.856617,25.958223],[32.856601,25.958137],[32.856452,25.958161]]]}},{"type":"Feature","properties":{"source_layer":"Building","source_feature_count":1,"BuildingType":2,"land_use":"سكنى","اسم_المحور":null,"اسم_المحافظة":null,"متوسط_عدد_الادوار_بالعقار":null,"متوسط_عدد_الشقق_بالدور":null,"متوسط_مساحة_الشقق_بالمنطقة":null,"نوع_نمط_العمران":null,"نوع_طبيعة_المنطقة":null,"سعر_العمارة":null,"نوع_الأرض":null,"المساحة_كم2":null,"GlobalID":"{43866247-507E-4316-B0CE-130CDECC9EEB}","created_user":"gpr.gps","created_date":"2026-04-11T07:55:37Z","last_edited_user":"gpr.gps","last_edited_date":"2026-04-11T07:55:37Z","مساحة_كم2":null,"SHAPE_Length":48.64601125896844,"SHAPE_Area":147.86690808274585},"geometry":{"type":"Polygon","coordinates":[[[32.856383,25.958564],[32.8565,25.95855],[32.856485,25.958439],[32.856364,25.958456],[32.856383,25.958564]]]}},{"type":"Feature","properties":{"source_layer":"Building","source_feature_count":1,"BuildingType":2,"land_use":"سكنى","اسم_المحور":null,"اسم_المحافظة":null,"متوسط_عدد_الادوار_بالعقار":null,"متوسط_عدد_الشقق_بالدور":null,"متوسط_مساحة_الشقق_بالمنطقة":null,"نوع_نمط_العمران":null,"نوع_طبيعة_المنطقة":null,"سعر_العمارة":null,"نوع_الأرض":null,"المساحة_كم2":null,"GlobalID":"{41882998-7D03-4637-888E-5ECB19775208}","created_user":"gpr.gps","created_date":"2026-04-11T07:55:37Z","last_edited_user":"gpr.gps","last_edited_date":"2026-04-11T07:55:37Z","مساحة_كم2":null,"SHAPE_Length":44.938854459539414,"SHAPE_Area":117.52944628564582},"geometry":{"type":"Polygon","coordinates":[[[32.856822,25.958877],[32.856932,25.958988],[32.856903,25.958864],[32.856822,25.958877]]]}},{"type":"Feature","properties":{"source_layer":"Building","source_feature_count":1,"BuildingType":2,"land_use":"سكنى","اسم_المحور":null,"اسم_المحافظة":null,"متوسط_عدد_الادوار_بالعقار":null,"متوسط_عدد_الشقق_بالدور":null,"متوسط_مساحة_الشقق_بالمنطقة":null,"نوع_نمط_العمران":null,"نوع_طبيعة_المنطقة":null,"سعر_العمارة":null,"نوع_الأرض":null,"المساحة_كم2":null,"GlobalID":"{D25B0D10-1EB6-4FE3-BC00-3F0322DAC7D2}","created_user":"gpr.gps","created_date":"2026-04-11T07:55:37Z","last_edited_user":"gpr.gps","last_edited_date":"2026-04-11T07:55:37Z","مساحة_كم2":null,"SHAPE_Length":62.627523729172516,"SHAPE_Area":213.50821694201574},"geometry":{"type":"Polygon","coordinates":[[[32.856461,25.958703],[32.856657,25.958673],[32.856645,25.958568],[32.856469,25.958606],[32.856461,25.958703]]]}},{"type":"Feature","properties":{"source_layer":"Building","source_feature_count":1,"BuildingType":2,"land_use":"سكنى","اسم_المحور":null,"اسم_المحافظة":null,"متوسط_عدد_الادوار_بالعقار":null,"متوسط_عدد_الشقق_بالدور":null,"متوسط_مساحة_الشقق_بالمنطقة":null,"نوع_نمط_العمران":null,"نوع_طبيعة_المنطقة":null,"سعر_العمارة":null,"نوع_الأرض":null,"المساحة_كم2":null,"GlobalID":"{18D9864A-07E5-45AF-AED3-A1796AAB6647}","created_user":"gpr.gps","created_date":"2026-04-11T07:55:37Z","last_edited_user":"gpr.gps","last_edited_date":"2026-04-11T07:55:37Z","مساحة_كم2":null,"SHAPE_Length":85.004807554635,"SHAPE_Area":447.2954059438108},"geometry":{"type":"Polygon","coordinates":[[[32.85727,25.953715],[32.857224,25.953509],[32.857036,25.953543],[32.857083,25.95375],[32.85727,25.953715]]]}},{"type":"Feature","properties":{"source_layer":"Building","source_feature_count":1,"BuildingType":2,"land_use":"سكنى","اسم_المحور":null,"اسم_المحافظة":null,"متوسط_عدد_الادوار_بالعقار":null,"متوسط_عدد_الشقق_بالدور":null,"متوسط_مساحة_الشقق_بالمنطقة":null,"نوع_نمط_العمران":null,"نوع_طبيعة_المنطقة":null,"سعر_العمارة":null,"نوع_الأرض":null,"المساحة_كم2":null,"GlobalID":"{27F64096-D647-45A6-BD48-48C074EB5A41}","created_user":"gpr.gps","created_date":"2026-04-11T07:55:37Z","last_edited_user":"gpr.gps","last_edited_date":"2026-04-11T07:55:37Z","مساحة_كم2":null,"SHAPE_Length":58.515660547796905,"SHAPE_Area":204.0984631838932},"geometry":{"type":"Polygon","coordinates":[[[32.857488,25.953901],[32.85766,25.95386],[32.857631,25.95376],[32.857459,25.953801],[32.857488,25.953901]]]}},{"type":"Feature","properties":{"source_layer":"Building","source_feature_count":1,"BuildingType":2,"land_use":"سكنى","اسم_المحور":null,"اسم_المحافظة":null,"متوسط_عدد_الادوار_بالعقار":null,"متوسط_عدد_الشقق_بالدور":null,"متوسط_مساحة_الشقق_بالمنطقة":null,"نوع_نمط_العمران":null,"نوع_طبيعة_المنطقة":null,"سعر_العمارة":null,"نوع_الأرض":null,"المساحة_كم2":null,"GlobalID":"{2B75F8A8-8F10-4BF3-8580-796AA7A7E4F4}","created_user":"gpr.gps","created_date":"2026-04-11T07:55:37Z","last_edited_user":"gpr.gps","last_edited_date":"2026-04-11T07:55:37Z","مساحة_كم2":null,"SHAPE_Length":53.494429871837326,"SHAPE_Area":178.83660354654546},"geometry":{"type":"Polygon","coordinates":[[[32.857697,25.954041],[32.857665,25.953923],[32.857536,25.953953],[32.85757,25.954071],[32.857697,25.954041]]]}},{"type":"Feature","properties":{"source_layer":"Building","source_feature_count":1,"BuildingType":2,"land_use":"سكنى","اسم_المحور":null,"اسم_المحافظة":null,"متوسط_عدد_الادوار_بالعقار":null,"متوسط_عدد_الشقق_بالدور":null,"متوسط_مساحة_الشقق_بالمنطقة":null,"نوع_نمط_العمران":null,"نوع_طبيعة_المنطقة":null,"سعر_العمارة":null,"نوع_الأرض":null,"المساحة_كم2":null,"GlobalID":"{7F764145-D899-4EE3-BE61-BDA0855C875F}","created_user":"gpr.gps","created_date":"2026-04-11T07:55:37Z","last_edited_user":"gpr.gps","last_edited_date":"2026-04-11T07:55:37Z","مساحة_كم2":null,"SHAPE_Length":48.7723967439789,"SHAPE_Area":147.03509167897326},"geometry":{"type":"Polygon","coordinates":[[[32.857665,25.953923],[32.857697,25.954041],[32.857804,25.954016],[32.85777,25.953898],[32.857665,25.953923]]]}},{"type":"Feature","properties":{"source_layer":"Building","source_feature_count":1,"BuildingType":2,"land_use":"سكنى","اسم_المحور":null,"اسم_المحافظة":null,"متوسط_عدد_الادوار_بالعقار":null,"متوسط_عدد_الشقق_بالدور":null,"متوسط_مساحة_الشقق_بالمنطقة":null,"نوع_نمط_العمران":null,"نوع_طبيعة_المنطقة":null,"سعر_العمارة":null,"نوع_الأرض":null,"المساحة_كم2":null,"GlobalID":"{C2DF6501-0897-49B1-994E-DA0EACD1146B}","created_user":"gpr.gps","created_date":"2026-04-11T07:55:37Z","last_edited_user":"gpr.gps","last_edited_date":"2026-04-11T07:55:37Z","مساحة_كم2":null,"SHAPE_Length":50.47286089859337,"SHAPE_Area":158.84859928565265},"geometry":{"type":"Polygon","coordinates":[[[32.78596,25.884394],[32.786106,25.884305],[32.785987,25.884279],[32.78596,25.884394]]]}},{"type":"Feature","properties":{"source_layer":"Building","source_feature_count":1,"BuildingType":2,"land_use":"سكنى","اسم_المحور":null,"اسم_المحافظة":null,"متوسط_عدد_الادوار_بالعقار":null,"متوسط_عدد_الشقق_بالدور":null,"متوسط_مساحة_الشقق_بالمنطقة":null,"نوع_نمط_العمران":null,"نوع_طبيعة_المنطقة":null,"سعر_العمارة":null,"نوع_الأرض":null,"المساحة_كم2":null,"GlobalID":"{D9B52700-23D9-4EE3-A4F9-E1351BFCC48F}","created_user":"gpr.gps","created_date":"2026-04-11T07:55:37Z","last_edited_user":"gpr.gps","last_edited_date":"2026-04-11T07:55:37Z","مساحة_كم2":null,"SHAPE_Length":56.580694212069645,"SHAPE_Area":168.54417027168054},"geometry":{"type":"Polygon","coordinates":[[[32.786127,25.884572],[32.786086,25.88438],[32.786042,25.884552],[32.786127,25.884572]]]}},{"type":"Feature","properties":{"source_layer":"Building","source_feature_count":1,"BuildingType":2,"land_use":"سكنى","اسم_المحور":null,"اسم_المحافظة":null,"متوسط_عدد_الادوار_بالعقار":null,"متوسط_عدد_الشقق_بالدور":null,"متوسط_مساحة_الشقق_بالمنطقة":null,"نوع_نمط_العمران":null,"نوع_طبيعة_المنطقة":null,"سعر_العمارة":null,"نوع_الأرض":null,"المساحة_كم2":null,"GlobalID":"{3967E0EC-2355-44DE-A170-B7C70FE7580E}","created_user":"gpr.gps","created_date":"2026-04-11T07:55:37Z","last_edited_user":"gpr.gps","last_edited_date":"2026-04-11T07:55:37Z","مساحة_كم2":null,"SHAPE_Length":36.86062006916996,"SHAPE_Area":80.62330150807504},"geometry":{"type":"Polygon","coordinates":[[[32.785995,25.884732],[32.7859,25.884656],[32.785885,25.884719],[32.785995,25.884732]]]}},{"type":"Feature","properties":{"source_layer":"Building","source_feature_count":1,"BuildingType":2,"land_use":"سكنى","اسم_المحور":null,"اسم_المحافظة":null,"متوسط_عدد_الادوار_بالعقار":null,"متوسط_عدد_الشقق_بالدور":null,"متوسط_مساحة_الشقق_بالمنطقة":null,"نوع_نمط_العمران":null,"نوع_طبيعة_المنطقة":null,"سعر_العمارة":null,"نوع_الأرض":null,"المساحة_كم2":null,"GlobalID":"{C092377B-0200-4958-A365-3468F32CF4E4}","created_user":"gpr.gps","created_date":"2026-04-11T07:55:37Z","last_edited_user":"gpr.gps","last_edited_date":"2026-04-11T07:55:37Z","مساحة_كم2":null,"SHAPE_Length":39.9096210573278,"SHAPE_Area":98.3122647029252},"geometry":{"type":"Polygon","coordinates":[[[32.785868,25.884795],[32.785995,25.884732],[32.785885,25.884719],[32.785868,25.884795]]]}},{"type":"Feature","properties":{"source_layer":"Building","source_feature_count":1,"BuildingType":2,"land_use":"سكنى","اسم_المحور":null,"اسم_المحافظة":null,"متوسط_عدد_الادوار_بالعقار":null,"متوسط_عدد_الشقق_بالدور":null,"متوسط_مساحة_الشقق_بالمنطقة":null,"نوع_نمط_العمران":null,"نوع_طبيعة_المنطقة":null,"سعر_العمارة":null,"نوع_الأرض":null,"المساحة_كم2":null,"GlobalID":"{68DFC54F-ABDA-48A1-AF2C-93C82DB3CC56}","created_user":"gpr.gps","created_date":"2026-04-11T07:55:37Z","last_edited_user":"gpr.gps","last_edited_date":"2026-04-11T07:55:37Z","مساحة_كم2":null,"SHAPE_Length":42.24482636723298,"SHAPE_Area":110.00521816113273},"geometry":{"type":"Polygon","coordinates":[[[32.785974,25.884814],[32.786091,25.884726],[32.786001,25.884711],[32.785974,25.884814]]]}},{"type":"Feature","properties":{"source_layer":"Building","source_feature_count":1,"BuildingType":2,"land_use":"سكنى","اسم_المحور":null,"اسم_المحافظة":null,"متوسط_عدد_الادوار_بالعقار":null,"متوسط_عدد_الشقق_بالدور":null,"متوسط_مساحة_الشقق_بالمنطقة":null,"نوع_نمط_العمران":null,"نوع_طبيعة_المنطقة":null,"سعر_العمارة":null,"نوع_الأرض":null,"المساحة_كم2":null,"GlobalID":"{0D7575CD-9382-4BB9-A7C6-300BAA1767FF}","created_user":"gpr.gps","created_date":"2026-04-11T07:55:37Z","last_edited_user":"gpr.gps","last_edited_date":"2026-04-11T07:55:37Z","مساحة_كم2":null,"SHAPE_Length":36.46639295757738,"SHAPE_Area":77.02499390055803},"geometry":{"type":"Polygon","coordinates":[[[32.786029,25.884604],[32.78593,25.884526],[32.785915,25.884593],[32.786029,25.884604]]]}},{"type":"Feature","properties":{"source_layer":"Building","source_feature_count":1,"BuildingType":2,"land_use":"سكنى","اسم_المحور":null,"اسم_المحافظة":null,"متوسط_عدد_الادوار_بالعقار":null,"متوسط_عدد_الشقق_بالدور":null,"متوسط_مساحة_الشقق_بالمنطقة":null,"نوع_نمط_العمران":null,"نوع_طبيعة_المنطقة":null,"سعر_العمارة":null,"نوع_الأرض":null,"المساحة_كم2":null,"GlobalID":"{490D8C81-AC47-46CD-9D86-13CA9201027C}","created_user":"gpr.gps","created_date":"2026-04-11T07:55:37Z","last_edited_user":"gpr.gps","last_edited_date":"2026-04-11T07:55:37Z","مساحة_كم2":null,"SHAPE_Length":37.22925275007586,"SHAPE_Area":81.86463868733206},"geometry":{"type":"Polygon","coordinates":[[[32.786012,25.884668],[32.785915,25.884593],[32.7859,25.884656],[32.786012,25.884668]]]}},{"type":"Feature","properties":{"source_layer":"Building","source_feature_count":1,"BuildingType":2,"land_use":"سكنى","اسم_المحور":null,"اسم_المحافظة":null,"متوسط_عدد_الادوار_بالعقار":null,"متوسط_عدد_الشقق_بالدور":null,"متوسط_مساحة_الشقق_بالمنطقة":null,"نوع_نمط_العمران":null,"نوع_طبيعة_المنطقة":null,"سعر_العمارة":null,"نوع_الأرض":null,"المساحة_كم2":null,"GlobalID":"{30768D0B-7088-46B5-AB9F-3291D83DE2A6}","created_user":"gpr.gps","created_date":"2026-04-11T07:55:37Z","last_edited_user":"gpr.gps","last_edited_date":"2026-04-11T07:55:37Z","مساحة_كم2":null,"SHAPE_Length":38.13928870886531,"SHAPE_Area":86.2642409399331},"geometry":{"type":"Polygon","coordinates":[[[32.786042,25.884552],[32.785945,25.88446],[32.78593,25.884526],[32.786042,25.884552]]]}},{"type":"Feature","properties":{"source_layer":"Building","source_feature_count":1,"BuildingType":2,"land_use":"سكنى","اسم_المحور":null,"اسم_المحافظة":null,"متوسط_عدد_الادوار_بالعقار":null,"متوسط_عدد_الشقق_بالدور":null,"متوسط_مساحة_الشقق_بالمنطقة":null,"نوع_نمط_العمران":null,"نوع_طبيعة_المنطقة":null,"سعر_العمارة":null,"نوع_الأرض":null,"المساحة_كم2":null,"GlobalID":"{BB66747B-86B8-482B-85CC-3E27BDC30FB7}","created_user":"gpr.gps","created_date":"2026-04-11T07:55:37Z","last_edited_user":"gpr.gps","last_edited_date":"2026-04-11T07:55:37Z","مساحة_كم2":null,"SHAPE_Length":38.72887259053804,"SHAPE_Area":88.92256036939418},"geometry":{"type":"Polygon","coordinates":[[[32.786059,25.884488],[32.78596,25.884394],[32.785945,25.88446],[32.786059,25.884488]]]}},{"type":"Feature","properties":{"source_layer":"Building","source_feature_count":1,"BuildingType":2,"land_use":"سكنى","اسم_المحور":null,"اسم_المحافظة":null,"متوسط_عدد_الادوار_بالعقار":null,"متوسط_عدد_الشقق_بالدور":null,"متوسط_مساحة_الشقق_بالمنطقة":null,"نوع_نمط_العمران":null,"نوع_طبيعة_المنطقة":null,"سعر_العمارة":null,"نوع_الأرض":null,"المساحة_كم2":null,"GlobalID":"{2F3A18CC-8534-4474-B50E-2BC3DC2B5174}","created_user":"gpr.gps","created_date":"2026-04-11T07:55:37Z","last_edited_user":"gpr.gps","last_edited_date":"2026-04-11T07:55:37Z","مساحة_كم2":null,"SHAPE_Length":44.661723367892236,"SHAPE_Area":123.16777357059492},"geometry":{"type":"Polygon","coordinates":[[[32.786106,25.884305],[32.786007,25.884193],[32.785987,25.884279],[32.786106,25.884305]]]}},{"type":"Feature","properties":{"source_layer":"Building","source_feature_count":1,"BuildingType":2,"land_use":"سكنى","اسم_المحور":null,"اسم_المحافظة":null,"متوسط_عدد_الادوار_بالعقار":null,"متوسط_عدد_الشقق_بالدور":null,"متوسط_مساحة_الشقق_بالمنطقة":null,"نوع_نمط_العمران":null,"نوع_طبيعة_المنطقة":null,"سعر_العمارة":null,"نوع_الأرض":null,"المساحة_كم2":null,"GlobalID":"{DF04A55C-0D81-4DE7-B5A7-65CE55A5B3F6}","created_user":"gpr.gps","created_date":"2026-04-11T07:55:37Z","last_edited_user":"gpr.gps","last_edited_date":"2026-04-11T07:55:37Z","مساحة_كم2":null,"SHAPE_Length":35.4929521293481,"SHAPE_Area":78.58435205462449},"geometry":{"type":"Polygon","coordinates":[[[32.786091,25.884726],[32.786021,25.884632],[32.786001,25.884711],[32.786091,25.884726]]]}},{"type":"Feature","properties":{"source_layer":"Building","source_feature_count":1,"BuildingType":2,"land_use":"سكنى","اسم_المحور":null,"اسم_المحافظة":null,"متوسط_عدد_الادوار_بالعقار":null,"متوسط_عدد_الشقق_بالدور":null,"متوسط_مساحة_الشقق_بالمنطقة":null,"نوع_نمط_العمران":null,"نوع_طبيعة_المنطقة":null,"سعر_العمارة":null,"نوع_الأرض":null,"المساحة_كم2":null,"GlobalID":"{A3819BA9-C51E-47B4-A3AC-C26E2107A186}","created_user":"gpr.gps","created_date":"2026-04-11T07:55:37Z","last_edited_user":"gpr.gps","last_edited_date":"2026-04-11T07:55:37Z","مساحة_كم2":null,"SHAPE_Length":36.10952941728938,"SHAPE_Area":81.3855133841697},"geometry":{"type":"Polygon","coordinates":[[[32.786108,25.884654],[32.786042,25.884552],[32.786021,25.884632],[32.786108,25.884654]]]}},{"type":"Feature","properties":{"source_layer":"Building","source_feature_count":1,"BuildingType":2,"land_use":"سكنى","اسم_المحور":null,"اسم_المحافظة":null,"متوسط_عدد_الادوار_بالعقار":null,"متوسط_عدد_الشقق_بالدور":null,"متوسط_مساحة_الشقق_بالمنطقة":null,"نوع_نمط_العمران":null,"نوع_طبيعة_المنطقة":null,"سعر_العمارة":null,"نوع_الأرض":null,"المساحة_كم2":null,"GlobalID":"{69BEF8DE-77F3-4DF4-9A18-62B141A5A960}","created_user":"gpr.gps","created_date":"2026-04-11T07:55:37Z","last_edited_user":"gpr.gps","last_edited_date":"2026-04-11T07:55:37Z","مساحة_كم2":null,"SHAPE_Length":45.78720535932847,"SHAPE_Area":113.75054700052547},"geometry":{"type":"Polygon","coordinates":[[[32.786366,25.883741],[32.786451,25.883865],[32.786477,25.883765],[32.786366,25.883741]]]}},{"type":"Feature","properties":{"source_layer":"Building","source_feature_count":1,"BuildingType":2,"land_use":"سكنى","اسم_المحور":null,"اسم_المحافظة":null,"متوسط_عدد_الادوار_بالعقار":null,"متوسط_عدد_الشقق_بالدور":null,"متوسط_مساحة_الشقق_بالمنطقة":null,"نوع_نمط_العمران":null,"نوع_طبيعة_المنطقة":null,"سعر_العمارة":null,"نوع_الأرض":null,"المساحة_كم2":null,"GlobalID":"{8738FFC2-D363-40F0-8EE0-1A55C60312A1}","created_user":"gpr.gps","created_date":"2026-04-11T07:55:37Z","last_edited_user":"gpr.gps","last_edited_date":"2026-04-11T07:55:37Z","مساحة_كم2":null,"SHAPE_Length":42.928974643860705,"SHAPE_Area":114.43659217916152},"geometry":{"type":"Polygon","coordinates":[[[32.786402,25.88405],[32.786289,25.884034],[32.786267,25.884117],[32.786378,25.884141],[32.786402,25.88405]]]}},{"type":"Feature","properties":{"source_layer":"Building","source_feature_count":1,"BuildingType":2,"land_use":"سكنى","اسم_المحور":null,"اسم_المحافظة":null,"متوسط_عدد_الادوار_بالعقار":null,"متوسط_عدد_الشقق_بالدور":null,"متوسط_مساحة_الشقق_بالمنطقة":null,"نوع_نمط_العمران":null,"نوع_طبيعة_المنطقة":null,"سعر_العمارة":null,"نوع_الأرض":null,"المساحة_كم2":null,"GlobalID":"{5A3A8122-3217-4A12-9323-89392D91E417}","created_user":"gpr.gps","created_date":"2026-04-11T07:55:37Z","last_edited_user":"gpr.gps","last_edited_date":"2026-04-11T07:55:37Z","مساحة_كم2":null,"SHAPE_Length":50.43784827896972,"SHAPE_Area":157.45659247569043},"geometry":{"type":"Polygon","coordinates":[[[32.786432,25.883935],[32.786322,25.883908],[32.786289,25.884034],[32.786402,25.88405],[32.786432,25.883935]]]}},{"type":"Feature","properties":{"source_layer":"Building","source_feature_count":1,"BuildingType":2,"land_use":"سكنى","اسم_المحور":null,"اسم_المحافظة":null,"متوسط_عدد_الادوار_بالعقار":null,"متوسط_عدد_الشقق_بالدور":null,"متوسط_مساحة_الشقق_بالمنطقة":null,"نوع_نمط_العمران":null,"نوع_طبيعة_المنطقة":null,"سعر_العمارة":null,"نوع_الأرض":null,"المساحة_كم2":null,"GlobalID":"{9B7C2750-11B5-4883-8717-ED564FDBEC56}","created_user":"gpr.gps","created_date":"2026-04-11T07:55:37Z","last_edited_user":"gpr.gps","last_edited_date":"2026-04-11T07:55:37Z","مساحة_كم2":null,"SHAPE_Length":45.77354920024,"SHAPE_Area":105.61228247237347},"geometry":{"type":"Polygon","coordinates":[[[32.786432,25.883935],[32.786348,25.883809],[32.786322,25.883908],[32.786432,25.883935]]]}},{"type":"Feature","properties":{"source_layer":"Building","source_feature_count":1,"BuildingType":2,"land_use":"سكنى","اسم_المحور":null,"اسم_المحافظة":null,"متوسط_عدد_الادوار_بالعقار":null,"متوسط_عدد_الشقق_بالدور":null,"متوسط_مساحة_الشقق_بالمنطقة":null,"نوع_نمط_العمران":null,"نوع_طبيعة_المنطقة":null,"سعر_العمارة":null,"نوع_الأرض":null,"المساحة_كم2":null,"GlobalID":"{756F0A0B-0F66-443F-B830-E318729B77DC}","created_user":"gpr.gps","created_date":"2026-04-11T07:55:37Z","last_edited_user":"gpr.gps","last_edited_date":"2026-04-11T07:55:37Z","مساحة_كم2":null,"SHAPE_Length":51.971396653754525,"SHAPE_Area":165.5142620933879},"geometry":{"type":"Polygon","coordinates":[[[32.786165,25.884545],[32.78631,25.884435],[32.7862,25.884415],[32.786165,25.884545]]]}},{"type":"Feature","properties":{"source_layer":"Building","source_feature_count":1,"BuildingType":2,"land_use":"سكنى","اسم_المحور":null,"اسم_المحافظة":null,"متوسط_عدد_الادوار_بالعقار":null,"متوسط_عدد_الشقق_بالدور":null,"متوسط_مساحة_الشقق_بالمنطقة":null,"نوع_نمط_العمران":null,"نوع_طبيعة_المنطقة":null,"سعر_العمارة":null,"نوع_الأرض":null,"المساحة_كم2":null,"GlobalID":"{A2CE446D-F7F4-4CFA-9AB4-B9E2DE516D97}","created_user":"gpr.gps","created_date":"2026-04-11T07:55:37Z","last_edited_user":"gpr.gps","last_edited_date":"2026-04-11T07:55:37Z","مساحة_كم2":null,"SHAPE_Length":44.684447847977324,"SHAPE_Area":114.10981690823142},"geometry":{"type":"Polygon","coordinates":[[[32.786489,25.884331],[32.786455,25.884184],[32.786411,25.884309],[32.786489,25.884331]]]}},{"type":"Feature","properties":{"source_layer":"Building","source_feature_count":1,"BuildingType":2,"land_use":"سكنى","اسم_المحور":null,"اسم_المحافظة":null,"متوسط_عدد_الادوار_بالعقار":null,"متوسط_عدد_الشقق_بالدور":null,"متوسط_مساحة_الشقق_بالمنطقة":null,"نوع_نمط_العمران":null,"نوع_طبيعة_المنطقة":null,"سعر_العمارة":null,"نوع_الأرض":null,"المساحة_كم2":null,"GlobalID":"{C8C66CE5-FCC2-4072-B540-F42D66F80E8D}","created_user":"gpr.gps","created_date":"2026-04-11T07:55:37Z","last_edited_user":"gpr.gps","last_edited_date":"2026-04-11T07:55:37Z","مساحة_كم2":null,"SHAPE_Length":51.58622297846517,"SHAPE_Area":164.50914143981632},"geometry":{"type":"Polygon","coordinates":[[[32.786685,25.884229],[32.786521,25.884291],[32.786654,25.884329],[32.786685,25.884229]]]}},{"type":"Feature","properties":{"source_layer":"Building","source_feature_count":1,"BuildingType":2,"land_use":"سكنى","اسم_المحور":null,"اسم_المحافظة":null,"متوسط_عدد_الادوار_بالعقار":null,"متوسط_عدد_الشقق_بالدور":null,"متوسط_مساحة_الشقق_بالمنطقة":null,"نوع_نمط_العمران":null,"نوع_طبيعة_المنطقة":null,"سعر_العمارة":null,"نوع_الأرض":null,"المساحة_كم2":null,"GlobalID":"{2D563FD5-1DF9-4176-87A4-EAA787225F5E}","created_user":"gpr.gps","created_date":"2026-04-11T07:55:37Z","last_edited_user":"gpr.gps","last_edited_date":"2026-04-11T07:55:37Z","مساحة_كم2":null,"SHAPE_Length":43.16548608571013,"SHAPE_Area":103.12929673782106},"geometry":{"type":"Polygon","coordinates":[[[32.786233,25.884719],[32.786388,25.884694],[32.78625,25.884657],[32.786233,25.884719]]]}},{"type":"Feature","properties":{"source_layer":"Building","source_feature_count":1,"BuildingType":2,"land_use":"سكنى","اسم_المحور":null,"اسم_المحافظة":null,"متوسط_عدد_الادوار_بالعقار":null,"متوسط_عدد_الشقق_بالدور":null,"متوسط_مساحة_الشقق_بالمنطقة":null,"نوع_نمط_العمران":null,"نوع_طبيعة_المنطقة":null,"سعر_العمارة":null,"نوع_الأرض":null,"المساحة_كم2":null,"GlobalID":"{49BB4BAE-C4EB-47DE-A344-A5699BC47B9D}","created_user":"gpr.gps","created_date":"2026-04-11T07:55:37Z","last_edited_user":"gpr.gps","last_edited_date":"2026-04-11T07:55:37Z","مساحة_كم2":null,"SHAPE_Length":37.04337052246017,"SHAPE_Area":83.22521093660202},"geometry":{"type":"Polygon","coordinates":[[[32.78609,25.884815],[32.786215,25.884773],[32.786109,25.884748],[32.78609,25.884815]]]}},{"type":"Feature","properties":{"source_layer":"Building","source_feature_count":1,"BuildingType":2,"land_use":"سكنى","اسم_المحور":null,"اسم_المحافظة":null,"متوسط_عدد_الادوار_بالعقار":null,"متوسط_عدد_الشقق_بالدور":null,"متوسط_مساحة_الشقق_بالمنطقة":null,"نوع_نمط_العمران":null,"نوع_طبيعة_المنطقة":null,"سعر_العمارة":null,"نوع_الأرض":null,"المساحة_كم2":null,"GlobalID":"{E40D6B0C-AF26-487A-9ABC-692FAE479504}","created_user":"gpr.gps","created_date":"2026-04-11T07:55:37Z","last_edited_user":"gpr.gps","last_edited_date":"2026-04-11T07:55:37Z","مساحة_كم2":null,"SHAPE_Length":37.58922029619124,"SHAPE_Area":85.37435749750969},"geometry":{"type":"Polygon","coordinates":[[[32.786215,25.884773],[32.786127,25.884682],[32.786109,25.884748],[32.786215,25.884773]]]}},{"type":"Feature","properties":{"source_layer":"Building","source_feature_count":1,"BuildingType":2,"land_use":"سكنى","اسم_المحور":null,"اسم_المحافظة":null,"متوسط_عدد_الادوار_بالعقار":null,"متوسط_عدد_الشقق_بالدور":null,"متوسط_مساحة_الشقق_بالمنطقة":null,"نوع_نمط_العمران":null,"نوع_طبيعة_المنطقة":null,"سعر_العمارة":null,"نوع_الأرض":null,"المساحة_كم2":null,"GlobalID":"{03332E11-9E85-4A50-A53D-BB03FE9619E5}","created_user":"gpr.gps","created_date":"2026-04-11T07:55:37Z","last_edited_user":"gpr.gps","last_edited_date":"2026-04-11T07:55:37Z","مساحة_كم2":null,"SHAPE_Length":38.477236514064735,"SHAPE_Area":89.74600226861425},"geometry":{"type":"Polygon","coordinates":[[[32.786146,25.884613],[32.786275,25.884564],[32.786165,25.884545],[32.786146,25.884613]]]}},{"type":"Feature","properties":{"source_layer":"Building","source_feature_count":1,"BuildingType":2,"land_use":"سكنى","اسم_المحور":null,"اسم_المحافظة":null,"متوسط_عدد_الادوار_بالعقار":null,"متوسط_عدد_الشقق_بالدور":null,"متوسط_مساحة_الشقق_بالمنطقة":null,"نوع_نمط_العمران":null,"نوع_طبيعة_المنطقة":null,"سعر_العمارة":null,"نوع_الأرض":null,"المساحة_كم2":null,"GlobalID":"{00C428E2-410F-4A8B-AA63-1368927FB39E}","created_user":"gpr.gps","created_date":"2026-04-11T07:55:37Z","last_edited_user":"gpr.gps","last_edited_date":"2026-04-11T07:55:37Z","مساحة_كم2":null,"SHAPE_Length":38.508692440294276,"SHAPE_Area":89.8966054863003},"geometry":{"type":"Polygon","coordinates":[[[32.786236,25.884706],[32.786146,25.884613],[32.786127,25.884682],[32.786236,25.884706]]]}},{"type":"Feature","properties":{"source_layer":"Building","source_feature_count":1,"BuildingType":2,"land_use":"سكنى","اسم_المحور":null,"اسم_المحافظة":null,"متوسط_عدد_الادوار_بالعقار":null,"متوسط_عدد_الشقق_بالدور":null,"متوسط_مساحة_الشقق_بالمنطقة":null,"نوع_نمط_العمران":null,"نوع_طبيعة_المنطقة":null,"سعر_العمارة":null,"نوع_الأرض":null,"المساحة_كم2":null,"GlobalID":"{C37F8035-982A-4081-BFF6-E97F194BFA2D}","created_user":"gpr.gps","created_date":"2026-04-11T07:55:37Z","last_edited_user":"gpr.gps","last_edited_date":"2026-04-11T07:55:37Z","مساحة_كم2":null,"SHAPE_Length":43.62243814728053,"SHAPE_Area":111.05292806564057},"geometry":{"type":"Polygon","coordinates":[[[32.786609,25.884475],[32.786498,25.884372],[32.786479,25.88444],[32.786609,25.884475]]]}},{"type":"Feature","properties":{"source_layer":"Building","source_feature_count":1,"BuildingType":2,"land_use":"سكنى","اسم_المحور":null,"اسم_المحافظة":null,"متوسط_عدد_الادوار_بالعقار":null,"متوسط_عدد_الشقق_بالدور":null,"متوسط_مساحة_الشقق_بالمنطقة":null,"نوع_نمط_العمران":null,"نوع_طبيعة_المنطقة":null,"سعر_العمارة":null,"نوع_الأرض":null,"المساحة_كم2":null,"GlobalID":"{C39C1302-3861-4DE0-9446-A3F610329273}","created_user":"gpr.gps","created_date":"2026-04-11T07:55:37Z","last_edited_user":"gpr.gps","last_edited_date":"2026-04-11T07:55:37Z","مساحة_كم2":null,"SHAPE_Length":43.89564412984957,"SHAPE_Area":113.90850004035678},"geometry":{"type":"Polygon","coordinates":[[[32.786586,25.884548],[32.786479,25.88444],[32.786458,25.884514],[32.786586,25.884548]]]}},{"type":"Feature","properties":{"source_layer":"Building","source_feature_count":1,"BuildingType":2,"land_use":"سكنى","اسم_المحور":null,"اسم_المحافظة":null,"متوسط_عدد_الادوار_بالعقار":null,"متوسط_عدد_الشقق_بالدور":null,"متوسط_مساحة_الشقق_بالمنطقة":null,"نوع_نمط_العمران":null,"نوع_طبيعة_المنطقة":null,"سعر_العمارة":null,"نوع_الأرض":null,"المساحة_كم2":null,"GlobalID":"{AF47DB06-A714-46E1-BF63-FE06BFCC1654}","created_user":"gpr.gps","created_date":"2026-04-11T07:55:37Z","last_edited_user":"gpr.gps","last_edited_date":"2026-04-11T07:55:37Z","مساحة_كم2":null,"SHAPE_Length":45.44616477099762,"SHAPE_Area":122.55326627037424},"geometry":{"type":"Polygon","coordinates":[[[32.786632,25.884402],[32.786521,25.884291],[32.786498,25.884372],[32.786632,25.884402]]]}},{"type":"Feature","properties":{"source_layer":"Building","source_feature_count":1,"BuildingType":2,"land_use":"سكنى","اسم_المحور":null,"اسم_المحافظة":null,"متوسط_عدد_الادوار_بالعقار":null,"متوسط_عدد_الشقق_بالدور":null,"متوسط_مساحة_الشقق_بالمنطقة":null,"نوع_نمط_العمران":null,"نوع_طبيعة_المنطقة":null,"سعر_العمارة":null,"نوع_الأرض":null,"المساحة_كم2":null,"GlobalID":"{2713140A-3AC7-492D-9651-06F06925A751}","created_user":"gpr.gps","created_date":"2026-04-11T07:55:37Z","last_edited_user":"gpr.gps","last_edited_date":"2026-04-11T07:55:37Z","مساحة_كم2":null,"SHAPE_Length":47.11061516077718,"SHAPE_Area":135.82801102261107},"geometry":{"type":"Polygon","coordinates":[[[32.786561,25.884636],[32.786458,25.884514],[32.786432,25.884603],[32.786561,25.884636]]]}},{"type":"Feature","properties":{"source_layer":"Building","source_feature_count":1,"BuildingType":2,"land_use":"سكنى","اسم_المحور":null,"اسم_المحافظة":null,"متوسط_عدد_الادوار_بالعقار":null,"متوسط_عدد_الشقق_بالدور":null,"متوسط_مساحة_الشقق_بالمنطقة":null,"نوع_نمط_العمران":null,"نوع_طبيعة_المنطقة":null,"سعر_العمارة":null,"نوع_الأرض":null,"المساحة_كم2":null,"GlobalID":"{844A1EE7-88A5-4332-AFC0-677F62DEE847}","created_user":"gpr.gps","created_date":"2026-04-11T07:55:37Z","last_edited_user":"gpr.gps","last_edited_date":"2026-04-11T07:55:37Z","مساحة_كم2":null,"SHAPE_Length":41.282635121194055,"SHAPE_Area":89.48263541191251},"geometry":{"type":"Polygon","coordinates":[[[32.786388,25.884694],[32.786264,25.884603],[32.78625,25.884657],[32.786388,25.884694]]]}},{"type":"Feature","properties":{"source_layer":"Building","source_feature_count":1,"BuildingType":2,"land_use":"سكنى","اسم_المحور":null,"اسم_المحافظة":null,"متوسط_عدد_الادوار_بالعقار":null,"متوسط_عدد_الشقق_بالدور":null,"متوسط_مساحة_الشقق_بالمنطقة":null,"نوع_نمط_العمران":null,"نوع_طبيعة_المنطقة":null,"سعر_العمارة":null,"نوع_الأرض":null,"المساحة_كم2":null,"GlobalID":"{B067F850-2303-4365-89AE-5E1CC916A7CE}","created_user":"gpr.gps","created_date":"2026-04-11T07:55:37Z","last_edited_user":"gpr.gps","last_edited_date":"2026-04-11T07:55:37Z","مساحة_كم2":null,"SHAPE_Length":41.7207876142403,"SHAPE_Area":92.50011862052742},"geometry":{"type":"Polygon","coordinates":[[[32.786403,25.884638],[32.78628,25.884546],[32.786264,25.884603],[32.786403,25.884638]]]}},{"type":"Feature","properties":{"source_layer":"Building","source_feature_count":1,"BuildingType":2,"land_use":"سكنى","اسم_المحور":null,"اسم_المحافظة":null,"متوسط_عدد_الادوار_بالعقار":null,"متوسط_عدد_الشقق_بالدور":null,"متوسط_مساحة_الشقق_بالمنطقة":null,"نوع_نمط_العمران":null,"نوع_طبيعة_المنطقة":null,"سعر_العمارة":null,"نوع_الأرض":null,"المساحة_كم2":null,"GlobalID":"{426B4CDE-1116-426A-BEF8-A820AAEA7523}","created_user":"gpr.gps","created_date":"2026-04-11T07:55:37Z","last_edited_user":"gpr.gps","last_edited_date":"2026-04-11T07:55:37Z","مساحة_كم2":null,"SHAPE_Length":41.77538498090945,"SHAPE_Area":92.58657051311563},"geometry":{"type":"Polygon","coordinates":[[[32.78631,25.884435],[32.786436,25.884518],[32.786452,25.88446],[32.78631,25.884435]]]}},{"type":"Feature","properties":{"source_layer":"Building","source_feature_count":1,"BuildingType":2,"land_use":"سكنى","اسم_المحور":null,"اسم_المحافظة":null,"متوسط_عدد_الادوار_بالعقار":null,"متوسط_عدد_الشقق_بالدور":null,"متوسط_مساحة_الشقق_بالمنطقة":null,"نوع_نمط_العمران":null,"نوع_طبيعة_المنطقة":null,"سعر_العمارة":null,"نوع_الأرض":null,"المساحة_كم2":null,"GlobalID":"{196F5C89-A19C-4EDE-B3C3-9C97E037FE7C}","created_user":"gpr.gps","created_date":"2026-04-11T07:55:37Z","last_edited_user":"gpr.gps","last_edited_date":"2026-04-11T07:55:37Z","مساحة_كم2":null,"SHAPE_Length":42.918680068723106,"SHAPE_Area":101.03667272574823},"geometry":{"type":"Polygon","coordinates":[[[32.786418,25.884583],[32.786295,25.884489],[32.78628,25.884546],[32.786418,25.884583]]]}},{"type":"Feature","properties":{"source_layer":"Building","source_feature_count":1,"BuildingType":2,"land_use":"سكنى","اسم_المحور":null,"اسم_المحافظة":null,"متوسط_عدد_الادوار_بالعقار":null,"متوسط_عدد_الشقق_بالدور":null,"متوسط_مساحة_الشقق_بالمنطقة":null,"نوع_نمط_العمران":null,"نوع_طبيعة_المنطقة":null,"سعر_العمارة":null,"نوع_الأرض":null,"المساحة_كم2":null,"GlobalID":"{B094BDFA-69A2-4AEA-A7DE-D052FB0832CA}","created_user":"gpr.gps","created_date":"2026-04-11T07:55:37Z","last_edited_user":"gpr.gps","last_edited_date":"2026-04-11T07:55:37Z","مساحة_كم2":null,"SHAPE_Length":52.96623999757537,"SHAPE_Area":173.72246022088453},"geometry":{"type":"Polygon","coordinates":[[[32.786315,25.884403],[32.786227,25.884248],[32.786197,25.884374],[32.786315,25.884403]]]}},{"type":"Feature","properties":{"source_layer":"Building","source_feature_count":1,"BuildingType":2,"land_use":"سكنى","اسم_المحور":null,"اسم_المحافظة":null,"متوسط_عدد_الادوار_بالعقار":null,"متوسط_عدد_الشقق_بالدور":null,"متوسط_مساحة_الشقق_بالمنطقة":null,"نوع_نمط_العمران":null,"نوع_طبيعة_المنطقة":null,"سعر_العمارة":null,"نوع_الأرض":null,"المساحة_كم2":null,"GlobalID":"{99456FFB-A14F-4560-A5E2-A56821A91A9A}","created_user":"gpr.gps","created_date":"2026-04-11T07:55:37Z","last_edited_user":"gpr.gps","last_edited_date":"2026-04-11T07:55:37Z","مساحة_كم2":null,"SHAPE_Length":42.00739467521732,"SHAPE_Area":106.29514780137782},"geometry":{"type":"Polygon","coordinates":[[[32.786489,25.884331],[32.786372,25.884418],[32.786457,25.884439],[32.786489,25.884331]]]}},{"type":"Feature","properties":{"source_layer":"Building","source_feature_count":1,"BuildingType":2,"land_use":"سكنى","اسم_المحور":null,"اسم_المحافظة":null,"متوسط_عدد_الادوار_بالعقار":null,"متوسط_عدد_الشقق_بالدور":null,"متوسط_مساحة_الشقق_بالمنطقة":null,"نوع_نمط_العمران":null,"نوع_طبيعة_المنطقة":null,"سعر_العمارة":null,"نوع_الأرض":null,"المساحة_كم2":null,"GlobalID":"{5425E988-E2B3-4452-953E-70EF1710DB32}","created_user":"gpr.gps","created_date":"2026-04-11T07:55:37Z","last_edited_user":"gpr.gps","last_edited_date":"2026-04-11T07:55:37Z","مساحة_كم2":null,"SHAPE_Length":44.67178815898249,"SHAPE_Area":113.08345519577897},"geometry":{"type":"Polygon","coordinates":[[[32.786411,25.884309],[32.786382,25.884161],[32.78634,25.88429],[32.786411,25.884309]]]}},{"type":"Feature","properties":{"source_layer":"Building","source_feature_count":1,"BuildingType":2,"land_use":"سكنى","اسم_المحور":null,"اسم_المحافظة":null,"متوسط_عدد_الادوار_بالعقار":null,"متوسط_عدد_الشقق_بالدور":null,"متوسط_مساحة_الشقق_بالمنطقة":null,"نوع_نمط_العمران":null,"نوع_طبيعة_المنطقة":null,"سعر_العمارة":null,"نوع_الأرض":null,"المساحة_كم2":null,"GlobalID":"{70D278A3-2EFB-4FD9-9447-775C35BAFF54}","created_user":"gpr.gps","created_date":"2026-04-11T07:55:37Z","last_edited_user":"gpr.gps","last_edited_date":"2026-04-11T07:55:37Z","مساحة_كم2":null,"SHAPE_Length":38.90617670196269,"SHAPE_Area":85.42959657198786},"geometry":{"type":"Polygon","coordinates":[[[32.786372,25.884418],[32.78634,25.88429],[32.786315,25.884403],[32.786372,25.884418]]]}},{"type":"Feature","properties":{"source_layer":"Building","source_feature_count":1,"BuildingType":2,"land_use":"سكنى","اسم_المحور":null,"اسم_المحافظة":null,"متوسط_عدد_الادوار_بالعقار":null,"متوسط_عدد_الشقق_بالدور":null,"متوسط_مساحة_الشقق_بالمنطقة":null,"نوع_نمط_العمران":null,"نوع_طبيعة_المنطقة":null,"سعر_العمارة":null,"نوع_الأرض":null,"المساحة_كم2":null,"GlobalID":"{84884C67-D87C-435B-AF21-E655DABA3FB1}","created_user":"gpr.gps","created_date":"2026-04-11T07:55:37Z","last_edited_user":"gpr.gps","last_edited_date":"2026-04-11T07:55:37Z","مساحة_كم2":null,"SHAPE_Length":50.54422342534458,"SHAPE_Area":156.87114081716214},"geometry":{"type":"Polygon","coordinates":[[[32.783858,25.88512],[32.784002,25.885126],[32.784007,25.885027],[32.783865,25.885022],[32.783858,25.88512]]]}},{"type":"Feature","properties":{"source_layer":"Building","source_feature_count":1,"BuildingType":2,"land_use":"سكنى","اسم_المحور":null,"اسم_المحافظة":null,"متوسط_عدد_الادوار_بالعقار":null,"متوسط_عدد_الشقق_بالدور":null,"متوسط_مساحة_الشقق_بالمنطقة":null,"نوع_نمط_العمران":null,"نوع_طبيعة_المنطقة":null,"سعر_العمارة":null,"نوع_الأرض":null,"المساحة_كم2":null,"GlobalID":"{60E8C511-D708-413D-BC64-7C2C80489977}","created_user":"gpr.gps","created_date":"2026-04-11T07:55:37Z","last_edited_user":"gpr.gps","last_edited_date":"2026-04-11T07:55:37Z","مساحة_كم2":null,"SHAPE_Length":74.2672553870602,"SHAPE_Area":279.33660031734104},"geometry":{"type":"Polygon","coordinates":[[[32.786564,25.882513],[32.78666,25.882543],[32.786752,25.882321],[32.786653,25.882283],[32.786564,25.882513]]]}},{"type":"Feature","properties":{"source_layer":"Building","source_feature_count":1,"BuildingType":2,"land_use":"سكنى","اسم_المحور":null,"اسم_المحافظة":null,"متوسط_عدد_الادوار_بالعقار":null,"متوسط_عدد_الشقق_بالدور":null,"متوسط_مساحة_الشقق_بالمنطقة":null,"نوع_نمط_العمران":null,"نوع_طبيعة_المنطقة":null,"سعر_العمارة":null,"نوع_الأرض":null,"المساحة_كم2":null,"GlobalID":"{C6F71B65-2A20-4F24-9894-F8361BFB7761}","created_user":"gpr.gps","created_date":"2026-04-11T07:55:37Z","last_edited_user":"gpr.gps","last_edited_date":"2026-04-11T07:55:37Z","مساحة_كم2":null,"SHAPE_Length":50.32868545915163,"SHAPE_Area":157.4108179618744},"geometry":{"type":"Polygon","coordinates":[[[32.78239,25.882903],[32.782455,25.882803],[32.782354,25.88275],[32.782287,25.882854],[32.78239,25.882903]]]}},{"type":"Feature","properties":{"source_layer":"Building","source_feature_count":1,"BuildingType":2,"land_use":"سكنى","اسم_المحور":null,"اسم_المحافظة":null,"متوسط_عدد_الادوار_بالعقار":null,"متوسط_عدد_الشقق_بالدور":null,"متوسط_مساحة_الشقق_بالمنطقة":null,"نوع_نمط_العمران":null,"نوع_طبيعة_المنطقة":null,"سعر_العمارة":null,"نوع_الأرض":null,"المساحة_كم2":null,"GlobalID":"{70D4CB7D-B3CC-45A1-A04B-FA5C0B4767D9}","created_user":"gpr.gps","created_date":"2026-04-11T07:55:37Z","last_edited_user":"gpr.gps","last_edited_date":"2026-04-11T07:55:37Z","مساحة_كم2":null,"SHAPE_Length":52.84820886039726,"SHAPE_Area":171.69180105693408},"geometry":{"type":"Polygon","coordinates":[[[32.782323,25.883007],[32.782221,25.882956],[32.782145,25.883075],[32.782252,25.883117],[32.782323,25.883007]]]}},{"type":"Feature","properties":{"source_layer":"Building","source_feature_count":1,"BuildingType":2,"land_use":"سكنى","اسم_المحور":null,"اسم_المحافظة":null,"متوسط_عدد_الادوار_بالعقار":null,"متوسط_عدد_الشقق_بالدور":null,"متوسط_مساحة_الشقق_بالمنطقة":null,"نوع_نمط_العمران":null,"نوع_طبيعة_المنطقة":null,"سعر_العمارة":null,"نوع_الأرض":null,"المساحة_كم2":null,"GlobalID":"{762F604D-963A-4D3C-9A12-88FD07319B93}","created_user":"gpr.gps","created_date":"2026-04-11T07:55:37Z","last_edited_user":"gpr.gps","last_edited_date":"2026-04-11T07:55:37Z","مساحة_كم2":null,"SHAPE_Length":55.22505001496316,"SHAPE_Area":185.56126565908193},"geometry":{"type":"Polygon","coordinates":[[[32.782252,25.883117],[32.782145,25.883075],[32.782068,25.883194],[32.782168,25.883247],[32.782252,25.883117]]]}},{"type":"Feature","properties":{"source_layer":"Building","source_feature_count":1,"BuildingType":2,"land_use":"سكنى","اسم_المحور":null,"اسم_المحافظة":null,"متوسط_عدد_الادوار_بالعقار":null,"متوسط_عدد_الشقق_بالدور":null,"متوسط_مساحة_الشقق_بالمنطقة":null,"نوع_نمط_العمران":null,"نوع_طبيعة_المنطقة":null,"سعر_العمارة":null,"نوع_الأرض":null,"المساحة_كم2":null,"GlobalID":"{5D867FF1-2F0D-4967-9883-CCFC03DB686E}","created_user":"gpr.gps","created_date":"2026-04-11T07:55:37Z","last_edited_user":"gpr.gps","last_edited_date":"2026-04-11T07:55:37Z","مساحة_كم2":null,"SHAPE_Length":48.82709161681899,"SHAPE_Area":148.64188245614977},"geometry":{"type":"Polygon","coordinates":[[[32.782386,25.88291],[32.782287,25.882854],[32.782221,25.882956],[32.782323,25.883007],[32.782386,25.88291]]]}},{"type":"Feature","properties":{"source_layer":"Building","source_feature_count":1,"BuildingType":2,"land_use":"سكنى","اسم_المحور":null,"اسم_المحافظة":null,"متوسط_عدد_الادوار_بالعقار":null,"متوسط_عدد_الشقق_بالدور":null,"متوسط_مساحة_الشقق_بالمنطقة":null,"نوع_نمط_العمران":null,"نوع_طبيعة_المنطقة":null,"سعر_العمارة":null,"نوع_الأرض":null,"المساحة_كم2":null,"GlobalID":"{BEB65E9B-D715-4DF4-B257-D546FE4261C6}","created_user":"gpr.gps","created_date":"2026-04-11T07:55:37Z","last_edited_user":"gpr.gps","last_edited_date":"2026-04-11T07:55:37Z","مساحة_كم2":null,"SHAPE_Length":37.233358955947764,"SHAPE_Area":83.02003779323991},"geometry":{"type":"Polygon","coordinates":[[[32.782527,25.882954],[32.782459,25.882851],[32.782423,25.882914],[32.782527,25.882954]]]}},{"type":"Feature","properties":{"source_layer":"Building","source_feature_count":1,"BuildingType":2,"land_use":"سكنى","اسم_المحور":null,"اسم_المحافظة":null,"متوسط_عدد_الادوار_بالعقار":null,"متوسط_عدد_الشقق_بالدور":null,"متوسط_مساحة_الشقق_بالمنطقة":null,"نوع_نمط_العمران":null,"نوع_طبيعة_المنطقة":null,"سعر_العمارة":null,"نوع_الأرض":null,"المساحة_كم2":null,"GlobalID":"{66258BD3-B572-438F-83C1-DF98F3EA78EB}","created_user":"gpr.gps","created_date":"2026-04-11T07:55:37Z","last_edited_user":"gpr.gps","last_edited_date":"2026-04-11T07:55:37Z","مساحة_كم2":null,"SHAPE_Length":38.547170331040356,"SHAPE_Area":82.58872618336385},"geometry":{"type":"Polygon","coordinates":[[[32.782503,25.883011],[32.782591,25.883095],[32.782628,25.883039],[32.782503,25.883011]]]}},{"type":"Feature","properties":{"source_layer":"Building","source_feature_count":1,"BuildingType":2,"land_use":"سكنى","اسم_المحور":null,"اسم_المحافظة":null,"متوسط_عدد_الادوار_بالعقار":null,"متوسط_عدد_الشقق_بالدور":null,"متوسط_مساحة_الشقق_بالمنطقة":null,"نوع_نمط_العمران":null,"نوع_طبيعة_المنطقة":null,"سعر_العمارة":null,"نوع_الأرض":null,"المساحة_كم2":null,"GlobalID":"{D7372DE8-4DD3-44B0-A53C-942EA3AE0AC9}","created_user":"gpr.gps","created_date":"2026-04-11T07:55:37Z","last_edited_user":"gpr.gps","last_edited_date":"2026-04-11T07:55:37Z","مساحة_كم2":null,"SHAPE_Length":56.379149450644235,"SHAPE_Area":187.41098605285924},"geometry":{"type":"Polygon","coordinates":[[[32.782609,25.882826],[32.782708,25.882865],[32.782789,25.882725],[32.782688,25.882688],[32.782609,25.882826]]]}},{"type":"Feature","properties":{"source_layer":"Building","source_feature_count":1,"BuildingType":2,"land_use":"سكنى","اسم_المحور":null,"اسم_المحافظة":null,"متوسط_عدد_الادوار_بالعقار":null,"متوسط_عدد_الشقق_بالدور":null,"متوسط_مساحة_الشقق_بالمنطقة":null,"نوع_نمط_العمران":null,"نوع_طبيعة_المنطقة":null,"سعر_العمارة":null,"نوع_الأرض":null,"المساحة_كم2":null,"GlobalID":"{69170142-6663-45C1-804F-564124374BF9}","created_user":"gpr.gps","created_date":"2026-04-11T07:55:37Z","last_edited_user":"gpr.gps","last_edited_date":"2026-04-11T07:55:37Z","مساحة_كم2":null,"SHAPE_Length":44.90231213923671,"SHAPE_Area":125.26761150212798},"geometry":{"type":"Polygon","coordinates":[[[32.78298,25.882455],[32.783129,25.882397],[32.783032,25.882361],[32.78298,25.882455]]]}},{"type":"Feature","properties":{"source_layer":"Building","source_feature_count":1,"BuildingType":2,"land_use":"سكنى","اسم_المحور":null,"اسم_المحافظة":null,"متوسط_عدد_الادوار_بالعقار":null,"متوسط_عدد_الشقق_بالدور":null,"متوسط_مساحة_الشقق_بالمنطقة":null,"نوع_نمط_العمران":null,"نوع_طبيعة_المنطقة":null,"سعر_العمارة":null,"نوع_الأرض":null,"المساحة_كم2":null,"GlobalID":"{41789532-6E6C-405A-A981-CCF53AE7DC17}","created_user":"gpr.gps","created_date":"2026-04-11T07:55:37Z","last_edited_user":"gpr.gps","last_edited_date":"2026-04-11T07:55:37Z","مساحة_كم2":null,"SHAPE_Length":53.19158355021099,"SHAPE_Area":169.04111834355493},"geometry":{"type":"Polygon","coordinates":[[[32.782943,25.88273],[32.782849,25.882688],[32.782777,25.882818],[32.782871,25.88286],[32.782943,25.88273]]]}},{"type":"Feature","properties":{"source_layer":"Building","source_feature_count":1,"BuildingType":2,"land_use":"سكنى","اسم_المحور":null,"اسم_المحافظة":null,"متوسط_عدد_الادوار_بالعقار":null,"متوسط_عدد_الشقق_بالدور":null,"متوسط_مساحة_الشقق_بالمنطقة":null,"نوع_نمط_العمران":null,"نوع_طبيعة_المنطقة":null,"سعر_العمارة":null,"نوع_الأرض":null,"المساحة_كم2":null,"GlobalID":"{3767D646-7965-4E65-A59F-FD2BEE4F8CF6}","created_user":"gpr.gps","created_date":"2026-04-11T07:55:37Z","last_edited_user":"gpr.gps","last_edited_date":"2026-04-11T07:55:37Z","مساحة_كم2":null,"SHAPE_Length":52.120641561740044,"SHAPE_Area":163.40961501724675},"geometry":{"type":"Polygon","coordinates":[[[32.783013,25.882605],[32.782919,25.882563],[32.782849,25.882688],[32.782943,25.88273],[32.783013,25.882605]]]}},{"type":"Feature","properties":{"source_layer":"Building","source_feature_count":1,"BuildingType":2,"land_use":"سكنى","اسم_المحور":null,"اسم_المحافظة":null,"متوسط_عدد_الادوار_بالعقار":null,"متوسط_عدد_الشقق_بالدور":null,"متوسط_مساحة_الشقق_بالمنطقة":null,"نوع_نمط_العمران":null,"نوع_طبيعة_المنطقة":null,"سعر_العمارة":null,"نوع_الأرض":null,"المساحة_كم2":null,"GlobalID":"{3E00F25B-02D8-4700-BD9C-2004F14D1113}","created_user":"gpr.gps","created_date":"2026-04-11T07:55:37Z","last_edited_user":"gpr.gps","last_edited_date":"2026-04-11T07:55:37Z","مساحة_كم2":null,"SHAPE_Length":47.981688719287234,"SHAPE_Area":141.6553933049419},"geometry":{"type":"Polygon","coordinates":[[[32.783074,25.882496],[32.78298,25.882455],[32.782919,25.882563],[32.783013,25.882605],[32.783074,25.882496]]]}},{"type":"Feature","properties":{"source_layer":"Building","source_feature_count":1,"BuildingType":2,"land_use":"سكنى","اسم_المحور":null,"اسم_المحافظة":null,"متوسط_عدد_الادوار_بالعقار":null,"متوسط_عدد_الشقق_بالدور":null,"متوسط_مساحة_الشقق_بالمنطقة":null,"نوع_نمط_العمران":null,"نوع_طبيعة_المنطقة":null,"سعر_العمارة":null,"نوع_الأرض":null,"المساحة_كم2":null,"GlobalID":"{21E69CDC-298A-4C4E-8612-A5D92FDF3F86}","created_user":"gpr.gps","created_date":"2026-04-11T07:55:37Z","last_edited_user":"gpr.gps","last_edited_date":"2026-04-11T07:55:37Z","مساحة_كم2":null,"SHAPE_Length":39.390497408375204,"SHAPE_Area":96.324607392929},"geometry":{"type":"Polygon","coordinates":[[[32.783032,25.882361],[32.783169,25.882327],[32.783075,25.882284],[32.783032,25.882361]]]}},{"type":"Feature","properties":{"source_layer":"Building","source_feature_count":1,"BuildingType":2,"land_use":"سكنى","اسم_المحور":null,"اسم_المحافظة":null,"متوسط_عدد_الادوار_بالعقار":null,"متوسط_عدد_الشقق_بالدور":null,"متوسط_مساحة_الشقق_بالمنطقة":null,"نوع_نمط_العمران":null,"نوع_طبيعة_المنطقة":null,"سعر_العمارة":null,"نوع_الأرض":null,"المساحة_كم2":null,"GlobalID":"{79621356-8A0B-4036-A9C6-2AED7CA61402}","created_user":"gpr.gps","created_date":"2026-04-11T07:55:37Z","last_edited_user":"gpr.gps","last_edited_date":"2026-04-11T07:55:37Z","مساحة_كم2":null,"SHAPE_Length":55.26266094454199,"SHAPE_Area":178.61690304883808},"geometry":{"type":"Polygon","coordinates":[[[32.782996,25.882181],[32.783092,25.882227],[32.783189,25.882107],[32.783105,25.882055],[32.782996,25.882181]]]}},{"type":"Feature","properties":{"source_layer":"Building","source_feature_count":1,"BuildingType":2,"land_use":"سكنى","اسم_المحور":null,"اسم_المحافظة":null,"متوسط_عدد_الادوار_بالعقار":null,"متوسط_عدد_الشقق_بالدور":null,"متوسط_مساحة_الشقق_بالمنطقة":null,"نوع_نمط_العمران":null,"نوع_طبيعة_المنطقة":null,"سعر_العمارة":null,"نوع_الأرض":null,"المساحة_كم2":null,"GlobalID":"{800926C7-86C6-4E7A-A4CE-AFBFFF1FA00E}","created_user":"gpr.gps","created_date":"2026-04-11T07:55:37Z","last_edited_user":"gpr.gps","last_edited_date":"2026-04-11T07:55:37Z","مساحة_كم2":null,"SHAPE_Length":53.57365082850643,"SHAPE_Area":166.1190163893124},"geometry":{"type":"Polygon","coordinates":[[[32.783291,25.882155],[32.783212,25.882116],[32.783114,25.882242],[32.783208,25.882287],[32.783291,25.882155]]]}},{"type":"Feature","properties":{"source_layer":"Building","source_feature_count":1,"BuildingType":2,"land_use":"سكنى","اسم_المحور":null,"اسم_المحافظة":null,"متوسط_عدد_الادوار_بالعقار":null,"متوسط_عدد_الشقق_بالدور":null,"متوسط_مساحة_الشقق_بالمنطقة":null,"نوع_نمط_العمران":null,"نوع_طبيعة_المنطقة":null,"سعر_العمارة":null,"نوع_الأرض":null,"المساحة_كم2":null,"GlobalID":"{99DB2EF6-F3F1-4584-A16A-EB7D73BCC120}","created_user":"gpr.gps","created_date":"2026-04-11T07:55:37Z","last_edited_user":"gpr.gps","last_edited_date":"2026-04-11T07:55:37Z","مساحة_كم2":null,"SHAPE_Length":39.196362905645145,"SHAPE_Area":85.23075612414705},"geometry":{"type":"Polygon","coordinates":[[[32.773256,25.893513],[32.77337,25.893596],[32.773316,25.893489],[32.773256,25.893513]]]}},{"type":"Feature","properties":{"source_layer":"Building","source_feature_count":1,"BuildingType":2,"land_use":"سكنى","اسم_المحور":null,"اسم_المحافظة":null,"متوسط_عدد_الادوار_بالعقار":null,"متوسط_عدد_الشقق_بالدور":null,"متوسط_مساحة_الشقق_بالمنطقة":null,"نوع_نمط_العمران":null,"نوع_طبيعة_المنطقة":null,"سعر_العمارة":null,"نوع_الأرض":null,"المساحة_كم2":null,"GlobalID":"{003DED61-A6FD-43A3-8868-C63DBC7387F7}","created_user":"gpr.gps","created_date":"2026-04-11T07:55:37Z","last_edited_user":"gpr.gps","last_edited_date":"2026-04-11T07:55:37Z","مساحة_كم2":null,"SHAPE_Length":54.07429441795615,"SHAPE_Area":180.16674795006918},"geometry":{"type":"Polygon","coordinates":[[[32.773501,25.893525],[32.773446,25.893413],[32.773327,25.893462],[32.77338,25.893573],[32.773501,25.893525]]]}},{"type":"Feature","properties":{"source_layer":"Building","source_feature_count":1,"BuildingType":2,"land_use":"سكنى","اسم_المحور":null,"اسم_المحافظة":null,"متوسط_عدد_الادوار_بالعقار":null,"متوسط_عدد_الشقق_بالدور":null,"متوسط_مساحة_الشقق_بالمنطقة":null,"نوع_نمط_العمران":null,"نوع_طبيعة_المنطقة":null,"سعر_العمارة":null,"نوع_الأرض":null,"المساحة_كم2":null,"GlobalID":"{35744E6A-8187-4C0C-83D1-1C2D21DB9118}","created_user":"gpr.gps","created_date":"2026-04-11T07:55:37Z","last_edited_user":"gpr.gps","last_edited_date":"2026-04-11T07:55:37Z","مساحة_كم2":null,"SHAPE_Length":46.864792559631574,"SHAPE_Area":124.25894951422607},"geometry":{"type":"Polygon","coordinates":[[[32.773451,25.893425],[32.773588,25.893522],[32.773527,25.893395],[32.773451,25.893425]]]}},{"type":"Feature","properties":{"source_layer":"Building","source_feature_count":1,"BuildingType":2,"land_use":"سكنى","اسم_المحور":null,"اسم_المحافظة":null,"متوسط_عدد_الادوار_بالعقار":null,"متوسط_عدد_الشقق_بالدور":null,"متوسط_مساحة_الشقق_بالمنطقة":null,"نوع_نمط_العمران":null,"نوع_طبيعة_المنطقة":null,"سعر_العمارة":null,"نوع_الأرض":null,"المساحة_كم2":null,"GlobalID":"{F298DECA-8530-4FF1-8914-4B1160591F9E}","created_user":"gpr.gps","created_date":"2026-04-11T07:55:37Z","last_edited_user":"gpr.gps","last_edited_date":"2026-04-11T07:55:37Z","مساحة_كم2":null,"SHAPE_Length":53.135685342438045,"SHAPE_Area":166.61120152195593},"geometry":{"type":"Polygon","coordinates":[[[32.773768,25.893454],[32.773708,25.893316],[32.773614,25.89335],[32.773674,25.893488],[32.773768,25.893454]]]}},{"type":"Feature","properties":{"source_layer":"Building","source_feature_count":1,"BuildingType":2,"land_use":"سكنى","اسم_المحور":null,"اسم_المحافظة":null,"متوسط_عدد_الادوار_بالعقار":null,"متوسط_عدد_الشقق_بالدور":null,"متوسط_مساحة_الشقق_بالمنطقة":null,"نوع_نمط_العمران":null,"نوع_طبيعة_المنطقة":null,"سعر_العمارة":null,"نوع_الأرض":null,"المساحة_كم2":null,"GlobalID":"{0163A92A-62C9-4C5B-ABE5-AF9DBF065E8A}","created_user":"gpr.gps","created_date":"2026-04-11T07:55:37Z","last_edited_user":"gpr.gps","last_edited_date":"2026-04-11T07:55:37Z","مساحة_كم2":null,"SHAPE_Length":77.02881887481362,"SHAPE_Area":366.546777581657},"geometry":{"type":"Polygon","coordinates":[[[32.772835,25.893793],[32.772991,25.893736],[32.772925,25.893597],[32.77273,25.893659],[32.772835,25.893793]]]}},{"type":"Feature","properties":{"source_layer":"Building","source_feature_count":1,"BuildingType":2,"land_use":"سكنى","اسم_المحور":null,"اسم_المحافظة":null,"متوسط_عدد_الادوار_بالعقار":null,"متوسط_عدد_الشقق_بالدور":null,"متوسط_مساحة_الشقق_بالمنطقة":null,"نوع_نمط_العمران":null,"نوع_طبيعة_المنطقة":null,"سعر_العمارة":null,"نوع_الأرض":null,"المساحة_كم2":null,"GlobalID":"{F8491CEB-D05D-4B68-8D6B-811DC8C6C6A4}","created_user":"gpr.gps","created_date":"2026-04-11T07:55:37Z","last_edited_user":"gpr.gps","last_edited_date":"2026-04-11T07:55:37Z","مساحة_كم2":null,"SHAPE_Length":62.16462770166397,"SHAPE_Area":235.4669221148966},"geometry":{"type":"Polygon","coordinates":[[[32.772789,25.89381],[32.77273,25.893659],[32.772607,25.893698],[32.772668,25.893854],[32.772789,25.89381]]]}},{"type":"Feature","properties":{"source_layer":"Building","source_feature_count":1,"BuildingType":2,"land_use":"سكنى","اسم_المحور":null,"اسم_المحافظة":null,"متوسط_عدد_الادوار_بالعقار":null,"متوسط_عدد_الشقق_بالدور":null,"متوسط_مساحة_الشقق_بالمنطقة":null,"نوع_نمط_العمران":null,"نوع_طبيعة_المنطقة":null,"سعر_العمارة":null,"نوع_الأرض":null,"المساحة_كم2":null,"GlobalID":"{D048DAF7-E8CB-4541-982A-801AB20C5D10}","created_user":"gpr.gps","created_date":"2026-04-11T07:55:37Z","last_edited_user":"gpr.gps","last_edited_date":"2026-04-11T07:55:37Z","مساحة_كم2":null,"SHAPE_Length":57.15051139376013,"SHAPE_Area":200.11132100728074},"geometry":{"type":"Polygon","coordinates":[[[32.772991,25.893736],[32.773032,25.893563],[32.772925,25.893597],[32.772991,25.893736]]]}},{"type":"Feature","properties":{"source_layer":"Building","source_feature_count":1,"BuildingType":2,"land_use":"سكنى","اسم_المحور":null,"اسم_المحافظة":null,"متوسط_عدد_الادوار_بالعقار":null,"متوسط_عدد_الشقق_بالدور":null,"متوسط_مساحة_الشقق_بالمنطقة":null,"نوع_نمط_العمران":null,"نوع_طبيعة_المنطقة":null,"سعر_العمارة":null,"نوع_الأرض":null,"المساحة_كم2":null,"GlobalID":"{948E8ED9-90BC-4689-87C6-3BAC2EA6727E}","created_user":"gpr.gps","created_date":"2026-04-11T07:55:37Z","last_edited_user":"gpr.gps","last_edited_date":"2026-04-11T07:55:37Z","مساحة_كم2":null,"SHAPE_Length":75.9192529421733,"SHAPE_Area":332.6189496006334},"geometry":{"type":"Polygon","coordinates":[[[32.773226,25.898053],[32.773451,25.897973],[32.773401,25.897858],[32.773176,25.897937],[32.773226,25.898053]]]}},{"type":"Feature","properties":{"source_layer":"Building","source_feature_count":1,"BuildingType":2,"land_use":"سكنى","اسم_المحور":null,"اسم_المحافظة":null,"متوسط_عدد_الادوار_بالعقار":null,"متوسط_عدد_الشقق_بالدور":null,"متوسط_مساحة_الشقق_بالمنطقة":null,"نوع_نمط_العمران":null,"نوع_طبيعة_المنطقة":null,"سعر_العمارة":null,"نوع_الأرض":null,"المساحة_كم2":null,"GlobalID":"{3482AC60-3496-460B-A75B-569F158DE56C}","created_user":"gpr.gps","created_date":"2026-04-11T07:55:37Z","last_edited_user":"gpr.gps","last_edited_date":"2026-04-11T07:55:37Z","مساحة_كم2":null,"SHAPE_Length":67.94839424568835,"SHAPE_Area":282.29453407404145},"geometry":{"type":"Polygon","coordinates":[[[32.774157,25.899267],[32.774335,25.899197],[32.774278,25.899077],[32.774099,25.899147],[32.774157,25.899267]]]}},{"type":"Feature","properties":{"source_layer":"Building","source_feature_count":1,"BuildingType":2,"land_use":"سكنى","اسم_المحور":null,"اسم_المحافظة":null,"متوسط_عدد_الادوار_بالعقار":null,"متوسط_عدد_الشقق_بالدور":null,"متوسط_مساحة_الشقق_بالمنطقة":null,"نوع_نمط_العمران":null,"نوع_طبيعة_المنطقة":null,"سعر_العمارة":null,"نوع_الأرض":null,"المساحة_كم2":null,"GlobalID":"{6B25D2C8-8079-4B31-9687-1CBC4011A25C}","created_user":"gpr.gps","created_date":"2026-04-11T07:55:37Z","last_edited_user":"gpr.gps","last_edited_date":"2026-04-11T07:55:37Z","مساحة_كم2":null,"SHAPE_Length":54.74513021692422,"SHAPE_Area":186.73092134638884},"geometry":{"type":"Polygon","coordinates":[[[32.789152,25.913555],[32.789142,25.913437],[32.789001,25.913456],[32.789017,25.913578],[32.789152,25.913555]]]}},{"type":"Feature","properties":{"source_layer":"Building","source_feature_count":1,"BuildingType":2,"land_use":"سكنى","اسم_المحور":null,"اسم_المحافظة":null,"متوسط_عدد_الادوار_بالعقار":null,"متوسط_عدد_الشقق_بالدور":null,"متوسط_مساحة_الشقق_بالمنطقة":null,"نوع_نمط_العمران":null,"نوع_طبيعة_المنطقة":null,"سعر_العمارة":null,"نوع_الأرض":null,"المساحة_كم2":null,"GlobalID":"{7D6862BF-E8BD-411C-BC35-11497054D84D}","created_user":"gpr.gps","created_date":"2026-04-11T07:55:37Z","last_edited_user":"gpr.gps","last_edited_date":"2026-04-11T07:55:37Z","مساحة_كم2":null,"SHAPE_Length":52.118861112514,"SHAPE_Area":167.35281709093343},"geometry":{"type":"Polygon","coordinates":[[[32.788861,25.913605],[32.788844,25.913478],[32.788733,25.913493],[32.788743,25.913625],[32.788861,25.913605]]]}},{"type":"Feature","properties":{"source_layer":"Building","source_feature_count":1,"BuildingType":2,"land_use":"سكنى","اسم_المحور":null,"اسم_المحافظة":null,"متوسط_عدد_الادوار_بالعقار":null,"متوسط_عدد_الشقق_بالدور":null,"متوسط_مساحة_الشقق_بالمنطقة":null,"نوع_نمط_العمران":null,"نوع_طبيعة_المنطقة":null,"سعر_العمارة":null,"نوع_الأرض":null,"المساحة_كم2":null,"GlobalID":"{98F27761-9564-412C-8A98-4631E8A847DE}","created_user":"gpr.gps","created_date":"2026-04-11T07:55:37Z","last_edited_user":"gpr.gps","last_edited_date":"2026-04-11T07:55:37Z","مساحة_كم2":null,"SHAPE_Length":59.5929504473712,"SHAPE_Area":220.62238679366354},"geometry":{"type":"Polygon","coordinates":[[[32.789017,25.913578],[32.789001,25.913456],[32.788844,25.913478],[32.788861,25.913605],[32.789017,25.913578]]]}},{"type":"Feature","properties":{"source_layer":"Building","source_feature_count":1,"BuildingType":2,"land_use":"سكنى","اسم_المحور":null,"اسم_المحافظة":null,"متوسط_عدد_الادوار_بالعقار":null,"متوسط_عدد_الشقق_بالدور":null,"متوسط_مساحة_الشقق_بالمنطقة":null,"نوع_نمط_العمران":null,"نوع_طبيعة_المنطقة":null,"سعر_العمارة":null,"نوع_الأرض":null,"المساحة_كم2":null,"GlobalID":"{ABD10F8C-D0F7-4046-9303-DC0A4996B92E}","created_user":"gpr.gps","created_date":"2026-04-11T07:55:37Z","last_edited_user":"gpr.gps","last_edited_date":"2026-04-11T07:55:37Z","مساحة_كم2":null,"SHAPE_Length":48.43687865056367,"SHAPE_Area":145.41719058790653},"geometry":{"type":"Polygon","coordinates":[[[32.789142,25.913437],[32.789152,25.913555],[32.789264,25.913536],[32.789251,25.913421],[32.789142,25.913437]]]}},{"type":"Feature","properties":{"source_layer":"Building","source_feature_count":1,"BuildingType":2,"land_use":"سكنى","اسم_المحور":null,"اسم_المحافظة":null,"متوسط_عدد_الادوار_بالعقار":null,"متوسط_عدد_الشقق_بالدور":null,"متوسط_مساحة_الشقق_بالمنطقة":null,"نوع_نمط_العمران":null,"نوع_طبيعة_المنطقة":null,"سعر_العمارة":null,"نوع_الأرض":null,"المساحة_كم2":null,"GlobalID":"{709872B9-6B40-4C03-A376-638960D0C8B1}","created_user":"gpr.gps","created_date":"2026-04-11T07:55:37Z","last_edited_user":"gpr.gps","last_edited_date":"2026-04-11T07:55:37Z","مساحة_كم2":null,"SHAPE_Length":53.87485332001272,"SHAPE_Area":165.2731274734039},"geometry":{"type":"Polygon","coordinates":[[[32.78894,25.913433],[32.789114,25.913409],[32.789102,25.91332],[32.788934,25.913351],[32.78894,25.913433]]]}},{"type":"Feature","properties":{"source_layer":"Building","source_feature_count":1,"BuildingType":2,"land_use":"سكنى","اسم_المحور":null,"اسم_المحافظة":null,"متوسط_عدد_الادوار_بالعقار":null,"متوسط_عدد_الشقق_بالدور":null,"متوسط_مساحة_الشقق_بالمنطقة":null,"نوع_نمط_العمران":null,"نوع_طبيعة_المنطقة":null,"سعر_العمارة":null,"نوع_الأرض":null,"المساحة_كم2":null,"GlobalID":"{B9B1115C-7474-42F4-B7FE-A6EECA54EC93}","created_user":"gpr.gps","created_date":"2026-04-11T07:55:37Z","last_edited_user":"gpr.gps","last_edited_date":"2026-04-11T07:55:37Z","مساحة_كم2":null,"SHAPE_Length":38.17128643617315,"SHAPE_Area":90.5069944994381},"geometry":{"type":"Polygon","coordinates":[[[32.789178,25.913304],[32.789283,25.913384],[32.789271,25.913292],[32.789178,25.913304]]]}},{"type":"Feature","properties":{"source_layer":"Building","source_feature_count":1,"BuildingType":2,"land_use":"سكنى","اسم_المحور":null,"اسم_المحافظة":null,"متوسط_عدد_الادوار_بالعقار":null,"متوسط_عدد_الشقق_بالدور":null,"متوسط_مساحة_الشقق_بالمنطقة":null,"نوع_نمط_العمران":null,"نوع_طبيعة_المنطقة":null,"سعر_العمارة":null,"نوع_الأرض":null,"المساحة_كم2":null,"GlobalID":"{F1EE8646-21F6-4A37-AEE0-F894B7AD81C4}","created_user":"gpr.gps","created_date":"2026-04-11T07:55:37Z","last_edited_user":"gpr.gps","last_edited_date":"2026-04-11T07:55:37Z","مساحة_كم2":null,"SHAPE_Length":41.70620324694268,"SHAPE_Area":105.0152025442926},"geometry":{"type":"Polygon","coordinates":[[[32.788278,25.913579],[32.78841,25.913636],[32.788399,25.913559],[32.788278,25.913579]]]}},{"type":"Feature","properties":{"source_layer":"Building","source_feature_count":1,"BuildingType":2,"land_use":"سكنى","اسم_المحور":null,"اسم_المحافظة":null,"متوسط_عدد_الادوار_بالعقار":null,"متوسط_عدد_الشقق_بالدور":null,"متوسط_مساحة_الشقق_بالمنطقة":null,"نوع_نمط_العمران":null,"نوع_طبيعة_المنطقة":null,"سعر_العمارة":null,"نوع_الأرض":null,"المساحة_كم2":null,"GlobalID":"{6C11891A-0D27-40C6-927D-D295357B4A5F}","created_user":"gpr.gps","created_date":"2026-04-11T07:55:37Z","last_edited_user":"gpr.gps","last_edited_date":"2026-04-11T07:55:37Z","مساحة_كم2":null,"SHAPE_Length":58.04721001661095,"SHAPE_Area":209.2172825924922},"geometry":{"type":"Polygon","coordinates":[[[32.766296,25.921941],[32.766264,25.9218],[32.766121,25.921839],[32.766156,25.921953],[32.766296,25.921941]]]}},{"type":"Feature","properties":{"source_layer":"Building","source_feature_count":1,"BuildingType":2,"land_use":"سكنى","اسم_المحور":null,"اسم_المحافظة":null,"متوسط_عدد_الادوار_بالعقار":null,"متوسط_عدد_الشقق_بالدور":null,"متوسط_مساحة_الشقق_بالمنطقة":null,"نوع_نمط_العمران":null,"نوع_طبيعة_المنطقة":null,"سعر_العمارة":null,"نوع_الأرض":null,"المساحة_كم2":null,"GlobalID":"{7C22DF38-0F5E-48F1-8B2D-2465F251C4A8}","created_user":"gpr.gps","created_date":"2026-04-11T07:55:37Z","last_edited_user":"gpr.gps","last_edited_date":"2026-04-11T07:55:37Z","مساحة_كم2":null,"SHAPE_Length":38.874910635712695,"SHAPE_Area":94.02494223337845},"geometry":{"type":"Polygon","coordinates":[[[32.766471,25.921902],[32.766533,25.921786],[32.766449,25.921816],[32.766471,25.921902]]]}},{"type":"Feature","properties":{"source_layer":"Building","source_feature_count":1,"BuildingType":2,"land_use":"سكنى","اسم_المحور":null,"اسم_المحافظة":null,"متوسط_عدد_الادوار_بالعقار":null,"متوسط_عدد_الشقق_بالدور":null,"متوسط_مساحة_الشقق_بالمنطقة":null,"نوع_نمط_العمران":null,"نوع_طبيعة_المنطقة":null,"سعر_العمارة":null,"نوع_الأرض":null,"المساحة_كم2":null,"GlobalID":"{53CF9B84-3319-4C63-8970-DBC61CFF4180}","created_user":"gpr.gps","created_date":"2026-04-11T07:55:37Z","last_edited_user":"gpr.gps","last_edited_date":"2026-04-11T07:55:37Z","مساحة_كم2":null,"SHAPE_Length":42.153923469055485,"SHAPE_Area":106.90039438534978},"geometry":{"type":"Polygon","coordinates":[[[32.766316,25.921421],[32.766434,25.921467],[32.766401,25.921363],[32.766316,25.921421]]]}},{"type":"Feature","properties":{"source_layer":"Building","source_feature_count":1,"BuildingType":2,"land_use":"سكنى","اسم_المحور":null,"اسم_المحافظة":null,"متوسط_عدد_الادوار_بالعقار":null,"متوسط_عدد_الشقق_بالدور":null,"متوسط_مساحة_الشقق_بالمنطقة":null,"نوع_نمط_العمران":null,"نوع_طبيعة_المنطقة":null,"سعر_العمارة":null,"نوع_الأرض":null,"المساحة_كم2":null,"GlobalID":"{912A7CED-42DA-4B71-B613-7A603B3D01B4}","created_user":"gpr.gps","created_date":"2026-04-11T07:55:37Z","last_edited_user":"gpr.gps","last_edited_date":"2026-04-11T07:55:37Z","مساحة_كم2":null,"SHAPE_Length":64.27386921568794,"SHAPE_Area":205.73902645371464},"geometry":{"type":"Polygon","coordinates":[[[32.766502,25.921685],[32.766651,25.92186],[32.766585,25.921662],[32.766502,25.921685]]]}},{"type":"Feature","properties":{"source_layer":"Building","source_feature_count":1,"BuildingType":2,"land_use":"سكنى","اسم_المحور":null,"اسم_المحافظة":null,"متوسط_عدد_الادوار_بالعقار":null,"متوسط_عدد_الشقق_بالدور":null,"متوسط_مساحة_الشقق_بالمنطقة":null,"نوع_نمط_العمران":null,"نوع_طبيعة_المنطقة":null,"سعر_العمارة":null,"نوع_الأرض":null,"المساحة_كم2":null,"GlobalID":"{6675C2D9-7D5C-4754-8147-809BFA4DF9FC}","created_user":"gpr.gps","created_date":"2026-04-11T07:55:37Z","last_edited_user":"gpr.gps","last_edited_date":"2026-04-11T07:55:37Z","مساحة_كم2":null,"SHAPE_Length":58.71476563146359,"SHAPE_Area":209.148598978789},"geometry":{"type":"Polygon","coordinates":[[[32.76722,25.922139],[32.767332,25.922096],[32.767296,25.921954],[32.767174,25.921985],[32.76722,25.922139]]]}},{"type":"Feature","properties":{"source_layer":"Building","source_feature_count":1,"BuildingType":2,"land_use":"سكنى","اسم_المحور":null,"اسم_المحافظة":null,"متوسط_عدد_الادوار_بالعقار":null,"متوسط_عدد_الشقق_بالدور":null,"متوسط_مساحة_الشقق_بالمنطقة":null,"نوع_نمط_العمران":null,"نوع_طبيعة_المنطقة":null,"سعر_العمارة":null,"نوع_الأرض":null,"المساحة_كم2":null,"GlobalID":"{9D851FA3-EDF4-4F5B-98D7-7369DBC0F9E8}","created_user":"gpr.gps","created_date":"2026-04-11T07:55:37Z","last_edited_user":"gpr.gps","last_edited_date":"2026-04-11T07:55:37Z","مساحة_كم2":null,"SHAPE_Length":53.35924733633371,"SHAPE_Area":168.6721378190252},"geometry":{"type":"Polygon","coordinates":[[[32.76701,25.92189],[32.767067,25.92204],[32.767139,25.921895],[32.76701,25.92189]]]}},{"type":"Feature","properties":{"source_layer":"Building","source_feature_count":1,"BuildingType":2,"land_use":"سكنى","اسم_المحور":null,"اسم_المحافظة":null,"متوسط_عدد_الادوار_بالعقار":null,"متوسط_عدد_الشقق_بالدور":null,"متوسط_مساحة_الشقق_بالمنطقة":null,"نوع_نمط_العمران":null,"نوع_طبيعة_المنطقة":null,"سعر_العمارة":null,"نوع_الأرض":null,"المساحة_كم2":null,"GlobalID":"{0784546B-221E-4285-A3E5-8EFB9BC199B4}","created_user":"gpr.gps","created_date":"2026-04-11T07:55:37Z","last_edited_user":"gpr.gps","last_edited_date":"2026-04-11T07:55:37Z","مساحة_كم2":null,"SHAPE_Length":55.25966611655106,"SHAPE_Area":183.65150674249446},"geometry":{"type":"Polygon","coordinates":[[[32.767155,25.921549],[32.767116,25.921398],[32.76701,25.921422],[32.767061,25.92157],[32.767155,25.921549]]]}},{"type":"Feature","properties":{"source_layer":"Building","source_feature_count":1,"BuildingType":2,"land_use":"سكنى","اسم_المحور":null,"اسم_المحافظة":null,"متوسط_عدد_الادوار_بالعقار":null,"متوسط_عدد_الشقق_بالدور":null,"متوسط_مساحة_الشقق_بالمنطقة":null,"نوع_نمط_العمران":null,"نوع_طبيعة_المنطقة":null,"سعر_العمارة":null,"نوع_الأرض":null,"المساحة_كم2":null,"GlobalID":"{443AD27A-25C2-4B9F-A9A5-4E9255B1E4F8}","created_user":"gpr.gps","created_date":"2026-04-11T07:55:37Z","last_edited_user":"gpr.gps","last_edited_date":"2026-04-11T07:55:37Z","مساحة_كم2":null,"SHAPE_Length":43.998790662913535,"SHAPE_Area":120.9644544805553},"geometry":{"type":"Polygon","coordinates":[[[32.76701,25.921422],[32.767092,25.921302],[32.766986,25.921322],[32.76701,25.921422]]]}},{"type":"Feature","properties":{"source_layer":"Building","source_feature_count":1,"BuildingType":2,"land_use":"سكنى","اسم_المحور":null,"اسم_المحافظة":null,"متوسط_عدد_الادوار_بالعقار":null,"متوسط_عدد_الشقق_بالدور":null,"متوسط_مساحة_الشقق_بالمنطقة":null,"نوع_نمط_العمران":null,"نوع_طبيعة_المنطقة":null,"سعر_العمارة":null,"نوع_الأرض":null,"المساحة_كم2":null,"GlobalID":"{D92D91D6-4E90-405E-88BE-1DD7BDC2D44F}","created_user":"gpr.gps","created_date":"2026-04-11T07:55:37Z","last_edited_user":"gpr.gps","last_edited_date":"2026-04-11T07:55:37Z","مساحة_كم2":null,"SHAPE_Length":37.01081968099338,"SHAPE_Area":82.42480852565154},"geometry":{"type":"Polygon","coordinates":[[[32.767236,25.921779],[32.767108,25.921739],[32.767127,25.921806],[32.767236,25.921779]]]}},{"type":"Feature","properties":{"source_layer":"Building","source_feature_count":1,"BuildingType":2,"land_use":"سكنى","اسم_المحور":null,"اسم_المحافظة":null,"متوسط_عدد_الادوار_بالعقار":null,"متوسط_عدد_الشقق_بالدور":null,"متوسط_مساحة_الشقق_بالمنطقة":null,"نوع_نمط_العمران":null,"نوع_طبيعة_المنطقة":null,"سعر_العمارة":null,"نوع_الأرض":null,"المساحة_كم2":null,"GlobalID":"{92C6F240-7B17-44E1-AAE4-2DCF24E6C735}","created_user":"gpr.gps","created_date":"2026-04-11T07:55:37Z","last_edited_user":"gpr.gps","last_edited_date":"2026-04-11T07:55:37Z","مساحة_كم2":null,"SHAPE_Length":30.55074487215058,"SHAPE_Area":50.42983373035033},"geometry":{"type":"Polygon","coordinates":[[[32.767211,25.921716],[32.767095,25.921694],[32.767108,25.921739],[32.767211,25.921716]]]}},{"type":"Feature","properties":{"source_layer":"Building","source_feature_count":1,"BuildingType":2,"land_use":"سكنى","اسم_المحور":null,"اسم_المحافظة":null,"متوسط_عدد_الادوار_بالعقار":null,"متوسط_عدد_الشقق_بالدور":null,"متوسط_مساحة_الشقق_بالمنطقة":null,"نوع_نمط_العمران":null,"نوع_طبيعة_المنطقة":null,"سعر_العمارة":null,"نوع_الأرض":null,"المساحة_كم2":null,"GlobalID":"{00DF3BCE-70FF-41C4-AEBE-2168E29F3308}","created_user":"gpr.gps","created_date":"2026-04-11T07:55:37Z","last_edited_user":"gpr.gps","last_edited_date":"2026-04-11T07:55:37Z","مساحة_كم2":null,"SHAPE_Length":48.78673327200312,"SHAPE_Area":140.10435983938777},"geometry":{"type":"Polygon","coordinates":[[[32.767195,25.921677],[32.767061,25.92157],[32.767095,25.921694],[32.767195,25.921677]]]}},{"type":"Feature","properties":{"source_layer":"Building","source_feature_count":1,"BuildingType":2,"land_use":"سكنى","اسم_المحور":null,"اسم_المحافظة":null,"متوسط_عدد_الادوار_بالعقار":null,"متوسط_عدد_الشقق_بالدور":null,"متوسط_مساحة_الشقق_بالمنطقة":null,"نوع_نمط_العمران":null,"نوع_طبيعة_المنطقة":null,"سعر_العمارة":null,"نوع_الأرض":null,"المساحة_كم2":null,"GlobalID":"{2A5744D8-7553-48ED-B172-B6AFCB228B09}","created_user":"gpr.gps","created_date":"2026-04-11T07:55:37Z","last_edited_user":"gpr.gps","last_edited_date":"2026-04-11T07:55:37Z","مساحة_كم2":null,"SHAPE_Length":61.05923320367248,"SHAPE_Area":229.69356523092858},"geometry":{"type":"Polygon","coordinates":[[[32.767607,25.921869],[32.767614,25.921992],[32.767778,25.921951],[32.767743,25.92183],[32.767607,25.921869]]]}},{"type":"Feature","properties":{"source_layer":"Building","source_feature_count":1,"BuildingType":2,"land_use":"سكنى","اسم_المحور":null,"اسم_المحافظة":null,"متوسط_عدد_الادوار_بالعقار":null,"متوسط_عدد_الشقق_بالدور":null,"متوسط_مساحة_الشقق_بالمنطقة":null,"نوع_نمط_العمران":null,"نوع_طبيعة_المنطقة":null,"سعر_العمارة":null,"نوع_الأرض":null,"المساحة_كم2":null,"GlobalID":"{2FD24FA6-9F70-414B-BE61-B3759DB7F6D1}","created_user":"gpr.gps","created_date":"2026-04-11T07:55:37Z","last_edited_user":"gpr.gps","last_edited_date":"2026-04-11T07:55:37Z","مساحة_كم2":null,"SHAPE_Length":55.61586487875561,"SHAPE_Area":188.00423426171804},"geometry":{"type":"Polygon","coordinates":[[[32.767424,25.921745],[32.767373,25.921614],[32.767249,25.921636],[32.767309,25.921769],[32.767424,25.921745]]]}},{"type":"Feature","properties":{"source_layer":"Building","source_feature_count":1,"BuildingType":2,"land_use":"سكنى","اسم_المحور":null,"اسم_المحافظة":null,"متوسط_عدد_الادوار_بالعقار":null,"متوسط_عدد_الشقق_بالدور":null,"متوسط_مساحة_الشقق_بالمنطقة":null,"نوع_نمط_العمران":null,"نوع_طبيعة_المنطقة":null,"سعر_العمارة":null,"نوع_الأرض":null,"المساحة_كم2":null,"GlobalID":"{63F79290-43CA-43CA-82EB-551B7543BA10}","created_user":"gpr.gps","created_date":"2026-04-11T07:55:37Z","last_edited_user":"gpr.gps","last_edited_date":"2026-04-11T07:55:37Z","مساحة_كم2":null,"SHAPE_Length":56.77637765617884,"SHAPE_Area":194.9088763102477},"geometry":{"type":"Polygon","coordinates":[[[32.767359,25.921543],[32.767312,25.921401],[32.767207,25.921422],[32.767237,25.921573],[32.767359,25.921543]]]}},{"type":"Feature","properties":{"source_layer":"Building","source_feature_count":1,"BuildingType":2,"land_use":"سكنى","اسم_المحور":null,"اسم_المحافظة":null,"متوسط_عدد_الادوار_بالعقار":null,"متوسط_عدد_الشقق_بالدور":null,"متوسط_مساحة_الشقق_بالمنطقة":null,"نوع_نمط_العمران":null,"نوع_طبيعة_المنطقة":null,"سعر_العمارة":null,"نوع_الأرض":null,"المساحة_كم2":null,"GlobalID":"{A24BBBB4-81D6-4FA5-A1DD-E44FFED72A14}","created_user":"gpr.gps","created_date":"2026-04-11T07:55:37Z","last_edited_user":"gpr.gps","last_edited_date":"2026-04-11T07:55:37Z","مساحة_كم2":null,"SHAPE_Length":55.029812869363695,"SHAPE_Area":185.58025855198585},"geometry":{"type":"Polygon","coordinates":[[[32.767502,25.921584],[32.767456,25.921457],[32.767343,25.921496],[32.767377,25.921626],[32.767502,25.921584]]]}},{"type":"Feature","properties":{"source_layer":"Building","source_feature_count":1,"BuildingType":2,"land_use":"سكنى","اسم_المحور":null,"اسم_المحافظة":null,"متوسط_عدد_الادوار_بالعقار":null,"متوسط_عدد_الشقق_بالدور":null,"متوسط_مساحة_الشقق_بالمنطقة":null,"نوع_نمط_العمران":null,"نوع_طبيعة_المنطقة":null,"سعر_العمارة":null,"نوع_الأرض":null,"المساحة_كم2":null,"GlobalID":"{82B66C55-7DBA-44FD-BF92-5915A30B1EE4}","created_user":"gpr.gps","created_date":"2026-04-11T07:55:37Z","last_edited_user":"gpr.gps","last_edited_date":"2026-04-11T07:55:37Z","مساحة_كم2":null,"SHAPE_Length":49.930127095524455,"SHAPE_Area":156.67822024084666},"geometry":{"type":"Polygon","coordinates":[[[32.767566,25.921759],[32.767444,25.921795],[32.767483,25.921893],[32.767607,25.921869],[32.767566,25.921759]]]}},{"type":"Feature","properties":{"source_layer":"Building","source_feature_count":1,"BuildingType":2,"land_use":"سكنى","اسم_المحور":null,"اسم_المحافظة":null,"متوسط_عدد_الادوار_بالعقار":null,"متوسط_عدد_الشقق_بالدور":null,"متوسط_مساحة_الشقق_بالمنطقة":null,"نوع_نمط_العمران":null,"نوع_طبيعة_المنطقة":null,"سعر_العمارة":null,"نوع_الأرض":null,"المساحة_كم2":null,"GlobalID":"{1BDF998C-92D1-46F4-9774-80452E85049C}","created_user":"gpr.gps","created_date":"2026-04-11T07:55:37Z","last_edited_user":"gpr.gps","last_edited_date":"2026-04-11T07:55:37Z","مساحة_كم2":null,"SHAPE_Length":43.442050405782716,"SHAPE_Area":113.42848628312481},"geometry":{"type":"Polygon","coordinates":[[[32.767444,25.921795],[32.767539,25.921684],[32.767414,25.921722],[32.767444,25.921795]]]}},{"type":"Feature","properties":{"source_layer":"Building","source_feature_count":1,"BuildingType":2,"land_use":"سكنى","اسم_المحور":null,"اسم_المحافظة":null,"متوسط_عدد_الادوار_بالعقار":null,"متوسط_عدد_الشقق_بالدور":null,"متوسط_مساحة_الشقق_بالمنطقة":null,"نوع_نمط_العمران":null,"نوع_طبيعة_المنطقة":null,"سعر_العمارة":null,"نوع_الأرض":null,"المساحة_كم2":null,"GlobalID":"{A3E37DEC-AFC5-4B08-BEF2-9D9CD5935FFF}","created_user":"gpr.gps","created_date":"2026-04-11T07:55:37Z","last_edited_user":"gpr.gps","last_edited_date":"2026-04-11T07:55:37Z","مساحة_كم2":null,"SHAPE_Length":49.37510087800251,"SHAPE_Area":151.53888519168322},"geometry":{"type":"Polygon","coordinates":[[[32.767502,25.921584],[32.767377,25.921626],[32.767414,25.921722],[32.767539,25.921684],[32.767502,25.921584]]]}},{"type":"Feature","properties":{"source_layer":"Building","source_feature_count":1,"BuildingType":2,"land_use":"سكنى","اسم_المحور":null,"اسم_المحافظة":null,"متوسط_عدد_الادوار_بالعقار":null,"متوسط_عدد_الشقق_بالدور":null,"متوسط_مساحة_الشقق_بالمنطقة":null,"نوع_نمط_العمران":null,"نوع_طبيعة_المنطقة":null,"سعر_العمارة":null,"نوع_الأرض":null,"المساحة_كم2":null,"GlobalID":"{4810E77C-F9E2-4F6B-81D4-C426A26B249C}","created_user":"gpr.gps","created_date":"2026-04-11T07:55:37Z","last_edited_user":"gpr.gps","last_edited_date":"2026-04-11T07:55:37Z","مساحة_كم2":null,"SHAPE_Length":76.53907390636742,"SHAPE_Area":351.0994583287775},"geometry":{"type":"Polygon","coordinates":[[[32.767656,25.921312],[32.7675,25.921344],[32.767568,25.92154],[32.767712,25.921514],[32.767656,25.921312]]]}},{"type":"Feature","properties":{"source_layer":"Building","source_feature_count":1,"BuildingType":2,"land_use":"سكنى","اسم_المحور":null,"اسم_المحافظة":null,"متوسط_عدد_الادوار_بالعقار":null,"متوسط_عدد_الشقق_بالدور":null,"متوسط_مساحة_الشقق_بالمنطقة":null,"نوع_نمط_العمران":null,"نوع_طبيعة_المنطقة":null,"سعر_العمارة":null,"نوع_الأرض":null,"المساحة_كم2":null,"GlobalID":"{834DFD0C-0349-40F2-B6D8-C3303D818736}","created_user":"gpr.gps","created_date":"2026-04-11T07:55:37Z","last_edited_user":"gpr.gps","last_edited_date":"2026-04-11T07:55:37Z","مساحة_كم2":null,"SHAPE_Length":53.11922755395463,"SHAPE_Area":174.69569141981242},"geometry":{"type":"Polygon","coordinates":[[[32.767712,25.921514],[32.767568,25.92154],[32.767605,25.921646],[32.767742,25.921619],[32.767712,25.921514]]]}},{"type":"Feature","properties":{"source_layer":"Building","source_feature_count":1,"BuildingType":2,"land_use":"سكنى","اسم_المحور":null,"اسم_المحافظة":null,"متوسط_عدد_الادوار_بالعقار":null,"متوسط_عدد_الشقق_بالدور":null,"متوسط_مساحة_الشقق_بالمنطقة":null,"نوع_نمط_العمران":null,"نوع_طبيعة_المنطقة":null,"سعر_العمارة":null,"نوع_الأرض":null,"المساحة_كم2":null,"GlobalID":"{9E59AAA8-62CF-4B7D-8FB9-91E5BB668B7D}","created_user":"gpr.gps","created_date":"2026-04-11T07:55:37Z","last_edited_user":"gpr.gps","last_edited_date":"2026-04-11T07:55:37Z","مساحة_كم2":null,"SHAPE_Length":58.266149704553456,"SHAPE_Area":208.36797577462306},"geometry":{"type":"Polygon","coordinates":[[[32.767656,25.921312],[32.767625,25.921201],[32.767462,25.921235],[32.7675,25.921344],[32.767656,25.921312]]]}},{"type":"Feature","properties":{"source_layer":"Building","source_feature_count":1,"BuildingType":2,"land_use":"سكنى","اسم_المحور":null,"اسم_المحافظة":null,"متوسط_عدد_الادوار_بالعقار":null,"متوسط_عدد_الشقق_بالدور":null,"متوسط_مساحة_الشقق_بالمنطقة":null,"نوع_نمط_العمران":null,"نوع_طبيعة_المنطقة":null,"سعر_العمارة":null,"نوع_الأرض":null,"المساحة_كم2":null,"GlobalID":"{F761893D-9F4E-4D7E-8D7D-B43F9A84787F}","created_user":"gpr.gps","created_date":"2026-04-11T07:55:37Z","last_edited_user":"gpr.gps","last_edited_date":"2026-04-11T07:55:37Z","مساحة_كم2":null,"SHAPE_Length":42.32659551764535,"SHAPE_Area":110.37565270538974},"geometry":{"type":"Polygon","coordinates":[[[32.76736,25.920996],[32.7675,25.921054],[32.767476,25.92097],[32.76736,25.920996]]]}},{"type":"Feature","properties":{"source_layer":"Building","source_feature_count":1,"BuildingType":2,"land_use":"سكنى","اسم_المحور":null,"اسم_المحافظة":null,"متوسط_عدد_الادوار_بالعقار":null,"متوسط_عدد_الشقق_بالدور":null,"متوسط_مساحة_الشقق_بالمنطقة":null,"نوع_نمط_العمران":null,"نوع_طبيعة_المنطقة":null,"سعر_العمارة":null,"نوع_الأرض":null,"المساحة_كم2":null,"GlobalID":"{8426C2D2-3168-4CB1-ADB5-E9DC52CEECFC}","created_user":"gpr.gps","created_date":"2026-04-11T07:55:37Z","last_edited_user":"gpr.gps","last_edited_date":"2026-04-11T07:55:37Z","مساحة_كم2":null,"SHAPE_Length":40.560703893493404,"SHAPE_Area":101.60456608388846},"geometry":{"type":"Polygon","coordinates":[[[32.767364,25.921185],[32.767431,25.921067],[32.767342,25.921085],[32.767364,25.921185]]]}},{"type":"Feature","properties":{"source_layer":"Building","source_feature_count":1,"BuildingType":2,"land_use":"سكنى","اسم_المحور":null,"اسم_المحافظة":null,"متوسط_عدد_الادوار_بالعقار":null,"متوسط_عدد_الشقق_بالدور":null,"متوسط_مساحة_الشقق_بالمنطقة":null,"نوع_نمط_العمران":null,"نوع_طبيعة_المنطقة":null,"سعر_العمارة":null,"نوع_الأرض":null,"المساحة_كم2":null,"GlobalID":"{86266216-4C92-4E54-B251-1C6EB11B5898}","created_user":"gpr.gps","created_date":"2026-04-11T07:55:37Z","last_edited_user":"gpr.gps","last_edited_date":"2026-04-11T07:55:37Z","مساحة_كم2":null,"SHAPE_Length":56.62292319868392,"SHAPE_Area":173.20060075861835},"geometry":{"type":"Polygon","coordinates":[[[32.767389,25.921076],[32.76736,25.920996],[32.76718,25.921034],[32.76719,25.921111],[32.767389,25.921076]]]}},{"type":"Feature","properties":{"source_layer":"Building","source_feature_count":1,"BuildingType":2,"land_use":"سكنى","اسم_المحور":null,"اسم_المحافظة":null,"متوسط_عدد_الادوار_بالعقار":null,"متوسط_عدد_الشقق_بالدور":null,"متوسط_مساحة_الشقق_بالمنطقة":null,"نوع_نمط_العمران":null,"نوع_طبيعة_المنطقة":null,"سعر_العمارة":null,"نوع_الأرض":null,"المساحة_كم2":null,"GlobalID":"{EECC3ECC-AADE-4BC7-98D8-6E6C04A464C1}","created_user":"gpr.gps","created_date":"2026-04-11T07:55:37Z","last_edited_user":"gpr.gps","last_edited_date":"2026-04-11T07:55:37Z","مساحة_كم2":null,"SHAPE_Length":40.17086415657126,"SHAPE_Area":101.1944192534807},"geometry":{"type":"Polygon","coordinates":[[[32.767582,25.920948],[32.7675,25.921054],[32.7676,25.921033],[32.767582,25.920948]]]}},{"type":"Feature","properties":{"source_layer":"Building","source_feature_count":1,"BuildingType":2,"land_use":"سكنى","اسم_المحور":null,"اسم_المحافظة":null,"متوسط_عدد_الادوار_بالعقار":null,"متوسط_عدد_الشقق_بالدور":null,"متوسط_مساحة_الشقق_بالمنطقة":null,"نوع_نمط_العمران":null,"نوع_طبيعة_المنطقة":null,"سعر_العمارة":null,"نوع_الأرض":null,"المساحة_كم2":null,"GlobalID":"{01071B6F-05CC-4C21-9BF5-ECACCEDB438F}","created_user":"gpr.gps","created_date":"2026-04-11T07:55:37Z","last_edited_user":"gpr.gps","last_edited_date":"2026-04-11T07:55:37Z","مساحة_كم2":null,"SHAPE_Length":36.87707183248789,"SHAPE_Area":81.79373208678726},"geometry":{"type":"Polygon","coordinates":[[[32.767452,25.921166],[32.7675,25.921054],[32.767431,25.921067],[32.767452,25.921166]]]}},{"type":"Feature","properties":{"source_layer":"Building","source_feature_count":1,"BuildingType":2,"land_use":"سكنى","اسم_المحور":null,"اسم_المحافظة":null,"متوسط_عدد_الادوار_بالعقار":null,"متوسط_عدد_الشقق_بالدور":null,"متوسط_مساحة_الشقق_بالمنطقة":null,"نوع_نمط_العمران":null,"نوع_طبيعة_المنطقة":null,"سعر_العمارة":null,"نوع_الأرض":null,"المساحة_كم2":null,"GlobalID":"{C7C0BF3E-352A-46E4-9B5C-949446EAB7A9}","created_user":"gpr.gps","created_date":"2026-04-11T07:55:37Z","last_edited_user":"gpr.gps","last_edited_date":"2026-04-11T07:55:37Z","مساحة_كم2":null,"SHAPE_Length":37.48059472037596,"SHAPE_Area":85.73460091998038},"geometry":{"type":"Polygon","coordinates":[[[32.767577,25.921039],[32.767527,25.921149],[32.767605,25.921132],[32.767577,25.921039]]]}},{"type":"Feature","properties":{"source_layer":"Building","source_feature_count":1,"BuildingType":2,"land_use":"سكنى","اسم_المحور":null,"اسم_المحافظة":null,"متوسط_عدد_الادوار_بالعقار":null,"متوسط_عدد_الشقق_بالدور":null,"متوسط_مساحة_الشقق_بالمنطقة":null,"نوع_نمط_العمران":null,"نوع_طبيعة_المنطقة":null,"سعر_العمارة":null,"نوع_الأرض":null,"المساحة_كم2":null,"GlobalID":"{A8863EA2-17D7-4057-95F7-021B141844C8}","created_user":"gpr.gps","created_date":"2026-04-11T07:55:37Z","last_edited_user":"gpr.gps","last_edited_date":"2026-04-11T07:55:37Z","مساحة_كم2":null,"SHAPE_Length":60.91854458470635,"SHAPE_Area":230.28667214165858},"geometry":{"type":"Polygon","coordinates":[[[32.747681,25.888141],[32.747545,25.888224],[32.747627,25.888322],[32.747765,25.888255],[32.747681,25.888141]]]}},{"type":"Feature","properties":{"source_layer":"Building","source_feature_count":1,"BuildingType":2,"land_use":"سكنى","اسم_المحور":null,"اسم_المحافظة":null,"متوسط_عدد_الادوار_بالعقار":null,"متوسط_عدد_الشقق_بالدور":null,"متوسط_مساحة_الشقق_بالمنطقة":null,"نوع_نمط_العمران":null,"نوع_طبيعة_المنطقة":null,"سعر_العمارة":null,"نوع_الأرض":null,"المساحة_كم2":null,"GlobalID":"{AD7B0220-0929-4ABA-834D-88B2D03E74A2}","created_user":"gpr.gps","created_date":"2026-04-11T07:55:37Z","last_edited_user":"gpr.gps","last_edited_date":"2026-04-11T07:55:37Z","مساحة_كم2":null,"SHAPE_Length":68.79842460533872,"SHAPE_Area":285.86889074340087},"geometry":{"type":"Polygon","coordinates":[[[32.749296,25.887368],[32.749173,25.88723],[32.749055,25.887304],[32.749192,25.887448],[32.749296,25.887368]]]}},{"type":"Feature","properties":{"source_layer":"Building","source_feature_count":1,"BuildingType":2,"land_use":"سكنى","اسم_المحور":null,"اسم_المحافظة":null,"متوسط_عدد_الادوار_بالعقار":null,"متوسط_عدد_الشقق_بالدور":null,"متوسط_مساحة_الشقق_بالمنطقة":null,"نوع_نمط_العمران":null,"نوع_طبيعة_المنطقة":null,"سعر_العمارة":null,"نوع_الأرض":null,"المساحة_كم2":null,"GlobalID":"{6456A216-FE66-4B45-9F6F-B5BCD3DB76EF}","created_user":"gpr.gps","created_date":"2026-04-11T07:55:37Z","last_edited_user":"gpr.gps","last_edited_date":"2026-04-11T07:55:37Z","مساحة_كم2":null,"SHAPE_Length":47.12145823830035,"SHAPE_Area":133.2884931896822},"geometry":{"type":"Polygon","coordinates":[[[32.749595,25.887974],[32.749665,25.887913],[32.749574,25.887817],[32.749506,25.887874],[32.749595,25.887974]]]}},{"type":"Feature","properties":{"source_layer":"Building","source_feature_count":1,"BuildingType":2,"land_use":"سكنى","اسم_المحور":null,"اسم_المحافظة":null,"متوسط_عدد_الادوار_بالعقار":null,"متوسط_عدد_الشقق_بالدور":null,"متوسط_مساحة_الشقق_بالمنطقة":null,"نوع_نمط_العمران":null,"نوع_طبيعة_المنطقة":null,"سعر_العمارة":null,"نوع_الأرض":null,"المساحة_كم2":null,"GlobalID":"{EEEB2780-C067-4CC8-9BF6-67BE6156872D}","created_user":"gpr.gps","created_date":"2026-04-11T07:55:37Z","last_edited_user":"gpr.gps","last_edited_date":"2026-04-11T07:55:37Z","مساحة_كم2":null,"SHAPE_Length":59.56231724392289,"SHAPE_Area":220.1364554435293},"geometry":{"type":"Polygon","coordinates":[[[32.749851,25.88759],[32.749937,25.887694],[32.750059,25.887598],[32.749978,25.887504],[32.749851,25.88759]]]}},{"type":"Feature","properties":{"source_layer":"Building","source_feature_count":1,"BuildingType":2,"land_use":"سكنى","اسم_المحور":null,"اسم_المحافظة":null,"متوسط_عدد_الادوار_بالعقار":null,"متوسط_عدد_الشقق_بالدور":null,"متوسط_مساحة_الشقق_بالمنطقة":null,"نوع_نمط_العمران":null,"نوع_طبيعة_المنطقة":null,"سعر_العمارة":null,"نوع_الأرض":null,"المساحة_كم2":null,"GlobalID":"{19A22BDE-70FA-4693-A6DD-3D4BE50DE41F}","created_user":"gpr.gps","created_date":"2026-04-11T07:55:37Z","last_edited_user":"gpr.gps","last_edited_date":"2026-04-11T07:55:37Z","مساحة_كم2":null,"SHAPE_Length":53.45714537068375,"SHAPE_Area":149.47096156895833},"geometry":{"type":"Polygon","coordinates":[[[32.749876,25.887742],[32.749824,25.887557],[32.749767,25.887609],[32.749876,25.887742]]]}},{"type":"Feature","properties":{"source_layer":"Building","source_feature_count":1,"BuildingType":2,"land_use":"سكنى","اسم_المحور":null,"اسم_المحافظة":null,"متوسط_عدد_الادوار_بالعقار":null,"متوسط_عدد_الشقق_بالدور":null,"متوسط_مساحة_الشقق_بالمنطقة":null,"نوع_نمط_العمران":null,"نوع_طبيعة_المنطقة":null,"سعر_العمارة":null,"نوع_الأرض":null,"المساحة_كم2":null,"GlobalID":"{3D83D430-467D-434C-B460-4879C005CBB9}","created_user":"gpr.gps","created_date":"2026-04-11T07:55:37Z","last_edited_user":"gpr.gps","last_edited_date":"2026-04-11T07:55:37Z","مساحة_كم2":null,"SHAPE_Length":62.97576705838849,"SHAPE_Area":242.23792050578285},"geometry":{"type":"Polygon","coordinates":[[[32.747058,25.885393],[32.747181,25.885446],[32.747265,25.885308],[32.747151,25.885247],[32.747058,25.885393]]]}},{"type":"Feature","properties":{"source_layer":"Building","source_feature_count":1,"BuildingType":2,"land_use":"سكنى","اسم_المحور":null,"اسم_المحافظة":null,"متوسط_عدد_الادوار_بالعقار":null,"متوسط_عدد_الشقق_بالدور":null,"متوسط_مساحة_الشقق_بالمنطقة":null,"نوع_نمط_العمران":null,"نوع_طبيعة_المنطقة":null,"سعر_العمارة":null,"نوع_الأرض":null,"المساحة_كم2":null,"GlobalID":"{B7D8B2BC-72A2-42EC-AD4C-25CCB52FB4DF}","created_user":"gpr.gps","created_date":"2026-04-11T07:55:37Z","last_edited_user":"gpr.gps","last_edited_date":"2026-04-11T07:55:37Z","مساحة_كم2":null,"SHAPE_Length":61.188366732228744,"SHAPE_Area":223.27987218171606},"geometry":{"type":"Polygon","coordinates":[[[32.747101,25.885078],[32.747331,25.8851],[32.747199,25.884999],[32.747101,25.885078]]]}},{"type":"Feature","properties":{"source_layer":"Building","source_feature_count":1,"BuildingType":2,"land_use":"سكنى","اسم_المحور":null,"اسم_المحافظة":null,"متوسط_عدد_الادوار_بالعقار":null,"متوسط_عدد_الشقق_بالدور":null,"متوسط_مساحة_الشقق_بالمنطقة":null,"نوع_نمط_العمران":null,"نوع_طبيعة_المنطقة":null,"سعر_العمارة":null,"نوع_الأرض":null,"المساحة_كم2":null,"GlobalID":"{597452F4-4F76-4D27-898B-A3BB4E214972}","created_user":"gpr.gps","created_date":"2026-04-11T07:55:37Z","last_edited_user":"gpr.gps","last_edited_date":"2026-04-11T07:55:37Z","مساحة_كم2":null,"SHAPE_Length":47.78021007941966,"SHAPE_Area":140.76937473255344},"geometry":{"type":"Polygon","coordinates":[[[32.747176,25.885127],[32.747007,25.885138],[32.747123,25.885208],[32.747176,25.885127]]]}},{"type":"Feature","properties":{"source_layer":"Building","source_feature_count":1,"BuildingType":2,"land_use":"سكنى","اسم_المحور":null,"اسم_المحافظة":null,"متوسط_عدد_الادوار_بالعقار":null,"متوسط_عدد_الشقق_بالدور":null,"متوسط_مساحة_الشقق_بالمنطقة":null,"نوع_نمط_العمران":null,"نوع_طبيعة_المنطقة":null,"سعر_العمارة":null,"نوع_الأرض":null,"المساحة_كم2":null,"GlobalID":"{2722CC8C-8687-4230-95DD-C56309B9777C}","created_user":"gpr.gps","created_date":"2026-04-11T07:55:37Z","last_edited_user":"gpr.gps","last_edited_date":"2026-04-11T07:55:37Z","مساحة_كم2":null,"SHAPE_Length":63.02859071835189,"SHAPE_Area":242.7439524586755},"geometry":{"type":"Polygon","coordinates":[[[32.74727,25.885489],[32.747389,25.885536],[32.747473,25.88541],[32.747355,25.885334],[32.74727,25.885489]]]}},{"type":"Feature","properties":{"source_layer":"Building","source_feature_count":1,"BuildingType":2,"land_use":"سكنى","اسم_المحور":null,"اسم_المحافظة":null,"متوسط_عدد_الادوار_بالعقار":null,"متوسط_عدد_الشقق_بالدور":null,"متوسط_مساحة_الشقق_بالمنطقة":null,"نوع_نمط_العمران":null,"نوع_طبيعة_المنطقة":null,"سعر_العمارة":null,"نوع_الأرض":null,"المساحة_كم2":null,"GlobalID":"{F236EB18-FFAC-4F6B-86CB-F2459BFE72EF}","created_user":"gpr.gps","created_date":"2026-04-11T07:55:37Z","last_edited_user":"gpr.gps","last_edited_date":"2026-04-11T07:55:37Z","مساحة_كم2":null,"SHAPE_Length":56.10344168375218,"SHAPE_Area":178.33087828342718},"geometry":{"type":"Polygon","coordinates":[[[32.747321,25.885313],[32.747473,25.88541],[32.747524,25.885335],[32.747378,25.885241],[32.747321,25.885313]]]}},{"type":"Feature","properties":{"source_layer":"Building","source_feature_count":1,"BuildingType":2,"land_use":"سكنى","اسم_المحور":null,"اسم_المحافظة":null,"متوسط_عدد_الادوار_بالعقار":null,"متوسط_عدد_الشقق_بالدور":null,"متوسط_مساحة_الشقق_بالمنطقة":null,"نوع_نمط_العمران":null,"نوع_طبيعة_المنطقة":null,"سعر_العمارة":null,"نوع_الأرض":null,"المساحة_كم2":null,"GlobalID":"{FC210FB5-EA9C-405B-B6B1-0B16EDDB040E}","created_user":"gpr.gps","created_date":"2026-04-11T07:55:37Z","last_edited_user":"gpr.gps","last_edited_date":"2026-04-11T07:55:37Z","مساحة_كم2":null,"SHAPE_Length":86.4230500006298,"SHAPE_Area":473.86976774991274},"geometry":{"type":"Polygon","coordinates":[[[32.747588,25.885305],[32.74748,25.885436],[32.7477,25.885558],[32.747784,25.885411],[32.747588,25.885305]]]}},{"type":"Feature","properties":{"source_layer":"Building","source_feature_count":1,"BuildingType":2,"land_use":"سكنى","اسم_المحور":null,"اسم_المحافظة":null,"متوسط_عدد_الادوار_بالعقار":null,"متوسط_عدد_الشقق_بالدور":null,"متوسط_مساحة_الشقق_بالمنطقة":null,"نوع_نمط_العمران":null,"نوع_طبيعة_المنطقة":null,"سعر_العمارة":null,"نوع_الأرض":null,"المساحة_كم2":null,"GlobalID":"{91BDF506-E4FA-4560-92F6-FB411584F28A}","created_user":"gpr.gps","created_date":"2026-04-11T07:55:37Z","last_edited_user":"gpr.gps","last_edited_date":"2026-04-11T07:55:37Z","مساحة_كم2":null,"SHAPE_Length":64.09175558959126,"SHAPE_Area":255.42162389706277},"geometry":{"type":"Polygon","coordinates":[[[32.808475,25.939688],[32.808621,25.93965],[32.808583,25.939503],[32.808439,25.939535],[32.808475,25.939688]]]}},{"type":"Feature","properties":{"source_layer":"Building","source_feature_count":1,"BuildingType":2,"land_use":"سكنى","اسم_المحور":null,"اسم_المحافظة":null,"متوسط_عدد_الادوار_بالعقار":null,"متوسط_عدد_الشقق_بالدور":null,"متوسط_مساحة_الشقق_بالمنطقة":null,"نوع_نمط_العمران":null,"نوع_طبيعة_المنطقة":null,"سعر_العمارة":null,"نوع_الأرض":null,"المساحة_كم2":null,"GlobalID":"{241A66AB-1B45-42B5-A64D-5A3044EC8C8A}","created_user":"gpr.gps","created_date":"2026-04-11T07:55:37Z","last_edited_user":"gpr.gps","last_edited_date":"2026-04-11T07:55:37Z","مساحة_كم2":null,"SHAPE_Length":60.85357976456456,"SHAPE_Area":206.92486319166852},"geometry":{"type":"Polygon","coordinates":[[[32.76264,25.95782],[32.762753,25.957656],[32.76259,25.957712],[32.76264,25.95782]]]}},{"type":"Feature","properties":{"source_layer":"Building","source_feature_count":1,"BuildingType":2,"land_use":"سكنى","اسم_المحور":null,"اسم_المحافظة":null,"متوسط_عدد_الادوار_بالعقار":null,"متوسط_عدد_الشقق_بالدور":null,"متوسط_مساحة_الشقق_بالمنطقة":null,"نوع_نمط_العمران":null,"نوع_طبيعة_المنطقة":null,"سعر_العمارة":null,"نوع_الأرض":null,"المساحة_كم2":null,"GlobalID":"{D4A313B7-A950-4E86-A32F-6C2C9A49C2F4}","created_user":"gpr.gps","created_date":"2026-04-11T07:55:37Z","last_edited_user":"gpr.gps","last_edited_date":"2026-04-11T07:55:37Z","مساحة_كم2":null,"SHAPE_Length":56.72052141601937,"SHAPE_Area":158.3209842685612},"geometry":{"type":"Polygon","coordinates":[[[32.762902,25.957729],[32.762854,25.95762],[32.762753,25.957656],[32.76276,25.957778],[32.762902,25.957729]]]}},{"type":"Feature","properties":{"source_layer":"Building","source_feature_count":1,"BuildingType":2,"land_use":"سكنى","اسم_المحور":null,"اسم_المحافظة":null,"متوسط_عدد_الادوار_بالعقار":null,"متوسط_عدد_الشقق_بالدور":null,"متوسط_مساحة_الشقق_بالمنطقة":null,"نوع_نمط_العمران":null,"نوع_طبيعة_المنطقة":null,"سعر_العمارة":null,"نوع_الأرض":null,"المساحة_كم2":null,"GlobalID":"{0E3D9080-C10F-49C4-B02D-3BDB4748404B}","created_user":"gpr.gps","created_date":"2026-04-11T07:55:37Z","last_edited_user":"gpr.gps","last_edited_date":"2026-04-11T07:55:37Z","مساحة_كم2":null,"SHAPE_Length":47.016705708365734,"SHAPE_Area":136.66949259750464},"geometry":{"type":"Polygon","coordinates":[[[32.762999,25.957696],[32.762954,25.957586],[32.762854,25.95762],[32.762902,25.957729],[32.762999,25.957696]]]}},{"type":"Feature","properties":{"source_layer":"Building","source_feature_count":1,"BuildingType":2,"land_use":"سكنى","اسم_المحور":null,"اسم_المحافظة":null,"متوسط_عدد_الادوار_بالعقار":null,"متوسط_عدد_الشقق_بالدور":null,"متوسط_مساحة_الشقق_بالمنطقة":null,"نوع_نمط_العمران":null,"نوع_طبيعة_المنطقة":null,"سعر_العمارة":null,"نوع_الأرض":null,"المساحة_كم2":null,"GlobalID":"{7CBD1B32-705C-4BAC-9761-198B2C619DCB}","created_user":"gpr.gps","created_date":"2026-04-11T07:55:37Z","last_edited_user":"gpr.gps","last_edited_date":"2026-04-11T07:55:37Z","مساحة_كم2":null,"SHAPE_Length":51.07009294313994,"SHAPE_Area":162.95572778647988},"geometry":{"type":"Polygon","coordinates":[[[32.763117,25.957655],[32.76307,25.957546],[32.762954,25.957586],[32.762999,25.957696],[32.763117,25.957655]]]}},{"type":"Feature","properties":{"source_layer":"Building","source_feature_count":1,"BuildingType":2,"land_use":"سكنى","اسم_المحور":null,"اسم_المحافظة":null,"متوسط_عدد_الادوار_بالعقار":null,"متوسط_عدد_الشقق_بالدور":null,"متوسط_مساحة_الشقق_بالمنطقة":null,"نوع_نمط_العمران":null,"نوع_طبيعة_المنطقة":null,"سعر_العمارة":null,"نوع_الأرض":null,"المساحة_كم2":null,"GlobalID":"{3A1F5327-97B7-42FB-B3E7-8E651DE7F831}","created_user":"gpr.gps","created_date":"2026-04-11T07:55:37Z","last_edited_user":"gpr.gps","last_edited_date":"2026-04-11T07:55:37Z","مساحة_كم2":null,"SHAPE_Length":49.416388206802374,"SHAPE_Area":152.17254341599417},"geometry":{"type":"Polygon","coordinates":[[[32.763191,25.95763],[32.763301,25.957592],[32.763255,25.957482],[32.763146,25.957519],[32.763191,25.95763]]]}},{"type":"Feature","properties":{"source_layer":"Building","source_feature_count":1,"BuildingType":2,"land_use":"سكنى","اسم_المحور":null,"اسم_المحافظة":null,"متوسط_عدد_الادوار_بالعقار":null,"متوسط_عدد_الشقق_بالدور":null,"متوسط_مساحة_الشقق_بالمنطقة":null,"نوع_نمط_العمران":null,"نوع_طبيعة_المنطقة":null,"سعر_العمارة":null,"نوع_الأرض":null,"المساحة_كم2":null,"GlobalID":"{D6810A12-DEAC-4404-BEA3-8BA3F781AC77}","created_user":"gpr.gps","created_date":"2026-04-11T07:55:37Z","last_edited_user":"gpr.gps","last_edited_date":"2026-04-11T07:55:37Z","مساحة_كم2":null,"SHAPE_Length":50.897121647238,"SHAPE_Area":160.35723217855008},"geometry":{"type":"Polygon","coordinates":[[[32.76015,25.930975],[32.760214,25.93106],[32.760333,25.930992],[32.760263,25.930907],[32.76015,25.930975]]]}},{"type":"Feature","properties":{"source_layer":"Building","source_feature_count":1,"BuildingType":2,"land_use":"سكنى","اسم_المحور":null,"اسم_المحافظة":null,"متوسط_عدد_الادوار_بالعقار":null,"متوسط_عدد_الشقق_بالدور":null,"متوسط_مساحة_الشقق_بالمنطقة":null,"نوع_نمط_العمران":null,"نوع_طبيعة_المنطقة":null,"سعر_العمارة":null,"نوع_الأرض":null,"المساحة_كم2":null,"GlobalID":"{35B76214-1CBA-48FC-9DBC-1380A3E2166B}","created_user":"gpr.gps","created_date":"2026-04-11T07:55:37Z","last_edited_user":"gpr.gps","last_edited_date":"2026-04-11T07:55:37Z","مساحة_كم2":null,"SHAPE_Length":71.63025022414637,"SHAPE_Area":292.35415896248014},"geometry":{"type":"Polygon","coordinates":[[[32.760654,25.931181],[32.760737,25.93127],[32.760917,25.931147],[32.760846,25.931055],[32.760654,25.931181]]]}},{"type":"Feature","properties":{"source_layer":"Building","source_feature_count":1,"BuildingType":2,"land_use":"سكنى","اسم_المحور":null,"اسم_المحافظة":null,"متوسط_عدد_الادوار_بالعقار":null,"متوسط_عدد_الشقق_بالدور":null,"متوسط_مساحة_الشقق_بالمنطقة":null,"نوع_نمط_العمران":null,"نوع_طبيعة_المنطقة":null,"سعر_العمارة":null,"نوع_الأرض":null,"المساحة_كم2":null,"GlobalID":"{EAB8ACC5-AAA6-40BE-A533-0BE04308C325}","created_user":"gpr.gps","created_date":"2026-04-11T07:55:37Z","last_edited_user":"gpr.gps","last_edited_date":"2026-04-11T07:55:37Z","مساحة_كم2":null,"SHAPE_Length":36.12285020701899,"SHAPE_Area":80.71212463123693},"geometry":{"type":"Polygon","coordinates":[[[32.761931,25.933872],[32.761959,25.933762],[32.761882,25.933815],[32.761931,25.933872]]]}},{"type":"Feature","properties":{"source_layer":"Building","source_feature_count":1,"BuildingType":2,"land_use":"سكنى","اسم_المحور":null,"اسم_المحافظة":null,"متوسط_عدد_الادوار_بالعقار":null,"متوسط_عدد_الشقق_بالدور":null,"متوسط_مساحة_الشقق_بالمنطقة":null,"نوع_نمط_العمران":null,"نوع_طبيعة_المنطقة":null,"سعر_العمارة":null,"نوع_الأرض":null,"المساحة_كم2":null,"GlobalID":"{5E75755C-0771-4974-B32E-94DD5127050E}","created_user":"gpr.gps","created_date":"2026-04-11T07:55:37Z","last_edited_user":"gpr.gps","last_edited_date":"2026-04-11T07:55:37Z","مساحة_كم2":null,"SHAPE_Length":35.4396268702279,"SHAPE_Area":78.44582122605154},"geometry":{"type":"Polygon","coordinates":[[[32.76212,25.933651],[32.762102,25.933762],[32.762176,25.933714],[32.76212,25.933651]]]}},{"type":"Feature","properties":{"source_layer":"Building","source_feature_count":1,"BuildingType":2,"land_use":"سكنى","اسم_المحور":null,"اسم_المحافظة":null,"متوسط_عدد_الادوار_بالعقار":null,"متوسط_عدد_الشقق_بالدور":null,"متوسط_مساحة_الشقق_بالمنطقة":null,"نوع_نمط_العمران":null,"نوع_طبيعة_المنطقة":null,"سعر_العمارة":null,"نوع_الأرض":null,"المساحة_كم2":null,"GlobalID":"{D04949D4-BC98-49BC-85F6-E3B306CC71EF}","created_user":"gpr.gps","created_date":"2026-04-11T07:55:37Z","last_edited_user":"gpr.gps","last_edited_date":"2026-04-11T07:55:37Z","مساحة_كم2":null,"SHAPE_Length":47.96234933250909,"SHAPE_Area":126.85505271783887},"geometry":{"type":"Polygon","coordinates":[[[32.762523,25.93392],[32.762348,25.93395],[32.762391,25.93401],[32.762523,25.93392]]]}},{"type":"Feature","properties":{"source_layer":"Building","source_feature_count":1,"BuildingType":2,"land_use":"سكنى","اسم_المحور":null,"اسم_المحافظة":null,"متوسط_عدد_الادوار_بالعقار":null,"متوسط_عدد_الشقق_بالدور":null,"متوسط_مساحة_الشقق_بالمنطقة":null,"نوع_نمط_العمران":null,"نوع_طبيعة_المنطقة":null,"سعر_العمارة":null,"نوع_الأرض":null,"المساحة_كم2":null,"GlobalID":"{A46FF29E-69E8-45EE-B0C8-79317F9190C2}","created_user":"gpr.gps","created_date":"2026-04-11T07:55:37Z","last_edited_user":"gpr.gps","last_edited_date":"2026-04-11T07:55:37Z","مساحة_كم2":null,"SHAPE_Length":40.338934778441,"SHAPE_Area":96.45752255407298},"geometry":{"type":"Polygon","coordinates":[[[32.762244,25.933912],[32.762239,25.933782],[32.762162,25.93383],[32.762244,25.933912]]]}},{"type":"Feature","properties":{"source_layer":"Building","source_feature_count":1,"BuildingType":2,"land_use":"سكنى","اسم_المحور":null,"اسم_المحافظة":null,"متوسط_عدد_الادوار_بالعقار":null,"متوسط_عدد_الشقق_بالدور":null,"متوسط_مساحة_الشقق_بالمنطقة":null,"نوع_نمط_العمران":null,"نوع_طبيعة_المنطقة":null,"سعر_العمارة":null,"نوع_الأرض":null,"المساحة_كم2":null,"GlobalID":"{D077F181-9F23-45D1-A61C-3A21C94EF7F6}","created_user":"gpr.gps","created_date":"2026-04-11T07:55:37Z","last_edited_user":"gpr.gps","last_edited_date":"2026-04-11T07:55:37Z","مساحة_كم2":null,"SHAPE_Length":48.344350912749704,"SHAPE_Area":145.31864119586493},"geometry":{"type":"Polygon","coordinates":[[[32.762244,25.933912],[32.762162,25.93383],[32.762068,25.93389],[32.762147,25.933977],[32.762244,25.933912]]]}},{"type":"Feature","properties":{"source_layer":"Building","source_feature_count":1,"BuildingType":2,"land_use":"سكنى","اسم_المحور":null,"اسم_المحافظة":null,"متوسط_عدد_الادوار_بالعقار":null,"متوسط_عدد_الشقق_بالدور":null,"متوسط_مساحة_الشقق_بالمنطقة":null,"نوع_نمط_العمران":null,"نوع_طبيعة_المنطقة":null,"سعر_العمارة":null,"نوع_الأرض":null,"المساحة_كم2":null,"GlobalID":"{7B1071CA-0BDD-4078-AA4B-79C2ABFF5542}","created_user":"gpr.gps","created_date":"2026-04-11T07:55:37Z","last_edited_user":"gpr.gps","last_edited_date":"2026-04-11T07:55:37Z","مساحة_كم2":null,"SHAPE_Length":39.378030367160285,"SHAPE_Area":92.4269349641249},"geometry":{"type":"Polygon","coordinates":[[[32.762428,25.933792],[32.762417,25.933669],[32.762362,25.933704],[32.762428,25.933792]]]}},{"type":"Feature","properties":{"source_layer":"Building","source_feature_count":1,"BuildingType":2,"land_use":"سكنى","اسم_المحور":null,"اسم_المحافظة":null,"متوسط_عدد_الادوار_بالعقار":null,"متوسط_عدد_الشقق_بالدور":null,"متوسط_مساحة_الشقق_بالمنطقة":null,"نوع_نمط_العمران":null,"نوع_طبيعة_المنطقة":null,"سعر_العمارة":null,"نوع_الأرض":null,"المساحة_كم2":null,"GlobalID":"{87675EA8-AF3B-4126-B3C3-0FE8E7E4BFBA}","created_user":"gpr.gps","created_date":"2026-04-11T07:55:37Z","last_edited_user":"gpr.gps","last_edited_date":"2026-04-11T07:55:37Z","مساحة_كم2":null,"SHAPE_Length":48.79042556575006,"SHAPE_Area":140.93246618463294},"geometry":{"type":"Polygon","coordinates":[[[32.762473,25.933866],[32.762414,25.933801],[32.762297,25.933878],[32.762348,25.93395],[32.762473,25.933866]]]}},{"type":"Feature","properties":{"source_layer":"Building","source_feature_count":1,"BuildingType":2,"land_use":"سكنى","اسم_المحور":null,"اسم_المحافظة":null,"متوسط_عدد_الادوار_بالعقار":null,"متوسط_عدد_الشقق_بالدور":null,"متوسط_مساحة_الشقق_بالمنطقة":null,"نوع_نمط_العمران":null,"نوع_طبيعة_المنطقة":null,"سعر_العمارة":null,"نوع_الأرض":null,"المساحة_كم2":null,"GlobalID":"{3ED877C9-045C-4313-B8C7-007D91C919B3}","created_user":"gpr.gps","created_date":"2026-04-11T07:55:37Z","last_edited_user":"gpr.gps","last_edited_date":"2026-04-11T07:55:37Z","مساحة_كم2":null,"SHAPE_Length":45.9938374030387,"SHAPE_Area":129.97929708095455},"geometry":{"type":"Polygon","coordinates":[[[32.762712,25.933974],[32.762634,25.93388],[32.762554,25.933932],[32.762629,25.934027],[32.762712,25.933974]]]}},{"type":"Feature","properties":{"source_layer":"Building","source_feature_count":1,"BuildingType":2,"land_use":"سكنى","اسم_المحور":null,"اسم_المحافظة":null,"متوسط_عدد_الادوار_بالعقار":null,"متوسط_عدد_الشقق_بالدور":null,"متوسط_مساحة_الشقق_بالمنطقة":null,"نوع_نمط_العمران":null,"نوع_طبيعة_المنطقة":null,"سعر_العمارة":null,"نوع_الأرض":null,"المساحة_كم2":null,"GlobalID":"{0AF255C3-6F95-4B28-9576-3108247EF05D}","created_user":"gpr.gps","created_date":"2026-04-11T07:55:37Z","last_edited_user":"gpr.gps","last_edited_date":"2026-04-11T07:55:37Z","مساحة_كم2":null,"SHAPE_Length":41.621057397098205,"SHAPE_Area":102.3192267516708},"geometry":{"type":"Polygon","coordinates":[[[32.762554,25.933932],[32.762567,25.934068],[32.762629,25.934027],[32.762554,25.933932]]]}},{"type":"Feature","properties":{"source_layer":"Building","source_feature_count":1,"BuildingType":2,"land_use":"سكنى","اسم_المحور":null,"اسم_المحافظة":null,"متوسط_عدد_الادوار_بالعقار":null,"متوسط_عدد_الشقق_بالدور":null,"متوسط_مساحة_الشقق_بالمنطقة":null,"نوع_نمط_العمران":null,"نوع_طبيعة_المنطقة":null,"سعر_العمارة":null,"نوع_الأرض":null,"المساحة_كم2":null,"GlobalID":"{C844FA81-0C1A-4F64-AE2B-9EF0AFE3B1BC}","created_user":"gpr.gps","created_date":"2026-04-11T07:55:37Z","last_edited_user":"gpr.gps","last_edited_date":"2026-04-11T07:55:37Z","مساحة_كم2":null,"SHAPE_Length":43.41233223208171,"SHAPE_Area":116.67907295109079},"geometry":{"type":"Polygon","coordinates":[[[32.762553,25.934308],[32.762709,25.934309],[32.762644,25.934241],[32.762553,25.934308]]]}},{"type":"Feature","properties":{"source_layer":"Building","source_feature_count":1,"BuildingType":2,"land_use":"سكنى","اسم_المحور":null,"اسم_المحافظة":null,"متوسط_عدد_الادوار_بالعقار":null,"متوسط_عدد_الشقق_بالدور":null,"متوسط_مساحة_الشقق_بالمنطقة":null,"نوع_نمط_العمران":null,"نوع_طبيعة_المنطقة":null,"سعر_العمارة":null,"نوع_الأرض":null,"المساحة_كم2":null,"GlobalID":"{D799588F-0FE4-49DD-B3D7-D271897AADF7}","created_user":"gpr.gps","created_date":"2026-04-11T07:55:37Z","last_edited_user":"gpr.gps","last_edited_date":"2026-04-11T07:55:37Z","مساحة_كم2":null,"SHAPE_Length":45.419622603984514,"SHAPE_Area":127.03271721560154},"geometry":{"type":"Polygon","coordinates":[[[32.762709,25.934309],[32.762743,25.934169],[32.762644,25.934241],[32.762709,25.934309]]]}},{"type":"Feature","properties":{"source_layer":"Building","source_feature_count":1,"BuildingType":2,"land_use":"سكنى","اسم_المحور":null,"اسم_المحافظة":null,"متوسط_عدد_الادوار_بالعقار":null,"متوسط_عدد_الشقق_بالدور":null,"متوسط_مساحة_الشقق_بالمنطقة":null,"نوع_نمط_العمران":null,"نوع_طبيعة_المنطقة":null,"سعر_العمارة":null,"نوع_الأرض":null,"المساحة_كم2":null,"GlobalID":"{339AFA49-58AB-445C-B5BA-99BECB10EE5F}","created_user":"gpr.gps","created_date":"2026-04-11T07:55:37Z","last_edited_user":"gpr.gps","last_edited_date":"2026-04-11T07:55:37Z","مساحة_كم2":null,"SHAPE_Length":49.00831660669961,"SHAPE_Area":146.40123666713743},"geometry":{"type":"Polygon","coordinates":[[[32.762853,25.93409],[32.762743,25.934169],[32.762809,25.934239],[32.762922,25.93416],[32.762853,25.93409]]]}},{"type":"Feature","properties":{"source_layer":"Building","source_feature_count":1,"BuildingType":2,"land_use":"سكنى","اسم_المحور":null,"اسم_المحافظة":null,"متوسط_عدد_الادوار_بالعقار":null,"متوسط_عدد_الشقق_بالدور":null,"متوسط_مساحة_الشقق_بالمنطقة":null,"نوع_نمط_العمران":null,"نوع_طبيعة_المنطقة":null,"سعر_العمارة":null,"نوع_الأرض":null,"المساحة_كم2":null,"GlobalID":"{5F2C1DA6-0A16-473B-9849-31AC83B71F93}","created_user":"gpr.gps","created_date":"2026-04-11T07:55:37Z","last_edited_user":"gpr.gps","last_edited_date":"2026-04-11T07:55:37Z","مساحة_كم2":null,"SHAPE_Length":36.85221437942375,"SHAPE_Area":81.80037235360886},"geometry":{"type":"Polygon","coordinates":[[[32.762348,25.935107],[32.762216,25.935108],[32.762265,25.935163],[32.762348,25.935107]]]}},{"type":"Feature","properties":{"source_layer":"Building","source_feature_count":1,"BuildingType":2,"land_use":"سكنى","اسم_المحور":null,"اسم_المحافظة":null,"متوسط_عدد_الادوار_بالعقار":null,"متوسط_عدد_الشقق_بالدور":null,"متوسط_مساحة_الشقق_بالمنطقة":null,"نوع_نمط_العمران":null,"نوع_طبيعة_المنطقة":null,"سعر_العمارة":null,"نوع_الأرض":null,"المساحة_كم2":null,"GlobalID":"{0676FA56-A429-4B73-A6C4-6BF8B5B24E7E}","created_user":"gpr.gps","created_date":"2026-04-11T07:55:37Z","last_edited_user":"gpr.gps","last_edited_date":"2026-04-11T07:55:37Z","مساحة_كم2":null,"SHAPE_Length":36.84067572110761,"SHAPE_Area":83.04409458351851},"geometry":{"type":"Polygon","coordinates":[[[32.763114,25.934789],[32.76312,25.934909],[32.76318,25.934859],[32.763114,25.934789]]]}},{"type":"Feature","properties":{"source_layer":"Building","source_feature_count":1,"BuildingType":2,"land_use":"سكنى","اسم_المحور":null,"اسم_المحافظة":null,"متوسط_عدد_الادوار_بالعقار":null,"متوسط_عدد_الشقق_بالدور":null,"متوسط_مساحة_الشقق_بالمنطقة":null,"نوع_نمط_العمران":null,"نوع_طبيعة_المنطقة":null,"سعر_العمارة":null,"نوع_الأرض":null,"المساحة_كم2":null,"GlobalID":"{DB6AFFBD-ED11-4212-AA62-C10FA0A56DDB}","created_user":"gpr.gps","created_date":"2026-04-11T07:55:37Z","last_edited_user":"gpr.gps","last_edited_date":"2026-04-11T07:55:37Z","مساحة_كم2":null,"SHAPE_Length":49.939507034395774,"SHAPE_Area":150.71233851429298},"geometry":{"type":"Polygon","coordinates":[[[32.763007,25.934363],[32.762892,25.934444],[32.762957,25.934514],[32.763075,25.934434],[32.763007,25.934363]]]}},{"type":"Feature","properties":{"source_layer":"Building","source_feature_count":1,"BuildingType":2,"land_use":"سكنى","اسم_المحور":null,"اسم_المحافظة":null,"متوسط_عدد_الادوار_بالعقار":null,"متوسط_عدد_الشقق_بالدور":null,"متوسط_مساحة_الشقق_بالمنطقة":null,"نوع_نمط_العمران":null,"نوع_طبيعة_المنطقة":null,"سعر_العمارة":null,"نوع_الأرض":null,"المساحة_كم2":null,"GlobalID":"{51B4D5CA-A1A7-4DF9-B308-D5F33F6C95C7}","created_user":"gpr.gps","created_date":"2026-04-11T07:55:37Z","last_edited_user":"gpr.gps","last_edited_date":"2026-04-11T07:55:37Z","مساحة_كم2":null,"SHAPE_Length":42.642161076929995,"SHAPE_Area":112.36738243799739},"geometry":{"type":"Polygon","coordinates":[[[32.762935,25.934305],[32.76309,25.934306],[32.763024,25.934239],[32.762935,25.934305]]]}},{"type":"Feature","properties":{"source_layer":"Building","source_feature_count":1,"BuildingType":2,"land_use":"سكنى","اسم_المحور":null,"اسم_المحافظة":null,"متوسط_عدد_الادوار_بالعقار":null,"متوسط_عدد_الشقق_بالدور":null,"متوسط_مساحة_الشقق_بالمنطقة":null,"نوع_نمط_العمران":null,"نوع_طبيعة_المنطقة":null,"سعر_العمارة":null,"نوع_الأرض":null,"المساحة_كم2":null,"GlobalID":"{AEA537B7-B25A-4752-A2E3-BC141CA4A395}","created_user":"gpr.gps","created_date":"2026-04-11T07:55:37Z","last_edited_user":"gpr.gps","last_edited_date":"2026-04-11T07:55:37Z","مساحة_كم2":null,"SHAPE_Length":40.97174039865014,"SHAPE_Area":104.70574761038199},"geometry":{"type":"Polygon","coordinates":[[[32.763801,25.933619],[32.763821,25.933489],[32.763745,25.933548],[32.763801,25.933619]]]}},{"type":"Feature","properties":{"source_layer":"Building","source_feature_count":1,"BuildingType":2,"land_use":"سكنى","اسم_المحور":null,"اسم_المحافظة":null,"متوسط_عدد_الادوار_بالعقار":null,"متوسط_عدد_الشقق_بالدور":null,"متوسط_مساحة_الشقق_بالمنطقة":null,"نوع_نمط_العمران":null,"نوع_طبيعة_المنطقة":null,"سعر_العمارة":null,"نوع_الأرض":null,"المساحة_كم2":null,"GlobalID":"{DA7B24B4-5D32-4D9C-A85A-46B8A713170D}","created_user":"gpr.gps","created_date":"2026-04-11T07:55:37Z","last_edited_user":"gpr.gps","last_edited_date":"2026-04-11T07:55:37Z","مساحة_كم2":null,"SHAPE_Length":45.422565815208806,"SHAPE_Area":125.15488782137635},"geometry":{"type":"Polygon","coordinates":[[[32.763904,25.933587],[32.763889,25.933436],[32.763821,25.933489],[32.763904,25.933587]]]}},{"type":"Feature","properties":{"source_layer":"Building","source_feature_count":1,"BuildingType":2,"land_use":"سكنى","اسم_المحور":null,"اسم_المحافظة":null,"متوسط_عدد_الادوار_بالعقار":null,"متوسط_عدد_الشقق_بالدور":null,"متوسط_مساحة_الشقق_بالمنطقة":null,"نوع_نمط_العمران":null,"نوع_طبيعة_المنطقة":null,"سعر_العمارة":null,"نوع_الأرض":null,"المساحة_كم2":null,"GlobalID":"{A78627AE-9FDB-4F0E-B28A-6DBD29D70293}","created_user":"gpr.gps","created_date":"2026-04-11T07:55:37Z","last_edited_user":"gpr.gps","last_edited_date":"2026-04-11T07:55:37Z","مساحة_كم2":null,"SHAPE_Length":45.01999404413096,"SHAPE_Area":126.07792026933122},"geometry":{"type":"Polygon","coordinates":[[[32.7646,25.936346],[32.764608,25.936203],[32.764525,25.936261],[32.7646,25.936346]]]}},{"type":"Feature","properties":{"source_layer":"Building","source_feature_count":1,"BuildingType":2,"land_use":"سكنى","اسم_المحور":null,"اسم_المحافظة":null,"متوسط_عدد_الادوار_بالعقار":null,"متوسط_عدد_الشقق_بالدور":null,"متوسط_مساحة_الشقق_بالمنطقة":null,"نوع_نمط_العمران":null,"نوع_طبيعة_المنطقة":null,"سعر_العمارة":null,"نوع_الأرض":null,"المساحة_كم2":null,"GlobalID":"{C2987B66-A413-4ADC-AFCF-FE820C690858}","created_user":"gpr.gps","created_date":"2026-04-11T07:55:37Z","last_edited_user":"gpr.gps","last_edited_date":"2026-04-11T07:55:37Z","مساحة_كم2":null,"SHAPE_Length":74.06450312724805,"SHAPE_Area":341.2480699810545},"geometry":{"type":"Polygon","coordinates":[[[32.764789,25.936508],[32.764919,25.936628],[32.765061,25.936521],[32.764923,25.936402],[32.764789,25.936508]]]}},{"type":"Feature","properties":{"source_layer":"Building","source_feature_count":1,"BuildingType":2,"land_use":"سكنى","اسم_المحور":null,"اسم_المحافظة":null,"متوسط_عدد_الادوار_بالعقار":null,"متوسط_عدد_الشقق_بالدور":null,"متوسط_مساحة_الشقق_بالمنطقة":null,"نوع_نمط_العمران":null,"نوع_طبيعة_المنطقة":null,"سعر_العمارة":null,"نوع_الأرض":null,"المساحة_كم2":null,"GlobalID":"{D9DB4ADE-109E-4173-8F45-BC4F970ECE15}","created_user":"gpr.gps","created_date":"2026-04-11T07:55:37Z","last_edited_user":"gpr.gps","last_edited_date":"2026-04-11T07:55:37Z","مساحة_كم2":null,"SHAPE_Length":60.320306762332784,"SHAPE_Area":216.2644147864337},"geometry":{"type":"Polygon","coordinates":[[[32.765333,25.936324],[32.765213,25.936198],[32.765121,25.936264],[32.76524,25.936391],[32.765333,25.936324]]]}},{"type":"Feature","properties":{"source_layer":"Building","source_feature_count":1,"BuildingType":2,"land_use":"سكنى","اسم_المحور":null,"اسم_المحافظة":null,"متوسط_عدد_الادوار_بالعقار":null,"متوسط_عدد_الشقق_بالدور":null,"متوسط_مساحة_الشقق_بالمنطقة":null,"نوع_نمط_العمران":null,"نوع_طبيعة_المنطقة":null,"سعر_العمارة":null,"نوع_الأرض":null,"المساحة_كم2":null,"GlobalID":"{417E785F-B27C-4913-AFAF-5B3F4E7B9F01}","created_user":"gpr.gps","created_date":"2026-04-11T07:55:37Z","last_edited_user":"gpr.gps","last_edited_date":"2026-04-11T07:55:37Z","مساحة_كم2":null,"SHAPE_Length":53.21957660804032,"SHAPE_Area":170.39953742974382},"geometry":{"type":"Polygon","coordinates":[[[32.766309,25.936491],[32.766196,25.936397],[32.766116,25.936464],[32.766224,25.936562],[32.766309,25.936491]]]}},{"type":"Feature","properties":{"source_layer":"Building","source_feature_count":1,"BuildingType":2,"land_use":"سكنى","اسم_المحور":null,"اسم_المحافظة":null,"متوسط_عدد_الادوار_بالعقار":null,"متوسط_عدد_الشقق_بالدور":null,"متوسط_مساحة_الشقق_بالمنطقة":null,"نوع_نمط_العمران":null,"نوع_طبيعة_المنطقة":null,"سعر_العمارة":null,"نوع_الأرض":null,"المساحة_كم2":null,"GlobalID":"{756F5C19-4B00-41E9-9CED-46B992C8E130}","created_user":"gpr.gps","created_date":"2026-04-11T07:55:37Z","last_edited_user":"gpr.gps","last_edited_date":"2026-04-11T07:55:37Z","مساحة_كم2":null,"SHAPE_Length":43.55575342981542,"SHAPE_Area":117.17759184393474},"geometry":{"type":"Polygon","coordinates":[[[32.77183,25.941182],[32.771828,25.941042],[32.771754,25.941097],[32.77183,25.941182]]]}},{"type":"Feature","properties":{"source_layer":"Building","source_feature_count":1,"BuildingType":2,"land_use":"سكنى","اسم_المحور":null,"اسم_المحافظة":null,"متوسط_عدد_الادوار_بالعقار":null,"متوسط_عدد_الشقق_بالدور":null,"متوسط_مساحة_الشقق_بالمنطقة":null,"نوع_نمط_العمران":null,"نوع_طبيعة_المنطقة":null,"سعر_العمارة":null,"نوع_الأرض":null,"المساحة_كم2":null,"GlobalID":"{0D961041-3CF8-401D-83E7-76DD897D0A76}","created_user":"gpr.gps","created_date":"2026-04-11T07:55:37Z","last_edited_user":"gpr.gps","last_edited_date":"2026-04-11T07:55:37Z","مساحة_كم2":null,"SHAPE_Length":54.78800102092472,"SHAPE_Area":137.85351316362724},"geometry":{"type":"Polygon","coordinates":[[[32.783097,25.939252],[32.783052,25.939074],[32.782945,25.939123],[32.783097,25.939252]]]}},{"type":"Feature","properties":{"source_layer":"Building","source_feature_count":1,"BuildingType":2,"land_use":"سكنى","اسم_المحور":null,"اسم_المحافظة":null,"متوسط_عدد_الادوار_بالعقار":null,"متوسط_عدد_الشقق_بالدور":null,"متوسط_مساحة_الشقق_بالمنطقة":null,"نوع_نمط_العمران":null,"نوع_طبيعة_المنطقة":null,"سعر_العمارة":null,"نوع_الأرض":null,"المساحة_كم2":null,"GlobalID":"{D03001E9-42EC-42E5-9704-709854663128}","created_user":"gpr.gps","created_date":"2026-04-11T07:55:37Z","last_edited_user":"gpr.gps","last_edited_date":"2026-04-11T07:55:37Z","مساحة_كم2":null,"SHAPE_Length":55.685974260385834,"SHAPE_Area":186.7488873812374},"geometry":{"type":"Polygon","coordinates":[[[32.782857,25.939047],[32.782945,25.939123],[32.783052,25.939074],[32.783008,25.938959],[32.782857,25.939047]]]}},{"type":"Feature","properties":{"source_layer":"Building","source_feature_count":1,"BuildingType":2,"land_use":"سكنى","اسم_المحور":null,"اسم_المحافظة":null,"متوسط_عدد_الادوار_بالعقار":null,"متوسط_عدد_الشقق_بالدور":null,"متوسط_مساحة_الشقق_بالمنطقة":null,"نوع_نمط_العمران":null,"نوع_طبيعة_المنطقة":null,"سعر_العمارة":null,"نوع_الأرض":null,"المساحة_كم2":null,"GlobalID":"{99D02320-03B3-45BD-9A78-81E1F6CDB868}","created_user":"gpr.gps","created_date":"2026-04-11T07:55:37Z","last_edited_user":"gpr.gps","last_edited_date":"2026-04-11T07:55:37Z","مساحة_كم2":null,"SHAPE_Length":49.546532981720134,"SHAPE_Area":139.44179811661564},"geometry":{"type":"Polygon","coordinates":[[[32.781026,25.936411],[32.78105,25.936246],[32.780973,25.936275],[32.781026,25.936411]]]}},{"type":"Feature","properties":{"source_layer":"Building","source_feature_count":1,"BuildingType":2,"land_use":"سكنى","اسم_المحور":null,"اسم_المحافظة":null,"متوسط_عدد_الادوار_بالعقار":null,"متوسط_عدد_الشقق_بالدور":null,"متوسط_مساحة_الشقق_بالمنطقة":null,"نوع_نمط_العمران":null,"نوع_طبيعة_المنطقة":null,"سعر_العمارة":null,"نوع_الأرض":null,"المساحة_كم2":null,"GlobalID":"{DFC02A1A-E62B-4F52-96E0-1C1FE63D9310}","created_user":"gpr.gps","created_date":"2026-04-11T07:55:37Z","last_edited_user":"gpr.gps","last_edited_date":"2026-04-11T07:55:37Z","مساحة_كم2":null,"SHAPE_Length":47.536379238871696,"SHAPE_Area":133.44812387307311},"geometry":{"type":"Polygon","coordinates":[[[32.781162,25.936506],[32.781026,25.936411],[32.781075,25.936537],[32.781162,25.936506]]]}},{"type":"Feature","properties":{"source_layer":"Building","source_feature_count":1,"BuildingType":2,"land_use":"سكنى","اسم_المحور":null,"اسم_المحافظة":null,"متوسط_عدد_الادوار_بالعقار":null,"متوسط_عدد_الشقق_بالدور":null,"متوسط_مساحة_الشقق_بالمنطقة":null,"نوع_نمط_العمران":null,"نوع_طبيعة_المنطقة":null,"سعر_العمارة":null,"نوع_الأرض":null,"المساحة_كم2":null,"GlobalID":"{4FF6E161-6987-472C-9B7C-7C05BCE7B5D6}","created_user":"gpr.gps","created_date":"2026-04-11T07:55:37Z","last_edited_user":"gpr.gps","last_edited_date":"2026-04-11T07:55:37Z","مساحة_كم2":null,"SHAPE_Length":43.91608401908833,"SHAPE_Area":117.1651748545847},"geometry":{"type":"Polygon","coordinates":[[[32.761413,25.934092],[32.761254,25.934103],[32.761315,25.934164],[32.761413,25.934092]]]}},{"type":"Feature","properties":{"source_layer":"Building","source_feature_count":1,"BuildingType":2,"land_use":"سكنى","اسم_المحور":null,"اسم_المحافظة":null,"متوسط_عدد_الادوار_بالعقار":null,"متوسط_عدد_الشقق_بالدور":null,"متوسط_مساحة_الشقق_بالمنطقة":null,"نوع_نمط_العمران":null,"نوع_طبيعة_المنطقة":null,"سعر_العمارة":null,"نوع_الأرض":null,"المساحة_كم2":null,"GlobalID":"{2BE45BD6-A900-4649-A83F-0B571740557E}","created_user":"gpr.gps","created_date":"2026-04-11T07:55:37Z","last_edited_user":"gpr.gps","last_edited_date":"2026-04-11T07:55:37Z","مساحة_كم2":null,"SHAPE_Length":51.31321038899536,"SHAPE_Area":164.24103331152372},"geometry":{"type":"Polygon","coordinates":[[[32.761486,25.934266],[32.761305,25.934241],[32.761377,25.934331],[32.761486,25.934266]]]}},{"type":"Feature","properties":{"source_layer":"Building","source_feature_count":1,"BuildingType":2,"land_use":"سكنى","اسم_المحور":null,"اسم_المحافظة":null,"متوسط_عدد_الادوار_بالعقار":null,"متوسط_عدد_الشقق_بالدور":null,"متوسط_مساحة_الشقق_بالمنطقة":null,"نوع_نمط_العمران":null,"نوع_طبيعة_المنطقة":null,"سعر_العمارة":null,"نوع_الأرض":null,"المساحة_كم2":null,"GlobalID":"{154E4E16-D44B-4CAE-9B30-C72932337BF1}","created_user":"gpr.gps","created_date":"2026-04-11T07:55:37Z","last_edited_user":"gpr.gps","last_edited_date":"2026-04-11T07:55:37Z","مساحة_كم2":null,"SHAPE_Length":43.11497658360577,"SHAPE_Area":113.72544909281851},"geometry":{"type":"Polygon","coordinates":[[[32.761301,25.934376],[32.761305,25.934241],[32.761225,25.934289],[32.761301,25.934376]]]}},{"type":"Feature","properties":{"source_layer":"Building","source_feature_count":1,"BuildingType":2,"land_use":"سكنى","اسم_المحور":null,"اسم_المحافظة":null,"متوسط_عدد_الادوار_بالعقار":null,"متوسط_عدد_الشقق_بالدور":null,"متوسط_مساحة_الشقق_بالمنطقة":null,"نوع_نمط_العمران":null,"نوع_طبيعة_المنطقة":null,"سعر_العمارة":null,"نوع_الأرض":null,"المساحة_كم2":null,"GlobalID":"{E5A3774D-6CBB-41F0-B495-7FAC55C5A9B7}","created_user":"gpr.gps","created_date":"2026-04-11T07:55:37Z","last_edited_user":"gpr.gps","last_edited_date":"2026-04-11T07:55:37Z","مساحة_كم2":null,"SHAPE_Length":63.08997161577133,"SHAPE_Area":250.77942229734848},"geometry":{"type":"Polygon","coordinates":[[[32.764535,25.93688],[32.764437,25.936772],[32.764311,25.936867],[32.764418,25.936971],[32.764535,25.93688]]]}},{"type":"Feature","properties":{"source_layer":"Building","source_feature_count":1,"BuildingType":2,"land_use":"سكنى","اسم_المحور":null,"اسم_المحافظة":null,"متوسط_عدد_الادوار_بالعقار":null,"متوسط_عدد_الشقق_بالدور":null,"متوسط_مساحة_الشقق_بالمنطقة":null,"نوع_نمط_العمران":null,"نوع_طبيعة_المنطقة":null,"سعر_العمارة":null,"نوع_الأرض":null,"المساحة_كم2":null,"GlobalID":"{35CD9A9B-1536-4A46-83D1-137C77352F63}","created_user":"gpr.gps","created_date":"2026-04-11T07:55:37Z","last_edited_user":"gpr.gps","last_edited_date":"2026-04-11T07:55:37Z","مساحة_كم2":null,"SHAPE_Length":58.07486617374084,"SHAPE_Area":210.22147965202166},"geometry":{"type":"Polygon","coordinates":[[[32.764535,25.93688],[32.764418,25.936971],[32.764521,25.937061],[32.764626,25.936979],[32.764535,25.93688]]]}},{"type":"Feature","properties":{"source_layer":"Building","source_feature_count":1,"BuildingType":2,"land_use":"سكنى","اسم_المحور":null,"اسم_المحافظة":null,"متوسط_عدد_الادوار_بالعقار":null,"متوسط_عدد_الشقق_بالدور":null,"متوسط_مساحة_الشقق_بالمنطقة":null,"نوع_نمط_العمران":null,"نوع_طبيعة_المنطقة":null,"سعر_العمارة":null,"نوع_الأرض":null,"المساحة_كم2":null,"GlobalID":"{DF2B161A-7DED-4D3E-B455-B9DD85ADB095}","created_user":"gpr.gps","created_date":"2026-04-11T07:55:37Z","last_edited_user":"gpr.gps","last_edited_date":"2026-04-11T07:55:37Z","مساحة_كم2":null,"SHAPE_Length":48.3656870597932,"SHAPE_Area":143.71451185762794},"geometry":{"type":"Polygon","coordinates":[[[32.772084,25.936266],[32.77215,25.936345],[32.772251,25.936267],[32.772193,25.93619],[32.772084,25.936266]]]}},{"type":"Feature","properties":{"source_layer":"Building","source_feature_count":1,"BuildingType":2,"land_use":"سكنى","اسم_المحور":null,"اسم_المحافظة":null,"متوسط_عدد_الادوار_بالعقار":null,"متوسط_عدد_الشقق_بالدور":null,"متوسط_مساحة_الشقق_بالمنطقة":null,"نوع_نمط_العمران":null,"نوع_طبيعة_المنطقة":null,"سعر_العمارة":null,"نوع_الأرض":null,"المساحة_كم2":null,"GlobalID":"{21CE83AA-5A3C-4302-8C3F-450594F79CBE}","created_user":"gpr.gps","created_date":"2026-04-11T07:55:37Z","last_edited_user":"gpr.gps","last_edited_date":"2026-04-11T07:55:37Z","مساحة_كم2":null,"SHAPE_Length":39.942794115910374,"SHAPE_Area":97.51501205916352},"geometry":{"type":"Polygon","coordinates":[[[32.771906,25.936245],[32.771903,25.936376],[32.771969,25.936331],[32.771906,25.936245]]]}},{"type":"Feature","properties":{"source_layer":"Building","source_feature_count":1,"BuildingType":2,"land_use":"سكنى","اسم_المحور":null,"اسم_المحافظة":null,"متوسط_عدد_الادوار_بالعقار":null,"متوسط_عدد_الشقق_بالدور":null,"متوسط_مساحة_الشقق_بالمنطقة":null,"نوع_نمط_العمران":null,"نوع_طبيعة_المنطقة":null,"سعر_العمارة":null,"نوع_الأرض":null,"المساحة_كم2":null,"GlobalID":"{242065B8-F9FC-406F-BF37-FAC39029EDAE}","created_user":"gpr.gps","created_date":"2026-04-11T07:55:37Z","last_edited_user":"gpr.gps","last_edited_date":"2026-04-11T07:55:37Z","مساحة_كم2":null,"SHAPE_Length":41.50671368484199,"SHAPE_Area":106.57165895498042},"geometry":{"type":"Polygon","coordinates":[[[32.771829,25.936427],[32.771835,25.936293],[32.77176,25.936345],[32.771829,25.936427]]]}},{"type":"Feature","properties":{"source_layer":"Building","source_feature_count":1,"BuildingType":2,"land_use":"سكنى","اسم_المحور":null,"اسم_المحافظة":null,"متوسط_عدد_الادوار_بالعقار":null,"متوسط_عدد_الشقق_بالدور":null,"متوسط_مساحة_الشقق_بالمنطقة":null,"نوع_نمط_العمران":null,"نوع_طبيعة_المنطقة":null,"سعر_العمارة":null,"نوع_الأرض":null,"المساحة_كم2":null,"GlobalID":"{09E75CC9-71C1-43FC-BC2E-F4CEF96472D5}","created_user":"gpr.gps","created_date":"2026-04-11T07:55:37Z","last_edited_user":"gpr.gps","last_edited_date":"2026-04-11T07:55:37Z","مساحة_كم2":null,"SHAPE_Length":46.067233432047296,"SHAPE_Area":132.48180048131866},"geometry":{"type":"Polygon","coordinates":[[[32.771705,25.936512],[32.771634,25.936431],[32.771546,25.936491],[32.771609,25.936577],[32.771705,25.936512]]]}},{"type":"Feature","properties":{"source_layer":"Building","source_feature_count":1,"BuildingType":2,"land_use":"سكنى","اسم_المحور":null,"اسم_المحافظة":null,"متوسط_عدد_الادوار_بالعقار":null,"متوسط_عدد_الشقق_بالدور":null,"متوسط_مساحة_الشقق_بالمنطقة":null,"نوع_نمط_العمران":null,"نوع_طبيعة_المنطقة":null,"سعر_العمارة":null,"نوع_الأرض":null,"المساحة_كم2":null,"GlobalID":"{F9B4ABA4-C9F4-4C6F-9CB3-1EAE513EA6C5}","created_user":"gpr.gps","created_date":"2026-04-11T07:55:37Z","last_edited_user":"gpr.gps","last_edited_date":"2026-04-11T07:55:37Z","مساحة_كم2":null,"SHAPE_Length":40.5221855074119,"SHAPE_Area":100.63510232307152},"geometry":{"type":"Polygon","coordinates":[[[32.771929,25.93611],[32.772067,25.936148],[32.772,25.936064],[32.771929,25.93611]]]}},{"type":"Feature","properties":{"source_layer":"Building","source_feature_count":1,"BuildingType":2,"land_use":"سكنى","اسم_المحور":null,"اسم_المحافظة":null,"متوسط_عدد_الادوار_بالعقار":null,"متوسط_عدد_الشقق_بالدور":null,"متوسط_مساحة_الشقق_بالمنطقة":null,"نوع_نمط_العمران":null,"نوع_طبيعة_المنطقة":null,"سعر_العمارة":null,"نوع_الأرض":null,"المساحة_كم2":null,"GlobalID":"{9ECAEB1F-F8A7-46F4-BE9E-540DB6E1EE25}","created_user":"gpr.gps","created_date":"2026-04-11T07:55:37Z","last_edited_user":"gpr.gps","last_edited_date":"2026-04-11T07:55:37Z","مساحة_كم2":null,"SHAPE_Length":46.64772595778266,"SHAPE_Area":135.94517703621324},"geometry":{"type":"Polygon","coordinates":[[[32.772164,25.936085],[32.772096,25.936002],[32.772,25.936064],[32.772067,25.936148],[32.772164,25.936085]]]}},{"type":"Feature","properties":{"source_layer":"Building","source_feature_count":1,"BuildingType":2,"land_use":"سكنى","اسم_المحور":null,"اسم_المحافظة":null,"متوسط_عدد_الادوار_بالعقار":null,"متوسط_عدد_الشقق_بالدور":null,"متوسط_مساحة_الشقق_بالمنطقة":null,"نوع_نمط_العمران":null,"نوع_طبيعة_المنطقة":null,"سعر_العمارة":null,"نوع_الأرض":null,"المساحة_كم2":null,"GlobalID":"{3020B1D8-AF73-4F86-B634-D62BC45A08FE}","created_user":"gpr.gps","created_date":"2026-04-11T07:55:37Z","last_edited_user":"gpr.gps","last_edited_date":"2026-04-11T07:55:37Z","مساحة_كم2":null,"SHAPE_Length":50.00145588453852,"SHAPE_Area":155.77997957484433},"geometry":{"type":"Polygon","coordinates":[[[32.781104,25.949177],[32.781041,25.949076],[32.780932,25.949123],[32.780989,25.949222],[32.781104,25.949177]]]}},{"type":"Feature","properties":{"source_layer":"Building","source_feature_count":1,"BuildingType":2,"land_use":"سكنى","اسم_المحور":null,"اسم_المحافظة":null,"متوسط_عدد_الادوار_بالعقار":null,"متوسط_عدد_الشقق_بالدور":null,"متوسط_مساحة_الشقق_بالمنطقة":null,"نوع_نمط_العمران":null,"نوع_طبيعة_المنطقة":null,"سعر_العمارة":null,"نوع_الأرض":null,"المساحة_كم2":null,"GlobalID":"{F46EE68B-3FEC-4C54-9314-3B2A4616B357}","created_user":"gpr.gps","created_date":"2026-04-11T07:55:37Z","last_edited_user":"gpr.gps","last_edited_date":"2026-04-11T07:55:37Z","مساحة_كم2":null,"SHAPE_Length":67.18937579602316,"SHAPE_Area":282.1428826517053},"geometry":{"type":"Polygon","coordinates":[[[32.704944,25.913758],[32.704927,25.913606],[32.704761,25.913622],[32.704777,25.913773],[32.704944,25.913758]]]}},{"type":"Feature","properties":{"source_layer":"Building","source_feature_count":1,"BuildingType":2,"land_use":"سكنى","اسم_المحور":null,"اسم_المحافظة":null,"متوسط_عدد_الادوار_بالعقار":null,"متوسط_عدد_الشقق_بالدور":null,"متوسط_مساحة_الشقق_بالمنطقة":null,"نوع_نمط_العمران":null,"نوع_طبيعة_المنطقة":null,"سعر_العمارة":null,"نوع_الأرض":null,"المساحة_كم2":null,"GlobalID":"{EDB45714-8951-4B86-90A1-4C33FC6AB18B}","created_user":"gpr.gps","created_date":"2026-04-11T07:55:37Z","last_edited_user":"gpr.gps","last_edited_date":"2026-04-11T07:55:37Z","مساحة_كم2":null,"SHAPE_Length":58.58312598288123,"SHAPE_Area":211.96420622972812},"geometry":{"type":"Polygon","coordinates":[[[32.704721,25.913244],[32.704733,25.913361],[32.704895,25.913345],[32.704881,25.913228],[32.704721,25.913244]]]}},{"type":"Feature","properties":{"source_layer":"Building","source_feature_count":1,"BuildingType":2,"land_use":"سكنى","اسم_المحور":null,"اسم_المحافظة":null,"متوسط_عدد_الادوار_بالعقار":null,"متوسط_عدد_الشقق_بالدور":null,"متوسط_مساحة_الشقق_بالمنطقة":null,"نوع_نمط_العمران":null,"نوع_طبيعة_المنطقة":null,"سعر_العمارة":null,"نوع_الأرض":null,"المساحة_كم2":null,"GlobalID":"{97E63744-94F4-476C-9206-044986EED3B9}","created_user":"gpr.gps","created_date":"2026-04-11T07:55:37Z","last_edited_user":"gpr.gps","last_edited_date":"2026-04-11T07:55:37Z","مساحة_كم2":null,"SHAPE_Length":46.62504933682648,"SHAPE_Area":133.894903024579},"geometry":{"type":"Polygon","coordinates":[[[32.704587,25.913375],[32.704574,25.913258],[32.704472,25.913268],[32.704486,25.913386],[32.704587,25.913375]]]}},{"type":"Feature","properties":{"source_layer":"Building","source_feature_count":1,"BuildingType":2,"land_use":"سكنى","اسم_المحور":null,"اسم_المحافظة":null,"متوسط_عدد_الادوار_بالعقار":null,"متوسط_عدد_الشقق_بالدور":null,"متوسط_مساحة_الشقق_بالمنطقة":null,"نوع_نمط_العمران":null,"نوع_طبيعة_المنطقة":null,"سعر_العمارة":null,"نوع_الأرض":null,"المساحة_كم2":null,"GlobalID":"{1BA4D45A-BBB3-4BAC-BF00-E1C8BBEC2FEA}","created_user":"gpr.gps","created_date":"2026-04-11T07:55:37Z","last_edited_user":"gpr.gps","last_edited_date":"2026-04-11T07:55:37Z","مساحة_كم2":null,"SHAPE_Length":55.59085249734202,"SHAPE_Area":192.42218347099902},"geometry":{"type":"Polygon","coordinates":[[[32.704733,25.913361],[32.704721,25.913244],[32.704574,25.913258],[32.704587,25.913375],[32.704733,25.913361]]]}},{"type":"Feature","properties":{"source_layer":"Building","source_feature_count":1,"BuildingType":2,"land_use":"سكنى","اسم_المحور":null,"اسم_المحافظة":null,"متوسط_عدد_الادوار_بالعقار":null,"متوسط_عدد_الشقق_بالدور":null,"متوسط_مساحة_الشقق_بالمنطقة":null,"نوع_نمط_العمران":null,"نوع_طبيعة_المنطقة":null,"سعر_العمارة":null,"نوع_الأرض":null,"المساحة_كم2":null,"GlobalID":"{373619FC-9F30-4745-A0BB-FCF65F75B66D}","created_user":"gpr.gps","created_date":"2026-04-11T07:55:37Z","last_edited_user":"gpr.gps","last_edited_date":"2026-04-11T07:55:37Z","مساحة_كم2":null,"SHAPE_Length":53.68716181726471,"SHAPE_Area":174.52156475971285},"geometry":{"type":"Polygon","coordinates":[[[32.704507,25.913532],[32.704494,25.913433],[32.704337,25.91345],[32.70435,25.913549],[32.704507,25.913532]]]}},{"type":"Feature","properties":{"source_layer":"Building","source_feature_count":1,"BuildingType":2,"land_use":"سكنى","اسم_المحور":null,"اسم_المحافظة":null,"متوسط_عدد_الادوار_بالعقار":null,"متوسط_عدد_الشقق_بالدور":null,"متوسط_مساحة_الشقق_بالمنطقة":null,"نوع_نمط_العمران":null,"نوع_طبيعة_المنطقة":null,"سعر_العمارة":null,"نوع_الأرض":null,"المساحة_كم2":null,"GlobalID":"{44913CB4-69C7-4778-82DB-08CD1054A3B3}","created_user":"gpr.gps","created_date":"2026-04-11T07:55:37Z","last_edited_user":"gpr.gps","last_edited_date":"2026-04-11T07:55:37Z","مساحة_كم2":null,"SHAPE_Length":41.786861553280076,"SHAPE_Area":108.53143119421964},"geometry":{"type":"Polygon","coordinates":[[[32.70472,25.913509],[32.704638,25.91362],[32.704734,25.91361],[32.70472,25.913509]]]}},{"type":"Feature","properties":{"source_layer":"Building","source_feature_count":1,"BuildingType":2,"land_use":"سكنى","اسم_المحور":null,"اسم_المحافظة":null,"متوسط_عدد_الادوار_بالعقار":null,"متوسط_عدد_الشقق_بالدور":null,"متوسط_مساحة_الشقق_بالمنطقة":null,"نوع_نمط_العمران":null,"نوع_طبيعة_المنطقة":null,"سعر_العمارة":null,"نوع_الأرض":null,"المساحة_كم2":null,"GlobalID":"{191B06B9-9E59-411D-A335-FF2EADD05CA5}","created_user":"gpr.gps","created_date":"2026-04-11T07:55:37Z","last_edited_user":"gpr.gps","last_edited_date":"2026-04-11T07:55:37Z","مساحة_كم2":null,"SHAPE_Length":41.44214225023671,"SHAPE_Area":106.86461840063686},"geometry":{"type":"Polygon","coordinates":[[[32.704707,25.91341],[32.704625,25.91352],[32.70472,25.913509],[32.704707,25.91341]]]}},{"type":"Feature","properties":{"source_layer":"Building","source_feature_count":1,"BuildingType":2,"land_use":"سكنى","اسم_المحور":null,"اسم_المحافظة":null,"متوسط_عدد_الادوار_بالعقار":null,"متوسط_عدد_الشقق_بالدور":null,"متوسط_مساحة_الشقق_بالمنطقة":null,"نوع_نمط_العمران":null,"نوع_طبيعة_المنطقة":null,"سعر_العمارة":null,"نوع_الأرض":null,"المساحة_كم2":null,"GlobalID":"{117BCEF2-349F-4518-9DC4-A7FCCC5AC6C9}","created_user":"gpr.gps","created_date":"2026-04-11T07:55:37Z","last_edited_user":"gpr.gps","last_edited_date":"2026-04-11T07:55:37Z","مساحة_كم2":null,"SHAPE_Length":45.845786132296794,"SHAPE_Area":131.195901097549},"geometry":{"type":"Polygon","coordinates":[[[32.704625,25.91352],[32.704611,25.913421],[32.704494,25.913433],[32.704507,25.913532],[32.704625,25.91352]]]}},{"type":"Feature","properties":{"source_layer":"Building","source_feature_count":1,"BuildingType":2,"land_use":"سكنى","اسم_المحور":null,"اسم_المحافظة":null,"متوسط_عدد_الادوار_بالعقار":null,"متوسط_عدد_الشقق_بالدور":null,"متوسط_مساحة_الشقق_بالمنطقة":null,"نوع_نمط_العمران":null,"نوع_طبيعة_المنطقة":null,"سعر_العمارة":null,"نوع_الأرض":null,"المساحة_كم2":null,"GlobalID":"{A95C2A50-16F8-4210-82CD-723933340797}","created_user":"gpr.gps","created_date":"2026-04-11T07:55:37Z","last_edited_user":"gpr.gps","last_edited_date":"2026-04-11T07:55:37Z","مساحة_كم2":null,"SHAPE_Length":56.87144581704467,"SHAPE_Area":195.87555228820273},"geometry":{"type":"Polygon","coordinates":[[[32.704914,25.913492],[32.704903,25.913388],[32.704737,25.913403],[32.704748,25.913509],[32.704914,25.913492]]]}},{"type":"Feature","properties":{"source_layer":"Building","source_feature_count":1,"BuildingType":2,"land_use":"سكنى","اسم_المحور":null,"اسم_المحافظة":null,"متوسط_عدد_الادوار_بالعقار":null,"متوسط_عدد_الشقق_بالدور":null,"متوسط_مساحة_الشقق_بالمنطقة":null,"نوع_نمط_العمران":null,"نوع_طبيعة_المنطقة":null,"سعر_العمارة":null,"نوع_الأرض":null,"المساحة_كم2":null,"GlobalID":"{CC4BB8F1-5A5A-4535-A7C3-A19DCA4D989D}","created_user":"gpr.gps","created_date":"2026-04-11T07:55:37Z","last_edited_user":"gpr.gps","last_edited_date":"2026-04-11T07:55:37Z","مساحة_كم2":null,"SHAPE_Length":58.76969656116455,"SHAPE_Area":211.7440306074085},"geometry":{"type":"Polygon","coordinates":[[[32.704927,25.913606],[32.704914,25.913492],[32.704748,25.913509],[32.704761,25.913622],[32.704927,25.913606]]]}},{"type":"Feature","properties":{"source_layer":"Building","source_feature_count":1,"BuildingType":2,"land_use":"سكنى","اسم_المحور":null,"اسم_المحافظة":null,"متوسط_عدد_الادوار_بالعقار":null,"متوسط_عدد_الشقق_بالدور":null,"متوسط_مساحة_الشقق_بالمنطقة":null,"نوع_نمط_العمران":null,"نوع_طبيعة_المنطقة":null,"سعر_العمارة":null,"نوع_الأرض":null,"المساحة_كم2":null,"GlobalID":"{B4B9DA1C-CAAB-495E-AE73-7080B6460C18}","created_user":"gpr.gps","created_date":"2026-04-11T07:55:37Z","last_edited_user":"gpr.gps","last_edited_date":"2026-04-11T07:55:37Z","مساحة_كم2":null,"SHAPE_Length":66.35677123287036,"SHAPE_Area":275.1835015653661},"geometry":{"type":"Polygon","coordinates":[[[32.704944,25.913758],[32.704777,25.913773],[32.704794,25.913921],[32.70496,25.913906],[32.704944,25.913758]]]}},{"type":"Feature","properties":{"source_layer":"Building","source_feature_count":1,"BuildingType":2,"land_use":"سكنى","اسم_المحور":null,"اسم_المحافظة":null,"متوسط_عدد_الادوار_بالعقار":null,"متوسط_عدد_الشقق_بالدور":null,"متوسط_مساحة_الشقق_بالمنطقة":null,"نوع_نمط_العمران":null,"نوع_طبيعة_المنطقة":null,"سعر_العمارة":null,"نوع_الأرض":null,"المساحة_كم2":null,"GlobalID":"{4B2C7478-B27C-467D-B1EB-192CF1B6EB08}","created_user":"gpr.gps","created_date":"2026-04-11T07:55:37Z","last_edited_user":"gpr.gps","last_edited_date":"2026-04-11T07:55:37Z","مساحة_كم2":null,"SHAPE_Length":40.755830242462416,"SHAPE_Area":101.19508583166},"geometry":{"type":"Polygon","coordinates":[[[32.760586,25.932337],[32.760588,25.932207],[32.760519,25.932248],[32.760586,25.932337]]]}},{"type":"Feature","properties":{"source_layer":"Building","source_feature_count":1,"BuildingType":2,"land_use":"سكنى","اسم_المحور":null,"اسم_المحافظة":null,"متوسط_عدد_الادوار_بالعقار":null,"متوسط_عدد_الشقق_بالدور":null,"متوسط_مساحة_الشقق_بالمنطقة":null,"نوع_نمط_العمران":null,"نوع_طبيعة_المنطقة":null,"سعر_العمارة":null,"نوع_الأرض":null,"المساحة_كم2":null,"GlobalID":"{DA682D43-41D4-4F4C-95DC-BEBFAE99BFD0}","created_user":"gpr.gps","created_date":"2026-04-11T07:55:37Z","last_edited_user":"gpr.gps","last_edited_date":"2026-04-11T07:55:37Z","مساحة_كم2":null,"SHAPE_Length":52.70370683245778,"SHAPE_Area":159.79502966242777},"geometry":{"type":"Polygon","coordinates":[[[32.760926,25.93251],[32.76082,25.93239],[32.760742,25.93244],[32.760846,25.932557],[32.760926,25.93251]]]}},{"type":"Feature","properties":{"source_layer":"Building","source_feature_count":1,"BuildingType":2,"land_use":"سكنى","اسم_المحور":null,"اسم_المحافظة":null,"متوسط_عدد_الادوار_بالعقار":null,"متوسط_عدد_الشقق_بالدور":null,"متوسط_مساحة_الشقق_بالمنطقة":null,"نوع_نمط_العمران":null,"نوع_طبيعة_المنطقة":null,"سعر_العمارة":null,"نوع_الأرض":null,"المساحة_كم2":null,"GlobalID":"{758EFAE6-528E-4126-BC43-4BD6C0CA84B1}","created_user":"gpr.gps","created_date":"2026-04-11T07:55:37Z","last_edited_user":"gpr.gps","last_edited_date":"2026-04-11T07:55:37Z","مساحة_كم2":null,"SHAPE_Length":53.888921720174714,"SHAPE_Area":172.13540618718926},"geometry":{"type":"Polygon","coordinates":[[[32.760846,25.932557],[32.760742,25.93244],[32.760654,25.932497],[32.760759,25.932607],[32.760846,25.932557]]]}},{"type":"Feature","properties":{"source_layer":"Building","source_feature_count":1,"BuildingType":2,"land_use":"سكنى","اسم_المحور":null,"اسم_المحافظة":null,"متوسط_عدد_الادوار_بالعقار":null,"متوسط_عدد_الشقق_بالدور":null,"متوسط_مساحة_الشقق_بالمنطقة":null,"نوع_نمط_العمران":null,"نوع_طبيعة_المنطقة":null,"سعر_العمارة":null,"نوع_الأرض":null,"المساحة_كم2":null,"GlobalID":"{989CF7FD-5B3F-4C2A-A772-7593A301E85A}","created_user":"gpr.gps","created_date":"2026-04-11T07:55:37Z","last_edited_user":"gpr.gps","last_edited_date":"2026-04-11T07:55:37Z","مساحة_كم2":null,"SHAPE_Length":55.53971710312787,"SHAPE_Area":172.44707459928625},"geometry":{"type":"Polygon","coordinates":[[[32.76082,25.93239],[32.760705,25.932261],[32.760628,25.93231],[32.760742,25.93244],[32.76082,25.93239]]]}},{"type":"Feature","properties":{"source_layer":"Building","source_feature_count":1,"BuildingType":2,"land_use":"سكنى","اسم_المحور":null,"اسم_المحافظة":null,"متوسط_عدد_الادوار_بالعقار":null,"متوسط_عدد_الشقق_بالدور":null,"متوسط_مساحة_الشقق_بالمنطقة":null,"نوع_نمط_العمران":null,"نوع_طبيعة_المنطقة":null,"سعر_العمارة":null,"نوع_الأرض":null,"المساحة_كم2":null,"GlobalID":"{AAD240A7-BA7F-40A4-B312-1F5DDC94BBD8}","created_user":"gpr.gps","created_date":"2026-04-11T07:55:37Z","last_edited_user":"gpr.gps","last_edited_date":"2026-04-11T07:55:37Z","مساحة_كم2":null,"SHAPE_Length":54.306570595727365,"SHAPE_Area":177.1359919982749},"geometry":{"type":"Polygon","coordinates":[[[32.760746,25.932111],[32.760815,25.93219],[32.760945,25.932107],[32.760883,25.932028],[32.760746,25.932111]]]}},{"type":"Feature","properties":{"source_layer":"Building","source_feature_count":1,"BuildingType":2,"land_use":"سكنى","اسم_المحور":null,"اسم_المحافظة":null,"متوسط_عدد_الادوار_بالعقار":null,"متوسط_عدد_الشقق_بالدور":null,"متوسط_مساحة_الشقق_بالمنطقة":null,"نوع_نمط_العمران":null,"نوع_طبيعة_المنطقة":null,"سعر_العمارة":null,"نوع_الأرض":null,"المساحة_كم2":null,"GlobalID":"{BC2EA08C-A3BC-4D0F-9A4D-0705ADF2805E}","created_user":"gpr.gps","created_date":"2026-04-11T07:55:37Z","last_edited_user":"gpr.gps","last_edited_date":"2026-04-11T07:55:37Z","مساحة_كم2":null,"SHAPE_Length":61.171753712613075,"SHAPE_Area":218.49251228593607},"geometry":{"type":"Polygon","coordinates":[[[32.760588,25.932207],[32.760815,25.93219],[32.760746,25.932111],[32.760588,25.932207]]]}},{"type":"Feature","properties":{"source_layer":"Building","source_feature_count":1,"BuildingType":2,"land_use":"سكنى","اسم_المحور":null,"اسم_المحافظة":null,"متوسط_عدد_الادوار_بالعقار":null,"متوسط_عدد_الشقق_بالدور":null,"متوسط_مساحة_الشقق_بالمنطقة":null,"نوع_نمط_العمران":null,"نوع_طبيعة_المنطقة":null,"سعر_العمارة":null,"نوع_الأرض":null,"المساحة_كم2":null,"GlobalID":"{1687EC16-F2E2-44F8-881D-FA9F9FAB8D33}","created_user":"gpr.gps","created_date":"2026-04-11T07:55:37Z","last_edited_user":"gpr.gps","last_edited_date":"2026-04-11T07:55:37Z","مساحة_كم2":null,"SHAPE_Length":62.69823356583231,"SHAPE_Area":241.7534540119473},"geometry":{"type":"Polygon","coordinates":[[[32.761045,25.932441],[32.760932,25.932318],[32.76082,25.93239],[32.760926,25.93251],[32.761045,25.932441]]]}},{"type":"Feature","properties":{"source_layer":"Building","source_feature_count":1,"BuildingType":2,"land_use":"سكنى","اسم_المحور":null,"اسم_المحافظة":null,"متوسط_عدد_الادوار_بالعقار":null,"متوسط_عدد_الشقق_بالدور":null,"متوسط_مساحة_الشقق_بالمنطقة":null,"نوع_نمط_العمران":null,"نوع_طبيعة_المنطقة":null,"سعر_العمارة":null,"نوع_الأرض":null,"المساحة_كم2":null,"GlobalID":"{D44A2DCC-2968-4B52-869A-2554FBDF6E7C}","created_user":"gpr.gps","created_date":"2026-04-11T07:55:37Z","last_edited_user":"gpr.gps","last_edited_date":"2026-04-11T07:55:37Z","مساحة_كم2":null,"SHAPE_Length":64.13393737339524,"SHAPE_Area":250.89724646844024},"geometry":{"type":"Polygon","coordinates":[[[32.760932,25.932318],[32.760815,25.93219],[32.760705,25.932261],[32.76082,25.93239],[32.760932,25.932318]]]}},{"type":"Feature","properties":{"source_layer":"Building","source_feature_count":1,"BuildingType":2,"land_use":"سكنى","اسم_المحور":null,"اسم_المحافظة":null,"متوسط_عدد_الادوار_بالعقار":null,"متوسط_عدد_الشقق_بالدور":null,"متوسط_مساحة_الشقق_بالمنطقة":null,"نوع_نمط_العمران":null,"نوع_طبيعة_المنطقة":null,"سعر_العمارة":null,"نوع_الأرض":null,"المساحة_كم2":null,"GlobalID":"{DD211479-4AB9-4F29-9CF0-56F00265BBCD}","created_user":"gpr.gps","created_date":"2026-04-11T07:55:37Z","last_edited_user":"gpr.gps","last_edited_date":"2026-04-11T07:55:37Z","مساحة_كم2":null,"SHAPE_Length":65.1317501480943,"SHAPE_Area":260.8229869805414},"geometry":{"type":"Polygon","coordinates":[[[32.760932,25.932318],[32.761045,25.932441],[32.761167,25.93237],[32.76105,25.932242],[32.760932,25.932318]]]}},{"type":"Feature","properties":{"source_layer":"Building","source_feature_count":1,"BuildingType":2,"land_use":"سكنى","اسم_المحور":null,"اسم_المحافظة":null,"متوسط_عدد_الادوار_بالعقار":null,"متوسط_عدد_الشقق_بالدور":null,"متوسط_مساحة_الشقق_بالمنطقة":null,"نوع_نمط_العمران":null,"نوع_طبيعة_المنطقة":null,"سعر_العمارة":null,"نوع_الأرض":null,"المساحة_كم2":null,"GlobalID":"{CF8961F5-7EFB-45DE-9711-397F309F0794}","created_user":"gpr.gps","created_date":"2026-04-11T07:55:37Z","last_edited_user":"gpr.gps","last_edited_date":"2026-04-11T07:55:37Z","مساحة_كم2":null,"SHAPE_Length":53.09222804429449,"SHAPE_Area":170.92104502431957},"geometry":{"type":"Polygon","coordinates":[[[32.716484,25.9565],[32.71644,25.956366],[32.716333,25.956392],[32.716379,25.956527],[32.716484,25.9565]]]}},{"type":"Feature","properties":{"source_layer":"Building","source_feature_count":1,"BuildingType":2,"land_use":"سكنى","اسم_المحور":null,"اسم_المحافظة":null,"متوسط_عدد_الادوار_بالعقار":null,"متوسط_عدد_الشقق_بالدور":null,"متوسط_مساحة_الشقق_بالمنطقة":null,"نوع_نمط_العمران":null,"نوع_طبيعة_المنطقة":null,"سعر_العمارة":null,"نوع_الأرض":null,"المساحة_كم2":null,"GlobalID":"{8B2B92B0-B867-4FAF-818E-CAA214DAA7D4}","created_user":"gpr.gps","created_date":"2026-04-11T07:55:37Z","last_edited_user":"gpr.gps","last_edited_date":"2026-04-11T07:55:37Z","مساحة_كم2":null,"SHAPE_Length":72.05063463844331,"SHAPE_Area":316.3382036524984},"geometry":{"type":"Polygon","coordinates":[[[32.71644,25.956366],[32.716484,25.9565],[32.716686,25.956446],[32.716638,25.956318],[32.71644,25.956366]]]}},{"type":"Feature","properties":{"source_layer":"Building","source_feature_count":1,"BuildingType":2,"land_use":"سكنى","اسم_المحور":null,"اسم_المحافظة":null,"متوسط_عدد_الادوار_بالعقار":null,"متوسط_عدد_الشقق_بالدور":null,"متوسط_مساحة_الشقق_بالمنطقة":null,"نوع_نمط_العمران":null,"نوع_طبيعة_المنطقة":null,"سعر_العمارة":null,"نوع_الأرض":null,"المساحة_كم2":null,"GlobalID":"{CBD83C8F-747B-401C-9AB5-B96B149C5779}","created_user":"gpr.gps","created_date":"2026-04-11T07:55:37Z","last_edited_user":"gpr.gps","last_edited_date":"2026-04-11T07:55:37Z","مساحة_كم2":null,"SHAPE_Length":31.91260128756672,"SHAPE_Area":63.59320728094271},"geometry":{"type":"Polygon","coordinates":[[[32.719067,25.943815],[32.718965,25.943777],[32.718995,25.943844],[32.719067,25.943815]]]}},{"type":"Feature","properties":{"source_layer":"Building","source_feature_count":1,"BuildingType":2,"land_use":"سكنى","اسم_المحور":null,"اسم_المحافظة":null,"متوسط_عدد_الادوار_بالعقار":null,"متوسط_عدد_الشقق_بالدور":null,"متوسط_مساحة_الشقق_بالمنطقة":null,"نوع_نمط_العمران":null,"نوع_طبيعة_المنطقة":null,"سعر_العمارة":null,"نوع_الأرض":null,"المساحة_كم2":null,"GlobalID":"{0B62828F-B174-405F-A01C-470462C71AFB}","created_user":"gpr.gps","created_date":"2026-04-11T07:55:37Z","last_edited_user":"gpr.gps","last_edited_date":"2026-04-11T07:55:37Z","مساحة_كم2":null,"SHAPE_Length":29.664481010774896,"SHAPE_Area":54.60154780818479},"geometry":{"type":"Polygon","coordinates":[[[32.718769,25.943595],[32.71867,25.94357],[32.718701,25.94363],[32.718769,25.943595]]]}},{"type":"Feature","properties":{"source_layer":"Building","source_feature_count":1,"BuildingType":2,"land_use":"سكنى","اسم_المحور":null,"اسم_المحافظة":null,"متوسط_عدد_الادوار_بالعقار":null,"متوسط_عدد_الشقق_بالدور":null,"متوسط_مساحة_الشقق_بالمنطقة":null,"نوع_نمط_العمران":null,"نوع_طبيعة_المنطقة":null,"سعر_العمارة":null,"نوع_الأرض":null,"المساحة_كم2":null,"GlobalID":"{4E035650-0023-4EFE-9550-D661D2C8EF15}","created_user":"gpr.gps","created_date":"2026-04-11T07:55:37Z","last_edited_user":"gpr.gps","last_edited_date":"2026-04-11T07:55:37Z","مساحة_كم2":null,"SHAPE_Length":34.89268351794663,"SHAPE_Area":75.66025258545417},"geometry":{"type":"Polygon","coordinates":[[[32.71867,25.94357],[32.718705,25.943462],[32.718632,25.943495],[32.71867,25.94357]]]}},{"type":"Feature","properties":{"source_layer":"Building","source_feature_count":1,"BuildingType":2,"land_use":"سكنى","اسم_المحور":null,"اسم_المحافظة":null,"متوسط_عدد_الادوار_بالعقار":null,"متوسط_عدد_الشقق_بالدور":null,"متوسط_مساحة_الشقق_بالمنطقة":null,"نوع_نمط_العمران":null,"نوع_طبيعة_المنطقة":null,"سعر_العمارة":null,"نوع_الأرض":null,"المساحة_كم2":null,"GlobalID":"{704D98F5-3BA1-4364-96C4-1373942375F6}","created_user":"gpr.gps","created_date":"2026-04-11T07:55:37Z","last_edited_user":"gpr.gps","last_edited_date":"2026-04-11T07:55:37Z","مساحة_كم2":null,"SHAPE_Length":37.89369905676523,"SHAPE_Area":88.64821733414843},"geometry":{"type":"Polygon","coordinates":[[[32.717204,25.942468],[32.717251,25.942353],[32.717171,25.942381],[32.717204,25.942468]]]}},{"type":"Feature","properties":{"source_layer":"Building","source_feature_count":1,"BuildingType":2,"land_use":"سكنى","اسم_المحور":null,"اسم_المحافظة":null,"متوسط_عدد_الادوار_بالعقار":null,"متوسط_عدد_الشقق_بالدور":null,"متوسط_مساحة_الشقق_بالمنطقة":null,"نوع_نمط_العمران":null,"نوع_طبيعة_المنطقة":null,"سعر_العمارة":null,"نوع_الأرض":null,"المساحة_كم2":null,"GlobalID":"{CA5FE89D-C88D-4157-8C36-0018AB918D0C}","created_user":"gpr.gps","created_date":"2026-04-11T07:55:37Z","last_edited_user":"gpr.gps","last_edited_date":"2026-04-11T07:55:37Z","مساحة_كم2":null,"SHAPE_Length":34.24336033316584,"SHAPE_Area":72.61576510445262},"geometry":{"type":"Polygon","coordinates":[[[32.717157,25.942282],[32.717118,25.942389],[32.717191,25.942358],[32.717157,25.942282]]]}},{"type":"Feature","properties":{"source_layer":"Building","source_feature_count":1,"BuildingType":2,"land_use":"سكنى","اسم_المحور":null,"اسم_المحافظة":null,"متوسط_عدد_الادوار_بالعقار":null,"متوسط_عدد_الشقق_بالدور":null,"متوسط_مساحة_الشقق_بالمنطقة":null,"نوع_نمط_العمران":null,"نوع_طبيعة_المنطقة":null,"سعر_العمارة":null,"نوع_الأرض":null,"المساحة_كم2":null,"GlobalID":"{2BE63D43-A3F3-4582-A8C6-1D655F35E38C}","created_user":"gpr.gps","created_date":"2026-04-11T07:55:37Z","last_edited_user":"gpr.gps","last_edited_date":"2026-04-11T07:55:37Z","مساحة_كم2":null,"SHAPE_Length":40.764709661140174,"SHAPE_Area":94.9398285544799},"geometry":{"type":"Polygon","coordinates":[[[32.716504,25.942255],[32.716589,25.942146],[32.716472,25.942196],[32.716504,25.942255]]]}},{"type":"Feature","properties":{"source_layer":"Building","source_feature_count":1,"BuildingType":2,"land_use":"سكنى","اسم_المحور":null,"اسم_المحافظة":null,"متوسط_عدد_الادوار_بالعقار":null,"متوسط_عدد_الشقق_بالدور":null,"متوسط_مساحة_الشقق_بالمنطقة":null,"نوع_نمط_العمران":null,"نوع_طبيعة_المنطقة":null,"سعر_العمارة":null,"نوع_الأرض":null,"المساحة_كم2":null,"GlobalID":"{2574FE7E-EB34-40D8-B52C-C57D44B941EE}","created_user":"gpr.gps","created_date":"2026-04-11T07:55:37Z","last_edited_user":"gpr.gps","last_edited_date":"2026-04-11T07:55:37Z","مساحة_كم2":null,"SHAPE_Length":43.55835405042566,"SHAPE_Area":115.06160800267944},"geometry":{"type":"Polygon","coordinates":[[[32.716472,25.942196],[32.716544,25.942075],[32.716432,25.942123],[32.716472,25.942196]]]}},{"type":"Feature","properties":{"source_layer":"Building","source_feature_count":1,"BuildingType":2,"land_use":"سكنى","اسم_المحور":null,"اسم_المحافظة":null,"متوسط_عدد_الادوار_بالعقار":null,"متوسط_عدد_الشقق_بالدور":null,"متوسط_مساحة_الشقق_بالمنطقة":null,"نوع_نمط_العمران":null,"نوع_طبيعة_المنطقة":null,"سعر_العمارة":null,"نوع_الأرض":null,"المساحة_كم2":null,"GlobalID":"{F361749C-B9D7-48E2-8EE5-A9C2864F44AD}","created_user":"gpr.gps","created_date":"2026-04-11T07:55:37Z","last_edited_user":"gpr.gps","last_edited_date":"2026-04-11T07:55:37Z","مساحة_كم2":null,"SHAPE_Length":45.89503477038438,"SHAPE_Area":115.6674107415055},"geometry":{"type":"Polygon","coordinates":[[[32.716366,25.942316],[32.716472,25.942196],[32.716331,25.942255],[32.716366,25.942316]]]}},{"type":"Feature","properties":{"source_layer":"Building","source_feature_count":1,"BuildingType":2,"land_use":"سكنى","اسم_المحور":null,"اسم_المحافظة":null,"متوسط_عدد_الادوار_بالعقار":null,"متوسط_عدد_الشقق_بالدور":null,"متوسط_مساحة_الشقق_بالمنطقة":null,"نوع_نمط_العمران":null,"نوع_طبيعة_المنطقة":null,"سعر_العمارة":null,"نوع_الأرض":null,"المساحة_كم2":null,"GlobalID":"{96B9ACF6-77B4-486F-8640-7C00282CB9F6}","created_user":"gpr.gps","created_date":"2026-04-11T07:55:37Z","last_edited_user":"gpr.gps","last_edited_date":"2026-04-11T07:55:37Z","مساحة_كم2":null,"SHAPE_Length":46.875915029955124,"SHAPE_Area":133.60064947205925},"geometry":{"type":"Polygon","coordinates":[[[32.716672,25.94228],[32.716504,25.942255],[32.716547,25.942335],[32.716672,25.94228]]]}},{"type":"Feature","properties":{"source_layer":"Building","source_feature_count":1,"BuildingType":2,"land_use":"سكنى","اسم_المحور":null,"اسم_المحافظة":null,"متوسط_عدد_الادوار_بالعقار":null,"متوسط_عدد_الشقق_بالدور":null,"متوسط_مساحة_الشقق_بالمنطقة":null,"نوع_نمط_العمران":null,"نوع_طبيعة_المنطقة":null,"سعر_العمارة":null,"نوع_الأرض":null,"المساحة_كم2":null,"GlobalID":"{D6F10E30-663B-41B5-A68E-B0D934664B55}","created_user":"gpr.gps","created_date":"2026-04-11T07:55:37Z","last_edited_user":"gpr.gps","last_edited_date":"2026-04-11T07:55:37Z","مساحة_كم2":null,"SHAPE_Length":49.34014186839563,"SHAPE_Area":141.2938424860827},"geometry":{"type":"Polygon","coordinates":[[[32.716331,25.942255],[32.716432,25.942123],[32.716289,25.942183],[32.716331,25.942255]]]}},{"type":"Feature","properties":{"source_layer":"Building","source_feature_count":1,"BuildingType":2,"land_use":"سكنى","اسم_المحور":null,"اسم_المحافظة":null,"متوسط_عدد_الادوار_بالعقار":null,"متوسط_عدد_الشقق_بالدور":null,"متوسط_مساحة_الشقق_بالمنطقة":null,"نوع_نمط_العمران":null,"نوع_طبيعة_المنطقة":null,"سعر_العمارة":null,"نوع_الأرض":null,"المساحة_كم2":null,"GlobalID":"{5EC4AC0C-CD3A-4F9A-96B7-8CE47F0B9BD8}","created_user":"gpr.gps","created_date":"2026-04-11T07:55:37Z","last_edited_user":"gpr.gps","last_edited_date":"2026-04-11T07:55:37Z","مساحة_كم2":null,"SHAPE_Length":46.78973688980344,"SHAPE_Area":135.03995143002555},"geometry":{"type":"Polygon","coordinates":[[[32.7054,25.924493],[32.705299,25.924377],[32.705308,25.92451],[32.7054,25.924493]]]}},{"type":"Feature","properties":{"source_layer":"Building","source_feature_count":1,"BuildingType":2,"land_use":"سكنى","اسم_المحور":null,"اسم_المحافظة":null,"متوسط_عدد_الادوار_بالعقار":null,"متوسط_عدد_الشقق_بالدور":null,"متوسط_مساحة_الشقق_بالمنطقة":null,"نوع_نمط_العمران":null,"نوع_طبيعة_المنطقة":null,"سعر_العمارة":null,"نوع_الأرض":null,"المساحة_كم2":null,"GlobalID":"{56BCC221-F167-4D53-BEEC-718BD5FCD07A}","created_user":"gpr.gps","created_date":"2026-04-11T07:55:37Z","last_edited_user":"gpr.gps","last_edited_date":"2026-04-11T07:55:37Z","مساحة_كم2":null,"SHAPE_Length":57.0559369301287,"SHAPE_Area":200.76418244172476},"geometry":{"type":"Polygon","coordinates":[[[32.775009,25.946285],[32.774936,25.946156],[32.774823,25.946208],[32.774895,25.946334],[32.775009,25.946285]]]}},{"type":"Feature","properties":{"source_layer":"Building","source_feature_count":1,"BuildingType":2,"land_use":"سكنى","اسم_المحور":null,"اسم_المحافظة":null,"متوسط_عدد_الادوار_بالعقار":null,"متوسط_عدد_الشقق_بالدور":null,"متوسط_مساحة_الشقق_بالمنطقة":null,"نوع_نمط_العمران":null,"نوع_طبيعة_المنطقة":null,"سعر_العمارة":null,"نوع_الأرض":null,"المساحة_كم2":null,"GlobalID":"{7C8B6419-CCA1-4DB1-B614-77106A024A42}","created_user":"gpr.gps","created_date":"2026-04-11T07:55:37Z","last_edited_user":"gpr.gps","last_edited_date":"2026-04-11T07:55:37Z","مساحة_كم2":null,"SHAPE_Length":74.1665020183494,"SHAPE_Area":336.21495175628957},"geometry":{"type":"Polygon","coordinates":[[[32.750185,25.887259],[32.750322,25.887406],[32.750442,25.887311],[32.750302,25.887167],[32.750185,25.887259]]]}},{"type":"Feature","properties":{"source_layer":"Building","source_feature_count":1,"BuildingType":2,"land_use":"سكنى","اسم_المحور":null,"اسم_المحافظة":null,"متوسط_عدد_الادوار_بالعقار":null,"متوسط_عدد_الشقق_بالدور":null,"متوسط_مساحة_الشقق_بالمنطقة":null,"نوع_نمط_العمران":null,"نوع_طبيعة_المنطقة":null,"سعر_العمارة":null,"نوع_الأرض":null,"المساحة_كم2":null,"GlobalID":"{57B87093-8482-4A7E-9795-028896561C75}","created_user":"gpr.gps","created_date":"2026-04-11T07:55:37Z","last_edited_user":"gpr.gps","last_edited_date":"2026-04-11T07:55:37Z","مساحة_كم2":null,"SHAPE_Length":60.62154903876504,"SHAPE_Area":191.45362399967786},"geometry":{"type":"Polygon","coordinates":[[[32.750322,25.887406],[32.750185,25.887259],[32.750122,25.887309],[32.75025,25.887463],[32.750322,25.887406]]]}},{"type":"Feature","properties":{"source_layer":"Building","source_feature_count":1,"BuildingType":2,"land_use":"سكنى","اسم_المحور":null,"اسم_المحافظة":null,"متوسط_عدد_الادوار_بالعقار":null,"متوسط_عدد_الشقق_بالدور":null,"متوسط_مساحة_الشقق_بالمنطقة":null,"نوع_نمط_العمران":null,"نوع_طبيعة_المنطقة":null,"سعر_العمارة":null,"نوع_الأرض":null,"المساحة_كم2":null,"GlobalID":"{0B71FF99-04BD-47F8-B354-3C53D25E9BA9}","created_user":"gpr.gps","created_date":"2026-04-11T07:55:37Z","last_edited_user":"gpr.gps","last_edited_date":"2026-04-11T07:55:37Z","مساحة_كم2":null,"SHAPE_Length":65.6484411901481,"SHAPE_Area":245.00017936562594},"geometry":{"type":"Polygon","coordinates":[[[32.75025,25.887463],[32.750122,25.887309],[32.750029,25.887382],[32.750169,25.887527],[32.75025,25.887463]]]}},{"type":"Feature","properties":{"source_layer":"Building","source_feature_count":1,"BuildingType":2,"land_use":"سكنى","اسم_المحور":null,"اسم_المحافظة":null,"متوسط_عدد_الادوار_بالعقار":null,"متوسط_عدد_الشقق_بالدور":null,"متوسط_مساحة_الشقق_بالمنطقة":null,"نوع_نمط_العمران":null,"نوع_طبيعة_المنطقة":null,"سعر_العمارة":null,"نوع_الأرض":null,"المساحة_كم2":null,"GlobalID":"{E3E3BC20-E750-4069-8C9C-95A0B8D2F1C8}","created_user":"gpr.gps","created_date":"2026-04-11T07:55:37Z","last_edited_user":"gpr.gps","last_edited_date":"2026-04-11T07:55:37Z","مساحة_كم2":null,"SHAPE_Length":50.99128756287282,"SHAPE_Area":161.38764608609165},"geometry":{"type":"Polygon","coordinates":[[[32.731846,25.931226],[32.731812,25.931128],[32.731681,25.93116],[32.731714,25.931264],[32.731846,25.931226]]]}},{"type":"Feature","properties":{"source_layer":"Building","source_feature_count":1,"BuildingType":2,"land_use":"سكنى","اسم_المحور":null,"اسم_المحافظة":null,"متوسط_عدد_الادوار_بالعقار":null,"متوسط_عدد_الشقق_بالدور":null,"متوسط_مساحة_الشقق_بالمنطقة":null,"نوع_نمط_العمران":null,"نوع_طبيعة_المنطقة":null,"سعر_العمارة":null,"نوع_الأرض":null,"المساحة_كم2":null,"GlobalID":"{274600F8-23C8-4670-A580-95891E238401}","created_user":"gpr.gps","created_date":"2026-04-11T07:55:37Z","last_edited_user":"gpr.gps","last_edited_date":"2026-04-11T07:55:37Z","مساحة_كم2":null,"SHAPE_Length":50.86267868692576,"SHAPE_Area":160.90968626338636},"geometry":{"type":"Polygon","coordinates":[[[32.731812,25.931128],[32.731778,25.931026],[32.731648,25.931057],[32.731681,25.93116],[32.731812,25.931128]]]}},{"type":"Feature","properties":{"source_layer":"Building","source_feature_count":1,"BuildingType":2,"land_use":"سكنى","اسم_المحور":null,"اسم_المحافظة":null,"متوسط_عدد_الادوار_بالعقار":null,"متوسط_عدد_الشقق_بالدور":null,"متوسط_مساحة_الشقق_بالمنطقة":null,"نوع_نمط_العمران":null,"نوع_طبيعة_المنطقة":null,"سعر_العمارة":null,"نوع_الأرض":null,"المساحة_كم2":null,"GlobalID":"{B39DE34C-830E-44FF-A4DD-57A83CB163D7}","created_user":"gpr.gps","created_date":"2026-04-11T07:55:37Z","last_edited_user":"gpr.gps","last_edited_date":"2026-04-11T07:55:37Z","مساحة_كم2":null,"SHAPE_Length":60.82147175974445,"SHAPE_Area":219.27119916365174},"geometry":{"type":"Polygon","coordinates":[[[32.734915,25.931508],[32.734882,25.931406],[32.734704,25.931457],[32.734738,25.931559],[32.734915,25.931508]]]}},{"type":"Feature","properties":{"source_layer":"Building","source_feature_count":1,"BuildingType":2,"land_use":"سكنى","اسم_المحور":null,"اسم_المحافظة":null,"متوسط_عدد_الادوار_بالعقار":null,"متوسط_عدد_الشقق_بالدور":null,"متوسط_مساحة_الشقق_بالمنطقة":null,"نوع_نمط_العمران":null,"نوع_طبيعة_المنطقة":null,"سعر_العمارة":null,"نوع_الأرض":null,"المساحة_كم2":null,"GlobalID":"{14183A3F-5EB1-4686-8B29-E2E913F4B581}","created_user":"gpr.gps","created_date":"2026-04-11T07:55:37Z","last_edited_user":"gpr.gps","last_edited_date":"2026-04-11T07:55:37Z","مساحة_كم2":null,"SHAPE_Length":46.72757531589659,"SHAPE_Area":136.44523792359604},"geometry":{"type":"Polygon","coordinates":[[[32.734991,25.931375],[32.734882,25.931406],[32.734915,25.931508],[32.735027,25.931476],[32.734991,25.931375]]]}},{"type":"Feature","properties":{"source_layer":"Building","source_feature_count":1,"BuildingType":2,"land_use":"سكنى","اسم_المحور":null,"اسم_المحافظة":null,"متوسط_عدد_الادوار_بالعقار":null,"متوسط_عدد_الشقق_بالدور":null,"متوسط_مساحة_الشقق_بالمنطقة":null,"نوع_نمط_العمران":null,"نوع_طبيعة_المنطقة":null,"سعر_العمارة":null,"نوع_الأرض":null,"المساحة_كم2":null,"GlobalID":"{FE5991CE-CF00-45AC-9722-F5677701D27B}","created_user":"gpr.gps","created_date":"2026-04-11T07:55:37Z","last_edited_user":"gpr.gps","last_edited_date":"2026-04-11T07:55:37Z","مساحة_كم2":null,"SHAPE_Length":50.69965994391799,"SHAPE_Area":159.7993002095067},"geometry":{"type":"Polygon","coordinates":[[[32.734738,25.931559],[32.734704,25.931457],[32.734574,25.931495],[32.73461,25.931596],[32.734738,25.931559]]]}},{"type":"Feature","properties":{"source_layer":"Building","source_feature_count":1,"BuildingType":2,"land_use":"سكنى","اسم_المحور":null,"اسم_المحافظة":null,"متوسط_عدد_الادوار_بالعقار":null,"متوسط_عدد_الشقق_بالدور":null,"متوسط_مساحة_الشقق_بالمنطقة":null,"نوع_نمط_العمران":null,"نوع_طبيعة_المنطقة":null,"سعر_العمارة":null,"نوع_الأرض":null,"المساحة_كم2":null,"GlobalID":"{C89DCD70-04BA-4F87-8D64-3F53BC9FD1F6}","created_user":"gpr.gps","created_date":"2026-04-11T07:55:37Z","last_edited_user":"gpr.gps","last_edited_date":"2026-04-11T07:55:37Z","مساحة_كم2":null,"SHAPE_Length":40.71075301241366,"SHAPE_Area":98.93927636509346},"geometry":{"type":"Polygon","coordinates":[[[32.73438,25.931434],[32.734337,25.931559],[32.734413,25.931541],[32.73438,25.931434]]]}},{"type":"Feature","properties":{"source_layer":"Building","source_feature_count":1,"BuildingType":2,"land_use":"سكنى","اسم_المحور":null,"اسم_المحافظة":null,"متوسط_عدد_الادوار_بالعقار":null,"متوسط_عدد_الشقق_بالدور":null,"متوسط_مساحة_الشقق_بالمنطقة":null,"نوع_نمط_العمران":null,"نوع_طبيعة_المنطقة":null,"سعر_العمارة":null,"نوع_الأرض":null,"المساحة_كم2":null,"GlobalID":"{888CB56E-F318-410B-B160-5B6B16513261}","created_user":"gpr.gps","created_date":"2026-04-11T07:55:37Z","last_edited_user":"gpr.gps","last_edited_date":"2026-04-11T07:55:37Z","مساحة_كم2":null,"SHAPE_Length":42.419332210383324,"SHAPE_Area":109.7642731392247},"geometry":{"type":"Polygon","coordinates":[[[32.73425,25.93158],[32.7343,25.931454],[32.734215,25.931475],[32.73425,25.93158]]]}},{"type":"Feature","properties":{"source_layer":"Building","source_feature_count":1,"BuildingType":2,"land_use":"سكنى","اسم_المحور":null,"اسم_المحافظة":null,"متوسط_عدد_الادوار_بالعقار":null,"متوسط_عدد_الشقق_بالدور":null,"متوسط_مساحة_الشقق_بالمنطقة":null,"نوع_نمط_العمران":null,"نوع_طبيعة_المنطقة":null,"سعر_العمارة":null,"نوع_الأرض":null,"المساحة_كم2":null,"GlobalID":"{4B495B58-B291-4AA6-AB9C-F16100F8735F}","created_user":"gpr.gps","created_date":"2026-04-11T07:55:37Z","last_edited_user":"gpr.gps","last_edited_date":"2026-04-11T07:55:37Z","مساحة_كم2":null,"SHAPE_Length":56.6605287100636,"SHAPE_Area":198.43867571257186},"geometry":{"type":"Polygon","coordinates":[[[32.785814,25.958784],[32.78579,25.958669],[32.785638,25.958704],[32.785663,25.958814],[32.785814,25.958784]]]}},{"type":"Feature","properties":{"source_layer":"Building","source_feature_count":1,"BuildingType":2,"land_use":"سكنى","اسم_المحور":null,"اسم_المحافظة":null,"متوسط_عدد_الادوار_بالعقار":null,"متوسط_عدد_الشقق_بالدور":null,"متوسط_مساحة_الشقق_بالمنطقة":null,"نوع_نمط_العمران":null,"نوع_طبيعة_المنطقة":null,"سعر_العمارة":null,"نوع_الأرض":null,"المساحة_كم2":null,"GlobalID":"{FABD507A-6CA3-4EC4-99D1-AA76BFBD4C31}","created_user":"gpr.gps","created_date":"2026-04-11T07:55:37Z","last_edited_user":"gpr.gps","last_edited_date":"2026-04-11T07:55:37Z","مساحة_كم2":null,"SHAPE_Length":57.22582075772105,"SHAPE_Area":200.14421616597335},"geometry":{"type":"Polygon","coordinates":[[[32.785663,25.958814],[32.785638,25.958704],[32.78548,25.95874],[32.785502,25.958846],[32.785663,25.958814]]]}},{"type":"Feature","properties":{"source_layer":"Building","source_feature_count":1,"BuildingType":2,"land_use":"سكنى","اسم_المحور":null,"اسم_المحافظة":null,"متوسط_عدد_الادوار_بالعقار":null,"متوسط_عدد_الشقق_بالدور":null,"متوسط_مساحة_الشقق_بالمنطقة":null,"نوع_نمط_العمران":null,"نوع_طبيعة_المنطقة":null,"سعر_العمارة":null,"نوع_الأرض":null,"المساحة_كم2":null,"GlobalID":"{C6CD145B-E45B-4ABC-84B2-6F9DD63400D5}","created_user":"gpr.gps","created_date":"2026-04-11T07:55:37Z","last_edited_user":"gpr.gps","last_edited_date":"2026-04-11T07:55:37Z","مساحة_كم2":null,"SHAPE_Length":50.00450027787043,"SHAPE_Area":142.31899000227827},"geometry":{"type":"Polygon","coordinates":[[[32.767112,25.961445],[32.767252,25.961331],[32.767095,25.961364],[32.767112,25.961445]]]}},{"type":"Feature","properties":{"source_layer":"Building","source_feature_count":1,"BuildingType":2,"land_use":"سكنى","اسم_المحور":null,"اسم_المحافظة":null,"متوسط_عدد_الادوار_بالعقار":null,"متوسط_عدد_الشقق_بالدور":null,"متوسط_مساحة_الشقق_بالمنطقة":null,"نوع_نمط_العمران":null,"نوع_طبيعة_المنطقة":null,"سعر_العمارة":null,"نوع_الأرض":null,"المساحة_كم2":null,"GlobalID":"{97079DB7-265A-45A3-868C-156853D515C6}","created_user":"gpr.gps","created_date":"2026-04-11T07:55:37Z","last_edited_user":"gpr.gps","last_edited_date":"2026-04-11T07:55:37Z","مساحة_كم2":null,"SHAPE_Length":51.93802982540737,"SHAPE_Area":155.74327500410416},"geometry":{"type":"Polygon","coordinates":[[[32.741104,25.931477],[32.74115,25.931551],[32.741294,25.931477],[32.741248,25.931404],[32.741104,25.931477]]]}},{"type":"Feature","properties":{"source_layer":"Building","source_feature_count":1,"BuildingType":2,"land_use":"سكنى","اسم_المحور":null,"اسم_المحافظة":null,"متوسط_عدد_الادوار_بالعقار":null,"متوسط_عدد_الشقق_بالدور":null,"متوسط_مساحة_الشقق_بالمنطقة":null,"نوع_نمط_العمران":null,"نوع_طبيعة_المنطقة":null,"سعر_العمارة":null,"نوع_الأرض":null,"المساحة_كم2":null,"GlobalID":"{F2B91839-C979-4577-9798-E51D7061A193}","created_user":"gpr.gps","created_date":"2026-04-11T07:55:37Z","last_edited_user":"gpr.gps","last_edited_date":"2026-04-11T07:55:37Z","مساحة_كم2":null,"SHAPE_Length":40.37766381158975,"SHAPE_Area":95.26250522630481},"geometry":{"type":"Polygon","coordinates":[[[32.706367,25.913894],[32.706472,25.913987],[32.706439,25.913877],[32.706367,25.913894]]]}},{"type":"Feature","properties":{"source_layer":"Building","source_feature_count":1,"BuildingType":2,"land_use":"سكنى","اسم_المحور":null,"اسم_المحافظة":null,"متوسط_عدد_الادوار_بالعقار":null,"متوسط_عدد_الشقق_بالدور":null,"متوسط_مساحة_الشقق_بالمنطقة":null,"نوع_نمط_العمران":null,"نوع_طبيعة_المنطقة":null,"سعر_العمارة":null,"نوع_الأرض":null,"المساحة_كم2":null,"GlobalID":"{7FCBCF88-F1DA-4F5B-85CF-11B5391FFFEF}","created_user":"gpr.gps","created_date":"2026-04-11T07:55:37Z","last_edited_user":"gpr.gps","last_edited_date":"2026-04-11T07:55:37Z","مساحة_كم2":null,"SHAPE_Length":57.2871782645891,"SHAPE_Area":203.31603301774277},"geometry":{"type":"Polygon","coordinates":[[[32.78279,25.952618],[32.782842,25.952748],[32.782964,25.952715],[32.782915,25.952578],[32.78279,25.952618]]]}},{"type":"Feature","properties":{"source_layer":"Building","source_feature_count":1,"BuildingType":2,"land_use":"سكنى","اسم_المحور":null,"اسم_المحافظة":null,"متوسط_عدد_الادوار_بالعقار":null,"متوسط_عدد_الشقق_بالدور":null,"متوسط_مساحة_الشقق_بالمنطقة":null,"نوع_نمط_العمران":null,"نوع_طبيعة_المنطقة":null,"سعر_العمارة":null,"نوع_الأرض":null,"المساحة_كم2":null,"GlobalID":"{8816ABFA-6382-450F-B284-5FBADDDF1A75}","created_user":"gpr.gps","created_date":"2026-04-11T07:55:37Z","last_edited_user":"gpr.gps","last_edited_date":"2026-04-11T07:55:37Z","مساحة_كم2":null,"SHAPE_Length":51.00503979796822,"SHAPE_Area":162.42838441996236},"geometry":{"type":"Polygon","coordinates":[[[32.78283,25.95234],[32.782901,25.95219],[32.782785,25.952228],[32.78283,25.95234]]]}},{"type":"Feature","properties":{"source_layer":"Building","source_feature_count":1,"BuildingType":2,"land_use":"سكنى","اسم_المحور":null,"اسم_المحافظة":null,"متوسط_عدد_الادوار_بالعقار":null,"متوسط_عدد_الشقق_بالدور":null,"متوسط_مساحة_الشقق_بالمنطقة":null,"نوع_نمط_العمران":null,"نوع_طبيعة_المنطقة":null,"سعر_العمارة":null,"نوع_الأرض":null,"المساحة_كم2":null,"GlobalID":"{297D8C1E-2F64-4431-A374-CF042759F097}","created_user":"gpr.gps","created_date":"2026-04-11T07:55:37Z","last_edited_user":"gpr.gps","last_edited_date":"2026-04-11T07:55:37Z","مساحة_كم2":null,"SHAPE_Length":133.3219974946909,"SHAPE_Area":416.45473181030184},"geometry":{"type":"Polygon","coordinates":[[[32.860301,25.923285],[32.86042,25.923237],[32.860336,25.923023],[32.860182,25.923086],[32.860301,25.923285]]]}},{"type":"Feature","properties":{"source_layer":"Building","source_feature_count":1,"BuildingType":2,"land_use":"سكنى","اسم_المحور":null,"اسم_المحافظة":null,"متوسط_عدد_الادوار_بالعقار":null,"متوسط_عدد_الشقق_بالدور":null,"متوسط_مساحة_الشقق_بالمنطقة":null,"نوع_نمط_العمران":null,"نوع_طبيعة_المنطقة":null,"سعر_العمارة":null,"نوع_الأرض":null,"المساحة_كم2":null,"GlobalID":"{8AEA5053-8355-4DD4-8C46-D152F3655BCD}","created_user":"gpr.gps","created_date":"2026-04-11T07:55:37Z","last_edited_user":"gpr.gps","last_edited_date":"2026-04-11T07:55:37Z","مساحة_كم2":null,"SHAPE_Length":133.3217039456978,"SHAPE_Area":416.4547068988373},"geometry":{"type":"Polygon","coordinates":[[[32.860708,25.923493],[32.8607,25.923267],[32.860532,25.923283],[32.860579,25.923506],[32.860708,25.923493]]]}},{"type":"Feature","properties":{"source_layer":"Building","source_feature_count":1,"BuildingType":2,"land_use":"سكنى","اسم_المحور":null,"اسم_المحافظة":null,"متوسط_عدد_الادوار_بالعقار":null,"متوسط_عدد_الشقق_بالدور":null,"متوسط_مساحة_الشقق_بالمنطقة":null,"نوع_نمط_العمران":null,"نوع_طبيعة_المنطقة":null,"سعر_العمارة":null,"نوع_الأرض":null,"المساحة_كم2":null,"GlobalID":"{D518DDE4-2CD3-457F-841B-9F7750ED14CD}","created_user":"gpr.gps","created_date":"2026-04-11T07:55:37Z","last_edited_user":"gpr.gps","last_edited_date":"2026-04-11T07:55:37Z","مساحة_كم2":null,"SHAPE_Length":133.32196084812517,"SHAPE_Area":416.4555425235735},"geometry":{"type":"Polygon","coordinates":[[[32.860615,25.923208],[32.860607,25.922981],[32.860439,25.922997],[32.860486,25.92322],[32.860615,25.923208]]]}},{"type":"Feature","properties":{"source_layer":"Building","source_feature_count":1,"BuildingType":2,"land_use":"سكنى","اسم_المحور":null,"اسم_المحافظة":null,"متوسط_عدد_الادوار_بالعقار":null,"متوسط_عدد_الشقق_بالدور":null,"متوسط_مساحة_الشقق_بالمنطقة":null,"نوع_نمط_العمران":null,"نوع_طبيعة_المنطقة":null,"سعر_العمارة":null,"نوع_الأرض":null,"المساحة_كم2":null,"GlobalID":"{878B6188-CC5E-4B1F-B706-C7050F1E2792}","created_user":"gpr.gps","created_date":"2026-04-11T07:55:37Z","last_edited_user":"gpr.gps","last_edited_date":"2026-04-11T07:55:37Z","مساحة_كم2":null,"SHAPE_Length":133.32170394526776,"SHAPE_Area":416.45470687617495},"geometry":{"type":"Polygon","coordinates":[[[32.860979,25.923423],[32.860971,25.923197],[32.860802,25.923213],[32.860849,25.923436],[32.860979,25.923423]]]}},{"type":"Feature","properties":{"source_layer":"Building","source_feature_count":1,"BuildingType":2,"land_use":"سكنى","اسم_المحور":null,"اسم_المحافظة":null,"متوسط_عدد_الادوار_بالعقار":null,"متوسط_عدد_الشقق_بالدور":null,"متوسط_مساحة_الشقق_بالمنطقة":null,"نوع_نمط_العمران":null,"نوع_طبيعة_المنطقة":null,"سعر_العمارة":null,"نوع_الأرض":null,"المساحة_كم2":null,"GlobalID":"{0DF52771-4270-4270-BB7A-93255D37A2E0}","created_user":"gpr.gps","created_date":"2026-04-11T07:55:37Z","last_edited_user":"gpr.gps","last_edited_date":"2026-04-11T07:55:37Z","مساحة_كم2":null,"SHAPE_Length":133.32196084629993,"SHAPE_Area":416.45554253644616},"geometry":{"type":"Polygon","coordinates":[[[32.860886,25.923137],[32.860878,25.922911],[32.860709,25.922927],[32.860756,25.92315],[32.860886,25.923137]]]}},{"type":"Feature","properties":{"source_layer":"Building","source_feature_count":1,"BuildingType":2,"land_use":"سكنى","اسم_المحور":null,"اسم_المحافظة":null,"متوسط_عدد_الادوار_بالعقار":null,"متوسط_عدد_الشقق_بالدور":null,"متوسط_مساحة_الشقق_بالمنطقة":null,"نوع_نمط_العمران":null,"نوع_طبيعة_المنطقة":null,"سعر_العمارة":null,"نوع_الأرض":null,"المساحة_كم2":null,"GlobalID":"{B619E42A-8E08-48C8-9F9D-27DCD0CD3282}","created_user":"gpr.gps","created_date":"2026-04-11T07:55:37Z","last_edited_user":"gpr.gps","last_edited_date":"2026-04-11T07:55:37Z","مساحة_كم2":null,"SHAPE_Length":71.26363300233558,"SHAPE_Area":160.8519535149102},"geometry":{"type":"Polygon","coordinates":[[[32.860035,25.923562],[32.860227,25.923627],[32.8602,25.923526],[32.860035,25.923562]]]}},{"type":"Feature","properties":{"source_layer":"Building","source_feature_count":1,"BuildingType":2,"land_use":"سكنى","اسم_المحور":null,"اسم_المحافظة":null,"متوسط_عدد_الادوار_بالعقار":null,"متوسط_عدد_الشقق_بالدور":null,"متوسط_مساحة_الشقق_بالمنطقة":null,"نوع_نمط_العمران":null,"نوع_طبيعة_المنطقة":null,"سعر_العمارة":null,"نوع_الأرض":null,"المساحة_كم2":null,"GlobalID":"{5815B874-3AAB-4A2B-8759-16CE845FDFF2}","created_user":"gpr.gps","created_date":"2026-04-11T07:55:37Z","last_edited_user":"gpr.gps","last_edited_date":"2026-04-11T07:55:37Z","مساحة_كم2":null,"SHAPE_Length":71.26411538723823,"SHAPE_Area":160.85207355861766},"geometry":{"type":"Polygon","coordinates":[[[32.859754,25.923617],[32.859946,25.923682],[32.859919,25.923581],[32.859754,25.923617]]]}},{"type":"Feature","properties":{"source_layer":"Building","source_feature_count":1,"BuildingType":2,"land_use":"سكنى","اسم_المحور":null,"اسم_المحافظة":null,"متوسط_عدد_الادوار_بالعقار":null,"متوسط_عدد_الشقق_بالدور":null,"متوسط_مساحة_الشقق_بالمنطقة":null,"نوع_نمط_العمران":null,"نوع_طبيعة_المنطقة":null,"سعر_العمارة":null,"نوع_الأرض":null,"المساحة_كم2":null,"GlobalID":"{8BF4DB72-0DF2-4CF9-9DB1-3F45A43A4EB5}","created_user":"gpr.gps","created_date":"2026-04-11T07:55:37Z","last_edited_user":"gpr.gps","last_edited_date":"2026-04-11T07:55:37Z","مساحة_كم2":null,"SHAPE_Length":71.26411538785646,"SHAPE_Area":160.85207357014087},"geometry":{"type":"Polygon","coordinates":[[[32.859544,25.923081],[32.859735,25.923146],[32.859709,25.923046],[32.859544,25.923081]]]}},{"type":"Feature","properties":{"source_layer":"Building","source_feature_count":1,"BuildingType":2,"land_use":"سكنى","اسم_المحور":null,"اسم_المحافظة":null,"متوسط_عدد_الادوار_بالعقار":null,"متوسط_عدد_الشقق_بالدور":null,"متوسط_مساحة_الشقق_بالمنطقة":null,"نوع_نمط_العمران":null,"نوع_طبيعة_المنطقة":null,"سعر_العمارة":null,"نوع_الأرض":null,"المساحة_كم2":null,"GlobalID":"{664B952B-77CB-46F2-BB16-D35C17B7FB13}","created_user":"gpr.gps","created_date":"2026-04-11T07:55:37Z","last_edited_user":"gpr.gps","last_edited_date":"2026-04-11T07:55:37Z","مساحة_كم2":null,"SHAPE_Length":40.8204384639014,"SHAPE_Area":98.06878617939446},"geometry":{"type":"Polygon","coordinates":[[[32.756759,25.92663],[32.7568,25.926504],[32.756704,25.926577],[32.756759,25.92663]]]}},{"type":"Feature","properties":{"source_layer":"Building","source_feature_count":1,"BuildingType":2,"land_use":"سكنى","اسم_المحور":null,"اسم_المحافظة":null,"متوسط_عدد_الادوار_بالعقار":null,"متوسط_عدد_الشقق_بالدور":null,"متوسط_مساحة_الشقق_بالمنطقة":null,"نوع_نمط_العمران":null,"نوع_طبيعة_المنطقة":null,"سعر_العمارة":null,"نوع_الأرض":null,"المساحة_كم2":null,"GlobalID":"{7516D94C-5B19-485D-9D93-0C61C486884B}","created_user":"gpr.gps","created_date":"2026-04-11T07:55:37Z","last_edited_user":"gpr.gps","last_edited_date":"2026-04-11T07:55:37Z","مساحة_كم2":null,"SHAPE_Length":39.954654929437595,"SHAPE_Area":98.43402874110073},"geometry":{"type":"Polygon","coordinates":[[[32.756587,25.926774],[32.756609,25.92665],[32.756524,25.926714],[32.756587,25.926774]]]}},{"type":"Feature","properties":{"source_layer":"Building","source_feature_count":1,"BuildingType":2,"land_use":"سكنى","اسم_المحور":null,"اسم_المحافظة":null,"متوسط_عدد_الادوار_بالعقار":null,"متوسط_عدد_الشقق_بالدور":null,"متوسط_مساحة_الشقق_بالمنطقة":null,"نوع_نمط_العمران":null,"نوع_طبيعة_المنطقة":null,"سعر_العمارة":null,"نوع_الأرض":null,"المساحة_كم2":null,"GlobalID":"{108E4A33-CE0A-41DA-BD90-229B6376234A}","created_user":"gpr.gps","created_date":"2026-04-11T07:55:37Z","last_edited_user":"gpr.gps","last_edited_date":"2026-04-11T07:55:37Z","مساحة_كم2":null,"SHAPE_Length":58.77378104098037,"SHAPE_Area":207.8815245173945},"geometry":{"type":"Polygon","coordinates":[[[32.758743,25.927458],[32.758644,25.927328],[32.758547,25.927392],[32.758648,25.927521],[32.758743,25.927458]]]}},{"type":"Feature","properties":{"source_layer":"Building","source_feature_count":1,"BuildingType":2,"land_use":"سكنى","اسم_المحور":null,"اسم_المحافظة":null,"متوسط_عدد_الادوار_بالعقار":null,"متوسط_عدد_الشقق_بالدور":null,"متوسط_مساحة_الشقق_بالمنطقة":null,"نوع_نمط_العمران":null,"نوع_طبيعة_المنطقة":null,"سعر_العمارة":null,"نوع_الأرض":null,"المساحة_كم2":null,"GlobalID":"{36029CFF-7CB8-4054-A9AA-C798F12E5F0C}","created_user":"gpr.gps","created_date":"2026-04-11T07:55:37Z","last_edited_user":"gpr.gps","last_edited_date":"2026-04-11T07:55:37Z","مساحة_كم2":null,"SHAPE_Length":44.98779293457211,"SHAPE_Area":126.38686233375165},"geometry":{"type":"Polygon","coordinates":[[[32.758876,25.927638],[32.758722,25.927614],[32.75879,25.9277],[32.758876,25.927638]]]}},{"type":"Feature","properties":{"source_layer":"Building","source_feature_count":1,"BuildingType":2,"land_use":"سكنى","اسم_المحور":null,"اسم_المحافظة":null,"متوسط_عدد_الادوار_بالعقار":null,"متوسط_عدد_الشقق_بالدور":null,"متوسط_مساحة_الشقق_بالمنطقة":null,"نوع_نمط_العمران":null,"نوع_طبيعة_المنطقة":null,"سعر_العمارة":null,"نوع_الأرض":null,"المساحة_كم2":null,"GlobalID":"{F39995D4-F668-4C6A-9BEF-7CC0D9ADDB6D}","created_user":"gpr.gps","created_date":"2026-04-11T07:55:37Z","last_edited_user":"gpr.gps","last_edited_date":"2026-04-11T07:55:37Z","مساحة_كم2":null,"SHAPE_Length":48.94495912094439,"SHAPE_Area":149.24258443920715},"geometry":{"type":"Polygon","coordinates":[[[32.758816,25.927556],[32.758743,25.927458],[32.758648,25.927521],[32.758722,25.927614],[32.758816,25.927556]]]}},{"type":"Feature","properties":{"source_layer":"Building","source_feature_count":1,"BuildingType":2,"land_use":"سكنى","اسم_المحور":null,"اسم_المحافظة":null,"متوسط_عدد_الادوار_بالعقار":null,"متوسط_عدد_الشقق_بالدور":null,"متوسط_مساحة_الشقق_بالمنطقة":null,"نوع_نمط_العمران":null,"نوع_طبيعة_المنطقة":null,"سعر_العمارة":null,"نوع_الأرض":null,"المساحة_كم2":null,"GlobalID":"{C2A3913C-F65E-4E83-853E-B811F86692F4}","created_user":"gpr.gps","created_date":"2026-04-11T07:55:37Z","last_edited_user":"gpr.gps","last_edited_date":"2026-04-11T07:55:37Z","مساحة_كم2":null,"SHAPE_Length":52.33433610445571,"SHAPE_Area":170.5921469036765},"geometry":{"type":"Polygon","coordinates":[[[32.758573,25.927233],[32.758497,25.927132],[32.758389,25.927192],[32.75847,25.927294],[32.758573,25.927233]]]}},{"type":"Feature","properties":{"source_layer":"Building","source_feature_count":1,"BuildingType":2,"land_use":"سكنى","اسم_المحور":null,"اسم_المحافظة":null,"متوسط_عدد_الادوار_بالعقار":null,"متوسط_عدد_الشقق_بالدور":null,"متوسط_مساحة_الشقق_بالمنطقة":null,"نوع_نمط_العمران":null,"نوع_طبيعة_المنطقة":null,"سعر_العمارة":null,"نوع_الأرض":null,"المساحة_كم2":null,"GlobalID":"{DD4F2025-7FE1-4461-8469-D17C016AE474}","created_user":"gpr.gps","created_date":"2026-04-11T07:55:37Z","last_edited_user":"gpr.gps","last_edited_date":"2026-04-11T07:55:37Z","مساحة_كم2":null,"SHAPE_Length":62.65827726489927,"SHAPE_Area":232.22140604142737},"geometry":{"type":"Polygon","coordinates":[[[32.788872,25.922174],[32.788911,25.922343],[32.789027,25.922319],[32.788991,25.922147],[32.788872,25.922174]]]}},{"type":"Feature","properties":{"source_layer":"Building","source_feature_count":1,"BuildingType":2,"land_use":"سكنى","اسم_المحور":null,"اسم_المحافظة":null,"متوسط_عدد_الادوار_بالعقار":null,"متوسط_عدد_الشقق_بالدور":null,"متوسط_مساحة_الشقق_بالمنطقة":null,"نوع_نمط_العمران":null,"نوع_طبيعة_المنطقة":null,"سعر_العمارة":null,"نوع_الأرض":null,"المساحة_كم2":null,"GlobalID":"{7B7807BC-73BA-427D-AA6F-988C01DE71A0}","created_user":"gpr.gps","created_date":"2026-04-11T07:55:37Z","last_edited_user":"gpr.gps","last_edited_date":"2026-04-11T07:55:37Z","مساحة_كم2":null,"SHAPE_Length":40.32357699343387,"SHAPE_Area":101.03188584248527},"geometry":{"type":"Polygon","coordinates":[[[32.752372,25.944204],[32.752228,25.944196],[32.752283,25.944262],[32.752372,25.944204]]]}},{"type":"Feature","properties":{"source_layer":"Building","source_feature_count":1,"BuildingType":2,"land_use":"سكنى","اسم_المحور":null,"اسم_المحافظة":null,"متوسط_عدد_الادوار_بالعقار":null,"متوسط_عدد_الشقق_بالدور":null,"متوسط_مساحة_الشقق_بالمنطقة":null,"نوع_نمط_العمران":null,"نوع_طبيعة_المنطقة":null,"سعر_العمارة":null,"نوع_الأرض":null,"المساحة_كم2":null,"GlobalID":"{CD14C156-B527-4798-AF59-F88CE26E0DAB}","created_user":"gpr.gps","created_date":"2026-04-11T07:55:37Z","last_edited_user":"gpr.gps","last_edited_date":"2026-04-11T07:55:37Z","مساحة_كم2":null,"SHAPE_Length":59.613929775902314,"SHAPE_Area":221.82480399999235},"geometry":{"type":"Polygon","coordinates":[[[32.739534,25.942905],[32.739683,25.942864],[32.739636,25.942742],[32.739492,25.942776],[32.739534,25.942905]]]}},{"type":"Feature","properties":{"source_layer":"Building","source_feature_count":1,"BuildingType":2,"land_use":"سكنى","اسم_المحور":null,"اسم_المحافظة":null,"متوسط_عدد_الادوار_بالعقار":null,"متوسط_عدد_الشقق_بالدور":null,"متوسط_مساحة_الشقق_بالمنطقة":null,"نوع_نمط_العمران":null,"نوع_طبيعة_المنطقة":null,"سعر_العمارة":null,"نوع_الأرض":null,"المساحة_كم2":null,"GlobalID":"{FBB49B27-758A-4DC8-988D-5F24F550DC0A}","created_user":"gpr.gps","created_date":"2026-04-11T07:55:37Z","last_edited_user":"gpr.gps","last_edited_date":"2026-04-11T07:55:37Z","مساحة_كم2":null,"SHAPE_Length":51.127175275934924,"SHAPE_Area":156.26964513144046},"geometry":{"type":"Polygon","coordinates":[[[32.853873,25.953827],[32.853772,25.953819],[32.853755,25.953958],[32.853856,25.953964],[32.853873,25.953827]]]}},{"type":"Feature","properties":{"source_layer":"Building","source_feature_count":1,"BuildingType":2,"land_use":"سكنى","اسم_المحور":null,"اسم_المحافظة":null,"متوسط_عدد_الادوار_بالعقار":null,"متوسط_عدد_الشقق_بالدور":null,"متوسط_مساحة_الشقق_بالمنطقة":null,"نوع_نمط_العمران":null,"نوع_طبيعة_المنطقة":null,"سعر_العمارة":null,"نوع_الأرض":null,"المساحة_كم2":null,"GlobalID":"{C1354956-AB82-4DA8-919C-95781CC5FD83}","created_user":"gpr.gps","created_date":"2026-04-11T07:55:37Z","last_edited_user":"gpr.gps","last_edited_date":"2026-04-11T07:55:37Z","مساحة_كم2":null,"SHAPE_Length":53.18516174265852,"SHAPE_Area":171.0443695038434},"geometry":{"type":"Polygon","coordinates":[[[32.853772,25.953819],[32.853662,25.95381],[32.853648,25.953952],[32.853755,25.953958],[32.853772,25.953819]]]}},{"type":"Feature","properties":{"source_layer":"Building","source_feature_count":1,"BuildingType":2,"land_use":"سكنى","اسم_المحور":null,"اسم_المحافظة":null,"متوسط_عدد_الادوار_بالعقار":null,"متوسط_عدد_الشقق_بالدور":null,"متوسط_مساحة_الشقق_بالمنطقة":null,"نوع_نمط_العمران":null,"نوع_طبيعة_المنطقة":null,"سعر_العمارة":null,"نوع_الأرض":null,"المساحة_كم2":null,"GlobalID":"{4DC7136F-4B66-44B7-838B-5B742C48C83B}","created_user":"gpr.gps","created_date":"2026-04-11T07:55:37Z","last_edited_user":"gpr.gps","last_edited_date":"2026-04-11T07:55:37Z","مساحة_كم2":null,"SHAPE_Length":62.68995161336169,"SHAPE_Area":222.84275367073747},"geometry":{"type":"Polygon","coordinates":[[[32.791162,25.9303],[32.791202,25.930392],[32.791391,25.930318],[32.791348,25.930227],[32.791162,25.9303]]]}},{"type":"Feature","properties":{"source_layer":"Building","source_feature_count":1,"BuildingType":2,"land_use":"سكنى","اسم_المحور":null,"اسم_المحافظة":null,"متوسط_عدد_الادوار_بالعقار":null,"متوسط_عدد_الشقق_بالدور":null,"متوسط_مساحة_الشقق_بالمنطقة":null,"نوع_نمط_العمران":null,"نوع_طبيعة_المنطقة":null,"سعر_العمارة":null,"نوع_الأرض":null,"المساحة_كم2":null,"GlobalID":"{9318EAEE-B6F4-48E7-A392-775A9EF3210F}","created_user":"gpr.gps","created_date":"2026-04-11T07:55:37Z","last_edited_user":"gpr.gps","last_edited_date":"2026-04-11T07:55:37Z","مساحة_كم2":null,"SHAPE_Length":142.47674244824674,"SHAPE_Area":391.06504810505436},"geometry":{"type":"Polygon","coordinates":[[[32.697007,25.91408],[32.69692,25.91388],[32.696777,25.913919],[32.696855,25.914152],[32.697007,25.91408]]]}},{"type":"Feature","properties":{"source_layer":"Building","source_feature_count":1,"BuildingType":2,"land_use":"سكنى","اسم_المحور":null,"اسم_المحافظة":null,"متوسط_عدد_الادوار_بالعقار":null,"متوسط_عدد_الشقق_بالدور":null,"متوسط_مساحة_الشقق_بالمنطقة":null,"نوع_نمط_العمران":null,"نوع_طبيعة_المنطقة":null,"سعر_العمارة":null,"نوع_الأرض":null,"المساحة_كم2":null,"GlobalID":"{F270AAE8-E6C3-4043-9DE4-C6224E330B37}","created_user":"gpr.gps","created_date":"2026-04-11T07:55:37Z","last_edited_user":"gpr.gps","last_edited_date":"2026-04-11T07:55:37Z","مساحة_كم2":null,"SHAPE_Length":142.4767424627104,"SHAPE_Area":391.0650480954792},"geometry":{"type":"Polygon","coordinates":[[[32.696876,25.913741],[32.696789,25.913541],[32.696647,25.91358],[32.696724,25.913813],[32.696876,25.913741]]]}},{"type":"Feature","properties":{"source_layer":"Building","source_feature_count":1,"BuildingType":2,"land_use":"سكنى","اسم_المحور":null,"اسم_المحافظة":null,"متوسط_عدد_الادوار_بالعقار":null,"متوسط_عدد_الشقق_بالدور":null,"متوسط_مساحة_الشقق_بالمنطقة":null,"نوع_نمط_العمران":null,"نوع_طبيعة_المنطقة":null,"سعر_العمارة":null,"نوع_الأرض":null,"المساحة_كم2":null,"GlobalID":"{6AEEB590-1EEB-49F4-9F59-34EDED6B846F}","created_user":"gpr.gps","created_date":"2026-04-11T07:55:37Z","last_edited_user":"gpr.gps","last_edited_date":"2026-04-11T07:55:37Z","مساحة_كم2":null,"SHAPE_Length":142.47674244650747,"SHAPE_Area":391.06504809229347},"geometry":{"type":"Polygon","coordinates":[[[32.697122,25.91366],[32.697035,25.91346],[32.696893,25.913499],[32.69697,25.913732],[32.697122,25.91366]]]}},{"type":"Feature","properties":{"source_layer":"Building","source_feature_count":1,"BuildingType":2,"land_use":"سكنى","اسم_المحور":null,"اسم_المحافظة":null,"متوسط_عدد_الادوار_بالعقار":null,"متوسط_عدد_الشقق_بالدور":null,"متوسط_مساحة_الشقق_بالمنطقة":null,"نوع_نمط_العمران":null,"نوع_طبيعة_المنطقة":null,"سعر_العمارة":null,"نوع_الأرض":null,"المساحة_كم2":null,"GlobalID":"{A49186C4-B2A5-4D9A-860C-B9D98DD39F49}","created_user":"gpr.gps","created_date":"2026-04-11T07:55:37Z","last_edited_user":"gpr.gps","last_edited_date":"2026-04-11T07:55:37Z","مساحة_كم2":null,"SHAPE_Length":142.47674246025448,"SHAPE_Area":391.0650480966103},"geometry":{"type":"Polygon","coordinates":[[[32.697373,25.913599],[32.697286,25.913399],[32.697144,25.913438],[32.697221,25.91367],[32.697373,25.913599]]]}},{"type":"Feature","properties":{"source_layer":"Building","source_feature_count":1,"BuildingType":2,"land_use":"سكنى","اسم_المحور":null,"اسم_المحافظة":null,"متوسط_عدد_الادوار_بالعقار":null,"متوسط_عدد_الشقق_بالدور":null,"متوسط_مساحة_الشقق_بالمنطقة":null,"نوع_نمط_العمران":null,"نوع_طبيعة_المنطقة":null,"سعر_العمارة":null,"نوع_الأرض":null,"المساحة_كم2":null,"GlobalID":"{01D12AD6-40D9-46F6-BE3F-F04B0C1872AB}","created_user":"gpr.gps","created_date":"2026-04-11T07:55:37Z","last_edited_user":"gpr.gps","last_edited_date":"2026-04-11T07:55:37Z","مساحة_كم2":null,"SHAPE_Length":142.47674244533437,"SHAPE_Area":391.0650480908395},"geometry":{"type":"Polygon","coordinates":[[[32.697619,25.913518],[32.697532,25.913318],[32.69739,25.913357],[32.697467,25.91359],[32.697619,25.913518]]]}},{"type":"Feature","properties":{"source_layer":"Building","source_feature_count":1,"BuildingType":2,"land_use":"سكنى","اسم_المحور":null,"اسم_المحافظة":null,"متوسط_عدد_الادوار_بالعقار":null,"متوسط_عدد_الشقق_بالدور":null,"متوسط_مساحة_الشقق_بالمنطقة":null,"نوع_نمط_العمران":null,"نوع_طبيعة_المنطقة":null,"سعر_العمارة":null,"نوع_الأرض":null,"المساحة_كم2":null,"GlobalID":"{A93469E1-D484-491A-8206-58F936DFB8AF}","created_user":"gpr.gps","created_date":"2026-04-11T07:55:37Z","last_edited_user":"gpr.gps","last_edited_date":"2026-04-11T07:55:37Z","مساحة_كم2":null,"SHAPE_Length":142.4767424489222,"SHAPE_Area":391.06504810119264},"geometry":{"type":"Polygon","coordinates":[[[32.696771,25.913428],[32.696684,25.913228],[32.696542,25.913267],[32.696619,25.9135],[32.696771,25.913428]]]}},{"type":"Feature","properties":{"source_layer":"Building","source_feature_count":1,"BuildingType":2,"land_use":"سكنى","اسم_المحور":null,"اسم_المحافظة":null,"متوسط_عدد_الادوار_بالعقار":null,"متوسط_عدد_الشقق_بالدور":null,"متوسط_مساحة_الشقق_بالمنطقة":null,"نوع_نمط_العمران":null,"نوع_طبيعة_المنطقة":null,"سعر_العمارة":null,"نوع_الأرض":null,"المساحة_كم2":null,"GlobalID":"{A137C7A8-C8D1-4BBE-A13A-884DF263C55F}","created_user":"gpr.gps","created_date":"2026-04-11T07:55:37Z","last_edited_user":"gpr.gps","last_edited_date":"2026-04-11T07:55:37Z","مساحة_كم2":null,"SHAPE_Length":142.47674244810608,"SHAPE_Area":391.0650480981512},"geometry":{"type":"Polygon","coordinates":[[[32.697017,25.913347],[32.69693,25.913147],[32.696788,25.913186],[32.696865,25.913419],[32.697017,25.913347]]]}},{"type":"Feature","properties":{"source_layer":"Building","source_feature_count":1,"BuildingType":2,"land_use":"سكنى","اسم_المحور":null,"اسم_المحافظة":null,"متوسط_عدد_الادوار_بالعقار":null,"متوسط_عدد_الشقق_بالدور":null,"متوسط_مساحة_الشقق_بالمنطقة":null,"نوع_نمط_العمران":null,"نوع_طبيعة_المنطقة":null,"سعر_العمارة":null,"نوع_الأرض":null,"المساحة_كم2":null,"GlobalID":"{E6ECB65B-7E33-4BB7-BEF8-DD79CDF78AF9}","created_user":"gpr.gps","created_date":"2026-04-11T07:55:37Z","last_edited_user":"gpr.gps","last_edited_date":"2026-04-11T07:55:37Z","مساحة_كم2":null,"SHAPE_Length":142.47674244892434,"SHAPE_Area":391.06504809803846},"geometry":{"type":"Polygon","coordinates":[[[32.697268,25.913285],[32.697181,25.913085],[32.697039,25.913124],[32.697117,25.913357],[32.697268,25.913285]]]}},{"type":"Feature","properties":{"source_layer":"Building","source_feature_count":1,"BuildingType":2,"land_use":"سكنى","اسم_المحور":null,"اسم_المحافظة":null,"متوسط_عدد_الادوار_بالعقار":null,"متوسط_عدد_الشقق_بالدور":null,"متوسط_مساحة_الشقق_بالمنطقة":null,"نوع_نمط_العمران":null,"نوع_طبيعة_المنطقة":null,"سعر_العمارة":null,"نوع_الأرض":null,"المساحة_كم2":null,"GlobalID":"{531DC807-7979-4332-97B3-DC12CBE0D94E}","created_user":"gpr.gps","created_date":"2026-04-11T07:55:37Z","last_edited_user":"gpr.gps","last_edited_date":"2026-04-11T07:55:37Z","مساحة_كم2":null,"SHAPE_Length":142.47674245865898,"SHAPE_Area":391.0650481028084},"geometry":{"type":"Polygon","coordinates":[[[32.697505,25.913211],[32.697418,25.913011],[32.697275,25.91305],[32.697353,25.913283],[32.697505,25.913211]]]}},{"type":"Feature","properties":{"source_layer":"Building","source_feature_count":1,"BuildingType":2,"land_use":"سكنى","اسم_المحور":null,"اسم_المحافظة":null,"متوسط_عدد_الادوار_بالعقار":null,"متوسط_عدد_الشقق_بالدور":null,"متوسط_مساحة_الشقق_بالمنطقة":null,"نوع_نمط_العمران":null,"نوع_طبيعة_المنطقة":null,"سعر_العمارة":null,"نوع_الأرض":null,"المساحة_كم2":null,"GlobalID":"{04FAF3B0-B3C4-4301-97FA-D2B117846239}","created_user":"gpr.gps","created_date":"2026-04-11T07:55:37Z","last_edited_user":"gpr.gps","last_edited_date":"2026-04-11T07:55:37Z","مساحة_كم2":null,"SHAPE_Length":142.476742456015,"SHAPE_Area":391.0650480944715},"geometry":{"type":"Polygon","coordinates":[[[32.69664,25.913074],[32.696553,25.912874],[32.696411,25.912913],[32.696488,25.913146],[32.69664,25.913074]]]}},{"type":"Feature","properties":{"source_layer":"Building","source_feature_count":1,"BuildingType":2,"land_use":"سكنى","اسم_المحور":null,"اسم_المحافظة":null,"متوسط_عدد_الادوار_بالعقار":null,"متوسط_عدد_الشقق_بالدور":null,"متوسط_مساحة_الشقق_بالمنطقة":null,"نوع_نمط_العمران":null,"نوع_طبيعة_المنطقة":null,"سعر_العمارة":null,"نوع_الأرض":null,"المساحة_كم2":null,"GlobalID":"{94F6070F-ACE3-48AD-AB13-17FE3E3C1786}","created_user":"gpr.gps","created_date":"2026-04-11T07:55:37Z","last_edited_user":"gpr.gps","last_edited_date":"2026-04-11T07:55:37Z","مساحة_كم2":null,"SHAPE_Length":142.47674245866622,"SHAPE_Area":391.06504810408126},"geometry":{"type":"Polygon","coordinates":[[[32.696886,25.912993],[32.696799,25.912793],[32.696656,25.912832],[32.696734,25.913065],[32.696886,25.912993]]]}},{"type":"Feature","properties":{"source_layer":"Building","source_feature_count":1,"BuildingType":2,"land_use":"سكنى","اسم_المحور":null,"اسم_المحافظة":null,"متوسط_عدد_الادوار_بالعقار":null,"متوسط_عدد_الشقق_بالدور":null,"متوسط_مساحة_الشقق_بالمنطقة":null,"نوع_نمط_العمران":null,"نوع_طبيعة_المنطقة":null,"سعر_العمارة":null,"نوع_الأرض":null,"المساحة_كم2":null,"GlobalID":"{8097F5FD-7216-45BF-9466-988A86F8CCC5}","created_user":"gpr.gps","created_date":"2026-04-11T07:55:37Z","last_edited_user":"gpr.gps","last_edited_date":"2026-04-11T07:55:37Z","مساحة_كم2":null,"SHAPE_Length":142.4767424566388,"SHAPE_Area":391.06504809404885},"geometry":{"type":"Polygon","coordinates":[[[32.697137,25.912931],[32.69705,25.912732],[32.696908,25.91277],[32.696985,25.913003],[32.697137,25.912931]]]}},{"type":"Feature","properties":{"source_layer":"Building","source_feature_count":1,"BuildingType":2,"land_use":"سكنى","اسم_المحور":null,"اسم_المحافظة":null,"متوسط_عدد_الادوار_بالعقار":null,"متوسط_عدد_الشقق_بالدور":null,"متوسط_مساحة_الشقق_بالمنطقة":null,"نوع_نمط_العمران":null,"نوع_طبيعة_المنطقة":null,"سعر_العمارة":null,"نوع_الأرض":null,"المساحة_كم2":null,"GlobalID":"{4A778495-0590-4506-B708-434BA0217630}","created_user":"gpr.gps","created_date":"2026-04-11T07:55:37Z","last_edited_user":"gpr.gps","last_edited_date":"2026-04-11T07:55:37Z","مساحة_كم2":null,"SHAPE_Length":142.47674244681252,"SHAPE_Area":391.06504810309923},"geometry":{"type":"Polygon","coordinates":[[[32.696533,25.912775],[32.696446,25.912575],[32.696303,25.912614],[32.696381,25.912847],[32.696533,25.912775]]]}},{"type":"Feature","properties":{"source_layer":"Building","source_feature_count":1,"BuildingType":2,"land_use":"سكنى","اسم_المحور":null,"اسم_المحافظة":null,"متوسط_عدد_الادوار_بالعقار":null,"متوسط_عدد_الشقق_بالدور":null,"متوسط_مساحة_الشقق_بالمنطقة":null,"نوع_نمط_العمران":null,"نوع_طبيعة_المنطقة":null,"سعر_العمارة":null,"نوع_الأرض":null,"المساحة_كم2":null,"GlobalID":"{BDDEE2EA-06F1-4F2B-89C4-5C76F3252AD7}","created_user":"gpr.gps","created_date":"2026-04-11T07:55:37Z","last_edited_user":"gpr.gps","last_edited_date":"2026-04-11T07:55:37Z","مساحة_كم2":null,"SHAPE_Length":142.47674245620092,"SHAPE_Area":391.06504809885104},"geometry":{"type":"Polygon","coordinates":[[[32.696779,25.912694],[32.696691,25.912494],[32.696549,25.912533],[32.696627,25.912766],[32.696779,25.912694]]]}},{"type":"Feature","properties":{"source_layer":"Building","source_feature_count":1,"BuildingType":2,"land_use":"سكنى","اسم_المحور":null,"اسم_المحافظة":null,"متوسط_عدد_الادوار_بالعقار":null,"متوسط_عدد_الشقق_بالدور":null,"متوسط_مساحة_الشقق_بالمنطقة":null,"نوع_نمط_العمران":null,"نوع_طبيعة_المنطقة":null,"سعر_العمارة":null,"نوع_الأرض":null,"المساحة_كم2":null,"GlobalID":"{E05E1D9E-E489-4341-BABE-DC8CA00AB1E6}","created_user":"gpr.gps","created_date":"2026-04-11T07:55:37Z","last_edited_user":"gpr.gps","last_edited_date":"2026-04-11T07:55:37Z","مساحة_كم2":null,"SHAPE_Length":142.47674244563942,"SHAPE_Area":391.0650481042585},"geometry":{"type":"Polygon","coordinates":[[[32.69703,25.912633],[32.696943,25.912433],[32.6968,25.912472],[32.696878,25.912704],[32.69703,25.912633]]]}},{"type":"Feature","properties":{"source_layer":"Building","source_feature_count":1,"BuildingType":2,"land_use":"سكنى","اسم_المحور":null,"اسم_المحافظة":null,"متوسط_عدد_الادوار_بالعقار":null,"متوسط_عدد_الشقق_بالدور":null,"متوسط_مساحة_الشقق_بالمنطقة":null,"نوع_نمط_العمران":null,"نوع_طبيعة_المنطقة":null,"سعر_العمارة":null,"نوع_الأرض":null,"المساحة_كم2":null,"GlobalID":"{49DC09FC-BA40-4507-AF83-20FFA749C2A7}","created_user":"gpr.gps","created_date":"2026-04-11T07:55:37Z","last_edited_user":"gpr.gps","last_edited_date":"2026-04-11T07:55:37Z","مساحة_كم2":null,"SHAPE_Length":142.47674244575782,"SHAPE_Area":391.0650481034727},"geometry":{"type":"Polygon","coordinates":[[[32.696404,25.912416],[32.696317,25.912216],[32.696174,25.912255],[32.696252,25.912488],[32.696404,25.912416]]]}},{"type":"Feature","properties":{"source_layer":"Building","source_feature_count":1,"BuildingType":2,"land_use":"سكنى","اسم_المحور":null,"اسم_المحافظة":null,"متوسط_عدد_الادوار_بالعقار":null,"متوسط_عدد_الشقق_بالدور":null,"متوسط_مساحة_الشقق_بالمنطقة":null,"نوع_نمط_العمران":null,"نوع_طبيعة_المنطقة":null,"سعر_العمارة":null,"نوع_الأرض":null,"المساحة_كم2":null,"GlobalID":"{246CE53A-33D8-4F01-8F2B-2E8A9F4E5386}","created_user":"gpr.gps","created_date":"2026-04-11T07:55:37Z","last_edited_user":"gpr.gps","last_edited_date":"2026-04-11T07:55:37Z","مساحة_كم2":null,"SHAPE_Length":142.4767424621509,"SHAPE_Area":391.06504809935177},"geometry":{"type":"Polygon","coordinates":[[[32.69665,25.912336],[32.696563,25.912136],[32.69642,25.912175],[32.696498,25.912407],[32.69665,25.912336]]]}},{"type":"Feature","properties":{"source_layer":"Building","source_feature_count":1,"BuildingType":2,"land_use":"سكنى","اسم_المحور":null,"اسم_المحافظة":null,"متوسط_عدد_الادوار_بالعقار":null,"متوسط_عدد_الشقق_بالدور":null,"متوسط_مساحة_الشقق_بالمنطقة":null,"نوع_نمط_العمران":null,"نوع_طبيعة_المنطقة":null,"سعر_العمارة":null,"نوع_الأرض":null,"المساحة_كم2":null,"GlobalID":"{ECFC62E4-EACC-4D24-89DA-A1C8D7AF7544}","created_user":"gpr.gps","created_date":"2026-04-11T07:55:37Z","last_edited_user":"gpr.gps","last_edited_date":"2026-04-11T07:55:37Z","مساحة_كم2":null,"SHAPE_Length":142.47674245510106,"SHAPE_Area":391.0650480975985},"geometry":{"type":"Polygon","coordinates":[[[32.696297,25.912113],[32.696209,25.911913],[32.696067,25.911952],[32.696145,25.912184],[32.696297,25.912113]]]}},{"type":"Feature","properties":{"source_layer":"Building","source_feature_count":1,"BuildingType":2,"land_use":"سكنى","اسم_المحور":null,"اسم_المحافظة":null,"متوسط_عدد_الادوار_بالعقار":null,"متوسط_عدد_الشقق_بالدور":null,"متوسط_مساحة_الشقق_بالمنطقة":null,"نوع_نمط_العمران":null,"نوع_طبيعة_المنطقة":null,"سعر_العمارة":null,"نوع_الأرض":null,"المساحة_كم2":null,"GlobalID":"{E52202E8-14CC-4AE6-9413-AA266F4F4372}","created_user":"gpr.gps","created_date":"2026-04-11T07:55:37Z","last_edited_user":"gpr.gps","last_edited_date":"2026-04-11T07:55:37Z","مساحة_كم2":null,"SHAPE_Length":142.4767424632108,"SHAPE_Area":391.0650481025812},"geometry":{"type":"Polygon","coordinates":[[[32.696542,25.912032],[32.696455,25.911832],[32.696313,25.911871],[32.696391,25.912104],[32.696542,25.912032]]]}},{"type":"Feature","properties":{"source_layer":"Building","source_feature_count":1,"BuildingType":2,"land_use":"سكنى","اسم_المحور":null,"اسم_المحافظة":null,"متوسط_عدد_الادوار_بالعقار":null,"متوسط_عدد_الشقق_بالدور":null,"متوسط_مساحة_الشقق_بالمنطقة":null,"نوع_نمط_العمران":null,"نوع_طبيعة_المنطقة":null,"سعر_العمارة":null,"نوع_الأرض":null,"المساحة_كم2":null,"GlobalID":"{E711E49B-2DF7-4A1E-9260-9198BBD74159}","created_user":"gpr.gps","created_date":"2026-04-11T07:55:37Z","last_edited_user":"gpr.gps","last_edited_date":"2026-04-11T07:55:37Z","مساحة_كم2":null,"SHAPE_Length":93.44583999618366,"SHAPE_Area":282.8385267817633},"geometry":{"type":"Polygon","coordinates":[[[32.697422,25.912592],[32.697538,25.912533],[32.697491,25.912412],[32.697301,25.912473],[32.697422,25.912592]]]}},{"type":"Feature","properties":{"source_layer":"Building","source_feature_count":1,"BuildingType":2,"land_use":"سكنى","اسم_المحور":null,"اسم_المحافظة":null,"متوسط_عدد_الادوار_بالعقار":null,"متوسط_عدد_الشقق_بالدور":null,"متوسط_مساحة_الشقق_بالمنطقة":null,"نوع_نمط_العمران":null,"نوع_طبيعة_المنطقة":null,"سعر_العمارة":null,"نوع_الأرض":null,"المساحة_كم2":null,"GlobalID":"{36C0D6C1-4208-4B55-920D-80C01C0E235A}","created_user":"gpr.gps","created_date":"2026-04-11T07:55:37Z","last_edited_user":"gpr.gps","last_edited_date":"2026-04-11T07:55:37Z","مساحة_كم2":null,"SHAPE_Length":93.44583999362916,"SHAPE_Area":282.8385267797861},"geometry":{"type":"Polygon","coordinates":[[[32.697773,25.912484],[32.69789,25.912425],[32.697842,25.912304],[32.697652,25.912365],[32.697773,25.912484]]]}},{"type":"Feature","properties":{"source_layer":"Building","source_feature_count":1,"BuildingType":2,"land_use":"سكنى","اسم_المحور":null,"اسم_المحافظة":null,"متوسط_عدد_الادوار_بالعقار":null,"متوسط_عدد_الشقق_بالدور":null,"متوسط_مساحة_الشقق_بالمنطقة":null,"نوع_نمط_العمران":null,"نوع_طبيعة_المنطقة":null,"سعر_العمارة":null,"نوع_الأرض":null,"المساحة_كم2":null,"GlobalID":"{D0F0C9A0-83FA-469E-A4E8-DE0F70AF34A8}","created_user":"gpr.gps","created_date":"2026-04-11T07:55:37Z","last_edited_user":"gpr.gps","last_edited_date":"2026-04-11T07:55:37Z","مساحة_كم2":null,"SHAPE_Length":93.4458399938047,"SHAPE_Area":282.8385267858126},"geometry":{"type":"Polygon","coordinates":[[[32.697161,25.912362],[32.697277,25.912304],[32.69723,25.912182],[32.697039,25.912243],[32.697161,25.912362]]]}},{"type":"Feature","properties":{"source_layer":"Building","source_feature_count":1,"BuildingType":2,"land_use":"سكنى","اسم_المحور":null,"اسم_المحافظة":null,"متوسط_عدد_الادوار_بالعقار":null,"متوسط_عدد_الشقق_بالدور":null,"متوسط_مساحة_الشقق_بالمنطقة":null,"نوع_نمط_العمران":null,"نوع_طبيعة_المنطقة":null,"سعر_العمارة":null,"نوع_الأرض":null,"المساحة_كم2":null,"GlobalID":"{DF79C7B0-5633-4391-8FE4-E49C806D40DC}","created_user":"gpr.gps","created_date":"2026-04-11T07:55:37Z","last_edited_user":"gpr.gps","last_edited_date":"2026-04-11T07:55:37Z","مساحة_كم2":null,"SHAPE_Length":93.44583999476018,"SHAPE_Area":282.8385267770274},"geometry":{"type":"Polygon","coordinates":[[[32.697512,25.912254],[32.697628,25.912195],[32.697581,25.912074],[32.69739,25.912135],[32.697512,25.912254]]]}},{"type":"Feature","properties":{"source_layer":"Building","source_feature_count":1,"BuildingType":2,"land_use":"سكنى","اسم_المحور":null,"اسم_المحافظة":null,"متوسط_عدد_الادوار_بالعقار":null,"متوسط_عدد_الشقق_بالدور":null,"متوسط_مساحة_الشقق_بالمنطقة":null,"نوع_نمط_العمران":null,"نوع_طبيعة_المنطقة":null,"سعر_العمارة":null,"نوع_الأرض":null,"المساحة_كم2":null,"GlobalID":"{F894A6E1-97B5-4EBE-A185-652C27DB16C4}","created_user":"gpr.gps","created_date":"2026-04-11T07:55:37Z","last_edited_user":"gpr.gps","last_edited_date":"2026-04-11T07:55:37Z","مساحة_كم2":null,"SHAPE_Length":93.44582114185106,"SHAPE_Area":282.8384104578444},"geometry":{"type":"Polygon","coordinates":[[[32.696923,25.912125],[32.69704,25.912068],[32.696994,25.911946],[32.696803,25.912005],[32.696923,25.912125]]]}},{"type":"Feature","properties":{"source_layer":"Building","source_feature_count":1,"BuildingType":2,"land_use":"سكنى","اسم_المحور":null,"اسم_المحافظة":null,"متوسط_عدد_الادوار_بالعقار":null,"متوسط_عدد_الشقق_بالدور":null,"متوسط_مساحة_الشقق_بالمنطقة":null,"نوع_نمط_العمران":null,"نوع_طبيعة_المنطقة":null,"سعر_العمارة":null,"نوع_الأرض":null,"المساحة_كم2":null,"GlobalID":"{5EF667C9-BA40-40D3-8586-5CA2CD2EFA2B}","created_user":"gpr.gps","created_date":"2026-04-11T07:55:37Z","last_edited_user":"gpr.gps","last_edited_date":"2026-04-11T07:55:37Z","مساحة_كم2":null,"SHAPE_Length":93.44613734938827,"SHAPE_Area":282.8388191247109},"geometry":{"type":"Polygon","coordinates":[[[32.697275,25.91202],[32.697392,25.911962],[32.697346,25.91184],[32.697155,25.911899],[32.697275,25.91202]]]}},{"type":"Feature","properties":{"source_layer":"Building","source_feature_count":1,"BuildingType":2,"land_use":"سكنى","اسم_المحور":null,"اسم_المحافظة":null,"متوسط_عدد_الادوار_بالعقار":null,"متوسط_عدد_الشقق_بالدور":null,"متوسط_مساحة_الشقق_بالمنطقة":null,"نوع_نمط_العمران":null,"نوع_طبيعة_المنطقة":null,"سعر_العمارة":null,"نوع_الأرض":null,"المساحة_كم2":null,"GlobalID":"{0043E738-D29A-47F6-8824-FCE57F638589}","created_user":"gpr.gps","created_date":"2026-04-11T07:55:37Z","last_edited_user":"gpr.gps","last_edited_date":"2026-04-11T07:55:37Z","مساحة_كم2":null,"SHAPE_Length":93.4458211430356,"SHAPE_Area":282.838410477654},"geometry":{"type":"Polygon","coordinates":[[[32.696831,25.911894],[32.696948,25.911836],[32.696901,25.911714],[32.696711,25.911774],[32.696831,25.911894]]]}},{"type":"Feature","properties":{"source_layer":"Building","source_feature_count":1,"BuildingType":2,"land_use":"تعليمي","اسم_المحور":null,"اسم_المحافظة":null,"متوسط_عدد_الادوار_بالعقار":null,"متوسط_عدد_الشقق_بالدور":null,"متوسط_مساحة_الشقق_بالمنطقة":null,"نوع_نمط_العمران":null,"نوع_طبيعة_المنطقة":null,"سعر_العمارة":null,"نوع_الأرض":null,"المساحة_كم2":null,"GlobalID":"{56402FB0-CDED-44D3-8230-F204E5C757F3}","created_user":"gpr.gps","created_date":"2026-04-11T07:55:37Z","last_edited_user":"gpr.gps","last_edited_date":"2026-04-11T07:55:37Z","مساحة_كم2":null,"SHAPE_Length":94.16330492079494,"SHAPE_Area":467.744195333675},"geometry":{"type":"Polygon","coordinates":[[[32.782571,25.962192],[32.782681,25.962471],[32.782815,25.962428],[32.782705,25.962149],[32.782571,25.962192]]]}}]}