{
"type": "FeatureCollection",
"name": "Urban_Changes",
"xy_coordinate_resolution": 8.98315e-10,
"z_coordinate_resolution": 0.0001,
"features": [
{"type":"Feature","properties":{"سعر_الأرض_2023":null,"سعر_الأرض_2014":null,"نمط_العمران":"اسكان عشوائى","اسم_المحور":"محور قوص","اسم_المحافظة":"محافظة قنا","متوسط_عدد_الادوار_بالعقار":3.0,"متوسط_عدد_الشقق_بالدور":2.0,"متوسط_مساحة_الشقق_بالمنطقة":80.0,"نوع_طبيعة_المنطقة":"قائمة","مساحة_التغير_كم2":0.0001171651748545847,"نسبة_المساحه":0.022531764395112442,"CreationDate":"2026-04-11T07:54:45Z","Creator":"gpr.gps","EditDate":"2026-04-11T07:54:45Z","Editor":"gpr.gps","GlobalID":"{8535CD39-A07F-42C6-A871-BD086AF7A7E6}","SHAPE_Length":43.916084019088331,"SHAPE_Area":117.16517485458471},"geometry":{"type":"Polygon","coordinates":[[[32.7614134011,25.9340921514],[32.7613148085,25.9341638868],[32.7612537483,25.9341029311],[32.7614134011,25.9340921514]]]}},
{"type":"Feature","properties":{"سعر_الأرض_2023":null,"سعر_الأرض_2014":null,"نمط_العمران":"اسكان عشوائى","اسم_المحور":"محور قوص","اسم_المحافظة":"محافظة قنا","متوسط_عدد_الادوار_بالعقار":3.0,"متوسط_عدد_الشقق_بالدور":2.0,"متوسط_مساحة_الشقق_بالمنطقة":80.0,"نوع_طبيعة_المنطقة":"قائمة","مساحة_التغير_كم2":0.00014483950036659837,"نسبة_المساحه":0.027853750070499686,"CreationDate":"2026-04-11T07:54:45Z","Creator":"gpr.gps","EditDate":"2026-04-11T07:54:45Z","Editor":"gpr.gps","GlobalID":"{51238E87-1FDB-4B07-9E3F-142C53ACFDB8}","SHAPE_Length":48.473698997763762,"SHAPE_Area":144.83950036659837},"geometry":{"type":"Polygon","coordinates":[[[32.7629436362,25.9346464402],[32.7630306451,25.9347397593],[32.7629486236,25.9347945766],[32.7629436362,25.9346464402]]]}},
{"type":"Feature","properties":{"سعر_الأرض_2023":null,"سعر_الأرض_2014":null,"نمط_العمران":"اسكان عشوائى","اسم_المحور":"محور قوص","اسم_المحافظة":"محافظة قنا","متوسط_عدد_الادوار_بالعقار":3.0,"متوسط_عدد_الشقق_بالدور":2.0,"متوسط_مساحة_الشقق_بالمنطقة":80.0,"نوع_طبيعة_المنطقة":"قائمة","مساحة_التغير_كم2":0.00026951726128332439,"نسبة_المساحه":0.051830242554485463,"CreationDate":"2026-04-11T07:54:45Z","Creator":"gpr.gps","EditDate":"2026-04-11T07:54:45Z","Editor":"gpr.gps","GlobalID":"{EB6A52A9-C5AE-4FEA-A705-5A46F8DC3CFC}","SHAPE_Length":66.411663759745778,"SHAPE_Area":269.51726128332439},"geometry":{"type":"Polygon","coordinates":[[[32.7626356892,25.9348608033],[32.7627359199,25.9349493665],[32.7625877159,25.9350661927],[32.7626356892,25.9348608033]]]}},
{"type":"Feature","properties":{"سعر_الأرض_2023":null,"سعر_الأرض_2014":null,"نمط_العمران":"اسكان عشوائى","اسم_المحور":"محور قوص","اسم_المحافظة":"محافظة قنا","متوسط_عدد_الادوار_بالعقار":3.0,"متوسط_عدد_الشقق_بالدور":2.0,"متوسط_مساحة_الشقق_بالمنطقة":80.0,"نوع_طبيعة_المنطقة":"قائمة","مساحة_التغير_كم2":0.00033676334231300619,"نسبة_المساحه":0.064762181214039649,"CreationDate":"2026-04-11T07:54:45Z","Creator":"gpr.gps","EditDate":"2026-04-11T07:54:45Z","Editor":"gpr.gps","GlobalID":"{CB9B8D01-E56B-4FA8-BB43-FA61EBCC3A52}","SHAPE_Length":76.207883449929696,"SHAPE_Area":336.76334231300621},"geometry":{"type":"Polygon","coordinates":[[[32.7632589685,25.9340286301],[32.763176525,25.9339242182],[32.7633711614,25.9337980255],[32.7632589685,25.9340286301]]]}},
{"type":"Feature","properties":{"سعر_الأرض_2023":null,"سعر_الأرض_2014":null,"نمط_العمران":"اسكان عشوائى","اسم_المحور":"محور قوص","اسم_المحافظة":"محافظة قنا","متوسط_عدد_الادوار_بالعقار":3.0,"متوسط_عدد_الشقق_بالدور":2.0,"متوسط_مساحة_الشقق_بالمنطقة":80.0,"نوع_طبيعة_المنطقة":"قائمة","مساحة_التغير_كم2":0.0001909013993629528,"نسبة_المساحه":0.036711807569798617,"CreationDate":"2026-04-11T07:54:45Z","Creator":"gpr.gps","EditDate":"2026-04-11T07:54:45Z","Editor":"gpr.gps","GlobalID":"{4A6611F0-18B3-40E0-9A81-118920E1F9C1}","SHAPE_Length":55.315258841489907,"SHAPE_Area":190.90139936295282},"geometry":{"type":"Polygon","coordinates":[[[32.7642806897,25.9360738775],[32.7643716645,25.9361672032],[32.7642644934,25.9362458707],[32.7642806897,25.9360738775]]]}},
{"type":"Feature","properties":{"سعر_الأرض_2023":null,"سعر_الأرض_2014":null,"نمط_العمران":"اسكان عشوائى","اسم_المحور":"محور قوص","اسم_المحافظة":"محافظة قنا","متوسط_عدد_الادوار_بالعقار":3.0,"متوسط_عدد_الشقق_بالدور":2.0,"متوسط_مساحة_الشقق_بالمنطقة":80.0,"نوع_طبيعة_المنطقة":"قائمة","مساحة_التغير_كم2":0.00034308971818126254,"نسبة_المساحه":0.065978791957935101,"CreationDate":"2026-04-11T07:54:45Z","Creator":"gpr.gps","EditDate":"2026-04-11T07:54:45Z","Editor":"gpr.gps","GlobalID":"{77DB86D7-2228-4222-8095-74CC447E81C2}","SHAPE_Length":74.85953365360956,"SHAPE_Area":343.08971818126253},"geometry":{"type":"Polygon","coordinates":[[[32.7655241064,25.9384975588],[32.7654044174,25.9385892622],[32.765262007,25.9384480704],[32.7655241064,25.9384975588]]]}},
{"type":"Feature","properties":{"سعر_الأرض_2023":null,"سعر_الأرض_2014":null,"نمط_العمران":"اسكان عشوائى","اسم_المحور":"محور قوص","اسم_المحافظة":"محافظة قنا","متوسط_عدد_الادوار_بالعقار":3.0,"متوسط_عدد_الشقق_بالدور":2.0,"متوسط_مساحة_الشقق_بالمنطقة":80.0,"نوع_طبيعة_المنطقة":"قائمة","مساحة_التغير_كم2":7.8756073434281201e-05,"نسبة_المساحه":0.01514539873736177,"CreationDate":"2026-04-11T07:54:45Z","Creator":"gpr.gps","EditDate":"2026-04-11T07:54:45Z","Editor":"gpr.gps","GlobalID":"{4FAB4B54-2A78-441C-9A44-3D40BC744566}","SHAPE_Length":39.367828942919694,"SHAPE_Area":78.756073434281205},"geometry":{"type":"Polygon","coordinates":[[[32.7668811693,25.9378884938],[32.766984053,25.937974669],[32.7669364188,25.9380104302],[32.7668811693,25.9378884938]]]}},
{"type":"Feature","properties":{"سعر_الأرض_2023":null,"سعر_الأرض_2014":null,"نمط_العمران":"اسكان عشوائى","اسم_المحور":"محور قوص","اسم_المحافظة":"محافظة قنا","متوسط_عدد_الادوار_بالعقار":3.0,"متوسط_عدد_الشقق_بالدور":2.0,"متوسط_مساحة_الشقق_بالمنطقة":80.0,"نوع_طبيعة_المنطقة":"قائمة","مساحة_التغير_كم2":0.00023654403970139944,"نسبة_المساحه":0.045489238404115277,"CreationDate":"2026-04-11T07:54:45Z","Creator":"gpr.gps","EditDate":"2026-04-11T07:54:45Z","Editor":"gpr.gps","GlobalID":"{9AEA993F-6247-4C80-B3E9-38BB0D12E5BC}","SHAPE_Length":62.143182086517967,"SHAPE_Area":236.54403970139944},"geometry":{"type":"Polygon","coordinates":[[[32.7663975157,25.9358741958],[32.7662731144,25.9359815069],[32.7661755132,25.935897729],[32.7663975157,25.9358741958]]]}},
{"type":"Feature","properties":{"سعر_الأرض_2023":null,"سعر_الأرض_2014":null,"نمط_العمران":"اسكان عشوائى","اسم_المحور":"محور قوص","اسم_المحافظة":"محافظة قنا","متوسط_عدد_الادوار_بالعقار":3.0,"متوسط_عدد_الشقق_بالدور":2.0,"متوسط_مساحة_الشقق_بالمنطقة":80.0,"نوع_طبيعة_المنطقة":"قائمة","مساحة_التغير_كم2":0.00013775282806087295,"نسبة_المساحه":0.026490928473244798,"CreationDate":"2026-04-11T07:54:45Z","Creator":"gpr.gps","EditDate":"2026-04-11T07:54:45Z","Editor":"gpr.gps","GlobalID":"{F3877D68-AA51-4C84-9005-945D3A9D27DF}","SHAPE_Length":50.769718826786274,"SHAPE_Area":137.75282806087296},"geometry":{"type":"Polygon","coordinates":[[[32.7500352208,25.9410929486],[32.7500779018,25.9411532289],[32.7499397571,25.941251902],[32.7500352208,25.9410929486]]]}},
{"type":"Feature","properties":{"سعر_الأرض_2023":null,"سعر_الأرض_2014":null,"نمط_العمران":"اسكان عشوائى","اسم_المحور":"محور قوص","اسم_المحافظة":"محافظة قنا","متوسط_عدد_الادوار_بالعقار":3.0,"متوسط_عدد_الشقق_بالدور":2.0,"متوسط_مساحة_الشقق_بالمنطقة":80.0,"نوع_طبيعة_المنطقة":"قائمة","مساحة_التغير_كم2":0.00020138792871933039,"نسبة_المساحه":0.038728447830640458,"CreationDate":"2026-04-11T07:54:45Z","Creator":"gpr.gps","EditDate":"2026-04-11T07:54:45Z","Editor":"gpr.gps","GlobalID":"{9D52F289-4E6B-4D42-93D7-329A2A2831F5}","SHAPE_Length":61.60861705185885,"SHAPE_Area":201.3879287193304},"geometry":{"type":"Polygon","coordinates":[[[32.7499058961,25.9414573113],[32.750034529,25.9416085283],[32.7499604238,25.9416638285],[32.7499058961,25.9414573113]]]}},
{"type":"Feature","properties":{"سعر_الأرض_2023":null,"سعر_الأرض_2014":null,"نمط_العمران":"اسكان عشوائى","اسم_المحور":"محور قوص","اسم_المحافظة":"محافظة قنا","متوسط_عدد_الادوار_بالعقار":3.0,"متوسط_عدد_الشقق_بالدور":2.0,"متوسط_مساحة_الشقق_بالمنطقة":80.0,"نوع_طبيعة_المنطقة":"قائمة","مساحة_التغير_كم2":0.00025842214662164035,"نسبة_المساحه":0.049696566658007757,"CreationDate":"2026-04-11T07:54:45Z","Creator":"gpr.gps","EditDate":"2026-04-11T07:54:45Z","Editor":"gpr.gps","GlobalID":"{ACAAF6A5-932F-4EEC-B89E-E5357673FC2F}","SHAPE_Length":65.587053714747213,"SHAPE_Area":258.42214662164037},"geometry":{"type":"Polygon","coordinates":[[[32.7503193774,25.9419348772],[32.7503931694,25.9420281819],[32.7502370377,25.9421354243],[32.7503193774,25.9419348772]]]}},
{"type":"Feature","properties":{"سعر_الأرض_2023":null,"سعر_الأرض_2014":null,"نمط_العمران":"اسكان عشوائى","اسم_المحور":"محور قوص","اسم_المحافظة":"محافظة قنا","متوسط_عدد_الادوار_بالعقار":3.0,"متوسط_عدد_الشقق_بالدور":2.0,"متوسط_مساحة_الشقق_بالمنطقة":80.0,"نوع_طبيعة_المنطقة":"قائمة","مساحة_التغير_كم2":0.00025342712621397528,"نسبة_المساحه":0.048735985810379856,"CreationDate":"2026-04-11T07:54:45Z","Creator":"gpr.gps","EditDate":"2026-04-11T07:54:45Z","Editor":"gpr.gps","GlobalID":"{E71F9ABB-396C-4261-9E32-B88CE4871042}","SHAPE_Length":69.272176796605706,"SHAPE_Area":253.4271262139753},"geometry":{"type":"Polygon","coordinates":[[[32.7522825611,25.9442623156],[32.7521408985,25.9440902094],[32.7522179548,25.9440324272],[32.7522825611,25.9442623156]]]}},
{"type":"Feature","properties":{"سعر_الأرض_2023":null,"سعر_الأرض_2014":null,"نمط_العمران":"اسكان عشوائى","اسم_المحور":"محور قوص","اسم_المحافظة":"محافظة قنا","متوسط_عدد_الادوار_بالعقار":3.0,"متوسط_عدد_الشقق_بالدور":2.0,"متوسط_مساحة_الشقق_بالمنطقة":80.0,"نوع_طبيعة_المنطقة":"قائمة","مساحة_التغير_كم2":0.00022261548218443543,"نسبة_المساحه":0.042810669650852964,"CreationDate":"2026-04-11T07:54:45Z","Creator":"gpr.gps","EditDate":"2026-04-11T07:54:45Z","Editor":"gpr.gps","GlobalID":"{DEB1D78B-8E29-436D-90A9-7F803CACCB1A}","SHAPE_Length":64.852574496065458,"SHAPE_Area":222.61548218443542},"geometry":{"type":"Polygon","coordinates":[[[32.7613728815,25.9471303411],[32.7614282413,25.9471973292],[32.761243029,25.9473117035],[32.7613728815,25.9471303411]]]}},
{"type":"Feature","properties":{"سعر_الأرض_2023":null,"سعر_الأرض_2014":null,"نمط_العمران":"اسكان عشوائى","اسم_المحور":"محور قوص","اسم_المحافظة":"محافظة قنا","متوسط_عدد_الادوار_بالعقار":3.0,"متوسط_عدد_الشقق_بالدور":2.0,"متوسط_مساحة_الشقق_بالمنطقة":80.0,"نوع_طبيعة_المنطقة":"قائمة","مساحة_التغير_كم2":0.00015486732447893606,"نسبة_المساحه":0.029782177784410783,"CreationDate":"2026-04-11T07:54:45Z","Creator":"gpr.gps","EditDate":"2026-04-11T07:54:45Z","Editor":"gpr.gps","GlobalID":"{18D1D3D0-0A58-4CF8-95D5-4BFCC626B314}","SHAPE_Length":50.501718558016002,"SHAPE_Area":154.86732447893607},"geometry":{"type":"Polygon","coordinates":[[[32.7619762893,25.9475601882],[32.7620408863,25.9476331636],[32.7619218118,25.9477118105],[32.7619762893,25.9475601882]]]}},
{"type":"Feature","properties":{"سعر_الأرض_2023":null,"سعر_الأرض_2014":null,"نمط_العمران":null,"اسم_المحور":"محور قوص","اسم_المحافظة":"محافظة قنا","متوسط_عدد_الادوار_بالعقار":null,"متوسط_عدد_الشقق_بالدور":null,"متوسط_مساحة_الشقق_بالمنطقة":null,"نوع_طبيعة_المنطقة":null,"مساحة_التغير_كم2":0.00029506992147645608,"نسبة_المساحه":0.056744215668549244,"CreationDate":"2026-04-11T07:54:45Z","Creator":"gpr.gps","EditDate":"2026-04-11T07:54:45Z","Editor":"gpr.gps","GlobalID":"{758FD633-0E50-4C1C-8FCB-1167EEAD2200}","SHAPE_Length":69.430339864261271,"SHAPE_Area":295.0699214764561},"geometry":{"type":"Polygon","coordinates":[[[32.7356066376,25.9429314349],[32.7356354113,25.9430628919],[32.7354424301,25.9430983764],[32.7356066376,25.9429314349]]]}},
{"type":"Feature","properties":{"سعر_الأرض_2023":null,"سعر_الأرض_2014":null,"نمط_العمران":null,"اسم_المحور":"محور قوص","اسم_المحافظة":"محافظة قنا","متوسط_عدد_الادوار_بالعقار":null,"متوسط_عدد_الشقق_بالدور":null,"متوسط_مساحة_الشقق_بالمنطقة":null,"نوع_طبيعة_المنطقة":null,"مساحة_التغير_كم2":0.0001959782265871909,"نسبة_المساحه":0.037688120497536712,"CreationDate":"2026-04-11T07:54:45Z","Creator":"gpr.gps","EditDate":"2026-04-11T07:54:45Z","Editor":"gpr.gps","GlobalID":"{2160D3DE-9AA7-49A9-BC7D-F866AD45FED9}","SHAPE_Length":56.220958453516658,"SHAPE_Area":195.9782265871909},"geometry":{"type":"Polygon","coordinates":[[[32.7432444244,25.93604021],[32.743299691,25.9361430428],[32.7431674397,25.9362049259],[32.7432444244,25.93604021]]]}},
{"type":"Feature","properties":{"سعر_الأرض_2023":null,"سعر_الأرض_2014":null,"نمط_العمران":"اسكان عشوائى","اسم_المحور":"محور قوص","اسم_المحافظة":"محافظة قنا","متوسط_عدد_الادوار_بالعقار":null,"متوسط_عدد_الشقق_بالدور":null,"متوسط_مساحة_الشقق_بالمنطقة":null,"نوع_طبيعة_المنطقة":null,"مساحة_التغير_كم2":0.0003311848850072804,"نسبة_المساحه":0.063689400962938528,"CreationDate":"2026-04-11T07:54:45Z","Creator":"gpr.gps","EditDate":"2026-04-11T07:54:45Z","Editor":"gpr.gps","GlobalID":"{CD51630B-F4AE-48F9-8894-955803C763B0}","SHAPE_Length":74.359877032928935,"SHAPE_Area":331.1848850072804},"geometry":{"type":"Polygon","coordinates":[[[32.7417866654,25.9351827773],[32.741873113,25.9352842322],[32.7416973839,25.9354119782],[32.7417866654,25.9351827773]]]}},
{"type":"Feature","properties":{"سعر_الأرض_2023":null,"سعر_الأرض_2014":null,"نمط_العمران":"اسكان عشوائى","اسم_المحور":"محور قوص","اسم_المحافظة":"محافظة قنا","متوسط_عدد_الادوار_بالعقار":null,"متوسط_عدد_الشقق_بالدور":null,"متوسط_مساحة_الشقق_بالمنطقة":null,"نوع_طبيعة_المنطقة":null,"مساحة_التغير_كم2":0.00021604093428703733,"نسبة_المساحه":0.041546333516737949,"CreationDate":"2026-04-11T07:54:45Z","Creator":"gpr.gps","EditDate":"2026-04-11T07:54:45Z","Editor":"gpr.gps","GlobalID":"{F929FFF6-AD8C-45FC-9571-9EA025C466CA}","SHAPE_Length":58.870057033889914,"SHAPE_Area":216.04093428703732},"geometry":{"type":"Polygon","coordinates":[[[32.7437342224,25.9343730126],[32.7438529482,25.9344549313],[32.7437544225,25.9345622696],[32.7437342224,25.9343730126]]]}},
{"type":"Feature","properties":{"سعر_الأرض_2023":null,"سعر_الأرض_2014":null,"نمط_العمران":"اسكان عشوائى","اسم_المحور":"محور قوص","اسم_المحافظة":"محافظة قنا","متوسط_عدد_الادوار_بالعقار":null,"متوسط_عدد_الشقق_بالدور":null,"متوسط_مساحة_الشقق_بالمنطقة":null,"نوع_طبيعة_المنطقة":"قائمة","مساحة_التغير_كم2":0.001309085087831875,"نسبة_المساحه":0.25174713227536055,"CreationDate":"2026-04-11T07:54:45Z","Creator":"gpr.gps","EditDate":"2026-04-11T07:54:45Z","Editor":"gpr.gps","GlobalID":"{65B0A9D2-8352-4ABA-8117-30FD18270DF3}","SHAPE_Length":149.24534012039027,"SHAPE_Area":1309.0850878318749},"geometry":{"type":"Polygon","coordinates":[[[32.7206919886,25.9531345538],[32.7208023001,25.9534238536],[32.7203449981,25.9534707545],[32.7206919886,25.9531345538]]]}},
{"type":"Feature","properties":{"سعر_الأرض_2023":null,"سعر_الأرض_2014":null,"نمط_العمران":"اسكان عشوائى","اسم_المحور":"محور قوص","اسم_المحافظة":"محافظة قنا","متوسط_عدد_الادوار_بالعقار":null,"متوسط_عدد_الشقق_بالدور":null,"متوسط_مساحة_الشقق_بالمنطقة":null,"نوع_طبيعة_المنطقة":"قائمة","مساحة_التغير_كم2":0.00013931518206474676,"نسبة_المساحه":0.026791381166297455,"CreationDate":"2026-04-11T07:54:45Z","Creator":"gpr.gps","EditDate":"2026-04-11T07:54:45Z","Editor":"gpr.gps","GlobalID":"{86CD14ED-A365-42C0-BAE9-E79B3549C11C}","SHAPE_Length":48.17638953402799,"SHAPE_Area":139.31518206474675},"geometry":{"type":"Polygon","coordinates":[[[32.7203314146,25.9522852305],[32.7203708657,25.9523655821],[32.7202391274,25.9524212342],[32.7203314146,25.9522852305]]]}},
{"type":"Feature","properties":{"سعر_الأرض_2023":null,"سعر_الأرض_2014":null,"نمط_العمران":"اسكان عشوائى","اسم_المحور":"محور قوص","اسم_المحافظة":"محافظة قنا","متوسط_عدد_الادوار_بالعقار":3.0,"متوسط_عدد_الشقق_بالدور":2.0,"متوسط_مساحة_الشقق_بالمنطقة":80.0,"نوع_طبيعة_المنطقة":"قائمة","مساحة_التغير_كم2":0.00022388103278672296,"نسبة_المساحه":0.043054044766677492,"CreationDate":"2026-04-11T07:54:45Z","Creator":"gpr.gps","EditDate":"2026-04-11T07:54:45Z","Editor":"gpr.gps","GlobalID":"{5735D6F9-62D6-4563-9957-8DDD31D05CB4}","SHAPE_Length":60.432766754151082,"SHAPE_Area":223.88103278672295},"geometry":{"type":"Polygon","coordinates":[[[32.7149808506,25.9411656048],[32.7150418936,25.9412746702],[32.7148895181,25.9413450896],[32.7149808506,25.9411656048]]]}},
{"type":"Feature","properties":{"سعر_الأرض_2023":null,"سعر_الأرض_2014":null,"نمط_العمران":"اسكان عشوائى","اسم_المحور":"محور قوص","اسم_المحافظة":"محافظة قنا","متوسط_عدد_الادوار_بالعقار":3.0,"متوسط_عدد_الشقق_بالدور":2.0,"متوسط_مساحة_الشقق_بالمنطقة":80.0,"نوع_طبيعة_المنطقة":"قائمة","مساحة_التغير_كم2":0.00022642074118552397,"نسبة_المساحه":0.043542450227985384,"CreationDate":"2026-04-11T07:54:45Z","Creator":"gpr.gps","EditDate":"2026-04-11T07:54:45Z","Editor":"gpr.gps","GlobalID":"{D8B1CA1C-40BF-474E-AA6F-C37280A3B7DB}","SHAPE_Length":60.67835489437531,"SHAPE_Area":226.42074118552398},"geometry":{"type":"Polygon","coordinates":[[[32.7150739196,25.9407034859],[32.7151278396,25.9408075203],[32.7149770427,25.9408812875],[32.7150739196,25.9407034859]]]}},
{"type":"Feature","properties":{"سعر_الأرض_2023":null,"سعر_الأرض_2014":null,"نمط_العمران":"اسكان عشوائى","اسم_المحور":"محور قوص","اسم_المحافظة":"محافظة قنا","متوسط_عدد_الادوار_بالعقار":4.0,"متوسط_عدد_الشقق_بالدور":2.0,"متوسط_مساحة_الشقق_بالمنطقة":80.0,"نوع_طبيعة_المنطقة":"قائمة","مساحة_التغير_كم2":0.00014195119958335318,"نسبة_المساحه":0.027298307612183305,"CreationDate":"2026-04-11T07:54:45Z","Creator":"gpr.gps","EditDate":"2026-04-11T07:54:45Z","Editor":"gpr.gps","GlobalID":"{9EDB62AE-D972-4261-ADB9-5229B1690189}","SHAPE_Length":48.216573822368126,"SHAPE_Area":141.95119958335317},"geometry":{"type":"Polygon","coordinates":[[[32.7158632477,25.9352037256],[32.715907883,25.9353220765],[32.7158139925,25.9353589239],[32.7158632477,25.9352037256]]]}},
{"type":"Feature","properties":{"سعر_الأرض_2023":null,"سعر_الأرض_2014":null,"نمط_العمران":null,"اسم_المحور":"محور قوص","اسم_المحافظة":"محافظة قنا","متوسط_عدد_الادوار_بالعقار":null,"متوسط_عدد_الشقق_بالدور":null,"متوسط_مساحة_الشقق_بالمنطقة":null,"نوع_طبيعة_المنطقة":null,"مساحة_التغير_كم2":0.00020702375833712503,"نسبة_المساحه":0.03981226121867789,"CreationDate":"2026-04-11T07:54:45Z","Creator":"gpr.gps","EditDate":"2026-04-11T07:54:45Z","Editor":"gpr.gps","GlobalID":"{CA0BF1F3-CBDF-437F-AF4C-CFD40AC46A55}","SHAPE_Length":57.935196071363208,"SHAPE_Area":207.02375833712503},"geometry":{"type":"Polygon","coordinates":[[[32.7155929722,25.9347127802],[32.7156666427,25.9348438508],[32.7155513142,25.9348952301],[32.7155929722,25.9347127802]]]}},
{"type":"Feature","properties":{"سعر_الأرض_2023":null,"سعر_الأرض_2014":null,"نمط_العمران":"اسكان عشوائى","اسم_المحور":"محور قوص","اسم_المحافظة":"محافظة قنا","متوسط_عدد_الادوار_بالعقار":4.0,"متوسط_عدد_الشقق_بالدور":2.0,"متوسط_مساحة_الشقق_بالمنطقة":80.0,"نوع_طبيعة_المنطقة":"قائمة","مساحة_التغير_كم2":0.00035770164142127193,"نسبة_المساحه":0.068788777196398448,"CreationDate":"2026-04-11T07:54:45Z","Creator":"gpr.gps","EditDate":"2026-04-11T07:54:45Z","Editor":"gpr.gps","GlobalID":"{AEC68F23-0655-4529-8EA5-A1CB419F0CB4}","SHAPE_Length":84.030373589878153,"SHAPE_Area":357.70164142127192},"geometry":{"type":"Polygon","coordinates":[[[32.7165877797,25.936722742],[32.7166919356,25.9364821182],[32.7168163789,25.9365970408],[32.7165877797,25.936722742]]]}},
{"type":"Feature","properties":{"سعر_الأرض_2023":null,"سعر_الأرض_2014":null,"نمط_العمران":"اسكان عشوائى","اسم_المحور":"محور قوص","اسم_المحافظة":"محافظة قنا","متوسط_عدد_الادوار_بالعقار":4.0,"متوسط_عدد_الشقق_بالدور":2.0,"متوسط_مساحة_الشقق_بالمنطقة":80.0,"نوع_طبيعة_المنطقة":"قائمة","مساحة_التغير_كم2":0.00015023938471327579,"نسبة_المساحه":0.028892189367937648,"CreationDate":"2026-04-11T07:54:45Z","Creator":"gpr.gps","EditDate":"2026-04-11T07:54:45Z","Editor":"gpr.gps","GlobalID":"{B9F76A33-FDBD-452D-B865-93C2D1A13980}","SHAPE_Length":49.846529319871159,"SHAPE_Area":150.2393847132758},"geometry":{"type":"Polygon","coordinates":[[[32.716215887,25.9377087486],[32.7162807109,25.9377834172],[32.7161568699,25.9378577162],[32.716215887,25.9377087486]]]}},
{"type":"Feature","properties":{"سعر_الأرض_2023":null,"سعر_الأرض_2014":null,"نمط_العمران":"اسكان عشوائى","اسم_المحور":"محور قوص","اسم_المحافظة":"محافظة قنا","متوسط_عدد_الادوار_بالعقار":4.0,"متوسط_عدد_الشقق_بالدور":2.0,"متوسط_مساحة_الشقق_بالمنطقة":80.0,"نوع_طبيعة_المنطقة":"قائمة","مساحة_التغير_كم2":0.00014091888249098051,"نسبة_المساحه":0.027099785094419328,"CreationDate":"2026-04-11T07:54:45Z","Creator":"gpr.gps","EditDate":"2026-04-11T07:54:45Z","Editor":"gpr.gps","GlobalID":"{DF394EDE-E00F-4B97-9DD1-CA1076927FE5}","SHAPE_Length":48.528617979903686,"SHAPE_Area":140.91888249098051},"geometry":{"type":"Polygon","coordinates":[[[32.7152974864,25.9384142564],[32.7153742356,25.9383642354],[32.715458522,25.938476691],[32.7152974864,25.9384142564]]]}},
{"type":"Feature","properties":{"سعر_الأرض_2023":null,"سعر_الأرض_2014":null,"نمط_العمران":"اسكان عشوائى","اسم_المحور":"محور قوص","اسم_المحافظة":"محافظة قنا","متوسط_عدد_الادوار_بالعقار":4.0,"متوسط_عدد_الشقق_بالدور":2.0,"متوسط_مساحة_الشقق_بالمنطقة":80.0,"نوع_طبيعة_المنطقة":"قائمة","مساحة_التغير_كم2":0.00014317335650466359,"نسبة_المساحه":0.027533337789358379,"CreationDate":"2026-04-11T07:54:45Z","Creator":"gpr.gps","EditDate":"2026-04-11T07:54:45Z","Editor":"gpr.gps","GlobalID":"{DDE6E4C7-F564-429A-8246-4BA368EAAF89}","SHAPE_Length":48.428814326814184,"SHAPE_Area":143.17335650466359},"geometry":{"type":"Polygon","coordinates":[[[32.7166497837,25.9372868167],[32.7167108206,25.937397793],[32.7166219348,25.937440624],[32.7166497837,25.9372868167]]]}},
{"type":"Feature","properties":{"سعر_الأرض_2023":null,"سعر_الأرض_2014":null,"نمط_العمران":"اسكان عشوائى","اسم_المحور":"محور قوص","اسم_المحافظة":"محافظة قنا","متوسط_عدد_الادوار_بالعقار":4.0,"متوسط_عدد_الشقق_بالدور":2.0,"متوسط_مساحة_الشقق_بالمنطقة":80.0,"نوع_طبيعة_المنطقة":"قائمة","مساحة_التغير_كم2":0.00015244451350060774,"نسبة_المساحه":0.029316252596270718,"CreationDate":"2026-04-11T07:54:45Z","Creator":"gpr.gps","EditDate":"2026-04-11T07:54:45Z","Editor":"gpr.gps","GlobalID":"{1660AE93-D74E-4F6D-B5F8-D42342BC413C}","SHAPE_Length":50.119260707012486,"SHAPE_Area":152.44451350060774},"geometry":{"type":"Polygon","coordinates":[[[32.7160242513,25.9382406577],[32.7161417511,25.9381663464],[32.716203394,25.9382453088],[32.7160242513,25.9382406577]]]}},
{"type":"Feature","properties":{"سعر_الأرض_2023":null,"سعر_الأرض_2014":null,"نمط_العمران":"اسكان عشوائى","اسم_المحور":"محور قوص","اسم_المحافظة":"محافظة قنا","متوسط_عدد_الادوار_بالعقار":4.0,"متوسط_عدد_الشقق_بالدور":2.0,"متوسط_مساحة_الشقق_بالمنطقة":80.0,"نوع_طبيعة_المنطقة":"قائمة","مساحة_التغير_كم2":0.00017520227849833714,"نسبة_المساحه":0.033692745865064828,"CreationDate":"2026-04-11T07:54:45Z","Creator":"gpr.gps","EditDate":"2026-04-11T07:54:45Z","Editor":"gpr.gps","GlobalID":"{6CC2C333-4C19-4A74-9AF4-AD5FBE4F4012}","SHAPE_Length":53.36064256942862,"SHAPE_Area":175.20227849833714},"geometry":{"type":"Polygon","coordinates":[[[32.7170103126,25.9389457332],[32.7170439071,25.9390413655],[32.716910602,25.9390946215],[32.7170103126,25.9389457332]]]}},
{"type":"Feature","properties":{"سعر_الأرض_2023":null,"سعر_الأرض_2014":null,"نمط_العمران":"اسكان عشوائى","اسم_المحور":"محور قوص","اسم_المحافظة":"محافظة قنا","متوسط_عدد_الادوار_بالعقار":4.0,"متوسط_عدد_الشقق_بالدور":2.0,"متوسط_مساحة_الشقق_بالمنطقة":80.0,"نوع_طبيعة_المنطقة":"قائمة","مساحة_التغير_كم2":0.0001071420440870557,"نسبة_المساحه":0.020604239247510713,"CreationDate":"2026-04-11T07:54:45Z","Creator":"gpr.gps","EditDate":"2026-04-11T07:54:45Z","Editor":"gpr.gps","GlobalID":"{B93AC900-0A7D-4F59-8EB6-A94F3140A07A}","SHAPE_Length":41.570163825692575,"SHAPE_Area":107.14204408705569},"geometry":{"type":"Polygon","coordinates":[[[32.7191288043,25.9386510792],[32.7192266573,25.9386154321],[32.7192621031,25.9387110666],[32.7191288043,25.9386510792]]]}},
{"type":"Feature","properties":{"سعر_الأرض_2023":null,"سعر_الأرض_2014":null,"نمط_العمران":"اسكان عشوائى","اسم_المحور":"محور قوص","اسم_المحافظة":"محافظة قنا","متوسط_عدد_الادوار_بالعقار":4.0,"متوسط_عدد_الشقق_بالدور":2.0,"متوسط_مساحة_الشقق_بالمنطقة":80.0,"نوع_طبيعة_المنطقة":"قائمة","مساحة_التغير_كم2":0.00024088952411621781,"نسبة_المساحه":0.046324908483888039,"CreationDate":"2026-04-11T07:54:45Z","Creator":"gpr.gps","EditDate":"2026-04-11T07:54:45Z","Editor":"gpr.gps","GlobalID":"{E492340B-0289-4B26-AC07-43A3A6136DD8}","SHAPE_Length":62.830984859939278,"SHAPE_Area":240.88952411621781},"geometry":{"type":"Polygon","coordinates":[[[32.7182684665,25.9383068777],[32.718325286,25.9384145006],[32.7181618334,25.9384786893],[32.7182684665,25.9383068777]]]}},
{"type":"Feature","properties":{"سعر_الأرض_2023":null,"سعر_الأرض_2014":null,"نمط_العمران":"اسكان عشوائى","اسم_المحور":"محور قوص","اسم_المحافظة":"محافظة قنا","متوسط_عدد_الادوار_بالعقار":3.0,"متوسط_عدد_الشقق_بالدور":2.0,"متوسط_مساحة_الشقق_بالمنطقة":80.0,"نوع_طبيعة_المنطقة":"قائمة","مساحة_التغير_كم2":8.4904167248526632e-05,"نسبة_المساحه":0.016327724470870504,"CreationDate":"2026-04-11T07:54:45Z","Creator":"gpr.gps","EditDate":"2026-04-11T07:54:45Z","Editor":"gpr.gps","GlobalID":"{06D4074E-3284-4574-9BBB-BE7108285505}","SHAPE_Length":36.988431600072943,"SHAPE_Area":84.904167248526633},"geometry":{"type":"Polygon","coordinates":[[[32.7173428579,25.9407312576],[32.7174269378,25.9407099188],[32.7174537131,25.9407845126],[32.7173428579,25.9407312576]]]}},
{"type":"Feature","properties":{"سعر_الأرض_2023":null,"سعر_الأرض_2014":null,"نمط_العمران":"اسكان عشوائى","اسم_المحور":"محور قوص","اسم_المحافظة":"محافظة قنا","متوسط_عدد_الادوار_بالعقار":3.0,"متوسط_عدد_الشقق_بالدور":2.0,"متوسط_مساحة_الشقق_بالمنطقة":80.0,"نوع_طبيعة_المنطقة":"قائمة","مساحة_التغير_كم2":0.00023930133353801714,"نسبة_المساحه":0.046019487218849443,"CreationDate":"2026-04-11T07:54:45Z","Creator":"gpr.gps","EditDate":"2026-04-11T07:54:45Z","Editor":"gpr.gps","GlobalID":"{7DC6C8E9-9BA4-473C-91CD-B7C4658D1B0B}","SHAPE_Length":67.782121740643362,"SHAPE_Area":239.30133353801713},"geometry":{"type":"Polygon","coordinates":[[[32.7183180556,25.9410068344],[32.7182690798,25.9409336315],[32.7184738837,25.9408164834],[32.7183180556,25.9410068344]]]}},
{"type":"Feature","properties":{"سعر_الأرض_2023":null,"سعر_الأرض_2014":null,"نمط_العمران":"اسكان عشوائى","اسم_المحور":"محور قوص","اسم_المحافظة":"محافظة قنا","متوسط_عدد_الادوار_بالعقار":3.0,"متوسط_عدد_الشقق_بالدور":2.0,"متوسط_مساحة_الشقق_بالمنطقة":80.0,"نوع_طبيعة_المنطقة":"قائمة","مساحة_التغير_كم2":6.3508334377741074e-05,"نسبة_المساحه":0.012213141226488667,"CreationDate":"2026-04-11T07:54:45Z","Creator":"gpr.gps","EditDate":"2026-04-11T07:54:45Z","Editor":"gpr.gps","GlobalID":"{78577D65-8471-44A8-9F0A-F90E7A829F8D}","SHAPE_Length":31.896100940386489,"SHAPE_Area":63.508334377741072},"geometry":{"type":"Polygon","coordinates":[[[32.7181516436,25.9418689956],[32.7182277665,25.9418605428],[32.7182371054,25.9419336694],[32.7181516436,25.9418689956]]]}},
{"type":"Feature","properties":{"سعر_الأرض_2023":null,"سعر_الأرض_2014":null,"نمط_العمران":"اسكان عشوائى","اسم_المحور":"محور قوص","اسم_المحافظة":"محافظة قنا","متوسط_عدد_الادوار_بالعقار":3.0,"متوسط_عدد_الشقق_بالدور":2.0,"متوسط_مساحة_الشقق_بالمنطقة":80.0,"نوع_طبيعة_المنطقة":"قائمة","مساحة_التغير_كم2":0.00032379820506895518,"نسبة_المساحه":0.062268885590183683,"CreationDate":"2026-04-11T07:54:45Z","Creator":"gpr.gps","EditDate":"2026-04-11T07:54:45Z","Editor":"gpr.gps","GlobalID":"{075E7729-D482-4B85-893B-A4F357B5B1BC}","SHAPE_Length":74.416755489926757,"SHAPE_Area":323.79820506895516},"geometry":{"type":"Polygon","coordinates":[[[32.7185397176,25.9419129942],[32.7185949417,25.9420253924],[32.7183793909,25.9421050097],[32.7185397176,25.9419129942]]]}},
{"type":"Feature","properties":{"سعر_الأرض_2023":null,"سعر_الأرض_2014":null,"نمط_العمران":"اسكان عشوائى","اسم_المحور":"محور قوص","اسم_المحافظة":"محافظة قنا","متوسط_عدد_الادوار_بالعقار":3.0,"متوسط_عدد_الشقق_بالدور":2.0,"متوسط_مساحة_الشقق_بالمنطقة":80.0,"نوع_طبيعة_المنطقة":"قائمة","مساحة_التغير_كم2":0.00010289006600036762,"نسبة_المساحه":0.019786551153916847,"CreationDate":"2026-04-11T07:54:45Z","Creator":"gpr.gps","EditDate":"2026-04-11T07:54:45Z","Editor":"gpr.gps","GlobalID":"{D270B2E5-33B8-455D-8C62-7669246D684A}","SHAPE_Length":40.905868362138257,"SHAPE_Area":102.89006600036763},"geometry":{"type":"Polygon","coordinates":[[[32.7179665888,25.9417926609],[32.7180235132,25.9418568007],[32.7179240221,25.9419129912],[32.7179665888,25.9417926609]]]}},
{"type":"Feature","properties":{"سعر_الأرض_2023":null,"سعر_الأرض_2014":null,"نمط_العمران":"اسكان عشوائى","اسم_المحور":"محور قوص","اسم_المحافظة":"محافظة قنا","متوسط_عدد_الادوار_بالعقار":3.0,"متوسط_عدد_الشقق_بالدور":2.0,"متوسط_مساحة_الشقق_بالمنطقة":80.0,"نوع_طبيعة_المنطقة":"قائمة","مساحة_التغير_كم2":8.8979031036342851e-05,"نسبة_المساحه":0.017111352122373625,"CreationDate":"2026-04-11T07:54:45Z","Creator":"gpr.gps","EditDate":"2026-04-11T07:54:45Z","Editor":"gpr.gps","GlobalID":"{93FD255F-280C-4D01-B1D5-03076A2E4045}","SHAPE_Length":37.871895698475207,"SHAPE_Area":88.979031036342846},"geometry":{"type":"Polygon","coordinates":[[[32.718206132,25.9415131172],[32.718251428,25.9415781906],[32.7181625282,25.941625801],[32.718206132,25.9415131172]]]}},
{"type":"Feature","properties":{"سعر_الأرض_2023":null,"سعر_الأرض_2014":null,"نمط_العمران":"اسكان عشوائى","اسم_المحور":"محور قوص","اسم_المحافظة":"محافظة قنا","متوسط_عدد_الادوار_بالعقار":3.0,"متوسط_عدد_الشقق_بالدور":2.0,"متوسط_مساحة_الشقق_بالمنطقة":80.0,"نوع_طبيعة_المنطقة":"قائمة","مساحة_التغير_كم2":0.00010837958819727713,"نسبة_المساحه":0.020842228499476371,"CreationDate":"2026-04-11T07:54:45Z","Creator":"gpr.gps","EditDate":"2026-04-11T07:54:45Z","Editor":"gpr.gps","GlobalID":"{168C9284-3EB1-417A-8C81-7CF417FACA76}","SHAPE_Length":41.742284647722897,"SHAPE_Area":108.37958819727713},"geometry":{"type":"Polygon","coordinates":[[[32.7173414399,25.9423215957],[32.7173768795,25.9424196208],[32.7172834256,25.9424458652],[32.7173414399,25.9423215957]]]}},
{"type":"Feature","properties":{"سعر_الأرض_2023":null,"سعر_الأرض_2014":null,"نمط_العمران":"اسكان عشوائى","اسم_المحور":"محور قوص","اسم_المحافظة":"محافظة قنا","متوسط_عدد_الادوار_بالعقار":3.0,"متوسط_عدد_الشقق_بالدور":2.0,"متوسط_مساحة_الشقق_بالمنطقة":80.0,"نوع_طبيعة_المنطقة":"قائمة","مساحة_التغير_كم2":8.4911783092708558e-05,"نسبة_المساحه":0.016329189056290105,"CreationDate":"2026-04-11T07:54:45Z","Creator":"gpr.gps","EditDate":"2026-04-11T07:54:45Z","Editor":"gpr.gps","GlobalID":"{013CF29A-618B-4C7C-AEC2-4E39F884135F}","SHAPE_Length":36.922665200259431,"SHAPE_Area":84.911783092708561},"geometry":{"type":"Polygon","coordinates":[[[32.7170386356,25.9424225435],[32.7170031563,25.9423412434],[32.7170865215,25.9423089475],[32.7170386356,25.9424225435]]]}},
{"type":"Feature","properties":{"سعر_الأرض_2023":null,"سعر_الأرض_2014":null,"نمط_العمران":"اسكان عشوائى","اسم_المحور":"محور قوص","اسم_المحافظة":"محافظة قنا","متوسط_عدد_الادوار_بالعقار":3.0,"متوسط_عدد_الشقق_بالدور":2.0,"متوسط_مساحة_الشقق_بالمنطقة":80.0,"نوع_طبيعة_المنطقة":"قائمة","مساحة_التغير_كم2":0.00027273850427453149,"نسبة_المساحه":0.052449712360486823,"CreationDate":"2026-04-11T07:54:45Z","Creator":"gpr.gps","EditDate":"2026-04-11T07:54:45Z","Editor":"gpr.gps","GlobalID":"{B00ECBD8-4CF3-4941-82FB-B835AAA2ADAB}","SHAPE_Length":68.323148492425901,"SHAPE_Area":272.73850427453146},"geometry":{"type":"Polygon","coordinates":[[[32.7169525472,25.9415880827],[32.7170451498,25.9417602834],[32.7169203353,25.9417982657],[32.7169525472,25.9415880827]]]}},
{"type":"Feature","properties":{"سعر_الأرض_2023":null,"سعر_الأرض_2014":null,"نمط_العمران":"اسكان عشوائى","اسم_المحور":"محور قوص","اسم_المحافظة":"محافظة قنا","متوسط_عدد_الادوار_بالعقار":3.0,"متوسط_عدد_الشقق_بالدور":2.0,"متوسط_مساحة_الشقق_بالمنطقة":80.0,"نوع_طبيعة_المنطقة":"قائمة","مساحة_التغير_كم2":0.00023529510760871477,"نسبة_المساحه":0.045249059155522069,"CreationDate":"2026-04-11T07:54:45Z","Creator":"gpr.gps","EditDate":"2026-04-11T07:54:45Z","Editor":"gpr.gps","GlobalID":"{FF8CD0E1-7E9E-4EC1-A7FE-97353D07648E}","SHAPE_Length":61.508189216886905,"SHAPE_Area":235.29510760871477},"geometry":{"type":"Polygon","coordinates":[[[32.7153629449,25.9419853106],[32.7154432364,25.9421120941],[32.7153188622,25.9421859136],[32.7153629449,25.9419853106]]]}},
{"type":"Feature","properties":{"سعر_الأرض_2023":null,"سعر_الأرض_2014":null,"نمط_العمران":"اسكان عشوائى","اسم_المحور":"محور قوص","اسم_المحافظة":"محافظة قنا","متوسط_عدد_الادوار_بالعقار":3.0,"متوسط_عدد_الشقق_بالدور":2.0,"متوسط_مساحة_الشقق_بالمنطقة":80.0,"نوع_طبيعة_المنطقة":"قائمة","مساحة_التغير_كم2":0.00018627448245463584,"نسبة_المساحه":0.035822015856660741,"CreationDate":"2026-04-11T07:54:45Z","Creator":"gpr.gps","EditDate":"2026-04-11T07:54:45Z","Editor":"gpr.gps","GlobalID":"{D3A4F22B-B634-4651-8060-0BE9F3B0A8BB}","SHAPE_Length":54.668219688893359,"SHAPE_Area":186.27448245463583},"geometry":{"type":"Polygon","coordinates":[[[32.7162211279,25.9434566127],[32.7163354124,25.9434033193],[32.7164080794,25.9435143185],[32.7162211279,25.9434566127]]]}},
{"type":"Feature","properties":{"سعر_الأرض_2023":null,"سعر_الأرض_2014":null,"نمط_العمران":"اسكان عشوائى","اسم_المحور":"محور قوص","اسم_المحافظة":"محافظة قنا","متوسط_عدد_الادوار_بالعقار":3.0,"متوسط_عدد_الشقق_بالدور":2.0,"متوسط_مساحة_الشقق_بالمنطقة":80.0,"نوع_طبيعة_المنطقة":"قائمة","مساحة_التغير_كم2":8.9572002856736375e-05,"نسبة_المساحه":0.017225385164756996,"CreationDate":"2026-04-11T07:54:45Z","Creator":"gpr.gps","EditDate":"2026-04-11T07:54:45Z","Editor":"gpr.gps","GlobalID":"{9415C8DA-F5A1-4C99-BA75-4040ED5AA07E}","SHAPE_Length":38.467600388040722,"SHAPE_Area":89.572002856736376},"geometry":{"type":"Polygon","coordinates":[[[32.7194666706,25.9426669313],[32.7195066938,25.9427272155],[32.7194135424,25.9427843747],[32.7194666706,25.9426669313]]]}},
{"type":"Feature","properties":{"سعر_الأرض_2023":null,"سعر_الأرض_2014":null,"نمط_العمران":"اسكان عشوائى","اسم_المحور":"محور قوص","اسم_المحافظة":"محافظة قنا","متوسط_عدد_الادوار_بالعقار":3.0,"متوسط_عدد_الشقق_بالدور":2.0,"متوسط_مساحة_الشقق_بالمنطقة":80.0,"نوع_طبيعة_المنطقة":"قائمة","مساحة_التغير_كم2":0.00016558719828054178,"نسبة_المساحه":0.031843691977027265,"CreationDate":"2026-04-11T07:54:45Z","Creator":"gpr.gps","EditDate":"2026-04-11T07:54:45Z","Editor":"gpr.gps","GlobalID":"{C841E2B1-212F-4E51-82D5-6C0F90687A72}","SHAPE_Length":57.080766867821701,"SHAPE_Area":165.58719828054177},"geometry":{"type":"Polygon","coordinates":[[[32.7189945701,25.9438443476],[32.718919662,25.9436745727],[32.7189937308,25.943641268],[32.7189945701,25.9438443476]]]}},
{"type":"Feature","properties":{"سعر_الأرض_2023":null,"سعر_الأرض_2014":null,"نمط_العمران":"اسكان عشوائى","اسم_المحور":"محور قوص","اسم_المحافظة":"محافظة قنا","متوسط_عدد_الادوار_بالعقار":3.0,"متوسط_عدد_الشقق_بالدور":2.0,"متوسط_مساحة_الشقق_بالمنطقة":80.0,"نوع_طبيعة_المنطقة":"قائمة","مساحة_التغير_كم2":6.1507923968130894e-05,"نسبة_المساحه":0.011828446916948249,"CreationDate":"2026-04-11T07:54:45Z","Creator":"gpr.gps","EditDate":"2026-04-11T07:54:45Z","Editor":"gpr.gps","GlobalID":"{65221946-2983-45D5-9944-03451D98B3BA}","SHAPE_Length":31.607630268755088,"SHAPE_Area":61.507923968130889},"geometry":{"type":"Polygon","coordinates":[[[32.7189635605,25.9435492267],[32.7190323165,25.9435278582],[32.719054608,25.943599576],[32.7189635605,25.9435492267]]]}},
{"type":"Feature","properties":{"سعر_الأرض_2023":null,"سعر_الأرض_2014":null,"نمط_العمران":"اسكان عشوائى","اسم_المحور":"محور قوص","اسم_المحافظة":"محافظة قنا","متوسط_عدد_الادوار_بالعقار":3.0,"متوسط_عدد_الشقق_بالدور":2.0,"متوسط_مساحة_الشقق_بالمنطقة":80.0,"نوع_طبيعة_المنطقة":"قائمة","مساحة_التغير_كم2":0.00020681801559509571,"نسبة_المساحه":0.039772695306749171,"CreationDate":"2026-04-11T07:54:45Z","Creator":"gpr.gps","EditDate":"2026-04-11T07:54:45Z","Editor":"gpr.gps","GlobalID":"{841CEDF4-2C4B-4920-9E45-3FE1E27782C8}","SHAPE_Length":64.733183518979303,"SHAPE_Area":206.81801559509572},"geometry":{"type":"Polygon","coordinates":[[[32.7187005016,25.9436299226],[32.7186320563,25.9434948275],[32.7187749037,25.9434305974],[32.7187005016,25.9436299226]]]}},
{"type":"Feature","properties":{"سعر_الأرض_2023":null,"سعر_الأرض_2014":null,"نمط_العمران":"اسكان عشوائى","اسم_المحور":"محور قوص","اسم_المحافظة":"محافظة قنا","متوسط_عدد_الادوار_بالعقار":3.0,"متوسط_عدد_الشقق_بالدور":2.0,"متوسط_مساحة_الشقق_بالمنطقة":80.0,"نوع_طبيعة_المنطقة":"قائمة","مساحة_التغير_كم2":7.4162868384280146e-05,"نسبة_المساحه":0.014262090073900028,"CreationDate":"2026-04-11T07:54:45Z","Creator":"gpr.gps","EditDate":"2026-04-11T07:54:45Z","Editor":"gpr.gps","GlobalID":"{31E6698B-68B1-4505-853A-7427CE02270E}","SHAPE_Length":34.706342014765639,"SHAPE_Area":74.162868384280145},"geometry":{"type":"Polygon","coordinates":[[[32.7188073533,25.9436755494],[32.718739893,25.9437076722],[32.7187005016,25.9436299226],[32.7188073533,25.9436755494]]]}},
{"type":"Feature","properties":{"سعر_الأرض_2023":null,"سعر_الأرض_2014":null,"نمط_العمران":"اسكان عشوائى","اسم_المحور":"محور قوص","اسم_المحافظة":"محافظة قنا","متوسط_عدد_الادوار_بالعقار":3.0,"متوسط_عدد_الشقق_بالدور":2.0,"متوسط_مساحة_الشقق_بالمنطقة":80.0,"نوع_طبيعة_المنطقة":"قائمة","مساحة_التغير_كم2":0.00010625772444213522,"نسبة_المساحه":0.020434177777333695,"CreationDate":"2026-04-11T07:54:45Z","Creator":"gpr.gps","EditDate":"2026-04-11T07:54:45Z","Editor":"gpr.gps","GlobalID":"{083D218C-79EA-4F6A-A229-39A74E6E91F5}","SHAPE_Length":42.931973753335342,"SHAPE_Area":106.25772444213523},"geometry":{"type":"Polygon","coordinates":[[[32.7184681004,25.9433229677],[32.7185378682,25.9434318093],[32.718463808,25.9434615299],[32.7184681004,25.9433229677]]]}},
{"type":"Feature","properties":{"سعر_الأرض_2023":null,"سعر_الأرض_2014":null,"نمط_العمران":"اسكان عشوائى","اسم_المحور":"محور قوص","اسم_المحافظة":"محافظة قنا","متوسط_عدد_الادوار_بالعقار":3.0,"متوسط_عدد_الشقق_بالدور":2.0,"متوسط_مساحة_الشقق_بالمنطقة":80.0,"نوع_طبيعة_المنطقة":"قائمة","مساحة_التغير_كم2":0.00020183983110304607,"نسبة_المساحه":0.038815352135201167,"CreationDate":"2026-04-11T07:54:45Z","Creator":"gpr.gps","EditDate":"2026-04-11T07:54:45Z","Editor":"gpr.gps","GlobalID":"{5833D015-63B4-49C9-9D2A-2E30897F5A66}","SHAPE_Length":56.858601890726277,"SHAPE_Area":201.83983110304607},"geometry":{"type":"Polygon","coordinates":[[[32.7179316464,25.9434454436],[32.7180027312,25.9435554827],[32.7178862935,25.9436257358],[32.7179316464,25.9434454436]]]}},
{"type":"Feature","properties":{"سعر_الأرض_2023":null,"سعر_الأرض_2014":null,"نمط_العمران":"اسكان عشوائى","اسم_المحور":"محور قوص","اسم_المحافظة":"محافظة قنا","متوسط_عدد_الادوار_بالعقار":3.0,"متوسط_عدد_الشقق_بالدور":2.0,"متوسط_مساحة_الشقق_بالمنطقة":80.0,"نوع_طبيعة_المنطقة":"قائمة","مساحة_التغير_كم2":0.00014461765343463508,"نسبة_المساحه":0.027811087198968285,"CreationDate":"2026-04-11T07:54:45Z","Creator":"gpr.gps","EditDate":"2026-04-11T07:54:45Z","Editor":"gpr.gps","GlobalID":"{E0A691AC-1014-4E5E-840A-80885D74B56F}","SHAPE_Length":48.911503137283447,"SHAPE_Area":144.61765343463509},"geometry":{"type":"Polygon","coordinates":[[[32.7183001754,25.9438205416],[32.7183664821,25.9439401275],[32.7182733802,25.9439762619],[32.7183001754,25.9438205416]]]}},
{"type":"Feature","properties":{"سعر_الأرض_2023":null,"سعر_الأرض_2014":null,"نمط_العمران":"اسكان عشوائى","اسم_المحور":"محور قوص","اسم_المحافظة":"محافظة قنا","متوسط_عدد_الادوار_بالعقار":3.0,"متوسط_عدد_الشقق_بالدور":2.0,"متوسط_مساحة_الشقق_بالمنطقة":80.0,"نوع_طبيعة_المنطقة":"قائمة","مساحة_التغير_كم2":0.00010102494852072652,"نسبة_المساحه":0.019427874715524332,"CreationDate":"2026-04-11T07:54:45Z","Creator":"gpr.gps","EditDate":"2026-04-11T07:54:45Z","Editor":"gpr.gps","GlobalID":"{82E62F29-C4C7-41C9-AB40-6359D035C4A7}","SHAPE_Length":40.257104104616381,"SHAPE_Area":101.02494852072653},"geometry":{"type":"Polygon","coordinates":[[[32.7186415617,25.9439427335],[32.7186770398,25.9440252279],[32.7185857763,25.9440656661],[32.7186415617,25.9439427335]]]}},
{"type":"Feature","properties":{"سعر_الأرض_2023":null,"سعر_الأرض_2014":null,"نمط_العمران":"اسكان عشوائى","اسم_المحور":"محور قوص","اسم_المحافظة":"محافظة قنا","متوسط_عدد_الادوار_بالعقار":3.0,"متوسط_عدد_الشقق_بالدور":2.0,"متوسط_مساحة_الشقق_بالمنطقة":80.0,"نوع_طبيعة_المنطقة":"قائمة","مساحة_التغير_كم2":0.00030453684012420236,"نسبة_المساحه":0.058564776946961994,"CreationDate":"2026-04-11T07:54:45Z","Creator":"gpr.gps","EditDate":"2026-04-11T07:54:45Z","Editor":"gpr.gps","GlobalID":"{32012034-4C3F-442F-A9FD-BB8773282EDD}","SHAPE_Length":73.161162967089751,"SHAPE_Area":304.53684012420234},"geometry":{"type":"Polygon","coordinates":[[[32.7176471971,25.9444914586],[32.7177497999,25.9446823133],[32.7176434245,25.9447437465],[32.7176471971,25.9444914586]]]}},
{"type":"Feature","properties":{"سعر_الأرض_2023":null,"سعر_الأرض_2014":null,"نمط_العمران":"اسكان عشوائى","اسم_المحور":"محور قوص","اسم_المحافظة":"محافظة قنا","متوسط_عدد_الادوار_بالعقار":3.0,"متوسط_عدد_الشقق_بالدور":2.0,"متوسط_مساحة_الشقق_بالمنطقة":80.0,"نوع_طبيعة_المنطقة":"قائمة","مساحة_التغير_كم2":0.00048484385581600486,"نسبة_المساحه":0.093239203041539404,"CreationDate":"2026-04-11T07:54:45Z","Creator":"gpr.gps","EditDate":"2026-04-11T07:54:45Z","Editor":"gpr.gps","GlobalID":"{95C45CCF-3D76-4153-9C94-3108172121D7}","SHAPE_Length":102.76997584972047,"SHAPE_Area":484.84385581600486},"geometry":{"type":"Polygon","coordinates":[[[32.7183442671,25.9457362457],[32.7184058745,25.9458324098],[32.7180819627,25.9460267353],[32.7183442671,25.9457362457]]]}},
{"type":"Feature","properties":{"سعر_الأرض_2023":null,"سعر_الأرض_2014":null,"نمط_العمران":"اسكان عشوائى","اسم_المحور":"محور قوص","اسم_المحافظة":"محافظة قنا","متوسط_عدد_الادوار_بالعقار":3.0,"متوسط_عدد_الشقق_بالدور":2.0,"متوسط_مساحة_الشقق_بالمنطقة":80.0,"نوع_طبيعة_المنطقة":"قائمة","مساحة_التغير_كم2":0.00014731526527400046,"نسبة_المساحه":0.028329858706538549,"CreationDate":"2026-04-11T07:54:45Z","Creator":"gpr.gps","EditDate":"2026-04-11T07:54:45Z","Editor":"gpr.gps","GlobalID":"{D7463DDE-670A-49CD-8384-7A07BDD6027A}","SHAPE_Length":48.686616113690803,"SHAPE_Area":147.31526527400047},"geometry":{"type":"Polygon","coordinates":[[[32.7212950663,25.94557105],[32.7213376488,25.9456671753],[32.7212233833,25.9457128271],[32.7212950663,25.94557105]]]}},
{"type":"Feature","properties":{"سعر_الأرض_2023":null,"سعر_الأرض_2014":null,"نمط_العمران":"اسكان عشوائى","اسم_المحور":"محور قوص","اسم_المحافظة":"محافظة قنا","متوسط_عدد_الادوار_بالعقار":3.0,"متوسط_عدد_الشقق_بالدور":2.0,"متوسط_مساحة_الشقق_بالمنطقة":80.0,"نوع_طبيعة_المنطقة":"قائمة","مساحة_التغير_كم2":0.00024379988751426409,"نسبة_المساحه":0.046884593752743092,"CreationDate":"2026-04-11T07:54:45Z","Creator":"gpr.gps","EditDate":"2026-04-11T07:54:45Z","Editor":"gpr.gps","GlobalID":"{0801237C-F14F-458E-8E05-33663CF782A9}","SHAPE_Length":63.912215832052937,"SHAPE_Area":243.7998875142641},"geometry":{"type":"Polygon","coordinates":[[[32.7213569446,25.9448791492],[32.7214201317,25.9449784214],[32.7212534567,25.9450617208],[32.7213569446,25.9448791492]]]}},
{"type":"Feature","properties":{"سعر_الأرض_2023":null,"سعر_الأرض_2014":null,"نمط_العمران":"اسكان عشوائى","اسم_المحور":"محور قوص","اسم_المحافظة":"محافظة قنا","متوسط_عدد_الادوار_بالعقار":3.0,"متوسط_عدد_الشقق_بالدور":2.0,"متوسط_مساحة_الشقق_بالمنطقة":80.0,"نوع_طبيعة_المنطقة":"قائمة","مساحة_التغير_كم2":0.00012945407060330669,"نسبة_المساحه":0.024895013577558977,"CreationDate":"2026-04-11T07:54:45Z","Creator":"gpr.gps","EditDate":"2026-04-11T07:54:45Z","Editor":"gpr.gps","GlobalID":"{287E439C-2811-46BE-8C0C-174A118296C8}","SHAPE_Length":47.105324662732592,"SHAPE_Area":129.45407060330669},"geometry":{"type":"Polygon","coordinates":[[[32.7207015943,25.9437596432],[32.7207521763,25.9438249652],[32.7206172582,25.9438884947],[32.7207015943,25.9437596432]]]}},
{"type":"Feature","properties":{"سعر_الأرض_2023":null,"سعر_الأرض_2014":null,"نمط_العمران":"اسكان عشوائى","اسم_المحور":"محور قوص","اسم_المحافظة":"محافظة قنا","متوسط_عدد_الادوار_بالعقار":3.0,"متوسط_عدد_الشقق_بالدور":2.0,"متوسط_مساحة_الشقق_بالمنطقة":80.0,"نوع_طبيعة_المنطقة":"قائمة","مساحة_التغير_كم2":0.00020784128026637392,"نسبة_المساحه":0.039969476974302677,"CreationDate":"2026-04-11T07:54:45Z","Creator":"gpr.gps","EditDate":"2026-04-11T07:54:45Z","Editor":"gpr.gps","GlobalID":"{E0124447-BD53-4E71-8AA8-AFB89778BEBF}","SHAPE_Length":58.085329235299234,"SHAPE_Area":207.84128026637393},"geometry":{"type":"Polygon","coordinates":[[[32.7205458916,25.9434485611],[32.7206206341,25.9435777204],[32.7205031791,25.9436319664],[32.7205458916,25.9434485611]]]}},
{"type":"Feature","properties":{"سعر_الأرض_2023":null,"سعر_الأرض_2014":null,"نمط_العمران":null,"اسم_المحور":"محور قوص","اسم_المحافظة":"محافظة قنا","متوسط_عدد_الادوار_بالعقار":null,"متوسط_عدد_الشقق_بالدور":null,"متوسط_مساحة_الشقق_بالمنطقة":null,"نوع_طبيعة_المنطقة":null,"مساحة_التغير_كم2":0.00035248803432088801,"نسبة_المساحه":0.067786160446324628,"CreationDate":"2026-04-11T07:54:45Z","Creator":"gpr.gps","EditDate":"2026-04-11T07:54:45Z","Editor":"gpr.gps","GlobalID":"{246B87A6-3D2C-483A-B415-C7C2A82A599C}","SHAPE_Length":77.364853312134983,"SHAPE_Area":352.488034320888},"geometry":{"type":"Polygon","coordinates":[[[32.7238028561,25.9498182051],[32.72389564,25.9499196826],[32.7237008305,25.9500531038],[32.7238028561,25.9498182051]]]}},
{"type":"Feature","properties":{"سعر_الأرض_2023":null,"سعر_الأرض_2014":null,"نمط_العمران":null,"اسم_المحور":"محور قوص","اسم_المحافظة":"محافظة قنا","متوسط_عدد_الادوار_بالعقار":null,"متوسط_عدد_الشقق_بالدور":null,"متوسط_مساحة_الشقق_بالمنطقة":null,"نوع_طبيعة_المنطقة":null,"مساحة_التغير_كم2":0.00019680743646582544,"نسبة_المساحه":0.03784758393573566,"CreationDate":"2026-04-11T07:54:45Z","Creator":"gpr.gps","EditDate":"2026-04-11T07:54:45Z","Editor":"gpr.gps","GlobalID":"{F08A766B-CAA4-4872-98A9-BAED5F9A6C90}","SHAPE_Length":59.820264035815356,"SHAPE_Area":196.80743646582545},"geometry":{"type":"Polygon","coordinates":[[[32.723541205,25.949773865],[32.7234859186,25.9496089474],[32.7235739648,25.9495714041],[32.723541205,25.949773865]]]}},
{"type":"Feature","properties":{"سعر_الأرض_2023":null,"سعر_الأرض_2014":null,"نمط_العمران":null,"اسم_المحور":"محور قوص","اسم_المحافظة":"محافظة قنا","متوسط_عدد_الادوار_بالعقار":null,"متوسط_عدد_الشقق_بالدور":null,"متوسط_مساحة_الشقق_بالمنطقة":null,"نوع_طبيعة_المنطقة":null,"مساحة_التغير_كم2":0.00033380334410828118,"نسبة_المساحه":0.064192950790054076,"CreationDate":"2026-04-11T07:54:45Z","Creator":"gpr.gps","EditDate":"2026-04-11T07:54:45Z","Editor":"gpr.gps","GlobalID":"{CD8374AE-D7E8-4B61-AB13-92F04BAD33EF}","SHAPE_Length":91.473839029955997,"SHAPE_Area":333.80334410828118},"geometry":{"type":"Polygon","coordinates":[[[32.7241153704,25.9505004422],[32.7240922803,25.950429679],[32.7244287145,25.9503060841],[32.7241153704,25.9505004422]]]}},
{"type":"Feature","properties":{"سعر_الأرض_2023":null,"سعر_الأرض_2014":null,"نمط_العمران":"اسكان عشوائى","اسم_المحور":"محور قوص","اسم_المحافظة":"محافظة قنا","متوسط_عدد_الادوار_بالعقار":3.0,"متوسط_عدد_الشقق_بالدور":2.0,"متوسط_مساحة_الشقق_بالمنطقة":80.0,"نوع_طبيعة_المنطقة":"قائمة","مساحة_التغير_كم2":0.0002339652809114344,"نسبة_المساحه":0.044993323252198923,"CreationDate":"2026-04-11T07:54:45Z","Creator":"gpr.gps","EditDate":"2026-04-11T07:54:45Z","Editor":"gpr.gps","GlobalID":"{9555F096-FB3B-47FE-9A8C-70A7255F60B3}","SHAPE_Length":61.681940289335458,"SHAPE_Area":233.96528091143441},"geometry":{"type":"Polygon","coordinates":[[[32.7778788026,25.9348704275],[32.7779393682,25.934981617],[32.7777807122,25.9350434922],[32.7778788026,25.9348704275]]]}},
{"type":"Feature","properties":{"سعر_الأرض_2023":null,"سعر_الأرض_2014":null,"نمط_العمران":"اسكان عشوائى","اسم_المحور":"محور قوص","اسم_المحافظة":"محافظة قنا","متوسط_عدد_الادوار_بالعقار":3.0,"متوسط_عدد_الشقق_بالدور":2.0,"متوسط_مساحة_الشقق_بالمنطقة":80.0,"نوع_طبيعة_المنطقة":null,"مساحة_التغير_كم2":0.00032721922269535289,"نسبة_المساحه":0.062926773595260166,"CreationDate":"2026-04-11T07:54:45Z","Creator":"gpr.gps","EditDate":"2026-04-11T07:54:45Z","Editor":"gpr.gps","GlobalID":"{736E0C64-E25D-414F-A81F-04EDDE74A788}","SHAPE_Length":78.739945156380188,"SHAPE_Area":327.21922269535287},"geometry":{"type":"Polygon","coordinates":[[[32.7870002223,25.9427320602],[32.7871647586,25.9429301245],[32.7870631737,25.9429930499],[32.7870002223,25.9427320602]]]}},
{"type":"Feature","properties":{"سعر_الأرض_2023":null,"سعر_الأرض_2014":null,"نمط_العمران":"اسكان عشوائى","اسم_المحور":"محور قوص","اسم_المحافظة":"محافظة قنا","متوسط_عدد_الادوار_بالعقار":3.0,"متوسط_عدد_الشقق_بالدور":2.0,"متوسط_مساحة_الشقق_بالمنطقة":80.0,"نوع_طبيعة_المنطقة":null,"مساحة_التغير_كم2":0.00021104552972671777,"نسبة_المساحه":0.040585678793599568,"CreationDate":"2026-04-11T07:54:45Z","Creator":"gpr.gps","EditDate":"2026-04-11T07:54:45Z","Editor":"gpr.gps","GlobalID":"{1348EC9D-BDC8-44E5-AE62-050F4C0EAC8D}","SHAPE_Length":60.418865930149444,"SHAPE_Area":211.04552972671777},"geometry":{"type":"Polygon","coordinates":[[[32.7848202918,25.9411836304],[32.7848676953,25.9412720998],[32.7846997525,25.9413530815],[32.7848202918,25.9411836304]]]}},
{"type":"Feature","properties":{"سعر_الأرض_2023":null,"سعر_الأرض_2014":null,"نمط_العمران":"اسكان عشوائى","اسم_المحور":"محور قوص","اسم_المحافظة":"محافظة قنا","متوسط_عدد_الادوار_بالعقار":3.0,"متوسط_عدد_الشقق_بالدور":2.0,"متوسط_مساحة_الشقق_بالمنطقة":80.0,"نوع_طبيعة_المنطقة":null,"مساحة_التغير_كم2":0.00018761319121762002,"نسبة_المساحه":0.036079459849542313,"CreationDate":"2026-04-11T07:54:45Z","Creator":"gpr.gps","EditDate":"2026-04-11T07:54:45Z","Editor":"gpr.gps","GlobalID":"{84727212-4ABA-4821-81B9-56C48B89F478}","SHAPE_Length":55.056737727577143,"SHAPE_Area":187.61319121762003},"geometry":{"type":"Polygon","coordinates":[[[32.7814017742,25.9423472755],[32.7815434639,25.9423188194],[32.7815855361,25.9424316517],[32.7814017742,25.9423472755]]]}},
{"type":"Feature","properties":{"سعر_الأرض_2023":null,"سعر_الأرض_2014":null,"نمط_العمران":"اسكان عشوائى","اسم_المحور":"محور قوص","اسم_المحافظة":"محافظة قنا","متوسط_عدد_الادوار_بالعقار":3.0,"متوسط_عدد_الشقق_بالدور":2.0,"متوسط_مساحة_الشقق_بالمنطقة":80.0,"نوع_طبيعة_المنطقة":null,"مساحة_التغير_كم2":0.00017291851673789001,"نسبة_المساحه":0.033253560911132692,"CreationDate":"2026-04-11T07:54:45Z","Creator":"gpr.gps","EditDate":"2026-04-11T07:54:45Z","Editor":"gpr.gps","GlobalID":"{CE8EC237-C2AB-4708-92FB-AF6CB5118C63}","SHAPE_Length":52.726529116771921,"SHAPE_Area":172.91851673789},"geometry":{"type":"Polygon","coordinates":[[[32.7811565036,25.9418635658],[32.7812036304,25.9419717555],[32.7810672365,25.9420114426],[32.7811565036,25.9418635658]]]}},
{"type":"Feature","properties":{"سعر_الأرض_2023":null,"سعر_الأرض_2014":null,"نمط_العمران":"اسكان عشوائى","اسم_المحور":"محور قوص","اسم_المحافظة":"محافظة قنا","متوسط_عدد_الادوار_بالعقار":3.0,"متوسط_عدد_الشقق_بالدور":2.0,"متوسط_مساحة_الشقق_بالمنطقة":80.0,"نوع_طبيعة_المنطقة":null,"مساحة_التغير_كم2":0.00019309848450638719,"نسبة_المساحه":0.037134323943535996,"CreationDate":"2026-04-11T07:54:45Z","Creator":"gpr.gps","EditDate":"2026-04-11T07:54:45Z","Editor":"gpr.gps","GlobalID":"{144C000F-8BD9-4087-A61F-BDF0542C3E3A}","SHAPE_Length":55.740351418303206,"SHAPE_Area":193.09848450638719},"geometry":{"type":"Polygon","coordinates":[[[32.782355122,25.9432434532],[32.7822377047,25.9432920156],[32.7821803076,25.9431701251],[32.782355122,25.9432434532]]]}},
{"type":"Feature","properties":{"سعر_الأرض_2023":null,"سعر_الأرض_2014":null,"نمط_العمران":"اسكان عشوائى","اسم_المحور":"محور قوص","اسم_المحافظة":"محافظة قنا","متوسط_عدد_الادوار_بالعقار":3.0,"متوسط_عدد_الشقق_بالدور":2.0,"متوسط_مساحة_الشقق_بالمنطقة":80.0,"نوع_طبيعة_المنطقة":null,"مساحة_التغير_كم2":0.00014702175814808752,"نسبة_المساحه":0.028273415028478369,"CreationDate":"2026-04-11T07:54:45Z","Creator":"gpr.gps","EditDate":"2026-04-11T07:54:45Z","Editor":"gpr.gps","GlobalID":"{A42549E2-55B5-45E2-AC0F-D48855037025}","SHAPE_Length":50.769227459134278,"SHAPE_Area":147.02175814808751},"geometry":{"type":"Polygon","coordinates":[[[32.7818779334,25.9456438842],[32.7819137379,25.9457165691],[32.7817635464,25.9457679487],[32.7818779334,25.9456438842]]]}},
{"type":"Feature","properties":{"سعر_الأرض_2023":null,"سعر_الأرض_2014":null,"نمط_العمران":"اسكان عشوائى","اسم_المحور":"محور قوص","اسم_المحافظة":"محافظة قنا","متوسط_عدد_الادوار_بالعقار":3.0,"متوسط_عدد_الشقق_بالدور":2.0,"متوسط_مساحة_الشقق_بالمنطقة":80.0,"نوع_طبيعة_المنطقة":null,"مساحة_التغير_كم2":0.00049162342770972794,"نسبة_المساحه":0.094542966867255371,"CreationDate":"2026-04-11T07:54:45Z","Creator":"gpr.gps","EditDate":"2026-04-11T07:54:45Z","Editor":"gpr.gps","GlobalID":"{4ABCD997-F630-4920-91F3-20FD1CD80C57}","SHAPE_Length":93.301915602816266,"SHAPE_Area":491.62342770972793},"geometry":{"type":"Polygon","coordinates":[[[32.7748945526,25.9463343151],[32.7748234448,25.9462075785],[32.7750892552,25.9460849503],[32.7748945526,25.9463343151]]]}},
{"type":"Feature","properties":{"سعر_الأرض_2023":null,"سعر_الأرض_2014":null,"نمط_العمران":"اسكان عشوائى","اسم_المحور":"محور قوص","اسم_المحافظة":"محافظة قنا","متوسط_عدد_الادوار_بالعقار":3.0,"متوسط_عدد_الشقق_بالدور":2.0,"متوسط_مساحة_الشقق_بالمنطقة":80.0,"نوع_طبيعة_المنطقة":"قائمة","مساحة_التغير_كم2":0.00014475154738286233,"نسبة_المساحه":0.027836836035165832,"CreationDate":"2026-04-11T07:54:45Z","Creator":"gpr.gps","EditDate":"2026-04-11T07:54:45Z","Editor":"gpr.gps","GlobalID":"{D75B4443-5816-44B3-8877-B07E41E5F383}","SHAPE_Length":52.132863048706746,"SHAPE_Area":144.75154738286233},"geometry":{"type":"Polygon","coordinates":[[[32.7733011653,25.9411956121],[32.7734440493,25.941095491],[32.7734941508,25.9411505198],[32.7733011653,25.9411956121]]]}},
{"type":"Feature","properties":{"سعر_الأرض_2023":null,"سعر_الأرض_2014":null,"نمط_العمران":"اسكان عشوائى","اسم_المحور":"محور قوص","اسم_المحافظة":"محافظة قنا","متوسط_عدد_الادوار_بالعقار":3.0,"متوسط_عدد_الشقق_بالدور":2.0,"متوسط_مساحة_الشقق_بالمنطقة":80.0,"نوع_طبيعة_المنطقة":"قائمة","مساحة_التغير_كم2":0.00024249066302216001,"نسبة_المساحه":0.04663281981195385,"CreationDate":"2026-04-11T07:54:45Z","Creator":"gpr.gps","EditDate":"2026-04-11T07:54:45Z","Editor":"gpr.gps","GlobalID":"{ED728717-E637-41CA-9366-EB8850991786}","SHAPE_Length":62.308899436410073,"SHAPE_Area":242.49066302215999},"geometry":{"type":"Polygon","coordinates":[[[32.7732760685,25.9409165185],[32.7731811648,25.9407988225],[32.7733034023,25.940717305],[32.7732760685,25.9409165185]]]}},
{"type":"Feature","properties":{"سعر_الأرض_2023":null,"سعر_الأرض_2014":null,"نمط_العمران":"اسكان عشوائى","اسم_المحور":"محور قوص","اسم_المحافظة":"محافظة قنا","متوسط_عدد_الادوار_بالعقار":3.0,"متوسط_عدد_الشقق_بالدور":2.0,"متوسط_مساحة_الشقق_بالمنطقة":80.0,"نوع_طبيعة_المنطقة":"قائمة","مساحة_التغير_كم2":0.00029310842366108965,"نسبة_المساحه":0.05636700455020955,"CreationDate":"2026-04-11T07:54:45Z","Creator":"gpr.gps","EditDate":"2026-04-11T07:54:45Z","Editor":"gpr.gps","GlobalID":"{2766C6A4-4879-4446-B56D-F2FB62DE47EF}","SHAPE_Length":69.348450122232165,"SHAPE_Area":293.10842366108966},"geometry":{"type":"Polygon","coordinates":[[[32.7728837354,25.9410169647],[32.7729675594,25.9411246087],[32.7728088176,25.9412261384],[32.7728837354,25.9410169647]]]}},
{"type":"Feature","properties":{"سعر_الأرض_2023":null,"سعر_الأرض_2014":null,"نمط_العمران":"اسكان عشوائى","اسم_المحور":"محور قوص","اسم_المحافظة":"محافظة قنا","متوسط_عدد_الادوار_بالعقار":3.0,"متوسط_عدد_الشقق_بالدور":2.0,"متوسط_مساحة_الشقق_بالمنطقة":80.0,"نوع_طبيعة_المنطقة":null,"مساحة_التغير_كم2":0.011772816846513814,"نسبة_المساحه":2.2640032397141949,"CreationDate":"2026-04-11T07:54:45Z","Creator":"gpr.gps","EditDate":"2026-04-11T07:54:45Z","Editor":"gpr.gps","GlobalID":"{6E369CB0-AC4E-435C-AEFF-EEC28835B82A}","SHAPE_Length":603.70474608397194,"SHAPE_Area":11772.816846513813},"geometry":{"type":"Polygon","coordinates":[[[32.7783032514,25.9474186908],[32.7795908441,25.9481044078],[32.7791623419,25.9483898868],[32.7787235042,25.9480261769],[32.7781097512,25.9482678637],[32.7773751051,25.9477048058],[32.7783032514,25.9474186908]]]}},
{"type":"Feature","properties":{"سعر_الأرض_2023":null,"سعر_الأرض_2014":null,"نمط_العمران":"اسكان عشوائى","اسم_المحور":"محور قوص","اسم_المحافظة":"محافظة قنا","متوسط_عدد_الادوار_بالعقار":3.0,"متوسط_عدد_الشقق_بالدور":2.0,"متوسط_مساحة_الشقق_بالمنطقة":80.0,"نوع_طبيعة_المنطقة":null,"مساحة_التغير_كم2":0.00010032769018717028,"نسبة_المساحه":0.019293786574455823,"CreationDate":"2026-04-11T07:54:45Z","Creator":"gpr.gps","EditDate":"2026-04-11T07:54:45Z","Editor":"gpr.gps","GlobalID":"{AFFCD6AF-7396-4338-A176-6AA09F369381}","SHAPE_Length":41.857865551786745,"SHAPE_Area":100.32769018717028},"geometry":{"type":"Polygon","coordinates":[[[32.7821456053,25.9510902584],[32.7822646261,25.9510359646],[32.782294637,25.9510990835],[32.7821456053,25.9510902584]]]}},
{"type":"Feature","properties":{"سعر_الأرض_2023":null,"سعر_الأرض_2014":null,"نمط_العمران":"اسكان عشوائى","اسم_المحور":"محور قوص","اسم_المحافظة":"محافظة قنا","متوسط_عدد_الادوار_بالعقار":3.0,"متوسط_عدد_الشقق_بالدور":2.0,"متوسط_مساحة_الشقق_بالمنطقة":80.0,"نوع_طبيعة_المنطقة":null,"مساحة_التغير_كم2":0.00013094731875598487,"نسبة_المساحه":0.025182176683843243,"CreationDate":"2026-04-11T07:54:45Z","Creator":"gpr.gps","EditDate":"2026-04-11T07:54:45Z","Editor":"gpr.gps","GlobalID":"{DDED21AC-AA8B-41D1-9282-DBE6C8ADA977}","SHAPE_Length":46.48432481321089,"SHAPE_Area":130.94731875598487},"geometry":{"type":"Polygon","coordinates":[[[32.7843841293,25.9546150341],[32.7844775228,25.9547026167],[32.7843965533,25.9547584019],[32.7843841293,25.9546150341]]]}},
{"type":"Feature","properties":{"سعر_الأرض_2023":null,"سعر_الأرض_2014":null,"نمط_العمران":"اسكان عشوائى","اسم_المحور":"محور قوص","اسم_المحافظة":"محافظة قنا","متوسط_عدد_الادوار_بالعقار":3.0,"متوسط_عدد_الشقق_بالدور":2.0,"متوسط_مساحة_الشقق_بالمنطقة":80.0,"نوع_طبيعة_المنطقة":null,"مساحة_التغير_كم2":0.00061108890815232567,"نسبة_المساحه":0.11751709772160109,"CreationDate":"2026-04-11T07:54:45Z","Creator":"gpr.gps","EditDate":"2026-04-11T07:54:45Z","Editor":"gpr.gps","GlobalID":"{EF2E1B82-6810-4DBF-B1FF-393D5C396269}","SHAPE_Length":124.79385679189201,"SHAPE_Area":611.08890815232564},"geometry":{"type":"Polygon","coordinates":[[[32.785327431,25.9588807473],[32.7853001265,25.9587813177],[32.7857901716,25.9586688414],[32.785327431,25.9588807473]]]}},
{"type":"Feature","properties":{"سعر_الأرض_2023":null,"سعر_الأرض_2014":null,"نمط_العمران":"اسكان عشوائى","اسم_المحور":"محور قوص","اسم_المحافظة":"محافظة قنا","متوسط_عدد_الادوار_بالعقار":3.0,"متوسط_عدد_الشقق_بالدور":2.0,"متوسط_مساحة_الشقق_بالمنطقة":80.0,"نوع_طبيعة_المنطقة":null,"مساحة_التغير_كم2":0.0001104343501970203,"نسبة_المساحه":0.021237375037888521,"CreationDate":"2026-04-11T07:54:45Z","Creator":"gpr.gps","EditDate":"2026-04-11T07:54:45Z","Editor":"gpr.gps","GlobalID":"{C83DBFAC-A5E6-4DE1-B79E-143C54B7FD6D}","SHAPE_Length":44.246232582226696,"SHAPE_Area":110.43435019702031},"geometry":{"type":"Polygon","coordinates":[[[32.7845505586,25.9582650158],[32.7846282687,25.9582593974],[32.7846375403,25.9583927264],[32.7845505586,25.9582650158]]]}},
{"type":"Feature","properties":{"سعر_الأرض_2023":null,"سعر_الأرض_2014":null,"نمط_العمران":"اسكان عشوائى","اسم_المحور":"محور قوص","اسم_المحافظة":"محافظة قنا","متوسط_عدد_الادوار_بالعقار":3.0,"متوسط_عدد_الشقق_بالدور":2.0,"متوسط_مساحة_الشقق_بالمنطقة":80.0,"نوع_طبيعة_المنطقة":null,"مساحة_التغير_كم2":0.00027667555785704961,"نسبة_المساحه":0.05320683804943261,"CreationDate":"2026-04-11T07:54:45Z","Creator":"gpr.gps","EditDate":"2026-04-11T07:54:45Z","Editor":"gpr.gps","GlobalID":"{DB0D69F3-50B7-4BAC-B5BA-14D055B40008}","SHAPE_Length":66.802857004013816,"SHAPE_Area":276.67555785704963},"geometry":{"type":"Polygon","coordinates":[[[32.7843099197,25.9579071197],[32.7843599071,25.9580314307],[32.7841893341,25.9580921003],[32.7843099197,25.9579071197]]]}},
{"type":"Feature","properties":{"سعر_الأرض_2023":null,"سعر_الأرض_2014":null,"نمط_العمران":"اسكان عشوائى","اسم_المحور":"محور قوص","اسم_المحافظة":"محافظة قنا","متوسط_عدد_الادوار_بالعقار":3.0,"متوسط_عدد_الشقق_بالدور":2.0,"متوسط_مساحة_الشقق_بالمنطقة":1.0,"نوع_طبيعة_المنطقة":null,"مساحة_التغير_كم2":0.00018237863824838014,"نسبة_المساحه":0.03507281504776541,"CreationDate":"2026-04-11T07:54:45Z","Creator":"gpr.gps","EditDate":"2026-04-11T07:54:45Z","Editor":"gpr.gps","GlobalID":"{549F73A8-6835-4C9C-A634-39E04E4835DA}","SHAPE_Length":57.236109446512643,"SHAPE_Area":182.37863824838013},"geometry":{"type":"Polygon","coordinates":[[[32.7898433128,25.9641868167],[32.7898032821,25.9641064831],[32.7899870453,25.9640600509],[32.7898433128,25.9641868167]]]}},
{"type":"Feature","properties":{"سعر_الأرض_2023":null,"سعر_الأرض_2014":null,"نمط_العمران":"خدمات ","اسم_المحور":"محور قوص","اسم_المحافظة":"محافظة قنا","متوسط_عدد_الادوار_بالعقار":null,"متوسط_عدد_الشقق_بالدور":null,"متوسط_مساحة_الشقق_بالمنطقة":null,"نوع_طبيعة_المنطقة":null,"مساحة_التغير_كم2":0.00044797007156625759,"نسبة_المساحه":0.086148090685818773,"CreationDate":"2026-04-11T07:54:45Z","Creator":"gpr.gps","EditDate":"2026-04-11T07:54:45Z","Editor":"gpr.gps","GlobalID":"{DB584ECB-4150-47F0-8615-B6D2E5F3EB91}","SHAPE_Length":94.127034494477172,"SHAPE_Area":447.97007156625762},"geometry":{"type":"Polygon","coordinates":[[[32.7900442147,25.9646130949],[32.7899968744,25.9644816227],[32.7902626078,25.9644175004],[32.7900442147,25.9646130949]]]}},
{"type":"Feature","properties":{"سعر_الأرض_2023":null,"سعر_الأرض_2014":null,"نمط_العمران":null,"اسم_المحور":"محور قوص","اسم_المحافظة":"محافظة قنا","متوسط_عدد_الادوار_بالعقار":null,"متوسط_عدد_الشقق_بالدور":null,"متوسط_مساحة_الشقق_بالمنطقة":null,"نوع_طبيعة_المنطقة":null,"مساحة_التغير_كم2":7.6768117613352848e-05,"نسبة_المساحه":0.014763099541029393,"CreationDate":"2026-04-11T07:54:45Z","Creator":"gpr.gps","EditDate":"2026-04-11T07:54:45Z","Editor":"gpr.gps","GlobalID":"{ACE1E0DA-012B-4EF7-BC38-22ECD05D1669}","SHAPE_Length":36.556769231038061,"SHAPE_Area":76.768117613352842},"geometry":{"type":"Polygon","coordinates":[[[32.7912390287,25.9673781514],[32.7911279606,25.967412395],[32.7911082459,25.9673538467],[32.7912390287,25.9673781514]]]}},
{"type":"Feature","properties":{"سعر_الأرض_2023":null,"سعر_الأرض_2014":null,"نمط_العمران":"اسكان عشوائى","اسم_المحور":"محور قوص","اسم_المحافظة":"محافظة قنا","متوسط_عدد_الادوار_بالعقار":3.0,"متوسط_عدد_الشقق_بالدور":2.0,"متوسط_مساحة_الشقق_بالمنطقة":80.0,"نوع_طبيعة_المنطقة":"قائمة","مساحة_التغير_كم2":0.00045676471454640422,"نسبة_المساحه":0.087839368182000804,"CreationDate":"2026-04-11T07:54:45Z","Creator":"gpr.gps","EditDate":"2026-04-11T07:54:45Z","Editor":"gpr.gps","GlobalID":"{D1E5A175-F485-4FB4-BC99-2BAE46262A48}","SHAPE_Length":85.820437706370242,"SHAPE_Area":456.76471454640421},"geometry":{"type":"Polygon","coordinates":[[[32.7875935129,25.9687568968],[32.7877775695,25.9687017387],[32.7878554514,25.9688987192],[32.7875935129,25.9687568968]]]}},
{"type":"Feature","properties":{"سعر_الأرض_2023":null,"سعر_الأرض_2014":null,"نمط_العمران":"اسكان عشوائى","اسم_المحور":"محور قوص","اسم_المحافظة":"محافظة قنا","متوسط_عدد_الادوار_بالعقار":3.0,"متوسط_عدد_الشقق_بالدور":2.0,"متوسط_مساحة_الشقق_بالمنطقة":80.0,"نوع_طبيعة_المنطقة":"قائمة","مساحة_التغير_كم2":0.00031452713762152945,"نسبة_المساحه":0.060485988004140276,"CreationDate":"2026-04-11T07:54:45Z","Creator":"gpr.gps","EditDate":"2026-04-11T07:54:45Z","Editor":"gpr.gps","GlobalID":"{15D2C80B-1E25-4C02-BDEC-DB3A32527239}","SHAPE_Length":74.995139593977825,"SHAPE_Area":314.52713762152945},"geometry":{"type":"Polygon","coordinates":[[[32.7878997,25.9691328019],[32.7880007136,25.9692532439],[32.787874336,25.9693480276],[32.7878997,25.9691328019]]]}},
{"type":"Feature","properties":{"سعر_الأرض_2023":null,"سعر_الأرض_2014":null,"نمط_العمران":"اسكان عشوائى","اسم_المحور":"محور قوص","اسم_المحافظة":"محافظة قنا","متوسط_عدد_الادوار_بالعقار":3.0,"متوسط_عدد_الشقق_بالدور":2.0,"متوسط_مساحة_الشقق_بالمنطقة":80.0,"نوع_طبيعة_المنطقة":"قائمة","مساحة_التغير_كم2":0.00033295003120858302,"نسبة_المساحه":0.064028852155496724,"CreationDate":"2026-04-11T07:54:45Z","Creator":"gpr.gps","EditDate":"2026-04-11T07:54:45Z","Editor":"gpr.gps","GlobalID":"{2B3E4676-F605-4783-B42B-96C29E068E1C}","SHAPE_Length":77.335972946710598,"SHAPE_Area":332.95003120858303},"geometry":{"type":"Polygon","coordinates":[[[32.7872529995,25.9716421086],[32.787317348,25.9718691732],[32.7871904261,25.9718976564],[32.7872529995,25.9716421086]]]}},
{"type":"Feature","properties":{"سعر_الأرض_2023":null,"سعر_الأرض_2014":null,"نمط_العمران":"اسكان عشوائى","اسم_المحور":"محور قوص","اسم_المحافظة":"محافظة قنا","متوسط_عدد_الادوار_بالعقار":3.0,"متوسط_عدد_الشقق_بالدور":2.0,"متوسط_مساحة_الشقق_بالمنطقة":80.0,"نوع_طبيعة_المنطقة":"قائمة","مساحة_التغير_كم2":0.00029419134473061294,"نسبة_المساحه":0.056575258602040948,"CreationDate":"2026-04-11T07:54:45Z","Creator":"gpr.gps","EditDate":"2026-04-11T07:54:45Z","Editor":"gpr.gps","GlobalID":"{CE15B36C-C04F-47F9-916D-E1861603F545}","SHAPE_Length":68.84853891778863,"SHAPE_Area":294.19134473061297},"geometry":{"type":"Polygon","coordinates":[[[32.7700549679,25.9666122346],[32.77011968,25.9667700212],[32.7699720961,25.9668228264],[32.7700549679,25.9666122346]]]}},
{"type":"Feature","properties":{"سعر_الأرض_2023":null,"سعر_الأرض_2014":null,"نمط_العمران":null,"اسم_المحور":"محور قوص","اسم_المحافظة":"محافظة قنا","متوسط_عدد_الادوار_بالعقار":null,"متوسط_عدد_الشقق_بالدور":null,"متوسط_مساحة_الشقق_بالمنطقة":null,"نوع_طبيعة_المنطقة":null,"مساحة_التغير_كم2":0.0002420574794444691,"نسبة_المساحه":0.046549515277782519,"CreationDate":"2026-04-11T07:54:45Z","Creator":"gpr.gps","EditDate":"2026-04-11T07:54:45Z","Editor":"gpr.gps","GlobalID":"{1BA1DB17-EB1A-47CA-84CD-AD963895E7E8}","SHAPE_Length":74.167757161334208,"SHAPE_Area":242.0574794444691},"geometry":{"type":"Polygon","coordinates":[[[32.7697967532,25.9717547315],[32.769807602,25.9718841213],[32.7696113512,25.9718830929],[32.7697967532,25.9717547315]]]}},
{"type":"Feature","properties":{"سعر_الأرض_2023":null,"سعر_الأرض_2014":null,"نمط_العمران":null,"اسم_المحور":"محور قوص","اسم_المحافظة":"محافظة قنا","متوسط_عدد_الادوار_بالعقار":null,"متوسط_عدد_الشقق_بالدور":null,"متوسط_مساحة_الشقق_بالمنطقة":null,"نوع_طبيعة_المنطقة":null,"مساحة_التغير_كم2":8.3921584127664571e-05,"نسبة_المساحه":0.016138766178397032,"CreationDate":"2026-04-11T07:54:45Z","Creator":"gpr.gps","EditDate":"2026-04-11T07:54:45Z","Editor":"gpr.gps","GlobalID":"{49D53FA0-689C-4300-BB35-1D6B416EB3C8}","SHAPE_Length":38.411438811818279,"SHAPE_Area":83.921584127664573},"geometry":{"type":"Polygon","coordinates":[[[32.770128066,25.972160721],[32.7701946916,25.9721512705],[32.7702135031,25.9722640687],[32.770128066,25.972160721]]]}},
{"type":"Feature","properties":{"سعر_الأرض_2023":null,"سعر_الأرض_2014":null,"نمط_العمران":null,"اسم_المحور":"محور قوص","اسم_المحافظة":"محافظة قنا","متوسط_عدد_الادوار_بالعقار":null,"متوسط_عدد_الشقق_بالدور":null,"متوسط_مساحة_الشقق_بالمنطقة":null,"نوع_طبيعة_المنطقة":null,"مساحة_التغير_كم2":0.00025636259863664188,"نسبة_المساحه":0.049300499737815744,"CreationDate":"2026-04-11T07:54:45Z","Creator":"gpr.gps","EditDate":"2026-04-11T07:54:45Z","Editor":"gpr.gps","GlobalID":"{5E72B8F2-C728-414C-B84A-7AB786E8A159}","SHAPE_Length":72.182650756095185,"SHAPE_Area":256.36259863664191},"geometry":{"type":"Polygon","coordinates":[[[32.7507266712,25.9718086156],[32.7509700402,25.9717134681],[32.7510015886,25.9717937986],[32.7507266712,25.9718086156]]]}},
{"type":"Feature","properties":{"سعر_الأرض_2023":null,"سعر_الأرض_2014":null,"نمط_العمران":null,"اسم_المحور":"محور قوص","اسم_المحافظة":"محافظة قنا","متوسط_عدد_الادوار_بالعقار":null,"متوسط_عدد_الشقق_بالدور":null,"متوسط_مساحة_الشقق_بالمنطقة":null,"نوع_طبيعة_المنطقة":null,"مساحة_التغير_كم2":0.00021052362768263298,"نسبة_المساحه":0.040485313015890957,"CreationDate":"2026-04-11T07:54:45Z","Creator":"gpr.gps","EditDate":"2026-04-11T07:54:45Z","Editor":"gpr.gps","GlobalID":"{6E4C499F-5101-4648-AFEB-2EAFA8D74AE1}","SHAPE_Length":61.829060003765463,"SHAPE_Area":210.52362768263299},"geometry":{"type":"Polygon","coordinates":[[[32.749424714,25.9650444535],[32.7495913321,25.96499218],[32.7496334168,25.9650884161],[32.749424714,25.9650444535]]]}},
{"type":"Feature","properties":{"سعر_الأرض_2023":null,"سعر_الأرض_2014":null,"نمط_العمران":null,"اسم_المحور":"محور قوص","اسم_المحافظة":"محافظة قنا","متوسط_عدد_الادوار_بالعقار":null,"متوسط_عدد_الشقق_بالدور":null,"متوسط_مساحة_الشقق_بالمنطقة":null,"نوع_طبيعة_المنطقة":null,"مساحة_التغير_كم2":0.00010501563720427124,"نسبة_المساحه":0.020195314846975239,"CreationDate":"2026-04-11T07:54:45Z","Creator":"gpr.gps","EditDate":"2026-04-11T07:54:45Z","Editor":"gpr.gps","GlobalID":"{7F47C93D-A4A6-41E2-AEB6-D95F1E2D9A8A}","SHAPE_Length":44.458381058367884,"SHAPE_Area":105.01563720427124},"geometry":{"type":"Polygon","coordinates":[[[32.7395463168,25.9538872636],[32.7396899288,25.9538366322],[32.7397127899,25.9538961638],[32.7395463168,25.9538872636]]]}},
{"type":"Feature","properties":{"سعر_الأرض_2023":null,"سعر_الأرض_2014":null,"نمط_العمران":null,"اسم_المحور":"محور قوص","اسم_المحافظة":"محافظة قنا","متوسط_عدد_الادوار_بالعقار":null,"متوسط_عدد_الشقق_بالدور":null,"متوسط_مساحة_الشقق_بالمنطقة":null,"نوع_طبيعة_المنطقة":null,"مساحة_التغير_كم2":0.00022624619816227705,"نسبة_المساحه":0.043508884261976355,"CreationDate":"2026-04-11T07:54:45Z","Creator":"gpr.gps","EditDate":"2026-04-11T07:54:45Z","Editor":"gpr.gps","GlobalID":"{7E9B61B3-E60D-4B23-BA94-695C523A0D57}","SHAPE_Length":63.059536489748062,"SHAPE_Area":226.16645256598554},"geometry":{"type":"Polygon","coordinates":[[[32.7402674798,25.9545038625],[32.7403758343,25.9544646659],[32.7404407103,25.9546173065],[32.7402674798,25.9545038625]]]}},
{"type":"Feature","properties":{"سعر_الأرض_2023":null,"سعر_الأرض_2014":null,"نمط_العمران":null,"اسم_المحور":"محور قوص","اسم_المحافظة":"محافظة قنا","متوسط_عدد_الادوار_بالعقار":null,"متوسط_عدد_الشقق_بالدور":null,"متوسط_مساحة_الشقق_بالمنطقة":null,"نوع_طبيعة_المنطقة":null,"مساحة_التغير_كم2":0.00022362420379953309,"نسبة_المساحه":0.043004654576833286,"CreationDate":"2026-04-11T07:54:45Z","Creator":"gpr.gps","EditDate":"2026-04-11T07:54:45Z","Editor":"gpr.gps","GlobalID":"{14A370A5-DE5B-4DD9-B932-658935FDF865}","SHAPE_Length":63.672436406231668,"SHAPE_Area":223.62420379953309},"geometry":{"type":"Polygon","coordinates":[[[32.7443892541,25.9622200317],[32.744361698,25.9621296728],[32.7445695516,25.9620741341],[32.7443892541,25.9622200317]]]}},
{"type":"Feature","properties":{"سعر_الأرض_2023":null,"سعر_الأرض_2014":null,"نمط_العمران":null,"اسم_المحور":"محور قوص","اسم_المحافظة":"محافظة قنا","متوسط_عدد_الادوار_بالعقار":null,"متوسط_عدد_الشقق_بالدور":null,"متوسط_مساحة_الشقق_بالمنطقة":null,"نوع_طبيعة_المنطقة":null,"مساحة_التغير_كم2":0.0003225081694531749,"نسبة_المساحه":0.062020801817918254,"CreationDate":"2026-04-11T07:54:45Z","Creator":"gpr.gps","EditDate":"2026-04-11T07:54:45Z","Editor":"gpr.gps","GlobalID":"{5539BCDA-81BE-4F34-BCE0-8700A633CE82}","SHAPE_Length":90.496650820895383,"SHAPE_Area":322.5081694531749},"geometry":{"type":"Polygon","coordinates":[[[32.7423591548,25.9556892177],[32.7424849725,25.9559465622],[32.7423632932,25.9559979523],[32.7423591548,25.9556892177]]]}},
{"type":"Feature","properties":{"سعر_الأرض_2023":null,"سعر_الأرض_2014":null,"نمط_العمران":"اسكان عشوائى","اسم_المحور":"محور قوص","اسم_المحافظة":"محافظة قنا","متوسط_عدد_الادوار_بالعقار":3.0,"متوسط_عدد_الشقق_بالدور":2.0,"متوسط_مساحة_الشقق_بالمنطقة":80.0,"نوع_طبيعة_المنطقة":"قائمة","مساحة_التغير_كم2":0.00019626516677653149,"نسبة_المساحه":0.037743301303179135,"CreationDate":"2026-04-11T07:54:45Z","Creator":"gpr.gps","EditDate":"2026-04-11T07:54:45Z","Editor":"gpr.gps","GlobalID":"{18B32994-384C-4219-A457-077E6E10E99A}","SHAPE_Length":57.492134605888637,"SHAPE_Area":196.26516677653149},"geometry":{"type":"Polygon","coordinates":[[[32.7625378194,25.9537258141],[32.7625926219,25.9538090465],[32.7624581771,25.9539053481],[32.7625378194,25.9537258141]]]}},
{"type":"Feature","properties":{"سعر_الأرض_2023":null,"سعر_الأرض_2014":null,"نمط_العمران":"اسكان عشوائى","اسم_المحور":"محور قوص","اسم_المحافظة":"محافظة قنا","متوسط_عدد_الادوار_بالعقار":3.0,"متوسط_عدد_الشقق_بالدور":2.0,"متوسط_مساحة_الشقق_بالمنطقة":80.0,"نوع_طبيعة_المنطقة":"قائمة","مساحة_التغير_كم2":0.00016415736013303383,"نسبة_المساحه":0.031568723102506503,"CreationDate":"2026-04-11T07:54:45Z","Creator":"gpr.gps","EditDate":"2026-04-11T07:54:45Z","Editor":"gpr.gps","GlobalID":"{9B1AE2A1-7953-4EAF-86B8-70AA70F4FB89}","SHAPE_Length":57.538839392400661,"SHAPE_Area":164.15736013303385},"geometry":{"type":"Polygon","coordinates":[[[32.7666681594,25.9595832119],[32.7667005489,25.9597772635],[32.7666402842,25.9597809896],[32.7666681594,25.9595832119]]]}},
{"type":"Feature","properties":{"سعر_الأرض_2023":null,"سعر_الأرض_2014":null,"نمط_العمران":"اسكان عشوائى","اسم_المحور":"محور قوص","اسم_المحافظة":"محافظة قنا","متوسط_عدد_الادوار_بالعقار":3.0,"متوسط_عدد_الشقق_بالدور":2.0,"متوسط_مساحة_الشقق_بالمنطقة":80.0,"نوع_طبيعة_المنطقة":"قائمة","مساحة_التغير_كم2":0.00035378177803957808,"نسبة_المساحه":0.068034957315303471,"CreationDate":"2026-04-11T07:54:45Z","Creator":"gpr.gps","EditDate":"2026-04-11T07:54:45Z","Editor":"gpr.gps","GlobalID":"{0D9AB38D-698B-458D-A68D-250306C4C626}","SHAPE_Length":75.920713714804805,"SHAPE_Area":353.78177803957806},"geometry":{"type":"Polygon","coordinates":[[[32.7661466891,25.960061544],[32.7661875373,25.960254654],[32.7660352579,25.9602792555],[32.7661466891,25.960061544]]]}},
{"type":"Feature","properties":{"سعر_الأرض_2023":null,"سعر_الأرض_2014":null,"نمط_العمران":"اسكان عشوائى","اسم_المحور":"محور قوص","اسم_المحافظة":"محافظة قنا","متوسط_عدد_الادوار_بالعقار":3.0,"متوسط_عدد_الشقق_بالدور":2.0,"متوسط_مساحة_الشقق_بالمنطقة":80.0,"نوع_طبيعة_المنطقة":"قائمة","مساحة_التغير_كم2":0.00030794401102906627,"نسبة_المساحه":0.05922000212097428,"CreationDate":"2026-04-11T07:54:45Z","Creator":"gpr.gps","EditDate":"2026-04-11T07:54:45Z","Editor":"gpr.gps","GlobalID":"{69B72882-E211-4A94-B9A5-2DD6F553331E}","SHAPE_Length":70.446400934496452,"SHAPE_Area":307.94401102906625},"geometry":{"type":"Polygon","coordinates":[[[32.7672668089,25.961407137],[32.7671123891,25.9614446371],[32.7670742216,25.9612715464],[32.7672668089,25.961407137]]]}},
{"type":"Feature","properties":{"سعر_الأرض_2023":null,"سعر_الأرض_2014":null,"نمط_العمران":"اسكان عشوائى","اسم_المحور":"محور قوص","اسم_المحافظة":"محافظة قنا","متوسط_عدد_الادوار_بالعقار":3.0,"متوسط_عدد_الشقق_بالدور":2.0,"متوسط_مساحة_الشقق_بالمنطقة":80.0,"نوع_طبيعة_المنطقة":"قائمة","مساحة_التغير_كم2":0.00015756328520331102,"نسبة_المساحه":0.030300631769867501,"CreationDate":"2026-04-11T07:54:45Z","Creator":"gpr.gps","EditDate":"2026-04-11T07:54:45Z","Editor":"gpr.gps","GlobalID":"{D049F09D-E856-467B-84AD-FA07B451F21F}","SHAPE_Length":50.796456414940863,"SHAPE_Area":157.56328520331101},"geometry":{"type":"Polygon","coordinates":[[[32.7648224793,25.963379224],[32.7649454511,25.9633414369],[32.7649618855,25.9634504089],[32.7648224793,25.963379224]]]}},
{"type":"Feature","properties":{"سعر_الأرض_2023":null,"سعر_الأرض_2014":null,"نمط_العمران":"اسكان عشوائى","اسم_المحور":"محور قوص","اسم_المحافظة":"محافظة قنا","متوسط_عدد_الادوار_بالعقار":3.0,"متوسط_عدد_الشقق_بالدور":2.0,"متوسط_مساحة_الشقق_بالمنطقة":80.0,"نوع_طبيعة_المنطقة":"قائمة","مساحة_التغير_كم2":0.0002546623161629333,"نسبة_المساحه":0.048973522339025632,"CreationDate":"2026-04-11T07:54:45Z","Creator":"gpr.gps","EditDate":"2026-04-11T07:54:45Z","Editor":"gpr.gps","GlobalID":"{D5E0B95E-C470-4496-B3AC-32BE10019A39}","SHAPE_Length":63.802805905810807,"SHAPE_Area":254.66231616293328},"geometry":{"type":"Polygon","coordinates":[[[32.7640318115,25.9625479598],[32.7639609116,25.9624372347],[32.7641024657,25.9623426402],[32.7640318115,25.9625479598]]]}},
{"type":"Feature","properties":{"سعر_الأرض_2023":null,"سعر_الأرض_2014":null,"نمط_العمران":"اسكان عشوائى","اسم_المحور":"محور قوص","اسم_المحافظة":"محافظة قنا","متوسط_عدد_الادوار_بالعقار":null,"متوسط_عدد_الشقق_بالدور":null,"متوسط_مساحة_الشقق_بالمنطقة":null,"نوع_طبيعة_المنطقة":null,"مساحة_التغير_كم2":0.00039667404896578777,"نسبة_المساحه":0.076283470954959187,"CreationDate":"2026-04-11T07:54:45Z","Creator":"gpr.gps","EditDate":"2026-04-11T07:54:45Z","Editor":"gpr.gps","GlobalID":"{575C8EDA-F220-4D27-A7D0-BFE6114755E3}","SHAPE_Length":79.699130183197497,"SHAPE_Area":396.67404896578779},"geometry":{"type":"Polygon","coordinates":[[[32.7348997169,25.9299105673],[32.735080577,25.9298506913],[32.7351520709,25.9300180637],[32.7348997169,25.9299105673]]]}},
{"type":"Feature","properties":{"سعر_الأرض_2023":null,"سعر_الأرض_2014":null,"نمط_العمران":"اسكان عشوائى","اسم_المحور":"محور قوص","اسم_المحافظة":"محافظة قنا","متوسط_عدد_الادوار_بالعقار":null,"متوسط_عدد_الشقق_بالدور":null,"متوسط_مساحة_الشقق_بالمنطقة":null,"نوع_طبيعة_المنطقة":null,"مساحة_التغير_كم2":0.00016896936719323471,"نسبة_المساحه":0.032494109075622057,"CreationDate":"2026-04-11T07:54:45Z","Creator":"gpr.gps","EditDate":"2026-04-11T07:54:45Z","Editor":"gpr.gps","GlobalID":"{0112E88F-145D-453C-9130-33DF5875253A}","SHAPE_Length":55.519649970319435,"SHAPE_Area":168.96936719323472},"geometry":{"type":"Polygon","coordinates":[[[32.7314117614,25.9154374849],[32.7314401181,25.9155149463],[32.7312687792,25.9155786589],[32.7314117614,25.9154374849]]]}},
{"type":"Feature","properties":{"سعر_الأرض_2023":null,"سعر_الأرض_2014":null,"نمط_العمران":"اسكان عشوائى","اسم_المحور":"محور قوص","اسم_المحافظة":"محافظة قنا","متوسط_عدد_الادوار_بالعقار":null,"متوسط_عدد_الشقق_بالدور":null,"متوسط_مساحة_الشقق_بالمنطقة":null,"نوع_طبيعة_المنطقة":null,"مساحة_التغير_كم2":0.00022009400302079777,"نسبة_المساحه":0.042325769811691873,"CreationDate":"2026-04-11T07:54:45Z","Creator":"gpr.gps","EditDate":"2026-04-11T07:54:45Z","Editor":"gpr.gps","GlobalID":"{08CBBD48-8DDB-4539-AF46-CFA3CF69C627}","SHAPE_Length":61.554684773323388,"SHAPE_Area":220.09400302079777},"geometry":{"type":"Polygon","coordinates":[[[32.7319557477,25.9155047514],[32.7320004593,25.9155932332],[32.7318232785,25.9156705537],[32.7319557477,25.9155047514]]]}},
{"type":"Feature","properties":{"سعر_الأرض_2023":null,"سعر_الأرض_2014":null,"نمط_العمران":"اسكان عشوائى","اسم_المحور":"محور قوص","اسم_المحافظة":"محافظة قنا","متوسط_عدد_الادوار_بالعقار":null,"متوسط_عدد_الشقق_بالدور":null,"متوسط_مساحة_الشقق_بالمنطقة":null,"نوع_طبيعة_المنطقة":null,"مساحة_التغير_كم2":0.00014676289685697949,"نسبة_المساحه":0.028223634010957593,"CreationDate":"2026-04-11T07:54:45Z","Creator":"gpr.gps","EditDate":"2026-04-11T07:54:45Z","Editor":"gpr.gps","GlobalID":"{FD3BC7F3-9688-4DCC-B374-DEB1E233099F}","SHAPE_Length":50.440137839249907,"SHAPE_Area":146.76289685697949},"geometry":{"type":"Polygon","coordinates":[[[32.7300181615,25.916584439],[32.7301694039,25.9165292914],[32.7302051658,25.9166029445],[32.7300181615,25.916584439]]]}},
{"type":"Feature","properties":{"سعر_الأرض_2023":null,"سعر_الأرض_2014":null,"نمط_العمران":"اسكان عشوائى","اسم_المحور":"محور قوص","اسم_المحافظة":"محافظة قنا","متوسط_عدد_الادوار_بالعقار":null,"متوسط_عدد_الشقق_بالدور":null,"متوسط_مساحة_الشقق_بالمنطقة":null,"نوع_طبيعة_المنطقة":null,"مساحة_التغير_كم2":0.00011811970608155459,"نسبة_المساحه":0.022715328092606651,"CreationDate":"2026-04-11T07:54:45Z","Creator":"gpr.gps","EditDate":"2026-04-11T07:54:45Z","Editor":"gpr.gps","GlobalID":"{E1522A8C-1C1C-4D4A-B8CF-30D4608879D7}","SHAPE_Length":43.926887413323897,"SHAPE_Area":118.1197060815546},"geometry":{"type":"Polygon","coordinates":[[[32.7301669677,25.9172513052],[32.7302182513,25.9173541348],[32.730132966,25.9173904108],[32.7301669677,25.9172513052]]]}},
{"type":"Feature","properties":{"سعر_الأرض_2023":null,"سعر_الأرض_2014":null,"نمط_العمران":"اسكان عشوائى","اسم_المحور":"محور قوص","اسم_المحافظة":"محافظة قنا","متوسط_عدد_الادوار_بالعقار":null,"متوسط_عدد_الشقق_بالدور":null,"متوسط_مساحة_الشقق_بالمنطقة":null,"نوع_طبيعة_المنطقة":null,"مساحة_التغير_كم2":0.00016773773884117696,"نسبة_المساحه":0.032257257469457103,"CreationDate":"2026-04-11T07:54:45Z","Creator":"gpr.gps","EditDate":"2026-04-11T07:54:45Z","Editor":"gpr.gps","GlobalID":"{E8A6BA3C-36DD-45C8-89B1-465372F89DC9}","SHAPE_Length":56.250404434038657,"SHAPE_Area":167.73773884117696},"geometry":{"type":"Polygon","coordinates":[[[32.7320985962,25.9177562264],[32.7321947992,25.9177401576],[32.7321891566,25.9178987881],[32.7320985962,25.9177562264]]]}},
{"type":"Feature","properties":{"سعر_الأرض_2023":null,"سعر_الأرض_2014":null,"نمط_العمران":"اسكان عشوائى","اسم_المحور":"محور قوص","اسم_المحافظة":"محافظة قنا","متوسط_عدد_الادوار_بالعقار":null,"متوسط_عدد_الشقق_بالدور":null,"متوسط_مساحة_الشقق_بالمنطقة":null,"نوع_طبيعة_المنطقة":null,"مساحة_التغير_كم2":0.00024404704698434006,"نسبة_المساحه":0.046932124420065391,"CreationDate":"2026-04-11T07:54:45Z","Creator":"gpr.gps","EditDate":"2026-04-11T07:54:45Z","Editor":"gpr.gps","GlobalID":"{763DA6BA-66CC-4ACF-8A56-0E9F3C9E63F4}","SHAPE_Length":64.000890176921473,"SHAPE_Area":243.99988358641781},"geometry":{"type":"Polygon","coordinates":[[[32.7324774023,25.9174843214],[32.7326049638,25.9174451358],[32.7326527414,25.9175804512],[32.7324774023,25.9174843214]]]}},
{"type":"Feature","properties":{"سعر_الأرض_2023":null,"سعر_الأرض_2014":null,"نمط_العمران":"اسكان عشوائى","اسم_المحور":"محور قوص","اسم_المحافظة":"محافظة قنا","متوسط_عدد_الادوار_بالعقار":3.0,"متوسط_عدد_الشقق_بالدور":2.0,"متوسط_مساحة_الشقق_بالمنطقة":80.0,"نوع_طبيعة_المنطقة":"قائمة","مساحة_التغير_كم2":0.00028855908944267579,"نسبة_المساحه":0.055492132585129958,"CreationDate":"2026-04-11T07:54:45Z","Creator":"gpr.gps","EditDate":"2026-04-11T07:54:45Z","Editor":"gpr.gps","GlobalID":"{4F8FD5AD-5F43-405F-BE1C-5820E3E7ACAA}","SHAPE_Length":78.706095319870755,"SHAPE_Area":288.55908944267577},"geometry":{"type":"Polygon","coordinates":[[[32.7053084819,25.9245095431],[32.7052893465,25.9242359458],[32.7053884297,25.9242337579],[32.7053084819,25.9245095431]]]}},
{"type":"Feature","properties":{"سعر_الأرض_2023":null,"سعر_الأرض_2014":null,"نمط_العمران":"اسكان عشوائى","اسم_المحور":"محور قوص","اسم_المحافظة":"محافظة قنا","متوسط_عدد_الادوار_بالعقار":3.0,"متوسط_عدد_الشقق_بالدور":2.0,"متوسط_مساحة_الشقق_بالمنطقة":80.0,"نوع_طبيعة_المنطقة":"قائمة","مساحة_التغير_كم2":0.00016354246670891522,"نسبة_المساحه":0.031450474367099079,"CreationDate":"2026-04-11T07:54:45Z","Creator":"gpr.gps","EditDate":"2026-04-11T07:54:45Z","Editor":"gpr.gps","GlobalID":"{D9B396DD-3DE2-4E32-B5C1-5691845053BB}","SHAPE_Length":51.931012309644785,"SHAPE_Area":163.54246670891521},"geometry":{"type":"Polygon","coordinates":[[[32.7059751904,25.9129467058],[32.7060788204,25.9129182461],[32.7061186445,25.9130521201],[32.7059751904,25.9129467058]]]}},
{"type":"Feature","properties":{"سعر_الأرض_2023":null,"سعر_الأرض_2014":null,"نمط_العمران":"اسكان عشوائى","اسم_المحور":"محور قوص","اسم_المحافظة":"محافظة قنا","متوسط_عدد_الادوار_بالعقار":3.0,"متوسط_عدد_الشقق_بالدور":2.0,"متوسط_مساحة_الشقق_بالمنطقة":80.0,"نوع_طبيعة_المنطقة":"قائمة","مساحة_التغير_كم2":0.00051839872294923042,"نسبة_المساحه":0.099692062105621232,"CreationDate":"2026-04-11T07:54:45Z","Creator":"gpr.gps","EditDate":"2026-04-11T07:54:45Z","Editor":"gpr.gps","GlobalID":"{08695535-6240-432E-8444-79C8DA046F34}","SHAPE_Length":117.99925795634113,"SHAPE_Area":518.39872294923043},"geometry":{"type":"Polygon","coordinates":[[[32.7010858433,25.9186142809],[32.7015395706,25.9184675655],[32.701575686,25.9185589049],[32.7010858433,25.9186142809]]]}},
{"type":"Feature","properties":{"سعر_الأرض_2023":null,"سعر_الأرض_2014":null,"نمط_العمران":"اسكان عشوائى","اسم_المحور":"محور قوص","اسم_المحافظة":"محافظة قنا","متوسط_عدد_الادوار_بالعقار":null,"متوسط_عدد_الشقق_بالدور":null,"متوسط_مساحة_الشقق_بالمنطقة":null,"نوع_طبيعة_المنطقة":"قائمة","مساحة_التغير_كم2":0.00044047407605960376,"نسبة_المساحه":0.084706553088385331,"CreationDate":"2026-04-11T07:54:45Z","Creator":"gpr.gps","EditDate":"2026-04-11T07:54:45Z","Editor":"gpr.gps","GlobalID":"{D8081070-A080-4001-ADDD-8BD5EBE67002}","SHAPE_Length":90.908189209573294,"SHAPE_Area":440.47407605960376},"geometry":{"type":"Polygon","coordinates":[[[32.849986199,25.945656311],[32.8498434491,25.9456963011],[32.8497679919,25.945414207],[32.849986199,25.945656311]]]}},
{"type":"Feature","properties":{"سعر_الأرض_2023":null,"سعر_الأرض_2014":null,"نمط_العمران":"اسكان عشوائى","اسم_المحور":"محور قوص","اسم_المحافظة":"محافظة قنا","متوسط_عدد_الادوار_بالعقار":null,"متوسط_عدد_الشقق_بالدور":null,"متوسط_مساحة_الشقق_بالمنطقة":null,"نوع_طبيعة_المنطقة":"قائمة","مساحة_التغير_كم2":0.00015976791381007508,"نسبة_المساحه":0.03072459880962982,"CreationDate":"2026-04-11T07:54:45Z","Creator":"gpr.gps","EditDate":"2026-04-11T07:54:45Z","Editor":"gpr.gps","GlobalID":"{A9A29999-9025-498D-BBB5-8E61AE45B30A}","SHAPE_Length":51.250727202683727,"SHAPE_Area":159.76791381007507},"geometry":{"type":"Polygon","coordinates":[[[32.850312455,25.9474486285],[32.8504609769,25.9474425702],[32.8504640237,25.9475410075],[32.850312455,25.9474486285]]]}},
{"type":"Feature","properties":{"سعر_الأرض_2023":null,"سعر_الأرض_2014":null,"نمط_العمران":"اسكان عشوائى","اسم_المحور":"محور قوص","اسم_المحافظة":"محافظة قنا","متوسط_عدد_الادوار_بالعقار":null,"متوسط_عدد_الشقق_بالدور":null,"متوسط_مساحة_الشقق_بالمنطقة":null,"نوع_طبيعة_المنطقة":"قائمة","مساحة_التغير_كم2":0.0006231714405701104,"نسبة_المساحه":0.11984066164809815,"CreationDate":"2026-04-11T07:54:45Z","Creator":"gpr.gps","EditDate":"2026-04-11T07:54:45Z","Editor":"gpr.gps","GlobalID":"{AC0BD91C-8A15-4DF3-94A4-403070F6E6E0}","SHAPE_Length":112.0697217447661,"SHAPE_Area":623.17144057011035},"geometry":{"type":"Polygon","coordinates":[[[32.8540722567,25.9538426035],[32.8540478555,25.9539752011],[32.8536475079,25.9539520995],[32.8540722567,25.9538426035]]]}},
{"type":"Feature","properties":{"سعر_الأرض_2023":null,"سعر_الأرض_2014":null,"نمط_العمران":"اسكان عشوائى","اسم_المحور":"محور قوص","اسم_المحافظة":"محافظة قنا","متوسط_عدد_الادوار_بالعقار":null,"متوسط_عدد_الشقق_بالدور":null,"متوسط_مساحة_الشقق_بالمنطقة":null,"نوع_طبيعة_المنطقة":"قائمة","مساحة_التغير_كم2":0.00018371962875169494,"نسبة_المساحه":0.035330697836864412,"CreationDate":"2026-04-11T07:54:45Z","Creator":"gpr.gps","EditDate":"2026-04-11T07:54:45Z","Editor":"gpr.gps","GlobalID":"{8B1D7BBC-249A-4DFF-B3D3-AA0FB1AC748F}","SHAPE_Length":59.684776881232224,"SHAPE_Area":183.71962875169493},"geometry":{"type":"Polygon","coordinates":[[[32.8513071739,25.9585159237],[32.8513896504,25.9585002403],[32.8514306394,25.9586909378],[32.8513071739,25.9585159237]]]}},
{"type":"Feature","properties":{"سعر_الأرض_2023":null,"سعر_الأرض_2014":null,"نمط_العمران":"اسكان عشوائى","اسم_المحور":"محور قوص","اسم_المحافظة":"محافظة قنا","متوسط_عدد_الادوار_بالعقار":null,"متوسط_عدد_الشقق_بالدور":null,"متوسط_مساحة_الشقق_بالمنطقة":null,"نوع_طبيعة_المنطقة":"قائمة","مساحة_التغير_كم2":0.00011466824443703688,"نسبة_المساحه":0.022051585468660935,"CreationDate":"2026-04-11T07:54:45Z","Creator":"gpr.gps","EditDate":"2026-04-11T07:54:45Z","Editor":"gpr.gps","GlobalID":"{BD03B25E-C8C7-42A3-9918-AA82B50D4043}","SHAPE_Length":43.521237446936247,"SHAPE_Area":114.66824443703688},"geometry":{"type":"Polygon","coordinates":[[[32.8555836137,25.958966114],[32.8557120761,25.9589504731],[32.8557214908,25.9590321922],[32.8555836137,25.958966114]]]}},
{"type":"Feature","properties":{"سعر_الأرض_2023":null,"سعر_الأرض_2014":null,"نمط_العمران":"اسكان عشوائى","اسم_المحور":"محور قوص","اسم_المحافظة":"محافظة قنا","متوسط_عدد_الادوار_بالعقار":null,"متوسط_عدد_الشقق_بالدور":null,"متوسط_مساحة_الشقق_بالمنطقة":null,"نوع_طبيعة_المنطقة":"قائمة","مساحة_التغير_كم2":0.00011752944628564581,"نسبة_المساحه":0.022601816593393425,"CreationDate":"2026-04-11T07:54:45Z","Creator":"gpr.gps","EditDate":"2026-04-11T07:54:45Z","Editor":"gpr.gps","GlobalID":"{0B03B01A-55C1-4B7A-8135-25298A348A8A}","SHAPE_Length":44.938854459539414,"SHAPE_Area":117.52944628564582},"geometry":{"type":"Polygon","coordinates":[[[32.8568222992,25.958876675],[32.8569029222,25.9588636144],[32.8569318442,25.9589878798],[32.8568222992,25.958876675]]]}},
{"type":"Feature","properties":{"سعر_الأرض_2023":null,"سعر_الأرض_2014":null,"نمط_العمران":"اسكان عشوائى","اسم_المحور":"محور قوص","اسم_المحافظة":"محافظة قنا","متوسط_عدد_الادوار_بالعقار":null,"متوسط_عدد_الشقق_بالدور":null,"متوسط_مساحة_الشقق_بالمنطقة":null,"نوع_طبيعة_المنطقة":"قائمة","مساحة_التغير_كم2":0.0004472954059438108,"نسبة_المساحه":0.086018347296886691,"CreationDate":"2026-04-11T07:54:45Z","Creator":"gpr.gps","EditDate":"2026-04-11T07:54:45Z","Editor":"gpr.gps","GlobalID":"{5BB7A433-DAED-4EA2-98F1-7AD09B75FD41}","SHAPE_Length":85.004807554634993,"SHAPE_Area":447.29540594381081},"geometry":{"type":"Polygon","coordinates":[[[32.8570826663,25.9537499295],[32.8570362902,25.9535434837],[32.8572239659,25.9535090256],[32.8570826663,25.9537499295]]]}},
{"type":"Feature","properties":{"سعر_الأرض_2023":null,"سعر_الأرض_2014":null,"نمط_العمران":null,"اسم_المحور":"محور قوص","اسم_المحافظة":"محافظة قنا","متوسط_عدد_الادوار_بالعقار":null,"متوسط_عدد_الشقق_بالدور":null,"متوسط_مساحة_الشقق_بالمنطقة":null,"نوع_طبيعة_المنطقة":null,"مساحة_التغير_كم2":0.00015687114081716215,"نسبة_المساحه":0.030167527080223491,"CreationDate":"2026-04-11T07:54:45Z","Creator":"gpr.gps","EditDate":"2026-04-11T07:54:45Z","Editor":"gpr.gps","GlobalID":"{60F4199C-622A-4995-B7C9-0DDF1D905914}","SHAPE_Length":50.544223425344583,"SHAPE_Area":156.87114081716214},"geometry":{"type":"Polygon","coordinates":[[[32.7838654669,25.8850216258],[32.7840070266,25.8850266152],[32.7840015641,25.8851259963],[32.7838654669,25.8850216258]]]}},
{"type":"Feature","properties":{"سعر_الأرض_2023":null,"سعر_الأرض_2014":null,"نمط_العمران":null,"اسم_المحور":"محور قوص","اسم_المحافظة":"محافظة قنا","متوسط_عدد_الادوار_بالعقار":null,"متوسط_عدد_الشقق_بالدور":null,"متوسط_مساحة_الشقق_بالمنطقة":null,"نوع_طبيعة_المنطقة":null,"مساحة_التغير_كم2":0.00027933660031734101,"نسبة_المساحه":0.053718576984104038,"CreationDate":"2026-04-11T07:54:45Z","Creator":"gpr.gps","EditDate":"2026-04-11T07:54:45Z","Editor":"gpr.gps","GlobalID":"{6BC2967D-8871-4283-BBA6-43908DE6B1D9}","SHAPE_Length":74.267255387060203,"SHAPE_Area":279.33660031734104},"geometry":{"type":"Polygon","coordinates":[[[32.7866528582,25.882282768],[32.7867518324,25.882321141],[32.7866603132,25.8825432006],[32.7866528582,25.882282768]]]}},
{"type":"Feature","properties":{"سعر_الأرض_2023":null,"سعر_الأرض_2014":null,"نمط_العمران":null,"اسم_المحور":"محور قوص","اسم_المحافظة":"محافظة قنا","متوسط_عدد_الادوار_بالعقار":null,"متوسط_عدد_الشقق_بالدور":null,"متوسط_مساحة_الشقق_بالمنطقة":null,"نوع_طبيعة_المنطقة":null,"مساحة_التغير_كم2":0.0020539689499705178,"نسبة_المساحه":0.39499402884048418,"CreationDate":"2026-04-11T07:54:45Z","Creator":"gpr.gps","EditDate":"2026-04-11T07:54:45Z","Editor":"gpr.gps","GlobalID":"{F278BEF2-B424-47A5-9B63-AF648CC5C044}","SHAPE_Length":271.51931564142359,"SHAPE_Area":2053.9689499705178},"geometry":{"type":"Polygon","coordinates":[[[32.7737678339,25.8934544845],[32.7726677849,25.8938536781],[32.7726070972,25.8936982065],[32.7737678339,25.8934544845]]]}},
{"type":"Feature","properties":{"سعر_الأرض_2023":null,"سعر_الأرض_2014":null,"نمط_العمران":null,"اسم_المحور":"محور قوص","اسم_المحافظة":"محافظة قنا","متوسط_عدد_الادوار_بالعقار":null,"متوسط_عدد_الشقق_بالدور":null,"متوسط_مساحة_الشقق_بالمنطقة":null,"نوع_طبيعة_المنطقة":null,"مساحة_التغير_كم2":0.00033261894960063339,"نسبة_المساحه":0.063965182615506419,"CreationDate":"2026-04-11T07:54:45Z","Creator":"gpr.gps","EditDate":"2026-04-11T07:54:45Z","Editor":"gpr.gps","GlobalID":"{2C43ED10-A65B-4E89-94E8-CEB23E631DFD}","SHAPE_Length":75.919252942173301,"SHAPE_Area":332.61894960063341},"geometry":{"type":"Polygon","coordinates":[[[32.7731759858,25.897937169],[32.7734014081,25.8978576768],[32.7734511823,25.8979731455],[32.7731759858,25.897937169]]]}},
{"type":"Feature","properties":{"سعر_الأرض_2023":null,"سعر_الأرض_2014":null,"نمط_العمران":null,"اسم_المحور":"محور قوص","اسم_المحافظة":"محافظة قنا","متوسط_عدد_الادوار_بالعقار":null,"متوسط_عدد_الشقق_بالدور":null,"متوسط_مساحة_الشقق_بالمنطقة":null,"نوع_طبيعة_المنطقة":null,"مساحة_التغير_كم2":0.00028229453407404144,"نسبة_المساحه":0.054287410398854118,"CreationDate":"2026-04-11T07:54:45Z","Creator":"gpr.gps","EditDate":"2026-04-11T07:54:45Z","Editor":"gpr.gps","GlobalID":"{7577C385-55AD-44AA-83CB-8FE74912E003}","SHAPE_Length":67.948394245688348,"SHAPE_Area":282.29453407404145},"geometry":{"type":"Polygon","coordinates":[[[32.7740991074,25.8991474222],[32.7742775435,25.8990772195],[32.7743352227,25.899197151],[32.7740991074,25.8991474222]]]}},
{"type":"Feature","properties":{"سعر_الأرض_2023":null,"سعر_الأرض_2014":null,"نمط_العمران":null,"اسم_المحور":"محور قوص","اسم_المحافظة":"محافظة قنا","متوسط_عدد_الادوار_بالعقار":null,"متوسط_عدد_الشقق_بالدور":null,"متوسط_مساحة_الشقق_بالمنطقة":null,"نوع_طبيعة_المنطقة":null,"مساحة_التغير_كم2":0.00023028667214165859,"نسبة_المساحه":0.044285898488780492,"CreationDate":"2026-04-11T07:54:45Z","Creator":"gpr.gps","EditDate":"2026-04-11T07:54:45Z","Editor":"gpr.gps","GlobalID":"{2855B3DD-5B1B-49D4-8EDD-0FF4263AD2E3}","SHAPE_Length":60.918544584706353,"SHAPE_Area":230.28667214165858},"geometry":{"type":"Polygon","coordinates":[[[32.747764936,25.8882553175],[32.7476274486,25.8883219758],[32.7475452485,25.8882243536],[32.747764936,25.8882553175]]]}},
{"type":"Feature","properties":{"سعر_الأرض_2023":null,"سعر_الأرض_2014":null,"نمط_العمران":null,"اسم_المحور":"محور قوص","اسم_المحافظة":"محافظة قنا","متوسط_عدد_الادوار_بالعقار":null,"متوسط_عدد_الشقق_بالدور":null,"متوسط_مساحة_الشقق_بالمنطقة":null,"نوع_طبيعة_المنطقة":null,"مساحة_التغير_كم2":0.00028586889074340085,"نسبة_المساحه":0.054974786681423242,"CreationDate":"2026-04-11T07:54:45Z","Creator":"gpr.gps","EditDate":"2026-04-11T07:54:45Z","Editor":"gpr.gps","GlobalID":"{99D45FCC-0408-4CDC-8B54-B63EC708BAD6}","SHAPE_Length":68.798424605338724,"SHAPE_Area":285.86889074340087},"geometry":{"type":"Polygon","coordinates":[[[32.7491916542,25.8874478798],[32.749054613,25.8873042924],[32.7491729865,25.8872301075],[32.7491916542,25.8874478798]]]}},
{"type":"Feature","properties":{"سعر_الأرض_2023":null,"سعر_الأرض_2014":null,"نمط_العمران":null,"اسم_المحور":"محور قوص","اسم_المحافظة":"محافظة قنا","متوسط_عدد_الادوار_بالعقار":null,"متوسط_عدد_الشقق_بالدور":null,"متوسط_مساحة_الشقق_بالمنطقة":null,"نوع_طبيعة_المنطقة":null,"مساحة_التغير_كم2":0.00025542162389706279,"نسبة_المساحه":0.049119543057127457,"CreationDate":"2026-04-11T07:54:45Z","Creator":"gpr.gps","EditDate":"2026-04-11T07:54:45Z","Editor":"gpr.gps","GlobalID":"{2C340FEA-8920-4ECC-9C4D-A91F948ACA61}","SHAPE_Length":64.091755589591259,"SHAPE_Area":255.42162389706277},"geometry":{"type":"Polygon","coordinates":[[[32.8084394812,25.939535215],[32.8085832807,25.9395029127],[32.8086210947,25.9396501348],[32.8084394812,25.939535215]]]}},
{"type":"Feature","properties":{"سعر_الأرض_2023":null,"سعر_الأرض_2014":null,"نمط_العمران":null,"اسم_المحور":"محور قوص","اسم_المحافظة":"محافظة قنا","متوسط_عدد_الادوار_بالعقار":null,"متوسط_عدد_الشقق_بالدور":null,"متوسط_مساحة_الشقق_بالمنطقة":null,"نوع_طبيعة_المنطقة":null,"مساحة_التغير_كم2":0.0010795625712742458,"نسبة_المساحه":0.20760818678350881,"CreationDate":"2026-04-11T07:54:45Z","Creator":"gpr.gps","EditDate":"2026-04-11T07:54:45Z","Editor":"gpr.gps","GlobalID":"{51D519BC-5112-4D0D-8A32-7A54D63355DD}","SHAPE_Length":142.25801447558709,"SHAPE_Area":1079.5625712742458},"geometry":{"type":"Polygon","coordinates":[[[32.7333202942,25.983519796],[32.7335950719,25.9833454171],[32.7338006163,25.9836296261],[32.7333202942,25.983519796]]]}},
{"type":"Feature","properties":{"سعر_الأرض_2023":null,"سعر_الأرض_2014":null,"نمط_العمران":null,"اسم_المحور":"محور قوص","اسم_المحافظة":"محافظة قنا","متوسط_عدد_الادوار_بالعقار":null,"متوسط_عدد_الشقق_بالدور":null,"متوسط_مساحة_الشقق_بالمنطقة":null,"نوع_طبيعة_المنطقة":null,"مساحة_التغير_كم2":0.001334682260386449,"نسبة_المساحه":0.25666966545893249,"CreationDate":"2026-04-11T07:54:45Z","Creator":"gpr.gps","EditDate":"2026-04-11T07:54:45Z","Editor":"gpr.gps","GlobalID":"{14C44300-4771-4CD0-BB24-9548F79D1D67}","SHAPE_Length":157.59619568030439,"SHAPE_Area":1334.6822603864489},"geometry":{"type":"Polygon","coordinates":[[[32.7316235713,25.9839853228],[32.7320977451,25.9837337954],[32.7322073828,25.9839288727],[32.7316235713,25.9839853228]]]}},
{"type":"Feature","properties":{"سعر_الأرض_2023":null,"سعر_الأرض_2014":null,"نمط_العمران":"صناعي","اسم_المحور":"محور قوص","اسم_المحافظة":"محافظة قنا","متوسط_عدد_الادوار_بالعقار":null,"متوسط_عدد_الشقق_بالدور":null,"متوسط_مساحة_الشقق_بالمنطقة":null,"نوع_طبيعة_المنطقة":null,"مساحة_التغير_كم2":0.009853879920630049,"نسبة_المساحه":1.8949769078134708,"CreationDate":"2026-04-11T07:54:45Z","Creator":"gpr.gps","EditDate":"2026-04-11T07:54:45Z","Editor":"gpr.gps","GlobalID":"{65D276BE-0A4C-4D42-9CB6-D75A6254EB14}","SHAPE_Length":720.58388569195404,"SHAPE_Area":9853.8799206300482},"geometry":{"type":"Polygon","coordinates":[[[32.7272976969,25.9734013963],[32.7285618881,25.973182605],[32.7286931334,25.9736145574],[32.7260971478,25.9744177265],[32.7271140945,25.9738120511],[32.7272976969,25.9734013963]]]}},
{"type":"Feature","properties":{"سعر_الأرض_2023":null,"سعر_الأرض_2014":null,"نمط_العمران":"صناعي","اسم_المحور":"محور قوص","اسم_المحافظة":"محافظة قنا","متوسط_عدد_الادوار_بالعقار":null,"متوسط_عدد_الشقق_بالدور":null,"متوسط_مساحة_الشقق_بالمنطقة":null,"نوع_طبيعة_المنطقة":null,"مساحة_التغير_كم2":0.0050637192956263719,"نسبة_المساحه":0.9737921722358408,"CreationDate":"2026-04-11T07:54:45Z","Creator":"gpr.gps","EditDate":"2026-04-11T07:54:45Z","Editor":"gpr.gps","GlobalID":"{1DEC65E5-C51A-4590-80E5-FF64E13BABEA}","SHAPE_Length":464.06361931639179,"SHAPE_Area":5063.7192956263716},"geometry":{"type":"Polygon","coordinates":[[[32.7284432761,25.9730029146],[32.7281442755,25.9731207759],[32.7276194159,25.9723745156],[32.7270880026,25.9724356317],[32.7280396113,25.9722112111],[32.7284432761,25.9730029146]]]}},
{"type":"Feature","properties":{"سعر_الأرض_2023":null,"سعر_الأرض_2014":null,"نمط_العمران":"صناعي","اسم_المحور":"محور قوص","اسم_المحافظة":"محافظة قنا","متوسط_عدد_الادوار_بالعقار":null,"متوسط_عدد_الشقق_بالدور":null,"متوسط_مساحة_الشقق_بالمنطقة":null,"نوع_طبيعة_المنطقة":null,"مساحة_التغير_كم2":0.029322039155680782,"نسبة_المساحه":5.6388536837847658,"CreationDate":"2026-04-11T07:54:45Z","Creator":"gpr.gps","EditDate":"2026-04-11T07:54:45Z","Editor":"gpr.gps","GlobalID":"{F9D4E59D-0466-453C-9B54-171DFF007AA7}","SHAPE_Length":1244.1727961771842,"SHAPE_Area":29322.039155680781},"geometry":{"type":"Polygon","coordinates":[[[32.7256807187,25.9666553581],[32.7255073449,25.9661963127],[32.7249200993,25.966410222],[32.7247566807,25.9661008019],[32.7255075938,25.965842404],[32.7259592854,25.9660552985],[32.72651934,25.9674596992],[32.7231881712,25.968498134],[32.7247749142,25.967675987],[32.7245941282,25.9671775294],[32.7256807187,25.9666553581]]]}},
{"type":"Feature","properties":{"سعر_الأرض_2023":null,"سعر_الأرض_2014":null,"نمط_العمران":"اسكان عشوائى","اسم_المحور":"محور قوص","اسم_المحافظة":"محافظة قنا","متوسط_عدد_الادوار_بالعقار":null,"متوسط_عدد_الشقق_بالدور":null,"متوسط_مساحة_الشقق_بالمنطقة":null,"نوع_طبيعة_المنطقة":"قائمة","مساحة_التغير_كم2":0.05728658586599196,"نسبة_المساحه":11.016651128075377,"CreationDate":"2026-04-11T07:54:45Z","Creator":"gpr.gps","EditDate":"2026-04-11T07:54:45Z","Editor":"gpr.gps","GlobalID":"{86246390-34EE-4507-8583-E4094F21D493}","SHAPE_Length":1363.3870476790319,"SHAPE_Area":57286.585865991961},"geometry":{"type":"Polygon","coordinates":[[[32.7170841883,25.9572053992],[32.7165610192,25.9564910074],[32.7160940579,25.9564466807],[32.721528014,25.9550390968],[32.721861932,25.9558687555],[32.7170841883,25.9572053992]]]}},
{"type":"Feature","properties":{"سعر_الأرض_2023":null,"سعر_الأرض_2014":null,"نمط_العمران":"اسكان عشوائى","اسم_المحور":"محور قوص","اسم_المحافظة":"محافظة قنا","متوسط_عدد_الادوار_بالعقار":3.0,"متوسط_عدد_الشقق_بالدور":2.0,"متوسط_مساحة_الشقق_بالمنطقة":80.0,"نوع_طبيعة_المنطقة":"قائمة","مساحة_التغير_كم2":0.0015263875435174953,"نسبة_المساحه":0.29353606606105681,"CreationDate":"2026-04-11T07:54:45Z","Creator":"gpr.gps","EditDate":"2026-04-11T07:54:45Z","Editor":"gpr.gps","GlobalID":"{525CA108-0CC1-4E11-B9FA-A2B4338850AC}","SHAPE_Length":190.90329213044393,"SHAPE_Area":1526.3875435174953},"geometry":{"type":"Polygon","coordinates":[[[32.7199343637,25.94606944],[32.7206242882,25.9457534928],[32.7207021424,25.94590846],[32.7199343637,25.94606944]]]}},
{"type":"Feature","properties":{"سعر_الأرض_2023":null,"سعر_الأرض_2014":null,"نمط_العمران":null,"اسم_المحور":"محور قوص","اسم_المحافظة":"محافظة قنا","متوسط_عدد_الادوار_بالعقار":null,"متوسط_عدد_الشقق_بالدور":null,"متوسط_مساحة_الشقق_بالمنطقة":null,"نوع_طبيعة_المنطقة":null,"مساحة_التغير_كم2":0.00074419784551746089,"نسبة_المساحه":0.14311497029181938,"CreationDate":"2026-04-11T07:54:45Z","Creator":"gpr.gps","EditDate":"2026-04-11T07:54:45Z","Editor":"gpr.gps","GlobalID":"{E0B89D1C-D10C-48FC-85FF-3A4E01501C64}","SHAPE_Length":135.41607770259651,"SHAPE_Area":744.19784551746091},"geometry":{"type":"Polygon","coordinates":[[[32.7127126766,25.9377055545],[32.7132077476,25.9375326048],[32.7132666579,25.9376474007],[32.7127126766,25.9377055545]]]}},
{"type":"Feature","properties":{"سعر_الأرض_2023":null,"سعر_الأرض_2014":null,"نمط_العمران":"خدمات ","اسم_المحور":"محور قوص","اسم_المحافظة":"محافظة قنا","متوسط_عدد_الادوار_بالعقار":null,"متوسط_عدد_الشقق_بالدور":null,"متوسط_مساحة_الشقق_بالمنطقة":null,"نوع_طبيعة_المنطقة":"قائمة","مساحة_التغير_كم2":0.0049569510361718097,"نسبة_المساحه":0.95325981464842491,"CreationDate":"2026-04-11T07:54:45Z","Creator":"gpr.gps","EditDate":"2026-04-11T07:54:45Z","Editor":"gpr.gps","GlobalID":"{EFBFB5F9-DE66-4D43-87D2-8E3B158C5AD4}","SHAPE_Length":284.26644908748108,"SHAPE_Area":4956.9510361718094},"geometry":{"type":"Polygon","coordinates":[[[32.7093825234,25.9372308765],[32.709249042,25.9367097723],[32.7099103687,25.9364076754],[32.7101546788,25.9369911182],[32.7093825234,25.9372308765]]]}},
{"type":"Feature","properties":{"سعر_الأرض_2023":null,"سعر_الأرض_2014":null,"نمط_العمران":"خدمات ","اسم_المحور":"محور قوص","اسم_المحافظة":"محافظة قنا","متوسط_عدد_الادوار_بالعقار":null,"متوسط_عدد_الشقق_بالدور":null,"متوسط_مساحة_الشقق_بالمنطقة":null,"نوع_طبيعة_المنطقة":null,"مساحة_التغير_كم2":0.0014000014887195894,"نسبة_المساحه":0.26923105552299798,"CreationDate":"2026-04-11T07:54:45Z","Creator":"gpr.gps","EditDate":"2026-04-11T07:54:45Z","Editor":"gpr.gps","GlobalID":"{A4F32401-7A3F-4AD0-B4B3-10A6244C6AE9}","SHAPE_Length":150.56707898104247,"SHAPE_Area":1400.0014887195894},"geometry":{"type":"Polygon","coordinates":[[[32.7271406698,25.9701920224],[32.726776831,25.9703705223],[32.7266058454,25.9700954578],[32.726983372,25.9699357373],[32.7271406698,25.9701920224]]]}},
{"type":"Feature","properties":{"سعر_الأرض_2023":null,"سعر_الأرض_2014":null,"نمط_العمران":"اسكان عشوائى","اسم_المحور":"محور قوص","اسم_المحافظة":"محافظة قنا","متوسط_عدد_الادوار_بالعقار":null,"متوسط_عدد_الشقق_بالدور":null,"متوسط_مساحة_الشقق_بالمنطقة":null,"نوع_طبيعة_المنطقة":"قائمة","مساحة_التغير_كم2":0.025473166610030455,"نسبة_المساحه":4.8986858865443184,"CreationDate":"2026-04-11T07:54:45Z","Creator":"gpr.gps","EditDate":"2026-04-11T07:54:45Z","Editor":"gpr.gps","GlobalID":"{C423ADCE-72C5-4D64-A2EC-6DF7D4E7C45D}","SHAPE_Length":1315.317493476522,"SHAPE_Area":25473.166610030454},"geometry":{"type":"Polygon","coordinates":[[[32.7165197341,25.9541744735],[32.7163935122,25.9539114198],[32.7181818132,25.9531503816],[32.7179716265,25.9526339155],[32.7173274668,25.9529103988],[32.7171183916,25.9524835269],[32.7176403406,25.9522556162],[32.7174805002,25.9519055332],[32.7181205969,25.9516680077],[32.7184629226,25.9524603199],[32.7196908257,25.9519706064],[32.7199340333,25.9522533095],[32.7165197341,25.9541744735]]]}},
{"type":"Feature","properties":{"سعر_الأرض_2023":null,"سعر_الأرض_2014":null,"نمط_العمران":"اسكان عشوائى","اسم_المحور":"محور قوص","اسم_المحافظة":"محافظة قنا","متوسط_عدد_الادوار_بالعقار":3.0,"متوسط_عدد_الشقق_بالدور":2.0,"متوسط_مساحة_الشقق_بالمنطقة":80.0,"نوع_طبيعة_المنطقة":"قائمة","مساحة_التغير_كم2":0.00061391316609444256,"نسبة_المساحه":0.11806022424893126,"CreationDate":"2026-04-11T07:54:45Z","Creator":"gpr.gps","EditDate":"2026-04-11T07:54:45Z","Editor":"gpr.gps","GlobalID":"{671310E6-C080-40F3-80EA-B0001A1477B2}","SHAPE_Length":105.02784387011678,"SHAPE_Area":613.91316609444254},"geometry":{"type":"Polygon","coordinates":[[[32.7162295461,25.9449006468],[32.7163835196,25.9448264069],[32.7165382405,25.9451019399],[32.7162295461,25.9449006468]]]}},
{"type":"Feature","properties":{"سعر_الأرض_2023":null,"سعر_الأرض_2014":null,"نمط_العمران":"اسكان عشوائى","اسم_المحور":"محور قوص","اسم_المحافظة":"محافظة قنا","متوسط_عدد_الادوار_بالعقار":3.0,"متوسط_عدد_الشقق_بالدور":2.0,"متوسط_مساحة_الشقق_بالمنطقة":80.0,"نوع_طبيعة_المنطقة":"قائمة","مساحة_التغير_كم2":0.0015217982455634253,"نسبة_المساحه":0.29265350876219715,"CreationDate":"2026-04-11T07:54:45Z","Creator":"gpr.gps","EditDate":"2026-04-11T07:54:45Z","Editor":"gpr.gps","GlobalID":"{F4C454AF-9154-4216-ACF5-96644C6F3E48}","SHAPE_Length":194.68704758544658,"SHAPE_Area":1521.7982455634253},"geometry":{"type":"Polygon","coordinates":[[[32.7162566169,25.9421741915],[32.7164029248,25.9417683211],[32.7166976334,25.942289734],[32.7162566169,25.9421741915]]]}},
{"type":"Feature","properties":{"سعر_الأرض_2023":null,"سعر_الأرض_2014":null,"نمط_العمران":"اسكان عشوائى","اسم_المحور":"محور قوص","اسم_المحافظة":"محافظة قنا","متوسط_عدد_الادوار_بالعقار":3.0,"متوسط_عدد_الشقق_بالدور":2.0,"متوسط_مساحة_الشقق_بالمنطقة":80.0,"نوع_طبيعة_المنطقة":"قائمة","مساحة_التغير_كم2":0.0010431616765320091,"نسبة_المساحه":0.20060801471769404,"CreationDate":"2026-04-11T07:54:45Z","Creator":"gpr.gps","EditDate":"2026-04-11T07:54:45Z","Editor":"gpr.gps","GlobalID":"{6792906E-FFF6-4631-9688-281086FE9952}","SHAPE_Length":159.463645577563,"SHAPE_Area":1043.1616765320091},"geometry":{"type":"Polygon","coordinates":[[[32.716752833,25.9408651279],[32.7169198786,25.9406260609],[32.7171933271,25.9409763678],[32.7171185122,25.9411009359],[32.716752833,25.9408651279]]]}},
{"type":"Feature","properties":{"سعر_الأرض_2023":null,"سعر_الأرض_2014":null,"نمط_العمران":"اسكان عشوائى","اسم_المحور":"محور قوص","اسم_المحافظة":"محافظة قنا","متوسط_عدد_الادوار_بالعقار":3.0,"متوسط_عدد_الشقق_بالدور":2.0,"متوسط_مساحة_الشقق_بالمنطقة":80.0,"نوع_طبيعة_المنطقة":"قائمة","مساحة_التغير_كم2":0.026674163823748182,"نسبة_المساحه":5.129646889182343,"CreationDate":"2026-04-11T07:54:45Z","Creator":"gpr.gps","EditDate":"2026-04-11T07:54:45Z","Editor":"gpr.gps","GlobalID":"{B5108849-DDD5-4E4C-B338-4E5F0ABB34AC}","SHAPE_Length":1032.8181692446515,"SHAPE_Area":26674.163823748182},"geometry":{"type":"Polygon","coordinates":[[[32.7002971914,25.9217140689],[32.7039887933,25.9208222951],[32.704037019,25.9213474118],[32.7031890207,25.9214823261],[32.7032618295,25.9219133207],[32.7025123839,25.9216647449],[32.7006942884,25.9223092588],[32.7002971914,25.9217140689]]]}},
{"type":"Feature","properties":{"سعر_الأرض_2023":null,"سعر_الأرض_2014":null,"نمط_العمران":"اسكان عشوائى","اسم_المحور":"محور قوص","اسم_المحافظة":"محافظة قنا","متوسط_عدد_الادوار_بالعقار":3.0,"متوسط_عدد_الشقق_بالدور":2.0,"متوسط_مساحة_الشقق_بالمنطقة":80.0,"نوع_طبيعة_المنطقة":"قائمة","مساحة_التغير_كم2":0.00075050124935422703,"نسبة_المساحه":0.14432716333735135,"CreationDate":"2026-04-11T07:54:45Z","Creator":"gpr.gps","EditDate":"2026-04-11T07:54:45Z","Editor":"gpr.gps","GlobalID":"{4FAB638F-6C43-4A88-AA3F-B98D8A99475B}","SHAPE_Length":168.9598558185865,"SHAPE_Area":750.50124935422707},"geometry":{"type":"Polygon","coordinates":[[[32.7031227722,25.9179979982],[32.7035242968,25.9178796707],[32.7036448996,25.9181707375],[32.703434312,25.917996197],[32.7031227722,25.9179979982]]]}},
{"type":"Feature","properties":{"سعر_الأرض_2023":null,"سعر_الأرض_2014":null,"نمط_العمران":"اسكان عشوائى","اسم_المحور":"محور قوص","اسم_المحافظة":"محافظة قنا","متوسط_عدد_الادوار_بالعقار":3.0,"متوسط_عدد_الشقق_بالدور":2.0,"متوسط_مساحة_الشقق_بالمنطقة":80.0,"نوع_طبيعة_المنطقة":"قائمة","مساحة_التغير_كم2":0.0095958927977938067,"نسبة_المساحه":1.8453639995757321,"CreationDate":"2026-04-11T07:54:45Z","Creator":"gpr.gps","EditDate":"2026-04-11T07:54:45Z","Editor":"gpr.gps","GlobalID":"{4CEDFCA6-5E2D-4924-96D3-F00181251239}","SHAPE_Length":416.99768963678866,"SHAPE_Area":9595.8927977938074},"geometry":{"type":"Polygon","coordinates":[[[32.7052135326,25.9182003168],[32.7050309125,25.9173760023],[32.7058416699,25.9171822168],[32.7062676947,25.9179750084],[32.7052135326,25.9182003168]]]}},
{"type":"Feature","properties":{"سعر_الأرض_2023":null,"سعر_الأرض_2014":null,"نمط_العمران":"اسكان عشوائى","اسم_المحور":"محور قوص","اسم_المحافظة":"محافظة قنا","متوسط_عدد_الادوار_بالعقار":3.0,"متوسط_عدد_الشقق_بالدور":2.0,"متوسط_مساحة_الشقق_بالمنطقة":80.0,"نوع_طبيعة_المنطقة":"قائمة","مساحة_التغير_كم2":0.0078670551496856523,"نسبة_المساحه":1.5128952210933946,"CreationDate":"2026-04-11T07:54:45Z","Creator":"gpr.gps","EditDate":"2026-04-11T07:54:45Z","Editor":"gpr.gps","GlobalID":"{0178C96D-A7E6-447C-94B0-6C8E685467F6}","SHAPE_Length":517.82605047011521,"SHAPE_Area":7867.0551496856524},"geometry":{"type":"Polygon","coordinates":[[[32.702988865,25.9165756925],[32.7009958407,25.9169849204],[32.7008933973,25.9167505712],[32.7028368939,25.916073656],[32.702988865,25.9165756925]]]}},
{"type":"Feature","properties":{"سعر_الأرض_2023":null,"سعر_الأرض_2014":null,"نمط_العمران":"اسكان عشوائى","اسم_المحور":"محور قوص","اسم_المحافظة":"محافظة قنا","متوسط_عدد_الادوار_بالعقار":3.0,"متوسط_عدد_الشقق_بالدور":2.0,"متوسط_مساحة_الشقق_بالمنطقة":80.0,"نوع_طبيعة_المنطقة":"قائمة","مساحة_التغير_كم2":0.039816887112342922,"نسبة_المساحه":7.657093675450561,"CreationDate":"2026-04-11T07:54:45Z","Creator":"gpr.gps","EditDate":"2026-04-11T07:54:45Z","Editor":"gpr.gps","GlobalID":"{FC0751E6-44DF-4BC9-8A47-FFFDF82EBB06}","SHAPE_Length":1162.1416809422803,"SHAPE_Area":39816.88711234292},"geometry":{"type":"Polygon","coordinates":[[[32.700875522,25.9159824177],[32.7006904005,25.9155340682],[32.6993640941,25.9157028546],[32.6991812124,25.9152800822],[32.6997727847,25.9149844185],[32.6996451407,25.9144795629],[32.7018824663,25.9142110883],[32.7020290765,25.9145310596],[32.7013634054,25.9147526469],[32.7022547264,25.9148748939],[32.7025306847,25.9154476648],[32.700875522,25.9159824177]]]}},
{"type":"Feature","properties":{"سعر_الأرض_2023":null,"سعر_الأرض_2014":null,"نمط_العمران":"اسكان عشوائى","اسم_المحور":"محور قوص","اسم_المحافظة":"محافظة قنا","متوسط_عدد_الادوار_بالعقار":3.0,"متوسط_عدد_الشقق_بالدور":2.0,"متوسط_مساحة_الشقق_بالمنطقة":80.0,"نوع_طبيعة_المنطقة":"قائمة","مساحة_التغير_كم2":0.0014938855906762305,"نسبة_المساحه":0.28728569051465969,"CreationDate":"2026-04-11T07:54:45Z","Creator":"gpr.gps","EditDate":"2026-04-11T07:54:45Z","Editor":"gpr.gps","GlobalID":"{BA1A1165-7224-4C6F-B7A2-7788FEFD4BE0}","SHAPE_Length":216.61921586644127,"SHAPE_Area":1493.8855906762305},"geometry":{"type":"Polygon","coordinates":[[[32.7022188636,25.9142224196],[32.7029122819,25.9141435657],[32.7026069452,25.9145404969],[32.7022188636,25.9142224196]]]}},
{"type":"Feature","properties":{"سعر_الأرض_2023":null,"سعر_الأرض_2014":null,"نمط_العمران":"اسكان عشوائى","اسم_المحور":"محور قوص","اسم_المحافظة":"محافظة قنا","متوسط_عدد_الادوار_بالعقار":3.0,"متوسط_عدد_الشقق_بالدور":2.0,"متوسط_مساحة_الشقق_بالمنطقة":80.0,"نوع_طبيعة_المنطقة":"قائمة","مساحة_التغير_كم2":0.036979301945616397,"نسبة_المساحه":7.1114042203108454,"CreationDate":"2026-04-11T07:54:45Z","Creator":"gpr.gps","EditDate":"2026-04-11T07:54:45Z","Editor":"gpr.gps","GlobalID":"{5FB5A546-2807-46F1-BDBB-80A22617B1C0}","SHAPE_Length":1216.6120362891461,"SHAPE_Area":36979.301945616397},"geometry":{"type":"Polygon","coordinates":[[[32.7051363448,25.9152692353],[32.7044712155,25.9153338109],[32.7045146221,25.9157257217],[32.7035464317,25.9158078439],[32.7039377753,25.9136595908],[32.7025636746,25.9137977392],[32.7025274141,25.9135085755],[32.7049740039,25.9131776865],[32.7051363448,25.9152692353]]]}},
{"type":"Feature","properties":{"سعر_الأرض_2023":null,"سعر_الأرض_2014":null,"نمط_العمران":"اسكان عشوائى","اسم_المحور":"محور قوص","اسم_المحافظة":"محافظة قنا","متوسط_عدد_الادوار_بالعقار":3.0,"متوسط_عدد_الشقق_بالدور":2.0,"متوسط_مساحة_الشقق_بالمنطقة":80.0,"نوع_طبيعة_المنطقة":"قائمة","مساحة_التغير_كم2":0.00051139373369477276,"نسبة_المساحه":0.098344948787456296,"CreationDate":"2026-04-11T07:54:45Z","Creator":"gpr.gps","EditDate":"2026-04-11T07:54:45Z","Editor":"gpr.gps","GlobalID":"{3AA8A221-AB5F-413C-A7B7-9F24863E3467}","SHAPE_Length":95.475198663602626,"SHAPE_Area":511.39373369477272},"geometry":{"type":"Polygon","coordinates":[[[32.7031146789,25.914582219],[32.7034254665,25.9145398503],[32.7034520408,25.9146889891],[32.7031146789,25.914582219]]]}},
{"type":"Feature","properties":{"سعر_الأرض_2023":null,"سعر_الأرض_2014":null,"نمط_العمران":"اسكان عشوائى","اسم_المحور":"محور قوص","اسم_المحافظة":"محافظة قنا","متوسط_عدد_الادوار_بالعقار":3.0,"متوسط_عدد_الشقق_بالدور":2.0,"متوسط_مساحة_الشقق_بالمنطقة":80.0,"نوع_طبيعة_المنطقة":"قائمة","مساحة_التغير_كم2":0.0056300249504382116,"نسبة_المساحه":1.0826971058535022,"CreationDate":"2026-04-11T07:54:45Z","Creator":"gpr.gps","EditDate":"2026-04-11T07:54:45Z","Editor":"gpr.gps","GlobalID":"{B2D449C2-4CEF-42B7-AA03-61D6D14CFFAC}","SHAPE_Length":426.32981403240251,"SHAPE_Area":5630.0249504382118},"geometry":{"type":"Polygon","coordinates":[[[32.7050172028,25.9138665657],[32.7049977483,25.9135563321],[32.7060134067,25.9133673634],[32.7065067799,25.9140062727],[32.7050172028,25.9138665657]]]}},
{"type":"Feature","properties":{"سعر_الأرض_2023":null,"سعر_الأرض_2014":null,"نمط_العمران":"اسكان عشوائى","اسم_المحور":"محور قوص","اسم_المحافظة":"محافظة قنا","متوسط_عدد_الادوار_بالعقار":3.0,"متوسط_عدد_الشقق_بالدور":2.0,"متوسط_مساحة_الشقق_بالمنطقة":80.0,"نوع_طبيعة_المنطقة":"قائمة","مساحة_التغير_كم2":0.00041920391775140009,"نسبة_المساحه":0.080616138029115395,"CreationDate":"2026-04-11T07:54:45Z","Creator":"gpr.gps","EditDate":"2026-04-11T07:54:45Z","Editor":"gpr.gps","GlobalID":"{59C42357-3EB5-40EC-995B-F91EBB23B62A}","SHAPE_Length":90.175509276578595,"SHAPE_Area":419.20391775140007},"geometry":{"type":"Polygon","coordinates":[[[32.7056435349,25.9129748698],[32.7057696162,25.9129478889],[32.7058759467,25.9132154527],[32.7056435349,25.9129748698]]]}},
{"type":"Feature","properties":{"سعر_الأرض_2023":null,"سعر_الأرض_2014":null,"نمط_العمران":"اسكان اجتماعى شباب","اسم_المحور":"محور قوص","اسم_المحافظة":"محافظة قنا","متوسط_عدد_الادوار_بالعقار":6.0,"متوسط_عدد_الشقق_بالدور":4.0,"متوسط_مساحة_الشقق_بالمنطقة":90.0,"نوع_طبيعة_المنطقة":"قائمة","مساحة_التغير_كم2":0.04183050783905528,"نسبة_المساحه":8.0443284305875533,"CreationDate":"2026-04-11T07:54:45Z","Creator":"gpr.gps","EditDate":"2026-04-11T07:54:45Z","Editor":"gpr.gps","GlobalID":"{2B637DDD-B155-4957-8A73-B65F71C75695}","SHAPE_Length":961.84986611269585,"SHAPE_Area":41830.507839055281},"geometry":{"type":"Polygon","coordinates":[[[32.6973538463,25.9126709758],[32.6978079651,25.9138964287],[32.6968096071,25.9141999508],[32.6959558161,25.9119194871],[32.6979333586,25.9112229048],[32.6983035264,25.9123827083],[32.6973538463,25.9126709758]]]}},
{"type":"Feature","properties":{"سعر_الأرض_2023":null,"سعر_الأرض_2014":null,"نمط_العمران":null,"اسم_المحور":"محور قوص","اسم_المحافظة":"محافظة قنا","متوسط_عدد_الادوار_بالعقار":null,"متوسط_عدد_الشقق_بالدور":null,"متوسط_مساحة_الشقق_بالمنطقة":null,"نوع_طبيعة_المنطقة":null,"مساحة_التغير_كم2":0.00094218162747566772,"نسبة_المساحه":0.18118877451455148,"CreationDate":"2026-04-11T07:54:45Z","Creator":"gpr.gps","EditDate":"2026-04-11T07:54:45Z","Editor":"gpr.gps","GlobalID":"{7734BAC0-B6C5-4499-8156-5C6B3C71EBE7}","SHAPE_Length":136.08546962480457,"SHAPE_Area":942.18162747566771},"geometry":{"type":"Polygon","coordinates":[[[32.7394190786,25.9426189701],[32.7396052139,25.9425715224],[32.7397417019,25.9429903484],[32.7394190786,25.9426189701]]]}},
{"type":"Feature","properties":{"سعر_الأرض_2023":null,"سعر_الأرض_2014":null,"نمط_العمران":"اسكان عشوائى","اسم_المحور":"محور قوص","اسم_المحافظة":"محافظة قنا","متوسط_عدد_الادوار_بالعقار":null,"متوسط_عدد_الشقق_بالدور":null,"متوسط_مساحة_الشقق_بالمنطقة":null,"نوع_طبيعة_المنطقة":null,"مساحة_التغير_كم2":0.00064675708320121878,"نسبة_المساحه":0.12437636215408052,"CreationDate":"2026-04-11T07:54:45Z","Creator":"gpr.gps","EditDate":"2026-04-11T07:54:45Z","Editor":"gpr.gps","GlobalID":"{0247BBB4-8CEE-4724-A341-2DACA11300A5}","SHAPE_Length":110.3939898038376,"SHAPE_Area":646.75708320121873},"geometry":{"type":"Polygon","coordinates":[[[32.7360043337,25.9352840853],[32.7361756509,25.9352413926],[32.7362467771,25.9355760051],[32.7360043337,25.9352840853]]]}},
{"type":"Feature","properties":{"سعر_الأرض_2023":null,"سعر_الأرض_2014":null,"نمط_العمران":"اسكان عشوائى","اسم_المحور":"محور قوص","اسم_المحافظة":"محافظة قنا","متوسط_عدد_الادوار_بالعقار":null,"متوسط_عدد_الشقق_بالدور":null,"متوسط_مساحة_الشقق_بالمنطقة":null,"نوع_طبيعة_المنطقة":null,"مساحة_التغير_كم2":0.00054936019364353723,"نسبة_المساحه":0.10564619108529562,"CreationDate":"2026-04-11T07:54:45Z","Creator":"gpr.gps","EditDate":"2026-04-11T07:54:45Z","Editor":"gpr.gps","GlobalID":"{E35138D9-5695-4851-9BB7-FFF4DF8CD008}","SHAPE_Length":104.25206597557595,"SHAPE_Area":549.36019364353717},"geometry":{"type":"Polygon","coordinates":[[[32.7359491652,25.9342173516],[32.7360839939,25.9341853443],[32.7361375827,25.9344446655],[32.7359491652,25.9342173516]]]}},
{"type":"Feature","properties":{"سعر_الأرض_2023":null,"سعر_الأرض_2014":null,"نمط_العمران":"اسكان عشوائى","اسم_المحور":"محور قوص","اسم_المحافظة":"محافظة قنا","متوسط_عدد_الادوار_بالعقار":null,"متوسط_عدد_الشقق_بالدور":null,"متوسط_مساحة_الشقق_بالمنطقة":null,"نوع_طبيعة_المنطقة":null,"مساحة_التغير_كم2":0.0024165935182392188,"نسبة_المساحه":0.46472952273831125,"CreationDate":"2026-04-11T07:54:45Z","Creator":"gpr.gps","EditDate":"2026-04-11T07:54:45Z","Editor":"gpr.gps","GlobalID":"{7227B4D8-801C-4159-A4C3-A424991116D1}","SHAPE_Length":276.56385362283993,"SHAPE_Area":2416.5935182392186},"geometry":{"type":"Polygon","coordinates":[[[32.7339759495,25.9315280839],[32.7350527775,25.9312416351],[32.7351318757,25.9314711325],[32.7339759495,25.9315280839]]]}},
{"type":"Feature","properties":{"سعر_الأرض_2023":null,"سعر_الأرض_2014":null,"نمط_العمران":"اسكان عشوائى","اسم_المحور":"محور قوص","اسم_المحافظة":"محافظة قنا","متوسط_عدد_الادوار_بالعقار":null,"متوسط_عدد_الشقق_بالدور":null,"متوسط_مساحة_الشقق_بالمنطقة":null,"نوع_طبيعة_المنطقة":null,"مساحة_التغير_كم2":0.00040554848764127045,"نسبة_المساحه":0.077990093777167396,"CreationDate":"2026-04-11T07:54:45Z","Creator":"gpr.gps","EditDate":"2026-04-11T07:54:45Z","Editor":"gpr.gps","GlobalID":"{F1F00D67-29B3-439C-B9DD-8F1CB5C04414}","SHAPE_Length":80.708366354286568,"SHAPE_Area":405.54848764127047},"geometry":{"type":"Polygon","coordinates":[[[32.7349321576,25.9307682908],[32.7348797152,25.9305890076],[32.7350643493,25.9305380221],[32.7349321576,25.9307682908]]]}},
{"type":"Feature","properties":{"سعر_الأرض_2023":null,"سعر_الأرض_2014":null,"نمط_العمران":"اسكان عشوائى","اسم_المحور":"محور قوص","اسم_المحافظة":"محافظة قنا","متوسط_عدد_الادوار_بالعقار":null,"متوسط_عدد_الشقق_بالدور":null,"متوسط_مساحة_الشقق_بالمنطقة":null,"نوع_طبيعة_المنطقة":null,"مساحة_التغير_كم2":0.0018836597374619808,"نسبة_المساحه":0.36224225720422704,"CreationDate":"2026-04-11T07:54:45Z","Creator":"gpr.gps","EditDate":"2026-04-11T07:54:45Z","Editor":"gpr.gps","GlobalID":"{82E79B1A-55F0-4D96-A981-B3721896CA98}","SHAPE_Length":184.65835863343531,"SHAPE_Area":1883.6597374619807},"geometry":{"type":"Polygon","coordinates":[[[32.7411335867,25.9317608923],[32.7409458241,25.9315485557],[32.7414946848,25.9312609461],[32.7411335867,25.9317608923]]]}},
{"type":"Feature","properties":{"سعر_الأرض_2023":null,"سعر_الأرض_2014":null,"نمط_العمران":"اسكان عشوائى","اسم_المحور":"محور قوص","اسم_المحافظة":"محافظة قنا","متوسط_عدد_الادوار_بالعقار":null,"متوسط_عدد_الشقق_بالدور":null,"متوسط_مساحة_الشقق_بالمنطقة":null,"نوع_طبيعة_المنطقة":null,"مساحة_التغير_كم2":0.001321031517420501,"نسبة_المساحه":0.25404452258086563,"CreationDate":"2026-04-11T07:54:45Z","Creator":"gpr.gps","EditDate":"2026-04-11T07:54:45Z","Editor":"gpr.gps","GlobalID":"{E804EE3F-2830-4B94-A3E1-374A85D52914}","SHAPE_Length":206.52811674064995,"SHAPE_Area":1321.0315174205011},"geometry":{"type":"Polygon","coordinates":[[[32.7409385522,25.9303281793],[32.7408622728,25.9302190693],[32.7416167429,25.9298127332],[32.7409385522,25.9303281793]]]}},
{"type":"Feature","properties":{"سعر_الأرض_2023":null,"سعر_الأرض_2014":null,"نمط_العمران":"اسكان عشوائى","اسم_المحور":"محور قوص","اسم_المحافظة":"محافظة قنا","متوسط_عدد_الادوار_بالعقار":null,"متوسط_عدد_الشقق_بالدور":null,"متوسط_مساحة_الشقق_بالمنطقة":null,"نوع_طبيعة_المنطقة":null,"مساحة_التغير_كم2":0.00052747982808128504,"نسبة_المساحه":0.1014384284771702,"CreationDate":"2026-04-11T07:54:45Z","Creator":"gpr.gps","EditDate":"2026-04-11T07:54:45Z","Editor":"gpr.gps","GlobalID":"{AAACD899-32D3-46F4-B205-94B9FFF0C1B3}","SHAPE_Length":99.996445809657871,"SHAPE_Area":527.47982808128506},"geometry":{"type":"Polygon","coordinates":[[[32.7316006321,25.92785628],[32.7315345833,25.9277376683],[32.7318402883,25.9275896575],[32.7316006321,25.92785628]]]}},
{"type":"Feature","properties":{"سعر_الأرض_2023":null,"سعر_الأرض_2014":null,"نمط_العمران":"اسكان عشوائى","اسم_المحور":"محور قوص","اسم_المحافظة":"محافظة قنا","متوسط_عدد_الادوار_بالعقار":null,"متوسط_عدد_الشقق_بالدور":null,"متوسط_مساحة_الشقق_بالمنطقة":null,"نوع_طبيعة_المنطقة":null,"مساحة_التغير_كم2":0.00047043185881582759,"نسبة_المساحه":0.09046766515688992,"CreationDate":"2026-04-11T07:54:45Z","Creator":"gpr.gps","EditDate":"2026-04-11T07:54:45Z","Editor":"gpr.gps","GlobalID":"{23F63AA3-F48A-409B-8C75-7F781B9F1D16}","SHAPE_Length":92.467938563733128,"SHAPE_Area":470.43185881582758},"geometry":{"type":"Polygon","coordinates":[[[32.7361022376,25.9281391095],[32.7362318386,25.9280784217],[32.7363779118,25.9283331336],[32.7361022376,25.9281391095]]]}},
{"type":"Feature","properties":{"سعر_الأرض_2023":null,"سعر_الأرض_2014":null,"نمط_العمران":"اسكان عشوائى","اسم_المحور":"محور قوص","اسم_المحافظة":"محافظة قنا","متوسط_عدد_الادوار_بالعقار":null,"متوسط_عدد_الشقق_بالدور":null,"متوسط_مساحة_الشقق_بالمنطقة":null,"نوع_طبيعة_المنطقة":null,"مساحة_التغير_كم2":0.00015992740736653141,"نسبة_المساحه":0.030755270647409884,"CreationDate":"2026-04-11T07:54:45Z","Creator":"gpr.gps","EditDate":"2026-04-11T07:54:45Z","Editor":"gpr.gps","GlobalID":"{C40807E0-6DE8-4C3C-9068-375F6CC92A3B}","SHAPE_Length":51.159206676723144,"SHAPE_Area":159.92740736653141},"geometry":{"type":"Polygon","coordinates":[[[32.7375000408,25.9284645834],[32.7375541497,25.9285502315],[32.7374351256,25.9286165933],[32.7375000408,25.9284645834]]]}},
{"type":"Feature","properties":{"سعر_الأرض_2023":null,"سعر_الأرض_2014":null,"نمط_العمران":"اسكان عشوائى","اسم_المحور":"محور قوص","اسم_المحافظة":"محافظة قنا","متوسط_عدد_الادوار_بالعقار":null,"متوسط_عدد_الشقق_بالدور":null,"متوسط_مساحة_الشقق_بالمنطقة":null,"نوع_طبيعة_المنطقة":null,"مساحة_التغير_كم2":0.00058410777154160583,"نسبة_المساحه":0.11232841760415496,"CreationDate":"2026-04-11T07:54:45Z","Creator":"gpr.gps","EditDate":"2026-04-11T07:54:45Z","Editor":"gpr.gps","GlobalID":"{F4589895-9754-44E6-B4F3-7B7219CD5637}","SHAPE_Length":102.06442697692563,"SHAPE_Area":584.10777154160587},"geometry":{"type":"Polygon","coordinates":[[[32.7377347255,25.9291035814],[32.7380078019,25.9289215434],[32.7381026304,25.929052641],[32.7377347255,25.9291035814]]]}},
{"type":"Feature","properties":{"سعر_الأرض_2023":null,"سعر_الأرض_2014":null,"نمط_العمران":"اسكان عشوائى","اسم_المحور":"محور قوص","اسم_المحافظة":"محافظة قنا","متوسط_عدد_الادوار_بالعقار":null,"متوسط_عدد_الشقق_بالدور":null,"متوسط_مساحة_الشقق_بالمنطقة":null,"نوع_طبيعة_المنطقة":null,"مساحة_التغير_كم2":0.00059467811021273397,"نسبة_المساحه":0.11436117504091037,"CreationDate":"2026-04-11T07:54:45Z","Creator":"gpr.gps","EditDate":"2026-04-11T07:54:45Z","Editor":"gpr.gps","GlobalID":"{F8857F75-9B49-4222-8653-4356958AF5BE}","SHAPE_Length":107.95953339853284,"SHAPE_Area":594.67811021273394},"geometry":{"type":"Polygon","coordinates":[[[32.7359300368,25.9255931987],[32.7362646387,25.9254241779],[32.7363462645,25.925549757],[32.7359300368,25.9255931987]]]}},
{"type":"Feature","properties":{"سعر_الأرض_2023":null,"سعر_الأرض_2014":null,"نمط_العمران":"اسكان عشوائى","اسم_المحور":"محور قوص","اسم_المحافظة":"محافظة قنا","متوسط_عدد_الادوار_بالعقار":null,"متوسط_عدد_الشقق_بالدور":null,"متوسط_مساحة_الشقق_بالمنطقة":null,"نوع_طبيعة_المنطقة":null,"مساحة_التغير_كم2":0.00052040586218659289,"نسبة_المساحه":0.10007805042049864,"CreationDate":"2026-04-11T07:54:45Z","Creator":"gpr.gps","EditDate":"2026-04-11T07:54:45Z","Editor":"gpr.gps","GlobalID":"{42908E3C-D526-4987-A098-41955D9F631E}","SHAPE_Length":99.618694047991752,"SHAPE_Area":520.40586218659291},"geometry":{"type":"Polygon","coordinates":[[[32.7352601696,25.9250436634],[32.7355656683,25.9248925089],[32.7356367357,25.9250132915],[32.7352601696,25.9250436634]]]}},
{"type":"Feature","properties":{"سعر_الأرض_2023":null,"سعر_الأرض_2014":null,"نمط_العمران":"اسكان عشوائى","اسم_المحور":"محور قوص","اسم_المحافظة":"محافظة قنا","متوسط_عدد_الادوار_بالعقار":null,"متوسط_عدد_الشقق_بالدور":null,"متوسط_مساحة_الشقق_بالمنطقة":null,"نوع_طبيعة_المنطقة":null,"مساحة_التغير_كم2":0.00030630562315501071,"نسبة_المساحه":0.058904927529809747,"CreationDate":"2026-04-11T07:54:45Z","Creator":"gpr.gps","EditDate":"2026-04-11T07:54:45Z","Editor":"gpr.gps","GlobalID":"{19DB97AA-FC7E-4746-B3CA-6984172BCF56}","SHAPE_Length":72.867727908061156,"SHAPE_Area":306.30562315501072},"geometry":{"type":"Polygon","coordinates":[[[32.7348998891,25.9247500488],[32.7348406796,25.9246436225],[32.7350430203,25.9245448425],[32.7348998891,25.9247500488]]]}},
{"type":"Feature","properties":{"سعر_الأرض_2023":null,"سعر_الأرض_2014":null,"نمط_العمران":"اسكان عشوائى","اسم_المحور":"محور قوص","اسم_المحافظة":"محافظة قنا","متوسط_عدد_الادوار_بالعقار":null,"متوسط_عدد_الشقق_بالدور":null,"متوسط_مساحة_الشقق_بالمنطقة":null,"نوع_طبيعة_المنطقة":null,"مساحة_التغير_كم2":0.0018454275616876441,"نسبة_المساحه":0.35488991570916228,"CreationDate":"2026-04-11T07:54:45Z","Creator":"gpr.gps","EditDate":"2026-04-11T07:54:45Z","Editor":"gpr.gps","GlobalID":"{B168351A-DC71-4B29-806E-2F093F190B68}","SHAPE_Length":261.77910679519067,"SHAPE_Area":1845.4275616876441},"geometry":{"type":"Polygon","coordinates":[[[32.7344675917,25.92455675],[32.7343648515,25.9244227685],[32.7353920907,25.9239496824],[32.7344675917,25.92455675]]]}},
{"type":"Feature","properties":{"سعر_الأرض_2023":null,"سعر_الأرض_2014":null,"نمط_العمران":"اسكان عشوائى","اسم_المحور":"محور قوص","اسم_المحافظة":"محافظة قنا","متوسط_عدد_الادوار_بالعقار":null,"متوسط_عدد_الشقق_بالدور":null,"متوسط_مساحة_الشقق_بالمنطقة":null,"نوع_طبيعة_المنطقة":null,"مساحة_التغير_كم2":0.0012148117058438765,"نسبة_المساحه":0.23361763573920702,"CreationDate":"2026-04-11T07:54:45Z","Creator":"gpr.gps","EditDate":"2026-04-11T07:54:45Z","Editor":"gpr.gps","GlobalID":"{0CA6A306-80BA-4AB5-9152-C56BCE521D67}","SHAPE_Length":198.599761574073,"SHAPE_Area":1214.8117058438766},"geometry":{"type":"Polygon","coordinates":[[[32.7350329014,25.9236986118],[32.7351131662,25.9238409134],[32.7344139037,25.9240355454],[32.7350329014,25.9236986118]]]}},
{"type":"Feature","properties":{"سعر_الأرض_2023":null,"سعر_الأرض_2014":null,"نمط_العمران":"اسكان عشوائى","اسم_المحور":"محور قوص","اسم_المحافظة":"محافظة قنا","متوسط_عدد_الادوار_بالعقار":null,"متوسط_عدد_الشقق_بالدور":null,"متوسط_مساحة_الشقق_بالمنطقة":null,"نوع_طبيعة_المنطقة":null,"مساحة_التغير_كم2":0.00070744936037448944,"نسبة_المساحه":0.13604795391817104,"CreationDate":"2026-04-11T07:54:45Z","Creator":"gpr.gps","EditDate":"2026-04-11T07:54:45Z","Editor":"gpr.gps","GlobalID":"{35910AA9-6CE0-436A-8A76-4491E21CE356}","SHAPE_Length":120.91350262865429,"SHAPE_Area":707.4493603744894},"geometry":{"type":"Polygon","coordinates":[[[32.7261163462,25.9274530804],[32.7265406816,25.9273356182],[32.7265680901,25.9274802141],[32.7261163462,25.9274530804]]]}},
{"type":"Feature","properties":{"سعر_الأرض_2023":null,"سعر_الأرض_2014":null,"نمط_العمران":"اسكان عشوائى","اسم_المحور":"محور قوص","اسم_المحافظة":"محافظة قنا","متوسط_عدد_الادوار_بالعقار":null,"متوسط_عدد_الشقق_بالدور":null,"متوسط_مساحة_الشقق_بالمنطقة":null,"نوع_طبيعة_المنطقة":null,"مساحة_التغير_كم2":0.00072455335819972451,"نسبة_المساحه":0.13933718426917777,"CreationDate":"2026-04-11T07:54:45Z","Creator":"gpr.gps","EditDate":"2026-04-11T07:54:45Z","Editor":"gpr.gps","GlobalID":"{13CA8DA6-DD63-4086-8E41-C04AB4F709B3}","SHAPE_Length":108.2937074146095,"SHAPE_Area":724.55335819972447},"geometry":{"type":"Polygon","coordinates":[[[32.7240033858,25.9272802272],[32.7240650949,25.9274978792],[32.7237914588,25.9275726166],[32.7240033858,25.9272802272]]]}},
{"type":"Feature","properties":{"سعر_الأرض_2023":null,"سعر_الأرض_2014":null,"نمط_العمران":"اسكان عشوائى","اسم_المحور":"محور قوص","اسم_المحافظة":"محافظة قنا","متوسط_عدد_الادوار_بالعقار":null,"متوسط_عدد_الشقق_بالدور":null,"متوسط_مساحة_الشقق_بالمنطقة":null,"نوع_طبيعة_المنطقة":null,"مساحة_التغير_كم2":0.00066385308640990956,"نسبة_المساحه":0.12766405507882878,"CreationDate":"2026-04-11T07:54:45Z","Creator":"gpr.gps","EditDate":"2026-04-11T07:54:45Z","Editor":"gpr.gps","GlobalID":"{06146DBD-5EC8-44B1-8B4D-4F38FB5B36DA}","SHAPE_Length":125.53559847206762,"SHAPE_Area":663.85308640990957},"geometry":{"type":"Polygon","coordinates":[[[32.7301623042,25.91770949],[32.7306092148,25.9175227711],[32.7306656031,25.9176331463],[32.7301623042,25.91770949]]]}},
{"type":"Feature","properties":{"سعر_الأرض_2023":null,"سعر_الأرض_2014":null,"نمط_العمران":"اسكان عشوائى","اسم_المحور":"محور قوص","اسم_المحافظة":"محافظة قنا","متوسط_عدد_الادوار_بالعقار":null,"متوسط_عدد_الشقق_بالدور":null,"متوسط_مساحة_الشقق_بالمنطقة":null,"نوع_طبيعة_المنطقة":null,"مساحة_التغير_كم2":0.00075250336164426007,"نسبة_المساحه":0.14471218493158847,"CreationDate":"2026-04-11T07:54:45Z","Creator":"gpr.gps","EditDate":"2026-04-11T07:54:45Z","Editor":"gpr.gps","GlobalID":"{588FBE54-F80C-4938-A316-F5BE71FC745C}","SHAPE_Length":110.64782481406014,"SHAPE_Area":752.50336164426005},"geometry":{"type":"Polygon","coordinates":[[[32.7328426903,25.9183628478],[32.7327589615,25.9181587631],[32.7330493406,25.9180613355],[32.7328426903,25.9183628478]]]}},
{"type":"Feature","properties":{"سعر_الأرض_2023":null,"سعر_الأرض_2014":null,"نمط_العمران":null,"اسم_المحور":"محور قوص","اسم_المحافظة":"محافظة قنا","متوسط_عدد_الادوار_بالعقار":null,"متوسط_عدد_الشقق_بالدور":null,"متوسط_مساحة_الشقق_بالمنطقة":null,"نوع_طبيعة_المنطقة":null,"مساحة_التغير_كم2":0.00043628684991996186,"نسبة_المساحه":0.083901317292300354,"CreationDate":"2026-04-11T07:54:45Z","Creator":"gpr.gps","EditDate":"2026-04-11T07:54:45Z","Editor":"gpr.gps","GlobalID":"{81A6E45E-AD53-441E-AF93-BBDB14BE7DC7}","SHAPE_Length":87.068790861058488,"SHAPE_Area":436.28684991996187},"geometry":{"type":"Polygon","coordinates":[[[32.7693840464,25.9725918496],[32.7694056175,25.9727317428],[32.7691288206,25.9727666146],[32.7693840464,25.9725918496]]]}},
{"type":"Feature","properties":{"سعر_الأرض_2023":null,"سعر_الأرض_2014":null,"نمط_العمران":"اسكان عشوائى","اسم_المحور":"محور قوص","اسم_المحافظة":"محافظة قنا","متوسط_عدد_الادوار_بالعقار":3.0,"متوسط_عدد_الشقق_بالدور":2.0,"متوسط_مساحة_الشقق_بالمنطقة":80.0,"نوع_طبيعة_المنطقة":"قائمة","مساحة_التغير_كم2":0.00067969151781570823,"نسبة_المساحه":0.1307099072722516,"CreationDate":"2026-04-11T07:54:45Z","Creator":"gpr.gps","EditDate":"2026-04-11T07:54:45Z","Editor":"gpr.gps","GlobalID":"{97BB2731-64B6-4027-B650-0AB0BAB8AFE0}","SHAPE_Length":104.35198211768494,"SHAPE_Area":679.69151781570827},"geometry":{"type":"Polygon","coordinates":[[[32.7720403976,25.9668481301],[32.771987556,25.9666261697],[32.7722515491,25.9665748153],[32.7720403976,25.9668481301]]]}},
{"type":"Feature","properties":{"سعر_الأرض_2023":null,"سعر_الأرض_2014":null,"نمط_العمران":"اسكان عشوائى","اسم_المحور":"محور قوص","اسم_المحافظة":"محافظة قنا","متوسط_عدد_الادوار_بالعقار":3.0,"متوسط_عدد_الشقق_بالدور":2.0,"متوسط_مساحة_الشقق_بالمنطقة":80.0,"نوع_طبيعة_المنطقة":"قائمة","مساحة_التغير_كم2":0.00083346687478608986,"نسبة_المساحه":0.16028209130501728,"CreationDate":"2026-04-11T07:54:45Z","Creator":"gpr.gps","EditDate":"2026-04-11T07:54:45Z","Editor":"gpr.gps","GlobalID":"{BE6F5694-80AC-4ECA-8A21-1E17DABD9EF8}","SHAPE_Length":117.5832269512654,"SHAPE_Area":833.46687478608987},"geometry":{"type":"Polygon","coordinates":[[[32.7642628354,25.9637607094],[32.7641824602,25.9635656311],[32.7645092168,25.9634552573],[32.7642628354,25.9637607094]]]}},
{"type":"Feature","properties":{"سعر_الأرض_2023":null,"سعر_الأرض_2014":null,"نمط_العمران":"اسكان عشوائى","اسم_المحور":"محور قوص","اسم_المحافظة":"محافظة قنا","متوسط_عدد_الادوار_بالعقار":3.0,"متوسط_عدد_الشقق_بالدور":2.0,"متوسط_مساحة_الشقق_بالمنطقة":80.0,"نوع_طبيعة_المنطقة":"قائمة","مساحة_التغير_كم2":0.003367060020674413,"نسبة_المساحه":0.64751154243738707,"CreationDate":"2026-04-11T07:54:45Z","Creator":"gpr.gps","EditDate":"2026-04-11T07:54:45Z","Editor":"gpr.gps","GlobalID":"{EF64C470-A4A9-4543-AAA9-071260941E38}","SHAPE_Length":239.82746330189511,"SHAPE_Area":3367.060020674413},"geometry":{"type":"Polygon","coordinates":[[[32.7648783747,25.9609673207],[32.7655665618,25.9607895641],[32.7656726485,25.9611961492],[32.764938717,25.9613768769],[32.7648783747,25.9609673207]]]}},
{"type":"Feature","properties":{"سعر_الأرض_2023":null,"سعر_الأرض_2014":null,"نمط_العمران":"اسكان عشوائى","اسم_المحور":"محور قوص","اسم_المحافظة":"محافظة قنا","متوسط_عدد_الادوار_بالعقار":3.0,"متوسط_عدد_الشقق_بالدور":2.0,"متوسط_مساحة_الشقق_بالمنطقة":80.0,"نوع_طبيعة_المنطقة":"قائمة","مساحة_التغير_كم2":0.00095123173304011307,"نسبة_المساحه":0.18292917943079098,"CreationDate":"2026-04-11T07:54:45Z","Creator":"gpr.gps","EditDate":"2026-04-11T07:54:45Z","Editor":"gpr.gps","GlobalID":"{49856FC2-AECB-438A-A7AD-A9605AEFCEDC}","SHAPE_Length":127.39702275686921,"SHAPE_Area":951.23173304011311},"geometry":{"type":"Polygon","coordinates":[[[32.7664476531,25.9593013937],[32.7663057166,25.9589865127],[32.7665961962,25.9588859271],[32.7664476531,25.9593013937]]]}},
{"type":"Feature","properties":{"سعر_الأرض_2023":null,"سعر_الأرض_2014":null,"نمط_العمران":"اسكان عشوائى","اسم_المحور":"محور قوص","اسم_المحافظة":"محافظة قنا","متوسط_عدد_الادوار_بالعقار":3.0,"متوسط_عدد_الشقق_بالدور":2.0,"متوسط_مساحة_الشقق_بالمنطقة":80.0,"نوع_طبيعة_المنطقة":"قائمة","مساحة_التغير_كم2":0.00099974254123585092,"نسبة_المساحه":0.1922581810068944,"CreationDate":"2026-04-11T07:54:45Z","Creator":"gpr.gps","EditDate":"2026-04-11T07:54:45Z","Editor":"gpr.gps","GlobalID":"{51E9978D-4E5D-4F7E-BF52-3AA9D7DB955E}","SHAPE_Length":163.17639763252492,"SHAPE_Area":999.74254123585092},"geometry":{"type":"Polygon","coordinates":[[[32.7667461393,25.9570629492],[32.7668040084,25.9572016139],[32.7662006837,25.9574337163],[32.7667461393,25.9570629492]]]}},
{"type":"Feature","properties":{"سعر_الأرض_2023":null,"سعر_الأرض_2014":null,"نمط_العمران":"اسكان عشوائى","اسم_المحور":"محور قوص","اسم_المحافظة":"محافظة قنا","متوسط_عدد_الادوار_بالعقار":3.0,"متوسط_عدد_الشقق_بالدور":2.0,"متوسط_مساحة_الشقق_بالمنطقة":80.0,"نوع_طبيعة_المنطقة":"قائمة","مساحة_التغير_كم2":0.00069325340676529572,"نسبة_المساحه":0.13331796283947994,"CreationDate":"2026-04-11T07:54:45Z","Creator":"gpr.gps","EditDate":"2026-04-11T07:54:45Z","Editor":"gpr.gps","GlobalID":"{1C094312-F003-4A13-ACFB-F3654BECE679}","SHAPE_Length":118.70855797057,"SHAPE_Area":693.25340676529572},"geometry":{"type":"Polygon","coordinates":[[[32.7664234597,25.9578656276],[32.766356309,25.9577240339],[32.7667540939,25.9575698582],[32.7664234597,25.9578656276]]]}},
{"type":"Feature","properties":{"سعر_الأرض_2023":null,"سعر_الأرض_2014":null,"نمط_العمران":"اسكان عشوائى","اسم_المحور":"محور قوص","اسم_المحافظة":"محافظة قنا","متوسط_عدد_الادوار_بالعقار":3.0,"متوسط_عدد_الشقق_بالدور":2.0,"متوسط_مساحة_الشقق_بالمنطقة":80.0,"نوع_طبيعة_المنطقة":"قائمة","مساحة_التغير_كم2":0.0014499934559627982,"نسبة_المساحه":0.27884489537746121,"CreationDate":"2026-04-11T07:54:45Z","Creator":"gpr.gps","EditDate":"2026-04-11T07:54:45Z","Editor":"gpr.gps","GlobalID":"{B14B50B7-9481-4E77-B33F-D263C821DFB0}","SHAPE_Length":166.38706045188937,"SHAPE_Area":1449.9934559627982},"geometry":{"type":"Polygon","coordinates":[[[32.7676147935,25.9567470083],[32.7681671555,25.9565791995],[32.7682462395,25.9567919425],[32.7676147935,25.9567470083]]]}},
{"type":"Feature","properties":{"سعر_الأرض_2023":null,"سعر_الأرض_2014":null,"نمط_العمران":"اسكان عشوائى","اسم_المحور":"محور قوص","اسم_المحافظة":"محافظة قنا","متوسط_عدد_الادوار_بالعقار":3.0,"متوسط_عدد_الشقق_بالدور":2.0,"متوسط_مساحة_الشقق_بالمنطقة":80.0,"نوع_طبيعة_المنطقة":"قائمة","مساحة_التغير_كم2":0.0011997909906001779,"نسبة_المساحه":0.23072903665388036,"CreationDate":"2026-04-11T07:54:45Z","Creator":"gpr.gps","EditDate":"2026-04-11T07:54:45Z","Editor":"gpr.gps","GlobalID":"{FB3D64AF-0028-42E8-BDEC-8352459095B4}","SHAPE_Length":180.06322815120333,"SHAPE_Area":1199.7909906001778},"geometry":{"type":"Polygon","coordinates":[[[32.7626330516,25.9578308172],[32.7625774275,25.9576996323],[32.7632703199,25.9574602563],[32.7626330516,25.9578308172]]]}},
{"type":"Feature","properties":{"سعر_الأرض_2023":null,"سعر_الأرض_2014":null,"نمط_العمران":"اسكان عشوائى","اسم_المحور":"محور قوص","اسم_المحافظة":"محافظة قنا","متوسط_عدد_الادوار_بالعقار":3.0,"متوسط_عدد_الشقق_بالدور":2.0,"متوسط_مساحة_الشقق_بالمنطقة":80.0,"نوع_طبيعة_المنطقة":"قائمة","مساحة_التغير_كم2":0.001529664547048559,"نسبة_المساحه":0.29416625904779981,"CreationDate":"2026-04-11T07:54:45Z","Creator":"gpr.gps","EditDate":"2026-04-11T07:54:45Z","Editor":"gpr.gps","GlobalID":"{A54D9796-6E09-4563-9B50-83E70E055932}","SHAPE_Length":180.23801355227548,"SHAPE_Area":1529.6645470485591},"geometry":{"type":"Polygon","coordinates":[[[32.7633384853,25.9554012933],[32.7639179683,25.9550908776],[32.7640334673,25.9552670923],[32.7633384853,25.9554012933]]]}},
{"type":"Feature","properties":{"سعر_الأرض_2023":null,"سعر_الأرض_2014":null,"نمط_العمران":"اسكان عشوائى","اسم_المحور":"محور قوص","اسم_المحافظة":"محافظة قنا","متوسط_عدد_الادوار_بالعقار":3.0,"متوسط_عدد_الشقق_بالدور":2.0,"متوسط_مساحة_الشقق_بالمنطقة":80.0,"نوع_طبيعة_المنطقة":"قائمة","مساحة_التغير_كم2":0.00098502627074127246,"نسبة_المساحه":0.18942812898870623,"CreationDate":"2026-04-11T07:54:45Z","Creator":"gpr.gps","EditDate":"2026-04-11T07:54:45Z","Editor":"gpr.gps","GlobalID":"{FEE97087-D6A5-44DA-8EF9-0596D7F13373}","SHAPE_Length":135.68152511422625,"SHAPE_Area":985.02627074127236},"geometry":{"type":"Polygon","coordinates":[[[32.7625072915,25.9534165388],[32.7622683498,25.953053453],[32.7624490679,25.9529562522],[32.7625072915,25.9534165388]]]}},
{"type":"Feature","properties":{"سعر_الأرض_2023":null,"سعر_الأرض_2014":null,"نمط_العمران":"اسكان عشوائى","اسم_المحور":"محور قوص","اسم_المحافظة":"محافظة قنا","متوسط_عدد_الادوار_بالعقار":3.0,"متوسط_عدد_الشقق_بالدور":2.0,"متوسط_مساحة_الشقق_بالمنطقة":80.0,"نوع_طبيعة_المنطقة":"قائمة","مساحة_التغير_كم2":0.0022759450949280946,"نسبة_المساحه":0.43768174902463358,"CreationDate":"2026-04-11T07:54:45Z","Creator":"gpr.gps","EditDate":"2026-04-11T07:54:45Z","Editor":"gpr.gps","GlobalID":"{C61BDD3A-7269-4550-A8AD-CF4A7BB09743}","SHAPE_Length":191.0228266766791,"SHAPE_Area":2275.9450949280945},"geometry":{"type":"Polygon","coordinates":[[[32.7592299445,25.9459408836],[32.7596354856,25.9456787407],[32.7599003476,25.9460136711],[32.759494806,25.9462758147],[32.7592299445,25.9459408836]]]}},
{"type":"Feature","properties":{"سعر_الأرض_2023":null,"سعر_الأرض_2014":null,"نمط_العمران":"اسكان عشوائى","اسم_المحور":"محور قوص","اسم_المحافظة":"محافظة قنا","متوسط_عدد_الادوار_بالعقار":3.0,"متوسط_عدد_الشقق_بالدور":2.0,"متوسط_مساحة_الشقق_بالمنطقة":80.0,"نوع_طبيعة_المنطقة":"قائمة","مساحة_التغير_كم2":0.0079712680448056194,"نسبة_المساحه":1.532936162462619,"CreationDate":"2026-04-11T07:54:45Z","Creator":"gpr.gps","EditDate":"2026-04-11T07:54:45Z","Editor":"gpr.gps","GlobalID":"{23B03BD4-9DA2-4314-941C-264E2E7F7902}","SHAPE_Length":357.78866443029369,"SHAPE_Area":7971.2680448056199},"geometry":{"type":"Polygon","coordinates":[[[32.7550190757,25.9442242827],[32.7546289773,25.944917192],[32.7539305448,25.9443479899],[32.7545139476,25.943768429],[32.7550190757,25.9442242827]]]}},
{"type":"Feature","properties":{"سعر_الأرض_2023":null,"سعر_الأرض_2014":null,"نمط_العمران":"اسكان عشوائى","اسم_المحور":"محور قوص","اسم_المحافظة":"محافظة قنا","متوسط_عدد_الادوار_بالعقار":3.0,"متوسط_عدد_الشقق_بالدور":2.0,"متوسط_مساحة_الشقق_بالمنطقة":80.0,"نوع_طبيعة_المنطقة":"قائمة","مساحة_التغير_كم2":0.00077655003783676539,"نسبة_المساحه":0.1493365457378395,"CreationDate":"2026-04-11T07:54:45Z","Creator":"gpr.gps","EditDate":"2026-04-11T07:54:45Z","Editor":"gpr.gps","GlobalID":"{1F507208-1314-42C5-9541-483A3E8FDDCB}","SHAPE_Length":120.31512107619612,"SHAPE_Area":776.55003783676534},"geometry":{"type":"Polygon","coordinates":[[[32.7544483452,25.9429694398],[32.7541486876,25.94270471],[32.7542881069,25.9425848473],[32.7544483452,25.9429694398]]]}},
{"type":"Feature","properties":{"سعر_الأرض_2023":null,"سعر_الأرض_2014":null,"نمط_العمران":"اسكان عشوائى","اسم_المحور":"محور قوص","اسم_المحافظة":"محافظة قنا","متوسط_عدد_الادوار_بالعقار":3.0,"متوسط_عدد_الشقق_بالدور":2.0,"متوسط_مساحة_الشقق_بالمنطقة":80.0,"نوع_طبيعة_المنطقة":"قائمة","مساحة_التغير_كم2":0.00089622431876900527,"نسبة_المساحه":0.172350830532501,"CreationDate":"2026-04-11T07:54:45Z","Creator":"gpr.gps","EditDate":"2026-04-11T07:54:45Z","Editor":"gpr.gps","GlobalID":"{DD7C2F99-40E1-4D39-962C-13A2CCEAEA71}","SHAPE_Length":151.52082967049921,"SHAPE_Area":896.22431876900532},"geometry":{"type":"Polygon","coordinates":[[[32.749424467,25.9405522244],[32.7499166494,25.9402262374],[32.7500032339,25.9403331047],[32.749424467,25.9405522244]]]}},
{"type":"Feature","properties":{"سعر_الأرض_2023":null,"سعر_الأرض_2014":null,"نمط_العمران":"اسكان عشوائى","اسم_المحور":"محور قوص","اسم_المحافظة":"محافظة قنا","متوسط_عدد_الادوار_بالعقار":3.0,"متوسط_عدد_الشقق_بالدور":2.0,"متوسط_مساحة_الشقق_بالمنطقة":80.0,"نوع_طبيعة_المنطقة":"قائمة","مساحة_التغير_كم2":0.0012695493751893959,"نسبة_المساحه":0.24414411061334532,"CreationDate":"2026-04-11T07:54:45Z","Creator":"gpr.gps","EditDate":"2026-04-11T07:54:45Z","Editor":"gpr.gps","GlobalID":"{F1E6C0B1-058E-48BC-9454-E02F2C6BDDCD}","SHAPE_Length":150.86542555297373,"SHAPE_Area":1269.549375189396},"geometry":{"type":"Polygon","coordinates":[[[32.7492743231,25.9402394241],[32.7494341401,25.9404169365],[32.7490462136,25.9407024472],[32.7492743231,25.9402394241]]]}},
{"type":"Feature","properties":{"سعر_الأرض_2023":null,"سعر_الأرض_2014":null,"نمط_العمران":"اسكان عشوائى","اسم_المحور":"محور قوص","اسم_المحافظة":"محافظة قنا","متوسط_عدد_الادوار_بالعقار":3.0,"متوسط_عدد_الشقق_بالدور":2.0,"متوسط_مساحة_الشقق_بالمنطقة":80.0,"نوع_طبيعة_المنطقة":"قائمة","مساحة_التغير_كم2":0.0004497997188401285,"نسبة_المساحه":0.086499945930793937,"CreationDate":"2026-04-11T07:54:45Z","Creator":"gpr.gps","EditDate":"2026-04-11T07:54:45Z","Editor":"gpr.gps","GlobalID":"{3BD93E28-28E6-4604-BD8D-15355AE1C5E4}","SHAPE_Length":91.410923722264783,"SHAPE_Area":449.79971884012849},"geometry":{"type":"Polygon","coordinates":[[[32.7478907707,25.9411664622],[32.7479811749,25.9412669045],[32.7477382165,25.9414456687],[32.7478907707,25.9411664622]]]}},
{"type":"Feature","properties":{"سعر_الأرض_2023":null,"سعر_الأرض_2014":null,"نمط_العمران":"اسكان عشوائى","اسم_المحور":"محور قوص","اسم_المحافظة":"محافظة قنا","متوسط_عدد_الادوار_بالعقار":3.0,"متوسط_عدد_الشقق_بالدور":2.0,"متوسط_مساحة_الشقق_بالمنطقة":80.0,"نوع_طبيعة_المنطقة":"قائمة","مساحة_التغير_كم2":0.0019536654666691975,"نسبة_المساحه":0.37570489743638413,"CreationDate":"2026-04-11T07:54:45Z","Creator":"gpr.gps","EditDate":"2026-04-11T07:54:45Z","Editor":"gpr.gps","GlobalID":"{B53B1504-9ABC-4F03-BDDC-5912EA5A361C}","SHAPE_Length":178.72790822737252,"SHAPE_Area":1953.6654666691975},"geometry":{"type":"Polygon","coordinates":[[[32.7503958951,25.936864],[32.7506403797,25.937127942],[32.7502481822,25.9374249384],[32.7500035504,25.9371608366],[32.7503958951,25.936864]]]}},
{"type":"Feature","properties":{"سعر_الأرض_2023":null,"سعر_الأرض_2014":null,"نمط_العمران":"اسكان عشوائى","اسم_المحور":"محور قوص","اسم_المحافظة":"محافظة قنا","متوسط_عدد_الادوار_بالعقار":3.0,"متوسط_عدد_الشقق_بالدور":2.0,"متوسط_مساحة_الشقق_بالمنطقة":80.0,"نوع_طبيعة_المنطقة":"قائمة","مساحة_التغير_كم2":0.0017617398021885276,"نسبة_المساحه":0.33879611580548608,"CreationDate":"2026-04-11T07:54:45Z","Creator":"gpr.gps","EditDate":"2026-04-11T07:54:45Z","Editor":"gpr.gps","GlobalID":"{60BA7B01-95E5-4B34-B396-1DAAA5E6EA5E}","SHAPE_Length":167.91364701206712,"SHAPE_Area":1761.7398021885276},"geometry":{"type":"Polygon","coordinates":[[[32.7634458706,25.9305153887],[32.7638104312,25.9303280243],[32.7640136648,25.9306572749],[32.7634458706,25.9305153887]]]}},
{"type":"Feature","properties":{"سعر_الأرض_2023":null,"سعر_الأرض_2014":null,"نمط_العمران":"اسكان عشوائى","اسم_المحور":"محور قوص","اسم_المحافظة":"محافظة قنا","متوسط_عدد_الادوار_بالعقار":3.0,"متوسط_عدد_الشقق_بالدور":2.0,"متوسط_مساحة_الشقق_بالمنطقة":80.0,"نوع_طبيعة_المنطقة":"قائمة","مساحة_التغير_كم2":0.0029452274967916772,"نسبة_المساحه":0.5663899032291686,"CreationDate":"2026-04-11T07:54:45Z","Creator":"gpr.gps","EditDate":"2026-04-11T07:54:45Z","Editor":"gpr.gps","GlobalID":"{E31F14C8-5F6A-41AE-B2FF-08C5403E097F}","SHAPE_Length":217.78363165709231,"SHAPE_Area":2945.2274967916774},"geometry":{"type":"Polygon","coordinates":[[[32.7607506702,25.9326402804],[32.7604281915,25.9322989647],[32.7608914268,25.931998088],[32.7612124988,25.9323687782],[32.7607506702,25.9326402804]]]}},
{"type":"Feature","properties":{"سعر_الأرض_2023":null,"سعر_الأرض_2014":null,"نمط_العمران":"اسكان عشوائى","اسم_المحور":"محور قوص","اسم_المحافظة":"محافظة قنا","متوسط_عدد_الادوار_بالعقار":3.0,"متوسط_عدد_الشقق_بالدور":2.0,"متوسط_مساحة_الشقق_بالمنطقة":80.0,"نوع_طبيعة_المنطقة":"قائمة","مساحة_التغير_كم2":0.00061307875923508027,"نسبة_المساحه":0.11789976139136159,"CreationDate":"2026-04-11T07:54:45Z","Creator":"gpr.gps","EditDate":"2026-04-11T07:54:45Z","Editor":"gpr.gps","GlobalID":"{740EBC57-BB72-4F7B-919E-6B9ABEC88D70}","SHAPE_Length":104.29628971559777,"SHAPE_Area":613.07875923508027},"geometry":{"type":"Polygon","coordinates":[[[32.7604052533,25.9307885429],[32.7605038115,25.9309234201],[32.7602192458,25.9310934349],[32.7604052533,25.9307885429]]]}},
{"type":"Feature","properties":{"سعر_الأرض_2023":null,"سعر_الأرض_2014":null,"نمط_العمران":"اسكان عشوائى","اسم_المحور":"محور قوص","اسم_المحافظة":"محافظة قنا","متوسط_عدد_الادوار_بالعقار":3.0,"متوسط_عدد_الشقق_بالدور":2.0,"متوسط_مساحة_الشقق_بالمنطقة":80.0,"نوع_طبيعة_المنطقة":"قائمة","مساحة_التغير_كم2":0.00055360774194835444,"نسبة_المساحه":0.10646302729776046,"CreationDate":"2026-04-11T07:54:45Z","Creator":"gpr.gps","EditDate":"2026-04-11T07:54:45Z","Editor":"gpr.gps","GlobalID":"{71791D71-AA3E-4629-9352-9F354835CE3F}","SHAPE_Length":110.79477218884632,"SHAPE_Area":553.60774194835449},"geometry":{"type":"Polygon","coordinates":[[[32.7607839759,25.9316943129],[32.7607159235,25.9316058258],[32.7610563117,25.9313743598],[32.7607839759,25.9316943129]]]}},
{"type":"Feature","properties":{"سعر_الأرض_2023":null,"سعر_الأرض_2014":null,"نمط_العمران":"اسكان عشوائى","اسم_المحور":"محور قوص","اسم_المحافظة":"محافظة قنا","متوسط_عدد_الادوار_بالعقار":3.0,"متوسط_عدد_الشقق_بالدور":2.0,"متوسط_مساحة_الشقق_بالمنطقة":80.0,"نوع_طبيعة_المنطقة":"قائمة","مساحة_التغير_كم2":0.00071170772903884363,"نسبة_المساحه":0.13686687096900838,"CreationDate":"2026-04-11T07:54:45Z","Creator":"gpr.gps","EditDate":"2026-04-11T07:54:45Z","Editor":"gpr.gps","GlobalID":"{06E92A74-5EDC-4B1C-9EE3-875B887DC319}","SHAPE_Length":129.0081343199351,"SHAPE_Area":711.70772903884358},"geometry":{"type":"Polygon","coordinates":[[[32.7606436417,25.9314175595],[32.7606474389,25.9311726767],[32.7608619374,25.9310350414],[32.760986016,25.9311969021],[32.7606436417,25.9314175595]]]}},
{"type":"Feature","properties":{"سعر_الأرض_2023":null,"سعر_الأرض_2014":null,"نمط_العمران":"اسكان عشوائى","اسم_المحور":"محور قوص","اسم_المحافظة":"محافظة قنا","متوسط_عدد_الادوار_بالعقار":3.0,"متوسط_عدد_الشقق_بالدور":2.0,"متوسط_مساحة_الشقق_بالمنطقة":80.0,"نوع_طبيعة_المنطقة":"قائمة","مساحة_التغير_كم2":0.00027796648240434221,"نسبة_المساحه":0.053455092770065805,"CreationDate":"2026-04-11T07:54:45Z","Creator":"gpr.gps","EditDate":"2026-04-11T07:54:45Z","Editor":"gpr.gps","GlobalID":"{77863439-E077-4F4A-99A0-D2F5E6961D37}","SHAPE_Length":69.870501898680644,"SHAPE_Area":277.96648240434223},"geometry":{"type":"Polygon","coordinates":[[[32.7614859429,25.9342657766],[32.7613014557,25.9343758533],[32.7612254854,25.9342890719],[32.7614859429,25.9342657766]]]}},
{"type":"Feature","properties":{"سعر_الأرض_2023":null,"سعر_الأرض_2014":null,"نمط_العمران":"اسكان عشوائى","اسم_المحور":"محور قوص","اسم_المحافظة":"محافظة قنا","متوسط_عدد_الادوار_بالعقار":3.0,"متوسط_عدد_الشقق_بالدور":2.0,"متوسط_مساحة_الشقق_بالمنطقة":80.0,"نوع_طبيعة_المنطقة":"قائمة","مساحة_التغير_كم2":0.00033559152346670997,"نسبة_المساحه":0.064536831435905759,"CreationDate":"2026-04-11T07:54:45Z","Creator":"gpr.gps","EditDate":"2026-04-11T07:54:45Z","Editor":"gpr.gps","GlobalID":"{8B3FE6D7-014F-48E8-AD4F-9411D557E80A}","SHAPE_Length":84.17943270950127,"SHAPE_Area":335.59152346670999},"geometry":{"type":"Polygon","coordinates":[[[32.7618674017,25.9338045638],[32.7621225617,25.9336396997],[32.7621846095,25.9337182127],[32.7618674017,25.9338045638]]]}},
{"type":"Feature","properties":{"سعر_الأرض_2023":null,"سعر_الأرض_2014":null,"نمط_العمران":"اسكان عشوائى","اسم_المحور":"محور قوص","اسم_المحافظة":"محافظة قنا","متوسط_عدد_الادوار_بالعقار":3.0,"متوسط_عدد_الشقق_بالدور":2.0,"متوسط_مساحة_الشقق_بالمنطقة":80.0,"نوع_طبيعة_المنطقة":"قائمة","مساحة_التغير_كم2":0.0030957904662166809,"نسبة_المساحه":0.59534432042628471,"CreationDate":"2026-04-11T07:54:45Z","Creator":"gpr.gps","EditDate":"2026-04-11T07:54:45Z","Editor":"gpr.gps","GlobalID":"{744D5445-7747-45DE-9458-BFDD2874B331}","SHAPE_Length":258.61787546775417,"SHAPE_Area":3095.7904662166807},"geometry":{"type":"Polygon","coordinates":[[[32.7624452267,25.9341558506],[32.7620471159,25.9338754358],[32.7626512014,25.9334832009],[32.762935682,25.9338414076],[32.7624452267,25.9341558506]]]}},
{"type":"Feature","properties":{"سعر_الأرض_2023":null,"سعر_الأرض_2014":null,"نمط_العمران":"اسكان عشوائى","اسم_المحور":"محور قوص","اسم_المحافظة":"محافظة قنا","متوسط_عدد_الادوار_بالعقار":3.0,"متوسط_عدد_الشقق_بالدور":2.0,"متوسط_مساحة_الشقق_بالمنطقة":80.0,"نوع_طبيعة_المنطقة":"قائمة","مساحة_التغير_كم2":0.00063079678181284253,"نسبة_المساحه":0.12130707342554663,"CreationDate":"2026-04-11T07:54:45Z","Creator":"gpr.gps","EditDate":"2026-04-11T07:54:45Z","Editor":"gpr.gps","GlobalID":"{8199722B-DE71-4EE9-9B81-8FDF8D52C373}","SHAPE_Length":143.3064743050162,"SHAPE_Area":630.79678181284248},"geometry":{"type":"Polygon","coordinates":[[[32.7630963758,25.9340384553],[32.7626133467,25.9343755471],[32.762552502,25.9343083156],[32.7630963758,25.9340384553]]]}},
{"type":"Feature","properties":{"سعر_الأرض_2023":null,"سعر_الأرض_2014":null,"نمط_العمران":"اسكان عشوائى","اسم_المحور":"محور قوص","اسم_المحافظة":"محافظة قنا","متوسط_عدد_الادوار_بالعقار":3.0,"متوسط_عدد_الشقق_بالدور":2.0,"متوسط_مساحة_الشقق_بالمنطقة":80.0,"نوع_طبيعة_المنطقة":"قائمة","مساحة_التغير_كم2":0.00042788399172848096,"نسبة_المساحه":0.082285383024707878,"CreationDate":"2026-04-11T07:54:45Z","Creator":"gpr.gps","EditDate":"2026-04-11T07:54:45Z","Editor":"gpr.gps","GlobalID":"{F73C6683-9D12-4A48-9F36-AEA70D84C295}","SHAPE_Length":85.920681887677929,"SHAPE_Area":427.88399172848096},"geometry":{"type":"Polygon","coordinates":[[[32.7621684881,25.9350702169],[32.7623794121,25.9349144578],[32.7624785346,25.9350241972],[32.7621684881,25.9350702169]]]}},
{"type":"Feature","properties":{"سعر_الأرض_2023":null,"سعر_الأرض_2014":null,"نمط_العمران":"اسكان عشوائى","اسم_المحور":"محور قوص","اسم_المحافظة":"محافظة قنا","متوسط_عدد_الادوار_بالعقار":3.0,"متوسط_عدد_الشقق_بالدور":2.0,"متوسط_مساحة_الشقق_بالمنطقة":80.0,"نوع_طبيعة_المنطقة":"قائمة","مساحة_التغير_كم2":0.00032138930111812332,"نسبة_المساحه":0.061805634830408331,"CreationDate":"2026-04-11T07:54:45Z","Creator":"gpr.gps","EditDate":"2026-04-11T07:54:45Z","Editor":"gpr.gps","GlobalID":"{39E7BF33-CB08-4B64-A783-2124AA5D9E21}","SHAPE_Length":75.177703479844382,"SHAPE_Area":321.38930111812334},"geometry":{"type":"Polygon","coordinates":[[[32.7631096545,25.9347722779],[32.763195851,25.934865954],[32.7630052065,25.9350015666],[32.7631096545,25.9347722779]]]}},
{"type":"Feature","properties":{"سعر_الأرض_2023":null,"سعر_الأرض_2014":null,"نمط_العمران":"اسكان عشوائى","اسم_المحور":"محور قوص","اسم_المحافظة":"محافظة قنا","متوسط_عدد_الادوار_بالعقار":3.0,"متوسط_عدد_الشقق_بالدور":2.0,"متوسط_مساحة_الشقق_بالمنطقة":80.0,"نوع_طبيعة_المنطقة":"قائمة","مساحة_التغير_كم2":0.00062346450682967275,"نسبة_المساحه":0.11989702054416784,"CreationDate":"2026-04-11T07:54:45Z","Creator":"gpr.gps","EditDate":"2026-04-11T07:54:45Z","Editor":"gpr.gps","GlobalID":"{C5D606CB-4767-4933-ACAD-FB67734E92BD}","SHAPE_Length":100.56163297649542,"SHAPE_Area":623.4645068296727},"geometry":{"type":"Polygon","coordinates":[[[32.7630251504,25.9342220547],[32.7631685811,25.934375057],[32.7629547497,25.9345389422],[32.7630251504,25.9342220547]]]}},
{"type":"Feature","properties":{"سعر_الأرض_2023":null,"سعر_الأرض_2014":null,"نمط_العمران":"اسكان عشوائى","اسم_المحور":"محور قوص","اسم_المحافظة":"محافظة قنا","متوسط_عدد_الادوار_بالعقار":3.0,"متوسط_عدد_الشقق_بالدور":2.0,"متوسط_مساحة_الشقق_بالمنطقة":80.0,"نوع_طبيعة_المنطقة":"قائمة","مساحة_التغير_كم2":0.00052114760060914371,"نسبة_المساحه":0.10022069242483533,"CreationDate":"2026-04-11T07:54:45Z","Creator":"gpr.gps","EditDate":"2026-04-11T07:54:45Z","Editor":"gpr.gps","GlobalID":"{145F7673-76BE-428D-A9FA-A63950AA3C5B}","SHAPE_Length":97.462601888288646,"SHAPE_Area":521.14760060914375},"geometry":{"type":"Polygon","coordinates":[[[32.7639771579,25.9333569888],[32.7640802606,25.9334655715],[32.7638311086,25.9336589932],[32.7639771579,25.9333569888]]]}},
{"type":"Feature","properties":{"سعر_الأرض_2023":null,"سعر_الأرض_2014":null,"نمط_العمران":"اسكان عشوائى","اسم_المحور":"محور قوص","اسم_المحافظة":"محافظة قنا","متوسط_عدد_الادوار_بالعقار":3.0,"متوسط_عدد_الشقق_بالدور":2.0,"متوسط_مساحة_الشقق_بالمنطقة":80.0,"نوع_طبيعة_المنطقة":"قائمة","مساحة_التغير_كم2":0.0015720846847053914,"نسبة_المساحه":0.30232397782795989,"CreationDate":"2026-04-11T07:54:45Z","Creator":"gpr.gps","EditDate":"2026-04-11T07:54:45Z","Editor":"gpr.gps","GlobalID":"{AE00C061-BBED-4B27-818A-B605754343CA}","SHAPE_Length":170.11327350847074,"SHAPE_Area":1572.0846847053915},"geometry":{"type":"Polygon","coordinates":[[[32.7633746758,25.9362906423],[32.7632053897,25.936099165],[32.7636571195,25.9357726548],[32.7633746758,25.9362906423]]]}},
{"type":"Feature","properties":{"سعر_الأرض_2023":null,"سعر_الأرض_2014":null,"نمط_العمران":"اسكان عشوائى","اسم_المحور":"محور قوص","اسم_المحافظة":"محافظة قنا","متوسط_عدد_الادوار_بالعقار":3.0,"متوسط_عدد_الشقق_بالدور":2.0,"متوسط_مساحة_الشقق_بالمنطقة":80.0,"نوع_طبيعة_المنطقة":"قائمة","مساحة_التغير_كم2":0.00096833038069853638,"نسبة_المساحه":0.18621738090356468,"CreationDate":"2026-04-11T07:54:45Z","Creator":"gpr.gps","EditDate":"2026-04-11T07:54:45Z","Editor":"gpr.gps","GlobalID":"{A708F30D-5EA4-4A8D-A787-9DA3C52BE2E4}","SHAPE_Length":150.85034129075817,"SHAPE_Area":968.33038069853637},"geometry":{"type":"Polygon","coordinates":[[[32.7639052684,25.9365709009],[32.763571834,25.9368296487],[32.7634599255,25.9367115501],[32.7637035421,25.9363477848],[32.7639052684,25.9365709009]]]}},
{"type":"Feature","properties":{"سعر_الأرض_2023":null,"سعر_الأرض_2014":null,"نمط_العمران":"اسكان عشوائى","اسم_المحور":"محور قوص","اسم_المحافظة":"محافظة قنا","متوسط_عدد_الادوار_بالعقار":3.0,"متوسط_عدد_الشقق_بالدور":2.0,"متوسط_مساحة_الشقق_بالمنطقة":80.0,"نوع_طبيعة_المنطقة":"قائمة","مساحة_التغير_كم2":0.00063863323230600331,"نسبة_المساحه":0.12281408313576986,"CreationDate":"2026-04-11T07:54:45Z","Creator":"gpr.gps","EditDate":"2026-04-11T07:54:45Z","Editor":"gpr.gps","GlobalID":"{B0DD6547-1AB2-4C38-A2A5-022B8D6BDD7F}","SHAPE_Length":114.46849558679594,"SHAPE_Area":638.63323230600326},"geometry":{"type":"Polygon","coordinates":[[[32.7646444577,25.93615571],[32.7647382923,25.936263477],[32.7644083745,25.9364983304],[32.7646444577,25.93615571]]]}},
{"type":"Feature","properties":{"سعر_الأرض_2023":null,"سعر_الأرض_2014":null,"نمط_العمران":"اسكان عشوائى","اسم_المحور":"محور قوص","اسم_المحافظة":"محافظة قنا","متوسط_عدد_الادوار_بالعقار":3.0,"متوسط_عدد_الشقق_بالدور":2.0,"متوسط_مساحة_الشقق_بالمنطقة":80.0,"نوع_طبيعة_المنطقة":"قائمة","مساحة_التغير_كم2":0.00046100090194937016,"نسبة_المساحه":0.088654019605648102,"CreationDate":"2026-04-11T07:54:45Z","Creator":"gpr.gps","EditDate":"2026-04-11T07:54:45Z","Editor":"gpr.gps","GlobalID":"{010B11D6-0B56-49EA-8C56-E494F82C59C4}","SHAPE_Length":90.063092493568433,"SHAPE_Area":461.00090194937013},"geometry":{"type":"Polygon","coordinates":[[[32.7645214515,25.93706083],[32.7643113277,25.9368665994],[32.7644365934,25.9367724172],[32.7645214515,25.93706083]]]}},
{"type":"Feature","properties":{"سعر_الأرض_2023":null,"سعر_الأرض_2014":null,"نمط_العمران":"اسكان عشوائى","اسم_المحور":"محور قوص","اسم_المحافظة":"محافظة قنا","متوسط_عدد_الادوار_بالعقار":3.0,"متوسط_عدد_الشقق_بالدور":2.0,"متوسط_مساحة_الشقق_بالمنطقة":80.0,"نوع_طبيعة_المنطقة":"قائمة","مساحة_التغير_كم2":0.0017713127366241806,"نسبة_المساحه":0.34063706473541938,"CreationDate":"2026-04-11T07:54:45Z","Creator":"gpr.gps","EditDate":"2026-04-11T07:54:45Z","Editor":"gpr.gps","GlobalID":"{E0BE033E-6CF5-4F8B-8FFB-0DF36FD923CE}","SHAPE_Length":204.41756824039709,"SHAPE_Area":1771.3127366241806},"geometry":{"type":"Polygon","coordinates":[[[32.7646115041,25.9366266647],[32.765225092,25.9361566529],[32.7653751071,25.9363167612],[32.7646115041,25.9366266647]]]}},
{"type":"Feature","properties":{"سعر_الأرض_2023":null,"سعر_الأرض_2014":null,"نمط_العمران":"اسكان عشوائى","اسم_المحور":"محور قوص","اسم_المحافظة":"محافظة قنا","متوسط_عدد_الادوار_بالعقار":3.0,"متوسط_عدد_الشقق_بالدور":2.0,"متوسط_مساحة_الشقق_بالمنطقة":80.0,"نوع_طبيعة_المنطقة":"قائمة","مساحة_التغير_كم2":0.0039914041812664069,"نسبة_المساحه":0.76757772716661665,"CreationDate":"2026-04-11T07:54:45Z","Creator":"gpr.gps","EditDate":"2026-04-11T07:54:45Z","Editor":"gpr.gps","GlobalID":"{4B9DEF12-4E2A-4722-A37B-2BE6863B6E64}","SHAPE_Length":258.96215667134106,"SHAPE_Area":3991.4041812664068},"geometry":{"type":"Polygon","coordinates":[[[32.7656793606,25.9366250528],[32.7662417169,25.936126256],[32.7665955983,25.9364524337],[32.7660332419,25.9369512319],[32.7656793606,25.9366250528]]]}},
{"type":"Feature","properties":{"سعر_الأرض_2023":null,"سعر_الأرض_2014":null,"نمط_العمران":"اسكان عشوائى","اسم_المحور":"محور قوص","اسم_المحافظة":"محافظة قنا","متوسط_عدد_الادوار_بالعقار":3.0,"متوسط_عدد_الشقق_بالدور":2.0,"متوسط_مساحة_الشقق_بالمنطقة":80.0,"نوع_طبيعة_المنطقة":"قائمة","مساحة_التغير_كم2":0.0048876861361828831,"نسبة_المساحه":0.93993964157363141,"CreationDate":"2026-04-11T07:54:45Z","Creator":"gpr.gps","EditDate":"2026-04-11T07:54:45Z","Editor":"gpr.gps","GlobalID":"{3F2FF8B6-0631-4EE6-AE7F-32D404E16482}","SHAPE_Length":341.83044886006854,"SHAPE_Area":4887.6861361828833},"geometry":{"type":"Polygon","coordinates":[[[32.7670910704,25.9373468672],[32.7665282901,25.9378127914],[32.7661214187,25.9371966306],[32.7665661062,25.9368284767],[32.7670910704,25.9373468672]]]}},
{"type":"Feature","properties":{"سعر_الأرض_2023":null,"سعر_الأرض_2014":null,"نمط_العمران":"اسكان عشوائى","اسم_المحور":"محور قوص","اسم_المحافظة":"محافظة قنا","متوسط_عدد_الادوار_بالعقار":3.0,"متوسط_عدد_الشقق_بالدور":2.0,"متوسط_مساحة_الشقق_بالمنطقة":80.0,"نوع_طبيعة_المنطقة":"قائمة","مساحة_التغير_كم2":0.00057259957163804834,"نسبة_المساحه":0.11011530223808622,"CreationDate":"2026-04-11T07:54:45Z","Creator":"gpr.gps","EditDate":"2026-04-11T07:54:45Z","Editor":"gpr.gps","GlobalID":"{22728C02-E690-4AC3-A3BF-899DB49EBAD7}","SHAPE_Length":95.915260868294567,"SHAPE_Area":572.59957163804836},"geometry":{"type":"Polygon","coordinates":[[[32.77085742,25.9398224819],[32.7707477528,25.9396196009],[32.7709322831,25.9395169529],[32.77085742,25.9398224819]]]}},
{"type":"Feature","properties":{"سعر_الأرض_2023":null,"سعر_الأرض_2014":null,"نمط_العمران":"اسكان عشوائى","اسم_المحور":"محور قوص","اسم_المحافظة":"محافظة قنا","متوسط_عدد_الادوار_بالعقار":3.0,"متوسط_عدد_الشقق_بالدور":2.0,"متوسط_مساحة_الشقق_بالمنطقة":80.0,"نوع_طبيعة_المنطقة":"قائمة","مساحة_التغير_كم2":0.00035801095505434802,"نسبة_المساحه":0.068848260587374616,"CreationDate":"2026-04-11T07:54:45Z","Creator":"gpr.gps","EditDate":"2026-04-11T07:54:45Z","Editor":"gpr.gps","GlobalID":"{1F6B78A3-58AC-4C2F-B5B3-9C76B43FD233}","SHAPE_Length":77.343154676734144,"SHAPE_Area":358.01095505434802},"geometry":{"type":"Polygon","coordinates":[[[32.7717504859,25.9412594664],[32.7716504037,25.9411528481],[32.7718285167,25.9410196923],[32.7717504859,25.9412594664]]]}},
{"type":"Feature","properties":{"سعر_الأرض_2023":null,"سعر_الأرض_2014":null,"نمط_العمران":"اسكان عشوائى","اسم_المحور":"محور قوص","اسم_المحافظة":"محافظة قنا","متوسط_عدد_الادوار_بالعقار":3.0,"متوسط_عدد_الشقق_بالدور":2.0,"متوسط_مساحة_الشقق_بالمنطقة":80.0,"نوع_طبيعة_المنطقة":null,"مساحة_التغير_كم2":0.00096117394846506371,"نسبة_المساحه":0.18484114393558917,"CreationDate":"2026-04-11T07:54:45Z","Creator":"gpr.gps","EditDate":"2026-04-11T07:54:45Z","Editor":"gpr.gps","GlobalID":"{23BC827E-512B-41AA-8E93-110D028326FA}","SHAPE_Length":168.69419740265545,"SHAPE_Area":961.17394846506375},"geometry":{"type":"Polygon","coordinates":[[[32.7826005889,25.9407820175],[32.7823560887,25.9401727239],[32.7824766499,25.9401365895],[32.7826005889,25.9407820175]]]}},
{"type":"Feature","properties":{"سعر_الأرض_2023":null,"سعر_الأرض_2014":null,"نمط_العمران":"اسكان عشوائى","اسم_المحور":"محور قوص","اسم_المحافظة":"محافظة قنا","متوسط_عدد_الادوار_بالعقار":3.0,"متوسط_عدد_الشقق_بالدور":2.0,"متوسط_مساحة_الشقق_بالمنطقة":80.0,"نوع_طبيعة_المنطقة":"قائمة","مساحة_التغير_كم2":0.0023003650938326634,"نسبة_المساحه":0.44237790266012755,"CreationDate":"2026-04-11T07:54:45Z","Creator":"gpr.gps","EditDate":"2026-04-11T07:54:45Z","Editor":"gpr.gps","GlobalID":"{09AC4BDB-BE4C-47CC-9961-C34FA7A1A8F4}","SHAPE_Length":269.8028875400513,"SHAPE_Area":2300.3650938326632},"geometry":{"type":"Polygon","coordinates":[[[32.7703936111,25.9288289162],[32.7699863977,25.9285320462],[32.7695802039,25.9285073705],[32.7702272059,25.9283523114],[32.7703936111,25.9288289162]]]}},
{"type":"Feature","properties":{"سعر_الأرض_2023":null,"سعر_الأرض_2014":null,"نمط_العمران":"اسكان عشوائى","اسم_المحور":"محور قوص","اسم_المحافظة":"محافظة قنا","متوسط_عدد_الادوار_بالعقار":3.0,"متوسط_عدد_الشقق_بالدور":2.0,"متوسط_مساحة_الشقق_بالمنطقة":80.0,"نوع_طبيعة_المنطقة":"قائمة","مساحة_التغير_كم2":0.0017754245059032883,"نسبة_المساحه":0.34142778959678621,"CreationDate":"2026-04-11T07:54:45Z","Creator":"gpr.gps","EditDate":"2026-04-11T07:54:45Z","Editor":"gpr.gps","GlobalID":"{C0209E78-3A13-4182-B016-D63EC1BDAA10}","SHAPE_Length":228.34190431057172,"SHAPE_Area":1775.4245059032883},"geometry":{"type":"Polygon","coordinates":[[[32.7715319993,25.9364955196],[32.7721183608,25.9359790138],[32.772290504,25.9362449901],[32.7715319993,25.9364955196]]]}},
{"type":"Feature","properties":{"سعر_الأرض_2023":null,"سعر_الأرض_2014":null,"نمط_العمران":"اسكان عشوائى","اسم_المحور":"محور قوص","اسم_المحافظة":"محافظة قنا","متوسط_عدد_الادوار_بالعقار":3.0,"متوسط_عدد_الشقق_بالدور":2.0,"متوسط_مساحة_الشقق_بالمنطقة":80.0,"نوع_طبيعة_المنطقة":null,"مساحة_التغير_كم2":0.00074032779780101204,"نسبة_المساحه":0.14237073034634845,"CreationDate":"2026-04-11T07:54:45Z","Creator":"gpr.gps","EditDate":"2026-04-11T07:54:45Z","Editor":"gpr.gps","GlobalID":"{4E61C565-FB2A-4B83-8CCD-D57DE783D670}","SHAPE_Length":111.76825688841259,"SHAPE_Area":740.32779780101203},"geometry":{"type":"Polygon","coordinates":[[[32.7809498253,25.9362654313],[32.7811518462,25.9361974715],[32.7812712937,25.9364877627],[32.7809498253,25.9362654313]]]}},
{"type":"Feature","properties":{"سعر_الأرض_2023":null,"سعر_الأرض_2014":null,"نمط_العمران":"اسكان عشوائى","اسم_المحور":"محور قوص","اسم_المحافظة":"محافظة قنا","متوسط_عدد_الادوار_بالعقار":3.0,"متوسط_عدد_الشقق_بالدور":2.0,"متوسط_مساحة_الشقق_بالمنطقة":80.0,"نوع_طبيعة_المنطقة":null,"مساحة_التغير_كم2":0.0024175690501460601,"نسبة_المساحه":0.46491712502808846,"CreationDate":"2026-04-11T07:54:45Z","Creator":"gpr.gps","EditDate":"2026-04-11T07:54:45Z","Editor":"gpr.gps","GlobalID":"{D513E1B4-D4BD-4EB2-876C-B31786F00805}","SHAPE_Length":325.44158011096971,"SHAPE_Area":2417.5690501460599},"geometry":{"type":"Polygon","coordinates":[[[32.7887679808,25.9390316436],[32.7883578255,25.9378782726],[32.7884966106,25.9378450268],[32.7888573047,25.9385814157],[32.7887679808,25.9390316436]]]}},
{"type":"Feature","properties":{"سعر_الأرض_2023":null,"سعر_الأرض_2014":null,"نمط_العمران":"اسكان عشوائى","اسم_المحور":"محور قوص","اسم_المحافظة":"محافظة قنا","متوسط_عدد_الادوار_بالعقار":3.0,"متوسط_عدد_الشقق_بالدور":2.0,"متوسط_مساحة_الشقق_بالمنطقة":80.0,"نوع_طبيعة_المنطقة":null,"مساحة_التغير_كم2":0.00077056584577506735,"نسبة_المساحه":0.14818573957212833,"CreationDate":"2026-04-11T07:54:45Z","Creator":"gpr.gps","EditDate":"2026-04-11T07:54:45Z","Editor":"gpr.gps","GlobalID":"{89FDFC91-E4B4-431F-8565-36E8CF3DDED7}","SHAPE_Length":118.8948917789765,"SHAPE_Area":770.56584577506737},"geometry":{"type":"Polygon","coordinates":[[[32.7884317602,25.9375510016],[32.7883351527,25.937197264],[32.7885203076,25.9371559246],[32.7884317602,25.9375510016]]]}},
{"type":"Feature","properties":{"سعر_الأرض_2023":null,"سعر_الأرض_2014":null,"نمط_العمران":"اسكان عشوائى","اسم_المحور":"محور قوص","اسم_المحافظة":"محافظة قنا","متوسط_عدد_الادوار_بالعقار":3.0,"متوسط_عدد_الشقق_بالدور":2.0,"متوسط_مساحة_الشقق_بالمنطقة":80.0,"نوع_طبيعة_المنطقة":"قائمة","مساحة_التغير_كم2":0.0033938456306846498,"نسبة_المساحه":0.65266262128550956,"CreationDate":"2026-04-11T07:54:45Z","Creator":"gpr.gps","EditDate":"2026-04-11T07:54:45Z","Editor":"gpr.gps","GlobalID":"{B354E87C-EDD5-40D8-ABAB-C19DB9465663}","SHAPE_Length":244.26422841311077,"SHAPE_Area":3393.8456306846497},"geometry":{"type":"Polygon","coordinates":[[[32.791751444,25.9301821209],[32.7911799784,25.9304152761],[32.790932681,25.9298080707],[32.791751444,25.9301821209]]]}},
{"type":"Feature","properties":{"سعر_الأرض_2023":null,"سعر_الأرض_2014":null,"نمط_العمران":"اسكان عشوائى","اسم_المحور":"محور قوص","اسم_المحافظة":"محافظة قنا","متوسط_عدد_الادوار_بالعقار":3.0,"متوسط_عدد_الشقق_بالدور":2.0,"متوسط_مساحة_الشقق_بالمنطقة":80.0,"نوع_طبيعة_المنطقة":null,"مساحة_التغير_كم2":0.00096641562311669353,"نسبة_المساحه":0.18584915829167184,"CreationDate":"2026-04-11T07:54:45Z","Creator":"gpr.gps","EditDate":"2026-04-11T07:54:45Z","Editor":"gpr.gps","GlobalID":"{3C2A6AC8-7367-4F0B-B69A-6A74580E0287}","SHAPE_Length":140.57166744816945,"SHAPE_Area":966.4156231166935},"geometry":{"type":"Polygon","coordinates":[[[32.7797619795,25.944710975],[32.780011445,25.9451140537],[32.7798392441,25.9451975497],[32.7797619795,25.944710975]]]}},
{"type":"Feature","properties":{"سعر_الأرض_2023":null,"سعر_الأرض_2014":null,"نمط_العمران":"اسكان عشوائى","اسم_المحور":"محور قوص","اسم_المحافظة":"محافظة قنا","متوسط_عدد_الادوار_بالعقار":3.0,"متوسط_عدد_الشقق_بالدور":2.0,"متوسط_مساحة_الشقق_بالمنطقة":80.0,"نوع_طبيعة_المنطقة":null,"مساحة_التغير_كم2":0.00094240815473862853,"نسبة_المساحه":0.18123233744973627,"CreationDate":"2026-04-11T07:54:45Z","Creator":"gpr.gps","EditDate":"2026-04-11T07:54:45Z","Editor":"gpr.gps","GlobalID":"{BFAEAA1C-3D1F-45BC-A01E-F7D6358792CC}","SHAPE_Length":127.53467728741037,"SHAPE_Area":942.40815473862858},"geometry":{"type":"Polygon","coordinates":[[[32.7739513424,25.9476006228],[32.7740906243,25.9477688591],[32.7737668253,25.9479879776],[32.7739513424,25.9476006228]]]}},
{"type":"Feature","properties":{"سعر_الأرض_2023":null,"سعر_الأرض_2014":null,"نمط_العمران":"اسكان عشوائى","اسم_المحور":"محور قوص","اسم_المحافظة":"محافظة قنا","متوسط_عدد_الادوار_بالعقار":3.0,"متوسط_عدد_الشقق_بالدور":2.0,"متوسط_مساحة_الشقق_بالمنطقة":80.0,"نوع_طبيعة_المنطقة":null,"مساحة_التغير_كم2":0.00064104987310547874,"نسبة_المساحه":0.12327882175105359,"CreationDate":"2026-04-11T07:54:45Z","Creator":"gpr.gps","EditDate":"2026-04-11T07:54:45Z","Editor":"gpr.gps","GlobalID":"{08151EFC-8761-4C46-9762-41C219A38639}","SHAPE_Length":110.57571451658265,"SHAPE_Area":641.0498731054787},"geometry":{"type":"Polygon","coordinates":[[[32.7809152203,25.9491197589],[32.7810587455,25.9490478281],[32.7812298015,25.9493675801],[32.7809152203,25.9491197589]]]}},
{"type":"Feature","properties":{"سعر_الأرض_2023":null,"سعر_الأرض_2014":null,"نمط_العمران":"اسكان عشوائى","اسم_المحور":"محور قوص","اسم_المحافظة":"محافظة قنا","متوسط_عدد_الادوار_بالعقار":3.0,"متوسط_عدد_الشقق_بالدور":2.0,"متوسط_مساحة_الشقق_بالمنطقة":80.0,"نوع_طبيعة_المنطقة":null,"مساحة_التغير_كم2":0.0013368528960107341,"نسبة_المساحه":0.25708709538667962,"CreationDate":"2026-04-11T07:54:45Z","Creator":"gpr.gps","EditDate":"2026-04-11T07:54:45Z","Editor":"gpr.gps","GlobalID":"{2AC2DBC8-A3E0-4806-928A-79E3E9DECA34}","SHAPE_Length":181.63561188609935,"SHAPE_Area":1336.852896010734},"geometry":{"type":"Polygon","coordinates":[[[32.7828098167,25.9503302311],[32.7825567369,25.949706496],[32.7827430506,25.9496506594],[32.7828098167,25.9503302311]]]}},
{"type":"Feature","properties":{"سعر_الأرض_2023":null,"سعر_الأرض_2014":null,"نمط_العمران":"اسكان عشوائى","اسم_المحور":"محور قوص","اسم_المحافظة":"محافظة قنا","متوسط_عدد_الادوار_بالعقار":3.0,"متوسط_عدد_الشقق_بالدور":2.0,"متوسط_مساحة_الشقق_بالمنطقة":80.0,"نوع_طبيعة_المنطقة":null,"مساحة_التغير_كم2":0.00078858998344830372,"نسبة_المساحه":0.15165191989390456,"CreationDate":"2026-04-11T07:54:45Z","Creator":"gpr.gps","EditDate":"2026-04-11T07:54:45Z","Editor":"gpr.gps","GlobalID":"{E5C267CC-B14B-4BB9-8DA0-AAE25638F9AF}","SHAPE_Length":113.97970296438254,"SHAPE_Area":788.58998344830377},"geometry":{"type":"Polygon","coordinates":[[[32.7825244036,25.9507537251],[32.7822248338,25.9508844033],[32.7821147179,25.9507040924],[32.7825244036,25.9507537251]]]}},
{"type":"Feature","properties":{"سعر_الأرض_2023":null,"سعر_الأرض_2014":null,"نمط_العمران":"اسكان عشوائى","اسم_المحور":"محور قوص","اسم_المحافظة":"محافظة قنا","متوسط_عدد_الادوار_بالعقار":3.0,"متوسط_عدد_الشقق_بالدور":2.0,"متوسط_مساحة_الشقق_بالمنطقة":80.0,"نوع_طبيعة_المنطقة":null,"مساحة_التغير_كم2":0.0021370818528366605,"نسبة_المساحه":0.41097727939166551,"CreationDate":"2026-04-11T07:54:45Z","Creator":"gpr.gps","EditDate":"2026-04-11T07:54:45Z","Editor":"gpr.gps","GlobalID":"{8115B433-D22C-4820-B6E8-D9898FF843A1}","SHAPE_Length":243.4149259149755,"SHAPE_Area":2137.0818528366603},"geometry":{"type":"Polygon","coordinates":[[[32.781173662,25.9514933317],[32.7819255061,25.9512763698],[32.7820360918,25.9514972943],[32.7816995088,25.9517318812],[32.781173662,25.9514933317]]]}},
{"type":"Feature","properties":{"سعر_الأرض_2023":null,"سعر_الأرض_2014":null,"نمط_العمران":"اسكان عشوائى","اسم_المحور":"محور قوص","اسم_المحافظة":"محافظة قنا","متوسط_عدد_الادوار_بالعقار":3.0,"متوسط_عدد_الشقق_بالدور":2.0,"متوسط_مساحة_الشقق_بالمنطقة":80.0,"نوع_طبيعة_المنطقة":null,"مساحة_التغير_كم2":0.00099831023533613651,"نسبة_المساحه":0.19198273756464163,"CreationDate":"2026-04-11T07:54:45Z","Creator":"gpr.gps","EditDate":"2026-04-11T07:54:45Z","Editor":"gpr.gps","GlobalID":"{8079D076-1DF4-46C8-9347-9061E2B9D2AA}","SHAPE_Length":129.41602833011402,"SHAPE_Area":998.31023533613654},"geometry":{"type":"Polygon","coordinates":[[[32.7830137214,25.9523686605],[32.7826459079,25.9524954871],[32.7825568243,25.9522818003],[32.7830137214,25.9523686605]]]}},
{"type":"Feature","properties":{"سعر_الأرض_2023":null,"سعر_الأرض_2014":null,"نمط_العمران":"اسكان عشوائى","اسم_المحور":"محور قوص","اسم_المحافظة":"محافظة قنا","متوسط_عدد_الادوار_بالعقار":3.0,"متوسط_عدد_الشقق_بالدور":2.0,"متوسط_مساحة_الشقق_بالمنطقة":80.0,"نوع_طبيعة_المنطقة":null,"مساحة_التغير_كم2":0.00095216584091193735,"نسبة_المساحه":0.18310881555998795,"CreationDate":"2026-04-11T07:54:45Z","Creator":"gpr.gps","EditDate":"2026-04-11T07:54:45Z","Editor":"gpr.gps","GlobalID":"{B6E4F2F4-5C4D-4B7A-919C-75B58C168CAE}","SHAPE_Length":136.15988042076361,"SHAPE_Area":952.16584091193738},"geometry":{"type":"Polygon","coordinates":[[[32.7831279979,25.9526876857],[32.7826627606,25.9528166158],[32.7826047726,25.9526466298],[32.7831279979,25.9526876857]]]}},
{"type":"Feature","properties":{"سعر_الأرض_2023":null,"سعر_الأرض_2014":null,"نمط_العمران":"اسكان عشوائى","اسم_المحور":"محور قوص","اسم_المحافظة":"محافظة قنا","متوسط_عدد_الادوار_بالعقار":3.0,"متوسط_عدد_الشقق_بالدور":2.0,"متوسط_مساحة_الشقق_بالمنطقة":80.0,"نوع_طبيعة_المنطقة":null,"مساحة_التغير_كم2":0.00033166303469172551,"نسبة_المساحه":0.063781352825331816,"CreationDate":"2026-04-11T07:54:45Z","Creator":"gpr.gps","EditDate":"2026-04-11T07:54:45Z","Editor":"gpr.gps","GlobalID":"{7015D797-BA13-4E86-B284-9507D0ECE991}","SHAPE_Length":77.570040154547755,"SHAPE_Area":331.6630346917255},"geometry":{"type":"Polygon","coordinates":[[[32.7838077278,25.9549147721],[32.783970725,25.9551025903],[32.7838677476,25.9551665722],[32.7838077278,25.9549147721]]]}},
{"type":"Feature","properties":{"سعر_الأرض_2023":null,"سعر_الأرض_2014":null,"نمط_العمران":"اسكان عشوائى","اسم_المحور":"محور قوص","اسم_المحافظة":"محافظة قنا","متوسط_عدد_الادوار_بالعقار":3.0,"متوسط_عدد_الشقق_بالدور":2.0,"متوسط_مساحة_الشقق_بالمنطقة":80.0,"نوع_طبيعة_المنطقة":null,"مساحة_التغير_كم2":0.00066005085646530278,"نسبة_المساحه":0.12693285701255821,"CreationDate":"2026-04-11T07:54:45Z","Creator":"gpr.gps","EditDate":"2026-04-11T07:54:45Z","Editor":"gpr.gps","GlobalID":"{921E716E-D3B8-4A8C-B806-91FBFE64048F}","SHAPE_Length":105.8178459390011,"SHAPE_Area":660.05085646530279},"geometry":{"type":"Polygon","coordinates":[[[32.7843424981,25.95510273],[32.7844519129,25.9552574817],[32.7841488317,25.9553964235],[32.7843424981,25.95510273]]]}},
{"type":"Feature","properties":{"سعر_الأرض_2023":null,"سعر_الأرض_2014":null,"نمط_العمران":"اسكان عشوائى","اسم_المحور":"محور قوص","اسم_المحافظة":"محافظة قنا","متوسط_عدد_الادوار_بالعقار":3.0,"متوسط_عدد_الشقق_بالدور":2.0,"متوسط_مساحة_الشقق_بالمنطقة":1.0,"نوع_طبيعة_المنطقة":null,"مساحة_التغير_كم2":0.00088481623350973517,"نسبة_المساحه":0.17015696798264138,"CreationDate":"2026-04-11T07:54:45Z","Creator":"gpr.gps","EditDate":"2026-04-11T07:54:45Z","Editor":"gpr.gps","GlobalID":"{E07D6C1A-D090-4BBC-A55B-76E9DC69958A}","SHAPE_Length":119.65090035607616,"SHAPE_Area":884.81623350973518},"geometry":{"type":"Polygon","coordinates":[[[32.7905933704,25.9642868628],[32.7904960601,25.9640029882],[32.7907504445,25.9639348998],[32.7905933704,25.9642868628]]]}},
{"type":"Feature","properties":{"سعر_الأرض_2023":null,"سعر_الأرض_2014":null,"نمط_العمران":"اسكان عشوائى","اسم_المحور":"محور قوص","اسم_المحافظة":"محافظة قنا","متوسط_عدد_الادوار_بالعقار":3.0,"متوسط_عدد_الشقق_بالدور":2.0,"متوسط_مساحة_الشقق_بالمنطقة":80.0,"نوع_طبيعة_المنطقة":null,"مساحة_التغير_كم2":0.0082292072769703743,"نسبة_المساحه":1.582539860955841,"CreationDate":"2026-04-11T07:54:45Z","Creator":"gpr.gps","EditDate":"2026-04-11T07:54:45Z","Editor":"gpr.gps","GlobalID":"{3A85507E-D674-4565-93E8-9D647689E164}","SHAPE_Length":406.22732262765766,"SHAPE_Area":8229.2072769703736},"geometry":{"type":"Polygon","coordinates":[[[32.7672022627,25.9221719648],[32.7669476769,25.9213114548],[32.7675842037,25.9209197199],[32.76786058,25.9219412707],[32.7672022627,25.9221719648]]]}},
{"type":"Feature","properties":{"سعر_الأرض_2023":null,"سعر_الأرض_2014":null,"نمط_العمران":"اسكان عشوائى","اسم_المحور":"محور قوص","اسم_المحافظة":"محافظة قنا","متوسط_عدد_الادوار_بالعقار":3.0,"متوسط_عدد_الشقق_بالدور":2.0,"متوسط_مساحة_الشقق_بالمنطقة":80.0,"نوع_طبيعة_المنطقة":null,"مساحة_التغير_كم2":0.0021736765091494529,"نسبة_المساحه":0.41801471329797169,"CreationDate":"2026-04-11T07:54:45Z","Creator":"gpr.gps","EditDate":"2026-04-11T07:54:45Z","Editor":"gpr.gps","GlobalID":"{B2AA3D73-973F-4689-827D-E1AD88141D36}","SHAPE_Length":233.69522581076646,"SHAPE_Area":2173.6765091494531},"geometry":{"type":"Polygon","coordinates":[[[32.7666751394,25.9218775674],[32.7660913527,25.9218264545],[32.7664860818,25.921284749],[32.7666751394,25.9218775674]]]}},
{"type":"Feature","properties":{"سعر_الأرض_2023":null,"سعر_الأرض_2014":null,"نمط_العمران":"اسكان عشوائى","اسم_المحور":"محور قوص","اسم_المحافظة":"محافظة قنا","متوسط_عدد_الادوار_بالعقار":3.0,"متوسط_عدد_الشقق_بالدور":2.0,"متوسط_مساحة_الشقق_بالمنطقة":80.0,"نوع_طبيعة_المنطقة":"قائمة","مساحة_التغير_كم2":0.0032447012936972757,"نسبة_المساحه":0.62398101801870687,"CreationDate":"2026-04-11T07:54:45Z","Creator":"gpr.gps","EditDate":"2026-04-11T07:54:45Z","Editor":"gpr.gps","GlobalID":"{E2DD47AF-9B56-4B46-9BC8-EDF8861721BB}","SHAPE_Length":276.23575597499047,"SHAPE_Area":3244.7012936972756},"geometry":{"type":"Polygon","coordinates":[[[32.7892849662,25.9132756746],[32.7893420537,25.9135274939],[32.7882863084,25.9137232356],[32.7882213586,25.9134509235],[32.7892849662,25.9132756746]]]}},
{"type":"Feature","properties":{"سعر_الأرض_2023":null,"سعر_الأرض_2014":null,"نمط_العمران":"اسكان عشوائى","اسم_المحور":"محور قوص","اسم_المحافظة":"محافظة قنا","متوسط_عدد_الادوار_بالعقار":3.0,"متوسط_عدد_الشقق_بالدور":2.0,"متوسط_مساحة_الشقق_بالمنطقة":80.0,"نوع_طبيعة_المنطقة":"قائمة","مساحة_التغير_كم2":0.0014023509418452781,"نسبة_المساحه":0.26968287343178426,"CreationDate":"2026-04-11T07:54:45Z","Creator":"gpr.gps","EditDate":"2026-04-11T07:54:45Z","Editor":"gpr.gps","GlobalID":"{4BC44416-0025-4578-90A9-2F2BE916B208}","SHAPE_Length":174.5747067516499,"SHAPE_Area":1402.3509418452782},"geometry":{"type":"Polygon","coordinates":[[[32.7883992779,25.9224435699],[32.7883586363,25.9222529197],[32.78900193,25.9221344478],[32.7883992779,25.9224435699]]]}},
{"type":"Feature","properties":{"سعر_الأرض_2023":null,"سعر_الأرض_2014":null,"نمط_العمران":"اسكان اجتماعى شباب","اسم_المحور":"محور قوص","اسم_المحافظة":"محافظة قنا","متوسط_عدد_الادوار_بالعقار":6.0,"متوسط_عدد_الشقق_بالدور":4.0,"متوسط_مساحة_الشقق_بالمنطقة":90.0,"نوع_طبيعة_المنطقة":"قائمة","مساحة_التغير_كم2":0.010950069678027434,"نسبة_المساحه":2.105782630389891,"CreationDate":"2026-04-11T07:54:45Z","Creator":"gpr.gps","EditDate":"2026-04-11T07:54:45Z","Editor":"gpr.gps","GlobalID":"{B12D06BF-223B-4A9A-BD25-8561B01DADF4}","SHAPE_Length":461.09378326870325,"SHAPE_Area":10950.069678027434},"geometry":{"type":"Polygon","coordinates":[[[32.8594858474,25.9230245794],[32.860894748,25.9228321875],[32.8611030925,25.9234305902],[32.8597728022,25.9238093261],[32.8594858474,25.9230245794]]]}},
{"type":"Feature","properties":{"سعر_الأرض_2023":null,"سعر_الأرض_2014":null,"نمط_العمران":"اسكان عشوائى","اسم_المحور":"محور قوص","اسم_المحافظة":"محافظة قنا","متوسط_عدد_الادوار_بالعقار":null,"متوسط_عدد_الشقق_بالدور":null,"متوسط_مساحة_الشقق_بالمنطقة":null,"نوع_طبيعة_المنطقة":"قائمة","مساحة_التغير_كم2":0.0020021403187261088,"نسبة_المساحه":0.38502698437040556,"CreationDate":"2026-04-11T07:54:45Z","Creator":"gpr.gps","EditDate":"2026-04-11T07:54:45Z","Editor":"gpr.gps","GlobalID":"{0EEDA37D-49C4-47F4-B2E0-8BC52FE89B5A}","SHAPE_Length":179.66710729693568,"SHAPE_Area":2002.1403187261089},"geometry":{"type":"Polygon","coordinates":[[[32.8553529997,25.9200824987],[32.8553831479,25.9204433265],[32.8548968622,25.9204765519],[32.8548660216,25.9201074168],[32.8553529997,25.9200824987]]]}},
{"type":"Feature","properties":{"سعر_الأرض_2023":null,"سعر_الأرض_2014":null,"نمط_العمران":"اسكان عشوائى","اسم_المحور":"محور قوص","اسم_المحافظة":"محافظة قنا","متوسط_عدد_الادوار_بالعقار":null,"متوسط_عدد_الشقق_بالدور":null,"متوسط_مساحة_الشقق_بالمنطقة":null,"نوع_طبيعة_المنطقة":"قائمة","مساحة_التغير_كم2":0.0026249025814410591,"نسبة_المساحه":0.50478895796943446,"CreationDate":"2026-04-11T07:54:45Z","Creator":"gpr.gps","EditDate":"2026-04-11T07:54:45Z","Editor":"gpr.gps","GlobalID":"{EAF6B756-5EF3-4D0C-89E6-39AAB98CD938}","SHAPE_Length":211.40849810024778,"SHAPE_Area":2624.9025814410593},"geometry":{"type":"Polygon","coordinates":[[[32.8566239871,25.9581104221],[32.8567258369,25.9586769855],[32.8563034503,25.9586822124],[32.8566239871,25.9581104221]]]}},
{"type":"Feature","properties":{"سعر_الأرض_2023":null,"سعر_الأرض_2014":null,"نمط_العمران":"اسكان عشوائى","اسم_المحور":"محور قوص","اسم_المحافظة":"محافظة قنا","متوسط_عدد_الادوار_بالعقار":null,"متوسط_عدد_الشقق_بالدور":null,"متوسط_مساحة_الشقق_بالمنطقة":null,"نوع_طبيعة_المنطقة":"قائمة","مساحة_التغير_كم2":0.0012010806916389113,"نسبة_المساحه":0.23097705608440602,"CreationDate":"2026-04-11T07:54:45Z","Creator":"gpr.gps","EditDate":"2026-04-11T07:54:45Z","Editor":"gpr.gps","GlobalID":"{7383EB3E-6FCE-4A18-937A-EAC85E726ECC}","SHAPE_Length":138.71783178592221,"SHAPE_Area":1201.0806916389113},"geometry":{"type":"Polygon","coordinates":[[[32.8578430654,25.9540327188],[32.8575195028,25.9541069426],[32.8574312162,25.9537923921],[32.8578430654,25.9540327188]]]}},
{"type":"Feature","properties":{"سعر_الأرض_2023":null,"سعر_الأرض_2014":null,"نمط_العمران":"اسكان عشوائى","اسم_المحور":"محور قوص","اسم_المحافظة":"محافظة قنا","متوسط_عدد_الادوار_بالعقار":3.0,"متوسط_عدد_الشقق_بالدور":2.0,"متوسط_مساحة_الشقق_بالمنطقة":80.0,"نوع_طبيعة_المنطقة":"قائمة","مساحة_التغير_كم2":8.8648217334148422e-05,"نسبة_المساحه":0.017047734102720851,"CreationDate":"2026-04-11T07:54:45Z","Creator":"gpr.gps","EditDate":"2026-04-11T07:54:45Z","Editor":"gpr.gps","GlobalID":"{B4F3536E-3137-4E3E-B858-DEEF8234E9E5}","SHAPE_Length":37.893699056765229,"SHAPE_Area":88.648217334148427},"geometry":{"type":"Polygon","coordinates":[[[32.7172036814,25.9424682599],[32.7171708589,25.9423809917],[32.7172505658,25.9423532378],[32.7172036814,25.9424682599]]]}},
{"type":"Feature","properties":{"سعر_الأرض_2023":null,"سعر_الأرض_2014":null,"نمط_العمران":"اسكان عشوائى","اسم_المحور":"محور قوص","اسم_المحافظة":"محافظة قنا","متوسط_عدد_الادوار_بالعقار":3.0,"متوسط_عدد_الشقق_بالدور":2.0,"متوسط_مساحة_الشقق_بالمنطقة":80.0,"نوع_طبيعة_المنطقة":"قائمة","مساحة_التغير_كم2":7.2615765104452621e-05,"نسبة_المساحه":0.013964570212394735,"CreationDate":"2026-04-11T07:54:45Z","Creator":"gpr.gps","EditDate":"2026-04-11T07:54:45Z","Editor":"gpr.gps","GlobalID":"{1B275DF9-97F6-4177-A4FD-E34AA8481D09}","SHAPE_Length":34.243360333165839,"SHAPE_Area":72.61576510445262},"geometry":{"type":"Polygon","coordinates":[[[32.7171565612,25.942281814],[32.7171907308,25.9423583339],[32.7171177939,25.942389126],[32.7171565612,25.942281814]]]}},
{"type":"Feature","properties":{"سعر_الأرض_2023":null,"سعر_الأرض_2014":null,"نمط_العمران":"خدمات ","اسم_المحور":"محور قوص","اسم_المحافظة":"محافظة قنا","متوسط_عدد_الادوار_بالعقار":null,"متوسط_عدد_الشقق_بالدور":null,"متوسط_مساحة_الشقق_بالمنطقة":null,"نوع_طبيعة_المنطقة":null,"مساحة_التغير_كم2":0.0097966037157609237,"نسبة_المساحه":1.8839622530309468,"CreationDate":"2026-04-11T07:54:45Z","Creator":"gpr.gps","EditDate":"2026-04-11T07:54:45Z","Editor":"gpr.gps","GlobalID":"{62EA8E69-D749-4888-9567-ACCD4F3C3C6E}","SHAPE_Length":454.6681034793624,"SHAPE_Area":9796.6037157609244},"geometry":{"type":"Polygon","coordinates":[[[32.7040300723,25.9069413105],[32.7032465139,25.9070858723],[32.7031546172,25.9055416856],[32.7035245211,25.9055125778],[32.7040300723,25.9069413105]]]}},
{"type":"Feature","properties":{"سعر_الأرض_2023":null,"سعر_الأرض_2014":null,"نمط_العمران":null,"اسم_المحور":"محور قوص","اسم_المحافظة":"محافظة قنا","متوسط_عدد_الادوار_بالعقار":null,"متوسط_عدد_الشقق_بالدور":null,"متوسط_مساحة_الشقق_بالمنطقة":null,"نوع_طبيعة_المنطقة":null,"مساحة_التغير_كم2":0.00061780163308011368,"نسبة_المساحه":0.11880800636156032,"CreationDate":"2026-04-11T07:54:45Z","Creator":"gpr.gps","EditDate":"2026-04-11T07:54:45Z","Editor":"gpr.gps","GlobalID":"{33B5E3F0-F6E3-4554-A097-E89A88DA2CFF}","SHAPE_Length":112.24532775604122,"SHAPE_Area":617.80163308011367},"geometry":{"type":"Polygon","coordinates":[[[32.7493699516,25.9642252049],[32.7489997639,25.964350232],[32.7489335569,25.9642117979],[32.7493699516,25.9642252049]]]}},
{"type":"Feature","properties":{"سعر_الأرض_2023":null,"سعر_الأرض_2014":null,"نمط_العمران":null,"اسم_المحور":"محور قوص","اسم_المحافظة":"محافظة قنا","متوسط_عدد_الادوار_بالعقار":null,"متوسط_عدد_الشقق_بالدور":null,"متوسط_مساحة_الشقق_بالمنطقة":null,"نوع_طبيعة_المنطقة":null,"مساحة_التغير_كم2":0.00049125601412775086,"نسبة_المساحه":0.094472310409182844,"CreationDate":"2026-04-11T07:54:45Z","Creator":"gpr.gps","EditDate":"2026-04-11T07:54:45Z","Editor":"gpr.gps","GlobalID":"{886D6703-4662-4E4F-AB46-CDEE3BB50EE6}","SHAPE_Length":108.62074583651902,"SHAPE_Area":491.25601412775092},"geometry":{"type":"Polygon","coordinates":[[[32.7863779486,25.8841413611],[32.7862665938,25.8841174122],[32.7863655231,25.8837410218],[32.7863779486,25.8841413611]]]}},
{"type":"Feature","properties":{"سعر_الأرض_2023":null,"سعر_الأرض_2014":null,"نمط_العمران":null,"اسم_المحور":"محور قوص","اسم_المحافظة":"محافظة قنا","متوسط_عدد_الادوار_بالعقار":null,"متوسط_عدد_الشقق_بالدور":null,"متوسط_مساحة_الشقق_بالمنطقة":null,"نوع_طبيعة_المنطقة":null,"مساحة_التغير_كم2":0.0037806258356088548,"نسبة_المساحه":0.72704342992477966,"CreationDate":"2026-04-11T07:54:45Z","Creator":"gpr.gps","EditDate":"2026-04-11T07:54:45Z","Editor":"gpr.gps","GlobalID":"{D3BFB7CA-D950-46C7-8273-6CACCA3333DC}","SHAPE_Length":330.10752965105178,"SHAPE_Area":3780.6258356088547},"geometry":{"type":"Polygon","coordinates":[[[32.7858678289,25.8847954397],[32.7860067064,25.8841927815],[32.7866854171,25.8842291974],[32.7865610781,25.8846361305],[32.7858678289,25.8847954397]]]}},
{"type":"Feature","properties":{"سعر_الأرض_2023":null,"سعر_الأرض_2014":null,"نمط_العمران":null,"اسم_المحور":"محور قوص","اسم_المحافظة":"محافظة قنا","متوسط_عدد_الادوار_بالعقار":null,"متوسط_عدد_الشقق_بالدور":null,"متوسط_مساحة_الشقق_بالمنطقة":null,"نوع_طبيعة_المنطقة":null,"مساحة_التغير_كم2":0.00039980022863924872,"نسبة_المساحه":0.076884659353701673,"CreationDate":"2026-04-11T07:54:45Z","Creator":"gpr.gps","EditDate":"2026-04-11T07:54:45Z","Editor":"gpr.gps","GlobalID":"{A99AB602-7333-41D7-AC97-61D8EE3FC764}","SHAPE_Length":81.00745392182553,"SHAPE_Area":399.8002286392487},"geometry":{"type":"Polygon","coordinates":[[[32.7831046806,25.8820552203],[32.7832914921,25.8821548896],[32.7832077909,25.8822866473],[32.7831046806,25.8820552203]]]}},
{"type":"Feature","properties":{"سعر_الأرض_2023":null,"سعر_الأرض_2014":null,"نمط_العمران":null,"اسم_المحور":"محور قوص","اسم_المحافظة":"محافظة قنا","متوسط_عدد_الادوار_بالعقار":null,"متوسط_عدد_الشقق_بالدور":null,"متوسط_مساحة_الشقق_بالمنطقة":null,"نوع_طبيعة_المنطقة":null,"مساحة_التغير_كم2":0.00069569834556080059,"نسبة_المساحه":0.13378814337707703,"CreationDate":"2026-04-11T07:54:45Z","Creator":"gpr.gps","EditDate":"2026-04-11T07:54:45Z","Editor":"gpr.gps","GlobalID":"{A60AA75F-CB11-4E77-B39A-DC9D67F19967}","SHAPE_Length":153.44354126041395,"SHAPE_Area":695.69834556080059},"geometry":{"type":"Polygon","coordinates":[[[32.7828707348,25.8828602984],[32.782777105,25.8828175467],[32.7830749472,25.8822837713],[32.7828707348,25.8828602984]]]}},
{"type":"Feature","properties":{"سعر_الأرض_2023":null,"سعر_الأرض_2014":null,"نمط_العمران":null,"اسم_المحور":"محور قوص","اسم_المحافظة":"محافظة قنا","متوسط_عدد_الادوار_بالعقار":null,"متوسط_عدد_الشقق_بالدور":null,"متوسط_مساحة_الشقق_بالمنطقة":null,"نوع_طبيعة_المنطقة":null,"مساحة_التغير_كم2":0.00018741098605285923,"نسبة_المساحه":0.036040574240934466,"CreationDate":"2026-04-11T07:54:45Z","Creator":"gpr.gps","EditDate":"2026-04-11T07:54:45Z","Editor":"gpr.gps","GlobalID":"{D891CAA4-3083-42B7-8566-339D4D72B337}","SHAPE_Length":56.379149450644242,"SHAPE_Area":187.41098605285924},"geometry":{"type":"Polygon","coordinates":[[[32.7827082426,25.8828652275],[32.7826090065,25.882825896],[32.7826884928,25.8826883984],[32.7827082426,25.8828652275]]]}},
{"type":"Feature","properties":{"سعر_الأرض_2023":null,"سعر_الأرض_2014":null,"نمط_العمران":null,"اسم_المحور":"محور قوص","اسم_المحافظة":"محافظة قنا","متوسط_عدد_الادوار_بالعقار":null,"متوسط_عدد_الشقق_بالدور":null,"متوسط_مساحة_الشقق_بالمنطقة":null,"نوع_طبيعة_المنطقة":null,"مساحة_التغير_كم2":8.3020037793239907e-05,"نسبة_المساحه":0.015965391883315368,"CreationDate":"2026-04-11T07:54:45Z","Creator":"gpr.gps","EditDate":"2026-04-11T07:54:45Z","Editor":"gpr.gps","GlobalID":"{D2B2F398-4C35-46D7-8FEC-4DC845161C59}","SHAPE_Length":37.233358955947764,"SHAPE_Area":83.020037793239908},"geometry":{"type":"Polygon","coordinates":[[[32.7825274243,25.882953834],[32.7824229066,25.8829144945],[32.7824589425,25.8828514742],[32.7825274243,25.882953834]]]}},
{"type":"Feature","properties":{"سعر_الأرض_2023":null,"سعر_الأرض_2014":null,"نمط_العمران":null,"اسم_المحور":"محور قوص","اسم_المحافظة":"محافظة قنا","متوسط_عدد_الادوار_بالعقار":null,"متوسط_عدد_الشقق_بالدور":null,"متوسط_مساحة_الشقق_بالمنطقة":null,"نوع_طبيعة_المنطقة":null,"مساحة_التغير_كم2":8.2588726183363838e-05,"نسبة_المساحه":0.015882447342954586,"CreationDate":"2026-04-11T07:54:45Z","Creator":"gpr.gps","EditDate":"2026-04-11T07:54:45Z","Editor":"gpr.gps","GlobalID":"{29FE99DF-CCB8-4F9C-AA3B-7EC04ADAC460}","SHAPE_Length":38.547170331040363,"SHAPE_Area":82.588726183363832},"geometry":{"type":"Polygon","coordinates":[[[32.7825905539,25.8830953686],[32.7824754585,25.8830627026],[32.7825030214,25.8830111377],[32.7825905539,25.8830953686]]]}},
{"type":"Feature","properties":{"سعر_الأرض_2023":null,"سعر_الأرض_2014":null,"نمط_العمران":null,"اسم_المحور":"محور قوص","اسم_المحافظة":"محافظة قنا","متوسط_عدد_الادوار_بالعقار":null,"متوسط_عدد_الشقق_بالدور":null,"متوسط_مساحة_الشقق_بالمنطقة":null,"نوع_طبيعة_المنطقة":null,"مساحة_التغير_كم2":0.0006633057671340401,"نسبة_المساحه":0.12755880137193076,"CreationDate":"2026-04-11T07:54:45Z","Creator":"gpr.gps","EditDate":"2026-04-11T07:54:45Z","Editor":"gpr.gps","GlobalID":"{7694AFC0-BE39-4397-8BD9-CFA3D9DB1DAC}","SHAPE_Length":137.1260766840916,"SHAPE_Area":663.30576713404014},"geometry":{"type":"Polygon","coordinates":[[[32.7821684745,25.8832467857],[32.7820679508,25.8831937833],[32.7823540101,25.8827498245],[32.7821684745,25.8832467857]]]}},
{"type":"Feature","properties":{"سعر_الأرض_2023":null,"سعر_الأرض_2014":null,"نمط_العمران":"اسكان عشوائى","اسم_المحور":"محور قوص","اسم_المحافظة":"محافظة قنا","متوسط_عدد_الادوار_بالعقار":3.0,"متوسط_عدد_الشقق_بالدور":2.0,"متوسط_مساحة_الشقق_بالمنطقة":80.0,"نوع_طبيعة_المنطقة":null,"مساحة_التغير_كم2":0.00025970540523089593,"نسبة_المساحه":0.049943347159787675,"CreationDate":"2026-04-11T07:54:45Z","Creator":"gpr.gps","EditDate":"2026-04-11T07:54:45Z","Editor":"gpr.gps","GlobalID":"{18A36B4E-008C-41D1-B1F7-97F01394DA1B}","SHAPE_Length":65.373017646818283,"SHAPE_Area":259.70540523089591},"geometry":{"type":"Polygon","coordinates":[[[32.7840052142,25.9547122838],[32.7841190101,25.954847842],[32.7840230572,25.9549313192],[32.7840052142,25.9547122838]]]}},
{"type":"Feature","properties":{"سعر_الأرض_2023":null,"سعر_الأرض_2014":null,"نمط_العمران":"اسكان عشوائى","اسم_المحور":"محور قوص","اسم_المحافظة":"محافظة قنا","متوسط_عدد_الادوار_بالعقار":3.0,"متوسط_عدد_الشقق_بالدور":2.0,"متوسط_مساحة_الشقق_بالمنطقة":80.0,"نوع_طبيعة_المنطقة":null,"مساحة_التغير_كم2":0.00029457035866566853,"نسبة_المساحه":0.056648145897243943,"CreationDate":"2026-04-11T07:54:45Z","Creator":"gpr.gps","EditDate":"2026-04-11T07:54:45Z","Editor":"gpr.gps","GlobalID":"{FC5748C4-1F00-436E-A803-A0850C0BFF9E}","SHAPE_Length":69.187250992223483,"SHAPE_Area":294.57035866566855},"geometry":{"type":"Polygon","coordinates":[[[32.7847813173,25.9551297763],[32.7846424384,25.9551907662],[32.7845481039,25.9550426],[32.7847813173,25.9551297763]]]}},
{"type":"Feature","properties":{"سعر_الأرض_2023":null,"سعر_الأرض_2014":null,"نمط_العمران":null,"اسم_المحور":"محور قوص","اسم_المحافظة":"محافظة قنا","متوسط_عدد_الادوار_بالعقار":null,"متوسط_عدد_الشقق_بالدور":null,"متوسط_مساحة_الشقق_بالمنطقة":null,"نوع_طبيعة_المنطقة":null,"مساحة_التغير_كم2":0.0021645234185563799,"نسبة_المساحه":0.41625450356853461,"CreationDate":"2026-04-11T07:54:45Z","Creator":"gpr.gps","EditDate":"2026-04-11T07:54:45Z","Editor":"gpr.gps","GlobalID":"{83F84BFA-914D-42B1-93D8-C18C1F0E86B6}","SHAPE_Length":255.63187216954526,"SHAPE_Area":2164.52341855638},"geometry":{"type":"Polygon","coordinates":[[[32.7477022218,25.8855637785],[32.747042251,25.8854073331],[32.7470058441,25.8851396815],[32.7471989524,25.8849990561],[32.7477022218,25.8855637785]]]}},
{"type":"Feature","properties":{"سعر_الأرض_2023":null,"سعر_الأرض_2014":null,"نمط_العمران":null,"اسم_المحور":"محور قوص","اسم_المحافظة":"محافظة قنا","متوسط_عدد_الادوار_بالعقار":null,"متوسط_عدد_الشقق_بالدور":null,"متوسط_مساحة_الشقق_بالمنطقة":null,"نوع_طبيعة_المنطقة":null,"مساحة_التغير_كم2":0.0045643992984431263,"نسبة_المساحه":0.8777690958544474,"CreationDate":"2026-04-11T07:54:45Z","Creator":"gpr.gps","EditDate":"2026-04-11T07:54:45Z","Editor":"gpr.gps","GlobalID":"{6F2D07CC-129C-45BF-AE5F-7B979508784F}","SHAPE_Length":320.26362617181564,"SHAPE_Area":4564.3992984431261},"geometry":{"type":"Polygon","coordinates":[[[32.7505622352,25.8873613656],[32.7496333855,25.8881088981],[32.7494262868,25.8878543114],[32.7502995002,25.887096058],[32.7505622352,25.8873613656]]]}},
{"type":"Feature","properties":{"سعر_الأرض_2023":null,"سعر_الأرض_2014":null,"نمط_العمران":"اسكان عشوائى","اسم_المحور":"محور قوص","اسم_المحافظة":"محافظة قنا","متوسط_عدد_الادوار_بالعقار":null,"متوسط_عدد_الشقق_بالدور":null,"متوسط_مساحة_الشقق_بالمنطقة":null,"نوع_طبيعة_المنطقة":null,"مساحة_التغير_كم2":0.0004234516329148595,"نسبة_المساحه":0.081433006329780677,"CreationDate":"2026-04-11T07:54:45Z","Creator":"gpr.gps","EditDate":"2026-04-11T07:54:45Z","Editor":"gpr.gps","GlobalID":"{E91EAF0E-51CF-4526-B777-6DF5A2137986}","SHAPE_Length":89.126138912544221,"SHAPE_Area":423.45163291485949},"geometry":{"type":"Polygon","coordinates":[[[32.7318681329,25.9312917235],[32.731732645,25.9313243235],[32.7316479811,25.9310568785],[32.7318681329,25.9312917235]]]}},
{"type":"Feature","properties":{"سعر_الأرض_2023":null,"سعر_الأرض_2014":null,"نمط_العمران":"اسكان عشوائى","اسم_المحور":"محور قوص","اسم_المحافظة":"محافظة قنا","متوسط_عدد_الادوار_بالعقار":null,"متوسط_عدد_الشقق_بالدور":null,"متوسط_مساحة_الشقق_بالمنطقة":null,"نوع_طبيعة_المنطقة":null,"مساحة_التغير_كم2":0.00025074628249436719,"نسبة_المساحه":0.048220438941224457,"CreationDate":"2026-04-11T07:54:45Z","Creator":"gpr.gps","EditDate":"2026-04-11T07:54:45Z","Editor":"gpr.gps","GlobalID":"{4C5343F1-C3EB-4717-A65A-EFEDD53E7E6A}","SHAPE_Length":63.350655246662257,"SHAPE_Area":250.74628249436716},"geometry":{"type":"Polygon","coordinates":[[[32.7323665923,25.9305208742],[32.7323312229,25.9303882104],[32.73248863,25.9303527744],[32.7323665923,25.9305208742]]]}},
{"type":"Feature","properties":{"سعر_الأرض_2023":null,"سعر_الأرض_2014":null,"نمط_العمران":"اسكان عشوائى","اسم_المحور":"محور قوص","اسم_المحافظة":"محافظة قنا","متوسط_عدد_الادوار_بالعقار":null,"متوسط_عدد_الشقق_بالدور":null,"متوسط_مساحة_الشقق_بالمنطقة":null,"نوع_طبيعة_المنطقة":null,"مساحة_التغير_كم2":0.00025957767089477044,"نسبة_المساحه":0.049918782864378931,"CreationDate":"2026-04-11T07:54:45Z","Creator":"gpr.gps","EditDate":"2026-04-11T07:54:45Z","Editor":"gpr.gps","GlobalID":"{35464195-BC20-4314-B8DB-CDC2166C07C8}","SHAPE_Length":66.842391364048211,"SHAPE_Area":259.57767089477045},"geometry":{"type":"Polygon","coordinates":[[[32.7330775222,25.9301507899],[32.7331253222,25.9303371131],[32.7330037388,25.9303620987],[32.7330775222,25.9301507899]]]}},
{"type":"Feature","properties":{"سعر_الأرض_2023":null,"سعر_الأرض_2014":null,"نمط_العمران":"اسكان عشوائى","اسم_المحور":"محور قوص","اسم_المحافظة":"محافظة قنا","متوسط_عدد_الادوار_بالعقار":null,"متوسط_عدد_الشقق_بالدور":null,"متوسط_مساحة_الشقق_بالمنطقة":null,"نوع_طبيعة_المنطقة":null,"مساحة_التغير_كم2":0.00039014860646386729,"نسبة_المساحه":0.075028578166128318,"CreationDate":"2026-04-11T07:54:45Z","Creator":"gpr.gps","EditDate":"2026-04-11T07:54:45Z","Editor":"gpr.gps","GlobalID":"{84E2FC8D-528C-4282-8F20-DB6FFD324F89}","SHAPE_Length":79.285898771004256,"SHAPE_Area":390.14860646386728},"geometry":{"type":"Polygon","coordinates":[[[32.7329342562,25.9305167068],[32.7327253951,25.9305638469],[32.7326880257,25.9304021484],[32.7329342562,25.9305167068]]]}},
{"type":"Feature","properties":{"سعر_الأرض_2023":null,"سعر_الأرض_2014":null,"نمط_العمران":"اسكان عشوائى","اسم_المحور":"محور قوص","اسم_المحافظة":"محافظة قنا","متوسط_عدد_الادوار_بالعقار":3.0,"متوسط_عدد_الشقق_بالدور":2.0,"متوسط_مساحة_الشقق_بالمنطقة":80.0,"نوع_طبيعة_المنطقة":"قائمة","مساحة_التغير_كم2":0.0011532619480428517,"نسبة_المساحه":0.22178114385439457,"CreationDate":"2026-04-11T07:54:45Z","Creator":"gpr.gps","EditDate":"2026-04-11T07:54:45Z","Editor":"gpr.gps","GlobalID":"{893E65D6-4E09-45BC-9145-A43C27D5E94B}","SHAPE_Length":136.14665870011316,"SHAPE_Area":1153.2619480428518},"geometry":{"type":"Polygon","coordinates":[[[32.7656701093,25.9623561392],[32.7655803852,25.9620384724],[32.7658904109,25.9619669148],[32.7656701093,25.9623561392]]]}},
{"type":"Feature","properties":{"سعر_الأرض_2023":null,"سعر_الأرض_2014":null,"نمط_العمران":"اسكان عشوائى","اسم_المحور":"محور قوص","اسم_المحافظة":"محافظة قنا","متوسط_عدد_الادوار_بالعقار":3.0,"متوسط_عدد_الشقق_بالدور":2.0,"متوسط_مساحة_الشقق_بالمنطقة":80.0,"نوع_طبيعة_المنطقة":"قائمة","مساحة_التغير_كم2":0.00054918376690235278,"نسبة_المساحه":0.10561226286583707,"CreationDate":"2026-04-11T07:54:45Z","Creator":"gpr.gps","EditDate":"2026-04-11T07:54:45Z","Editor":"gpr.gps","GlobalID":"{37FA26A2-9B75-42EB-8246-8ED6BBAB55F5}","SHAPE_Length":100.32470956369579,"SHAPE_Area":549.18376690235277},"geometry":{"type":"Polygon","coordinates":[[[32.7606021486,25.9259261852],[32.7603964595,25.9256816911],[32.760535066,25.9255946751],[32.7606021486,25.9259261852]]]}},
{"type":"Feature","properties":{"سعر_الأرض_2023":null,"سعر_الأرض_2014":null,"نمط_العمران":"اسكان عشوائى","اسم_المحور":"محور قوص","اسم_المحافظة":"محافظة قنا","متوسط_عدد_الادوار_بالعقار":3.0,"متوسط_عدد_الشقق_بالدور":2.0,"متوسط_مساحة_الشقق_بالمنطقة":80.0,"نوع_طبيعة_المنطقة":"قائمة","مساحة_التغير_كم2":0.0004328023153444935,"نسبة_المساحه":0.083231214489325661,"CreationDate":"2026-04-11T07:54:45Z","Creator":"gpr.gps","EditDate":"2026-04-11T07:54:45Z","Editor":"gpr.gps","GlobalID":"{580D4679-0C66-4311-9A94-C0EA41408204}","SHAPE_Length":126.85822526678038,"SHAPE_Area":432.94553068620951},"geometry":{"type":"Polygon","coordinates":[[[32.7570028443,25.9264261746],[32.7565865806,25.9267740121],[32.7565239525,25.9267141777],[32.7570028443,25.9264261746]]]}},
{"type":"Feature","properties":{"سعر_الأرض_2023":null,"سعر_الأرض_2014":null,"نمط_العمران":"اسكان عشوائى","اسم_المحور":"محور قوص","اسم_المحافظة":"محافظة قنا","متوسط_عدد_الادوار_بالعقار":3.0,"متوسط_عدد_الشقق_بالدور":2.0,"متوسط_مساحة_الشقق_بالمنطقة":80.0,"نوع_طبيعة_المنطقة":"قائمة","مساحة_التغير_كم2":0.00081215708829922252,"نسبة_المساحه":0.15618405544215819,"CreationDate":"2026-04-11T07:54:45Z","Creator":"gpr.gps","EditDate":"2026-04-11T07:54:45Z","Editor":"gpr.gps","GlobalID":"{362C2A4B-55EE-4E2A-ADE1-C3F871DE74FC}","SHAPE_Length":160.38090709387166,"SHAPE_Area":812.15708829922255},"geometry":{"type":"Polygon","coordinates":[[[32.7588755537,25.9276377391],[32.7587895561,25.9277003123],[32.7583894182,25.9271917788],[32.7588755537,25.9276377391]]]}},
{"type":"Feature","properties":{"سعر_الأرض_2023":null,"سعر_الأرض_2014":null,"نمط_العمران":null,"اسم_المحور":"محور قوص","اسم_المحافظة":"محافظة قنا","متوسط_عدد_الادوار_بالعقار":null,"متوسط_عدد_الشقق_بالدور":null,"متوسط_مساحة_الشقق_بالمنطقة":null,"نوع_طبيعة_المنطقة":null,"مساحة_التغير_كم2":0.0011135905398566509,"نسبة_المساحه":0.21415202689550977,"CreationDate":"2026-04-11T07:54:45Z","Creator":"gpr.gps","EditDate":"2026-04-11T07:54:45Z","Editor":"gpr.gps","GlobalID":"{13F11AE3-E8A6-41C0-AFB4-A773FB10C93A}","SHAPE_Length":191.12756444881876,"SHAPE_Area":1113.590539856651},"geometry":{"type":"Polygon","coordinates":[[[32.7461684034,25.9646543989],[32.7461263624,25.9645396452],[32.7469115224,25.9643429483],[32.7461684034,25.9646543989]]]}},
{"type":"Feature","properties":{"سعر_الأرض_2023":null,"سعر_الأرض_2014":null,"نمط_العمران":"اسكان عشوائى","اسم_المحور":"محور قوص","اسم_المحافظة":"محافظة قنا","متوسط_عدد_الادوار_بالعقار":3.0,"متوسط_عدد_الشقق_بالدور":2.0,"متوسط_مساحة_الشقق_بالمنطقة":80.0,"نوع_طبيعة_المنطقة":"قائمة","مساحة_التغير_كم2":0.0015307923930900848,"نسبة_المساحه":0.294383152517324,"CreationDate":"2026-04-11T07:54:45Z","Creator":"gpr.gps","EditDate":"2026-04-11T07:54:45Z","Editor":"gpr.gps","GlobalID":"{AFF623E3-85FE-4B10-B818-A09899C90607}","SHAPE_Length":189.58628059617797,"SHAPE_Area":1530.7923930900847},"geometry":{"type":"Polygon","coordinates":[[[32.7728091073,25.9313625033],[32.7726365937,25.9312291085],[32.7733096916,25.9309087969],[32.7728091073,25.9313625033]]]}},
{"type":"Feature","properties":{"سعر_الأرض_2023":null,"سعر_الأرض_2014":null,"نمط_العمران":"اسكان عشوائى","اسم_المحور":"محور قوص","اسم_المحافظة":"محافظة قنا","متوسط_عدد_الادوار_بالعقار":3.0,"متوسط_عدد_الشقق_بالدور":2.0,"متوسط_مساحة_الشقق_بالمنطقة":80.0,"نوع_طبيعة_المنطقة":null,"مساحة_التغير_كم2":0.0011027620913871699,"نسبة_المساحه":0.21206963295907114,"CreationDate":"2026-04-11T07:54:45Z","Creator":"gpr.gps","EditDate":"2026-04-11T07:54:45Z","Editor":"gpr.gps","GlobalID":"{B518FD6A-5C76-4C01-AE93-F50C41DD6CF3}","SHAPE_Length":142.97455186928343,"SHAPE_Area":1102.7620913871699},"geometry":{"type":"Polygon","coordinates":[[[32.7830270111,25.9392856537],[32.7826641511,25.9390135139],[32.7829776197,25.9388351639],[32.7830270111,25.9392856537]]]}},
{"type":"Feature","properties":{"سعر_الأرض_2023":null,"سعر_الأرض_2014":null,"نمط_العمران":"خدمات ","اسم_المحور":"محور قوص","اسم_المحافظة":"محافظة قنا","متوسط_عدد_الادوار_بالعقار":null,"متوسط_عدد_الشقق_بالدور":null,"متوسط_مساحة_الشقق_بالمنطقة":null,"نوع_طبيعة_المنطقة":null,"مساحة_التغير_كم2":0.00284965573006044,"نسبة_المساحه":0.54801071731931539,"CreationDate":"2026-04-11T07:54:45Z","Creator":"gpr.gps","EditDate":"2026-04-11T07:54:45Z","Editor":"gpr.gps","GlobalID":"{14EBE2C8-2191-4E59-9455-EC3D00437543}","SHAPE_Length":231.13796693482681,"SHAPE_Area":2849.65573006044},"geometry":{"type":"Polygon","coordinates":[[[32.7830167739,25.9624159609],[32.7826731341,25.9625364656],[32.7824066246,25.9618565795],[32.7827272863,25.9617435764],[32.7830167739,25.9624159609]]]}}
]
}
