{"type":"FeatureCollection","features":[{"type":"Feature","properties":{"source_layer":"Agricultural_Changes","source_feature_count":1,"سعر_الأرض_2023":1694829.8496067147,"سعر_الأرض_2014":338965.9699213429,"سعر_الايجار_زراعية_2023":null,"نوع_ملكية_الأرض":"تمليك","أنواع_المحاصيل_المزروعة":"محاصيل موسمية","اسم_المحور":"محور كلبشة","اسم_المحافظة":"محافظة أسوان","المساحة_كم2":0.017154148275371605,"نسبة_المساحة":0.19551885993420307,"المساحة_فدان":4.2370746240167865,"فرق_السعر":1355863.8796853716,"GlobalID":"{EFA94E6A-CC37-42EB-BC4D-1D4924EF0126}","SHAPE_Length":0.005209033404616657,"SHAPE_Area":0.000001529163120817198},"geometry":{"type":"Polygon","coordinates":[[[32.861763,24.497443],[32.862231,24.495575],[32.861435,24.495753],[32.861763,24.497443]]]}},{"type":"Feature","properties":{"source_layer":"Agricultural_Changes","source_feature_count":1,"سعر_الأرض_2023":1235588.5116740507,"سعر_الأرض_2014":282420.231239783,"سعر_الايجار_زراعية_2023":null,"نوع_ملكية_الأرض":"تمليك","أنواع_المحاصيل_المزروعة":"محاصيل موسمية","اسم_المحور":"محور كلبشة","اسم_المحافظة":"محافظة أسوان","المساحة_كم2":0.01429252182387566,"نسبة_المساحة":0.1629027292833255,"المساحة_فدان":3.5302528904972874,"فرق_السعر":953168.2804342677,"GlobalID":"{44BBAEA1-42B6-4D50-A6A6-67C59A55A826}","SHAPE_Length":0.004502103731809632,"SHAPE_Area":0.0000012741486713998553},"geometry":{"type":"Polygon","coordinates":[[[32.864765,24.50478],[32.865553,24.503512],[32.864571,24.503662],[32.864765,24.50478]]]}},{"type":"Feature","properties":{"source_layer":"Agricultural_Changes","source_feature_count":1,"سعر_الأرض_2023":950538.894116825,"سعر_الأرض_2014":213871.25117628562,"سعر_الايجار_زراعية_2023":null,"نوع_ملكية_الأرض":"تمليك","أنواع_المحاصيل_المزروعة":"محاصيل موسمية","اسم_المحور":"محور كلبشة","اسم_المحافظة":"محافظة أسوان","المساحة_كم2":0.004810419504639803,"نسبة_المساحة":0.05482800557942908,"المساحة_فدان":1.1881736176460311,"فرق_السعر":736667.6429405394,"GlobalID":"{D3DA2383-4AAD-4716-887F-CAB483CF9BF6}","SHAPE_Length":0.0033175642722666713,"SHAPE_Area":4.2891310425810923e-7},"geometry":{"type":"Polygon","coordinates":[[[32.874629,24.52667],[32.875447,24.525688],[32.874504,24.526364],[32.874629,24.52667]]]}},{"type":"Feature","properties":{"source_layer":"Agricultural_Changes","source_feature_count":1,"سعر_الأرض_2023":878878.4310180062,"سعر_الأرض_2014":251108.12314800176,"سعر_الايجار_زراعية_2023":null,"نوع_ملكية_الأرض":"تمليك","أنواع_المحاصيل_المزروعة":"محاصيل موسمية","اسم_المحور":"محور كلبشة","اسم_المحافظة":"محافظة أسوان","المساحة_كم2":0.010166320775222745,"نسبة_المساحة":0.11587328124887014,"المساحة_فدان":2.5110812314800177,"فرق_السعر":627770.3078700044,"GlobalID":"{78D179AD-2B51-4726-B6B8-02F90FF4B0D2}","SHAPE_Length":0.0038203544710941214,"SHAPE_Area":9.065376814707063e-7},"geometry":{"type":"Polygon","coordinates":[[[32.873207,24.537635],[32.873826,24.536479],[32.87282,24.536759],[32.873207,24.537635]]]}},{"type":"Feature","properties":{"source_layer":"Agricultural_Changes","source_feature_count":1,"سعر_الأرض_2023":511888.85207012744,"سعر_الأرض_2014":146253.95773432212,"سعر_الايجار_زراعية_2023":null,"نوع_ملكية_الأرض":"تمليك","أنواع_المحاصيل_المزروعة":"محاصيل موسمية","اسم_المحور":"محور كلبشة","اسم_المحافظة":"محافظة أسوان","المساحة_كم2":0.005921212863737738,"نسبة_المساحة":0.06748856136494256,"المساحة_فدان":1.4625395773432213,"فرق_السعر":365634.8943358053,"GlobalID":"{3A47C813-ADE0-4FC9-85FA-B80F268B51F1}","SHAPE_Length":0.0038780255195654196,"SHAPE_Area":5.279889142988313e-7},"geometry":{"type":"Polygon","coordinates":[[[32.869599,24.534683],[32.871034,24.533896],[32.869479,24.534382],[32.869599,24.534683]]]}},{"type":"Feature","properties":{"source_layer":"Agricultural_Changes","source_feature_count":1,"سعر_الأرض_2023":396090.44883811445,"سعر_الأرض_2014":129491.10827399895,"سعر_الايجار_زراعية_2023":null,"نوع_ملكية_الأرض":"تمليك","أنواع_المحاصيل_المزروعة":"محاصيل موسمية","اسم_المحور":"محور كلبشة","اسم_المحافظة":"محافظة أسوان","المساحة_كم2":0.006167711753941366,"نسبة_المساحة":0.0702980964822794,"المساحة_فدان":1.5234248032235171,"فرق_السعر":266599.3405641155,"GlobalID":"{2EB59FF6-17F0-49E0-B49E-A4CE7832C30D}","SHAPE_Length":0.003179954320686039,"SHAPE_Area":5.499089986356608e-7},"geometry":{"type":"Polygon","coordinates":[[[32.862397,24.520978],[32.86325,24.520096],[32.862255,24.520491],[32.862397,24.520978]]]}},{"type":"Feature","properties":{"source_layer":"Agricultural_Changes","source_feature_count":1,"سعر_الأرض_2023":1528113.625892496,"سعر_الأرض_2014":null,"سعر_الايجار_زراعية_2023":null,"نوع_ملكية_الأرض":"ايجار","أنواع_المحاصيل_المزروعة":"خضروات","اسم_المحور":"محور كلبشة","اسم_المحافظة":"محافظة أسوان","المساحة_كم2":0.024746779366680096,"نسبة_المساحة":0.28205784461844624,"المساحة_فدان":6.1124545035699835,"فرق_السعر":1528113.625892496,"GlobalID":"{75CCF94D-2FB0-47AC-A2E0-0EB2ABEDFE62}","SHAPE_Length":0.007910285084433479,"SHAPE_Area":0.00000220606351206055},"geometry":{"type":"Polygon","coordinates":[[[32.741729,24.502972],[32.738605,24.501847],[32.738465,24.502513],[32.741729,24.502972]]]}},{"type":"Feature","properties":{"source_layer":"Agricultural_Changes","source_feature_count":1,"سعر_الأرض_2023":7298371.881217204,"سعر_الأرض_2014":null,"سعر_الايجار_زراعية_2023":null,"نوع_ملكية_الأرض":"ايجار","أنواع_المحاصيل_المزروعة":"خضروات","اسم_المحور":"محور كلبشة","اسم_المحافظة":"محافظة أسوان","المساحة_كم2":0.11819225718570371,"نسبة_المساحة":1.3471269460330177,"المساحة_فدان":29.193487524868814,"فرق_السعر":7298371.881217204,"GlobalID":"{2E69440D-9818-4C20-8410-1B8CB94AD2C5}","SHAPE_Length":0.013323870526637634,"SHAPE_Area":0.000010535626475615855},"geometry":{"type":"Polygon","coordinates":[[[32.755908,24.491638],[32.758253,24.495886],[32.758493,24.491929],[32.755908,24.491638]]]}},{"type":"Feature","properties":{"source_layer":"Agricultural_Changes","source_feature_count":1,"سعر_الأرض_2023":468491.2826509831,"سعر_الأرض_2014":140547.38479529493,"سعر_الايجار_زراعية_2023":null,"نوع_ملكية_الأرض":"تمليك","أنواع_المحاصيل_المزروعة":"محاصيل موسمية","اسم_المحور":"محور كلبشة","اسم_المحافظة":"محافظة أسوان","المساحة_كم2":0.004741814601730598,"نسبة_المساحة":0.054046063381694764,"المساحة_فدان":1.1712282066274577,"فرق_السعر":327943.8978556881,"GlobalID":"{DC034E63-BB55-481E-BB95-ECB43A94E708}","SHAPE_Length":0.0031912772264263397,"SHAPE_Area":4.228996827435944e-7},"geometry":{"type":"Polygon","coordinates":[[[32.865288,24.558461],[32.866392,24.557785],[32.865204,24.558167],[32.865288,24.558461]]]}},{"type":"Feature","properties":{"source_layer":"Agricultural_Changes","source_feature_count":1,"سعر_الأرض_2023":987535.4776969111,"سعر_الأرض_2014":296260.64330907335,"سعر_الايجار_زراعية_2023":null,"نوع_ملكية_الأرض":"تمليك","أنواع_المحاصيل_المزروعة":"محاصيل موسمية","اسم_المحور":"محور كلبشة","اسم_المحافظة":"محافظة أسوان","المساحة_كم2":0.009995298357256186,"نسبة_المساحة":0.11392400882524187,"المساحة_فدان":2.4688386942422778,"فرق_السعر":691274.8343878377,"GlobalID":"{51ABCE54-83CD-4D85-A8DE-A9724DCCCA3C}","SHAPE_Length":0.003827656306063782,"SHAPE_Area":8.913770301890913e-7},"geometry":{"type":"Polygon","coordinates":[[[32.866183,24.550493],[32.867042,24.549369],[32.865969,24.549695],[32.866183,24.550493]]]}},{"type":"Feature","properties":{"source_layer":"Agricultural_Changes","source_feature_count":1,"سعر_الأرض_2023":425603.48145657877,"سعر_الأرض_2014":147324.2820426619,"سعر_الايجار_زراعية_2023":null,"نوع_ملكية_الأرض":"تمليك","أنواع_المحاصيل_المزروعة":"محاصيل موسمية","اسم_المحور":"محور كلبشة","اسم_المحافظة":"محافظة أسوان","المساحة_كم2":0.006627273146318574,"نسبة_المساحة":0.07553606680088562,"المساحة_فدان":1.6369364671406876,"فرق_السعر":278279.1994139169,"GlobalID":"{43F2F547-609C-483C-902D-0C7C8D4C5659}","SHAPE_Length":0.0031332377312352474,"SHAPE_Area":5.909736591021722e-7},"geometry":{"type":"Polygon","coordinates":[[[32.865697,24.540797],[32.866369,24.539975],[32.86544,24.540197],[32.865697,24.540797]]]}},{"type":"Feature","properties":{"source_layer":"Agricultural_Changes","source_feature_count":1,"سعر_الأرض_2023":453680.3032860146,"سعر_الأرض_2014":143267.46419558357,"سعر_الايجار_زراعية_2023":null,"نوع_ملكية_الأرض":"تمليك","أنواع_المحاصيل_المزروعة":"محاصيل موسمية","اسم_المحور":"محور كلبشة","اسم_المحافظة":"محافظة أسوان","المساحة_كم2":0.004833585161794317,"نسبة_المساحة":0.055092042173013854,"المساحة_فدان":1.1938955349631963,"فرق_السعر":310412.839090431,"GlobalID":"{FEA42F34-7F21-459D-BF25-A63C124BA3E8}","SHAPE_Length":0.0031199007881077285,"SHAPE_Area":4.3111298378976396e-7},"geometry":{"type":"Polygon","coordinates":[[[32.876833,24.566882],[32.877833,24.56614],[32.876713,24.566549],[32.876833,24.566882]]]}},{"type":"Feature","properties":{"source_layer":"Agricultural_Changes","source_feature_count":1,"سعر_الأرض_2023":1451912.0887481684,"سعر_الأرض_2014":458498.5543415269,"سعر_الايجار_زراعية_2023":null,"نوع_ملكية_الأرض":"تمليك","أنواع_المحاصيل_المزروعة":"محاصيل موسمية","اسم_المحور":"محور كلبشة","اسم_المحافظة":"محافظة أسوان","المساحة_كم2":0.015468912089795102,"نسبة_المساحة":0.17631094284998133,"المساحة_فدان":3.82082128617939,"فرق_السعر":993413.5344066415,"GlobalID":"{9FBE7986-3860-482F-9702-89A54B41620B}","SHAPE_Length":0.0047443355478445715,"SHAPE_Area":0.000001379728369195566},"geometry":{"type":"Polygon","coordinates":[[[32.870688,24.570647],[32.871328,24.569276],[32.870279,24.569478],[32.870688,24.570647]]]}},{"type":"Feature","properties":{"source_layer":"Agricultural_Changes","source_feature_count":1,"سعر_الأرض_2023":768168.9192419187,"سعر_الأرض_2014":230450.67577257563,"سعر_الايجار_زراعية_2023":null,"نوع_ملكية_الأرض":"تمليك","أنواع_المحاصيل_المزروعة":"محاصيل موسمية","اسم_المحور":"محور كلبشة","اسم_المحافظة":"محافظة أسوان","المساحة_كم2":0.007774989061153025,"نسبة_المساحة":0.08861745700426556,"المساحة_فدان":1.920422298104797,"فرق_السعر":537718.243469343,"GlobalID":"{02FA6448-2F2F-489B-ACDA-AFBBC9C160ED}","SHAPE_Length":0.003836711466942585,"SHAPE_Area":6.937245822831474e-7},"geometry":{"type":"Polygon","coordinates":[[[32.88537,24.615591],[32.886756,24.615003],[32.885371,24.615094],[32.88537,24.615591]]]}},{"type":"Feature","properties":{"source_layer":"Agricultural_Changes","source_feature_count":1,"سعر_الأرض_2023":615863.1700389496,"سعر_الأرض_2014":205287.72334631652,"سعر_الايجار_زراعية_2023":null,"نوع_ملكية_الأرض":"ايجار","أنواع_المحاصيل_المزروعة":"فاكهة","اسم_المحور":"محور كلبشة","اسم_المحافظة":"محافظة أسوان","المساحة_كم2":0.008311243860174757,"نسبة_المساحة":0.09472956034252956,"المساحة_فدان":2.0528772334631653,"فرق_السعر":410575.4466926331,"GlobalID":"{13FAA359-3625-4340-85E2-BFA2797EBB4B}","SHAPE_Length":0.003504630656896526,"SHAPE_Area":7.416783475179644e-7},"geometry":{"type":"Polygon","coordinates":[[[32.899429,24.632814],[32.898774,24.633851],[32.89976,24.633437],[32.899429,24.632814]]]}},{"type":"Feature","properties":{"source_layer":"Agricultural_Changes","source_feature_count":1,"سعر_الأرض_2023":370810.53973159014,"سعر_الأرض_2014":123603.51324386339,"سعر_الايجار_زراعية_2023":null,"نوع_ملكية_الأرض":"ايجار","أنواع_المحاصيل_المزروعة":"فاكهة","اسم_المحور":"محور كلبشة","اسم_المحافظة":"محافظة أسوان","المساحة_كم2":0.005004190819589611,"نسبة_المساحة":0.05703656446435672,"المساحة_فدان":1.2360351324386338,"فرق_السعر":247207.02648772675,"GlobalID":"{657D1054-F5FF-409F-B7FD-55E6EA9B8A1D}","SHAPE_Length":0.0026914274250261507,"SHAPE_Area":4.465548090601204e-7},"geometry":{"type":"Polygon","coordinates":[[[32.893201,24.631328],[32.893594,24.630505],[32.89291,24.630795],[32.893201,24.631328]]]}},{"type":"Feature","properties":{"source_layer":"Agricultural_Changes","source_feature_count":1,"سعر_الأرض_2023":1770424.989344271,"سعر_الأرض_2014":472113.3304918056,"سعر_الايجار_زراعية_2023":null,"نوع_ملكية_الأرض":"تمليك","أنواع_المحاصيل_المزروعة":"محاصيل موسمية","اسم_المحور":"محور كلبشة","اسم_المحافظة":"محافظة أسوان","المساحة_كم2":0.01592825001659263,"نسبة_المساحة":0.18154636616160874,"المساحة_فدان":3.93427775409838,"فرق_السعر":1298311.6588524652,"GlobalID":"{E90D2BC8-55D1-41FC-9C98-39CD9A66AE13}","SHAPE_Length":0.004810727048812479,"SHAPE_Area":0.000001421009464086464},"geometry":{"type":"Polygon","coordinates":[[[32.876613,24.597677],[32.878237,24.598391],[32.877968,24.597346],[32.876613,24.597677]]]}},{"type":"Feature","properties":{"source_layer":"Agricultural_Changes","source_feature_count":1,"سعر_الأرض_2023":461680.4015084013,"سعر_الأرض_2014":138504.1204525204,"سعر_الايجار_زراعية_2023":null,"نوع_ملكية_الأرض":"تمليك","أنواع_المحاصيل_المزروعة":"محاصيل موسمية","اسم_المحور":"محور كلبشة","اسم_المحافظة":"محافظة أسوان","المساحة_كم2":0.004672878557777342,"نسبة_المساحة":0.05326034691791289,"المساحة_فدان":1.1542010037710033,"فرق_السعر":323176.28105588094,"GlobalID":"{4D556AE6-36BA-4495-A0A9-955E66FDD674}","SHAPE_Length":0.002635039906716611,"SHAPE_Area":4.1691168313911204e-7},"geometry":{"type":"Polygon","coordinates":[[[32.883824,24.606596],[32.883251,24.607366],[32.884001,24.607094],[32.883824,24.606596]]]}},{"type":"Feature","properties":{"source_layer":"Agricultural_Changes","source_feature_count":1,"سعر_الأرض_2023":618016.0552171706,"سعر_الأرض_2014":188838.23909413547,"سعر_الايجار_زراعية_2023":null,"نوع_ملكية_الأرض":"تمليك","أنواع_المحاصيل_المزروعة":"محاصيل موسمية","اسم_المحور":"محور كلبشة","اسم_المحافظة":"محافظة أسوان","المساحة_كم2":0.006950248034381137,"نسبة_المساحة":0.07921725696478499,"المساحة_فدان":1.7167112644921407,"فرق_السعر":429177.81612303515,"GlobalID":"{64A8E30B-A120-4D26-BE3A-43213A449D5C}","SHAPE_Length":0.003276390872867098,"SHAPE_Area":6.199561338066843e-7},"geometry":{"type":"Polygon","coordinates":[[[32.879333,24.577538],[32.880496,24.577936],[32.880367,24.577357],[32.879333,24.577538]]]}},{"type":"Feature","properties":{"source_layer":"Agricultural_Changes","source_feature_count":1,"سعر_الأرض_2023":1416350.9822333306,"سعر_الأرض_2014":283270.1964466661,"سعر_الايجار_زراعية_2023":null,"نوع_ملكية_الأرض":"تمليك","أنواع_المحاصيل_المزروعة":"محاصيل موسمية","اسم_المحور":"محور كلبشة","اسم_المحافظة":"محافظة أسوان","المساحة_كم2":0.014335536257422375,"نسبة_المساحة":0.1633929974606062,"المساحة_فدان":3.5408774555833262,"فرق_السعر":1133080.7857866646,"GlobalID":"{DDB60CBC-1328-4B73-9861-6397502DBB66}","SHAPE_Length":0.004868667906972685,"SHAPE_Area":0.0000012779028893496832},"geometry":{"type":"Polygon","coordinates":[[[32.863066,24.495422],[32.862709,24.4972],[32.863377,24.497029],[32.863066,24.495422]]]}},{"type":"Feature","properties":{"source_layer":"Agricultural_Changes","source_feature_count":1,"سعر_الأرض_2023":356198.4163025625,"سعر_الأرض_2014":81416.78086915714,"سعر_الايجار_زراعية_2023":null,"نوع_ملكية_الأرض":"تمليك","أنواع_المحاصيل_المزروعة":"محاصيل موسمية","اسم_المحور":"محور كلبشة","اسم_المحافظة":"محافظة أسوان","المساحة_كم2":0.004120282432649653,"نسبة_المساحة":0.04696198907148211,"المساحة_فدان":1.0177097608644643,"فرق_السعر":274781.6354334054,"GlobalID":"{CA4F2221-4B91-47D3-8626-1039CF93E86D}","SHAPE_Length":0.002598985560858784,"SHAPE_Area":3.673126631554058e-7},"geometry":{"type":"Polygon","coordinates":[[[32.862158,24.503807],[32.863037,24.503257],[32.862172,24.503535],[32.862158,24.503807]]]}},{"type":"Feature","properties":{"source_layer":"Agricultural_Changes","source_feature_count":1,"سعر_الأرض_2023":1813492.0226012603,"سعر_الأرض_2014":414512.4623088595,"سعر_الايجار_زراعية_2023":null,"نوع_ملكية_الأرض":"تمليك","أنواع_المحاصيل_المزروعة":"محاصيل موسمية","اسم_المحور":"محور كلبشة","اسم_المحافظة":"محافظة أسوان","المساحة_كم2":0.020977351331420018,"نسبة_المساحة":0.23909480965878094,"المساحة_فدان":5.181405778860744,"فرق_السعر":1398979.560292401,"GlobalID":"{09BC8B11-F724-41DE-893F-27723BFDCC11}","SHAPE_Length":0.00614767880066483,"SHAPE_Area":0.0000018700957080721399},"geometry":{"type":"Polygon","coordinates":[[[32.871368,24.504412],[32.869371,24.505542],[32.871392,24.505523],[32.871368,24.504412]]]}},{"type":"Feature","properties":{"source_layer":"Agricultural_Changes","source_feature_count":1,"سعر_الأرض_2023":749395.9263524264,"سعر_الأرض_2014":171290.4974519832,"سعر_الايجار_زراعية_2023":null,"نوع_ملكية_الأرض":"تمليك","أنواع_المحاصيل_المزروعة":"محاصيل موسمية","اسم_المحور":"محور كلبشة","اسم_المحافظة":"محافظة أسوان","المساحة_كم2":0.008668547441901984,"نسبة_المساحة":0.0988020207077004,"المساحة_فدان":2.14113121814979,"فرق_السعر":578105.4289004433,"GlobalID":"{5B83C508-4C6C-4DAD-AC56-EB7A03918D1B}","SHAPE_Length":0.0036027085955463913,"SHAPE_Area":7.727917073272139e-7},"geometry":{"type":"Polygon","coordinates":[[[32.867048,24.505499],[32.865986,24.50618],[32.867076,24.50624],[32.867048,24.505499]]]}},{"type":"Feature","properties":{"source_layer":"Agricultural_Changes","source_feature_count":1,"سعر_الأرض_2023":2025357.6665540389,"سعر_الأرض_2014":462938.89521235175,"سعر_الايجار_زراعية_2023":null,"نوع_ملكية_الأرض":"تمليك","أنواع_المحاصيل_المزروعة":"محاصيل موسمية","اسم_المحور":"محور كلبشة","اسم_المحافظة":"محافظة أسوان","المساحة_كم2":0.023428081741515776,"نسبة_المساحة":0.2670276459672991,"المساحة_فدان":5.7867361901543966,"فرق_السعر":1562418.771341687,"GlobalID":"{5BE70218-9CEF-46CB-8980-3C0107CFD4A7}","SHAPE_Length":0.0057931800574690445,"SHAPE_Area":0.0000020885618533333284},"geometry":{"type":"Polygon","coordinates":[[[32.866677,24.504778],[32.868097,24.503552],[32.866825,24.503082],[32.866677,24.504778]]]}},{"type":"Feature","properties":{"source_layer":"Agricultural_Changes","source_feature_count":1,"سعر_الأرض_2023":1541405.0660538531,"سعر_الأرض_2014":352321.1579551664,"سعر_الايجار_زراعية_2023":null,"نوع_ملكية_الأرض":"تمليك","أنواع_المحاصيل_المزروعة":"محاصيل موسمية","اسم_المحور":"محور كلبشة","اسم_المحافظة":"محافظة أسوان","المساحة_كم2":0.01783001811514,"نسبة_المساحة":0.2032222619576747,"المساحة_فدان":4.40401447443958,"فرق_السعر":1189083.9080986867,"GlobalID":"{C6EB603D-BCA0-44B5-8A3A-062E737CB224}","SHAPE_Length":0.0059280951013161,"SHAPE_Area":0.000001589519380276369},"geometry":{"type":"Polygon","coordinates":[[[32.867043,24.504778],[32.86485,24.505505],[32.867048,24.505499],[32.867043,24.504778]]]}},{"type":"Feature","properties":{"source_layer":"Agricultural_Changes","source_feature_count":1,"سعر_الأرض_2023":396397.1599908521,"سعر_الأرض_2014":90605.0651407662,"سعر_الايجار_زراعية_2023":null,"نوع_ملكية_الأرض":"تمليك","أنواع_المحاصيل_المزروعة":"محاصيل موسمية","اسم_المحور":"محور كلبشة","اسم_المحافظة":"محافظة أسوان","المساحة_كم2":0.004585276575949707,"نسبة_المساحة":0.052261880579627454,"المساحة_فدان":1.1325633142595775,"فرق_السعر":305792.0948500859,"GlobalID":"{33AC8CBC-DDCB-4F2B-BB66-C2F7DF760901}","SHAPE_Length":0.0028102268373939943,"SHAPE_Area":4.087684834998218e-7},"geometry":{"type":"Polygon","coordinates":[[[32.863469,24.503692],[32.863184,24.504654],[32.863744,24.504675],[32.863469,24.503692]]]}},{"type":"Feature","properties":{"source_layer":"Agricultural_Changes","source_feature_count":1,"سعر_الأرض_2023":425313.81385309325,"سعر_الأرض_2014":97214.58602356417,"سعر_الايجار_زراعية_2023":null,"نوع_ملكية_الأرض":"تمليك","أنواع_المحاصيل_المزروعة":"محاصيل موسمية","اسم_المحور":"محور كلبشة","اسم_المحافظة":"محافظة أسوان","المساحة_كم2":0.0049197664991682275,"نسبة_المساحة":0.056074316347193856,"المساحة_فدان":1.2151823252945522,"فرق_السعر":328099.2278295291,"GlobalID":"{649A08C3-0FA3-4F84-8D05-AF87349FF2FE}","SHAPE_Length":0.00282367201982516,"SHAPE_Area":4.3858653000356476e-7},"geometry":{"type":"Polygon","coordinates":[[[32.86276,24.504776],[32.863149,24.503757],[32.862628,24.503827],[32.86276,24.504776]]]}},{"type":"Feature","properties":{"source_layer":"Agricultural_Changes","source_feature_count":1,"سعر_الأرض_2023":595353.5865344232,"سعر_الأرض_2014":136080.81977929673,"سعر_الايجار_زراعية_2023":null,"نوع_ملكية_الأرض":"تمليك","أنواع_المحاصيل_المزروعة":"محاصيل موسمية","اسم_المحور":"محور كلبشة","اسم_المحافظة":"محافظة أسوان","المساحة_كم2":0.006886681162919875,"نسبة_المساحة":0.07849273703886517,"المساحة_فدان":1.701010247241209,"فرق_السعر":459272.7667551264,"GlobalID":"{113E0940-9B44-4DDC-AB45-62CFA1FF09C1}","SHAPE_Length":0.0033385444636775128,"SHAPE_Area":6.139334874568073e-7},"geometry":{"type":"Polygon","coordinates":[[[32.862096,24.505011],[32.862628,24.503827],[32.862158,24.503807],[32.862096,24.505011]]]}},{"type":"Feature","properties":{"source_layer":"Agricultural_Changes","source_feature_count":1,"سعر_الأرض_2023":392633.270279761,"سعر_الأرض_2014":89744.7474925168,"سعر_الايجار_زراعية_2023":null,"نوع_ملكية_الأرض":"تمليك","أنواع_المحاصيل_المزروعة":"محاصيل موسمية","اسم_المحور":"محور كلبشة","اسم_المحافظة":"محافظة أسوان","المساحة_كم2":0.004541738233426964,"نسبة_المساحة":0.051765641013732294,"المساحة_فدان":1.12180934365646,"فرق_السعر":302888.5227872442,"GlobalID":"{BFC09AED-B3DA-4A26-A7CC-20B7D7FC4679}","SHAPE_Length":0.002690907901000761,"SHAPE_Area":4.048867247030332e-7},"geometry":{"type":"Polygon","coordinates":[[[32.866218,24.504792],[32.865688,24.50395],[32.865817,24.504804],[32.866218,24.504792]]]}},{"type":"Feature","properties":{"source_layer":"Agricultural_Changes","source_feature_count":1,"سعر_الأرض_2023":420470.2162334137,"سعر_الأرض_2014":96107.47799620885,"سعر_الايجار_زراعية_2023":null,"نوع_ملكية_الأرض":"تمليك","أنواع_المحاصيل_المزروعة":"محاصيل موسمية","اسم_المحور":"محور كلبشة","اسم_المحافظة":"محافظة أسوان","المساحة_كم2":0.0048637387649903266,"نسبة_المساحة":0.05543572569638974,"المساحة_فدان":1.2013434749526106,"فرق_السعر":324362.73823720485,"GlobalID":"{43E40C8D-EC29-48F4-8AAF-199D75B3BA2B}","SHAPE_Length":0.00277703547057401,"SHAPE_Area":4.335923125692903e-7},"geometry":{"type":"Polygon","coordinates":[[[32.866677,24.504778],[32.866198,24.503879],[32.866218,24.504792],[32.866677,24.504778]]]}},{"type":"Feature","properties":{"source_layer":"Agricultural_Changes","source_feature_count":1,"سعر_الأرض_2023":691391.8898909194,"سعر_الأرض_2014":158032.4319750673,"سعر_الايجار_زراعية_2023":null,"نوع_ملكية_الأرض":"تمليك","أنواع_المحاصيل_المزروعة":"محاصيل موسمية","اسم_المحور":"محور كلبشة","اسم_المحافظة":"محافظة أسوان","المساحة_كم2":0.007997592711288833,"نسبة_المساحة":0.0911546399172891,"المساحة_فدان":1.9754053996883414,"فرق_السعر":533359.4579158521,"GlobalID":"{051BEDE2-D5D7-410E-8F8A-AA29AB9CC3C7}","SHAPE_Length":0.0036900448234631787,"SHAPE_Area":7.129669115588966e-7},"geometry":{"type":"Polygon","coordinates":[[[32.864571,24.503662],[32.86417,24.50476],[32.864765,24.50478],[32.864571,24.503662]]]}},{"type":"Feature","properties":{"source_layer":"Agricultural_Changes","source_feature_count":1,"سعر_الأرض_2023":280279.52589011716,"سعر_الأرض_2014":64063.89163202678,"سعر_الايجار_زراعية_2023":null,"نوع_ملكية_الأرض":"تمليك","أنواع_المحاصيل_المزروعة":"محاصيل موسمية","اسم_المحور":"محور كلبشة","اسم_المحافظة":"محافظة أسوان","المساحة_كم2":0.0032420997789487237,"نسبة_المساحة":0.036952674210183396,"المساحة_فدان":0.8007986454003347,"فرق_السعر":216215.63425809037,"GlobalID":"{F73021EA-406C-44E6-BA7F-C9CEAE8FE619}","SHAPE_Length":0.0022008410816124297,"SHAPE_Area":2.8903015034158483e-7},"geometry":{"type":"Polygon","coordinates":[[[32.862663,24.506238],[32.863118,24.505598],[32.862596,24.505634],[32.862663,24.506238]]]}},{"type":"Feature","properties":{"source_layer":"Agricultural_Changes","source_feature_count":1,"سعر_الأرض_2023":326409.60045694094,"سعر_الأرض_2014":74607.90867587221,"سعر_الايجار_زراعية_2023":null,"نوع_ملكية_الأرض":"تمليك","أنواع_المحاصيل_المزروعة":"محاصيل موسمية","اسم_المحور":"محور كلبشة","اسم_المحافظة":"محافظة أسوان","المساحة_كم2":0.003775703880357905,"نسبة_المساحة":0.043034565534017015,"المساحة_فدان":0.9325988584484025,"فرق_السعر":251801.69178106874,"GlobalID":"{C31C9993-00E1-4B36-9547-D2EBBC3B6CB1}","SHAPE_Length":0.002324557272782272,"SHAPE_Area":3.3659990360275945e-7},"geometry":{"type":"Polygon","coordinates":[[[32.863122,24.506205],[32.863664,24.505559],[32.863118,24.505598],[32.863122,24.506205]]]}},{"type":"Feature","properties":{"source_layer":"Agricultural_Changes","source_feature_count":1,"سعر_الأرض_2023":348784.39531543467,"سعر_الأرض_2014":79722.14750067078,"سعر_الايجار_زراعية_2023":null,"نوع_ملكية_الأرض":"تمليك","أنواع_المحاصيل_المزروعة":"محاصيل موسمية","اسم_المحور":"محور كلبشة","اسم_المحافظة":"محافظة أسوان","المساحة_كم2":0.0040345216346493315,"نسبة_المساحة":0.04598450810402748,"المساحة_فدان":0.9965268437583847,"فرق_السعر":269062.2478147639,"GlobalID":"{482629CC-445E-46EB-B031-BCBBE12F5284}","SHAPE_Length":0.0023549956942071184,"SHAPE_Area":3.596739933302699e-7},"geometry":{"type":"Polygon","coordinates":[[[32.862066,24.506281],[32.862596,24.505634],[32.862062,24.505672],[32.862066,24.506281]]]}},{"type":"Feature","properties":{"source_layer":"Agricultural_Changes","source_feature_count":1,"سعر_الأرض_2023":358094.75140456215,"سعر_الأرض_2014":81850.22889247135,"سعر_الايجار_زراعية_2023":null,"نوع_ملكية_الأرض":"تمليك","أنواع_المحاصيل_المزروعة":"محاصيل موسمية","اسم_المحور":"محور كلبشة","اسم_المحافظة":"محافظة أسوان","المساحة_كم2":0.0041422180613598855,"نسبة_المساحة":0.047212006096432405,"المساحة_فدان":1.0231278611558918,"فرق_السعر":276244.5225120908,"GlobalID":"{BBB7760F-74EF-4304-BB92-CB32CC720254}","SHAPE_Length":0.002430771815864847,"SHAPE_Area":3.69274410244818e-7},"geometry":{"type":"Polygon","coordinates":[[[32.863684,24.506165],[32.86429,24.505527],[32.863664,24.505559],[32.863684,24.506165]]]}},{"type":"Feature","properties":{"source_layer":"Agricultural_Changes","source_feature_count":1,"سعر_الأرض_2023":492146.80517942173,"سعر_الأرض_2014":112490.69832672497,"سعر_الايجار_زراعية_2023":null,"نوع_ملكية_الأرض":"تمليك","أنواع_المحاصيل_المزروعة":"محاصيل موسمية","اسم_المحور":"محور كلبشة","اسم_المحافظة":"محافظة أسوان","المساحة_كم2":0.005692849105603491,"نسبة_المساحة":0.06488572612509555,"المساحة_فدان":1.406133729084062,"فرق_السعر":379656.10685269674,"GlobalID":"{6E0D14BE-BE5D-4A30-A1FE-91B0D3AD660E}","SHAPE_Length":0.0028645939215396206,"SHAPE_Area":5.075118344885233e-7},"geometry":{"type":"Polygon","coordinates":[[[32.865986,24.50618],[32.8652,24.505504],[32.865194,24.50614],[32.865986,24.50618]]]}},{"type":"Feature","properties":{"source_layer":"Agricultural_Changes","source_feature_count":1,"سعر_الأرض_2023":540539.5429306291,"سعر_الأرض_2014":123551.89552700095,"سعر_الايجار_زراعية_2023":null,"نوع_ملكية_الأرض":"تمليك","أنواع_المحاصيل_المزروعة":"محاصيل موسمية","اسم_المحور":"محور كلبشة","اسم_المحافظة":"محافظة أسوان","المساحة_كم2":0.006252626291852275,"نسبة_المساحة":0.07126593198058956,"المساحة_فدان":1.5443986940875118,"فرق_السعر":416987.64740362816,"GlobalID":"{CC1FC2AF-2528-48FE-B107-53DAD113458F}","SHAPE_Length":0.0030513505205625024,"SHAPE_Area":5.574152057896367e-7},"geometry":{"type":"Polygon","coordinates":[[[32.865194,24.50614],[32.86429,24.505527],[32.864285,24.506122],[32.865194,24.50614]]]}},{"type":"Feature","properties":{"source_layer":"Agricultural_Changes","source_feature_count":1,"سعر_الأرض_2023":211806.6241839228,"سعر_الأرض_2014":48412.94267061093,"سعر_الايجار_زراعية_2023":null,"نوع_ملكية_الأرض":"تمليك","أنواع_المحاصيل_المزروعة":"محاصيل موسمية","اسم_المحور":"محور كلبشة","اسم_المحافظة":"محافظة أسوان","المساحة_كم2":0.0024500477060025775,"نسبة_المساحة":0.027925055011316577,"المساحة_فدان":0.6051617833826366,"فرق_السعر":163393.68151331187,"GlobalID":"{0E43E289-BB25-4C5A-8C65-1760A78B0569}","SHAPE_Length":0.0019862938062670497,"SHAPE_Area":2.1841496932257443e-7},"geometry":{"type":"Polygon","coordinates":[[[32.862661,24.503378],[32.863284,24.502922],[32.862613,24.502954],[32.862661,24.503378]]]}},{"type":"Feature","properties":{"source_layer":"Agricultural_Changes","source_feature_count":1,"سعر_الأرض_2023":216659.74861184202,"سعر_الأرض_2014":49522.22825413532,"سعر_الايجار_زراعية_2023":null,"نوع_ملكية_الأرض":"تمليك","أنواع_المحاصيل_المزروعة":"محاصيل موسمية","اسم_المحور":"محور كلبشة","اسم_المحافظة":"محافظة أسوان","المساحة_كم2":0.002506185640391464,"نسبة_المساحة":0.028564901697644605,"المساحة_فدان":0.6190278531766915,"فرق_السعر":167137.5203577067,"GlobalID":"{33BD5C7A-838D-4F49-A7FA-0AA7B2689C20}","SHAPE_Length":0.0019172987072144914,"SHAPE_Area":2.234193301751835e-7},"geometry":{"type":"Polygon","coordinates":[[[32.862172,24.503535],[32.862613,24.502954],[32.862197,24.502974],[32.862172,24.503535]]]}},{"type":"Feature","properties":{"source_layer":"Agricultural_Changes","source_feature_count":1,"سعر_الأرض_2023":216820.45899220667,"سعر_الأرض_2014":49558.962055361524,"سعر_الايجار_زراعية_2023":null,"نوع_ملكية_الأرض":"تمليك","أنواع_المحاصيل_المزروعة":"محاصيل موسمية","اسم_المحور":"محور كلبشة","اسم_المحافظة":"محافظة أسوان","المساحة_كم2":0.002508044638429227,"نسبة_المساحة":0.02858609011056542,"المساحة_فدان":0.6194870256920191,"فرق_السعر":167261.49693684513,"GlobalID":"{DC62195A-239E-4141-9FC2-D1EEB44712AA}","SHAPE_Length":0.0019075750519247237,"SHAPE_Area":2.2358419959495632e-7},"geometry":{"type":"Polygon","coordinates":[[[32.864263,24.503032],[32.864718,24.502458],[32.864258,24.502534],[32.864263,24.503032]]]}},{"type":"Feature","properties":{"source_layer":"Agricultural_Changes","source_feature_count":1,"سعر_الأرض_2023":259108.5649893369,"سعر_الأرض_2014":59224.81485470558,"سعر_الايجار_زراعية_2023":null,"نوع_ملكية_الأرض":"تمليك","أنواع_المحاصيل_المزروعة":"محاصيل موسمية","اسم_المحور":"محور كلبشة","اسم_المحافظة":"محافظة أسوان","المساحة_كم2":0.002997207229489149,"نسبة_المساحة":0.03416144777864672,"المساحة_فدان":0.7403101856838198,"فرق_السعر":199883.75013463132,"GlobalID":"{8A2F466A-75E7-4CEE-B692-D1A521F5C030}","SHAPE_Length":0.002146667836693205,"SHAPE_Area":2.6719167240972787e-7},"geometry":{"type":"Polygon","coordinates":[[[32.863251,24.503188],[32.863715,24.502501],[32.863324,24.502476],[32.863251,24.503188]]]}},{"type":"Feature","properties":{"source_layer":"Agricultural_Changes","source_feature_count":1,"سعر_الأرض_2023":278697.9760001577,"سعر_الأرض_2014":63702.394514321764,"سعر_الايجار_زراعية_2023":null,"نوع_ملكية_الأرض":"تمليك","أنواع_المحاصيل_المزروعة":"محاصيل موسمية","اسم_المحور":"محور كلبشة","اسم_المحافظة":"محافظة أسوان","المساحة_كم2":0.0032238053904008993,"نسبة_المساحة":0.03674415916562129,"المساحة_فدان":0.7962799314290221,"فرق_السعر":214995.58148583595,"GlobalID":"{AE5E7479-2530-496F-9D09-EAC177013052}","SHAPE_Length":0.0021506242335640044,"SHAPE_Area":2.8739220876368395e-7},"geometry":{"type":"Polygon","coordinates":[[[32.863714,24.503059],[32.864258,24.502534],[32.863715,24.502501],[32.863714,24.503059]]]}},{"type":"Feature","properties":{"source_layer":"Agricultural_Changes","source_feature_count":1,"سعر_الأرض_2023":331382.88267748756,"سعر_الأرض_2014":75744.65889771144,"سعر_الايجار_زراعية_2023":null,"نوع_ملكية_الأرض":"تمليك","أنواع_المحاصيل_المزروعة":"محاصيل موسمية","اسم_المحور":"محور كلبشة","اسم_المحافظة":"محافظة أسوان","المساحة_كم2":0.0038332317255926843,"نسبة_المساحة":0.04369025409017365,"المساحة_فدان":0.946808236221393,"فرق_السعر":255638.22377977613,"GlobalID":"{14730465-9004-4988-A356-2BDF161A6132}","SHAPE_Length":0.002467729411129879,"SHAPE_Area":3.417202117590294e-7},"geometry":{"type":"Polygon","coordinates":[[[32.864737,24.502914],[32.86554,24.502352],[32.864718,24.502458],[32.864737,24.502914]]]}},{"type":"Feature","properties":{"source_layer":"Agricultural_Changes","source_feature_count":1,"سعر_الأرض_2023":370886.4366133064,"سعر_الأرض_2014":84774.04265447003,"سعر_الايجار_زراعية_2023":null,"نوع_ملكية_الأرض":"تمليك","أنواع_المحاصيل_المزروعة":"محاصيل موسمية","اسم_المحور":"محور كلبشة","اسم_المحافظة":"محافظة أسوان","المساحة_كم2":0.004290184344861844,"نسبة_المساحة":0.04889849023977745,"المساحة_فدان":1.0596755331808754,"فرق_السعر":286112.3939588364,"GlobalID":"{5E229319-375B-4A78-9405-707442163A2B}","SHAPE_Length":0.0025461352718393403,"SHAPE_Area":3.824542090286018e-7},"geometry":{"type":"Polygon","coordinates":[[[32.864776,24.502377],[32.86566,24.501943],[32.864785,24.501905],[32.864776,24.502377]]]}},{"type":"Feature","properties":{"source_layer":"Agricultural_Changes","source_feature_count":1,"سعر_الأرض_2023":680757.827586031,"سعر_الأرض_2014":155601.7891625214,"سعر_الايجار_زراعية_2023":null,"نوع_ملكية_الأرض":"تمليك","أنواع_المحاصيل_المزروعة":"محاصيل موسمية","اسم_المحور":"محور كلبشة","اسم_المحافظة":"محافظة أسوان","المساحة_كم2":0.007874584471787521,"نسبة_المساحة":0.08975262156209397,"المساحة_فدان":1.9450223645315174,"فرق_السعر":525156.0384235097,"GlobalID":"{33C53CCF-22F5-436E-86DB-BACB2007938B}","SHAPE_Length":0.003442734920235937,"SHAPE_Area":7.020076694800205e-7},"geometry":{"type":"Polygon","coordinates":[[[32.86813,24.505561],[32.867043,24.504778],[32.867048,24.505499],[32.86813,24.505561]]]}},{"type":"Feature","properties":{"source_layer":"Agricultural_Changes","source_feature_count":1,"سعر_الأرض_2023":935205.4540167524,"سعر_الأرض_2014":213761.24663240055,"سعر_الايجار_زراعية_2023":null,"نوع_ملكية_الأرض":"تمليك","أنواع_المحاصيل_المزروعة":"محاصيل موسمية","اسم_المحور":"محور كلبشة","اسم_المحافظة":"محافظة أسوان","المساحة_كم2":0.010817876853866426,"نسبة_المساحة":0.12329956086559175,"المساحة_فدان":2.672015582905007,"فرق_السعر":721444.2073843519,"GlobalID":"{9C27AAC5-971D-49F3-91F4-E784550232E7}","SHAPE_Length":0.004102227554752821,"SHAPE_Area":9.643988549553089e-7},"geometry":{"type":"Polygon","coordinates":[[[32.869371,24.505542],[32.867958,24.504863],[32.86813,24.505561],[32.869371,24.505542]]]}},{"type":"Feature","properties":{"source_layer":"Agricultural_Changes","source_feature_count":1,"سعر_الأرض_2023":1225118.51134213,"سعر_الأرض_2014":280027.0883067725,"سعر_الايجار_زراعية_2023":null,"نوع_ملكية_الأرض":"تمليك","أنواع_المحاصيل_المزروعة":"محاصيل موسمية","اسم_المحور":"محور كلبشة","اسم_المحافظة":"محافظة أسوان","المساحة_كم2":0.014171411351557315,"نسبة_المساحة":0.16152234122245207,"المساحة_فدان":3.5003386038346567,"فرق_السعر":945091.4230353574,"GlobalID":"{699AEA69-7D9F-4770-BE79-823E8EB65D67}","SHAPE_Length":0.0045811737606475875,"SHAPE_Area":0.000001263351321993452},"geometry":{"type":"Polygon","coordinates":[[[32.868079,24.504861],[32.869058,24.503671],[32.868097,24.503552],[32.868079,24.504861]]]}},{"type":"Feature","properties":{"source_layer":"Agricultural_Changes","source_feature_count":1,"سعر_الأرض_2023":1716378.8004260086,"سعر_الأرض_2014":392315.1543830877,"سعر_الايجار_زراعية_2023":null,"نوع_ملكية_الأرض":"تمليك","أنواع_المحاصيل_المزروعة":"محاصيل موسمية","اسم_المحور":"محور كلبشة","اسم_المحافظة":"محافظة أسوان","المساحة_كم2":0.0198540057886178,"نسبة_المساحة":0.22629118709967136,"المساحة_فدان":4.903939429788596,"فرق_السعر":1324063.6460429209,"GlobalID":"{A596B350-8578-486B-A92A-57558C625AA3}","SHAPE_Length":0.006499813375025611,"SHAPE_Area":0.0000017699278207124937},"geometry":{"type":"Polygon","coordinates":[[[32.864263,24.503032],[32.866691,24.50346],[32.866724,24.502737],[32.864263,24.503032]]]}},{"type":"Feature","properties":{"source_layer":"Agricultural_Changes","source_feature_count":1,"سعر_الأرض_2023":452127.692553629,"سعر_الأرض_2014":103343.47258368663,"سعر_الايجار_زراعية_2023":null,"نوع_ملكية_الأرض":"تمليك","أنواع_المحاصيل_المزروعة":"محاصيل موسمية","اسم_المحور":"محور كلبشة","اسم_المحافظة":"محافظة أسوان","المساحة_كم2":0.005229932823061064,"نسبة_المساحة":0.059609517574559755,"المساحة_فدان":1.2917934072960828,"فرق_السعر":348784.21996994235,"GlobalID":"{A0A497F6-26DA-4D75-9D70-0DACC0079F0D}","SHAPE_Length":0.0028490672981995894,"SHAPE_Area":4.662409735744574e-7},"geometry":{"type":"Polygon","coordinates":[[[32.863431,24.505576],[32.863841,24.504697],[32.863376,24.50464],[32.863431,24.505576]]]}},{"type":"Feature","properties":{"source_layer":"Agricultural_Changes","source_feature_count":1,"سعر_الأرض_2023":491059.3062469464,"سعر_الأرض_2014":112242.12714215918,"سعر_الايجار_زراعية_2023":null,"نوع_ملكية_الأرض":"تمليك","أنواع_المحاصيل_المزروعة":"محاصيل موسمية","اسم_المحور":"محور كلبشة","اسم_المحافظة":"محافظة أسوان","المساحة_كم2":0.005680269592214534,"نسبة_المساحة":0.06474234785432083,"المساحة_فدان":1.4030265892769898,"فرق_السعر":378817.1791047872,"GlobalID":"{60662A15-B0FE-4FF0-B483-B40AB30EAEC8}","SHAPE_Length":0.0028241382990635633,"SHAPE_Area":5.06388443145809e-7},"geometry":{"type":"Polygon","coordinates":[[[32.862062,24.505672],[32.86268,24.504804],[32.862096,24.505011],[32.862062,24.505672]]]}},{"type":"Feature","properties":{"source_layer":"Agricultural_Changes","source_feature_count":1,"سعر_الأرض_2023":573874.1758845951,"سعر_الأرض_2014":131171.24020219318,"سعر_الايجار_زراعية_2023":null,"نوع_ملكية_الأرض":"تمليك","أنواع_المحاصيل_المزروعة":"محاصيل موسمية","اسم_المحور":"محور كلبشة","اسم_المحافظة":"محافظة أسوان","المساحة_كم2":0.006638220658005729,"نسبة_المساحة":0.07566084390843004,"المساحة_فدان":1.639640502527415,"فرق_السعر":442702.935682402,"GlobalID":"{42F31562-6D93-4B83-A608-AAD6D0C48940}","SHAPE_Length":0.003149315718163761,"SHAPE_Area":5.917876615276078e-7},"geometry":{"type":"Polygon","coordinates":[[[32.862774,24.505622],[32.863376,24.50464],[32.86268,24.504804],[32.862774,24.505622]]]}},{"type":"Feature","properties":{"source_layer":"Agricultural_Changes","source_feature_count":1,"سعر_الأرض_2023":643109.6707406462,"سعر_الأرض_2014":146996.49616929056,"سعر_الايجار_زراعية_2023":null,"نوع_ملكية_الأرض":"تمليك","أنواع_المحاصيل_المزروعة":"محاصيل موسمية","اسم_المحور":"محور كلبشة","اسم_المحافظة":"محافظة أسوان","المساحة_كم2":0.007439093935692843,"نسبة_المساحة":0.08478900507921606,"المساحة_فدان":1.837456202116132,"فرق_السعر":496113.17457135563,"GlobalID":"{0DA8CB38-3FDB-4C39-B7BF-B698C661EF88}","SHAPE_Length":0.0033600224346167617,"SHAPE_Area":6.63183610532573e-7},"geometry":{"type":"Polygon","coordinates":[[[32.864013,24.50554],[32.864765,24.50478],[32.863841,24.504697],[32.864013,24.50554]]]}},{"type":"Feature","properties":{"source_layer":"Agricultural_Changes","source_feature_count":1,"سعر_الأرض_2023":243268.95941798922,"سعر_الأرض_2014":55604.33358125468,"سعر_الايجار_زراعية_2023":null,"نوع_ملكية_الأرض":"تمليك","أنواع_المحاصيل_المزروعة":"محاصيل موسمية","اسم_المحور":"محور كلبشة","اسم_المحافظة":"محافظة أسوان","المساحة_كم2":0.002813984492978476,"نسبة_المساحة":0.03207311905596546,"المساحة_فدان":0.6950541697656835,"فرق_السعر":187664.62583673454,"GlobalID":"{AF891C4B-4102-438A-8C19-FA228D106F9A}","SHAPE_Length":0.0020173160150005484,"SHAPE_Area":2.508597692946076e-7},"geometry":{"type":"Polygon","coordinates":[[[32.865688,24.50395],[32.86613,24.503424],[32.865553,24.503512],[32.865688,24.50395]]]}},{"type":"Feature","properties":{"source_layer":"Agricultural_Changes","source_feature_count":1,"سعر_الأرض_2023":238354.45649767565,"سعر_الأرض_2014":54481.018628040154,"سعر_الايجار_زراعية_2023":null,"نوع_ملكية_الأرض":"تمليك","أنواع_المحاصيل_المزروعة":"محاصيل موسمية","اسم_المحور":"محور كلبشة","اسم_المحافظة":"محافظة أسوان","المساحة_كم2":0.002757136570244947,"نسبة_المساحة":0.03142518009309402,"المساحة_فدان":0.6810127328505019,"فرق_السعر":183873.4378696355,"GlobalID":"{094B23D7-4100-424B-A5A7-941370B8C06A}","SHAPE_Length":0.001962559645551497,"SHAPE_Area":2.4579174853737133e-7},"geometry":{"type":"Polygon","coordinates":[[[32.866198,24.503879],[32.866692,24.503416],[32.86613,24.503424],[32.866198,24.503879]]]}},{"type":"Feature","properties":{"source_layer":"Agricultural_Changes","source_feature_count":1,"سعر_الأرض_2023":331040.8389695045,"سعر_الأرض_2014":75666.4774787439,"سعر_الايجار_زراعية_2023":null,"نوع_ملكية_الأرض":"تمليك","أنواع_المحاصيل_المزروعة":"محاصيل موسمية","اسم_المحور":"محور كلبشة","اسم_المحافظة":"محافظة أسوان","المساحة_كم2":0.0038292751760497924,"نسبة_المساحة":0.04364515828923493,"المساحة_فدان":0.9458309684842986,"فرق_السعر":255374.36149076064,"GlobalID":"{4F529E3C-A047-4FEF-9B3F-5D334418DC37}","SHAPE_Length":0.002366340231808369,"SHAPE_Area":3.413691974789242e-7},"geometry":{"type":"Polygon","coordinates":[[[32.863642,24.503079],[32.864401,24.503459],[32.864263,24.503032],[32.863642,24.503079]]]}},{"type":"Feature","properties":{"source_layer":"Agricultural_Changes","source_feature_count":1,"سعر_الأرض_2023":341606.98387122166,"سعر_الأرض_2014":78081.5963134221,"سعر_الايجار_زراعية_2023":null,"نوع_ملكية_الأرض":"تمليك","أنواع_المحاصيل_المزروعة":"محاصيل موسمية","اسم_المحور":"محور كلبشة","اسم_المحافظة":"محافظة أسوان","المساحة_كم2":0.003951497789140794,"نسبة_المساحة":0.045038222263389854,"المساحة_فدان":0.9760199539177762,"فرق_السعر":263525.3875577996,"GlobalID":"{9DAF990B-8318-47AF-A379-473EA41A4F3C}","SHAPE_Length":0.0023778763645822525,"SHAPE_Area":3.5226569312220103e-7},"geometry":{"type":"Polygon","coordinates":[[[32.863037,24.503257],[32.863702,24.503644],[32.863642,24.503079],[32.863037,24.503257]]]}},{"type":"Feature","properties":{"source_layer":"Agricultural_Changes","source_feature_count":1,"سعر_الأرض_2023":503375.83050403435,"سعر_الأرض_2014":115057.33268663642,"سعر_الايجار_زراعية_2023":null,"نوع_ملكية_الأرض":"تمليك","أنواع_المحاصيل_المزروعة":"محاصيل موسمية","اسم_المحور":"محور كلبشة","اسم_المحافظة":"محافظة أسوان","المساحة_كم2":0.005822739508433017,"نسبة_المساحة":0.0663661857241352,"المساحة_فدان":1.4382166585829552,"فرق_السعر":388318.49781739793,"GlobalID":"{198B59BB-063E-4308-91AD-25A67853ACA1}","SHAPE_Length":0.0031955990296299243,"SHAPE_Area":5.190846727880363e-7},"geometry":{"type":"Polygon","coordinates":[[[32.863992,24.503571],[32.863469,24.503692],[32.86417,24.50476],[32.863992,24.503571]]]}},{"type":"Feature","properties":{"source_layer":"Agricultural_Changes","source_feature_count":1,"سعر_الأرض_2023":884880.8219700031,"سعر_الأرض_2014":199098.1849432507,"سعر_الايجار_زراعية_2023":null,"نوع_ملكية_الأرض":"تمليك","أنواع_المحاصيل_المزروعة":"محاصيل موسمية","اسم_المحور":"محور كلبشة","اسم_المحافظة":"محافظة أسوان","المساحة_كم2":0.004478141811589085,"نسبة_المساحة":0.05104078427972068,"المساحة_فدان":1.1061010274625038,"فرق_السعر":685782.6370267523,"GlobalID":"{090440E0-0C92-4597-A25C-66C1D450CB44}","SHAPE_Length":0.0029951233039889934,"SHAPE_Area":3.9928596144221217e-7},"geometry":{"type":"Polygon","coordinates":[[[32.875952,24.526077],[32.87542,24.526331],[32.876521,24.526953],[32.875952,24.526077]]]}},{"type":"Feature","properties":{"source_layer":"Agricultural_Changes","source_feature_count":1,"سعر_الأرض_2023":950463.5020521261,"سعر_الأرض_2014":213854.28796172838,"سعر_الايجار_زراعية_2023":null,"نوع_ملكية_الأرض":"تمليك","أنواع_المحاصيل_المزروعة":"محاصيل موسمية","اسم_المحور":"محور كلبشة","اسم_المحافظة":"محافظة أسوان","المساحة_كم2":0.004810037965850841,"نسبة_المساحة":0.054823656891995524,"المساحة_فدان":1.1880793775651577,"فرق_السعر":736609.2140903977,"GlobalID":"{A0C9623E-F195-4F8E-911E-56CADFF8604D}","SHAPE_Length":0.002591681282800029,"SHAPE_Area":4.2887770420973123e-7},"geometry":{"type":"Polygon","coordinates":[[[32.87542,24.526331],[32.875883,24.525468],[32.875292,24.526118],[32.87542,24.526331]]]}},{"type":"Feature","properties":{"source_layer":"Agricultural_Changes","source_feature_count":1,"سعر_الأرض_2023":219787.92461085605,"سعر_الأرض_2014":62796.549888816015,"سعر_الايجار_زراعية_2023":null,"نوع_ملكية_الأرض":"تمليك","أنواع_المحاصيل_المزروعة":"محاصيل موسمية","اسم_المحور":"محور كلبشة","اسم_المحافظة":"محافظة أسوان","المساحة_كم2":0.0025423704408427538,"نسبة_المساحة":0.028977327358051204,"المساحة_فدان":0.6279654988881601,"فرق_السعر":156991.37472204003,"GlobalID":"{C9CEF602-F0C4-4820-8F0B-B42ACD03A004}","SHAPE_Length":0.002172875857034299,"SHAPE_Area":2.2670596726317703e-7},"geometry":{"type":"Polygon","coordinates":[[[32.876384,24.537947],[32.876994,24.537338],[32.876288,24.537677],[32.876384,24.537947]]]}},{"type":"Feature","properties":{"source_layer":"Agricultural_Changes","source_feature_count":1,"سعر_الأرض_2023":239697.59700196882,"سعر_الأرض_2014":68485.02771484823,"سعر_الايجار_زراعية_2023":null,"نوع_ملكية_الأرض":"تمليك","أنواع_المحاصيل_المزروعة":"محاصيل موسمية","اسم_المحور":"محور كلبشة","اسم_المحافظة":"محافظة أسوان","المساحة_كم2":0.002772673186835961,"نسبة_المساحة":0.03160226271557963,"المساحة_فدان":0.6848502771484823,"فرق_السعر":171212.5692871206,"GlobalID":"{F48BC98F-8372-4D19-811E-9CE6F0869D41}","SHAPE_Length":0.0023333083000328988,"SHAPE_Area":2.47241928290784e-7},"geometry":{"type":"Polygon","coordinates":[[[32.87793,24.537158],[32.876994,24.537338],[32.877124,24.537579],[32.87793,24.537158]]]}},{"type":"Feature","properties":{"source_layer":"Agricultural_Changes","source_feature_count":1,"سعر_الأرض_2023":343192.51438651944,"سعر_الأرض_2014":98055.00411043414,"سعر_الايجار_زراعية_2023":null,"نوع_ملكية_الأرض":"تمليك","أنواع_المحاصيل_المزروعة":"محاصيل موسمية","اسم_المحور":"محور كلبشة","اسم_المحافظة":"محافظة أسوان","المساحة_كم2":0.003969838223094499,"نسبة_المساحة":0.04524726212242356,"المساحة_فدان":0.9805500411043413,"فرق_السعر":245137.5102760853,"GlobalID":"{489F02CE-33C9-45E5-AA11-070F4C214C19}","SHAPE_Length":0.002745259959471213,"SHAPE_Area":3.539948085592101e-7},"geometry":{"type":"Polygon","coordinates":[[[32.875734,24.537623],[32.876574,24.536927],[32.875589,24.537319],[32.875734,24.537623]]]}},{"type":"Feature","properties":{"source_layer":"Agricultural_Changes","source_feature_count":1,"سعر_الأرض_2023":384469.8973790885,"سعر_الأرض_2014":109848.54210831101,"سعر_الايجار_زراعية_2023":null,"نوع_ملكية_الأرض":"تمليك","أنواع_المحاصيل_المزروعة":"محاصيل موسمية","اسم_المحور":"محور كلبشة","اسم_المحافظة":"محافظة أسوان","المساحة_كم2":0.004447309397097612,"نسبة_المساحة":0.05068936382831614,"المساحة_فدان":1.09848542108311,"فرق_السعر":274621.3552707775,"GlobalID":"{C65B098A-9A3A-40A7-A2FC-B63703C618BF}","SHAPE_Length":0.0028939822521807496,"SHAPE_Area":3.965688379658956e-7},"geometry":{"type":"Polygon","coordinates":[[[32.875589,24.537319],[32.876426,24.536565],[32.875435,24.53699],[32.875589,24.537319]]]}},{"type":"Feature","properties":{"source_layer":"Agricultural_Changes","source_feature_count":1,"سعر_الأرض_2023":430105.7958165705,"سعر_الأرض_2014":122887.37023330588,"سعر_الايجار_زراعية_2023":null,"نوع_ملكية_الأرض":"تمليك","أنواع_المحاصيل_المزروعة":"محاصيل موسمية","اسم_المحور":"محور كلبشة","اسم_المحافظة":"محافظة أسوان","المساحة_كم2":0.0049751971754374855,"نسبة_المساحة":0.05670610187542711,"المساحة_فدان":1.228873702333059,"فرق_السعر":307218.4255832647,"GlobalID":"{722EC08D-EE54-4DB4-9ADF-76F1847C6D34}","SHAPE_Length":0.0032660253424594615,"SHAPE_Area":4.4364197065381866e-7},"geometry":{"type":"Polygon","coordinates":[[[32.87434,24.537674],[32.875435,24.53699],[32.874218,24.537369],[32.87434,24.537674]]]}},{"type":"Feature","properties":{"source_layer":"Agricultural_Changes","source_feature_count":1,"سعر_الأرض_2023":453362.0132877034,"سعر_الأرض_2014":129532.00379648668,"سعر_الايجار_زراعية_2023":null,"نوع_ملكية_الأرض":"تمليك","أنواع_المحاصيل_المزروعة":"محاصيل موسمية","اسم_المحور":"محور كلبشة","اسم_المحافظة":"محافظة أسوان","المساحة_كم2":0.0052442106800197055,"نسبة_المساحة":0.059772253157233064,"المساحة_فدان":1.295320037964867,"فرق_السعر":323830.00949121674,"GlobalID":"{2B37C3FA-7D60-43F6-8917-F58C0E4ED14A}","SHAPE_Length":0.0029695467468311633,"SHAPE_Area":4.6762930026378894e-7},"geometry":{"type":"Polygon","coordinates":[[[32.874979,24.53713],[32.875834,24.536427],[32.874778,24.536668],[32.874979,24.53713]]]}},{"type":"Feature","properties":{"source_layer":"Agricultural_Changes","source_feature_count":1,"سعر_الأرض_2023":456710.1763825814,"سعر_الأرض_2014":130488.62182359469,"سعر_الايجار_زراعية_2023":null,"نوع_ملكية_الأرض":"تمليك","أنواع_المحاصيل_المزروعة":"محاصيل موسمية","اسم_المحور":"محور كلبشة","اسم_المحافظة":"محافظة أسوان","المساحة_كم2":0.005282940154801405,"نسبة_المساحة":0.06021368240417738,"المساحة_فدان":1.3048862182359469,"فرق_السعر":326221.55455898674,"GlobalID":"{B34CB82A-4637-4A84-B645-AF9AD77BFBBD}","SHAPE_Length":0.0033249206719904076,"SHAPE_Area":4.7108645624564186e-7},"geometry":{"type":"Polygon","coordinates":[[[32.874479,24.53802],[32.875589,24.537319],[32.87434,24.537674],[32.874479,24.53802]]]}},{"type":"Feature","properties":{"source_layer":"Agricultural_Changes","source_feature_count":1,"سعر_الأرض_2023":464447.2973466841,"سعر_الأرض_2014":132699.2278133383,"سعر_الايجار_زراعية_2023":null,"نوع_ملكية_الأرض":"تمليك","أنواع_المحاصيل_المزروعة":"محاصيل موسمية","اسم_المحور":"محور كلبشة","اسم_المحافظة":"محافظة أسوان","المساحة_كم2":0.0053724383730096486,"نسبة_المساحة":0.06123376158906709,"المساحة_فدان":1.3269922781333832,"فرق_السعر":331748.06953334576,"GlobalID":"{EC887FA3-809A-43F8-847B-0A2381B1DCAD}","SHAPE_Length":0.004177492471461323,"SHAPE_Area":4.7906585134534e-7},"geometry":{"type":"Polygon","coordinates":[[[32.874662,24.538476],[32.876288,24.537677],[32.874559,24.538219],[32.874662,24.538476]]]}},{"type":"Feature","properties":{"source_layer":"Agricultural_Changes","source_feature_count":1,"سعر_الأرض_2023":502127.96604070405,"سعر_الأرض_2014":143465.1331544869,"سعر_الايجار_زراعية_2023":null,"نوع_ملكية_الأرض":"تمليك","أنواع_المحاصيل_المزروعة":"محاصيل موسمية","اسم_المحور":"محور كلبشة","اسم_المحافظة":"محافظة أسوان","المساحة_كم2":0.005808304986011616,"نسبة_المساحة":0.06620166450616376,"المساحة_فدان":1.434651331544869,"فرق_السعر":358662.83288621716,"GlobalID":"{4F012539-A235-42CE-BCC9-333CB92404E6}","SHAPE_Length":0.0031704166379340312,"SHAPE_Area":5.17928115083792e-7},"geometry":{"type":"Polygon","coordinates":[[[32.874778,24.536668],[32.875716,24.535952],[32.874602,24.536263],[32.874778,24.536668]]]}},{"type":"Feature","properties":{"source_layer":"Agricultural_Changes","source_feature_count":1,"سعر_الأرض_2023":751878.1985948846,"سعر_الأرض_2014":214822.3424556813,"سعر_الايجار_زراعية_2023":null,"نوع_ملكية_الأرض":"تمليك","أنواع_المحاصيل_المزروعة":"محاصيل موسمية","اسم_المحور":"محور كلبشة","اسم_المحافظة":"محافظة أسوان","المساحة_كم2":0.008697260828165236,"نسبة_المساحة":0.09912928898455803,"المساحة_فدان":2.148223424556813,"فرق_السعر":537055.8561392033,"GlobalID":"{1578E12C-6A8A-4032-AF2F-F295A4158589}","SHAPE_Length":0.00358632204160749,"SHAPE_Area":7.755423722469088e-7},"geometry":{"type":"Polygon","coordinates":[[[32.872483,24.537826],[32.87282,24.536759],[32.871954,24.537001],[32.872483,24.537826]]]}},{"type":"Feature","properties":{"source_layer":"Agricultural_Changes","source_feature_count":1,"سعر_الأرض_2023":814855.7104504432,"سعر_الأرض_2014":232815.9172715552,"سعر_الايجار_زراعية_2023":null,"نوع_ملكية_الأرض":"تمليك","أنواع_المحاصيل_المزروعة":"محاصيل موسمية","اسم_المحور":"محور كلبشة","اسم_المحافظة":"محافظة أسوان","المساحة_كم2":0.0094257456385245,"نسبة_المساحة":0.1074323837995492,"المساحة_فدان":2.3281591727155515,"فرق_السعر":582039.793178888,"GlobalID":"{4CC7C075-AA7F-4FD7-A156-6938E36CE748}","SHAPE_Length":0.007343592474896445,"SHAPE_Area":8.405031597031867e-7},"geometry":{"type":"Polygon","coordinates":[[[32.874559,24.538219],[32.877752,24.536931],[32.874479,24.53802],[32.874559,24.538219]]]}},{"type":"Feature","properties":{"source_layer":"Agricultural_Changes","source_feature_count":1,"سعر_الأرض_2023":825882.5852386603,"سعر_الأرض_2014":235966.45292533154,"سعر_الايجار_زراعية_2023":null,"نوع_ملكية_الأرض":"تمليك","أنواع_المحاصيل_المزروعة":"محاصيل موسمية","اسم_المحور":"محور كلبشة","اسم_المحافظة":"محافظة أسوان","المساحة_كم2":0.009553297689284678,"نسبة_المساحة":0.10888619142360387,"المساحة_فدان":2.3596645292533154,"فرق_السعر":589916.1323133288,"GlobalID":"{20ADB070-46A1-4A07-83BB-A2A8DC7B8D65}","SHAPE_Length":0.0036973466483186503,"SHAPE_Area":8.518728411938876e-7},"geometry":{"type":"Polygon","coordinates":[[[32.873826,24.536479],[32.874979,24.53713],[32.874602,24.536263],[32.873826,24.536479]]]}},{"type":"Feature","properties":{"source_layer":"Agricultural_Changes","source_feature_count":1,"سعر_الأرض_2023":94999.76856664031,"سعر_الأرض_2014":27142.79101904009,"سعر_الايجار_زراعية_2023":null,"نوع_ملكية_الأرض":"تمليك","أنواع_المحاصيل_المزروعة":"محاصيل موسمية","اسم_المحور":"محور كلبشة","اسم_المحافظة":"محافظة أسوان","المساحة_كم2":0.0010988984218234855,"نسبة_المساحة":0.012524980148789609,"المساحة_فدان":0.2714279101904009,"فرق_السعر":67856.97754760023,"GlobalID":"{8E2CABAB-773A-4D7D-B437-457076C06588}","SHAPE_Length":0.0014569983353157105,"SHAPE_Area":9.798581977296358e-8},"geometry":{"type":"Polygon","coordinates":[[[32.87336,24.531977],[32.873798,24.531726],[32.873285,24.531818],[32.87336,24.531977]]]}},{"type":"Feature","properties":{"source_layer":"Agricultural_Changes","source_feature_count":1,"سعر_الأرض_2023":95598.0516545166,"سعر_الأرض_2014":27313.7290441476,"سعر_الايجار_زراعية_2023":null,"نوع_ملكية_الأرض":"تمليك","أنواع_المحاصيل_المزروعة":"محاصيل موسمية","اسم_المحور":"محور كلبشة","اسم_المحافظة":"محافظة أسوان","المساحة_كم2":0.0011058189896416034,"نسبة_المساحة":0.012603859117781524,"المساحة_فدان":0.273137290441476,"فرق_السعر":68284.32261036901,"GlobalID":"{EF0E94EC-8242-45AB-978A-D1571B284F0A}","SHAPE_Length":0.0014273276288211613,"SHAPE_Area":9.860276824191988e-8},"geometry":{"type":"Polygon","coordinates":[[[32.872856,24.532112],[32.873285,24.531818],[32.872782,24.531908],[32.872856,24.532112]]]}},{"type":"Feature","properties":{"source_layer":"Agricultural_Changes","source_feature_count":1,"سعر_الأرض_2023":112705.82741518496,"سعر_الأرض_2014":32201.66497576713,"سعر_الايجار_زراعية_2023":null,"نوع_ملكية_الأرض":"تمليك","أنواع_المحاصيل_المزروعة":"محاصيل موسمية","اسم_المحور":"محور كلبشة","اسم_المحافظة":"محافظة أسوان","المساحة_كم2":0.001303711132622151,"نسبة_المساحة":0.014859386210376555,"المساحة_فدان":0.3220166497576713,"فرق_السعر":80504.16243941784,"GlobalID":"{1CA8395F-BF01-4F84-B503-585B647D58AF}","SHAPE_Length":0.001440711164155139,"SHAPE_Area":1.1624837501458769e-7},"geometry":{"type":"Polygon","coordinates":[[[32.872404,24.532254],[32.872782,24.531908],[32.872317,24.531991],[32.872404,24.532254]]]}},{"type":"Feature","properties":{"source_layer":"Agricultural_Changes","source_feature_count":1,"سعر_الأرض_2023":129294.90796266939,"سعر_الأرض_2014":36941.40227504839,"سعر_الايجار_زراعية_2023":null,"نوع_ملكية_الأرض":"تمليك","أنواع_المحاصيل_المزروعة":"محاصيل موسمية","اسم_المحور":"محور كلبشة","اسم_المحافظة":"محافظة أسوان","المساحة_كم2":0.0014956033309736195,"نسبة_المساحة":0.017046527375864373,"المساحة_فدان":0.36941402275048396,"فرق_السعر":92353.50568762099,"GlobalID":"{5A6DFF60-9FCD-401C-936D-B1DB78A31278}","SHAPE_Length":0.001567013129701015,"SHAPE_Area":1.3336147104794038e-7},"geometry":{"type":"Polygon","coordinates":[[[32.871074,24.534845],[32.871501,24.534452],[32.870997,24.534615],[32.871074,24.534845]]]}},{"type":"Feature","properties":{"source_layer":"Agricultural_Changes","source_feature_count":1,"سعر_الأرض_2023":158007.4024014482,"سعر_الأرض_2014":45144.972114699485,"سعر_الايجار_زراعية_2023":null,"نوع_ملكية_الأرض":"تمليك","أنواع_المحاصيل_المزروعة":"محاصيل موسمية","اسم_المحور":"محور كلبشة","اسم_المحافظة":"محافظة أسوان","المساحة_كم2":0.0018277316645627325,"نسبة_المساحة":0.020832046312320184,"المساحة_فدان":0.4514497211469949,"فرق_السعر":112862.43028674871,"GlobalID":"{36D71874-1B91-4CC8-A6CA-F318436F4488}","SHAPE_Length":0.0016809568244048638,"SHAPE_Area":1.629763961057615e-7},"geometry":{"type":"Polygon","coordinates":[[[32.872755,24.534358],[32.873171,24.533913],[32.872657,24.534079],[32.872755,24.534358]]]}},{"type":"Feature","properties":{"source_layer":"Agricultural_Changes","source_feature_count":1,"سعر_الأرض_2023":160884.18457083794,"سعر_الأرض_2014":45966.90987738227,"سعر_الايجار_زراعية_2023":null,"نوع_ملكية_الأرض":"تمليك","أنواع_المحاصيل_المزروعة":"محاصيل موسمية","اسم_المحور":"محور كلبشة","اسم_المحافظة":"محافظة أسوان","المساحة_كم2":0.001861008497060011,"نسبة_المساحة":0.02121132765276601,"المساحة_فدان":0.45966909877382267,"فرق_السعر":114917.27469345566,"GlobalID":"{E36C74BD-7686-4012-80F7-E6F976F5442A}","SHAPE_Length":0.001731539401490692,"SHAPE_Area":1.6594384552395937e-7},"geometry":{"type":"Polygon","coordinates":[[[32.872196,24.53452],[32.872657,24.534079],[32.872108,24.534256],[32.872196,24.53452]]]}},{"type":"Feature","properties":{"source_layer":"Agricultural_Changes","source_feature_count":1,"سعر_الأرض_2023":162906.05031138496,"سعر_الأرض_2014":46544.58580325284,"سعر_الايجار_زراعية_2023":null,"نوع_ملكية_الأرض":"تمليك","أنواع_المحاصيل_المزروعة":"محاصيل موسمية","اسم_المحور":"محور كلبشة","اسم_المحافظة":"محافظة أسوان","المساحة_كم2":0.001884396186366512,"نسبة_المساحة":0.021477894915465232,"المساحة_فدان":0.4654458580325284,"فرق_السعر":116361.4645081321,"GlobalID":"{87860C47-40C3-49D8-B41F-FB15E73B4B2B}","SHAPE_Length":0.001705019054869028,"SHAPE_Area":1.6802864848661947e-7},"geometry":{"type":"Polygon","coordinates":[[[32.872657,24.534079],[32.87308,24.533626],[32.872554,24.533782],[32.872657,24.534079]]]}},{"type":"Feature","properties":{"source_layer":"Agricultural_Changes","source_feature_count":1,"سعر_الأرض_2023":165030.8179456876,"سعر_الأرض_2014":47151.66227019645,"سعر_الايجار_زراعية_2023":null,"نوع_ملكية_الأرض":"تمليك","أنواع_المحاصيل_المزروعة":"محاصيل موسمية","اسم_المحور":"محور كلبشة","اسم_المحافظة":"محافظة أسوان","المساحة_كم2":0.0019089741809796138,"نسبة_المساحة":0.02175802899202104,"المساحة_فدان":0.47151662270196454,"فرق_السعر":117879.15567549114,"GlobalID":"{D4FEAB65-DB15-48A0-BB70-5F43ABE9652A}","SHAPE_Length":0.0018066717401237992,"SHAPE_Area":1.7022113883785857e-7},"geometry":{"type":"Polygon","coordinates":[[[32.871589,24.534695],[32.872108,24.534256],[32.871501,24.534452],[32.871589,24.534695]]]}},{"type":"Feature","properties":{"source_layer":"Agricultural_Changes","source_feature_count":1,"سعر_الأرض_2023":173036.69975748085,"سعر_الأرض_2014":49439.05707356596,"سعر_الايجار_زراعية_2023":null,"نوع_ملكية_الأرض":"تمليك","أنواع_المحاصيل_المزروعة":"محاصيل موسمية","اسم_المحور":"محور كلبشة","اسم_المحافظة":"محافظة أسوان","المساحة_كم2":0.0020015812580391075,"نسبة_المساحة":0.022813542203044566,"المساحة_فدان":0.49439057073565956,"فرق_السعر":123597.64268391489,"GlobalID":"{C0FD439D-7C2D-4FBB-9FDF-6E898C70C665}","SHAPE_Length":0.001730853385917735,"SHAPE_Area":1.7847856356183647e-7},"geometry":{"type":"Polygon","coordinates":[[[32.870997,24.534615],[32.871388,24.534137],[32.870889,24.534288],[32.870997,24.534615]]]}},{"type":"Feature","properties":{"source_layer":"Agricultural_Changes","source_feature_count":1,"سعر_الأرض_2023":177955.5181738559,"سعر_الأرض_2014":50844.43376395883,"سعر_الايجار_زراعية_2023":null,"نوع_ملكية_الأرض":"تمليك","أنواع_المحاصيل_المزروعة":"محاصيل موسمية","اسم_المحور":"محور كلبشة","اسم_المحافظة":"محافظة أسوان","المساحة_كم2":0.002058479099755418,"نسبة_المساحة":0.023462050130486318,"المساحة_فدان":0.5084443376395883,"فرق_السعر":127111.08440989707,"GlobalID":"{66A913CC-C3DF-4DF2-80E5-C8221ED84071}","SHAPE_Length":0.0017885982199428207,"SHAPE_Area":1.8355157099255962e-7},"geometry":{"type":"Polygon","coordinates":[[[32.872108,24.534256],[32.872554,24.533782],[32.872005,24.533949],[32.872108,24.534256]]]}},{"type":"Feature","properties":{"source_layer":"Agricultural_Changes","source_feature_count":1,"سعر_الأرض_2023":193676.14661493432,"سعر_الأرض_2014":55336.041889981236,"سعر_الايجار_زراعية_2023":null,"نوع_ملكية_الأرض":"تمليك","أنواع_المحاصيل_المزروعة":"محاصيل موسمية","اسم_المحور":"محور كلبشة","اسم_المحافظة":"محافظة أسوان","المساحة_كم2":0.002240325582590333,"نسبة_المساحة":0.025534692644482368,"المساحة_فدان":0.5533604188998122,"فرق_السعر":138340.10472495307,"GlobalID":"{ECDF0CF6-20E5-49DB-A6DE-E6E91F152BD4}","SHAPE_Length":0.0017888688933361842,"SHAPE_Area":1.997655501118738e-7},"geometry":{"type":"Polygon","coordinates":[[[32.872256,24.533074],[32.87283,24.533368],[32.872697,24.532938],[32.872256,24.533074]]]}},{"type":"Feature","properties":{"source_layer":"Agricultural_Changes","source_feature_count":1,"سعر_الأرض_2023":204321.69275284273,"سعر_الأرض_2014":58377.626500812206,"سعر_الايجار_زراعية_2023":null,"نوع_ملكية_الأرض":"تمليك","أنواع_المحاصيل_المزروعة":"محاصيل موسمية","اسم_المحور":"محور كلبشة","اسم_المحافظة":"محافظة أسوان","المساحة_كم2":0.0023634666599519115,"نسبة_المساحة":0.026938225053688137,"المساحة_فدان":0.5837762650081221,"فرق_السعر":145944.06625203052,"GlobalID":"{A441C063-F136-472D-B0DE-5452549A41EF}","SHAPE_Length":0.001932594253460683,"SHAPE_Area":2.1074448273370727e-7},"geometry":{"type":"Polygon","coordinates":[[[32.870531,24.532861],[32.87099,24.532306],[32.870404,24.532552],[32.870531,24.532861]]]}},{"type":"Feature","properties":{"source_layer":"Agricultural_Changes","source_feature_count":1,"سعر_الأرض_2023":204740.2892429073,"سعر_الأرض_2014":58497.225497973515,"سعر_الايجار_زراعية_2023":null,"نوع_ملكية_الأرض":"تمليك","أنواع_المحاصيل_المزروعة":"محاصيل موسمية","اسم_المحور":"محور كلبشة","اسم_المحافظة":"محافظة أسوان","المساحة_كم2":0.002368308724614312,"نسبة_المساحة":0.026993413743171456,"المساحة_فدان":0.5849722549797352,"فرق_السعر":146243.0637449338,"GlobalID":"{B7B39526-3F61-420E-BEA6-1F9942B96431}","SHAPE_Length":0.0018413126998162296,"SHAPE_Area":2.111777384434078e-7},"geometry":{"type":"Polygon","coordinates":[[[32.871936,24.533619],[32.872256,24.533074],[32.87179,24.533222],[32.871936,24.533619]]]}},{"type":"Feature","properties":{"source_layer":"Agricultural_Changes","source_feature_count":1,"سعر_الأرض_2023":204979.97001350153,"سعر_الأرض_2014":58565.70571814329,"سعر_الايجار_زراعية_2023":null,"نوع_ملكية_الأرض":"تمليك","أنواع_المحاصيل_المزروعة":"محاصيل موسمية","اسم_المحور":"محور كلبشة","اسم_المحافظة":"محافظة أسوان","المساحة_كم2":0.002371081203163696,"نسبة_المساحة":0.02702501378745613,"المساحة_فدان":0.5856570571814329,"فرق_السعر":146414.26429535824,"GlobalID":"{B17E6E9B-F7A5-4802-9D02-2B90A31B0C5A}","SHAPE_Length":0.0019425777398564034,"SHAPE_Area":2.1142641654590194e-7},"geometry":{"type":"Polygon","coordinates":[[[32.871501,24.534452],[32.872005,24.533949],[32.871388,24.534137],[32.871501,24.534452]]]}},{"type":"Feature","properties":{"source_layer":"Agricultural_Changes","source_feature_count":1,"سعر_الأرض_2023":233491.33578231736,"سعر_الأرض_2014":66711.81022351923,"سعر_الايجار_زراعية_2023":null,"نوع_ملكية_الأرض":"تمليك","أنواع_المحاصيل_المزروعة":"محاصيل موسمية","اسم_المحور":"محور كلبشة","اسم_المحافظة":"محافظة أسوان","المساحة_كم2":0.002700883005000779,"نسبة_المساحة":0.03078401547406336,"المساحة_فدان":0.6671181022351924,"فرق_السعر":166779.5255587981,"GlobalID":"{7FFB16DE-681F-4754-A9BD-A94311F2D12E}","SHAPE_Length":0.0021624041784159736,"SHAPE_Area":2.4083177859548927e-7},"geometry":{"type":"Polygon","coordinates":[[[32.869838,24.53316],[32.870404,24.532552],[32.869716,24.532868],[32.869838,24.53316]]]}},{"type":"Feature","properties":{"source_layer":"Agricultural_Changes","source_feature_count":1,"سعر_الأرض_2023":236308.936295841,"سعر_الأرض_2014":67516.83894166886,"سعر_الايجار_زراعية_2023":null,"نوع_ملكية_الأرض":"تمليك","أنواع_المحاصيل_المزروعة":"محاصيل موسمية","اسم_المحور":"محور كلبشة","اسم_المحافظة":"محافظة أسوان","المساحة_كم2":0.00273347526079631,"نسبة_المساحة":0.031155494173765116,"المساحة_فدان":0.6751683894166886,"فرق_السعر":168792.09735417215,"GlobalID":"{AD48DA7D-3D6D-417B-9A40-06ECB8CDE2F6}","SHAPE_Length":0.0020937141338793876,"SHAPE_Area":2.437393369728318e-7},"geometry":{"type":"Polygon","coordinates":[[[32.8691,24.533694],[32.869657,24.533213],[32.86898,24.533391],[32.8691,24.533694]]]}},{"type":"Feature","properties":{"source_layer":"Agricultural_Changes","source_feature_count":1,"سعر_الأرض_2023":239333.90611112092,"سعر_الأرض_2014":68381.11603174884,"سعر_الايجار_زراعية_2023":null,"نوع_ملكية_الأرض":"تمليك","أنواع_المحاصيل_المزروعة":"محاصيل موسمية","اسم_المحور":"محور كلبشة","اسم_المحافظة":"محافظة أسوان","المساحة_كم2":0.002768466236103192,"نسبة_المساحة":0.03155431290204962,"المساحة_فدان":0.6838111603174883,"فرق_السعر":170952.79007937206,"GlobalID":"{40622A0B-57E6-4F0C-8227-B2F9BCC0105C}","SHAPE_Length":0.00237391943038095,"SHAPE_Area":2.4685846209867887e-7},"geometry":{"type":"Polygon","coordinates":[[[32.86898,24.533391],[32.869716,24.532868],[32.868875,24.533128],[32.86898,24.533391]]]}},{"type":"Feature","properties":{"source_layer":"Agricultural_Changes","source_feature_count":1,"سعر_الأرض_2023":242743.90370079,"سعر_الأرض_2014":69355.40105736857,"سعر_الايجار_زراعية_2023":null,"نوع_ملكية_الأرض":"تمليك","أنواع_المحاصيل_المزروعة":"محاصيل موسمية","اسم_المحور":"محور كلبشة","اسم_المحافظة":"محافظة أسوان","المساحة_كم2":0.0028079109739825333,"نسبة_المساحة":0.032003894545904514,"المساحة_فدان":0.6935540105736857,"فرق_السعر":173388.5026434214,"GlobalID":"{20F4A884-E44E-42F3-B35B-A79F0E4602C3}","SHAPE_Length":0.002179258406150651,"SHAPE_Area":2.5037898785316025e-7},"geometry":{"type":"Polygon","coordinates":[[[32.868874,24.534904],[32.869479,24.534382],[32.86875,24.534587],[32.868874,24.534904]]]}},{"type":"Feature","properties":{"source_layer":"Agricultural_Changes","source_feature_count":1,"سعر_الأرض_2023":243521.00577812342,"سعر_الأرض_2014":69577.43022232098,"سعر_الايجار_زراعية_2023":null,"نوع_ملكية_الأرض":"تمليك","أنواع_المحاصيل_المزروعة":"محاصيل موسمية","اسم_المحور":"محور كلبشة","اسم_المحافظة":"محافظة أسوان","المساحة_كم2":0.0028169000090008493,"نسبة_المساحة":0.032106349406995645,"المساحة_فدان":0.6957743022232098,"فرق_السعر":173943.57555580244,"GlobalID":"{8FD90B04-74D5-45E9-BDA8-A26A5049B91A}","SHAPE_Length":0.002078765094979533,"SHAPE_Area":2.51178659520436e-7},"geometry":{"type":"Polygon","coordinates":[[[32.8691,24.533694],[32.869881,24.533912],[32.869768,24.533589],[32.8691,24.533694]]]}},{"type":"Feature","properties":{"source_layer":"Agricultural_Changes","source_feature_count":1,"سعر_الأرض_2023":251753.9834310027,"سعر_الأرض_2014":71929.70955171506,"سعر_الايجار_زراعية_2023":null,"نوع_ملكية_الأرض":"تمليك","أنواع_المحاصيل_المزروعة":"محاصيل موسمية","اسم_المحور":"محور كلبشة","اسم_المحافظة":"محافظة أسوان","المساحة_كم2":0.002912133989947978,"نسبة_المساحة":0.03319180343729053,"المساحة_فدان":0.7192970955171506,"فرق_السعر":179824.27387928765,"GlobalID":"{069E4407-3BDD-43BC-8F22-F50B7F616339}","SHAPE_Length":0.0021968246987083603,"SHAPE_Area":2.5967288446005634e-7},"geometry":{"type":"Polygon","coordinates":[[[32.868172,24.535119],[32.86875,24.534587],[32.868016,24.534794],[32.868172,24.535119]]]}},{"type":"Feature","properties":{"source_layer":"Agricultural_Changes","source_feature_count":1,"سعر_الأرض_2023":273108.7564681977,"سعر_الأرض_2014":78031.07327662791,"سعر_الايجار_زراعية_2023":null,"نوع_ملكية_الأرض":"تمليك","أنواع_المحاصيل_المزروعة":"محاصيل موسمية","اسم_المحور":"محور كلبشة","اسم_المحافظة":"محافظة أسوان","المساحة_كم2":0.0031591527642359477,"نسبة_المساحة":0.03600726406849356,"المساحة_فدان":0.780310732766279,"فرق_السعر":195077.68319156975,"GlobalID":"{CCB02B2C-B1FC-46E3-9F98-F7E573462C6F}","SHAPE_Length":0.0022652694281206777,"SHAPE_Area":2.816977349374868e-7},"geometry":{"type":"Polygon","coordinates":[[[32.86875,24.534587],[32.869347,24.534054],[32.868606,24.534219],[32.86875,24.534587]]]}},{"type":"Feature","properties":{"source_layer":"Agricultural_Changes","source_feature_count":1,"سعر_الأرض_2023":289398.32858316804,"سعر_الأرض_2014":82685.23673804801,"سعر_الايجار_زراعية_2023":null,"نوع_ملكية_الأرض":"تمليك","أنواع_المحاصيل_المزروعة":"محاصيل موسمية","اسم_المحور":"محور كلبشة","اسم_المحافظة":"محافظة أسوان","المساحة_كم2":0.003347580434738785,"نسبة_المساحة":0.038154917378081986,"المساحة_فدان":0.82685236738048,"فرق_السعر":206713.09184512,"GlobalID":"{C2F51966-317A-424D-9A32-9E4B0394B005}","SHAPE_Length":0.0024842251452242893,"SHAPE_Area":2.9849586111118917e-7},"geometry":{"type":"Polygon","coordinates":[[[32.873944,24.532989],[32.874717,24.532415],[32.873855,24.53265],[32.873944,24.532989]]]}},{"type":"Feature","properties":{"source_layer":"Agricultural_Changes","source_feature_count":1,"سعر_الأرض_2023":298808.3117622986,"سعر_الأرض_2014":85373.80336065673,"سعر_الايجار_زراعية_2023":null,"نوع_ملكية_الأرض":"تمليك","أنواع_المحاصيل_المزروعة":"محاصيل موسمية","اسم_المحور":"محور كلبشة","اسم_المحافظة":"محافظة أسوان","المساحة_كم2":0.003456429285856548,"نسبة_المساحة":0.03939555042695493,"المساحة_فدان":0.8537380336065673,"فرق_السعر":213434.50840164186,"GlobalID":"{16619882-CC99-42FB-9A40-0CFF5193BEBE}","SHAPE_Length":0.002353667388098046,"SHAPE_Area":3.082058300731325e-7},"geometry":{"type":"Polygon","coordinates":[[[32.868016,24.534794],[32.868606,24.534219],[32.867842,24.534431],[32.868016,24.534794]]]}},{"type":"Feature","properties":{"source_layer":"Agricultural_Changes","source_feature_count":1,"سعر_الأرض_2023":335231.4978364087,"سعر_الأرض_2014":95780.42795325963,"سعر_الايجار_زراعية_2023":null,"نوع_ملكية_الأرض":"تمليك","أنواع_المحاصيل_المزروعة":"محاصيل موسمية","اسم_المحور":"محور كلبشة","اسم_المحافظة":"محافظة أسوان","المساحة_كم2":0.0038777501195651673,"نسبة_المساحة":0.044197664046988494,"المساحة_فدان":0.9578042795325963,"فرق_السعر":239451.06988314906,"GlobalID":"{621F0AB2-0B88-469A-BC15-A6AA148E00D2}","SHAPE_Length":0.0027671170756421288,"SHAPE_Area":3.457721200749332e-7},"geometry":{"type":"Polygon","coordinates":[[[32.872559,24.533444],[32.873667,24.533454],[32.873557,24.53312],[32.872559,24.533444]]]}},{"type":"Feature","properties":{"source_layer":"Agricultural_Changes","source_feature_count":1,"سعر_الأرض_2023":356911.01711470424,"سعر_الأرض_2014":101974.57631848691,"سعر_الايجار_زراعية_2023":null,"نوع_ملكية_الأرض":"تمليك","أنواع_المحاصيل_المزروعة":"محاصيل موسمية","اسم_المحور":"محور كلبشة","اسم_المحافظة":"محافظة أسوان","المساحة_كم2":0.004128525357023762,"نسبة_المساحة":0.047055939942739496,"المساحة_فدان":1.0197457631848692,"فرق_السعر":254936.44079621733,"GlobalID":"{3F6B09DB-6EA3-4632-8615-AE9370437F12}","SHAPE_Length":0.00256544649133985,"SHAPE_Area":3.6813294667750253e-7},"geometry":{"type":"Polygon","coordinates":[[[32.869768,24.533589],[32.870419,24.532909],[32.869657,24.533213],[32.869768,24.533589]]]}},{"type":"Feature","properties":{"source_layer":"Agricultural_Changes","source_feature_count":1,"سعر_الأرض_2023":379903.7747716939,"سعر_الأرض_2014":108543.9356490554,"سعر_الايجار_زراعية_2023":null,"نوع_ملكية_الأرض":"تمليك","أنواع_المحاصيل_المزروعة":"محاصيل موسمية","اسم_المحور":"محور كلبشة","اسم_المحافظة":"محافظة أسوان","المساحة_كم2":0.004394491321824106,"نسبة_المساحة":0.05008735609842953,"المساحة_فدان":1.0854393564905542,"فرق_السعر":271359.8391226385,"GlobalID":"{7B20F2D2-A2B4-4EBF-BF1B-D5CBCB312569}","SHAPE_Length":0.0027182717764461096,"SHAPE_Area":3.918463155638939e-7},"geometry":{"type":"Polygon","coordinates":[[[32.873318,24.53279],[32.87404,24.53213],[32.873201,24.53245],[32.873318,24.53279]]]}},{"type":"Feature","properties":{"source_layer":"Agricultural_Changes","source_feature_count":1,"سعر_الأرض_2023":405027.7811088487,"سعر_الأرض_2014":115722.22317395678,"سعر_الايجار_زراعية_2023":null,"نوع_ملكية_الأرض":"تمليك","أنواع_المحاصيل_المزروعة":"محاصيل موسمية","اسم_المحور":"محور كلبشة","اسم_المحافظة":"محافظة أسوان","المساحة_كم2":0.004685110249957765,"نسبة_المساحة":0.053399760806133505,"المساحة_فدان":1.1572222317395677,"فرق_السعر":289305.5579348919,"GlobalID":"{20130673-7BE4-4A84-BA42-C8B37B66DC49}","SHAPE_Length":0.0025908535341282518,"SHAPE_Area":4.177641531823964e-7},"geometry":{"type":"Polygon","coordinates":[[[32.873266,24.53421],[32.873718,24.533439],[32.87308,24.533626],[32.873266,24.53421]]]}},{"type":"Feature","properties":{"source_layer":"Agricultural_Changes","source_feature_count":1,"سعر_الأرض_2023":405903.4834042639,"سعر_الأرض_2014":115972.4238297897,"سعر_الايجار_زراعية_2023":null,"نوع_ملكية_الأرض":"تمليك","أنواع_المحاصيل_المزروعة":"محاصيل موسمية","اسم_المحور":"محور كلبشة","اسم_المحافظة":"محافظة أسوان","المساحة_كم2":0.004695239831165575,"نسبة_المساحة":0.05351521533862146,"المساحة_فدان":1.159724238297897,"فرق_السعر":289931.05957447423,"GlobalID":"{3CD8DC55-3D16-4074-B62A-708C7D4FDB6C}","SHAPE_Length":0.0032583330665087646,"SHAPE_Area":4.186630869288317e-7},"geometry":{"type":"Polygon","coordinates":[[[32.87099,24.532306],[32.872404,24.532254],[32.872317,24.531991],[32.87099,24.532306]]]}},{"type":"Feature","properties":{"source_layer":"Agricultural_Changes","source_feature_count":1,"سعر_الأرض_2023":456998.63814441324,"سعر_الأرض_2014":130571.03946983235,"سعر_الايجار_زراعية_2023":null,"نوع_ملكية_الأرض":"تمليك","أنواع_المحاصيل_المزروعة":"محاصيل موسمية","اسم_المحور":"محور كلبشة","اسم_المحافظة":"محافظة أسوان","المساحة_كم2":0.005286276901612646,"نسبة_المساحة":0.06025171384251814,"المساحة_فدان":1.3057103946983235,"فرق_السعر":326427.5986745809,"GlobalID":"{D6214529-3174-4F12-939E-08F43A66E19C}","SHAPE_Length":0.002824318600742477,"SHAPE_Area":4.713648067392959e-7},"geometry":{"type":"Polygon","coordinates":[[[32.871638,24.533025],[32.872297,24.532287],[32.871465,24.53249],[32.871638,24.533025]]]}},{"type":"Feature","properties":{"source_layer":"Agricultural_Changes","source_feature_count":1,"سعر_الأرض_2023":458839.35101050034,"سعر_الأرض_2014":131096.95743157153,"سعر_الايجار_زراعية_2023":null,"نوع_ملكية_الأرض":"تمليك","أنواع_المحاصيل_المزروعة":"محاصيل موسمية","اسم_المحور":"محور كلبشة","اسم_المحافظة":"محافظة أسوان","المساحة_كم2":0.005307569126784272,"نسبة_المساحة":0.06049439750854401,"المساحة_فدان":1.3109695743157153,"فرق_السعر":327742.3935789288,"GlobalID":"{2B5C5B31-0A29-49FA-9602-96CEB2217C10}","SHAPE_Length":0.0031731152014118917,"SHAPE_Area":4.7326478239126996e-7},"geometry":{"type":"Polygon","coordinates":[[[32.87283,24.533368],[32.873855,24.53265],[32.872697,24.532938],[32.87283,24.533368]]]}},{"type":"Feature","properties":{"source_layer":"Agricultural_Changes","source_feature_count":1,"سعر_الأرض_2023":506610.94302959135,"سعر_الأرض_2014":144745.98372274038,"سعر_الايجار_زراعية_2023":null,"نوع_ملكية_الأرض":"تمليك","أنواع_المحاصيل_المزروعة":"محاصيل موسمية","اسم_المحور":"محور كلبشة","اسم_المحافظة":"محافظة أسوان","المساحة_كم2":0.0058601612843214735,"نسبة_المساحة":0.06679271013333182,"المساحة_فدان":1.447459837227404,"فرق_السعر":361864.959306851,"GlobalID":"{DF653EB5-653D-4350-9F46-3AB9BDBFBEC0}","SHAPE_Length":0.0029569059417556614,"SHAPE_Area":5.225407407504599e-7},"geometry":{"type":"Polygon","coordinates":[[[32.874778,24.533772],[32.873718,24.533439],[32.873935,24.534016],[32.874778,24.533772]]]}},{"type":"Feature","properties":{"source_layer":"Agricultural_Changes","source_feature_count":1,"سعر_الأرض_2023":552632.6914205075,"سعر_الأرض_2014":157895.05469157358,"سعر_الايجار_زراعية_2023":null,"نوع_ملكية_الأرض":"تمليك","أنواع_المحاصيل_المزروعة":"محاصيل موسمية","اسم_المحور":"محور كلبشة","اسم_المحافظة":"محافظة أسوان","المساحة_كم2":0.006392512335691238,"نسبة_المساحة":0.07286031949392166,"المساحة_فدان":1.5789505469157357,"فرق_السعر":394737.6367289339,"GlobalID":"{57FA5E01-2397-4B71-8F05-35F9F66304AC}","SHAPE_Length":0.0035822611206696945,"SHAPE_Area":5.70007115594131e-7},"geometry":{"type":"Polygon","coordinates":[[[32.874837,24.532687],[32.874591,24.533237],[32.87503,24.533122],[32.874837,24.532687]]]}},{"type":"Feature","properties":{"source_layer":"Agricultural_Changes","source_feature_count":1,"سعر_الأرض_2023":571598.7993399203,"سعر_الأرض_2014":163313.94266854867,"سعر_الايجار_زراعية_2023":null,"نوع_ملكية_الأرض":"تمليك","أنواع_المحاصيل_المزروعة":"محاصيل موسمية","اسم_المحور":"محور كلبشة","اسم_المحافظة":"محافظة أسوان","المساحة_كم2":0.006611900512896707,"نسبة_المساحة":0.07536085321915711,"المساحة_فدان":1.6331394266854866,"فرق_السعر":408284.8566713716,"GlobalID":"{4359E1FA-5520-40D3-BF27-5A6D48B705DE}","SHAPE_Length":0.003257948619054953,"SHAPE_Area":5.895687214406474e-7},"geometry":{"type":"Polygon","coordinates":[[[32.870605,24.533352],[32.871465,24.53249],[32.870419,24.532909],[32.870605,24.533352]]]}},{"type":"Feature","properties":{"source_layer":"Agricultural_Changes","source_feature_count":1,"سعر_الأرض_2023":664037.0817625949,"سعر_الأرض_2014":189724.88050359854,"سعر_الايجار_زراعية_2023":null,"نوع_ملكية_الأرض":"تمليك","أنواع_المحاصيل_المزروعة":"محاصيل موسمية","اسم_المحور":"محور كلبشة","اسم_المحافظة":"محافظة أسوان","المساحة_كم2":0.0076811692511578366,"نسبة_المساحة":0.08754812135465835,"المساحة_فدان":1.8972488050359855,"فرق_السعر":474312.2012589963,"GlobalID":"{13B1BB99-3B7B-457E-8FBE-C6AA3C13D34E}","SHAPE_Length":0.004107117152453101,"SHAPE_Area":6.84909615155317e-7},"geometry":{"type":"Polygon","coordinates":[[[32.872297,24.532287],[32.873035,24.532575],[32.87404,24.53213],[32.872297,24.532287]]]}},{"type":"Feature","properties":{"source_layer":"Agricultural_Changes","source_feature_count":1,"سعر_الأرض_2023":531542.5904063403,"سعر_الأرض_2014":151869.3115446687,"سعر_الايجار_زراعية_2023":null,"نوع_ملكية_الأرض":"تمليك","أنواع_المحاصيل_المزروعة":"محاصيل موسمية","اسم_المحور":"محور كلبشة","اسم_المحافظة":"محافظة أسوان","المساحة_كم2":0.006148555123265938,"نسبة_المساحة":0.07007975380914198,"المساحة_فدان":1.5186931154466867,"فرق_السعر":379673.2788616716,"GlobalID":"{5F99F2D2-40E6-4330-A074-56941B54CAE5}","SHAPE_Length":0.003959228629827063,"SHAPE_Area":5.482553010642421e-7},"geometry":{"type":"Polygon","coordinates":[[[32.869479,24.534382],[32.870861,24.533556],[32.869347,24.534054],[32.869479,24.534382]]]}},{"type":"Feature","properties":{"source_layer":"Agricultural_Changes","source_feature_count":1,"سعر_الأرض_2023":346170.4203956825,"سعر_الأرض_2014":98905.83439876644,"سعر_الايجار_زراعية_2023":null,"نوع_ملكية_الأرض":"تمليك","أنواع_المحاصيل_المزروعة":"محاصيل موسمية","اسم_المحور":"محور كلبشة","اسم_المحافظة":"محافظة أسوان","المساحة_كم2":0.0040042847934723255,"نسبة_المساحة":0.045639875854146125,"المساحة_فدان":0.9890583439876643,"فرق_السعر":247264.58599691605,"GlobalID":"{E0629B1E-386F-46E9-AAAB-53AB8DED0252}","SHAPE_Length":0.003186780090809031,"SHAPE_Area":3.570544064904365e-7},"geometry":{"type":"Polygon","coordinates":[[[32.870488,24.533708],[32.871638,24.533025],[32.870394,24.533418],[32.870488,24.533708]]]}},{"type":"Feature","properties":{"source_layer":"Agricultural_Changes","source_feature_count":1,"سعر_الأرض_2023":109700.09601663174,"سعر_الأرض_2014":31342.884576180495,"سعر_الايجار_زراعية_2023":null,"نوع_ملكية_الأرض":"تمليك","أنواع_المحاصيل_المزروعة":"محاصيل موسمية","اسم_المحور":"محور كلبشة","اسم_المحافظة":"محافظة أسوان","المساحة_كم2":0.001268942695391923,"نسبة_المساحة":0.014463103917614292,"المساحة_فدان":0.31342884576180496,"فرق_السعر":78357.21144045124,"GlobalID":"{522C0CE5-C459-4B25-9E4C-8BBA08DDA971}","SHAPE_Length":0.0013457115073149618,"SHAPE_Area":1.1314992574533834e-7},"geometry":{"type":"Polygon","coordinates":[[[32.871122,24.534218],[32.871352,24.533797],[32.871034,24.533896],[32.871122,24.534218]]]}},{"type":"Feature","properties":{"source_layer":"Agricultural_Changes","source_feature_count":1,"سعر_الأرض_2023":407448.58257039567,"سعر_الأرض_2014":116413.88073439876,"سعر_الايجار_زراعية_2023":null,"نوع_ملكية_الأرض":"تمليك","أنواع_المحاصيل_المزروعة":"محاصيل موسمية","اسم_المحور":"محور كلبشة","اسم_المحافظة":"محافظة أسوان","المساحة_كم2":0.004713112580340031,"نسبة_المساحة":0.053718924638925025,"المساحة_فدان":1.1641388073439876,"فرق_السعر":291034.70183599694,"GlobalID":"{0F63C7EC-A841-4DB3-825F-D6B96A559E5B}","SHAPE_Length":0.0031852135947268126,"SHAPE_Area":4.2026069168673503e-7},"geometry":{"type":"Polygon","coordinates":[[[32.872559,24.533444],[32.87145,24.534118],[32.872666,24.533748],[32.872559,24.533444]]]}},{"type":"Feature","properties":{"source_layer":"Agricultural_Changes","source_feature_count":1,"سعر_الأرض_2023":98369.38077413158,"سعر_الأرض_2014":28105.5373640376,"سعر_الايجار_زراعية_2023":null,"نوع_ملكية_الأرض":"تمليك","أنواع_المحاصيل_المزروعة":"محاصيل موسمية","اسم_المحور":"محور كلبشة","اسم_المحافظة":"محافظة أسوان","المساحة_كم2":0.0011378760066411983,"نسبة_المساحة":0.012969237294304041,"المساحة_فدان":0.28105537364037597,"فرق_السعر":70263.84341009398,"GlobalID":"{4397133B-4E87-471C-AE6B-7CBC777A4AF7}","SHAPE_Length":0.001316040768618156,"SHAPE_Area":1.0146278277007923e-7},"geometry":{"type":"Polygon","coordinates":[[[32.871034,24.533896],[32.871079,24.533468],[32.870861,24.533556],[32.871034,24.533896]]]}},{"type":"Feature","properties":{"source_layer":"Agricultural_Changes","source_feature_count":1,"سعر_الأرض_2023":279864.14189185674,"سعر_الأرض_2014":79961.18339767335,"سعر_الايجار_زراعية_2023":null,"نوع_ملكية_الأرض":"تمليك","أنواع_المحاصيل_المزروعة":"محاصيل موسمية","اسم_المحور":"محور كلبشة","اسم_المحافظة":"محافظة أسوان","المساحة_كم2":0.003237294874399731,"نسبة_المساحة":0.0368979090627432,"المساحة_فدان":0.7996118339767335,"فرق_السعر":199902.95849418337,"GlobalID":"{AB337E90-054D-4DFF-924B-12496496C7D0}","SHAPE_Length":0.0022448319367726487,"SHAPE_Area":2.8866395531822593e-7},"geometry":{"type":"Polygon","coordinates":[[[32.87179,24.533222],[32.871309,24.53381],[32.871936,24.533619],[32.87179,24.533222]]]}},{"type":"Feature","properties":{"source_layer":"Agricultural_Changes","source_feature_count":1,"سعر_الأرض_2023":164380.2115239018,"سعر_الأرض_2014":46965.774721114794,"سعر_الايجار_زراعية_2023":null,"نوع_ملكية_الأرض":"تمليك","أنواع_المحاصيل_المزروعة":"محاصيل موسمية","اسم_المحور":"محور كلبشة","اسم_المحافظة":"محافظة أسوان","المساحة_كم2":0.0019014483692759026,"نسبة_المساحة":0.021672251598660066,"المساحة_فدان":0.46965774721114795,"فرق_السعر":117414.436802787,"GlobalID":"{989351D7-7846-4E06-8653-A279F5DF2E8E}","SHAPE_Length":0.0018874416688915857,"SHAPE_Area":1.6954766282517245e-7},"geometry":{"type":"Polygon","coordinates":[[[32.873201,24.53245],[32.872697,24.532938],[32.873318,24.53279],[32.873201,24.53245]]]}},{"type":"Feature","properties":{"source_layer":"Agricultural_Changes","source_feature_count":1,"سعر_الأرض_2023":198574.21886100437,"سعر_الأرض_2014":56735.49110314411,"سعر_الايجار_زراعية_2023":null,"نوع_ملكية_الأرض":"تمليك","أنواع_المحاصيل_المزروعة":"محاصيل موسمية","اسم_المحور":"محور كلبشة","اسم_المحافظة":"محافظة أسوان","المساحة_كم2":0.0022969834454714213,"نسبة_المساحة":0.026180465350826704,"المساحة_فدان":0.5673549110314411,"فرق_السعر":141838.72775786027,"GlobalID":"{3FBCFFD3-A012-4733-80DD-6F0B413E818B}","SHAPE_Length":0.0019369463121943096,"SHAPE_Area":2.048182623465783e-7},"geometry":{"type":"Polygon","coordinates":[[[32.869881,24.533912],[32.870394,24.533418],[32.869768,24.533589],[32.869881,24.533912]]]}},{"type":"Feature","properties":{"source_layer":"Agricultural_Changes","source_feature_count":1,"سعر_الأرض_2023":223568.14647731773,"سعر_الأرض_2014":63876.61327923364,"سعر_الايجار_زراعية_2023":null,"نوع_ملكية_الأرض":"تمليك","أنواع_المحاصيل_المزروعة":"محاصيل موسمية","اسم_المحور":"محور كلبشة","اسم_المحافظة":"محافظة أسوان","المساحة_كم2":0.0025860977036126984,"نسبة_المساحة":0.029475720191526795,"المساحة_فدان":0.6387661327923364,"فرق_السعر":159691.5331980841,"GlobalID":"{89FCE385-9668-43CA-9022-4201C5C33CEC}","SHAPE_Length":0.002501775799517571,"SHAPE_Area":2.3059668249966912e-7},"geometry":{"type":"Polygon","coordinates":[[[32.871741,24.533238],[32.872615,24.532716],[32.871638,24.533025],[32.871741,24.533238]]]}},{"type":"Feature","properties":{"source_layer":"Agricultural_Changes","source_feature_count":1,"سعر_الأرض_2023":160712.81431740808,"سعر_الأرض_2014":52540.72775761418,"سعر_الايجار_زراعية_2023":null,"نوع_ملكية_الأرض":"تمليك","أنواع_المحاصيل_المزروعة":"محاصيل موسمية","اسم_المحور":"محور كلبشة","اسم_المحافظة":"محافظة أسوان","المساحة_كم2":0.0025025352587575225,"نسبة_المساحة":0.028523295524960555,"المساحة_فدان":0.618126208913108,"فرق_السعر":108172.0865597939,"GlobalID":"{9BDE957E-6604-4102-ABFD-D414A44663D8}","SHAPE_Length":0.0018962355996652476,"SHAPE_Area":2.231243555666213e-7},"geometry":{"type":"Polygon","coordinates":[[[32.863158,24.521229],[32.863412,24.520585],[32.863006,24.520742],[32.863158,24.521229]]]}},{"type":"Feature","properties":{"source_layer":"Agricultural_Changes","source_feature_count":1,"سعر_الأرض_2023":240600.26451528358,"سعر_الأرض_2014":78657.7787838427,"سعر_الايجار_زراعية_2023":null,"نوع_ملكية_الأرض":"تمليك","أنواع_المحاصيل_المزروعة":"محاصيل موسمية","اسم_المحور":"محور كلبشة","اسم_المحافظة":"محافظة أسوان","المساحة_كم2":0.003746500537453809,"نسبة_المساحة":0.04270171284910265,"المساحة_فدان":0.9253856327510908,"فرق_السعر":161942.4857314409,"GlobalID":"{834D9610-3E83-4854-A821-4E0055EEEB39}","SHAPE_Length":0.0028216779199658607,"SHAPE_Area":3.3403682076078747e-7},"geometry":{"type":"Polygon","coordinates":[[[32.862542,24.521473],[32.863673,24.521372],[32.863572,24.521066],[32.862542,24.521473]]]}},{"type":"Feature","properties":{"source_layer":"Agricultural_Changes","source_feature_count":1,"سعر_الأرض_2023":242237.5463968173,"سعر_الأرض_2014":79193.04401434412,"سعر_الايجار_زراعية_2023":null,"نوع_ملكية_الأرض":"تمليك","أنواع_المحاصيل_المزروعة":"محاصيل موسمية","اسم_المحور":"محور كلبشة","اسم_المحافظة":"محافظة أسوان","المساحة_كم2":0.0037719954281659504,"نسبة_المساحة":0.04299229748706696,"المساحة_فدان":0.9316828707569896,"فرق_السعر":163044.5023824732,"GlobalID":"{977A5B08-40F3-48D4-8253-118981A3F966}","SHAPE_Length":0.0023415075318392346,"SHAPE_Area":3.363092048856075e-7},"geometry":{"type":"Polygon","coordinates":[[[32.862542,24.521473],[32.863006,24.520742],[32.862397,24.520978],[32.862542,24.521473]]]}},{"type":"Feature","properties":{"source_layer":"Agricultural_Changes","source_feature_count":1,"سعر_الأرض_2023":251532.7830853306,"سعر_الأرض_2014":82231.87139328115,"سعر_الايجار_زراعية_2023":null,"نوع_ملكية_الأرض":"تمليك","أنواع_المحاصيل_المزروعة":"محاصيل موسمية","اسم_المحور":"محور كلبشة","اسم_المحافظة":"محافظة أسوان","المساحة_كم2":0.0039167359558600215,"نسبة_المساحة":0.04464201524085657,"المساحة_فدان":0.9674337810974254,"فرق_السعر":169300.91169204944,"GlobalID":"{772D39DB-106E-4127-B2B3-9F1EEAB19AD2}","SHAPE_Length":0.002426491404477331,"SHAPE_Area":3.492185271831883e-7},"geometry":{"type":"Polygon","coordinates":[[[32.860863,24.522895],[32.861379,24.522206],[32.860683,24.522465],[32.860863,24.522895]]]}},{"type":"Feature","properties":{"source_layer":"Agricultural_Changes","source_feature_count":1,"سعر_الأرض_2023":266786.2094607785,"سعر_الأرض_2014":87218.5684775622,"سعر_الايجار_زراعية_2023":null,"نوع_ملكية_الأرض":"تمليك","أنواع_المحاصيل_المزروعة":"محاصيل موسمية","اسم_المحور":"محور كلبشة","اسم_المحافظة":"محافظة أسوان","المساحة_كم2":0.0041542542737586195,"نسبة_المساحة":0.04734919195307473,"المساحة_فدان":1.026100805618379,"فرق_السعر":179567.6409832163,"GlobalID":"{AED2CCE3-F206-473C-B973-060A38D2058C}","SHAPE_Length":0.0024758282273118102,"SHAPE_Area":3.7039197943972244e-7},"geometry":{"type":"Polygon","coordinates":[[[32.861877,24.521717],[32.862397,24.520978],[32.861697,24.521249],[32.861877,24.521717]]]}},{"type":"Feature","properties":{"source_layer":"Agricultural_Changes","source_feature_count":1,"سعر_الأرض_2023":266954.97298520483,"سعر_الأرض_2014":87273.74116824004,"سعر_الايجار_زراعية_2023":null,"نوع_ملكية_الأرض":"تمليك","أنواع_المحاصيل_المزروعة":"محاصيل موسمية","اسم_المحور":"محور كلبشة","اسم_المحافظة":"محافظة أسوان","المساحة_كم2":0.004156882170432962,"نسبة_المساحة":0.04737914408789043,"المساحة_فدان":1.0267498960969417,"فرق_السعر":179681.2318169648,"GlobalID":"{FD850D72-BD11-4990-9CFD-D42B1CD802BD}","SHAPE_Length":0.002534170014147079,"SHAPE_Area":3.7063085287737467e-7},"geometry":{"type":"Polygon","coordinates":[[[32.860107,24.523164],[32.860683,24.522465],[32.859923,24.522749],[32.860107,24.523164]]]}},{"type":"Feature","properties":{"source_layer":"Agricultural_Changes","source_feature_count":1,"سعر_الأرض_2023":268451.6634115394,"سعر_الأرض_2014":87763.04380761864,"سعر_الايجار_زراعية_2023":null,"نوع_ملكية_الأرض":"تمليك","أنواع_المحاصيل_المزروعة":"محاصيل موسمية","اسم_المحور":"محور كلبشة","اسم_المحافظة":"محافظة أسوان","المساحة_كم2":0.004180187845087814,"نسبة_المساحة":0.04764477656729812,"المساحة_فدان":1.03250639773669,"فرق_السعر":180688.61960392076,"GlobalID":"{AB3BD934-EF7A-40C3-908C-6C20ABE5C109}","SHAPE_Length":0.002498844128459496,"SHAPE_Area":3.727061992824394e-7},"geometry":{"type":"Polygon","coordinates":[[[32.862316,24.522376],[32.862825,24.52167],[32.862111,24.521932],[32.862316,24.522376]]]}},{"type":"Feature","properties":{"source_layer":"Agricultural_Changes","source_feature_count":1,"سعر_الأرض_2023":274588.7121852453,"سعر_الأرض_2014":89769.38667594559,"سعر_الايجار_زراعية_2023":null,"نوع_ملكية_الأرض":"تمليك","أنواع_المحاصيل_المزروعة":"محاصيل موسمية","اسم_المحور":"محور كلبشة","اسم_المحافظة":"محافظة أسوان","المساحة_كم2":0.004275750734743776,"نسبة_المساحة":0.04873397942002016,"المساحة_فدان":1.0561104314817127,"فرق_السعر":184819.3255092997,"GlobalID":"{A3C37606-8BA0-412E-B7C2-93673A111E0D}","SHAPE_Length":0.0025484432857248926,"SHAPE_Area":3.8122750983172616e-7},"geometry":{"type":"Polygon","coordinates":[[[32.861562,24.522646],[32.862111,24.521932],[32.861379,24.522206],[32.861562,24.522646]]]}},{"type":"Feature","properties":{"source_layer":"Agricultural_Changes","source_feature_count":1,"سعر_الأرض_2023":278798.23732486996,"سعر_الأرض_2014":91145.57758697672,"سعر_الايجار_زراعية_2023":null,"نوع_ملكية_الأرض":"تمليك","أنواع_المحاصيل_المزروعة":"محاصيل موسمية","اسم_المحور":"محور كلبشة","اسم_المحافظة":"محافظة أسوان","المساحة_كم2":0.004341299242056524,"نسبة_المساحة":0.04948108555519199,"المساحة_فدان":1.0723009127879615,"فرق_السعر":187652.65973789323,"GlobalID":"{AE9AFF24-CE3D-4385-AAC2-35120BD85FC9}","SHAPE_Length":0.0025486350856230044,"SHAPE_Area":3.8706785474109404e-7},"geometry":{"type":"Polygon","coordinates":[[[32.861697,24.521249],[32.862255,24.520491],[32.861518,24.520784],[32.861697,24.521249]]]}},{"type":"Feature","properties":{"source_layer":"Agricultural_Changes","source_feature_count":1,"سعر_الأرض_2023":310475.2441226067,"سعر_الأرض_2014":101501.52211700604,"سعر_الايجار_زراعية_2023":null,"نوع_ملكية_الأرض":"تمليك","أنواع_المحاصيل_المزروعة":"محاصيل موسمية","اسم_المحور":"محور كلبشة","اسم_المحافظة":"محافظة أسوان","المساحة_كم2":0.0048345569000717336,"نسبة_المساحة":0.05510311781239303,"المساحة_فدان":1.1941355543177181,"فرق_السعر":208973.72200560066,"GlobalID":"{B53DD1E1-7E64-45F9-8B8C-71D6DB2728B4}","SHAPE_Length":0.0027401860815748176,"SHAPE_Area":4.310489735067612e-7},"geometry":{"type":"Polygon","coordinates":[[[32.863832,24.521835],[32.862825,24.52167],[32.863026,24.522123],[32.863832,24.521835]]]}},{"type":"Feature","properties":{"source_layer":"Agricultural_Changes","source_feature_count":1,"سعر_الأرض_2023":2087632.0223110777,"سعر_الأرض_2014":null,"سعر_الايجار_زراعية_2023":null,"نوع_ملكية_الأرض":"ايجار","أنواع_المحاصيل_المزروعة":"خضروات","اسم_المحور":"محور كلبشة","اسم_المحافظة":"محافظة أسوان","المساحة_كم2":0.033807806029329195,"نسبة_المساحة":0.3853332491722285,"المساحة_فدان":8.35052808924431,"فرق_السعر":2087632.0223110777,"GlobalID":"{F8024EE0-A413-47A7-944A-410DC055665F}","SHAPE_Length":0.006992833270354113,"SHAPE_Area":0.0000030137043836529514},"geometry":{"type":"Polygon","coordinates":[[[32.741418,24.497004],[32.739279,24.498555],[32.741121,24.498537],[32.741418,24.497004]]]}},{"type":"Feature","properties":{"source_layer":"Agricultural_Changes","source_feature_count":1,"سعر_الأرض_2023":4323042.779560387,"سعر_الأرض_2014":null,"سعر_الايجار_زراعية_2023":null,"نوع_ملكية_الأرض":"ايجار","أنواع_المحاصيل_المزروعة":"خضروات","اسم_المحور":"محور كلبشة","اسم_المحافظة":"محافظة أسوان","المساحة_كم2":0.07000878995239491,"نسبة_المساحة":0.7979433649012705,"المساحة_فدان":17.292171118241544,"فرق_السعر":4323042.779560387,"GlobalID":"{400D5D58-10DD-401A-8E81-2EF42790A440}","SHAPE_Length":0.010210712526623412,"SHAPE_Area":0.000006241014012995906},"geometry":{"type":"Polygon","coordinates":[[[32.747936,24.502468],[32.744869,24.504092],[32.747968,24.504592],[32.747936,24.502468]]]}},{"type":"Feature","properties":{"source_layer":"Agricultural_Changes","source_feature_count":1,"سعر_الأرض_2023":2118729.855421646,"سعر_الأرض_2014":null,"سعر_الايجار_زراعية_2023":null,"نوع_ملكية_الأرض":"ايجار","أنواع_المحاصيل_المزروعة":"خضروات","اسم_المحور":"محور كلبشة","اسم_المحافظة":"محافظة أسوان","المساحة_كم2":0.03431141466269872,"نسبة_المساحة":0.39107325935919884,"المساحة_فدان":8.474919421686584,"فرق_السعر":2118729.855421646,"GlobalID":"{92D1BB89-4873-4E61-97B4-DF9FB6C988E3}","SHAPE_Length":0.00706519928982076,"SHAPE_Area":0.000003058635925935984},"geometry":{"type":"Polygon","coordinates":[[[32.739279,24.498555],[32.740793,24.500228],[32.741121,24.498537],[32.739279,24.498555]]]}},{"type":"Feature","properties":{"source_layer":"Agricultural_Changes","source_feature_count":1,"سعر_الأرض_2023":1554005.3233657086,"سعر_الأرض_2014":null,"سعر_الايجار_زراعية_2023":null,"نوع_ملكية_الأرض":"ايجار","أنواع_المحاصيل_المزروعة":"خضروات","اسم_المحور":"محور كلبشة","اسم_المحافظة":"محافظة أسوان","المساحة_كم2":0.025166078111185566,"نسبة_المساحة":0.28683691095164643,"المساحة_فدان":6.216021293462834,"فرق_السعر":1554005.3233657086,"GlobalID":"{847C319B-54B1-4160-B052-640C4D264F30}","SHAPE_Length":0.0060399176135405115,"SHAPE_Area":0.0000022433633058746544},"geometry":{"type":"Polygon","coordinates":[[[32.741121,24.498537],[32.742987,24.497201],[32.741418,24.497004],[32.741121,24.498537]]]}},{"type":"Feature","properties":{"source_layer":"Agricultural_Changes","source_feature_count":1,"سعر_الأرض_2023":1783258.0639724347,"سعر_الأرض_2014":null,"سعر_الايجار_زراعية_2023":null,"نوع_ملكية_الأرض":"ايجار","أنواع_المحاصيل_المزروعة":"خضروات","اسم_المحور":"محور كلبشة","اسم_المحافظة":"محافظة أسوان","المساحة_كم2":0.028878673100768172,"نسبة_المساحة":0.3291521765135504,"المساحة_فدان":7.133032255889739,"فرق_السعر":1783258.0639724347,"GlobalID":"{011539D0-819E-4CFA-8914-EC1E11DFFE0D}","SHAPE_Length":0.006613151228462713,"SHAPE_Area":0.0000025743456688924052},"geometry":{"type":"Polygon","coordinates":[[[32.745541,24.498493],[32.74359,24.50026],[32.744978,24.500403],[32.745541,24.498493]]]}},{"type":"Feature","properties":{"source_layer":"Agricultural_Changes","source_feature_count":1,"سعر_الأرض_2023":6140634.618393745,"سعر_الأرض_2014":null,"سعر_الايجار_زراعية_2023":null,"نوع_ملكية_الأرض":"ايجار","أنواع_المحاصيل_المزروعة":"خضروات","اسم_المحور":"محور كلبشة","اسم_المحافظة":"محافظة أسوان","المساحة_كم2":0.09944347560151814,"نسبة_المساحة":1.1334328388322374,"المساحة_فدان":24.562538473574982,"فرق_السعر":6140634.618393745,"GlobalID":"{9B4E2BF0-3A7F-41F9-84E4-6217179A8850}","SHAPE_Length":0.012054843428098837,"SHAPE_Area":0.000008864621806783262},"geometry":{"type":"Polygon","coordinates":[[[32.758034,24.499504],[32.755676,24.495813],[32.755494,24.499086],[32.758034,24.499504]]]}},{"type":"Feature","properties":{"source_layer":"Agricultural_Changes","source_feature_count":1,"سعر_الأرض_2023":824546.6354736575,"سعر_الأرض_2014":247363.99064209725,"سعر_الايجار_زراعية_2023":null,"نوع_ملكية_الأرض":"تمليك","أنواع_المحاصيل_المزروعة":"محاصيل موسمية","اسم_المحور":"محور كلبشة","اسم_المحافظة":"محافظة أسوان","المساحة_كم2":0.008345613719369004,"نسبة_المساحة":0.09512129973861522,"المساحة_فدان":2.0613665886841437,"فرق_السعر":577182.6448315603,"GlobalID":"{EF133041-68AA-4B2A-A5EA-5AFCB427BB0F}","SHAPE_Length":0.005036402860952975,"SHAPE_Area":7.443061489155259e-7},"geometry":{"type":"Polygon","coordinates":[[[32.865734,24.557724],[32.8679,24.5573],[32.867743,24.556905],[32.865734,24.557724]]]}},{"type":"Feature","properties":{"source_layer":"Agricultural_Changes","source_feature_count":1,"سعر_الأرض_2023":710518.3729828927,"سعر_الأرض_2014":213155.51189486778,"سعر_الايجار_زراعية_2023":null,"نوع_ملكية_الأرض":"تمليك","أنواع_المحاصيل_المزروعة":"محاصيل موسمية","اسم_المحور":"محور كلبشة","اسم_المحافظة":"محافظة أسوان","المساحة_كم2":0.007191481507924015,"نسبة_المساحة":0.08196677812829199,"المساحة_فدان":1.7762959324572316,"فرق_السعر":497362.8610880249,"GlobalID":"{3246EBBB-D732-4378-A598-CE1B9E1D3EE4}","SHAPE_Length":0.003995280114666928,"SHAPE_Area":6.413727045524503e-7},"geometry":{"type":"Polygon","coordinates":[[[32.8679,24.5573],[32.866514,24.558129],[32.868063,24.557711],[32.8679,24.5573]]]}},{"type":"Feature","properties":{"source_layer":"Agricultural_Changes","source_feature_count":1,"سعر_الأرض_2023":200059.10392599722,"سعر_الأرض_2014":60017.73117779916,"سعر_الايجار_زراعية_2023":null,"نوع_ملكية_الأرض":"تمليك","أنواع_المحاصيل_المزروعة":"محاصيل موسمية","اسم_المحور":"محور كلبشة","اسم_المحافظة":"محافظة أسوان","المساحة_كم2":0.0020248897158501745,"نسبة_المساحة":0.023079206404198006,"المساحة_فدان":0.500147759814993,"فرق_السعر":140041.37274819805,"GlobalID":"{60E36AB6-1C2B-406A-992A-22CDDEDE12ED}","SHAPE_Length":0.0018212827171984922,"SHAPE_Area":1.8059122094118702e-7},"geometry":{"type":"Polygon","coordinates":[[[32.865204,24.558167],[32.86469,24.558623],[32.865288,24.558461],[32.865204,24.558167]]]}},{"type":"Feature","properties":{"source_layer":"Agricultural_Changes","source_feature_count":1,"سعر_الأرض_2023":180707.9759399702,"سعر_الأرض_2014":54212.39278199106,"سعر_الايجار_زراعية_2023":null,"نوع_ملكية_الأرض":"تمليك","أنواع_المحاصيل_المزروعة":"محاصيل موسمية","اسم_المحور":"محور كلبشة","اسم_المحافظة":"محافظة أسوان","المساحة_كم2":0.001829028096558403,"نسبة_المساحة":0.02084682273267675,"المساحة_فدان":0.45176993984992553,"فرق_السعر":126495.58315797914,"GlobalID":"{BEF90E23-1D0D-4CD1-BFA4-D5DB3E1CB4FB}","SHAPE_Length":0.001770278806798691,"SHAPE_Area":1.6312308938674813e-7},"geometry":{"type":"Polygon","coordinates":[[[32.864114,24.558779],[32.864615,24.558356],[32.864002,24.558553],[32.864114,24.558779]]]}},{"type":"Feature","properties":{"source_layer":"Agricultural_Changes","source_feature_count":1,"سعر_الأرض_2023":396632.84671638615,"سعر_الأرض_2014":118989.85401491584,"سعر_الايجار_زراعية_2023":null,"نوع_ملكية_الأرض":"تمليك","أنواع_المحاصيل_المزروعة":"محاصيل موسمية","اسم_المحور":"محور كلبشة","اسم_المحافظة":"محافظة أسوان","المساحة_كم2":0.0040145024971294145,"نسبة_المساحة":0.04575633478513529,"المساحة_فدان":0.9915821167909653,"فرق_السعر":277642.9927014703,"GlobalID":"{1B5748BB-98A4-4502-A625-FD4680ECA1C8}","SHAPE_Length":0.004211627120902919,"SHAPE_Area":3.5803846222390435e-7},"geometry":{"type":"Polygon","coordinates":[[[32.863951,24.55845],[32.865823,24.557968],[32.865734,24.557724],[32.863951,24.55845]]]}},{"type":"Feature","properties":{"source_layer":"Agricultural_Changes","source_feature_count":1,"سعر_الأرض_2023":872672.6841748316,"سعر_الأرض_2014":261801.8052524495,"سعر_الايجار_زراعية_2023":null,"نوع_ملكية_الأرض":"تمليك","أنواع_المحاصيل_المزروعة":"محاصيل موسمية","اسم_المحور":"محور كلبشة","اسم_المحافظة":"محافظة أسوان","المساحة_كم2":0.00883271947545376,"نسبة_المساحة":0.10067321409590305,"المساحة_فدان":2.181681710437079,"فرق_السعر":610870.8789223821,"GlobalID":"{F80BE3E4-E738-4C5B-A86A-98069B7AC663}","SHAPE_Length":0.004000153241002913,"SHAPE_Area":7.877052047961642e-7},"geometry":{"type":"Polygon","coordinates":[[[32.865708,24.551228],[32.864144,24.551092],[32.864285,24.55161],[32.865708,24.551228]]]}},{"type":"Feature","properties":{"source_layer":"Agricultural_Changes","source_feature_count":1,"سعر_الأرض_2023":803463.762402401,"سعر_الأرض_2014":241039.12872072027,"سعر_الايجار_زراعية_2023":null,"نوع_ملكية_الأرض":"تمليك","أنواع_المحاصيل_المزروعة":"محاصيل موسمية","اسم_المحور":"محور كلبشة","اسم_المحافظة":"محافظة أسوان","المساحة_كم2":0.008132224315813775,"نسبة_المساحة":0.09268913859395156,"المساحة_فدان":2.0086594060060023,"فرق_السعر":562424.6336816807,"GlobalID":"{B5FC73BD-52D0-4D0D-B29D-214040141AC8}","SHAPE_Length":0.003426157601767148,"SHAPE_Area":7.25227091110246e-7},"geometry":{"type":"Polygon","coordinates":[[[32.867913,24.549104],[32.867213,24.550143],[32.868126,24.549832],[32.867913,24.549104]]]}},{"type":"Feature","properties":{"source_layer":"Agricultural_Changes","source_feature_count":1,"سعر_الأرض_2023":828368.9515411244,"سعر_الأرض_2014":248510.6854623373,"سعر_الايجار_زراعية_2023":null,"نوع_ملكية_الأرض":"تمليك","أنواع_المحاصيل_المزروعة":"محاصيل موسمية","اسم_المحور":"محور كلبشة","اسم_المحافظة":"محافظة أسوان","المساحة_كم2":0.008384301128958748,"نسبة_المساحة":0.09556224953660981,"المساحة_فدان":2.070922378852811,"فرق_السعر":579858.266078787,"GlobalID":"{59079DDB-555D-4C26-907B-48D5EAF23092}","SHAPE_Length":0.0034857920149387513,"SHAPE_Area":7.477156625248819e-7},"geometry":{"type":"Polygon","coordinates":[[[32.862359,24.551578],[32.863095,24.550568],[32.862131,24.550861],[32.862359,24.551578]]]}},{"type":"Feature","properties":{"source_layer":"Agricultural_Changes","source_feature_count":1,"سعر_الأرض_2023":889078.083699015,"سعر_الأرض_2014":266723.4251097045,"سعر_الايجار_زراعية_2023":null,"نوع_ملكية_الأرض":"تمليك","أنواع_المحاصيل_المزروعة":"محاصيل موسمية","اسم_المحور":"محور كلبشة","اسم_المحافظة":"محافظة أسوان","المساحة_كم2":0.008998766029342258,"نسبة_المساحة":0.10256577281646002,"المساحة_فدان":2.2226952092475374,"فرق_السعر":622354.6585893105,"GlobalID":"{6CB7945F-5BAD-4388-8C2F-9D6C78CCAECE}","SHAPE_Length":0.003612331355310436,"SHAPE_Area":8.025123758276743e-7},"geometry":{"type":"Polygon","coordinates":[[[32.863269,24.55133],[32.864012,24.55029],[32.863095,24.550568],[32.863269,24.55133]]]}},{"type":"Feature","properties":{"source_layer":"Agricultural_Changes","source_feature_count":1,"سعر_الأرض_2023":921155.6161152273,"سعر_الأرض_2014":276346.6848345682,"سعر_الايجار_زراعية_2023":null,"نوع_ملكية_الأرض":"تمليك","أنواع_المحاصيل_المزروعة":"محاصيل موسمية","اسم_المحور":"محور كلبشة","اسم_المحافظة":"محافظة أسوان","المساحة_كم2":0.009323437410073151,"نسبة_المساحة":0.10626629919612912,"المساحة_فدان":2.3028890402880684,"فرق_السعر":644808.9312806592,"GlobalID":"{73116295-7AA8-448A-96E7-BDD3B28284A9}","SHAPE_Length":0.003648653880416644,"SHAPE_Area":8.314626714877839e-7},"geometry":{"type":"Polygon","coordinates":[[[32.865235,24.550795],[32.865969,24.549695],[32.865025,24.549982],[32.865235,24.550795]]]}},{"type":"Feature","properties":{"source_layer":"Agricultural_Changes","source_feature_count":1,"سعر_الأرض_2023":929769.2347993507,"سعر_الأرض_2014":278930.77043980523,"سعر_الايجار_زراعية_2023":null,"نوع_ملكية_الأرض":"تمليك","أنواع_المحاصيل_المزروعة":"محاصيل موسمية","اسم_المحور":"محور كلبشة","اسم_المحافظة":"محافظة أسوان","المساحة_كم2":0.00941061978541853,"نسبة_المساحة":0.10725998296056045,"المساحة_فدان":2.324423086998377,"فرق_السعر":650838.4643595455,"GlobalID":"{F6344BFA-0164-46AE-8981-F5BD503CE65C}","SHAPE_Length":0.003687264801693439,"SHAPE_Area":8.392402989050356e-7},"geometry":{"type":"Polygon","coordinates":[[[32.864292,24.551052],[32.865025,24.549982],[32.864012,24.55029],[32.864292,24.551052]]]}},{"type":"Feature","properties":{"source_layer":"Agricultural_Changes","source_feature_count":1,"سعر_الأرض_2023":43834.520702081,"سعر_الأرض_2014":15173.487935335728,"سعر_الايجار_زراعية_2023":null,"نوع_ملكية_الأرض":"تمليك","أنواع_المحاصيل_المزروعة":"محاصيل موسمية","اسم_المحور":"محور كلبشة","اسم_المحافظة":"محافظة أسوان","المساحة_كم2":0.0006825680582697134,"نسبة_المساحة":0.007779746708380722,"المساحة_فدان":0.1685943103926192,"فرق_السعر":28661.03276674527,"GlobalID":"{6B07DF73-F1FD-493B-A63A-4C60CBF9D7FD}","SHAPE_Length":0.0010008519356396177,"SHAPE_Area":6.086630713151335e-8},"geometry":{"type":"Polygon","coordinates":[[[32.867158,24.539787],[32.867269,24.539467],[32.86707,24.539515],[32.867158,24.539787]]]}},{"type":"Feature","properties":{"source_layer":"Agricultural_Changes","source_feature_count":1,"سعر_الأرض_2023":112014.98193876479,"سعر_الأرض_2014":38774.41682495704,"سعر_الايجار_زراعية_2023":null,"نوع_ملكية_الأرض":"تمليك","أنواع_المحاصيل_المزروعة":"محاصيل موسمية","اسم_المحور":"محور كلبشة","اسم_المحافظة":"محافظة أسوان","المساحة_كم2":0.0017442382737272624,"نسبة_المساحة":0.019880408706877,"المساحة_فدان":0.4308268536106338,"فرق_السعر":73240.56511380774,"GlobalID":"{4A348FF4-AE57-44BB-B2E0-7F423C64E372}","SHAPE_Length":0.0017841525593715565,"SHAPE_Area":1.5553876586072375e-7},"geometry":{"type":"Polygon","coordinates":[[[32.867357,24.540406],[32.867373,24.539736],[32.867158,24.539787],[32.867357,24.540406]]]}},{"type":"Feature","properties":{"source_layer":"Agricultural_Changes","source_feature_count":1,"سعر_الأرض_2023":165279.8420741325,"سعر_الأرض_2014":57212.25302566125,"سعر_الايجار_زراعية_2023":null,"نوع_ملكية_الأرض":"تمليك","أنواع_المحاصيل_المزروعة":"محاصيل موسمية","اسم_المحور":"محور كلبشة","اسم_المحافظة":"محافظة أسوان","المساحة_كم2":0.002573650608441802,"نسبة_المساحة":0.029333851191781692,"المساحة_فدان":0.635691700285125,"فرق_السعر":108067.58904847124,"GlobalID":"{5934CDD6-3176-4EE1-805A-561D12453BFF}","SHAPE_Length":0.002184267599075381,"SHAPE_Area":2.2949879629580101e-7},"geometry":{"type":"Polygon","coordinates":[[[32.866369,24.539975],[32.86707,24.539515],[32.866289,24.539703],[32.866369,24.539975]]]}},{"type":"Feature","properties":{"source_layer":"Agricultural_Changes","source_feature_count":1,"سعر_الأرض_2023":182775.795404831,"سعر_الأرض_2014":63268.54456321073,"سعر_الايجار_زراعية_2023":null,"نوع_ملكية_الأرض":"تمليك","أنواع_المحاصيل_المزروعة":"محاصيل موسمية","اسم_المحور":"محور كلبشة","اسم_المحافظة":"محافظة أسوان","المساحة_كم2":0.002846088374413438,"نسبة_المساحة":0.03243903138206086,"المساحة_فدان":0.7029838284801192,"فرق_السعر":119507.25084162028,"GlobalID":"{DCF56563-1DC9-4FF8-BC38-CCD27FE35047}","SHAPE_Length":0.002348854680689686,"SHAPE_Area":2.5379280920951225e-7},"geometry":{"type":"Polygon","coordinates":[[[32.867373,24.539736],[32.868124,24.539261],[32.867269,24.539467],[32.867373,24.539736]]]}},{"type":"Feature","properties":{"source_layer":"Agricultural_Changes","source_feature_count":1,"سعر_الأرض_2023":197351.8572549808,"سعر_الأرض_2014":68314.10443441643,"سعر_الايجار_زراعية_2023":null,"نوع_ملكية_الأرض":"تمليك","أنواع_المحاصيل_المزروعة":"محاصيل موسمية","اسم_المحور":"محور كلبشة","اسم_المحافظة":"محافظة أسوان","المساحة_كم2":0.0030730591288536404,"نسبة_المساحة":0.03502598950053923,"المساحة_فدان":0.7590456048268491,"فرق_السعر":129037.75282056438,"GlobalID":"{EAEC6C7C-E849-4055-82CA-84C8D9646969}","SHAPE_Length":0.002512068270358077,"SHAPE_Area":2.740333824007528e-7},"geometry":{"type":"Polygon","coordinates":[[[32.86544,24.540197],[32.866289,24.539703],[32.865328,24.539935],[32.86544,24.540197]]]}},{"type":"Feature","properties":{"source_layer":"Agricultural_Changes","source_feature_count":1,"سعر_الأرض_2023":381560.5181998291,"سعر_الأرض_2014":132078.64091532546,"سعر_الايجار_زراعية_2023":null,"نوع_ملكية_الأرض":"تمليك","أنواع_المحاصيل_المزروعة":"محاصيل موسمية","اسم_المحور":"محور كلبشة","اسم_المحافظة":"محافظة أسوان","المساحة_كم2":0.005941459330423997,"نسبة_المساحة":0.06771932572704596,"المساحة_فدان":1.4675404546147273,"فرق_السعر":249481.87728450363,"GlobalID":"{26D4B857-DE55-4A06-BAA2-30344167FD35}","SHAPE_Length":0.0029348322841481114,"SHAPE_Area":5.298170171432931e-7},"geometry":{"type":"Polygon","coordinates":[[[32.866552,24.540596],[32.867158,24.539787],[32.866369,24.539975],[32.866552,24.540596]]]}},{"type":"Feature","properties":{"source_layer":"Agricultural_Changes","source_feature_count":1,"سعر_الأرض_2023":421091.8377946794,"سعر_الأرض_2014":145762.5592366198,"سعر_الايجار_زراعية_2023":null,"نوع_ملكية_الأرض":"تمليك","أنواع_المحاصيل_المزروعة":"محاصيل موسمية","اسم_المحور":"محور كلبشة","اسم_المحافظة":"محافظة أسوان","المساحة_كم2":0.006557020208574889,"نسبة_المساحة":0.07473534069812748,"المساحة_فدان":1.6195839915179977,"فرق_السعر":275329.2785580596,"GlobalID":"{4346F9E2-7EEB-47A0-99A2-0F0A05F55A04}","SHAPE_Length":0.0031150170665546818,"SHAPE_Area":5.847070098823533e-7},"geometry":{"type":"Polygon","coordinates":[[[32.868496,24.540137],[32.867373,24.539736],[32.867609,24.540346],[32.868496,24.540137]]]}},{"type":"Feature","properties":{"source_layer":"Agricultural_Changes","source_feature_count":1,"سعر_الأرض_2023":5569657.877354796,"سعر_الأرض_2014":1701839.9069695212,"سعر_الايجار_زراعية_2023":null,"نوع_ملكية_الأرض":"تمليك","أنواع_المحاصيل_المزروعة":"محاصيل موسمية","اسم_المحور":"محور كلبشة","اسم_المحافظة":"محافظة أسوان","المساحة_كم2":0.06263672826534859,"نسبة_المساحة":0.7139183772844084,"المساحة_فدان":15.471271881541101,"فرق_السعر":3867817.970385275,"GlobalID":"{394FB588-DF20-489B-A8F7-916B0B2289EB}","SHAPE_Length":0.013126637302961887,"SHAPE_Area":0.000005586956772690604},"geometry":{"type":"Polygon","coordinates":[[[32.877493,24.575724],[32.879487,24.574718],[32.877039,24.573567],[32.877493,24.575724]]]}},{"type":"Feature","properties":{"source_layer":"Agricultural_Changes","source_feature_count":1,"سعر_الأرض_2023":340494.6910189506,"سعر_الأرض_2014":107524.6392691423,"سعر_الايجار_زراعية_2023":null,"نوع_ملكية_الأرض":"تمليك","أنواع_المحاصيل_المزروعة":"محاصيل موسمية","اسم_المحور":"محور كلبشة","اسم_المحافظة":"محافظة أسوان","المساحة_كم2":0.003627686884923829,"نسبة_المساحة":0.041347503388255664,"المساحة_فدان":0.8960386605761858,"فرق_السعر":232970.0517498083,"GlobalID":"{84465000-8859-4BB0-A737-2E166757770F}","SHAPE_Length":0.002298631899562889,"SHAPE_Area":3.2356936324425566e-7},"geometry":{"type":"Polygon","coordinates":[[[32.874026,24.571477],[32.874369,24.570833],[32.873834,24.570955],[32.874026,24.571477]]]}},{"type":"Feature","properties":{"source_layer":"Agricultural_Changes","source_feature_count":1,"سعر_الأرض_2023":372309.0744434663,"سعر_الأرض_2014":117571.28666635777,"سعر_الايجار_زراعية_2023":null,"نوع_ملكية_الأرض":"تمليك","أنواع_المحاصيل_المزروعة":"محاصيل موسمية","اسم_المحور":"محور كلبشة","اسم_المحافظة":"محافظة أسوان","المساحة_كم2":0.003966642600079548,"نسبة_المساحة":0.045210839179201136,"المساحة_فدان":0.9797607222196483,"فرق_السعر":254737.78777710855,"GlobalID":"{36B5BA71-D3F3-47D0-A5C5-2CB46D14C786}","SHAPE_Length":0.002404847604921042,"SHAPE_Area":3.5380113984611345e-7},"geometry":{"type":"Polygon","coordinates":[[[32.873175,24.571105],[32.873646,24.570447],[32.872991,24.570632],[32.873175,24.571105]]]}},{"type":"Feature","properties":{"source_layer":"Agricultural_Changes","source_feature_count":1,"سعر_الأرض_2023":373938.0212225126,"سعر_الأرض_2014":118085.6909123724,"سعر_الايجار_زراعية_2023":null,"نوع_ملكية_الأرض":"تمليك","أنواع_المحاصيل_المزروعة":"محاصيل موسمية","اسم_المحور":"محور كلبشة","اسم_المحافظة":"محافظة أسوان","المساحة_كم2":0.003983997669108381,"نسبة_المساحة":0.04540864808560243,"المساحة_فدان":0.98404742426977,"فرق_السعر":255852.33031014018,"GlobalID":"{F2FD3B4F-BDBF-45A2-8B3C-5195C0A7FA3D}","SHAPE_Length":0.0024168744547678313,"SHAPE_Area":3.553504748755699e-7},"geometry":{"type":"Polygon","coordinates":[[[32.873391,24.571598],[32.873834,24.570955],[32.873175,24.571105],[32.873391,24.571598]]]}},{"type":"Feature","properties":{"source_layer":"Agricultural_Changes","source_feature_count":1,"سعر_الأرض_2023":417507.4239779253,"سعر_الأرض_2014":131844.44967723958,"سعر_الايجار_زراعية_2023":null,"نوع_ملكية_الأرض":"تمليك","أنواع_المحاصيل_المزروعة":"محاصيل موسمية","اسم_المحور":"محور كلبشة","اسم_المحافظة":"محافظة أسوان","المساحة_كم2":0.004448193308948704,"نسبة_المساحة":0.050699438443192586,"المساحة_فدان":1.0987037473103298,"فرق_السعر":285662.97430068575,"GlobalID":"{CF85742D-9AF5-4EE6-9B3B-E087C5751E49}","SHAPE_Length":0.0025378878032137338,"SHAPE_Area":3.9675563262069764e-7},"geometry":{"type":"Polygon","coordinates":[[[32.872065,24.572073],[32.872493,24.571325],[32.871798,24.571551],[32.872065,24.572073]]]}},{"type":"Feature","properties":{"source_layer":"Agricultural_Changes","source_feature_count":1,"سعر_الأرض_2023":423833.6379527951,"سعر_الأرض_2014":133842.2014587774,"سعر_الايجار_زراعية_2023":null,"نوع_ملكية_الأرض":"تمليك","أنواع_المحاصيل_المزروعة":"محاصيل موسمية","اسم_المحور":"محور كلبشة","اسم_المحافظة":"محافظة أسوان","المساحة_كم2":0.004515593841389251,"نسبة_المساحة":0.05146765351573303,"المساحة_فدان":1.115351678823145,"فرق_السعر":289991.4364940177,"GlobalID":"{D3E9F1D2-0889-4A41-AD45-EF21C4BB2E79}","SHAPE_Length":0.0025658706281889735,"SHAPE_Area":4.0276676432177126e-7},"geometry":{"type":"Polygon","coordinates":[[[32.872686,24.571851],[32.873175,24.571105],[32.872493,24.571325],[32.872686,24.571851]]]}},{"type":"Feature","properties":{"source_layer":"Agricultural_Changes","source_feature_count":1,"سعر_الأرض_2023":425809.87974791887,"سعر_الأرض_2014":134466.2778151323,"سعر_الايجار_زراعية_2023":null,"نوع_ملكية_الأرض":"تمليك","أنواع_المحاصيل_المزروعة":"محاصيل موسمية","اسم_المحور":"محور كلبشة","اسم_المحافظة":"محافظة أسوان","المساحة_كم2":0.004536649049093532,"نسبة_المساحة":0.05170763571362094,"المساحة_فدان":1.1205523151261023,"فرق_السعر":291343.6019327866,"GlobalID":"{F3A83F6D-C08D-4A39-9BF3-F075B7AE9779}","SHAPE_Length":0.00264436203867659,"SHAPE_Area":4.046356399164548e-7},"geometry":{"type":"Polygon","coordinates":[[[32.873529,24.568852],[32.874215,24.568238],[32.873394,24.568371],[32.873529,24.568852]]]}},{"type":"Feature","properties":{"source_layer":"Agricultural_Changes","source_feature_count":1,"سعر_الأرض_2023":459198.42363419326,"سعر_الأرض_2014":145010.02851606102,"سعر_الايجار_زراعية_2023":null,"نوع_ملكية_الأرض":"تمليك","أنواع_المحاصيل_المزروعة":"محاصيل موسمية","اسم_المحور":"محور كلبشة","اسم_المحافظة":"محافظة أسوان","المساحة_كم2":0.00489237613077129,"نسبة_المساحة":0.05576212751005784,"المساحة_فدان":1.2084169043005086,"فرق_السعر":314188.39511813223,"GlobalID":"{76EEED6D-C468-438F-B0AF-D62DEEE44D20}","SHAPE_Length":0.002667910484129608,"SHAPE_Area":4.363755355496478e-7},"geometry":{"type":"Polygon","coordinates":[[[32.871362,24.572325],[32.871798,24.571551],[32.871106,24.571776],[32.871362,24.572325]]]}},{"type":"Feature","properties":{"source_layer":"Agricultural_Changes","source_feature_count":1,"سعر_الأرض_2023":528131.1601126291,"سعر_الأرض_2014":166778.26108819866,"سعر_الايجار_زراعية_2023":null,"نوع_ملكية_الأرض":"تمليك","أنواع_المحاصيل_المزروعة":"محاصيل موسمية","اسم_المحور":"محور كلبشة","اسم_المحافظة":"محافظة أسوان","المساحة_كم2":0.005626796932800226,"نسبة_المساحة":0.06413287933169265,"المساحة_فدان":1.3898188424016555,"فرق_السعر":361352.89902443043,"GlobalID":"{CFC354A5-0840-49F4-BDB5-6585F635F0FE}","SHAPE_Length":0.0029728670108293276,"SHAPE_Area":5.018784372658584e-7},"geometry":{"type":"Polygon","coordinates":[[[32.872074,24.570895],[32.873175,24.571105],[32.872991,24.570632],[32.872074,24.570895]]]}},{"type":"Feature","properties":{"source_layer":"Agricultural_Changes","source_feature_count":1,"سعر_الأرض_2023":589888.0370151441,"سعر_الأرض_2014":186280.43274162445,"سعر_الايجار_زراعية_2023":null,"نوع_ملكية_الأرض":"تمليك","أنواع_المحاصيل_المزروعة":"محاصيل موسمية","اسم_المحور":"محور كلبشة","اسم_المحافظة":"محافظة أسوان","المساحة_كم2":0.006284764937301769,"نسبة_المساحة":0.07163224053856887,"المساحة_فدان":1.552336939513537,"فرق_السعر":403607.6042735197,"GlobalID":"{94981F69-0184-4C74-B22A-49B4597EE9A5}","SHAPE_Length":0.00320857388480195,"SHAPE_Area":5.605588785967964e-7},"geometry":{"type":"Polygon","coordinates":[[[32.873001,24.570041],[32.873043,24.568946],[32.872444,24.569061],[32.873001,24.570041]]]}},{"type":"Feature","properties":{"source_layer":"Agricultural_Changes","source_feature_count":1,"سعر_الأرض_2023":594389.4555908488,"سعر_الأرض_2014":187701.93334447857,"سعر_الايجار_زراعية_2023":null,"نوع_ملكية_الأرض":"تمليك","أنواع_المحاصيل_المزروعة":"محاصيل موسمية","اسم_المحور":"محور كلبشة","اسم_المحافظة":"محافظة أسوان","المساحة_كم2":0.006332723797047185,"نسبة_المساحة":0.07217886409752636,"المساحة_فدان":1.5641827778706547,"فرق_السعر":406687.5222463702,"GlobalID":"{95905D79-F09B-48B5-B702-E9D10D40444C}","SHAPE_Length":0.0032259598774832645,"SHAPE_Area":5.648330159130467e-7},"geometry":{"type":"Polygon","coordinates":[[[32.872444,24.569061],[32.873394,24.568371],[32.872318,24.568545],[32.872444,24.569061]]]}},{"type":"Feature","properties":{"source_layer":"Agricultural_Changes","source_feature_count":1,"سعر_الأرض_2023":640525.8383509279,"سعر_الأرض_2014":202271.31737397722,"سعر_الايجار_زراعية_2023":null,"نوع_ملكية_الأرض":"تمليك","أنواع_المحاصيل_المزروعة":"محاصيل موسمية","اسم_المحور":"محور كلبشة","اسم_المحافظة":"محافظة أسوان","المساحة_كم2":0.00682426846740814,"نسبة_المساحة":0.0777813721330718,"المساحة_فدان":1.6855943114498102,"فرق_السعر":438254.5209769507,"GlobalID":"{D07D2EF0-89E5-4A27-947F-F666D9FF0BC5}","SHAPE_Length":0.0033271150512084553,"SHAPE_Area":6.086757109238068e-7},"geometry":{"type":"Polygon","coordinates":[[[32.871328,24.569276],[32.872318,24.568545],[32.871235,24.568721],[32.871328,24.569276]]]}},{"type":"Feature","properties":{"source_layer":"Agricultural_Changes","source_feature_count":1,"سعر_الأرض_2023":682725.456936574,"سعر_الأرض_2014":215597.5127168128,"سعر_الايجار_زراعية_2023":null,"نوع_ملكية_الأرض":"تمليك","أنواع_المحاصيل_المزروعة":"محاصيل موسمية","اسم_المحور":"محور كلبشة","اسم_المحافظة":"محافظة أسوان","المساحة_كم2":0.007273870199622566,"نسبة_المساحة":0.08290582463842962,"المساحة_فدان":1.7966459393067735,"فرق_السعر":467127.9442197612,"GlobalID":"{4DA5D0B9-E4B4-456E-ADE0-9805753957DC}","SHAPE_Length":0.003406483687160967,"SHAPE_Area":6.487778006232976e-7},"geometry":{"type":"Polygon","coordinates":[[[32.870279,24.569478],[32.871235,24.568721],[32.870079,24.568908],[32.870279,24.569478]]]}},{"type":"Feature","properties":{"source_layer":"Agricultural_Changes","source_feature_count":1,"سعر_الأرض_2023":693713.3316498197,"سعر_الأرض_2014":219067.36788941675,"سعر_الايجار_زراعية_2023":null,"نوع_ملكية_الأرض":"تمليك","أنواع_المحاصيل_المزروعة":"محاصيل موسمية","اسم_المحور":"محور كلبشة","اسم_المحافظة":"محافظة أسوان","المساحة_كم2":0.0073909368383743845,"نسبة_المساحة":0.08424012205603713,"المساحة_فدان":1.825561399078473,"فرق_السعر":474645.963760403,"GlobalID":"{7114C0C2-1186-4D34-B656-93FD8E3FC6ED}","SHAPE_Length":0.0033587029218585204,"SHAPE_Area":6.592341811612589e-7},"geometry":{"type":"Polygon","coordinates":[[[32.874409,24.572514],[32.874621,24.571365],[32.874026,24.571477],[32.874409,24.572514]]]}},{"type":"Feature","properties":{"source_layer":"Agricultural_Changes","source_feature_count":1,"سعر_الأرض_2023":706664.1849537849,"سعر_الأرض_2014":223157.11103803734,"سعر_الايجار_زراعية_2023":null,"نوع_ملكية_الأرض":"تمليك","أنواع_المحاصيل_المزروعة":"محاصيل موسمية","اسم_المحور":"محور كلبشة","اسم_المحافظة":"محافظة أسوان","المساحة_كم2":0.007528917376452003,"نسبة_المساحة":0.08581279107259078,"المساحة_فدان":1.8596425919836446,"فرق_السعر":483507.0739157476,"GlobalID":"{6536B793-F362-4B3D-92F1-CBAD97E42CB5}","SHAPE_Length":0.003652124751116267,"SHAPE_Area":6.715251697103663e-7},"geometry":{"type":"Polygon","coordinates":[[[32.873242,24.569432],[32.874351,24.568694],[32.873043,24.568946],[32.873242,24.569432]]]}},{"type":"Feature","properties":{"source_layer":"Agricultural_Changes","source_feature_count":1,"سعر_الأرض_2023":718349.86885798,"سعر_الأرض_2014":226847.32700778317,"سعر_الايجار_زراعية_2023":null,"نوع_ملكية_الأرض":"تمليك","أنواع_المحاصيل_المزروعة":"محاصيل موسمية","اسم_المحور":"محور كلبشة","اسم_المحافظة":"محافظة أسوان","المساحة_كم2":0.007653418590006181,"نسبة_المساحة":0.0872318259872817,"المساحة_فدان":1.8903943917315265,"فرق_السعر":491502.54185019684,"GlobalID":"{C9AC3D6B-AE6E-4876-9A19-0CD86C00848B}","SHAPE_Length":0.003550191638983861,"SHAPE_Area":6.82643702164124e-7},"geometry":{"type":"Polygon","coordinates":[[[32.871106,24.571776],[32.872074,24.570895],[32.870894,24.571234],[32.871106,24.571776]]]}},{"type":"Feature","properties":{"source_layer":"Agricultural_Changes","source_feature_count":1,"سعر_الأرض_2023":742229.4838479358,"سعر_الأرض_2014":234388.2580572429,"سعر_الايجار_زراعية_2023":null,"نوع_ملكية_الأرض":"تمليك","أنواع_المحاصيل_المزروعة":"محاصيل موسمية","اسم_المحور":"محور كلبشة","اسم_المحافظة":"محافظة أسوان","المساحة_كم2":0.007907835966843552,"نسبة_المساحة":0.09013161411247302,"المساحة_فدان":1.9532354838103574,"فرق_السعر":507841.2257906929,"GlobalID":"{713BBC00-721F-4346-943F-1AD74259FFEA}","SHAPE_Length":0.00356423288759482,"SHAPE_Area":7.053397641796073e-7},"geometry":{"type":"Polygon","coordinates":[[[32.873892,24.572742],[32.874026,24.571477],[32.873391,24.571598],[32.873892,24.572742]]]}},{"type":"Feature","properties":{"source_layer":"Agricultural_Changes","source_feature_count":1,"سعر_الأرض_2023":778300.999654561,"سعر_الأرض_2014":245779.26304880876,"سعر_الايجار_زراعية_2023":null,"نوع_ملكية_الأرض":"تمليك","أنواع_المحاصيل_المزروعة":"محاصيل موسمية","اسم_المحور":"محور كلبشة","اسم_المحافظة":"محافظة أسوان","المساحة_كم2":0.008292147876140648,"نسبة_المساحة":0.0945119089052366,"المساحة_فدان":2.0481605254067397,"فرق_السعر":532521.7366057523,"GlobalID":"{F9FDAAA7-4E0A-486A-AEB8-C20CDF02D1F2}","SHAPE_Length":0.0036656139266250526,"SHAPE_Area":7.396106947289292e-7},"geometry":{"type":"Polygon","coordinates":[[[32.870894,24.571234],[32.871883,24.570344],[32.870688,24.570647],[32.870894,24.571234]]]}},{"type":"Feature","properties":{"source_layer":"Agricultural_Changes","source_feature_count":1,"سعر_الأرض_2023":905940.8840897856,"سعر_الأرض_2014":286086.5949757218,"سعر_الايجار_زراعية_2023":null,"نوع_ملكية_الأرض":"تمليك","أنواع_المحاصيل_المزروعة":"محاصيل موسمية","اسم_المحور":"محور كلبشة","اسم_المحافظة":"محافظة أسوان","المساحة_كم2":0.009652044364902895,"نسبة_المساحة":0.11001168230366612,"المساحة_فدان":2.384054958131015,"فرق_السعر":619854.2891140638,"GlobalID":"{6BBB19B0-336B-42F5-8D8E-37309652397A}","SHAPE_Length":0.0039942593636632506,"SHAPE_Area":8.609182214023949e-7},"geometry":{"type":"Polygon","coordinates":[[[32.872065,24.572073],[32.873209,24.573042],[32.872686,24.571851],[32.872065,24.572073]]]}},{"type":"Feature","properties":{"source_layer":"Agricultural_Changes","source_feature_count":1,"سعر_الأرض_2023":956649.624687633,"سعر_الأرض_2014":302099.88148030516,"سعر_الايجار_زراعية_2023":null,"نوع_ملكية_الأرض":"تمليك","أنواع_المحاصيل_المزروعة":"محاصيل موسمية","اسم_المحور":"محور كلبشة","اسم_المحافظة":"محافظة أسوان","المساحة_كم2":0.010192303693667516,"نسبة_المساحة":0.11616942830965886,"المساحة_فدان":2.5174990123358763,"فرق_السعر":654549.7432073278,"GlobalID":"{D2F99676-1CA3-4832-8242-266277677D3F}","SHAPE_Length":0.003930439528802949,"SHAPE_Area":9.091147717604192e-7},"geometry":{"type":"Polygon","coordinates":[[[32.873274,24.574289],[32.873507,24.572911],[32.872816,24.573216],[32.873274,24.574289]]]}},{"type":"Feature","properties":{"source_layer":"Agricultural_Changes","source_feature_count":1,"سعر_الأرض_2023":706116.1728094077,"سعر_الأرض_2014":222984.05457139193,"سعر_الايجار_زراعية_2023":null,"نوع_ملكية_الأرض":"تمليك","أنواع_المحاصيل_المزروعة":"محاصيل موسمية","اسم_المحور":"محور كلبشة","اسم_المحافظة":"محافظة أسوان","المساحة_كم2":0.007523078764217002,"نسبة_المساحة":0.08574624397334339,"المساحة_فدان":1.8582004547615993,"فرق_السعر":483132.1182380158,"GlobalID":"{AB91B99E-48F5-478E-BBDE-C5BC77575D1A}","SHAPE_Length":0.0035147962798445184,"SHAPE_Area":6.710128682210177e-7},"geometry":{"type":"Polygon","coordinates":[[[32.872074,24.570895],[32.873001,24.570041],[32.871883,24.570344],[32.872074,24.570895]]]}},{"type":"Feature","properties":{"source_layer":"Agricultural_Changes","source_feature_count":1,"سعر_الأرض_2023":1012468.3201975307,"سعر_الأرض_2014":319726.83795711497,"سعر_الايجار_زراعية_2023":null,"نوع_ملكية_الأرض":"تمليك","أنواع_المحاصيل_المزروعة":"محاصيل موسمية","اسم_المحور":"محور كلبشة","اسم_المحافظة":"محافظة أسوان","المساحة_كم2":0.010787005329187414,"نسبة_المساحة":0.12294769464566775,"المساحة_فدان":2.6643903163092912,"فرق_السعر":692741.4822404156,"GlobalID":"{FCAA7134-E6F0-4663-9453-34C3DAF3FAAF}","SHAPE_Length":0.00404491436819017,"SHAPE_Area":9.62129671859918e-7},"geometry":{"type":"Polygon","coordinates":[[[32.87355,24.570186],[32.874498,24.569188],[32.873242,24.569432],[32.87355,24.570186]]]}},{"type":"Feature","properties":{"source_layer":"Agricultural_Changes","source_feature_count":1,"سعر_الأرض_2023":1020407.7478554901,"سعر_الأرض_2014":322234.02563857584,"سعر_الايجار_زراعية_2023":null,"نوع_ملكية_الأرض":"تمليك","أنواع_المحاصيل_المزروعة":"محاصيل موسمية","اسم_المحور":"محور كلبشة","اسم_المحافظة":"محافظة أسوان","المساحة_كم2":0.010871593307644258,"نسبة_المساحة":0.12391180809779206,"المساحة_فدان":2.6852835469881318,"فرق_السعر":698173.7222169142,"GlobalID":"{2F597D52-22D4-49EF-9B25-F36E2A64FEA8}","SHAPE_Length":0.0040456619964822,"SHAPE_Area":9.696955565019547e-7},"geometry":{"type":"Polygon","coordinates":[[[32.873209,24.573042],[32.873391,24.571598],[32.872686,24.571851],[32.873209,24.573042]]]}},{"type":"Feature","properties":{"source_layer":"Agricultural_Changes","source_feature_count":1,"سعر_الأرض_2023":1034750.7661884275,"سعر_الأرض_2014":326763.3998489771,"سعر_الايجار_زراعية_2023":null,"نوع_ملكية_الأرض":"تمليك","أنواع_المحاصيل_المزروعة":"محاصيل موسمية","اسم_المحور":"محور كلبشة","اسم_المحافظة":"محافظة أسوان","المساحة_كم2":0.011024406202732021,"نسبة_المساحة":0.1256535327553608,"المساحة_فدان":2.723028332074809,"فرق_السعر":707987.3663394504,"GlobalID":"{BC09C17D-A30E-4C32-817D-B279074EC26D}","SHAPE_Length":0.004047621685742506,"SHAPE_Area":9.83310451310975e-7},"geometry":{"type":"Polygon","coordinates":[[[32.873834,24.570955],[32.874713,24.569915],[32.87355,24.570186],[32.873834,24.570955]]]}},{"type":"Feature","properties":{"source_layer":"Agricultural_Changes","source_feature_count":1,"سعر_الأرض_2023":1046856.7485426253,"سعر_الأرض_2014":330586.34164503956,"سعر_الايجار_زراعية_2023":null,"نوع_ملكية_الأرض":"تمليك","أنواع_المحاصيل_المزروعة":"محاصيل موسمية","اسم_المحور":"محور كلبشة","اسم_المحافظة":"محافظة أسوان","المساحة_كم2":0.011153385345649107,"نسبة_المساحة":0.1271236060328924,"المساحة_فدان":2.7548861803753293,"فرق_السعر":716270.4068975858,"GlobalID":"{64350E1F-0525-410D-844B-C217084B9A51}","SHAPE_Length":0.004185740589454019,"SHAPE_Area":9.9483166560473e-7},"geometry":{"type":"Polygon","coordinates":[[[32.871954,24.573596],[32.872065,24.572073],[32.871362,24.572325],[32.871954,24.573596]]]}},{"type":"Feature","properties":{"source_layer":"Agricultural_Changes","source_feature_count":1,"سعر_الأرض_2023":1074490.6624618985,"سعر_الأرض_2014":339312.8407774416,"سعر_الايجار_زراعية_2023":null,"نوع_ملكية_الأرض":"تمليك","أنواع_المحاصيل_المزروعة":"محاصيل موسمية","اسم_المحور":"محور كلبشة","اسم_المحافظة":"محافظة أسوان","المساحة_كم2":0.011447801645662673,"نسبة_المساحة":0.1304792922727825,"المساحة_فدان":2.8276070064786802,"فرق_السعر":735177.8216844569,"GlobalID":"{6285DDA1-AE6B-4AD0-BC3B-E25B61323DD2}","SHAPE_Length":0.004280192604642925,"SHAPE_Area":0.0000010210955340318213},"geometry":{"type":"Polygon","coordinates":[[[32.874817,24.573831],[32.874971,24.572266],[32.874336,24.572546],[32.874817,24.573831]]]}},{"type":"Feature","properties":{"source_layer":"Agricultural_Changes","source_feature_count":1,"سعر_الأرض_2023":1078273.1037640981,"سعر_الأرض_2014":340507.2959255047,"سعر_الايجار_زراعية_2023":null,"نوع_ملكية_الأرض":"تمليك","أنواع_المحاصيل_المزروعة":"محاصيل موسمية","اسم_المحور":"محور كلبشة","اسم_المحافظة":"محافظة أسوان","المساحة_كم2":0.011488100402344964,"نسبة_المساحة":0.13093860781773436,"المساحة_فدان":2.837560799379206,"فرق_السعر":737765.8078385934,"GlobalID":"{BA9AFCD7-E429-4112-912F-9F05D70AB9DF}","SHAPE_Length":0.004074115910867144,"SHAPE_Area":0.0000010246962871158653},"geometry":{"type":"Polygon","coordinates":[[[32.872399,24.574549],[32.872816,24.573216],[32.871954,24.573596],[32.872399,24.574549]]]}},{"type":"Feature","properties":{"source_layer":"Agricultural_Changes","source_feature_count":1,"سعر_الأرض_2023":1084541.5930286015,"سعر_الأرض_2014":342486.8188511373,"سعر_الايجار_زراعية_2023":null,"نوع_ملكية_الأرض":"تمليك","أنواع_المحاصيل_المزروعة":"محاصيل موسمية","اسم_المحور":"محور كلبشة","اسم_المحافظة":"محافظة أسوان","المساحة_كم2":0.011554885926151733,"نسبة_المساحة":0.13169981316965237,"المساحة_فدان":2.8540568237594774,"فرق_السعر":742054.7741774642,"GlobalID":"{74A32FF7-4D0F-45C6-8128-DCCBE661DD0B}","SHAPE_Length":0.004370321456752899,"SHAPE_Area":0.0000010306448101684395},"geometry":{"type":"Polygon","coordinates":[[[32.875535,24.573618],[32.875645,24.571996],[32.874971,24.572266],[32.875535,24.573618]]]}},{"type":"Feature","properties":{"source_layer":"Agricultural_Changes","source_feature_count":1,"سعر_الأرض_2023":1222356.7027079023,"سعر_الأرض_2014":386007.3798024955,"سعر_الايجار_زراعية_2023":null,"نوع_ملكية_الأرض":"تمليك","أنواع_المحاصيل_المزروعة":"محاصيل موسمية","اسم_المحور":"محور كلبشة","اسم_المحافظة":"محافظة أسوان","المساحة_كم2":0.013023190951501198,"نسبة_المساحة":0.1484352010177424,"المساحة_فدان":3.2167281650207955,"فرق_السعر":836349.3229054068,"GlobalID":"{A580C38E-FC58-4CBE-BC84-694C398CA15A}","SHAPE_Length":0.004402052540898154,"SHAPE_Area":0.0000011616155842096182},"geometry":{"type":"Polygon","coordinates":[[[32.87399,24.574077],[32.874336,24.572546],[32.873507,24.572911],[32.87399,24.574077]]]}},{"type":"Feature","properties":{"source_layer":"Agricultural_Changes","source_feature_count":1,"سعر_الأرض_2023":1329064.9494315903,"سعر_الأرض_2014":419704.72087313375,"سعر_الايجار_زراعية_2023":null,"نوع_ملكية_الأرض":"تمليك","أنواع_المحاصيل_المزروعة":"محاصيل موسمية","اسم_المحور":"محور كلبشة","اسم_المحافظة":"محافظة أسوان","المساحة_كم2":0.014160078302062543,"نسبة_المساحة":0.16139316984762042,"المساحة_فدان":3.497539340609448,"فرق_السعر":909360.2285584565,"GlobalID":"{2AC3440C-8B36-4CF9-AE36-126BF5417381}","SHAPE_Length":0.004743369067814901,"SHAPE_Area":0.0000012630143202595278},"geometry":{"type":"Polygon","coordinates":[[[32.876377,24.571706],[32.876162,24.573431],[32.87696,24.573194],[32.876377,24.571706]]]}},{"type":"Feature","properties":{"source_layer":"Agricultural_Changes","source_feature_count":1,"سعر_الأرض_2023":1353058.236758561,"سعر_الأرض_2014":427281.54845007195,"سعر_الايجار_زراعية_2023":null,"نوع_ملكية_الأرض":"تمليك","أنواع_المحاصيل_المزروعة":"محاصيل موسمية","اسم_المحور":"محور كلبشة","اسم_المحافظة":"محافظة أسوان","المساحة_كم2":0.014415706762822942,"نسبة_المساحة":0.16430676161634528,"المساحة_فدان":3.5606795704172662,"فرق_السعر":925776.6883084892,"GlobalID":"{3BBCFDAE-BAC9-43F4-92CA-FBD1C378BE36}","SHAPE_Length":0.004635062305738655,"SHAPE_Area":0.0000012857864833223708},"geometry":{"type":"Polygon","coordinates":[[[32.871883,24.570344],[32.872444,24.569061],[32.871328,24.569276],[32.871883,24.570344]]]}},{"type":"Feature","properties":{"source_layer":"Agricultural_Changes","source_feature_count":1,"سعر_الأرض_2023":274864.6462916235,"سعر_الأرض_2014":86799.36198682846,"سعر_الايجار_زراعية_2023":null,"نوع_ملكية_الأرض":"تمليك","أنواع_المحاصيل_المزروعة":"محاصيل موسمية","اسم_المحور":"محور كلبشة","اسم_المحافظة":"محافظة أسوان","المساحة_كم2":0.002928453508327546,"نسبة_المساحة":0.0333778093862323,"المساحة_فدان":0.7233280165569038,"فرق_السعر":188065.28430479503,"GlobalID":"{F8361D17-6066-4BB5-9CF6-0B9B82E89B76}","SHAPE_Length":0.00206278743462933,"SHAPE_Area":2.611999765042198e-7},"geometry":{"type":"Polygon","coordinates":[[[32.873426,24.569882],[32.873229,24.570563],[32.873646,24.570447],[32.873426,24.569882]]]}},{"type":"Feature","properties":{"source_layer":"Agricultural_Changes","source_feature_count":1,"سعر_الأرض_2023":144496.85772824037,"سعر_الأرض_2014":43349.05731847211,"سعر_الايجار_زراعية_2023":null,"نوع_ملكية_الأرض":"تمليك","أنواع_المحاصيل_المزروعة":"محاصيل موسمية","اسم_المحور":"محور كلبشة","اسم_المحافظة":"محافظة أسوان","المساحة_كم2":0.0014625188029174128,"نسبة_المساحة":0.016669437875227504,"المساحة_فدان":0.3612421443206009,"فرق_السعر":101147.80040976827,"GlobalID":"{71B37849-A953-4D61-8279-D46774C4B2B7}","SHAPE_Length":0.0016016637652091152,"SHAPE_Area":1.304915404132205e-7},"geometry":{"type":"Polygon","coordinates":[[[32.886776,24.613166],[32.887319,24.612913],[32.886742,24.612944],[32.886776,24.613166]]]}},{"type":"Feature","properties":{"source_layer":"Agricultural_Changes","source_feature_count":1,"سعر_الأرض_2023":210271.9126078616,"سعر_الأرض_2014":63081.57378235848,"سعر_الايجار_زراعية_2023":null,"نوع_ملكية_الأرض":"تمليك","أنواع_المحاصيل_المزروعة":"محاصيل موسمية","اسم_المحور":"محور كلبشة","اسم_المحافظة":"محافظة أسوان","المساحة_كم2":0.0021282582247759275,"نسبة_المساحة":0.024257375829681994,"المساحة_فدان":0.525679781519654,"فرق_السعر":147190.33882550313,"GlobalID":"{F10999A2-441D-4F10-A273-1ED379F80C8A}","SHAPE_Length":0.0017784507071205394,"SHAPE_Area":1.8989353216379035e-7},"geometry":{"type":"Polygon","coordinates":[[[32.887996,24.614884],[32.888362,24.614322],[32.888008,24.614351],[32.887996,24.614884]]]}},{"type":"Feature","properties":{"source_layer":"Agricultural_Changes","source_feature_count":1,"سعر_الأرض_2023":230192.7167917332,"سعر_الأرض_2014":69057.81503751996,"سعر_الايجار_زراعية_2023":null,"نوع_ملكية_الأرض":"تمليك","أنواع_المحاصيل_المزروعة":"محاصيل موسمية","اسم_المحور":"محور كلبشة","اسم_المحافظة":"محافظة أسوان","المساحة_كم2":0.0023298857974871786,"نسبة_المساحة":0.02655547845273108,"المساحة_فدان":0.575481791979333,"فرق_السعر":161134.90175421324,"GlobalID":"{37B8A028-AA43-47B4-91D4-BC275106C612}","SHAPE_Length":0.0018385693850847867,"SHAPE_Area":2.0788276134637715e-7},"geometry":{"type":"Polygon","coordinates":[[[32.887553,24.614396],[32.88792,24.613857],[32.887525,24.613886],[32.887553,24.614396]]]}},{"type":"Feature","properties":{"source_layer":"Agricultural_Changes","source_feature_count":1,"سعر_الأرض_2023":230315.22192730568,"سعر_الأرض_2014":69094.5665781917,"سعر_الايجار_زراعية_2023":null,"نوع_ملكية_الأرض":"تمليك","أنواع_المحاصيل_المزروعة":"محاصيل موسمية","اسم_المحور":"محور كلبشة","اسم_المحافظة":"محافظة أسوان","المساحة_كم2":0.002331125728009167,"نسبة_المساحة":0.026569610882867814,"المساحة_فدان":0.5757880548182642,"فرق_السعر":161220.65534911398,"GlobalID":"{A73DB747-77AA-421B-A5AB-CEAE3666096E}","SHAPE_Length":0.0022060615547493173,"SHAPE_Area":2.079914963340186e-7},"geometry":{"type":"Polygon","coordinates":[[[32.887341,24.613146],[32.888164,24.612869],[32.887319,24.612913],[32.887341,24.613146]]]}},{"type":"Feature","properties":{"source_layer":"Agricultural_Changes","source_feature_count":1,"سعر_الأرض_2023":239221.12878547076,"سعر_الأرض_2014":71766.33863564124,"سعر_الايجار_زراعية_2023":null,"نوع_ملكية_الأرض":"تمليك","أنواع_المحاصيل_المزروعة":"محاصيل موسمية","اسم_المحور":"محور كلبشة","اسم_المحافظة":"محافظة أسوان","المساحة_كم2":0.002421266485682903,"نسبة_المساحة":0.02759701357818422,"المساحة_فدان":0.5980528219636769,"فرق_السعر":167454.79014982953,"GlobalID":"{D59D5521-84D4-413E-B883-F5B5D50A54CD}","SHAPE_Length":0.0019898051643686245,"SHAPE_Area":2.160367596313325e-7},"geometry":{"type":"Polygon","coordinates":[[[32.885371,24.614702],[32.885638,24.614022],[32.885411,24.614051],[32.885371,24.614702]]]}},{"type":"Feature","properties":{"source_layer":"Agricultural_Changes","source_feature_count":1,"سعر_الأرض_2023":239981.39695385526,"سعر_الأرض_2014":71994.41908615657,"سعر_الايجار_زراعية_2023":null,"نوع_ملكية_الأرض":"تمليك","أنواع_المحاصيل_المزروعة":"محاصيل موسمية","اسم_المحور":"محور كلبشة","اسم_المحافظة":"محافظة أسوان","المساحة_كم2":0.002428961507630114,"نسبة_المساحة":0.027684719589239716,"المساحة_فدان":0.5999534923846381,"فرق_السعر":167986.9778676987,"GlobalID":"{17FE1047-8C38-4556-AD53-48024007B9A7}","SHAPE_Length":0.001997031864969255,"SHAPE_Area":2.1672313239866125e-7},"geometry":{"type":"Polygon","coordinates":[[[32.88579,24.614693],[32.885976,24.613978],[32.885638,24.614022],[32.88579,24.614693]]]}},{"type":"Feature","properties":{"source_layer":"Agricultural_Changes","source_feature_count":1,"سعر_الأرض_2023":242527.69594434393,"سعر_الأرض_2014":72758.30878330318,"سعر_الايجار_زراعية_2023":null,"نوع_ملكية_الأرض":"تمليك","أنواع_المحاصيل_المزروعة":"محاصيل موسمية","اسم_المحور":"محور كلبشة","اسم_المحافظة":"محافظة أسوان","المساحة_كم2":0.002454733764618866,"نسبة_المساحة":0.027978465581374255,"المساحة_فدان":0.6063192398608598,"فرق_السعر":169769.38716104074,"GlobalID":"{CC84918B-5D17-4395-8666-97195D52E561}","SHAPE_Length":0.00196686668035409,"SHAPE_Area":2.1902274659326393e-7},"geometry":{"type":"Polygon","coordinates":[[[32.884683,24.614706],[32.885033,24.614059],[32.884699,24.614066],[32.884683,24.614706]]]}},{"type":"Feature","properties":{"source_layer":"Agricultural_Changes","source_feature_count":1,"سعر_الأرض_2023":256863.1092076973,"سعر_الأرض_2014":77058.9327623092,"سعر_الايجار_زراعية_2023":null,"نوع_ملكية_الأرض":"تمليك","أنواع_المحاصيل_المزروعة":"محاصيل موسمية","اسم_المحور":"محور كلبشة","اسم_المحافظة":"محافظة أسوان","المساحة_كم2":0.0025998290405637382,"نسبة_المساحة":0.02963222667048117,"المساحة_فدان":0.6421577730192433,"فرق_السعر":179804.17644538812,"GlobalID":"{EC3F9CCC-5987-47B3-9F3C-A82730448046}","SHAPE_Length":0.0020138753468492785,"SHAPE_Area":2.31968652410478e-7},"geometry":{"type":"Polygon","coordinates":[[[32.885032,24.614704],[32.885411,24.614051],[32.885033,24.614059],[32.885032,24.614704]]]}},{"type":"Feature","properties":{"source_layer":"Agricultural_Changes","source_feature_count":1,"سعر_الأرض_2023":281345.2110649856,"سعر_الأرض_2014":84403.56331949568,"سعر_الايجار_زراعية_2023":null,"نوع_ملكية_الأرض":"تمليك","أنواع_المحاصيل_المزروعة":"محاصيل موسمية","اسم_المحور":"محور كلبشة","اسم_المحافظة":"محافظة أسوان","المساحة_كم2":0.002847623593775158,"نسبة_المساحة":0.032456529443435515,"المساحة_فدان":0.703363027662464,"فرق_السعر":196941.64774548993,"GlobalID":"{AF9E2425-BE2F-441D-A812-EF2B5463EF4E}","SHAPE_Length":0.0020216496672734448,"SHAPE_Area":2.5407874633982016e-7},"geometry":{"type":"Polygon","coordinates":[[[32.887533,24.614939],[32.888008,24.614351],[32.887527,24.6144],[32.887533,24.614939]]]}},{"type":"Feature","properties":{"source_layer":"Agricultural_Changes","source_feature_count":1,"سعر_الأرض_2023":283257.8347525334,"سعر_الأرض_2014":84977.35042576003,"سعر_الايجار_زراعية_2023":null,"نوع_ملكية_الأرض":"تمليك","أنواع_المحاصيل_المزروعة":"محاصيل موسمية","اسم_المحور":"محور كلبشة","اسم_المحافظة":"محافظة أسوان","المساحة_كم2":0.002866982133122808,"نسبة_المساحة":0.03267717342310066,"المساحة_فدان":0.7081445868813335,"فرق_السعر":198280.48432677338,"GlobalID":"{DB27DBFE-CA37-462C-8616-0099767E6B20}","SHAPE_Length":0.0021014618039386615,"SHAPE_Area":2.558053528765332e-7},"geometry":{"type":"Polygon","coordinates":[[[32.886082,24.614641],[32.886346,24.613931],[32.885976,24.613978],[32.886082,24.614641]]]}},{"type":"Feature","properties":{"source_layer":"Agricultural_Changes","source_feature_count":1,"سعر_الأرض_2023":392396.3708470666,"سعر_الأرض_2014":117718.91125411997,"سعر_الايجار_زراعية_2023":null,"نوع_ملكية_الأرض":"تمليك","أنواع_المحاصيل_المزروعة":"محاصيل موسمية","اسم_المحور":"محور كلبشة","اسم_المحافظة":"محافظة أسوان","المساحة_كم2":0.0039716231867112,"نسبة_المساحة":0.04526760670880342,"المساحة_فدان":0.9809909271176663,"فرق_السعر":274677.4595929466,"GlobalID":"{68EB8ECA-8D50-424C-A7F4-956AF28D4FE8}","SHAPE_Length":0.0024350058489916613,"SHAPE_Area":3.543690970580088e-7},"geometry":{"type":"Polygon","coordinates":[[[32.886833,24.615481],[32.887533,24.614939],[32.886756,24.615003],[32.886833,24.615481]]]}},{"type":"Feature","properties":{"source_layer":"Agricultural_Changes","source_feature_count":1,"سعر_الأرض_2023":440619.2934846817,"سعر_الأرض_2014":132185.7880454045,"سعر_الايجار_زراعية_2023":null,"نوع_ملكية_الأرض":"تمليك","أنواع_المحاصيل_المزروعة":"محاصيل موسمية","اسم_المحور":"محور كلبشة","اسم_المحافظة":"محافظة أسوان","المساحة_كم2":0.004459709448225524,"نسبة_المساحة":0.05083069663136389,"المساحة_فدان":1.1015482337117042,"فرق_السعر":308433.50543927716,"GlobalID":"{54AC982F-F92D-4467-A89A-F64BC78906E7}","SHAPE_Length":0.0026370628913558953,"SHAPE_Area":3.979178732479225e-7},"geometry":{"type":"Polygon","coordinates":[[[32.888369,24.615316],[32.887533,24.614939],[32.887527,24.615413],[32.888369,24.615316]]]}},{"type":"Feature","properties":{"source_layer":"Agricultural_Changes","source_feature_count":1,"سعر_الأرض_2023":458848.2875182816,"سعر_الأرض_2014":137654.4862554845,"سعر_الايجار_زراعية_2023":null,"نوع_ملكية_الأرض":"تمليك","أنواع_المحاصيل_المزروعة":"محاصيل موسمية","اسم_المحور":"محور كلبشة","اسم_المحافظة":"محافظة أسوان","المساحة_كم2":0.004644213436419855,"نسبة_المساحة":0.05293362875285319,"المساحة_فدان":1.147120718795704,"فرق_السعر":321193.8012627971,"GlobalID":"{78F157ED-9B19-4CE6-AAEF-B5705BEDB04A}","SHAPE_Length":0.002643430826839219,"SHAPE_Area":4.143788198896601e-7},"geometry":{"type":"Polygon","coordinates":[[[32.886756,24.615003],[32.887527,24.6144],[32.886682,24.61454],[32.886756,24.615003]]]}},{"type":"Feature","properties":{"source_layer":"Agricultural_Changes","source_feature_count":1,"سعر_الأرض_2023":462745.2064787927,"سعر_الأرض_2014":138823.56194363782,"سعر_الايجار_زراعية_2023":null,"نوع_ملكية_الأرض":"تمليك","أنواع_المحاصيل_المزروعة":"محاصيل موسمية","اسم_المحور":"محور كلبشة","اسم_المحافظة":"محافظة أسوان","المساحة_كم2":0.0046836559360201695,"نسبة_المساحة":0.053383184885341606,"المساحة_فدان":1.1568630161969817,"فرق_السعر":323921.6445351549,"GlobalID":"{705F410C-3F54-4C3D-9BD1-2CD90DC524F8}","SHAPE_Length":0.0026869467345402498,"SHAPE_Area":4.178967208242215e-7},"geometry":{"type":"Polygon","coordinates":[[[32.88792,24.613857],[32.888769,24.614331],[32.88877,24.613787],[32.88792,24.613857]]]}},{"type":"Feature","properties":{"source_layer":"Agricultural_Changes","source_feature_count":1,"سعر_الأرض_2023":511443.0213467502,"سعر_الأرض_2014":153432.90640402507,"سعر_الايجار_زراعية_2023":null,"نوع_ملكية_الأرض":"تمليك","أنواع_المحاصيل_المزروعة":"محاصيل موسمية","اسم_المحور":"محور كلبشة","اسم_المحافظة":"محافظة أسوان","المساحة_كم2":0.005176548799056176,"نسبة_المساحة":0.05900105929702922,"المساحة_فدان":1.2786075533668755,"فرق_السعر":358010.11494272517,"GlobalID":"{D9529103-3360-4CB6-AABE-D7F88A39FAB7}","SHAPE_Length":0.002745789880940191,"SHAPE_Area":4.618729790706827e-7},"geometry":{"type":"Polygon","coordinates":[[[32.886741,24.613881],[32.887341,24.613146],[32.886776,24.613166],[32.886741,24.613881]]]}},{"type":"Feature","properties":{"source_layer":"Agricultural_Changes","source_feature_count":1,"سعر_الأرض_2023":618830.4045473135,"سعر_الأرض_2014":185649.12136419406,"سعر_الايجار_زراعية_2023":null,"نوع_ملكية_الأرض":"تمليك","أنواع_المحاصيل_المزروعة":"محاصيل موسمية","اسم_المحور":"محور كلبشة","اسم_المحافظة":"محافظة أسوان","المساحة_كم2":0.006263465633069975,"نسبة_المساحة":0.07138947618711629,"المساحة_فدان":1.5470760113682838,"فرق_السعر":433181.2831831194,"GlobalID":"{22941A0D-386D-4DC0-9439-962642FC398A}","SHAPE_Length":0.003574614053282777,"SHAPE_Area":5.588572058340921e-7},"geometry":{"type":"Polygon","coordinates":[[[32.885371,24.615094],[32.886682,24.61454],[32.885371,24.614702],[32.885371,24.615094]]]}},{"type":"Feature","properties":{"source_layer":"Agricultural_Changes","source_feature_count":1,"سعر_الأرض_2023":719971.3457137243,"سعر_الأرض_2014":215991.40371411727,"سعر_الايجار_زراعية_2023":null,"نوع_ملكية_الأرض":"تمليك","أنواع_المحاصيل_المزروعة":"محاصيل موسمية","اسم_المحور":"محور كلبشة","اسم_المحافظة":"محافظة أسوان","المساحة_كم2":0.007287159369572109,"نسبة_المساحة":0.0830572914041528,"المساحة_فدان":1.7999283642843107,"فرق_السعر":503979.941999607,"GlobalID":"{5F4A71D8-1D00-4522-AA7C-F884BB33CF8C}","SHAPE_Length":0.0032506595399992345,"SHAPE_Area":6.501898254015869e-7},"geometry":{"type":"Polygon","coordinates":[[[32.887341,24.613146],[32.888352,24.613825],[32.888213,24.613116],[32.887341,24.613146]]]}},{"type":"Feature","properties":{"source_layer":"Agricultural_Changes","source_feature_count":1,"سعر_الأرض_2023":545874.0584129704,"سعر_الأرض_2014":163762.21752389113,"سعر_الايجار_زراعية_2023":null,"نوع_ملكية_الأرض":"تمليك","أنواع_المحاصيل_المزروعة":"محاصيل موسمية","اسم_المحور":"محور كلبشة","اسم_المحافظة":"محافظة أسوان","المساحة_كم2":0.0055250410770543565,"نسبة_المساحة":0.06297309053963557,"المساحة_فدان":1.364685146032426,"فرق_السعر":382111.84088907926,"GlobalID":"{EB19F794-54B7-455D-99F6-FEB9F14A8BAE}","SHAPE_Length":0.0028054874631791003,"SHAPE_Area":4.929685592192128e-7},"geometry":{"type":"Polygon","coordinates":[[[32.886481,24.614569],[32.887194,24.613888],[32.886346,24.613931],[32.886481,24.614569]]]}},{"type":"Feature","properties":{"source_layer":"Agricultural_Changes","source_feature_count":1,"سعر_الأرض_2023":197393.97575121632,"سعر_الأرض_2014":59218.1927253649,"سعر_الايجار_زراعية_2023":null,"نوع_ملكية_الأرض":"تمليك","أنواع_المحاصيل_المزروعة":"محاصيل موسمية","اسم_المحور":"محور كلبشة","اسم_المحافظة":"محافظة أسوان","المساحة_كم2":0.001997914734324052,"نسبة_المساحة":0.022771752046798883,"المساحة_فدان":0.49348493937804083,"فرق_السعر":138175.78302585142,"GlobalID":"{7E45FAE5-76C2-4A04-AC55-E76FBB2808A9}","SHAPE_Length":0.0017417336457060716,"SHAPE_Area":1.782629157693679e-7},"geometry":{"type":"Polygon","coordinates":[[[32.887525,24.613886],[32.887215,24.614446],[32.887553,24.614396],[32.887525,24.613886]]]}},{"type":"Feature","properties":{"source_layer":"Agricultural_Changes","source_feature_count":1,"سعر_الأرض_2023":270498.6135195788,"سعر_الأرض_2014":85420.61479565648,"سعر_الايجار_زراعية_2023":null,"نوع_ملكية_الأرض":"تمليك","أنواع_المحاصيل_المزروعة":"محاصيل موسمية","اسم_المحور":"محور كلبشة","اسم_المحافظة":"محافظة أسوان","المساحة_كم2":0.0028819370713784234,"نسبة_المساحة":0.03284762621569557,"المساحة_فدان":0.7118384566304705,"فرق_السعر":185077.99872392236,"GlobalID":"{17A99E09-8213-49AA-A614-E5D01706821D}","SHAPE_Length":0.0020965479464879816,"SHAPE_Area":2.5704199673811295e-7},"geometry":{"type":"Polygon","coordinates":[[[32.878046,24.566062],[32.878509,24.565492],[32.877875,24.565684],[32.878046,24.566062]]]}},{"type":"Feature","properties":{"source_layer":"Agricultural_Changes","source_feature_count":1,"سعر_الأرض_2023":272854.90182305756,"سعر_الأرض_2014":86164.70583886029,"سعر_الايجار_زراعية_2023":null,"نوع_ملكية_الأرض":"تمليك","أنواع_المحاصيل_المزروعة":"محاصيل موسمية","اسم_المحور":"محور كلبشة","اسم_المحافظة":"محافظة أسوان","المساحة_كم2":0.0029070413575863793,"نسبة_المساحة":0.03313375883738269,"المساحة_فدان":0.7180392153238357,"فرق_السعر":186690.19598419726,"GlobalID":"{1BD721A5-61D2-4D86-89C2-187901AF04EE}","SHAPE_Length":0.0020593747047562188,"SHAPE_Area":2.5928264509592107e-7},"geometry":{"type":"Polygon","coordinates":[[[32.874431,24.566774],[32.874851,24.566191],[32.8743,24.566319],[32.874431,24.566774]]]}},{"type":"Feature","properties":{"source_layer":"Agricultural_Changes","source_feature_count":1,"سعر_الأرض_2023":286496.5368341301,"سعر_الأرض_2014":90472.59057919898,"سعر_الايجار_زراعية_2023":null,"نوع_ملكية_الأرض":"تمليك","أنواع_المحاصيل_المزروعة":"محاصيل موسمية","اسم_المحور":"محور كلبشة","اسم_المحافظة":"محافظة أسوان","المساحة_كم2":0.003052381598488495,"نسبة_المساحة":0.03479031197820766,"المساحة_فدان":0.7539382548266582,"فرق_السعر":196023.94625493116,"GlobalID":"{CEC0CC06-2730-4DD3-99F5-3511DC5300CB}","SHAPE_Length":0.0022968709636806174,"SHAPE_Area":2.722492053462875e-7},"geometry":{"type":"Polygon","coordinates":[[[32.871069,24.568551],[32.871746,24.567963],[32.870962,24.568222],[32.871069,24.568551]]]}},{"type":"Feature","properties":{"source_layer":"Agricultural_Changes","source_feature_count":1,"سعر_الأرض_2023":308518.80845690065,"سعر_الأرض_2014":97426.99214428442,"سعر_الايجار_زراعية_2023":null,"نوع_ملكية_الأرض":"تمليك","أنواع_المحاصيل_المزروعة":"محاصيل موسمية","اسم_المحور":"محور كلبشة","اسم_المحافظة":"محافظة أسوان","المساحة_كم2":0.003287010531183685,"نسبة_المساحة":0.03746455617219103,"المساحة_فدان":0.8118916012023701,"فرق_السعر":211091.81631261623,"GlobalID":"{2B09BBB7-1792-4ED9-8B99-E374E75179BE}","SHAPE_Length":0.0022599040053847908,"SHAPE_Area":2.931710526303793e-7},"geometry":{"type":"Polygon","coordinates":[[[32.876472,24.56613],[32.876989,24.565519],[32.876312,24.565744],[32.876472,24.56613]]]}},{"type":"Feature","properties":{"source_layer":"Agricultural_Changes","source_feature_count":1,"سعر_الأرض_2023":326928.9375620154,"سعر_الأرض_2014":103240.71712484695,"سعر_الايجار_زراعية_2023":null,"نوع_ملكية_الأرض":"تمليك","أنواع_المحاصيل_المزروعة":"محاصيل موسمية","اسم_المحور":"محور كلبشة","اسم_المحافظة":"محافظة أسوان","المساحة_كم2":0.003483155098679047,"نسبة_المساحة":0.03970016481934491,"المساحة_فدان":0.8603393093737246,"فرق_السعر":223688.22043716843,"GlobalID":"{CAAA60C0-EFE7-4B59-A7CF-0B48E876D4B8}","SHAPE_Length":0.0023088171077411505,"SHAPE_Area":3.1066618043485515e-7},"geometry":{"type":"Polygon","coordinates":[[[32.875761,24.566363],[32.876312,24.565744],[32.875628,24.565957],[32.875761,24.566363]]]}},{"type":"Feature","properties":{"source_layer":"Agricultural_Changes","source_feature_count":1,"سعر_الأرض_2023":345764.9491998555,"سعر_الأرض_2014":109188.93132627016,"سعر_الايجار_زراعية_2023":null,"نوع_ملكية_الأرض":"تمليك","أنواع_المحاصيل_المزروعة":"محاصيل موسمية","اسم_المحور":"محور كلبشة","اسم_المحافظة":"محافظة أسوان","المساحة_كم2":0.00368383708928037,"نسبة_المساحة":0.041987489924726576,"المساحة_فدان":0.9099077610522514,"فرق_السعر":236576.01787358534,"GlobalID":"{C74818D9-6E90-463A-A621-8282DE7ACB08}","SHAPE_Length":0.002381916607079139,"SHAPE_Area":3.285637969973634e-7},"geometry":{"type":"Polygon","coordinates":[[[32.877148,24.565901],[32.877682,24.565257],[32.876989,24.565519],[32.877148,24.565901]]]}},{"type":"Feature","properties":{"source_layer":"Agricultural_Changes","source_feature_count":1,"سعر_الأرض_2023":345870.49038935354,"سعر_الأرض_2014":109222.26012295375,"سعر_الايجار_زراعية_2023":null,"نوع_ملكية_الأرض":"تمليك","أنواع_المحاصيل_المزروعة":"محاصيل موسمية","اسم_المحور":"محور كلبشة","اسم_المحافظة":"محافظة أسوان","المساحة_كم2":0.0036849615426097757,"نسبة_المساحة":0.04200030617357119,"المساحة_فدان":0.9101855010246146,"فرق_السعر":236648.2302663998,"GlobalID":"{0781F954-1EB7-46B8-AA56-A0EFB7ECDCBA}","SHAPE_Length":0.0024187910928951295,"SHAPE_Area":3.2866567450705157e-7},"geometry":{"type":"Polygon","coordinates":[[[32.875761,24.566363],[32.87665,24.56656],[32.876472,24.56613],[32.875761,24.566363]]]}},{"type":"Feature","properties":{"source_layer":"Agricultural_Changes","source_feature_count":1,"سعر_الأرض_2023":345954.9162957022,"سعر_الأرض_2014":109248.92093548492,"سعر_الايجار_زراعية_2023":null,"نوع_ملكية_الأرض":"تمليك","أنواع_المحاصيل_المزروعة":"محاصيل موسمية","اسم_المحور":"محور كلبشة","اسم_المحافظة":"محافظة أسوان","المساحة_كم2":0.003685861030212042,"نسبة_المساحة":0.0420105583171167,"المساحة_فدان":0.9104076744623743,"فرق_السعر":236705.9953602173,"GlobalID":"{624C3808-1813-4B6B-8433-16FA9C844DDE}","SHAPE_Length":0.0023257529086240032,"SHAPE_Area":3.2874356733797053e-7},"geometry":{"type":"Polygon","coordinates":[[[32.877875,24.565684],[32.878321,24.565016],[32.877682,24.565257],[32.877875,24.565684]]]}},{"type":"Feature","properties":{"source_layer":"Agricultural_Changes","source_feature_count":1,"سعر_الأرض_2023":347223.0091200233,"سعر_الأرض_2014":109649.37130105997,"سعر_الايجار_زراعية_2023":null,"نوع_ملكية_الأرض":"تمليك","أنواع_المحاصيل_المزروعة":"محاصيل موسمية","اسم_المحور":"محور كلبشة","اسم_المحافظة":"محافظة أسوان","المساحة_كم2":0.00369937150138529,"نسبة_المساحة":0.04216454742100942,"المساحة_فدان":0.9137447608421665,"فرق_السعر":237573.63781896333,"GlobalID":"{1BEAE80F-8A3A-4088-8AD8-557606DD1908}","SHAPE_Length":0.002304022916616782,"SHAPE_Area":3.2995333627771335e-7},"geometry":{"type":"Polygon","coordinates":[[[32.871946,24.567563],[32.872266,24.566852],[32.871753,24.566998],[32.871946,24.567563]]]}},{"type":"Feature","properties":{"source_layer":"Agricultural_Changes","source_feature_count":1,"سعر_الأرض_2023":350537.91223827907,"سعر_الأرض_2014":110696.18281208814,"سعر_الايجار_زراعية_2023":null,"نوع_ملكية_الأرض":"تمليك","أنواع_المحاصيل_المزروعة":"محاصيل موسمية","اسم_المحور":"محور كلبشة","اسم_المحافظة":"محافظة أسوان","المساحة_كم2":0.003734689028747913,"نسبة_المساحة":0.04256708811115543,"المساحة_فدان":0.9224681901007346,"فرق_السعر":239841.72942619093,"GlobalID":"{3F09FC53-15F8-445D-B7E4-A221307689A3}","SHAPE_Length":0.0024030552743795237,"SHAPE_Area":3.331000944229267e-7},"geometry":{"type":"Polygon","coordinates":[[[32.877325,24.566327],[32.877875,24.565684],[32.877148,24.565901],[32.877325,24.566327]]]}},{"type":"Feature","properties":{"source_layer":"Agricultural_Changes","source_feature_count":1,"سعر_الأرض_2023":355859.08065121504,"سعر_الأرض_2014":112376.55178459422,"سعر_الايجار_زراعية_2023":null,"نوع_ملكية_الأرض":"تمليك","أنواع_المحاصيل_المزروعة":"محاصيل موسمية","اسم_المحور":"محور كلبشة","اسم_المحافظة":"محافظة أسوان","المساحة_كم2":0.003791381639156351,"نسبة_المساحة":0.04321325686146674,"المساحة_فدان":0.9364712648716186,"فرق_السعر":243482.52886662082,"GlobalID":"{265E9448-E37E-4EE3-972F-F5AECF383C47}","SHAPE_Length":0.0023566062204698726,"SHAPE_Area":3.381572494104896e-7},"geometry":{"type":"Polygon","coordinates":[[[32.876472,24.56613],[32.877325,24.566327],[32.877148,24.565901],[32.876472,24.56613]]]}},{"type":"Feature","properties":{"source_layer":"Agricultural_Changes","source_feature_count":1,"سعر_الأرض_2023":359908.6270323611,"سعر_الأرض_2014":113655.35590495613,"سعر_الايجار_زراعية_2023":null,"نوع_ملكية_الأرض":"تمليك","أنواع_المحاصيل_المزروعة":"محاصيل موسمية","اسم_المحور":"محور كلبشة","اسم_المحافظة":"محافظة أسوان","المساحة_كم2":0.003834526177630099,"نسبة_المساحة":0.0437050079434418,"المساحة_فدان":0.9471279658746344,"فرق_السعر":246253.271127405,"GlobalID":"{9E728471-3FC4-4385-8039-CB8F2CD43383}","SHAPE_Length":0.002469898042031404,"SHAPE_Area":3.4200526405125566e-7},"geometry":{"type":"Polygon","coordinates":[[[32.874993,24.566596],[32.875628,24.565957],[32.874851,24.566191],[32.874993,24.566596]]]}},{"type":"Feature","properties":{"source_layer":"Agricultural_Changes","source_feature_count":1,"سعر_الأرض_2023":361998.89028841484,"سعر_الأرض_2014":114315.43903844678,"سعر_الايجار_زراعية_2023":null,"نوع_ملكية_الأرض":"تمليك","أنواع_المحاصيل_المزروعة":"محاصيل موسمية","اسم_المحور":"محور كلبشة","اسم_المحافظة":"محافظة أسوان","المساحة_كم2":0.003856796188881471,"نسبة_المساحة":0.04395883618024452,"المساحة_فدان":0.9526286586537233,"فرق_السعر":247683.45124996806,"GlobalID":"{37BE8F87-DD7D-4D92-8754-87D72DD98FA5}","SHAPE_Length":0.0024584091915852615,"SHAPE_Area":3.4399284239885276e-7},"geometry":{"type":"Polygon","coordinates":[[[32.874993,24.566596],[32.875892,24.566763],[32.875761,24.566363],[32.874993,24.566596]]]}},{"type":"Feature","properties":{"source_layer":"Agricultural_Changes","source_feature_count":1,"سعر_الأرض_2023":378590.9943723228,"سعر_الأرض_2014":119555.05085441773,"سعر_الايجار_زراعية_2023":null,"نوع_ملكية_الأرض":"تمليك","أنواع_المحاصيل_المزروعة":"محاصيل موسمية","اسم_المحور":"محور كلبشة","اسم_المحافظة":"محافظة أسوان","المساحة_كم2":0.004033571216410855,"نسبة_المساحة":0.04597367546532898,"المساحة_فدان":0.9962920904534811,"فرق_السعر":259035.94351790508,"GlobalID":"{16D04B25-DFC3-4EA9-89B0-0BD8F33C8731}","SHAPE_Length":0.002433716582126317,"SHAPE_Area":3.597598902012702e-7},"geometry":{"type":"Polygon","coordinates":[[[32.873778,24.566995],[32.8743,24.566319],[32.873593,24.566482],[32.873778,24.566995]]]}},{"type":"Feature","properties":{"source_layer":"Agricultural_Changes","source_feature_count":1,"سعر_الأرض_2023":400569.3261654638,"سعر_الأرض_2014":126495.57668383066,"سعر_الايجار_زراعية_2023":null,"نوع_ملكية_الأرض":"تمليك","أنواع_المحاصيل_المزروعة":"محاصيل موسمية","اسم_المحور":"محور كلبشة","اسم_المحافظة":"محافظة أسوان","المساحة_كم2":0.004267732006876877,"نسبة_المساحة":0.04864258388667798,"المساحة_فدان":1.0541298056985888,"فرق_السعر":274073.74948163313,"GlobalID":"{FA6BB043-0E95-4389-B0E0-280D7B086288}","SHAPE_Length":0.002833498137482491,"SHAPE_Area":3.806497590790633e-7},"geometry":{"type":"Polygon","coordinates":[[[32.870079,24.568908],[32.870962,24.568222],[32.869955,24.568554],[32.870079,24.568908]]]}},{"type":"Feature","properties":{"source_layer":"Agricultural_Changes","source_feature_count":1,"سعر_الأرض_2023":409168.9765199275,"سعر_الأرض_2014":129211.25574313501,"سعر_الايجار_زراعية_2023":null,"نوع_ملكية_الأرض":"تمليك","أنواع_المحاصيل_المزروعة":"محاصيل موسمية","اسم_المحور":"محور كلبشة","اسم_المحافظة":"محافظة أسوان","المساحة_كم2":0.0043593541073932195,"نسبة_المساحة":0.04968687057175059,"المساحة_فدان":1.076760464526125,"فرق_السعر":279957.7207767925,"GlobalID":"{342AA5DF-9EC5-448B-BB68-AABD073A7686}","SHAPE_Length":0.002500204673805612,"SHAPE_Area":3.888179068335912e-7},"geometry":{"type":"Polygon","coordinates":[[[32.872498,24.567403],[32.872929,24.566663],[32.872266,24.566852],[32.872498,24.567403]]]}},{"type":"Feature","properties":{"source_layer":"Agricultural_Changes","source_feature_count":1,"سعر_الأرض_2023":413144.5722273346,"سعر_الأرض_2014":130466.70701915829,"سعر_الايجار_زراعية_2023":null,"نوع_ملكية_الأرض":"تمليك","أنواع_المحاصيل_المزروعة":"محاصيل موسمية","اسم_المحور":"محور كلبشة","اسم_المحافظة":"محافظة أسوان","المساحة_كم2":0.004401710763129498,"نسبة_المساحة":0.05016964155561067,"المساحة_فدان":1.0872225584929858,"فرق_السعر":282677.8652081763,"GlobalID":"{6D7D5E70-81E7-400E-9EFC-45816E150812}","SHAPE_Length":0.0025159032477163486,"SHAPE_Area":3.925945516506479e-7},"geometry":{"type":"Polygon","coordinates":[[[32.873104,24.567211],[32.873593,24.566482],[32.872929,24.566663],[32.873104,24.567211]]]}},{"type":"Feature","properties":{"source_layer":"Agricultural_Changes","source_feature_count":1,"سعر_الأرض_2023":276349.0470919876,"سعر_الأرض_2014":87268.12013431187,"سعر_الايجار_زراعية_2023":null,"نوع_ملكية_الأرض":"تمليك","أنواع_المحاصيل_المزروعة":"محاصيل موسمية","اسم_المحور":"محور كلبشة","اسم_المحافظة":"محافظة أسوان","المساحة_كم2":0.002944268560536838,"نسبة_المساحة":0.03355806555098752,"المساحة_فدان":0.727234334452599,"فرق_السعر":189080.92695767575,"GlobalID":"{BFF74A03-B6B8-40AF-A41E-96CF9E195469}","SHAPE_Length":0.002135446137501298,"SHAPE_Area":2.6260100285901456e-7},"geometry":{"type":"Polygon","coordinates":[[[32.878649,24.565843],[32.879164,24.565241],[32.878509,24.565492],[32.878649,24.565843]]]}},{"type":"Feature","properties":{"source_layer":"Agricultural_Changes","source_feature_count":1,"سعر_الأرض_2023":564558.8175633567,"سعر_الأرض_2014":178281.73186211265,"سعر_الايجار_زراعية_2023":null,"نوع_ملكية_الأرض":"تمليك","أنواع_المحاصيل_المزروعة":"محاصيل موسمية","اسم_المحور":"محور كلبشة","اسم_المحافظة":"محافظة أسوان","المساحة_كم2":0.006014903234214327,"نسبة_المساحة":0.06855642169402085,"المساحة_فدان":1.4856810988509388,"فرق_السعر":386277.08570124407,"GlobalID":"{8E306361-CAB7-4DDE-BA4B-7CB572B2A8EB}","SHAPE_Length":0.0033830151163840704,"SHAPE_Area":5.364786636096375e-7},"geometry":{"type":"Polygon","coordinates":[[[32.873778,24.566995],[32.87514,24.567013],[32.874993,24.566596],[32.873778,24.566995]]]}},{"type":"Feature","properties":{"source_layer":"Agricultural_Changes","source_feature_count":1,"سعر_الأرض_2023":388842.17593772645,"سعر_الأرض_2014":122792.26608559783,"سعر_الايجار_زراعية_2023":null,"نوع_ملكية_الأرض":"تمليك","أنواع_المحاصيل_المزروعة":"محاصيل موسمية","اسم_المحور":"محور كلبشة","اسم_المحافظة":"محافظة أسوان","المساحة_كم2":0.004142789004237445,"نسبة_المساحة":0.047218513566154356,"المساحة_فدان":1.0232688840466488,"فرق_السعر":266049.9098521286,"GlobalID":"{B0688CE2-7E18-4479-907A-73007B6EC3BA}","SHAPE_Length":0.002455712311714321,"SHAPE_Area":3.694965680606868e-7},"geometry":{"type":"Polygon","coordinates":[[[32.878509,24.565492],[32.878994,24.564765],[32.878321,24.565016],[32.878509,24.565492]]]}},{"type":"Feature","properties":{"source_layer":"Agricultural_Changes","source_feature_count":1,"سعر_الأرض_2023":719326.0129229455,"سعر_الأرض_2014":227155.5830282986,"سعر_الايجار_زراعية_2023":null,"نوع_ملكية_الأرض":"تمليك","أنواع_المحاصيل_المزروعة":"محاصيل موسمية","اسم_المحور":"محور كلبشة","اسم_المحافظة":"محافظة أسوان","المساحة_كم2":0.007663818590698333,"نسبة_المساحة":0.08735036269607091,"المساحة_فدان":1.8929631919024883,"فرق_السعر":492170.429894647,"GlobalID":"{A91B703F-C5C9-455F-B6BC-7B31D4EB7079}","SHAPE_Length":0.004546209427527877,"SHAPE_Area":6.835499835514797e-7},"geometry":{"type":"Polygon","coordinates":[[[32.871946,24.567563],[32.873907,24.567354],[32.873778,24.566995],[32.871946,24.567563]]]}},{"type":"Feature","properties":{"source_layer":"Agricultural_Changes","source_feature_count":1,"سعر_الأرض_2023":310517.8344089507,"سعر_الأرض_2014":98058.26349756337,"سعر_الايجار_زراعية_2023":null,"نوع_ملكية_الأرض":"تمليك","أنواع_المحاصيل_المزروعة":"محاصيل موسمية","اسم_المحور":"محور كلبشة","اسم_المحافظة":"محافظة أسوان","المساحة_كم2":0.0033083084850729885,"نسبة_المساحة":0.03770730513276439,"المساحة_فدان":0.8171521958130281,"فرق_السعر":212459.57091138733,"GlobalID":"{79D538CE-D92C-441A-98AC-07B3BB43C0B9}","SHAPE_Length":0.0021901729517910615,"SHAPE_Area":2.950684292815886e-7},"geometry":{"type":"Polygon","coordinates":[[[32.879181,24.565235],[32.879562,24.564577],[32.878994,24.564765],[32.879181,24.565235]]]}},{"type":"Feature","properties":{"source_layer":"Agricultural_Changes","source_feature_count":1,"سعر_الأرض_2023":200654.03869065084,"سعر_الأرض_2014":63364.43327073184,"سعر_الايجار_زراعية_2023":null,"نوع_ملكية_الأرض":"تمليك","أنواع_المحاصيل_المزروعة":"محاصيل موسمية","اسم_المحور":"محور كلبشة","اسم_المحافظة":"محافظة أسوان","المساحة_كم2":0.0021378013923998595,"نسبة_المساحة":0.024366146561054944,"المساحة_فدان":0.5280369439227653,"فرق_السعر":137289.605419919,"GlobalID":"{7D94D058-960C-44C6-8AF0-8F90EF127B68}","SHAPE_Length":0.0017707994930484777,"SHAPE_Area":1.9067128385850058e-7},"geometry":{"type":"Polygon","coordinates":[[[32.879164,24.565241],[32.879778,24.565397],[32.879564,24.565104],[32.879164,24.565241]]]}},{"type":"Feature","properties":{"source_layer":"Agricultural_Changes","source_feature_count":1,"سعر_الأرض_2023":185735.31792968835,"سعر_الأرض_2014":58653.25829358579,"سعر_الايجار_زراعية_2023":null,"نوع_ملكية_الأرض":"تمليك","أنواع_المحاصيل_المزروعة":"محاصيل موسمية","اسم_المحور":"محور كلبشة","اسم_المحافظة":"محافظة أسوان","المساحة_كم2":0.001978854868204649,"نسبة_المساحة":0.022554512272818704,"المساحة_فدان":0.4887771524465483,"فرق_السعر":127082.05963610255,"GlobalID":"{FDEB1AED-16CB-4D07-ADD1-B2A1EF6CBF9B}","SHAPE_Length":0.001927100957502037,"SHAPE_Area":1.764974815776177e-7},"geometry":{"type":"Polygon","coordinates":[[[32.874583,24.567437],[32.87519,24.566996],[32.874511,24.567192],[32.874583,24.567437]]]}},{"type":"Feature","properties":{"source_layer":"Agricultural_Changes","source_feature_count":1,"سعر_الأرض_2023":197120.10156121364,"سعر_الأرض_2014":62248.45312459378,"سعر_الايجار_زراعية_2023":null,"نوع_ملكية_الأرض":"تمليك","أنواع_المحاصيل_المزروعة":"محاصيل موسمية","اسم_المحور":"محور كلبشة","اسم_المحافظة":"محافظة أسوان","المساحة_كم2":0.0021001502403709105,"نسبة_المساحة":0.02393700777772762,"المساحة_فدان":0.5187371093716149,"فرق_السعر":134871.64843661984,"GlobalID":"{411DBDB7-D253-4197-9725-986C15B95554}","SHAPE_Length":0.0019276139068087482,"SHAPE_Area":1.8731627893278594e-7},"geometry":{"type":"Polygon","coordinates":[[[32.873928,24.567642],[32.874511,24.567192],[32.873832,24.567376],[32.873928,24.567642]]]}},{"type":"Feature","properties":{"source_layer":"Agricultural_Changes","source_feature_count":1,"سعر_الأرض_2023":225702.39915360883,"سعر_الأرض_2014":71274.44183798174,"سعر_الايجار_زراعية_2023":null,"نوع_ملكية_الأرض":"تمليك","أنواع_المحاصيل_المزروعة":"محاصيل موسمية","اسم_المحور":"محور كلبشة","اسم_المحافظة":"محافظة أسوان","المساحة_كم2":0.0024046707772598422,"نسبة_المساحة":0.02740785968149465,"المساحة_فدان":0.5939536819831811,"فرق_السعر":154427.95731562708,"GlobalID":"{8448BBEA-EFE9-4818-B3D4-36AA28883DC3}","SHAPE_Length":0.0020513186164569214,"SHAPE_Area":2.1447759285885663e-7},"geometry":{"type":"Polygon","coordinates":[[[32.872494,24.568077],[32.873127,24.567584],[32.872428,24.567776],[32.872494,24.568077]]]}},{"type":"Feature","properties":{"source_layer":"Agricultural_Changes","source_feature_count":1,"سعر_الأرض_2023":228882.4389059002,"سعر_الأرض_2014":72278.66491765268,"سعر_الايجار_زراعية_2023":null,"نوع_ملكية_الأرض":"تمليك","أنواع_المحاصيل_المزروعة":"محاصيل موسمية","اسم_المحور":"محور كلبشة","اسم_المحافظة":"محافظة أسوان","المساحة_كم2":0.002438551447963991,"نسبة_المساحة":0.027794023424721228,"المساحة_فدان":0.6023222076471058,"فرق_السعر":156603.7739882475,"GlobalID":"{C3861FEE-4FE6-44E4-B208-D38B08D9ED00}","SHAPE_Length":0.002087952656944802,"SHAPE_Area":2.1749907790510698e-7},"geometry":{"type":"Polygon","coordinates":[[[32.873187,24.567873],[32.873832,24.567376],[32.873127,24.567584],[32.873187,24.567873]]]}},{"type":"Feature","properties":{"source_layer":"Agricultural_Changes","source_feature_count":1,"سعر_الأرض_2023":237766.19059587587,"سعر_الأرض_2014":75084.06018817134,"سعر_الايجار_زراعية_2023":null,"نوع_ملكية_الأرض":"تمليك","أنواع_المحاصيل_المزروعة":"محاصيل موسمية","اسم_المحور":"محور كلبشة","اسم_المحافظة":"محافظة أسوان","المساحة_كم2":0.0025332004112068604,"نسبة_المساحة":0.028872809563801585,"المساحة_فدان":0.6257005015680944,"فرق_السعر":162682.13040770454,"GlobalID":"{29EC24E1-E393-41F9-B149-BA42F5779813}","SHAPE_Length":0.0021609368519324612,"SHAPE_Area":2.2594022294191232e-7},"geometry":{"type":"Polygon","coordinates":[[[32.875267,24.567236],[32.875932,24.566749],[32.87519,24.566996],[32.875267,24.567236]]]}},{"type":"Feature","properties":{"source_layer":"Agricultural_Changes","source_feature_count":1,"سعر_الأرض_2023":239298.2709072933,"سعر_الأرض_2014":75567.87502335578,"سعر_الايجار_زراعية_2023":null,"نوع_ملكية_الأرض":"تمليك","أنواع_المحاصيل_المزروعة":"محاصيل موسمية","اسم_المحور":"محور كلبشة","اسم_المحافظة":"محافظة أسوان","المساحة_كم2":0.0025495234488311673,"نسبة_المساحة":0.029058855624249227,"المساحة_فدان":0.6297322918612982,"فرق_السعر":163730.39588393754,"GlobalID":"{605895B3-EE25-41B1-9922-A929369FBBAA}","SHAPE_Length":0.0020449040978402755,"SHAPE_Area":2.2739776345330376e-7},"geometry":{"type":"Polygon","coordinates":[[[32.871821,24.56828],[32.872428,24.567776],[32.871746,24.567963],[32.871821,24.56828]]]}},{"type":"Feature","properties":{"source_layer":"Agricultural_Changes","source_feature_count":1,"سعر_الأرض_2023":291028.06556992576,"سعر_الأرض_2014":91903.59965366076,"سعر_الايجار_زراعية_2023":null,"نوع_ملكية_الأرض":"تمليك","أنواع_المحاصيل_المزروعة":"محاصيل موسمية","اسم_المحور":"محور كلبشة","اسم_المحافظة":"محافظة أسوان","المساحة_كم2":0.003100661256871146,"نسبة_المساحة":0.03534059192294506,"المساحة_فدان":0.765863330447173,"فرق_السعر":199124.465916265,"GlobalID":"{84EC2C86-453E-4D14-AB3D-E16AC04C7152}","SHAPE_Length":0.002290710192510983,"SHAPE_Area":2.76549964739982e-7},"geometry":{"type":"Polygon","coordinates":[[[32.878718,24.566204],[32.879339,24.565605],[32.878581,24.565867],[32.878718,24.566204]]]}},{"type":"Feature","properties":{"source_layer":"Agricultural_Changes","source_feature_count":1,"سعر_الأرض_2023":300454.24142233416,"سعر_الأرض_2014":94880.28676494762,"سعر_الايجار_زراعية_2023":null,"نوع_ملكية_الأرض":"تمليك","أنواع_المحاصيل_المزروعة":"محاصيل موسمية","اسم_المحور":"محور كلبشة","اسم_المحافظة":"محافظة أسوان","المساحة_كم2":0.0032010892970630103,"نسبة_المساحة":0.0364852465923891,"المساحة_فدان":0.7906690563745635,"فرق_السعر":205573.95465738652,"GlobalID":"{A9759645-1239-465A-99F4-B579810F737E}","SHAPE_Length":0.002285208790851961,"SHAPE_Area":2.855098330714854e-7},"geometry":{"type":"Polygon","coordinates":[[[32.876049,24.567049],[32.876713,24.566549],[32.875932,24.566749],[32.876049,24.567049]]]}},{"type":"Feature","properties":{"source_layer":"Agricultural_Changes","source_feature_count":1,"سعر_الأرض_2023":306406.6014660155,"سعر_الأرض_2014":96759.9794103207,"سعر_الايجار_زراعية_2023":null,"نوع_ملكية_الأرض":"تمليك","أنواع_المحاصيل_المزروعة":"محاصيل موسمية","اسم_المحور":"محور كلبشة","اسم_المحافظة":"محافظة أسوان","المساحة_كم2":0.003264506727743613,"نسبة_المساحة":0.03720806322820131,"المساحة_فدان":0.8063331617526724,"فرق_السعر":209646.6220556948,"GlobalID":"{D3151B63-BB98-4C1A-A7CD-9D75664BFBEE}","SHAPE_Length":0.0023254513106514903,"SHAPE_Area":2.911640200484648e-7},"geometry":{"type":"Polygon","coordinates":[[[32.87797,24.566481],[32.878581,24.565867],[32.877833,24.56614],[32.87797,24.566481]]]}},{"type":"Feature","properties":{"source_layer":"Agricultural_Changes","source_feature_count":1,"سعر_الأرض_2023":248349.59526147254,"سعر_الأرض_2014":82783.19842049085,"سعر_الايجار_زراعية_2023":null,"نوع_ملكية_الأرض":"ايجار","أنواع_المحاصيل_المزروعة":"فاكهة","اسم_المحور":"محور كلبشة","اسم_المحافظة":"محافظة أسوان","المساحة_كم2":0.0033515464947567143,"نسبة_المساحة":0.03820012157712983,"المساحة_فدان":0.8278319842049084,"فرق_السعر":165566.39684098167,"GlobalID":"{DA887B95-AF48-42E2-AD3E-989F61CA935D}","SHAPE_Length":0.002202567770027503,"SHAPE_Area":2.9909371656030996e-7},"geometry":{"type":"Polygon","coordinates":[[[32.895471,24.637289],[32.895574,24.636581],[32.895087,24.636893],[32.895471,24.637289]]]}},{"type":"Feature","properties":{"source_layer":"Agricultural_Changes","source_feature_count":1,"سعر_الأرض_2023":248404.76034362707,"سعر_الأرض_2014":82801.58678120903,"سعر_الايجار_زراعية_2023":null,"نوع_ملكية_الأرض":"ايجار","أنواع_المحاصيل_المزروعة":"فاكهة","اسم_المحور":"محور كلبشة","اسم_المحافظة":"محافظة أسوان","المساحة_كم2":0.0033522909628019852,"نسبة_المساحة":0.038208606845015605,"المساحة_فدان":0.8280158678120902,"فرق_السعر":165603.17356241803,"GlobalID":"{0E220DE8-1E45-40E3-A7DD-A4FE8058D3AD}","SHAPE_Length":0.002192576820703513,"SHAPE_Area":2.9915886834357563e-7},"geometry":{"type":"Polygon","coordinates":[[[32.895916,24.637012],[32.896039,24.636283],[32.895574,24.636581],[32.895916,24.637012]]]}},{"type":"Feature","properties":{"source_layer":"Agricultural_Changes","source_feature_count":1,"سعر_الأرض_2023":275934.15887533606,"سعر_الأرض_2014":91978.05295844535,"سعر_الايجار_زراعية_2023":null,"نوع_ملكية_الأرض":"ايجار","أنواع_المحاصيل_المزروعة":"فاكهة","اسم_المحور":"محور كلبشة","اسم_المحافظة":"محافظة أسوان","المساحة_كم2":0.0037238078120828072,"نسبة_المساحة":0.04244306661834177,"المساحة_فدان":0.9197805295844533,"فرق_السعر":183956.10591689072,"GlobalID":"{43326FA2-F50C-44C2-8750-A6225DCF4FE1}","SHAPE_Length":0.0023591365830386295,"SHAPE_Area":3.3231224226937646e-7},"geometry":{"type":"Polygon","coordinates":[[[32.894035,24.63662],[32.894151,24.635928],[32.893643,24.636173],[32.894035,24.63662]]]}},{"type":"Feature","properties":{"source_layer":"Agricultural_Changes","source_feature_count":1,"سعر_الأرض_2023":281255.02018366865,"سعر_الأرض_2014":93751.67339455623,"سعر_الايجار_زراعية_2023":null,"نوع_ملكية_الأرض":"ايجار","أنواع_المحاصيل_المزروعة":"فاكهة","اسم_المحور":"محور كلبشة","اسم_المحافظة":"محافظة أسوان","المساحة_كم2":0.003795614307471912,"نسبة_المساحة":0.04326149979782554,"المساحة_فدان":0.9375167339455622,"فرق_السعر":187503.34678911243,"GlobalID":"{7BA1372B-DA79-49CF-85F3-18BA8B0BB6DB}","SHAPE_Length":0.002354440500942114,"SHAPE_Area":3.387228741179481e-7},"geometry":{"type":"Polygon","coordinates":[[[32.894924,24.637632],[32.895087,24.636893],[32.894568,24.637226],[32.894924,24.637632]]]}},{"type":"Feature","properties":{"source_layer":"Agricultural_Changes","source_feature_count":1,"سعر_الأرض_2023":283735.8064351499,"سعر_الأرض_2014":94578.60214504997,"سعر_الايجار_زراعية_2023":null,"نوع_ملكية_الأرض":"ايجار","أنواع_المحاصيل_المزروعة":"فاكهة","اسم_المحور":"محور كلبشة","اسم_المحافظة":"محافظة أسوان","المساحة_كم2":0.0038290932042530355,"نسبة_المساحة":0.043643084218422966,"المساحة_فدان":0.9457860214504997,"فرق_السعر":189157.20429009997,"GlobalID":"{0BC40DF4-78AE-45BB-8259-2E5A646F0FCC}","SHAPE_Length":0.0023551077942365727,"SHAPE_Area":3.4170821311291556e-7},"geometry":{"type":"Polygon","coordinates":[[[32.895574,24.636581],[32.895697,24.635822],[32.895173,24.636074],[32.895574,24.636581]]]}},{"type":"Feature","properties":{"source_layer":"Agricultural_Changes","source_feature_count":1,"سعر_الأرض_2023":313344.5065370583,"سعر_الأرض_2014":104448.16884568609,"سعر_الايجار_زراعية_2023":null,"نوع_ملكية_الأرض":"ايجار","أنواع_المحاصيل_المزروعة":"فاكهة","اسم_المحور":"محور كلبشة","اسم_المحافظة":"محافظة أسوان","المساحة_كم2":0.004228670803469073,"نسبة_المساحة":0.048197373676567054,"المساحة_فدان":1.0444816884568608,"فرق_السعر":208896.3376913722,"GlobalID":"{F49E5C0D-2ACD-4AA2-A857-428DDA8F7DC0}","SHAPE_Length":0.0025056918756658,"SHAPE_Area":3.7736533210682055e-7},"geometry":{"type":"Polygon","coordinates":[[[32.893643,24.636173],[32.893735,24.635399],[32.8932,24.63567],[32.893643,24.636173]]]}},{"type":"Feature","properties":{"source_layer":"Agricultural_Changes","source_feature_count":1,"سعر_الأرض_2023":348625.2989537192,"سعر_الأرض_2014":116208.43298457307,"سعر_الايجار_زراعية_2023":null,"نوع_ملكية_الأرض":"ايجار","أنواع_المحاصيل_المزروعة":"فاكهة","اسم_المحور":"محور كلبشة","اسم_المحافظة":"محافظة أسوان","المساحة_كم2":0.004704794857675023,"نسبة_المساحة":0.05362412123472186,"المساحة_فدان":1.1620843298457306,"فرق_السعر":232416.86596914614,"GlobalID":"{804A1580-1EE6-444F-B219-3E14A135A98E}","SHAPE_Length":0.002631416531248849,"SHAPE_Area":4.1985652793515503e-7},"geometry":{"type":"Polygon","coordinates":[[[32.895087,24.636893],[32.895173,24.636074],[32.894572,24.636362],[32.895087,24.636893]]]}},{"type":"Feature","properties":{"source_layer":"Agricultural_Changes","source_feature_count":1,"سعر_الأرض_2023":374085.3280789753,"سعر_الأرض_2014":124695.10935965844,"سعر_الايجار_زراعية_2023":null,"نوع_ملكية_الأرض":"ايجار","أنواع_المحاصيل_المزروعة":"فاكهة","اسم_المحور":"محور كلبشة","اسم_المحافظة":"محافظة أسوان","المساحة_كم2":0.005048384994318156,"نسبة_المساحة":0.05754027904813839,"المساحة_فدان":1.2469510935965844,"فرق_السعر":249390.21871931688,"GlobalID":"{C2F198F4-CA7D-487F-A99C-E763A83FF77A}","SHAPE_Length":0.0027870446656125146,"SHAPE_Area":4.5051616295521874e-7},"geometry":{"type":"Polygon","coordinates":[[[32.896039,24.636283],[32.896505,24.635434],[32.895697,24.635822],[32.896039,24.636283]]]}},{"type":"Feature","properties":{"source_layer":"Agricultural_Changes","source_feature_count":1,"سعر_الأرض_2023":377621.86023731343,"سعر_الأرض_2014":125873.95341243781,"سعر_الايجار_زراعية_2023":null,"نوع_ملكية_الأرض":"ايجار","أنواع_المحاصيل_المزروعة":"فاكهة","اسم_المحور":"محور كلبشة","اسم_المحافظة":"محافظة أسوان","المساحة_كم2":0.005096111474187767,"نسبة_المساحة":0.05808425399711188,"المساحة_فدان":1.2587395341243781,"فرق_السعر":251747.90682487562,"GlobalID":"{42B55D14-4E59-442C-8F60-64CC4787EC56}","SHAPE_Length":0.002758609828712578,"SHAPE_Area":4.547784923256415e-7},"geometry":{"type":"Polygon","coordinates":[[[32.894568,24.637226],[32.894572,24.636362],[32.894035,24.63662],[32.894568,24.637226]]]}},{"type":"Feature","properties":{"source_layer":"Agricultural_Changes","source_feature_count":1,"سعر_الأرض_2023":395378.4974127277,"سعر_الأرض_2014":131792.83247090923,"سعر_الايجار_زراعية_2023":null,"نوع_ملكية_الأرض":"ايجار","أنواع_المحاصيل_المزروعة":"فاكهة","اسم_المحور":"محور كلبشة","اسم_المحافظة":"محافظة أسوان","المساحة_كم2":0.005335742205299969,"نسبة_المساحة":0.06081550748752993,"المساحة_فدان":1.3179283247090923,"فرق_السعر":263585.66494181845,"GlobalID":"{81C79C84-E9C7-40C4-9155-6A554EB2F17F}","SHAPE_Length":0.002812969067615016,"SHAPE_Area":4.7616111009741234e-7},"geometry":{"type":"Polygon","coordinates":[[[32.89637,24.636729],[32.896757,24.635824],[32.896039,24.636283],[32.89637,24.636729]]]}},{"type":"Feature","properties":{"source_layer":"Agricultural_Changes","source_feature_count":1,"سعر_الأرض_2023":558603.0850980191,"سعر_الأرض_2014":186201.02836600636,"سعر_الايجار_زراعية_2023":null,"نوع_ملكية_الأرض":"ايجار","أنواع_المحاصيل_المزروعة":"فاكهة","اسم_المحور":"محور كلبشة","اسم_المحافظة":"محافظة أسوان","المساحة_كم2":0.007538503172712809,"نسبة_المساحة":0.08592204767492323,"المساحة_فدان":1.8620102836600636,"فرق_السعر":372402.0567320128,"GlobalID":"{0F97B657-432E-4B4C-9C59-96A049B61291}","SHAPE_Length":0.0033898789771836294,"SHAPE_Area":6.72733010069474e-7},"geometry":{"type":"Polygon","coordinates":[[[32.897674,24.636002],[32.896505,24.635434],[32.897076,24.636319],[32.897674,24.636002]]]}},{"type":"Feature","properties":{"source_layer":"Agricultural_Changes","source_feature_count":1,"سعر_الأرض_2023":427274.5005724244,"سعر_الأرض_2014":142424.83352414146,"سعر_الايجار_زراعية_2023":null,"نوع_ملكية_الأرض":"ايجار","أنواع_المحاصيل_المزروعة":"فاكهة","اسم_المحور":"محور كلبشة","اسم_المحافظة":"محافظة أسوان","المساحة_كم2":0.005766187592070505,"نسبة_المساحة":0.06572162057075086,"المساحة_فدان":1.4242483352414146,"فرق_السعر":284849.6670482829,"GlobalID":"{9ED51A17-BD96-4A63-9100-5B84D849AD45}","SHAPE_Length":0.002948375235761129,"SHAPE_Area":5.145704390801091e-7},"geometry":{"type":"Polygon","coordinates":[[[32.896191,24.634947],[32.895697,24.635822],[32.896505,24.635434],[32.896191,24.634947]]]}},{"type":"Feature","properties":{"source_layer":"Agricultural_Changes","source_feature_count":1,"سعر_الأرض_2023":307298.51852733886,"سعر_الأرض_2014":102432.83950911295,"سعر_الايجار_زراعية_2023":null,"نوع_ملكية_الأرض":"ايجار","أنواع_المحاصيل_المزروعة":"فاكهة","اسم_المحور":"محور كلبشة","اسم_المحافظة":"محافظة أسوان","المساحة_كم2":0.0041470785226361525,"نسبة_المساحة":0.0472674044660999,"المساحة_فدان":1.0243283950911295,"فرق_السعر":204865.67901822593,"GlobalID":"{151FFCED-0BBB-421E-A880-C2E6FF8D9403}","SHAPE_Length":0.002451638951649647,"SHAPE_Area":3.7008085164764886e-7},"geometry":{"type":"Polygon","coordinates":[[[32.897069,24.635163],[32.897351,24.634412],[32.896742,24.634693],[32.897069,24.635163]]]}},{"type":"Feature","properties":{"source_layer":"Agricultural_Changes","source_feature_count":1,"سعر_الأرض_2023":308522.17380685406,"سعر_الأرض_2014":102840.72460228468,"سعر_الايجار_زراعية_2023":null,"نوع_ملكية_الأرض":"ايجار","أنواع_المحاصيل_المزروعة":"فاكهة","اسم_المحور":"محور كلبشة","اسم_المحافظة":"محافظة أسوان","المساحة_كم2":0.004163592089161323,"نسبة_المساحة":0.04745562212917587,"المساحة_فدان":1.0284072460228468,"فرق_السعر":205681.4492045694,"GlobalID":"{F3F412B8-350E-4ACD-AB49-73AF492EBA68}","SHAPE_Length":0.002457396714897843,"SHAPE_Area":3.715509170796153e-7},"geometry":{"type":"Polygon","coordinates":[[[32.898253,24.633997],[32.898484,24.633208],[32.897959,24.633427],[32.898253,24.633997]]]}},{"type":"Feature","properties":{"source_layer":"Agricultural_Changes","source_feature_count":1,"سعر_الأرض_2023":348395.03305583284,"سعر_الأرض_2014":116131.67768527761,"سعر_الايجار_زراعية_2023":null,"نوع_ملكية_الأرض":"ايجار","أنواع_المحاصيل_المزروعة":"فاكهة","اسم_المحور":"محور كلبشة","اسم_المحافظة":"محافظة أسوان","المساحة_كم2":0.004701687355679257,"نسبة_المساحة":0.0535887026737008,"المساحة_فدان":1.1613167768527763,"فرق_السعر":232263.35537055525,"GlobalID":"{0D284EA4-B523-4346-B50D-E44F8365EEF6}","SHAPE_Length":0.0026126913362435255,"SHAPE_Area":4.1957269052444374e-7},"geometry":{"type":"Polygon","coordinates":[[[32.896191,24.634947],[32.896334,24.634105],[32.895805,24.634361],[32.896191,24.634947]]]}},{"type":"Feature","properties":{"source_layer":"Agricultural_Changes","source_feature_count":1,"سعر_الأرض_2023":389386.1263174086,"سعر_الأرض_2014":129795.3754391362,"سعر_الايجار_زراعية_2023":null,"نوع_ملكية_الأرض":"ايجار","أنواع_المحاصيل_المزروعة":"فاكهة","اسم_المحور":"محور كلبشة","اسم_المحافظة":"محافظة أسوان","المساحة_كم2":0.0052548734995601695,"نسبة_المساحة":0.05989378541210048,"المساحة_فدان":1.297953754391362,"فرق_السعر":259590.75087827237,"GlobalID":"{79406625-6B3E-4AD5-A49C-60BBBD3F786A}","SHAPE_Length":0.0027444339067329094,"SHAPE_Area":4.689407496785415e-7},"geometry":{"type":"Polygon","coordinates":[[[32.894746,24.635642],[32.895014,24.634752],[32.894416,24.635055],[32.894746,24.635642]]]}},{"type":"Feature","properties":{"source_layer":"Agricultural_Changes","source_feature_count":1,"سعر_الأرض_2023":395227.40936629206,"سعر_الأرض_2014":131742.46978876402,"سعر_الايجار_زراعية_2023":null,"نوع_ملكية_الأرض":"ايجار","أنواع_المحاصيل_المزروعة":"فاكهة","اسم_المحور":"محور كلبشة","اسم_المحافظة":"محافظة أسوان","المساحة_كم2":0.005333703230314333,"نسبة_المساحة":0.06079226774060537,"المساحة_فدان":1.3174246978876403,"فرق_السعر":263484.93957752804,"GlobalID":"{73B7D649-ABB9-4631-9809-CA437FC1D093}","SHAPE_Length":0.002770974522106644,"SHAPE_Area":4.759771783288994e-7},"geometry":{"type":"Polygon","coordinates":[[[32.894151,24.635928],[32.894416,24.635055],[32.893735,24.635399],[32.894151,24.635928]]]}},{"type":"Feature","properties":{"source_layer":"Agricultural_Changes","source_feature_count":1,"سعر_الأرض_2023":401545.63764303504,"سعر_الأرض_2014":133848.54588101167,"سعر_الايجار_زراعية_2023":null,"نوع_ملكية_الأرض":"ايجار","أنواع_المحاصيل_المزروعة":"فاكهة","اسم_المحور":"محور كلبشة","اسم_المحافظة":"محافظة أسوان","المساحة_كم2":0.005418969468866871,"نسبة_المساحة":0.06176411183831584,"المساحة_فدان":1.338485458810117,"فرق_السعر":267697.0917620234,"GlobalID":"{D274D26D-2C43-48C2-A467-BBBCDE6D5469}","SHAPE_Length":0.002799648954700678,"SHAPE_Area":4.835813125292495e-7},"geometry":{"type":"Polygon","coordinates":[[[32.896742,24.634693],[32.89701,24.633823],[32.896334,24.634105],[32.896742,24.634693]]]}},{"type":"Feature","properties":{"source_layer":"Agricultural_Changes","source_feature_count":1,"سعر_الأرض_2023":510030.85157837084,"سعر_الأرض_2014":170010.28385945695,"سعر_الايجار_زراعية_2023":null,"نوع_ملكية_الأرض":"ايجار","أنواع_المحاصيل_المزروعة":"فاكهة","اسم_المحور":"محور كلبشة","اسم_المحافظة":"محافظة أسوان","المساحة_كم2":0.006883007443702712,"نسبة_المساحة":0.07845086487001551,"المساحة_فدان":1.7001028385945696,"فرق_السعر":340020.5677189139,"GlobalID":"{65CF273B-350E-4EBA-BB57-1F1EBCEA3CAC}","SHAPE_Length":0.003168542696869535,"SHAPE_Area":6.142318298500822e-7},"geometry":{"type":"Polygon","coordinates":[[[32.895385,24.635334],[32.895805,24.634361],[32.895014,24.634752],[32.895385,24.635334]]]}},{"type":"Feature","properties":{"source_layer":"Agricultural_Changes","source_feature_count":1,"سعر_الأرض_2023":552314.7173309131,"سعر_الأرض_2014":184104.90577697102,"سعر_الايجار_زراعية_2023":null,"نوع_ملكية_الأرض":"ايجار","أنواع_المحاصيل_المزروعة":"فاكهة","اسم_المحور":"محور كلبشة","اسم_المحافظة":"محافظة أسوان","المساحة_كم2":0.007453639909998827,"نسبة_المساحة":0.08495479659898632,"المساحة_فدان":1.84104905776971,"فرق_السعر":368209.81155394204,"GlobalID":"{77C61660-F1A8-454E-B563-2434199A4E65}","SHAPE_Length":0.003343197718460554,"SHAPE_Area":6.651509783323209e-7},"geometry":{"type":"Polygon","coordinates":[[[32.897351,24.634412],[32.897959,24.633427],[32.89701,24.633823],[32.897351,24.634412]]]}},{"type":"Feature","properties":{"source_layer":"Agricultural_Changes","source_feature_count":1,"سعر_الأرض_2023":307957.15021311597,"سعر_الأرض_2014":102652.383404372,"سعر_الايجار_زراعية_2023":null,"نوع_ملكية_الأرض":"ايجار","أنواع_المحاصيل_المزروعة":"فاكهة","اسم_المحور":"محور كلبشة","اسم_المحافظة":"محافظة أسوان","المساحة_كم2":0.004155966939448259,"نسبة_المساحة":0.04736871250505501,"المساحة_فدان":1.02652383404372,"فرق_السعر":205304.76680874397,"GlobalID":"{F81138D3-03C6-4DE1-946F-39DAF315E462}","SHAPE_Length":0.0024773519883890443,"SHAPE_Area":3.7087671128479347e-7},"geometry":{"type":"Polygon","coordinates":[[[32.895173,24.636074],[32.895385,24.635334],[32.894746,24.635642],[32.895173,24.636074]]]}},{"type":"Feature","properties":{"source_layer":"Agricultural_Changes","source_feature_count":1,"سعر_الأرض_2023":316117.41818986216,"سعر_الأرض_2014":105372.47272995405,"سعر_الايجار_زراعية_2023":null,"نوع_ملكية_الأرض":"ايجار","أنواع_المحاصيل_المزروعة":"فاكهة","اسم_المحور":"محور كلبشة","اسم_المحافظة":"محافظة أسوان","المساحة_كم2":0.004266092013358465,"نسبة_المساحة":0.04862389163464236,"المساحة_فدان":1.0537247272995407,"فرق_السعر":210744.9454599081,"GlobalID":"{6C4E724B-F562-4AAE-9028-17A8CCF074E8}","SHAPE_Length":0.002538806523609981,"SHAPE_Area":3.8070457024762084e-7},"geometry":{"type":"Polygon","coordinates":[[[32.894572,24.636362],[32.894746,24.635642],[32.894151,24.635928],[32.894572,24.636362]]]}},{"type":"Feature","properties":{"source_layer":"Agricultural_Changes","source_feature_count":1,"سعر_الأرض_2023":211439.78764890638,"سعر_الأرض_2014":70479.92921630213,"سعر_الايجار_زراعية_2023":null,"نوع_ملكية_الأرض":"ايجار","أنواع_المحاصيل_المزروعة":"فاكهة","اسم_المحور":"محور كلبشة","اسم_المحافظة":"محافظة أسوان","المساحة_كم2":0.0028534384298098026,"نسبة_المساحة":0.0325228055472646,"المساحة_فدان":0.7047992921630212,"فرق_السعر":140959.85843260423,"GlobalID":"{FF7B860F-6FC4-4BCA-97B7-05E6E94BC12C}","SHAPE_Length":0.002049628629934859,"SHAPE_Area":2.546365836014362e-7},"geometry":{"type":"Polygon","coordinates":[[[32.898608,24.634504],[32.898774,24.633851],[32.898301,24.633984],[32.898608,24.634504]]]}},{"type":"Feature","properties":{"source_layer":"Agricultural_Changes","source_feature_count":1,"سعر_الأرض_2023":217261.83321729134,"سعر_الأرض_2014":72420.61107243045,"سعر_الايجار_زراعية_2023":null,"نوع_ملكية_الأرض":"ايجار","أنواع_المحاصيل_المزروعة":"فاكهة","اسم_المحور":"محور كلبشة","اسم_المحافظة":"محافظة أسوان","المساحة_كم2":0.002932008545442528,"نسبة_المساحة":0.03341832884500036,"المساحة_فدان":0.7242061107243044,"فرق_السعر":144841.2221448609,"GlobalID":"{AE75AC5A-818B-4C37-9660-1CCB51915D68}","SHAPE_Length":0.002048815339100285,"SHAPE_Area":2.6164793785153164e-7},"geometry":{"type":"Polygon","coordinates":[[[32.899225,24.633672],[32.898994,24.634338],[32.89946,24.634139],[32.899225,24.633672]]]}},{"type":"Feature","properties":{"source_layer":"Agricultural_Changes","source_feature_count":1,"سعر_الأرض_2023":234544.9428741098,"سعر_الأرض_2014":78181.64762470327,"سعر_الايجار_زراعية_2023":null,"نوع_ملكية_الأرض":"ايجار","أنواع_المحاصيل_المزروعة":"فاكهة","اسم_المحور":"محور كلبشة","اسم_المحافظة":"محافظة أسوان","المساحة_كم2":0.0031652488916883914,"نسبة_المساحة":0.036076746264308936,"المساحة_فدان":0.7818164762470327,"فرق_السعر":156363.29524940654,"GlobalID":"{28AE2110-41F4-4234-BB54-0DE014A9FAF1}","SHAPE_Length":0.002146059082807467,"SHAPE_Area":2.8246235907972045e-7},"geometry":{"type":"Polygon","coordinates":[[[32.898182,24.634686],[32.898301,24.633984],[32.897865,24.634176],[32.898182,24.634686]]]}},{"type":"Feature","properties":{"source_layer":"Agricultural_Changes","source_feature_count":1,"سعر_الأرض_2023":280781.6732703724,"سعر_الأرض_2014":93593.89109012413,"سعر_الايجار_زراعية_2023":null,"نوع_ملكية_الأرض":"ايجار","أنواع_المحاصيل_المزروعة":"فاكهة","اسم_المحور":"محور كلبشة","اسم_المحافظة":"محافظة أسوان","المساحة_كم2":0.0037892263599240542,"نسبة_المساحة":0.04318869150668643,"المساحة_فدان":0.9359389109012414,"فرق_السعر":187187.78218024824,"GlobalID":"{98BE1F79-10BF-48DE-80CC-9F9760886F53}","SHAPE_Length":0.002335225660134664,"SHAPE_Area":3.381455644614616e-7},"geometry":{"type":"Polygon","coordinates":[[[32.897643,24.634917],[32.897865,24.634176],[32.897351,24.634412],[32.897643,24.634917]]]}},{"type":"Feature","properties":{"source_layer":"Agricultural_Changes","source_feature_count":1,"سعر_الأرض_2023":291558.3722373594,"سعر_الأرض_2014":97186.1240791198,"سعر_الايجار_زراعية_2023":null,"نوع_ملكية_الأرض":"ايجار","أنواع_المحاصيل_المزروعة":"فاكهة","اسم_المحور":"محور كلبشة","اسم_المحافظة":"محافظة أسوان","المساحة_كم2":0.003934660893891491,"نسبة_المساحة":0.04484631937721149,"المساحة_فدان":0.9718612407911981,"فرق_السعر":194372.24815823958,"GlobalID":"{7A9EBFE2-81E8-41FB-B2EE-354E3B81CA23}","SHAPE_Length":0.00238522878094799,"SHAPE_Area":3.511258186329301e-7},"geometry":{"type":"Polygon","coordinates":[[[32.896505,24.635434],[32.896742,24.634693],[32.896191,24.634947],[32.896505,24.635434]]]}},{"type":"Feature","properties":{"source_layer":"Agricultural_Changes","source_feature_count":1,"سعر_الأرض_2023":158930.7088946264,"سعر_الأرض_2014":52976.90296487547,"سعر_الايجار_زراعية_2023":null,"نوع_ملكية_الأرض":"ايجار","أنواع_المحاصيل_المزروعة":"فاكهة","اسم_المحور":"محور كلبشة","اسم_المحافظة":"محافظة أسوان","المساحة_كم2":0.0021448138852176307,"نسبة_المساحة":0.02444607326910351,"المساحة_فدان":0.5297690296487547,"فرق_السعر":105953.80592975093,"GlobalID":"{FE768F3A-0565-42C4-822B-94546B521A23}","SHAPE_Length":0.0017802228268381985,"SHAPE_Area":1.9139515821899708e-7},"geometry":{"type":"Polygon","coordinates":[[[32.890394,24.631268],[32.890692,24.630738],[32.890211,24.630938],[32.890394,24.631268]]]}},{"type":"Feature","properties":{"source_layer":"Agricultural_Changes","source_feature_count":1,"سعر_الأرض_2023":168937.67472507094,"سعر_الأرض_2014":56312.55824169031,"سعر_الايجار_زراعية_2023":null,"نوع_ملكية_الأرض":"ايجار","أنواع_المحاصيل_المزروعة":"فاكهة","اسم_المحور":"محور كلبشة","اسم_المحافظة":"محافظة أسوان","المساحة_كم2":0.002279860657558313,"نسبة_المساحة":0.02598530392876574,"المساحة_فدان":0.5631255824169031,"فرق_السعر":112625.11648338064,"GlobalID":"{D533F0E2-90DC-46FF-BBA5-8E503DA9CF9F}","SHAPE_Length":0.0018305337246751416,"SHAPE_Area":2.034466718015715e-7},"geometry":{"type":"Polygon","coordinates":[[[32.889883,24.631499],[32.890211,24.630938],[32.88975,24.63113],[32.889883,24.631499]]]}},{"type":"Feature","properties":{"source_layer":"Agricultural_Changes","source_feature_count":1,"سعر_الأرض_2023":176081.29566598372,"سعر_الأرض_2014":58693.765221994574,"سعر_الايجار_زراعية_2023":null,"نوع_ملكية_الأرض":"ايجار","أنواع_المحاصيل_المزروعة":"فاكهة","اسم_المحور":"محور كلبشة","اسم_المحافظة":"محافظة أسوان","المساحة_كم2":0.002376265798461319,"نسبة_المساحة":0.027084106558810262,"المساحة_فدان":0.5869376522199458,"فرق_السعر":117387.53044398915,"GlobalID":"{231C4C96-E2CB-4D60-AF08-EC0916BEEF0F}","SHAPE_Length":0.0018636214869780076,"SHAPE_Area":2.1205080749331504e-7},"geometry":{"type":"Polygon","coordinates":[[[32.890445,24.632543],[32.89069,24.631976],[32.890238,24.632187],[32.890445,24.632543]]]}},{"type":"Feature","properties":{"source_layer":"Agricultural_Changes","source_feature_count":1,"سعر_الأرض_2023":191520.3543518644,"سعر_الأرض_2014":63840.11811728813,"سعر_الايجار_زراعية_2023":null,"نوع_ملكية_الأرض":"ايجار","أنواع_المحاصيل_المزروعة":"فاكهة","اسم_المحور":"محور كلبشة","اسم_المحافظة":"محافظة أسوان","المساحة_كم2":0.002584620166691827,"نسبة_المساحة":0.029458879580751957,"المساحة_فدان":0.6384011811728814,"فرق_السعر":127680.23623457627,"GlobalID":"{5F9F9F60-09AE-4B8C-829C-DE2BC5EEA4AC}","SHAPE_Length":0.001955376635062673,"SHAPE_Area":2.3064361389632604e-7},"geometry":{"type":"Polygon","coordinates":[[[32.890932,24.632313],[32.891229,24.631724],[32.89069,24.631976],[32.890932,24.632313]]]}},{"type":"Feature","properties":{"source_layer":"Agricultural_Changes","source_feature_count":1,"سعر_الأرض_2023":195611.17403327726,"سعر_الأرض_2014":65203.72467775909,"سعر_الايجار_زراعية_2023":null,"نوع_ملكية_الأرض":"ايجار","أنواع_المحاصيل_المزروعة":"فاكهة","اسم_المحور":"محور كلبشة","اسم_المحافظة":"محافظة أسوان","المساحة_كم2":0.0026398269100307327,"نسبة_المساحة":0.030088112775255697,"المساحة_فدان":0.6520372467775909,"فرق_السعر":130407.44935551817,"GlobalID":"{E38E6AEF-BB0B-45E3-A9CA-B8804AA8A41D}","SHAPE_Length":0.0019493618174547223,"SHAPE_Area":2.355647752098944e-7},"geometry":{"type":"Polygon","coordinates":[[[32.888238,24.629343],[32.888567,24.628747],[32.888069,24.628925],[32.888238,24.629343]]]}},{"type":"Feature","properties":{"source_layer":"Agricultural_Changes","source_feature_count":1,"سعر_الأرض_2023":281568.45570043067,"سعر_الأرض_2014":93856.15190014355,"سعر_الايجار_زراعية_2023":null,"نوع_ملكية_الأرض":"ايجار","أنواع_المحاصيل_المزروعة":"فاكهة","اسم_المحور":"محور كلبشة","اسم_المحافظة":"محافظة أسوان","المساحة_كم2":0.003799844206483545,"نسبة_المساحة":0.04330971117032362,"المساحة_فدان":0.9385615190014356,"فرق_السعر":187712.30380028713,"GlobalID":"{987410C3-EBBE-405A-B3C6-9E7D54DDECAD}","SHAPE_Length":0.0025345125742033477,"SHAPE_Area":3.390790249615561e-7},"geometry":{"type":"Polygon","coordinates":[[[32.888055,24.62983],[32.888733,24.629153],[32.88791,24.62947],[32.888055,24.62983]]]}},{"type":"Feature","properties":{"source_layer":"Agricultural_Changes","source_feature_count":1,"سعر_الأرض_2023":304218.9667502498,"سعر_الأرض_2014":101406.32225008326,"سعر_الايجار_زراعية_2023":null,"نوع_ملكية_الأرض":"ايجار","أنواع_المحاصيل_المزروعة":"فاكهة","اسم_المحور":"محور كلبشة","اسم_المحافظة":"محافظة أسوان","المساحة_كم2":0.00410551911943657,"نسبة_المساحة":0.04679372037507485,"المساحة_فدان":1.0140632225008326,"فرق_السعر":202812.64450016653,"GlobalID":"{FC9725B1-B27D-4C2A-91F1-B6B38474EFBE}","SHAPE_Length":0.0025191925543726432,"SHAPE_Area":3.6636025493194374e-7},"geometry":{"type":"Polygon","coordinates":[[[32.889103,24.630957],[32.889181,24.63006],[32.888755,24.630223],[32.889103,24.630957]]]}},{"type":"Feature","properties":{"source_layer":"Agricultural_Changes","source_feature_count":1,"سعر_الأرض_2023":308225.1760061711,"سعر_الأرض_2014":102741.72533539037,"سعر_الايجار_زراعية_2023":null,"نوع_ملكية_الأرض":"ايجار","أنواع_المحاصيل_المزروعة":"فاكهة","اسم_المحور":"محور كلبشة","اسم_المحافظة":"محافظة أسوان","المساحة_كم2":0.004159584021675723,"نسبة_المساحة":0.04740993913910582,"المساحة_فدان":1.0274172533539037,"فرق_السعر":205483.45067078073,"GlobalID":"{9A9DFF90-FA42-4D5B-87CE-46C71A330F9D}","SHAPE_Length":0.002510202741919788,"SHAPE_Area":3.7118764812325094e-7},"geometry":{"type":"Polygon","coordinates":[[[32.890238,24.632187],[32.890308,24.631307],[32.889883,24.631499],[32.890238,24.632187]]]}},{"type":"Feature","properties":{"source_layer":"Agricultural_Changes","source_feature_count":1,"سعر_الأرض_2023":313864.5907971464,"سعر_الأرض_2014":104621.53026571545,"سعر_الايجار_زراعية_2023":null,"نوع_ملكية_الأرض":"ايجار","أنواع_المحاصيل_المزروعة":"فاكهة","اسم_المحور":"محور كلبشة","اسم_المحافظة":"محافظة أسوان","المساحة_كم2":0.004235689484441921,"نسبة_المساحة":0.048277370915720194,"المساحة_فدان":1.0462153026571546,"فرق_السعر":209243.06053143094,"GlobalID":"{3B16C620-9537-4C12-A46C-D155DD04D588}","SHAPE_Length":0.0027693398404317077,"SHAPE_Area":3.7797139464064587e-7},"geometry":{"type":"Polygon","coordinates":[[[32.888877,24.629504],[32.889669,24.628792],[32.888733,24.629153],[32.888877,24.629504]]]}},{"type":"Feature","properties":{"source_layer":"Agricultural_Changes","source_feature_count":1,"سعر_الأرض_2023":317390.7347406883,"سعر_الأرض_2014":105796.91158022944,"سعر_الايجار_زراعية_2023":null,"نوع_ملكية_الأرض":"ايجار","أنواع_المحاصيل_المزروعة":"فاكهة","اسم_المحور":"محور كلبشة","اسم_المحافظة":"محافظة أسوان","المساحة_كم2":0.004283275772478924,"نسبة_المساحة":0.04881974799187345,"المساحة_فدان":1.0579691158022944,"فرق_السعر":211593.82316045885,"GlobalID":"{49BDB099-5A90-4300-AD08-661915188CCD}","SHAPE_Length":0.002534814031272028,"SHAPE_Area":3.822201830577894e-7},"geometry":{"type":"Polygon","coordinates":[[[32.890018,24.630559],[32.890115,24.629702],[32.889642,24.629883],[32.890018,24.630559]]]}},{"type":"Feature","properties":{"source_layer":"Agricultural_Changes","source_feature_count":1,"سعر_الأرض_2023":324423.99394744576,"سعر_الأرض_2014":108141.33131581525,"سعر_الايجار_زراعية_2023":null,"نوع_ملكية_الأرض":"ايجار","أنواع_المحاصيل_المزروعة":"فاكهة","اسم_المحور":"محور كلبشة","اسم_المحافظة":"محافظة أسوان","المساحة_كم2":0.00437819155124758,"نسبة_المساحة":0.04990157523020146,"المساحة_فدان":1.0814133131581523,"فرق_السعر":216282.66263163052,"GlobalID":"{229A3CB2-BE11-48C3-870E-463707AE0292}","SHAPE_Length":0.0027420384824599613,"SHAPE_Area":3.906947488039613e-7},"geometry":{"type":"Polygon","coordinates":[[[32.889019,24.631884],[32.88975,24.63113],[32.888839,24.631508],[32.889019,24.631884]]]}},{"type":"Feature","properties":{"source_layer":"Agricultural_Changes","source_feature_count":1,"سعر_الأرض_2023":333781.7525320899,"سعر_الأرض_2014":111260.58417736329,"سعر_الايجار_زراعية_2023":null,"نوع_ملكية_الأرض":"ايجار","أنواع_المحاصيل_المزروعة":"فاكهة","اسم_المحور":"محور كلبشة","اسم_المحافظة":"محافظة أسوان","المساحة_كم2":0.004504477092200942,"نسبة_المساحة":0.0513409474798179,"المساحة_فدان":1.1126058417736326,"فرق_السعر":222521.1683547266,"GlobalID":"{29B091DE-7F6E-45B1-A609-29E1A87B1FAC}","SHAPE_Length":0.002597181151962387,"SHAPE_Area":4.0196028235296773e-7},"geometry":{"type":"Polygon","coordinates":[[[32.889524,24.630774],[32.889642,24.629883],[32.889181,24.63006],[32.889524,24.630774]]]}},{"type":"Feature","properties":{"source_layer":"Agricultural_Changes","source_feature_count":1,"سعر_الأرض_2023":336640.93192743376,"سعر_الأرض_2014":112213.64397581127,"سعر_الايجار_زراعية_2023":null,"نوع_ملكية_الأرض":"ايجار","أنواع_المحاصيل_المزروعة":"فاكهة","اسم_المحور":"محور كلبشة","اسم_المحافظة":"محافظة أسوان","المساحة_كم2":0.004543062509142156,"نسبة_المساحة":0.05178073479011318,"المساحة_فدان":1.1221364397581126,"فرق_السعر":224427.2879516225,"GlobalID":"{3D850869-9EC0-4823-B902-B572B014294E}","SHAPE_Length":0.0026316186040435743,"SHAPE_Area":4.054042714473801e-7},"geometry":{"type":"Polygon","coordinates":[[[32.88864,24.631159],[32.888755,24.630223],[32.888305,24.630396],[32.88864,24.631159]]]}},{"type":"Feature","properties":{"source_layer":"Agricultural_Changes","source_feature_count":1,"سعر_الأرض_2023":345462.6749056637,"سعر_الأرض_2014":115154.22496855457,"سعر_الايجار_زراعية_2023":null,"نوع_ملكية_الأرض":"ايجار","أنواع_المحاصيل_المزروعة":"فاكهة","اسم_المحور":"محور كلبشة","اسم_المحافظة":"محافظة أسوان","المساحة_كم2":0.0046621143711965424,"نسبة_المساحة":0.05313765930587806,"المساحة_فدان":1.1515422496855459,"فرق_السعر":230308.44993710914,"GlobalID":"{2EACEBDE-0834-4DB2-9147-C024F4D27BE3}","SHAPE_Length":0.0029012417536201157,"SHAPE_Area":4.160256728797244e-7},"geometry":{"type":"Polygon","coordinates":[[[32.887082,24.630216],[32.88791,24.62947],[32.886915,24.629853],[32.887082,24.630216]]]}},{"type":"Feature","properties":{"source_layer":"Agricultural_Changes","source_feature_count":1,"سعر_الأرض_2023":347311.92547248356,"سعر_الأرض_2014":115770.6418241612,"سعر_الايجار_زراعية_2023":null,"نوع_ملكية_الأرض":"ايجار","أنواع_المحاصيل_المزروعة":"فاكهة","اسم_المحور":"محور كلبشة","اسم_المحافظة":"محافظة أسوان","المساحة_كم2":0.004687070519196811,"نسبة_المساحة":0.05342210348387127,"المساحة_فدان":1.1577064182416121,"فرق_السعر":231541.28364832237,"GlobalID":"{0D29FFA1-9C13-4048-ABE1-4E72EA5A6512}","SHAPE_Length":0.002807869649398439,"SHAPE_Area":4.1825896260666234e-7},"geometry":{"type":"Polygon","coordinates":[[[32.888124,24.632283],[32.888839,24.631508],[32.887935,24.631903],[32.888124,24.632283]]]}},{"type":"Feature","properties":{"source_layer":"Agricultural_Changes","source_feature_count":1,"سعر_الأرض_2023":352533.1585180601,"سعر_الأرض_2014":117511.05283935338,"سعر_الايجار_زراعية_2023":null,"نوع_ملكية_الأرض":"ايجار","أنواع_المحاصيل_المزروعة":"فاكهة","اسم_المحور":"محور كلبشة","اسم_المحافظة":"محافظة أسوان","المساحة_كم2":0.004757532503617546,"نسبة_المساحة":0.054225212250420936,"المساحة_فدان":1.175110528393534,"فرق_السعر":235022.10567870672,"GlobalID":"{62C0BF9E-A70F-4E69-B784-5EFB91EABFE5}","SHAPE_Length":0.0028451099459170497,"SHAPE_Area":4.245370118014063e-7},"geometry":{"type":"Polygon","coordinates":[[[32.888733,24.629153],[32.889497,24.628414],[32.888567,24.628747],[32.888733,24.629153]]]}},{"type":"Feature","properties":{"source_layer":"Agricultural_Changes","source_feature_count":1,"سعر_الأرض_2023":353653.807815631,"سعر_الأرض_2014":117884.60260521033,"سعر_الايجار_زراعية_2023":null,"نوع_ملكية_الأرض":"ايجار","أنواع_المحاصيل_المزروعة":"فاكهة","اسم_المحور":"محور كلبشة","اسم_المحافظة":"محافظة أسوان","المساحة_كم2":0.004772655975919446,"نسبة_المساحة":0.05439758595357699,"المساحة_فدان":1.1788460260521032,"فرق_السعر":235769.20521042065,"GlobalID":"{4B83101E-0F9F-446B-9C09-2AE44D01EF6B}","SHAPE_Length":0.0026985820488523576,"SHAPE_Area":4.2589391747702305e-7},"geometry":{"type":"Polygon","coordinates":[[[32.888188,24.631355],[32.888305,24.630396],[32.887821,24.630582],[32.888188,24.631355]]]}},{"type":"Feature","properties":{"source_layer":"Agricultural_Changes","source_feature_count":1,"سعر_الأرض_2023":370413.2739587262,"سعر_الأرض_2014":123471.09131957541,"سعر_الايجار_زراعية_2023":null,"نوع_ملكية_الأرض":"ايجار","أنواع_المحاصيل_المزروعة":"فاكهة","اسم_المحور":"محور كلبشة","اسم_المحافظة":"محافظة أسوان","المساحة_كم2":0.004998829608079977,"نسبة_المساحة":0.05697545866385859,"المساحة_فدان":1.234710913195754,"فرق_السعر":246942.1826391508,"GlobalID":"{68EA0EA6-A95E-478C-9305-7DFFFB676802}","SHAPE_Length":0.0029764851406462816,"SHAPE_Area":4.4608122887903437e-7},"geometry":{"type":"Polygon","coordinates":[[[32.887156,24.632715],[32.887935,24.631903],[32.886954,24.632357],[32.887156,24.632715]]]}},{"type":"Feature","properties":{"source_layer":"Agricultural_Changes","source_feature_count":1,"سعر_الأرض_2023":384240.4708904616,"سعر_الأرض_2014":128080.1569634872,"سعر_الايجار_زراعية_2023":null,"نوع_ملكية_الأرض":"ايجار","أنواع_المحاصيل_المزروعة":"فاكهة","اسم_المحور":"محور كلبشة","اسم_المحافظة":"محافظة أسوان","المساحة_كم2":0.0051854314560116285,"نسبة_المساحة":0.059102301686522266,"المساحة_فدان":1.280801569634872,"فرق_السعر":256160.31392697437,"GlobalID":"{A6195121-F588-422E-8C52-178E6CA36E04}","SHAPE_Length":0.0027410230168180977,"SHAPE_Area":4.627299304887613e-7},"geometry":{"type":"Polygon","coordinates":[[[32.89069,24.631976],[32.890868,24.631054],[32.890308,24.631307],[32.89069,24.631976]]]}},{"type":"Feature","properties":{"source_layer":"Agricultural_Changes","source_feature_count":1,"سعر_الأرض_2023":397429.95619358984,"سعر_الأرض_2014":132476.65206452995,"سعر_الايجار_زراعية_2023":null,"نوع_ملكية_الأرض":"ايجار","أنواع_المحاصيل_المزروعة":"فاكهة","اسم_المحور":"محور كلبشة","اسم_المحافظة":"محافظة أسوان","المساحة_كم2":0.00536342720909028,"نسبة_المساحة":0.06113105450807931,"المساحة_فدان":1.3247665206452992,"فرق_السعر":264953.3041290599,"GlobalID":"{FE892758-E1F9-4323-BC27-6F4689ED0060}","SHAPE_Length":0.002990316190779594,"SHAPE_Area":4.786075285520679e-7},"geometry":{"type":"Polygon","coordinates":[[[32.886136,24.630164],[32.886907,24.629362],[32.885935,24.629736],[32.886136,24.630164]]]}},{"type":"Feature","properties":{"source_layer":"Agricultural_Changes","source_feature_count":1,"سعر_الأرض_2023":401973.99710068677,"سعر_الأرض_2014":133991.3323668956,"سعر_الايجار_زراعية_2023":null,"نوع_ملكية_الأرض":"ايجار","أنواع_المحاصيل_المزروعة":"فاكهة","اسم_المحور":"محور كلبشة","اسم_المحافظة":"محافظة أسوان","المساحة_كم2":0.0054247502982548825,"نسبة_المساحة":0.061830000342558325,"المساحة_فدان":1.3399133236689558,"فرق_السعر":267982.66473379114,"GlobalID":"{C8F38F31-EC96-48C6-880E-1244E91D48D2}","SHAPE_Length":0.002981572739077497,"SHAPE_Area":4.84081000260235e-7},"geometry":{"type":"Polygon","coordinates":[[[32.885199,24.63054],[32.885935,24.629736],[32.88499,24.6301],[32.885199,24.63054]]]}},{"type":"Feature","properties":{"source_layer":"Agricultural_Changes","source_feature_count":1,"سعر_الأرض_2023":473274.7716705479,"سعر_الأرض_2014":157758.25722351598,"سعر_الايجار_زراعية_2023":null,"نوع_ملكية_الأرض":"ايجار","أنواع_المحاصيل_المزروعة":"فاكهة","اسم_المحور":"محور كلبشة","اسم_المحافظة":"محافظة أسوان","المساحة_كم2":0.0063869739766605664,"نسبة_المساحة":0.07279719460854699,"المساحة_فدان":1.5775825722351597,"فرق_السعر":315516.5144470319,"GlobalID":"{0DAE47F2-C911-467A-8974-C22313C303A6}","SHAPE_Length":0.003394853132351834,"SHAPE_Area":5.699418034711743e-7},"geometry":{"type":"Polygon","coordinates":[[[32.887079,24.62979],[32.888069,24.628925],[32.886907,24.629362],[32.887079,24.62979]]]}},{"type":"Feature","properties":{"source_layer":"Agricultural_Changes","source_feature_count":1,"سعر_الأرض_2023":304236.4387564233,"سعر_الأرض_2014":101412.1462521411,"سعر_الايجار_زراعية_2023":null,"نوع_ملكية_الأرض":"ايجار","أنواع_المحاصيل_المزروعة":"فاكهة","اسم_المحور":"محور كلبشة","اسم_المحافظة":"محافظة أسوان","المساحة_كم2":0.004105754908993568,"نسبة_المساحة":0.046796407847785736,"المساحة_فدان":1.014121462521411,"فرق_السعر":202824.2925042822,"GlobalID":"{78E5015C-E0B7-4269-9C9C-7C92DC18C4EB}","SHAPE_Length":0.002541800408753892,"SHAPE_Area":3.663884812448873e-7},"geometry":{"type":"Polygon","coordinates":[[[32.888393,24.633517],[32.888951,24.632768],[32.888208,24.633104],[32.888393,24.633517]]]}},{"type":"Feature","properties":{"source_layer":"Agricultural_Changes","source_feature_count":1,"سعر_الأرض_2023":859646.0642621942,"سعر_الأرض_2014":286548.68808739807,"سعر_الايجار_زراعية_2023":null,"نوع_ملكية_الأرض":"ايجار","أنواع_المحاصيل_المزروعة":"فاكهة","اسم_المحور":"محور كلبشة","اسم_المحافظة":"محافظة أسوان","المساحة_كم2":0.011601161461028263,"نسبة_المساحة":0.132227250596254,"المساحة_فدان":2.8654868808739806,"فرق_السعر":573097.3761747961,"GlobalID":"{17C9DFD6-47CB-449E-9B88-D60050DBDF6D}","SHAPE_Length":0.005854874515620303,"SHAPE_Area":0.0000010352437295526716},"geometry":{"type":"Polygon","coordinates":[[[32.888188,24.631355],[32.88975,24.63113],[32.890692,24.630738],[32.888188,24.631355]]]}},{"type":"Feature","properties":{"source_layer":"Agricultural_Changes","source_feature_count":1,"سعر_الأرض_2023":657390.606540251,"سعر_الأرض_2014":219130.2021800837,"سعر_الايجار_زراعية_2023":null,"نوع_ملكية_الأرض":"ايجار","أنواع_المحاصيل_المزروعة":"فاكهة","اسم_المحور":"محور كلبشة","اسم_المحافظة":"محافظة أسوان","المساحة_كم2":0.00887166810445683,"نسبة_المساحة":0.10111714121000019,"المساحة_فدان":2.191302021800837,"فرق_السعر":438260.40436016733,"GlobalID":"{BD7847E7-525F-4BCA-B903-403A1390E1E3}","SHAPE_Length":0.004530242000716691,"SHAPE_Area":7.916874057282721e-7},"geometry":{"type":"Polygon","coordinates":[[[32.890161,24.63357],[32.891601,24.63242],[32.889933,24.633208],[32.890161,24.63357]]]}},{"type":"Feature","properties":{"source_layer":"Agricultural_Changes","source_feature_count":1,"سعر_الأرض_2023":337761.411734097,"سعر_الأرض_2014":112587.137244699,"سعر_الايجار_زراعية_2023":null,"نوع_ملكية_الأرض":"ايجار","أنواع_المحاصيل_المزروعة":"فاكهة","اسم_المحور":"محور كلبشة","اسم_المحافظة":"محافظة أسوان","المساحة_كم2":0.004558183694117369,"نسبة_المساحة":0.0519530824228693,"المساحة_فدان":1.12587137244699,"فرق_السعر":225174.274489398,"GlobalID":"{E0364791-704B-45D2-9D28-3D9E199AE262}","SHAPE_Length":0.0025577521159578817,"SHAPE_Area":4.0674722951981223e-7},"geometry":{"type":"Polygon","coordinates":[[[32.895365,24.628039],[32.894938,24.628819],[32.895561,24.628598],[32.895365,24.628039]]]}},{"type":"Feature","properties":{"source_layer":"Agricultural_Changes","source_feature_count":1,"سعر_الأرض_2023":156168.6325362725,"سعر_الأرض_2014":52056.21084542417,"سعر_الايجار_زراعية_2023":null,"نوع_ملكية_الأرض":"ايجار","أنواع_المحاصيل_المزروعة":"فاكهة","اسم_المحور":"محور كلبشة","اسم_المحافظة":"محافظة أسوان","المساحة_كم2":0.0021075389006244604,"نسبة_المساحة":0.024021221951816888,"المساحة_فدان":0.5205621084542417,"فرق_السعر":104112.42169084832,"GlobalID":"{A2433E18-D1EF-4C56-B0A0-59FDAF0907B7}","SHAPE_Length":0.0021578298280091543,"SHAPE_Area":1.880708369902544e-7},"geometry":{"type":"Polygon","coordinates":[[[32.895807,24.632466],[32.894922,24.632628],[32.895021,24.632826],[32.895807,24.632466]]]}},{"type":"Feature","properties":{"source_layer":"Agricultural_Changes","source_feature_count":1,"سعر_الأرض_2023":165333.33800125652,"سعر_الأرض_2014":55111.1126670855,"سعر_الايجار_زراعية_2023":null,"نوع_ملكية_الأرض":"ايجار","أنواع_المحاصيل_المزروعة":"فاكهة","اسم_المحور":"محور كلبشة","اسم_المحافظة":"محافظة أسوان","المساحة_كم2":0.0022312191363192515,"نسبة_المساحة":0.025430899558145918,"المساحة_فدان":0.551111126670855,"فرق_السعر":110222.22533417102,"GlobalID":"{313339DF-E49A-4BC5-8681-51521C5F3419}","SHAPE_Length":0.002171046624324101,"SHAPE_Area":1.9910964508485814e-7},"geometry":{"type":"Polygon","coordinates":[[[32.892602,24.633931],[32.893247,24.633381],[32.89247,24.633731],[32.892602,24.633931]]]}},{"type":"Feature","properties":{"source_layer":"Agricultural_Changes","source_feature_count":1,"سعر_الأرض_2023":165429.8955967939,"سعر_الأرض_2014":55143.29853226464,"سعر_الايجار_زراعية_2023":null,"نوع_ملكية_الأرض":"ايجار","أنواع_المحاصيل_المزروعة":"فاكهة","اسم_المحور":"محور كلبشة","اسم_المحافظة":"محافظة أسوان","المساحة_كم2":0.0022325222077839934,"نسبة_المساحة":0.025445751653575505,"المساحة_فدان":0.5514329853226464,"فرق_السعر":110286.59706452927,"GlobalID":"{35A55D50-AF8D-4092-ABC9-D5D1D8921FCA}","SHAPE_Length":0.002231741865121721,"SHAPE_Area":1.992246548767992e-7},"geometry":{"type":"Polygon","coordinates":[[[32.894229,24.633188],[32.894922,24.632628],[32.894093,24.633],[32.894229,24.633188]]]}},{"type":"Feature","properties":{"source_layer":"Agricultural_Changes","source_feature_count":1,"سعر_الأرض_2023":178264.7912128869,"سعر_الأرض_2014":59421.59707096229,"سعر_الايجار_زراعية_2023":null,"نوع_ملكية_الأرض":"ايجار","أنواع_المحاصيل_المزروعة":"فاكهة","اسم_المحور":"محور كلبشة","اسم_المحافظة":"محافظة أسوان","المساحة_كم2":0.002405732674937745,"نسبة_المساحة":0.02741996293605543,"المساحة_فدان":0.594215970709623,"فرق_السعر":118843.1941419246,"GlobalID":"{7177DD08-8FF7-4199-954A-F3533D9382C3}","SHAPE_Length":0.0023370188344143503,"SHAPE_Area":2.1468215967575413e-7},"geometry":{"type":"Polygon","coordinates":[[[32.893247,24.633381],[32.894229,24.633188],[32.894093,24.633],[32.893247,24.633381]]]}},{"type":"Feature","properties":{"source_layer":"Agricultural_Changes","source_feature_count":1,"سعر_الأرض_2023":160101.46294123493,"سعر_الأرض_2014":53367.15431374498,"سعر_الايجار_زراعية_2023":null,"نوع_ملكية_الأرض":"ايجار","أنواع_المحاصيل_المزروعة":"فاكهة","اسم_المحور":"محور كلبشة","اسم_المحافظة":"محافظة أسوان","المساحة_كم2":0.0021606135349694325,"نسبة_المساحة":0.02462615388034942,"المساحة_فدان":0.5336715431374498,"فرق_السعر":106734.30862748995,"GlobalID":"{B660073E-832A-487C-BA0A-FB0FAF005E6B}","SHAPE_Length":0.0019440503758253848,"SHAPE_Area":1.9280792782811885e-7},"geometry":{"type":"Polygon","coordinates":[[[32.893449,24.63329],[32.893943,24.632755],[32.893333,24.633039],[32.893449,24.63329]]]}},{"type":"Feature","properties":{"source_layer":"Agricultural_Changes","source_feature_count":1,"سعر_الأرض_2023":326765.3103963195,"سعر_الأرض_2014":108921.77013210648,"سعر_الايجار_زراعية_2023":null,"نوع_ملكية_الأرض":"ايجار","أنواع_المحاصيل_المزروعة":"فاكهة","اسم_المحور":"محور كلبشة","اسم_المحافظة":"محافظة أسوان","المساحة_كم2":0.004409788264457753,"نسبة_المساحة":0.050261706974742255,"المساحة_فدان":1.0892177013210649,"فرق_السعر":217843.540264213,"GlobalID":"{2F821E6A-179E-49E0-AA6F-92A1AC4E27C0}","SHAPE_Length":0.0025422005881806826,"SHAPE_Area":3.9351085487128425e-7},"geometry":{"type":"Polygon","coordinates":[[[32.893731,24.630765],[32.893932,24.629944],[32.893403,24.630141],[32.893731,24.630765]]]}},{"type":"Feature","properties":{"source_layer":"Agricultural_Changes","source_feature_count":1,"سعر_الأرض_2023":521402.59891642426,"سعر_الأرض_2014":173800.86630547474,"سعر_الايجار_زراعية_2023":null,"نوع_ملكية_الأرض":"ايجار","أنواع_المحاصيل_المزروعة":"فاكهة","اسم_المحور":"محور كلبشة","اسم_المحافظة":"محافظة أسوان","المساحة_كم2":0.007036472320059707,"نسبة_المساحة":0.08020002065342112,"المساحة_فدان":1.7380086630547475,"فرق_السعر":347601.73261094955,"GlobalID":"{8E3F2AF3-4E4D-4D4D-A804-004CB85E6D88}","SHAPE_Length":0.003384390843626196,"SHAPE_Area":6.278997982828154e-7},"geometry":{"type":"Polygon","coordinates":[[[32.892694,24.629053],[32.893984,24.629158],[32.893763,24.628656],[32.892694,24.629053]]]}},{"type":"Feature","properties":{"source_layer":"Agricultural_Changes","source_feature_count":1,"سعر_الأرض_2023":203218.30612462346,"سعر_الأرض_2014":67739.43537487449,"سعر_الايجار_زراعية_2023":null,"نوع_ملكية_الأرض":"ايجار","أنواع_المحاصيل_المزروعة":"فاكهة","اسم_المحور":"محور كلبشة","اسم_المحافظة":"محافظة أسوان","المساحة_كم2":0.002742487262140668,"نسبة_المساحة":0.0312582107995217,"المساحة_فدان":0.677394353748745,"فرق_السعر":135478.87074974895,"GlobalID":"{D2F31DC6-0CCD-4A78-A5D0-42360154230C}","SHAPE_Length":0.002013004240343951,"SHAPE_Area":2.4473201971572697e-7},"geometry":{"type":"Polygon","coordinates":[[[32.890238,24.632187],[32.889911,24.632796],[32.890445,24.632543],[32.890238,24.632187]]]}},{"type":"Feature","properties":{"source_layer":"Agricultural_Changes","source_feature_count":1,"سعر_الأرض_2023":295313.9738310089,"سعر_الأرض_2014":98437.99127700296,"سعر_الايجار_زراعية_2023":null,"نوع_ملكية_الأرض":"ايجار","أنواع_المحاصيل_المزروعة":"فاكهة","اسم_المحور":"محور كلبشة","اسم_المحافظة":"محافظة أسوان","المساحة_كم2":0.0039853437763968805,"نسبة_المساحة":0.045423990693009786,"المساحة_فدان":0.9843799127700296,"فرق_السعر":196875.98255400592,"GlobalID":"{9590E56E-E8E0-4125-A27D-CF80B338D0EE}","SHAPE_Length":0.002521288495168459,"SHAPE_Area":3.556421843156268e-7},"geometry":{"type":"Polygon","coordinates":[[[32.88915,24.633155],[32.889701,24.63243],[32.888951,24.632768],[32.88915,24.633155]]]}},{"type":"Feature","properties":{"source_layer":"Agricultural_Changes","source_feature_count":1,"سعر_الأرض_2023":162576.07806164058,"سعر_الأرض_2014":54192.02602054686,"سعر_الايجار_زراعية_2023":null,"نوع_ملكية_الأرض":"ايجار","أنواع_المحاصيل_المزروعة":"فاكهة","اسم_المحور":"محور كلبشة","اسم_المحافظة":"محافظة أسوان","المساحة_كم2":0.002194009150629427,"نسبة_المساحة":0.025006789082740524,"المساحة_فدان":0.5419202602054685,"فرق_السعر":108384.05204109373,"GlobalID":"{3A0D0CEE-EB49-4770-B877-448D2A1D1D4B}","SHAPE_Length":0.0018356944648132453,"SHAPE_Area":1.9578809180354275e-7},"geometry":{"type":"Polygon","coordinates":[[[32.891457,24.633356],[32.89181,24.632809],[32.891276,24.633055],[32.891457,24.633356]]]}},{"type":"Feature","properties":{"source_layer":"Agricultural_Changes","source_feature_count":1,"سعر_الأرض_2023":242748.48424556816,"سعر_الأرض_2014":80916.16141518939,"سعر_الايجار_زراعية_2023":null,"نوع_ملكية_الأرض":"ايجار","أنواع_المحاصيل_المزروعة":"فاكهة","اسم_المحور":"محور كلبشة","اسم_المحافظة":"محافظة أسوان","المساحة_كم2":0.0032759579520319593,"نسبة_المساحة":0.037338581530932946,"المساحة_فدان":0.8091616141518939,"فرق_السعر":161832.32283037878,"GlobalID":"{1C99D721-3A17-4219-B70C-FB7836D7FD27}","SHAPE_Length":0.0023006814833823547,"SHAPE_Area":2.9233903438657385e-7},"geometry":{"type":"Polygon","coordinates":[[[32.88909,24.633606],[32.889576,24.632954],[32.888899,24.633273],[32.88909,24.633606]]]}},{"type":"Feature","properties":{"source_layer":"Agricultural_Changes","source_feature_count":1,"سعر_الأرض_2023":267362.87191429944,"سعر_الأرض_2014":89120.95730476647,"سعر_الايجار_زراعية_2023":null,"نوع_ملكية_الأرض":"ايجار","أنواع_المحاصيل_المزروعة":"فاكهة","اسم_المحور":"محور كلبشة","اسم_المحافظة":"محافظة أسوان","المساحة_كم2":0.003608135923269898,"نسبة_المساحة":0.041124666225382245,"المساحة_فدان":0.8912095730476648,"فرق_السعر":178241.91460953298,"GlobalID":"{3A94CD21-D878-4D6E-A0A6-0C4223F74125}","SHAPE_Length":0.0024929611045685644,"SHAPE_Area":3.2198512808488953e-7},"geometry":{"type":"Polygon","coordinates":[[[32.890726,24.634653],[32.891313,24.633923],[32.890523,24.634323],[32.890726,24.634653]]]}},{"type":"Feature","properties":{"source_layer":"Agricultural_Changes","source_feature_count":1,"سعر_الأرض_2023":275757.3752404674,"سعر_الأرض_2014":91919.12508015579,"سعر_الايجار_زراعية_2023":null,"نوع_ملكية_الأرض":"ايجار","أنواع_المحاصيل_المزروعة":"فاكهة","اسم_المحور":"محور كلبشة","اسم_المحافظة":"محافظة أسوان","المساحة_كم2":0.0037214220680225015,"نسبة_المساحة":0.04241587448083207,"المساحة_فدان":0.9191912508015578,"فرق_السعر":183838.25016031158,"GlobalID":"{2A76CFBF-A293-484D-B11F-F0D9904AEF14}","SHAPE_Length":0.0026105078183393427,"SHAPE_Area":3.3209313184823725e-7},"geometry":{"type":"Polygon","coordinates":[[[32.892339,24.633796],[32.891313,24.633923],[32.891487,24.634222],[32.892339,24.633796]]]}},{"type":"Feature","properties":{"source_layer":"Agricultural_Changes","source_feature_count":1,"سعر_الأرض_2023":289154.2153562539,"سعر_الأرض_2014":96384.73845208462,"سعر_الايجار_زراعية_2023":null,"نوع_ملكية_الأرض":"ايجار","أنواع_المحاصيل_المزروعة":"فاكهة","اسم_المحور":"محور كلبشة","اسم_المحافظة":"محافظة أسوان","المساحة_كم2":0.0039022161316633456,"نسبة_المساحة":0.04447652177374838,"المساحة_فدان":0.9638473845208463,"فرق_السعر":192769.47690416928,"GlobalID":"{3B4391ED-F315-41EF-A58E-942D95C001E4}","SHAPE_Length":0.002469833778588027,"SHAPE_Area":3.4822830282702235e-7},"geometry":{"type":"Polygon","coordinates":[[[32.889731,24.634723],[32.890221,24.633985],[32.889514,24.634345],[32.889731,24.634723]]]}},{"type":"Feature","properties":{"source_layer":"Agricultural_Changes","source_feature_count":1,"سعر_الأرض_2023":302944.33837660024,"سعر_الأرض_2014":100981.44612553342,"سعر_الايجار_زراعية_2023":null,"نوع_ملكية_الأرض":"ايجار","أنواع_المحاصيل_المزروعة":"فاكهة","اسم_المحور":"محور كلبشة","اسم_المحافظة":"محافظة أسوان","المساحة_كم2":0.0040883176569041875,"نسبة_المساحة":0.04659766223860877,"المساحة_فدان":1.0098144612553344,"فرق_السعر":201962.8922510668,"GlobalID":"{DCD79C51-E101-41E5-976E-A1B46034D817}","SHAPE_Length":0.002600514241143068,"SHAPE_Area":3.648367775517742e-7},"geometry":{"type":"Polygon","coordinates":[[[32.889943,24.635093],[32.890523,24.634323],[32.889731,24.634723],[32.889943,24.635093]]]}},{"type":"Feature","properties":{"source_layer":"Agricultural_Changes","source_feature_count":1,"سعر_الأرض_2023":303278.29694632185,"سعر_الأرض_2014":101092.76564877394,"سعر_الايجار_زراعية_2023":null,"نوع_ملكية_الأرض":"ايجار","أنواع_المحاصيل_المزروعة":"فاكهة","اسم_المحور":"محور كلبشة","اسم_المحافظة":"محافظة أسوان","المساحة_كم2":0.004092824520193277,"نسبة_المساحة":0.046649030383387316,"المساحة_فدان":1.0109276564877394,"فرق_السعر":202185.53129754792,"GlobalID":"{14C357DD-C710-4436-B767-83E5D1E14414}","SHAPE_Length":0.0026833267043933928,"SHAPE_Area":3.6523319538266756e-7},"geometry":{"type":"Polygon","coordinates":[[[32.889576,24.632954],[32.890655,24.632867],[32.890445,24.632543],[32.889576,24.632954]]]}},{"type":"Feature","properties":{"source_layer":"Agricultural_Changes","source_feature_count":1,"سعر_الأرض_2023":328522.82458034303,"سعر_الأرض_2014":109507.60819344767,"سعر_الايجار_زراعية_2023":null,"نوع_ملكية_الأرض":"ايجار","أنواع_المحاصيل_المزروعة":"فاكهة","اسم_المحور":"محور كلبشة","اسم_المحافظة":"محافظة أسوان","المساحة_كم2":0.004433506404593023,"نسبة_المساحة":0.050532040636581094,"المساحة_فدان":1.0950760819344767,"فرق_السعر":219015.21638689536,"GlobalID":"{44D51DC0-B99A-4A63-AB1C-2048F8CC3C59}","SHAPE_Length":0.002728083408080149,"SHAPE_Area":3.9563740675003807e-7},"geometry":{"type":"Polygon","coordinates":[[[32.889298,24.633968],[32.889933,24.633208],[32.88909,24.633606],[32.889298,24.633968]]]}},{"type":"Feature","properties":{"source_layer":"Agricultural_Changes","source_feature_count":1,"سعر_الأرض_2023":329697.33363666455,"سعر_الأرض_2014":109899.11121222151,"سعر_الايجار_زراعية_2023":null,"نوع_ملكية_الأرض":"ايجار","أنواع_المحاصيل_المزروعة":"فاكهة","اسم_المحور":"محور كلبشة","اسم_المحافظة":"محافظة أسوان","المساحة_كم2":0.004449356729239738,"نسبة_المساحة":0.05071269882810215,"المساحة_فدان":1.0989911121222151,"فرق_السعر":219798.22242444305,"GlobalID":"{87E19781-6CFD-46ED-99EC-791B2412549F}","SHAPE_Length":0.0027479870180298262,"SHAPE_Area":3.970529952599368e-7},"geometry":{"type":"Polygon","coordinates":[[[32.889514,24.634345],[32.890161,24.63357],[32.889298,24.633968],[32.889514,24.634345]]]}},{"type":"Feature","properties":{"source_layer":"Agricultural_Changes","source_feature_count":1,"سعر_الأرض_2023":337893.96821173397,"سعر_الأرض_2014":112631.32273724466,"سعر_الايجار_زراعية_2023":null,"نوع_ملكية_الأرض":"ايجار","أنواع_المحاصيل_المزروعة":"فاكهة","اسم_المحور":"محور كلبشة","اسم_المحافظة":"محافظة أسوان","المساحة_كم2":0.004559972580455249,"نسبة_المساحة":0.05197347171948254,"المساحة_فدان":1.1263132273724465,"فرق_السعر":225262.6454744893,"GlobalID":"{316AD63E-C7B6-4B98-96C4-93CC022A92F7}","SHAPE_Length":0.002895185364726758,"SHAPE_Area":4.0691886961085106e-7},"geometry":{"type":"Polygon","coordinates":[[[32.890655,24.632867],[32.89142,24.632082],[32.890445,24.632543],[32.890655,24.632867]]]}},{"type":"Feature","properties":{"source_layer":"Agricultural_Changes","source_feature_count":1,"سعر_الأرض_2023":355253.04515976284,"سعر_الأرض_2014":118417.68171992095,"سعر_الايجار_زراعية_2023":null,"نوع_ملكية_الأرض":"ايجار","أنواع_المحاصيل_المزروعة":"فاكهة","اسم_المحور":"محور كلبشة","اسم_المحافظة":"محافظة أسوان","المساحة_كم2":0.004794238126312589,"نسبة_المساحة":0.054643574117609256,"المساحة_فدان":1.1841768171992093,"فرق_السعر":236835.3634398419,"GlobalID":"{FA55E483-89B7-4F2E-B9DB-656EF6442339}","SHAPE_Length":0.002828758120807044,"SHAPE_Area":4.2782889103322544e-7},"geometry":{"type":"Polygon","coordinates":[[[32.890221,24.633985],[32.891313,24.633923],[32.891092,24.633542],[32.890221,24.633985]]]}},{"type":"Feature","properties":{"source_layer":"Agricultural_Changes","source_feature_count":1,"سعر_الأرض_2023":356371.1630191743,"سعر_الأرض_2014":118790.3876730581,"سعر_الايجار_زراعية_2023":null,"نوع_ملكية_الأرض":"ايجار","أنواع_المحاصيل_المزروعة":"فاكهة","اسم_المحور":"محور كلبشة","اسم_المحافظة":"محافظة أسوان","المساحة_كم2":0.0048093274361561975,"نسبة_المساحة":0.05481555844527488,"المساحة_فدان":1.1879038767305805,"فرق_السعر":237580.77534611622,"GlobalID":"{C21B14B4-59CA-4D40-9EB3-486BE27DEE93}","SHAPE_Length":0.0028277360104933835,"SHAPE_Area":4.291745519715753e-7},"geometry":{"type":"Polygon","coordinates":[[[32.891313,24.633923],[32.891965,24.633098],[32.891092,24.633542],[32.891313,24.633923]]]}},{"type":"Feature","properties":{"source_layer":"Agricultural_Changes","source_feature_count":1,"سعر_الأرض_2023":378517.95989198453,"سعر_الأرض_2014":126172.65329732819,"سعر_الايجار_زراعية_2023":null,"نوع_ملكية_الأرض":"ايجار","أنواع_المحاصيل_المزروعة":"فاكهة","اسم_المحور":"محور كلبشة","اسم_المحافظة":"محافظة أسوان","المساحة_كم2":0.005108204586936364,"نسبة_المساحة":0.058222088390268906,"المساحة_فدان":1.2617265329732819,"فرق_السعر":252345.30659465634,"GlobalID":"{34C3CAF8-F859-49A9-8CC6-5D937DABBBB1}","SHAPE_Length":0.003194526752199726,"SHAPE_Area":4.558465550674921e-7},"geometry":{"type":"Polygon","coordinates":[[[32.890373,24.633907],[32.891276,24.633055],[32.890161,24.63357],[32.890373,24.633907]]]}},{"type":"Feature","properties":{"source_layer":"Agricultural_Changes","source_feature_count":1,"سعر_الأرض_2023":139887.62003262248,"سعر_الأرض_2014":46629.20667754083,"سعر_الايجار_زراعية_2023":null,"نوع_ملكية_الأرض":"ايجار","أنواع_المحاصيل_المزروعة":"فاكهة","اسم_المحور":"محور كلبشة","اسم_المحافظة":"محافظة أسوان","المساحة_كم2":0.0018878221326939608,"نسبة_المساحة":0.02151694302845725,"المساحة_فدان":0.4662920667754083,"فرق_السعر":93258.41335508165,"GlobalID":"{CD459477-DD19-43C9-B64B-F1248598D292}","SHAPE_Length":0.0016623067712552703,"SHAPE_Area":1.684595391244205e-7},"geometry":{"type":"Polygon","coordinates":[[[32.894606,24.629316],[32.894938,24.628819],[32.894512,24.628971],[32.894606,24.629316]]]}},{"type":"Feature","properties":{"source_layer":"Agricultural_Changes","source_feature_count":1,"سعر_الأرض_2023":157341.5765071268,"سعر_الأرض_2014":52447.19216904227,"سعر_الايجار_زراعية_2023":null,"نوع_ملكية_الأرض":"ايجار","أنواع_المحاصيل_المزروعة":"فاكهة","اسم_المحور":"محور كلبشة","اسم_المحافظة":"محافظة أسوان","المساحة_كم2":0.0021233681040098086,"نسبة_المساحة":0.024201639408276285,"المساحة_فدان":0.5244719216904227,"فرق_السعر":104894.38433808452,"GlobalID":"{BA3FBE6B-EAB8-4B11-8863-97705D25F5B3}","SHAPE_Length":0.001807636625166093,"SHAPE_Area":1.8947574044392878e-7},"geometry":{"type":"Polygon","coordinates":[[[32.894308,24.627352],[32.894721,24.626855],[32.89419,24.627044],[32.894308,24.627352]]]}},{"type":"Feature","properties":{"source_layer":"Agricultural_Changes","source_feature_count":1,"سعر_الأرض_2023":158689.51338205737,"سعر_الأرض_2014":52896.50446068579,"سعر_الايجار_زراعية_2023":null,"نوع_ملكية_الأرض":"ايجار","أنواع_المحاصيل_المزروعة":"فاكهة","اسم_المحور":"محور كلبشة","اسم_المحافظة":"محافظة أسوان","المساحة_كم2":0.0021415588850480075,"نسبة_المساحة":0.02440897355934036,"المساحة_فدان":0.5289650446068579,"فرق_السعر":105793.00892137157,"GlobalID":"{9FD1940E-6342-4683-813F-730140D244B9}","SHAPE_Length":0.0017997131598041483,"SHAPE_Area":1.910982162131328e-7},"geometry":{"type":"Polygon","coordinates":[[[32.89419,24.627044],[32.89458,24.626535],[32.894068,24.626727],[32.89419,24.627044]]]}},{"type":"Feature","properties":{"source_layer":"Agricultural_Changes","source_feature_count":1,"سعر_الأرض_2023":159359.87230965594,"سعر_الأرض_2014":53119.95743655198,"سعر_الايجار_زراعية_2023":null,"نوع_ملكية_الأرض":"ايجار","أنواع_المحاصيل_المزروعة":"فاكهة","اسم_المحور":"محور كلبشة","اسم_المحافظة":"محافظة أسوان","المساحة_كم2":0.002150605564232874,"نسبة_المساحة":0.02451208543479004,"المساحة_فدان":0.5311995743655198,"فرق_السعر":106239.91487310396,"GlobalID":"{42CAB862-785C-48C0-8236-412A6E8F87CD}","SHAPE_Length":0.0017880615741192553,"SHAPE_Area":1.9190912127470175e-7},"geometry":{"type":"Polygon","coordinates":[[[32.894132,24.629492],[32.894512,24.628971],[32.893984,24.629158],[32.894132,24.629492]]]}},{"type":"Feature","properties":{"source_layer":"Agricultural_Changes","source_feature_count":1,"سعر_الأرض_2023":159580.683176637,"سعر_الأرض_2014":53193.56105887899,"سعر_الايجار_زراعية_2023":null,"نوع_ملكية_الأرض":"ايجار","أنواع_المحاصيل_المزروعة":"فاكهة","اسم_المحور":"محور كلبشة","اسم_المحافظة":"محافظة أسوان","المساحة_كم2":0.002153585467970809,"نسبة_المساحة":0.02454604966152995,"المساحة_فدان":0.5319356105887898,"فرق_السعر":106387.122117758,"GlobalID":"{CD3366FA-56A4-49A3-AF8A-0CF279DF28C1}","SHAPE_Length":0.0018158576982225299,"SHAPE_Area":1.9217455407157694e-7},"geometry":{"type":"Polygon","coordinates":[[[32.896206,24.62872],[32.895561,24.628598],[32.895673,24.628919],[32.896206,24.62872]]]}},{"type":"Feature","properties":{"source_layer":"Agricultural_Changes","source_feature_count":1,"سعر_الأرض_2023":167752.6744900585,"سعر_الأرض_2014":55917.558163352835,"سعر_الايجار_زراعية_2023":null,"نوع_ملكية_الأرض":"ايجار","أنواع_المحاصيل_المزروعة":"فاكهة","اسم_المحور":"محور كلبشة","اسم_المحافظة":"محافظة أسوان","المساحة_كم2":0.0022638687515527463,"نسبة_المساحة":0.025803032026938223,"المساحة_فدان":0.5591755816335283,"فرق_السعر":111835.11632670567,"GlobalID":"{74CCE586-75C6-4C11-8864-7A37AC048911}","SHAPE_Length":0.0018651292694316153,"SHAPE_Area":2.02013536919163e-7},"geometry":{"type":"Polygon","coordinates":[[[32.894308,24.627352],[32.894996,24.627477],[32.894856,24.62716],[32.894308,24.627352]]]}},{"type":"Feature","properties":{"source_layer":"Agricultural_Changes","source_feature_count":1,"سعر_الأرض_2023":185772.05907141132,"سعر_الأرض_2014":61924.01969047044,"سعر_الايجار_زراعية_2023":null,"نوع_ملكية_الأرض":"ايجار","أنواع_المحاصيل_المزروعة":"فاكهة","اسم_المحور":"محور كلبشة","اسم_المحافظة":"محافظة أسوان","المساحة_كم2":0.0025070453315979933,"نسبة_المساحة":0.028574700251434507,"المساحة_فدان":0.6192401969047043,"فرق_السعر":123848.03938094087,"GlobalID":"{D0A25238-5266-4504-AF63-5F49C0879B43}","SHAPE_Length":0.0019877117983025127,"SHAPE_Area":2.2371556634737862e-7},"geometry":{"type":"Polygon","coordinates":[[[32.895077,24.629141],[32.895561,24.628598],[32.894938,24.628819],[32.895077,24.629141]]]}},{"type":"Feature","properties":{"source_layer":"Agricultural_Changes","source_feature_count":1,"سعر_الأرض_2023":211131.55509193355,"سعر_الأرض_2014":70377.18503064451,"سعر_الايجار_زراعية_2023":null,"نوع_ملكية_الأرض":"ايجار","أنواع_المحاصيل_المزروعة":"فاكهة","اسم_المحور":"محور كلبشة","اسم_المحافظة":"محافظة أسوان","المساحة_كم2":0.00284927874617994,"نسبة_المساحة":0.03247539447281532,"المساحة_فدان":0.7037718503064452,"فرق_السعر":140754.37006128905,"GlobalID":"{94900BE4-6CB1-4D7D-B50C-1840C7E4F4D2}","SHAPE_Length":0.0021891166191562827,"SHAPE_Area":2.542507990162546e-7},"geometry":{"type":"Polygon","coordinates":[[[32.894856,24.62716],[32.895438,24.626599],[32.894721,24.626855],[32.894856,24.62716]]]}},{"type":"Feature","properties":{"source_layer":"Agricultural_Changes","source_feature_count":1,"سعر_الأرض_2023":218296.7889042799,"سعر_الأرض_2014":72765.59630142665,"سعر_الايجار_زراعية_2023":null,"نوع_ملكية_الأرض":"ايجار","أنواع_المحاصيل_المزروعة":"فاكهة","اسم_المحور":"محور كلبشة","اسم_المحافظة":"محافظة أسوان","المساحة_كم2":0.0029459755587622123,"نسبة_المساحة":0.03357752150657197,"المساحة_فدان":0.7276559630142664,"فرق_السعر":145531.19260285326,"GlobalID":"{1263BE49-4612-4C46-97BD-0B386806582E}","SHAPE_Length":0.002206940564308263,"SHAPE_Area":2.6288000278917074e-7},"geometry":{"type":"Polygon","coordinates":[[[32.894856,24.62716],[32.895707,24.627235],[32.895569,24.62691],[32.894856,24.62716]]]}},{"type":"Feature","properties":{"source_layer":"Agricultural_Changes","source_feature_count":1,"سعر_الأرض_2023":224725.52568308346,"سعر_الأرض_2014":74908.50856102782,"سعر_الايجار_زراعية_2023":null,"نوع_ملكية_الأرض":"ايجار","أنواع_المحاصيل_المزروعة":"فاكهة","اسم_المحور":"محور كلبشة","اسم_المحافظة":"محافظة أسوان","المساحة_كم2":0.003032733140122584,"نسبة_المساحة":0.03456636357123934,"المساحة_فدان":0.7490850856102782,"فرق_السعر":149817.01712205564,"GlobalID":"{CF2D282F-61F4-46DD-9E83-A0B9ED541C57}","SHAPE_Length":0.002237103950001873,"SHAPE_Area":2.706202116862641e-7},"geometry":{"type":"Polygon","coordinates":[[[32.894721,24.626855],[32.895297,24.626266],[32.89458,24.626535],[32.894721,24.626855]]]}},{"type":"Feature","properties":{"source_layer":"Agricultural_Changes","source_feature_count":1,"سعر_الأرض_2023":226474.13315737527,"سعر_الأرض_2014":75491.37771912508,"سعر_الايجار_زراعية_2023":null,"نوع_ملكية_الأرض":"ايجار","أنواع_المحاصيل_المزروعة":"فاكهة","اسم_المحور":"محور كلبشة","اسم_المحافظة":"محافظة أسوان","المساحة_كم2":0.0030563310817459557,"نسبة_المساحة":0.03483532723932304,"المساحة_فدان":0.754913777191251,"فرق_السعر":150982.7554382502,"GlobalID":"{00C8514F-D961-414F-BD40-F744448186E4}","SHAPE_Length":0.002119748798898091,"SHAPE_Area":2.727306585188739e-7},"geometry":{"type":"Polygon","coordinates":[[[32.893984,24.629158],[32.894143,24.628448],[32.893735,24.628585],[32.893984,24.629158]]]}},{"type":"Feature","properties":{"source_layer":"Agricultural_Changes","source_feature_count":1,"سعر_الأرض_2023":240517.45457201297,"سعر_الأرض_2014":80172.48485733765,"سعر_الايجار_زراعية_2023":null,"نوع_ملكية_الأرض":"ايجار","أنواع_المحاصيل_المزروعة":"فاكهة","اسم_المحور":"محور كلبشة","اسم_المحافظة":"محافظة أسوان","المساحة_كم2":0.0032458495893658975,"نسبة_المساحة":0.036995413648246184,"المساحة_فدان":0.8017248485733766,"فرق_السعر":160344.96971467533,"GlobalID":"{4299CB17-AD12-421F-99AD-F41B4EAE1747}","SHAPE_Length":0.0024076940407882497,"SHAPE_Area":2.896382357003146e-7},"geometry":{"type":"Polygon","coordinates":[[[32.893352,24.627344],[32.894068,24.626727],[32.893272,24.627025],[32.893352,24.627344]]]}},{"type":"Feature","properties":{"source_layer":"Agricultural_Changes","source_feature_count":1,"سعر_الأرض_2023":246899.10378231716,"سعر_الأرض_2014":82299.70126077239,"سعر_الايجار_زراعية_2023":null,"نوع_ملكية_الأرض":"ايجار","أنواع_المحاصيل_المزروعة":"فاكهة","اسم_المحور":"محور كلبشة","اسم_المحافظة":"محافظة أسوان","المساحة_كم2":0.0033319717109624447,"نسبة_المساحة":0.03797701289522524,"المساحة_فدان":0.8229970126077238,"فرق_السعر":164599.40252154478,"GlobalID":"{ECE26BB6-C667-44B0-BABE-3F7E045DAA66}","SHAPE_Length":0.0024746970002939694,"SHAPE_Area":2.9732366662581073e-7},"geometry":{"type":"Polygon","coordinates":[[[32.893431,24.627659],[32.89419,24.627044],[32.893352,24.627344],[32.893431,24.627659]]]}},{"type":"Feature","properties":{"source_layer":"Agricultural_Changes","source_feature_count":1,"سعر_الأرض_2023":265526.2938167938,"سعر_الأرض_2014":88508.76460559794,"سعر_الايجار_زراعية_2023":null,"نوع_ملكية_الأرض":"ايجار","أنواع_المحاصيل_المزروعة":"فاكهة","اسم_المحور":"محور كلبشة","اسم_المحافظة":"محافظة أسوان","المساحة_كم2":0.003583350793748905,"نسبة_المساحة":0.0408421712749204,"المساحة_فدان":0.8850876460559794,"فرق_السعر":177017.52921119588,"GlobalID":"{E67A0468-A675-4A83-9FE8-DB58E226311B}","SHAPE_Length":0.002574504310573717,"SHAPE_Area":3.197571268352064e-7},"geometry":{"type":"Polygon","coordinates":[[[32.893512,24.627983],[32.894308,24.627352],[32.893431,24.627659],[32.893512,24.627983]]]}},{"type":"Feature","properties":{"source_layer":"Agricultural_Changes","source_feature_count":1,"سعر_الأرض_2023":282038.58897962794,"سعر_الأرض_2014":94012.86299320932,"سعر_الايجار_زراعية_2023":null,"نوع_ملكية_الأرض":"ايجار","أنواع_المحاصيل_المزروعة":"فاكهة","اسم_المحور":"محور كلبشة","اسم_المحافظة":"محافظة أسوان","المساحة_كم2":0.0038061887851501748,"نسبة_المساحة":0.04338202515337594,"المساحة_فدان":0.9401286299320931,"فرق_السعر":188025.7259864186,"GlobalID":"{8B0B7C73-8CCE-447C-923D-03112B77C3CC}","SHAPE_Length":0.002331300130069338,"SHAPE_Area":3.3964275228374743e-7},"geometry":{"type":"Polygon","coordinates":[[[32.895561,24.628598],[32.895919,24.627854],[32.895365,24.628039],[32.895561,24.628598]]]}},{"type":"Feature","properties":{"source_layer":"Agricultural_Changes","source_feature_count":1,"سعر_الأرض_2023":300370.0096796456,"سعر_الأرض_2014":100123.33655988186,"سعر_الايجار_زراعية_2023":null,"نوع_ملكية_الأرض":"ايجار","أنواع_المحاصيل_المزروعة":"فاكهة","اسم_المحور":"محور كلبشة","اسم_المحافظة":"محافظة أسوان","المساحة_كم2":0.004053576378942585,"نسبة_المساحة":0.04620168950066398,"المساحة_فدان":1.0012333655988186,"فرق_السعر":200246.67311976373,"GlobalID":"{04D56F0E-02A5-43F5-92DF-5752F73860D8}","SHAPE_Length":0.00241359817495053,"SHAPE_Area":3.617171591126005e-7},"geometry":{"type":"Polygon","coordinates":[[[32.894279,24.628403],[32.89463,24.627602],[32.894085,24.627788],[32.894279,24.628403]]]}},{"type":"Feature","properties":{"source_layer":"Agricultural_Changes","source_feature_count":1,"سعر_الأرض_2023":310353.5131079286,"سعر_الأرض_2014":103451.17103597621,"سعر_الايجار_زراعية_2023":null,"نوع_ملكية_الأرض":"ايجار","أنواع_المحاصيل_المزروعة":"فاكهة","اسم_المحور":"محور كلبشة","اسم_المحافظة":"محافظة أسوان","المساحة_كم2":0.004188306519675151,"نسبة_المساحة":0.047737311269342865,"المساحة_فدان":1.0345117103597623,"فرق_السعر":206902.34207195241,"GlobalID":"{5C4CF014-D253-4D8F-A4A9-28A7838EB8DF}","SHAPE_Length":0.002451434446928871,"SHAPE_Area":3.7373927565549225e-7},"geometry":{"type":"Polygon","coordinates":[[[32.894794,24.62823],[32.89515,24.627425],[32.89463,24.627602],[32.894794,24.62823]]]}},{"type":"Feature","properties":{"source_layer":"Agricultural_Changes","source_feature_count":1,"سعر_الأرض_2023":316285.62686764036,"سعر_الأرض_2014":105428.54228921345,"سعر_الايجار_زراعية_2023":null,"نوع_ملكية_الأرض":"ايجار","أنواع_المحاصيل_المزروعة":"فاكهة","اسم_المحور":"محور كلبشة","اسم_المحافظة":"محافظة أسوان","المساحة_كم2":0.004268362036000544,"نسبة_المساحة":0.048649764807234756,"المساحة_فدان":1.0542854228921343,"فرق_السعر":210857.0845784269,"GlobalID":"{3A4EECF6-020D-4F5C-86B0-A574F4904038}","SHAPE_Length":0.0024644199226336516,"SHAPE_Area":3.808844228034137e-7},"geometry":{"type":"Polygon","coordinates":[[[32.893735,24.628585],[32.894085,24.627788],[32.893512,24.627983],[32.893735,24.628585]]]}},{"type":"Feature","properties":{"source_layer":"Agricultural_Changes","source_feature_count":1,"سعر_الأرض_2023":319175.26007012423,"سعر_الأرض_2014":106391.75335670807,"سعر_الايجار_زراعية_2023":null,"نوع_ملكية_الأرض":"ايجار","أنواع_المحاصيل_المزروعة":"فاكهة","اسم_المحور":"محور كلبشة","اسم_المحافظة":"محافظة أسوان","المساحة_كم2":0.004307358435494255,"نسبة_المساحة":0.049094236397905076,"المساحة_فدان":1.063917533567081,"فرق_السعر":212783.50671341617,"GlobalID":"{D6D72D22-C880-4B4A-B57E-6D19A6CB76CA}","SHAPE_Length":0.0024771350332906,"SHAPE_Area":3.8436252954817156e-7},"geometry":{"type":"Polygon","coordinates":[[[32.895365,24.628039],[32.895707,24.627235],[32.89515,24.627425],[32.895365,24.628039]]]}},{"type":"Feature","properties":{"source_layer":"Agricultural_Changes","source_feature_count":1,"سعر_الأرض_2023":292811.11712405627,"سعر_الأرض_2014":97603.70570801875,"سعر_الايجار_زراعية_2023":null,"نوع_ملكية_الأرض":"ايجار","أنواع_المحاصيل_المزروعة":"فاكهة","اسم_المحور":"محور كلبشة","اسم_المحافظة":"محافظة أسوان","المساحة_كم2":0.00395156703271331,"نسبة_المساحة":0.04503901148499029,"المساحة_فدان":0.9760370570801875,"فرق_السعر":195207.41141603753,"GlobalID":"{1A905747-4C9E-4607-AFDE-3B637C480F9F}","SHAPE_Length":0.002380849405653013,"SHAPE_Area":3.526169307200776e-7},"geometry":{"type":"Polygon","coordinates":[[[32.894404,24.629009],[32.894702,24.628261],[32.894143,24.628448],[32.894404,24.629009]]]}},{"type":"Feature","properties":{"source_layer":"Agricultural_Changes","source_feature_count":1,"سعر_الأرض_2023":177403.90510755172,"سعر_الأرض_2014":59134.635035850566,"سعر_الايجار_زراعية_2023":null,"نوع_ملكية_الأرض":"ايجار","أنواع_المحاصيل_المزروعة":"فاكهة","اسم_المحور":"محور كلبشة","اسم_المحافظة":"محافظة أسوان","المساحة_كم2":0.0023941147787793753,"نسبة_المساحة":0.027287544947400197,"المساحة_فدان":0.5913463503585057,"فرق_السعر":118269.27007170115,"GlobalID":"{92739720-F493-4D97-9F0C-78ACE3CA261E}","SHAPE_Length":0.002047390307189516,"SHAPE_Area":2.1364449763967325e-7},"geometry":{"type":"Polygon","coordinates":[[[32.894611,24.632439],[32.894093,24.633],[32.89475,24.632705],[32.894611,24.632439]]]}},{"type":"Feature","properties":{"source_layer":"Agricultural_Changes","source_feature_count":1,"سعر_الأرض_2023":151293.68416487752,"سعر_الأرض_2014":50431.228054959174,"سعر_الايجار_زراعية_2023":null,"نوع_ملكية_الأرض":"ايجار","أنواع_المحاصيل_المزروعة":"فاكهة","اسم_المحور":"محور كلبشة","اسم_المحافظة":"محافظة أسوان","المساحة_كم2":0.002041750123682558,"نسبة_المساحة":0.023271377281148288,"المساحة_فدان":0.5043122805495918,"فرق_السعر":100862.45610991833,"GlobalID":"{2BFAFA45-7E8D-4C29-9983-2CE3FDB7EC99}","SHAPE_Length":0.0018566467332781387,"SHAPE_Area":1.8220189992955202e-7},"geometry":{"type":"Polygon","coordinates":[[[32.892339,24.633796],[32.892801,24.633274],[32.892201,24.633538],[32.892339,24.633796]]]}},{"type":"Feature","properties":{"source_layer":"Agricultural_Changes","source_feature_count":1,"سعر_الأرض_2023":135930.98176052555,"سعر_الأرض_2014":45310.32725350852,"سعر_الايجار_زراعية_2023":null,"نوع_ملكية_الأرض":"ايجار","أنواع_المحاصيل_المزروعة":"فاكهة","اسم_المحور":"محور كلبشة","اسم_المحافظة":"محافظة أسوان","المساحة_كم2":0.0018344262045954867,"نسبة_المساحة":0.02090834907092856,"المساحة_فدان":0.4531032725350852,"فرق_السعر":90620.65450701703,"GlobalID":"{32AD5055-DFE2-414D-A546-E12C7A002034}","SHAPE_Length":0.0017318575434861574,"SHAPE_Area":1.6370010773646374e-7},"geometry":{"type":"Polygon","coordinates":[[[32.892908,24.633533],[32.893333,24.633039],[32.892801,24.633274],[32.892908,24.633533]]]}},{"type":"Feature","properties":{"source_layer":"Agricultural_Changes","source_feature_count":1,"سعر_الأرض_2023":203418.60770520376,"سعر_الأرض_2014":67806.20256840125,"سعر_الايجار_زراعية_2023":null,"نوع_ملكية_الأرض":"ايجار","أنواع_المحاصيل_المزروعة":"فاكهة","اسم_المحور":"محور كلبشة","اسم_المحافظة":"محافظة أسوان","المساحة_كم2":0.0027451903873846662,"نسبة_المساحة":0.031289020371497056,"المساحة_فدان":0.6780620256840125,"فرق_السعر":135612.40513680252,"GlobalID":"{5195650A-790A-4FB6-B91A-04488128C87C}","SHAPE_Length":0.0021633795432407237,"SHAPE_Area":2.449735511877549e-7},"geometry":{"type":"Polygon","coordinates":[[[32.893943,24.632755],[32.894462,24.632156],[32.89376,24.632477],[32.893943,24.632755]]]}},{"type":"Feature","properties":{"source_layer":"Agricultural_Changes","source_feature_count":1,"سعر_الأرض_2023":164361.29737961653,"سعر_الأرض_2014":54787.099126538844,"سعر_الايجار_زراعية_2023":null,"نوع_ملكية_الأرض":"ايجار","أنواع_المحاصيل_المزروعة":"فاكهة","اسم_المحور":"محور كلبشة","اسم_المحافظة":"محافظة أسوان","المساحة_كم2":0.002218101179212099,"نسبة_المساحة":0.02528138423525818,"المساحة_فدان":0.5478709912653884,"فرق_السعر":109574.19825307769,"GlobalID":"{77E6055F-E108-4CC2-B5D0-2A4279E88446}","SHAPE_Length":0.0018777706425557972,"SHAPE_Area":1.979346159123555e-7},"geometry":{"type":"Polygon","coordinates":[[[32.891487,24.630877],[32.891903,24.630349],[32.891342,24.630591],[32.891487,24.630877]]]}},{"type":"Feature","properties":{"source_layer":"Agricultural_Changes","source_feature_count":1,"سعر_الأرض_2023":168789.00221201417,"سعر_الأرض_2014":56263.00073733805,"سعر_الايجار_زراعية_2023":null,"نوع_ملكية_الأرض":"ايجار","أنواع_المحاصيل_المزروعة":"فاكهة","اسم_المحور":"محور كلبشة","اسم_المحافظة":"محافظة أسوان","المساحة_كم2":0.002277854280863889,"نسبة_المساحة":0.025962435729331122,"المساحة_فدان":0.5626300073733805,"فرق_السعر":112526.00147467612,"GlobalID":"{317B98BF-842C-49EE-8CD0-5F9C1F3D9CE3}","SHAPE_Length":0.0019143845400132566,"SHAPE_Area":2.0326688224640547e-7},"geometry":{"type":"Polygon","coordinates":[[[32.890907,24.631125],[32.891342,24.630591],[32.890752,24.630845],[32.890907,24.631125]]]}},{"type":"Feature","properties":{"source_layer":"Agricultural_Changes","source_feature_count":1,"سعر_الأرض_2023":171591.4258851344,"سعر_الأرض_2014":57197.14196171147,"سعر_الايجار_زراعية_2023":null,"نوع_ملكية_الأرض":"ايجار","أنواع_المحاصيل_المزروعة":"فاكهة","اسم_المحور":"محور كلبشة","اسم_المحافظة":"محافظة أسوان","المساحة_كم2":0.0023156737636320437,"نسبة_المساحة":0.02639349310597436,"المساحة_فدان":0.5719714196171147,"فرق_السعر":114394.28392342293,"GlobalID":"{F79B84CF-7061-45CF-BC8E-4718B35E2536}","SHAPE_Length":0.0019594127700233335,"SHAPE_Area":2.0664465411574025e-7},"geometry":{"type":"Polygon","coordinates":[[[32.891891,24.632961],[32.892363,24.632419],[32.891746,24.63269],[32.891891,24.632961]]]}},{"type":"Feature","properties":{"source_layer":"Agricultural_Changes","source_feature_count":1,"سعر_الأرض_2023":182382.7532961029,"سعر_الأرض_2014":60794.25109870097,"سعر_الايجار_زراعية_2023":null,"نوع_ملكية_الأرض":"ايجار","أنواع_المحاصيل_المزروعة":"فاكهة","اسم_المحور":"محور كلبشة","اسم_المحافظة":"محافظة أسوان","المساحة_كم2":0.002461305712498015,"نسبة_المساحة":0.0280533710640745,"المساحة_فدان":0.6079425109870097,"فرق_السعر":121588.50219740192,"GlobalID":"{28CC27CB-B15F-465B-9B71-ED4CA714E02D}","SHAPE_Length":0.0019918002208256054,"SHAPE_Area":2.1964124145893852e-7},"geometry":{"type":"Polygon","coordinates":[[[32.892051,24.633259],[32.892504,24.632695],[32.891891,24.632961],[32.892051,24.633259]]]}},{"type":"Feature","properties":{"source_layer":"Agricultural_Changes","source_feature_count":1,"سعر_الأرض_2023":189211.607908178,"سعر_الأرض_2014":63070.53596939267,"سعر_الايجار_زراعية_2023":null,"نوع_ملكية_الأرض":"ايجار","أنواع_المحاصيل_المزروعة":"فاكهة","اسم_المحور":"محور كلبشة","اسم_المحافظة":"محافظة أسوان","المساحة_كم2":0.002553462994712254,"نسبة_المساحة":0.029103757621536636,"المساحة_فدان":0.6307053596939267,"فرق_السعر":126141.07193878533,"GlobalID":"{D78FA5FC-D2E4-4DE4-A2D0-09DFEEB0463F}","SHAPE_Length":0.0020061771109647552,"SHAPE_Area":2.2786062575868788e-7},"geometry":{"type":"Polygon","coordinates":[[[32.890752,24.630845],[32.891189,24.630289],[32.890574,24.630526],[32.890752,24.630845]]]}},{"type":"Feature","properties":{"source_layer":"Agricultural_Changes","source_feature_count":1,"سعر_الأرض_2023":190424.98526704658,"سعر_الأرض_2014":63474.99508901553,"سعر_الايجار_زراعية_2023":null,"نوع_ملكية_الأرض":"ايجار","أنواع_المحاصيل_المزروعة":"فاكهة","اسم_المحور":"محور كلبشة","اسم_المحافظة":"محافظة أسوان","المساحة_كم2":0.0025698378578548806,"نسبة_المساحة":0.029290394376788514,"المساحة_فدان":0.6347499508901554,"فرق_السعر":126949.99017803105,"GlobalID":"{13962A75-07D7-40A5-A510-FDAE831B8093}","SHAPE_Length":0.0020662187749864304,"SHAPE_Area":2.293214330961381e-7},"geometry":{"type":"Polygon","coordinates":[[[32.891342,24.630591],[32.891853,24.630033],[32.891189,24.630289],[32.891342,24.630591]]]}},{"type":"Feature","properties":{"source_layer":"Agricultural_Changes","source_feature_count":1,"سعر_الأرض_2023":190736.06351357378,"سعر_الأرض_2014":63578.68783785793,"سعر_الايجار_زراعية_2023":null,"نوع_ملكية_الأرض":"ايجار","أنواع_المحاصيل_المزروعة":"فاكهة","اسم_المحور":"محور كلبشة","اسم_المحافظة":"محافظة أسوان","المساحة_كم2":0.0025740359448525475,"نسبة_المساحة":0.029338243163595776,"المساحة_فدان":0.6357868783785792,"فرق_السعر":127157.37567571586,"GlobalID":"{7D7BF9E4-5143-4B28-8D26-65D5D694C2B3}","SHAPE_Length":0.002040902915034374,"SHAPE_Area":2.296992451448967e-7},"geometry":{"type":"Polygon","coordinates":[[[32.891582,24.632384],[32.892053,24.631814],[32.89142,24.632082],[32.891582,24.632384]]]}},{"type":"Feature","properties":{"source_layer":"Agricultural_Changes","source_feature_count":1,"سعر_الأرض_2023":191269.03586116797,"سعر_الأرض_2014":63756.34528705599,"سعر_الايجار_زراعية_2023":null,"نوع_ملكية_الأرض":"ايجار","أنواع_المحاصيل_المزروعة":"فاكهة","اسم_المحور":"محور كلبشة","اسم_المحافظة":"محافظة أسوان","المساحة_كم2":0.0025812285541318217,"نسبة_المساحة":0.029420222795790915,"المساحة_فدان":0.6375634528705599,"فرق_السعر":127512.69057411197,"GlobalID":"{624AE559-9C19-407F-B6C7-F8157AD667A8}","SHAPE_Length":0.0020713935677309212,"SHAPE_Area":2.3033777323809604e-7},"geometry":{"type":"Polygon","coordinates":[[[32.892715,24.630352],[32.893215,24.629784],[32.892562,24.630066],[32.892715,24.630352]]]}},{"type":"Feature","properties":{"source_layer":"Agricultural_Changes","source_feature_count":1,"سعر_الأرض_2023":191514.56807268198,"سعر_الأرض_2014":63838.18935756066,"سعر_الايجار_زراعية_2023":null,"نوع_ملكية_الأرض":"ايجار","أنواع_المحاصيل_المزروعة":"فاكهة","اسم_المحور":"محور كلبشة","اسم_المحافظة":"محافظة أسوان","المساحة_كم2":0.0025845420792534684,"نسبة_المساحة":0.0294579895588938,"المساحة_فدان":0.6383818935756066,"فرق_السعر":127676.37871512133,"GlobalID":"{9E8BBA46-4EB0-4538-BD96-F2497271FC72}","SHAPE_Length":0.002078157308849827,"SHAPE_Area":2.3063341600666697e-7},"geometry":{"type":"Polygon","coordinates":[[[32.89206,24.630632],[32.892562,24.630066],[32.891903,24.630349],[32.89206,24.630632]]]}},{"type":"Feature","properties":{"source_layer":"Agricultural_Changes","source_feature_count":1,"سعر_الأرض_2023":194877.84508883374,"سعر_الأرض_2014":64959.28169627792,"سعر_الايجار_زراعية_2023":null,"نوع_ملكية_الأرض":"ايجار","أنواع_المحاصيل_المزروعة":"فاكهة","اسم_المحور":"محور كلبشة","اسم_المحافظة":"محافظة أسوان","المساحة_كم2":0.002629930433047689,"نسبة_المساحة":0.02997531510870715,"المساحة_فدان":0.6495928169627792,"فرق_السعر":129918.56339255582,"GlobalID":"{FC6107C2-07AA-4CBA-8A64-D7588EDC799E}","SHAPE_Length":0.0020487395131236954,"SHAPE_Area":2.3468779503379782e-7},"geometry":{"type":"Polygon","coordinates":[[[32.891746,24.63269],[32.892204,24.63211],[32.891582,24.632384],[32.891746,24.63269]]]}},{"type":"Feature","properties":{"source_layer":"Agricultural_Changes","source_feature_count":1,"سعر_الأرض_2023":227242.87884175364,"سعر_الأرض_2014":75747.62628058455,"سعر_الايجار_زراعية_2023":null,"نوع_ملكية_الأرض":"ايجار","أنواع_المحاصيل_المزروعة":"فاكهة","اسم_المحور":"محور كلبشة","اسم_المحافظة":"محافظة أسوان","المساحة_كم2":0.0030667055174325728,"نسبة_المساحة":0.034953572564322376,"المساحة_فدان":0.7574762628058455,"فرق_السعر":151495.2525611691,"GlobalID":"{C8087C0E-6EA9-4EA8-B4ED-5CA36FAE90CA}","SHAPE_Length":0.002454311976746708,"SHAPE_Area":2.736644344224708e-7},"geometry":{"type":"Polygon","coordinates":[[[32.893474,24.632275],[32.894462,24.632156],[32.89433,24.631904],[32.893474,24.632275]]]}},{"type":"Feature","properties":{"source_layer":"Agricultural_Changes","source_feature_count":1,"سعر_الأرض_2023":240472.37098713656,"سعر_الأرض_2014":80157.45699571219,"سعر_الايجار_زراعية_2023":null,"نوع_ملكية_الأرض":"ايجار","أنواع_المحاصيل_المزروعة":"فاكهة","اسم_المحور":"محور كلبشة","اسم_المحافظة":"محافظة أسوان","المساحة_كم2":0.003245241173915473,"نسبة_المساحة":0.0369884790751433,"المساحة_فدان":0.8015745699571218,"فرق_السعر":160314.91399142437,"GlobalID":"{58F8F77C-D8EC-430D-BE05-B73A13B5CF30}","SHAPE_Length":0.0024824370167561838,"SHAPE_Area":2.895938512563611e-7},"geometry":{"type":"Polygon","coordinates":[[[32.893169,24.631687],[32.893877,24.631042],[32.893022,24.631404],[32.893169,24.631687]]]}},{"type":"Feature","properties":{"source_layer":"Agricultural_Changes","source_feature_count":1,"سعر_الأرض_2023":245907.56220110808,"سعر_الأرض_2014":81969.18740036935,"سعر_الايجار_زراعية_2023":null,"نوع_ملكية_الأرض":"ايجار","أنواع_المحاصيل_المزروعة":"فاكهة","اسم_المحور":"محور كلبشة","اسم_المحافظة":"محافظة أسوان","المساحة_كم2":0.0033185905830109053,"نسبة_المساحة":0.03782449801429263,"المساحة_فدان":0.8196918740036936,"فرق_السعر":163938.37480073873,"GlobalID":"{2D88CE8D-33C5-45C2-9F19-461344585CBE}","SHAPE_Length":0.0025010299142685637,"SHAPE_Area":2.9614063206054175e-7},"geometry":{"type":"Polygon","coordinates":[[[32.893474,24.632275],[32.89418,24.63162],[32.893328,24.631995],[32.893474,24.632275]]]}},{"type":"Feature","properties":{"source_layer":"Agricultural_Changes","source_feature_count":1,"سعر_الأرض_2023":247502.48569967074,"سعر_الأرض_2014":82500.82856655691,"سعر_الايجار_زراعية_2023":null,"نوع_ملكية_الأرض":"ايجار","أنواع_المحاصيل_المزروعة":"فاكهة","اسم_المحور":"محور كلبشة","اسم_المحافظة":"محافظة أسوان","المساحة_كم2":0.003340114516864652,"نسبة_المساحة":0.03806982264019817,"المساحة_فدان":0.825008285665569,"فرق_السعر":165001.65713311383,"GlobalID":"{DBF03FF3-B6F5-449C-92FD-699CB66EF317}","SHAPE_Length":0.0022068789324850794,"SHAPE_Area":2.980599201928869e-7},"geometry":{"type":"Polygon","coordinates":[[[32.891133,24.631546],[32.891487,24.630877],[32.890907,24.631125],[32.891133,24.631546]]]}},{"type":"Feature","properties":{"source_layer":"Agricultural_Changes","source_feature_count":1,"سعر_الأرض_2023":251761.79092495402,"سعر_الأرض_2014":83920.59697498467,"سعر_الايجار_زراعية_2023":null,"نوع_ملكية_الأرض":"ايجار","أنواع_المحاصيل_المزروعة":"فاكهة","اسم_المحور":"محور كلبشة","اسم_المحافظة":"محافظة أسوان","المساحة_كم2":0.003397595019230149,"نسبة_المساحة":0.03872497159370712,"المساحة_فدان":0.8392059697498467,"فرق_السعر":167841.19394996937,"GlobalID":"{F2ABD06C-9072-4E6F-9440-C6246148A5D2}","SHAPE_Length":0.002227412725378431,"SHAPE_Area":3.0318890967476716e-7},"geometry":{"type":"Polygon","coordinates":[[[32.891704,24.631304],[32.89206,24.630632],[32.891487,24.630877],[32.891704,24.631304]]]}},{"type":"Feature","properties":{"source_layer":"Agricultural_Changes","source_feature_count":1,"سعر_الأرض_2023":266743.71870903875,"سعر_الأرض_2014":88914.57290301293,"سعر_الايجار_زراعية_2023":null,"نوع_ملكية_الأرض":"ايجار","أنواع_المحاصيل_المزروعة":"فاكهة","اسم_المحور":"محور كلبشة","اسم_المحافظة":"محافظة أسوان","المساحة_كم2":0.0035997802794742076,"نسبة_المساحة":0.041029430605243916,"المساحة_فدان":0.8891457290301292,"فرق_السعر":177829.14580602583,"GlobalID":"{00C8FD65-79AD-46BD-A47F-53C59935CDA6}","SHAPE_Length":0.0025522616935841277,"SHAPE_Area":3.212323515653062e-7},"geometry":{"type":"Polygon","coordinates":[[[32.893328,24.631995],[32.894019,24.631314],[32.893169,24.631687],[32.893328,24.631995]]]}},{"type":"Feature","properties":{"source_layer":"Agricultural_Changes","source_feature_count":1,"سعر_الأرض_2023":273901.1979720667,"سعر_الأرض_2014":91300.39932402225,"سعر_الايجار_زراعية_2023":null,"نوع_ملكية_الأرض":"ايجار","أنواع_المحاصيل_المزروعة":"فاكهة","اسم_المحور":"محور كلبشة","اسم_المحافظة":"محافظة أسوان","المساحة_كم2":0.003696372442268107,"نسبة_المساحة":0.042130364865859846,"المساحة_فدان":0.9130039932402224,"فرق_السعر":182600.79864804447,"GlobalID":"{5BE67889-69A9-4774-B41C-51247A92C618}","SHAPE_Length":0.002737183327136723,"SHAPE_Area":3.298537057453104e-7},"geometry":{"type":"Polygon","coordinates":[[[32.892504,24.632695],[32.893328,24.631995],[32.892363,24.632419],[32.892504,24.632695]]]}},{"type":"Feature","properties":{"source_layer":"Agricultural_Changes","source_feature_count":1,"سعر_الأرض_2023":274652.716576807,"سعر_الأرض_2014":91550.90552560234,"سعر_الايجار_زراعية_2023":null,"نوع_ملكية_الأرض":"ايجار","أنواع_المحاصيل_المزروعة":"فاكهة","اسم_المحور":"محور كلبشة","اسم_المحافظة":"محافظة أسوان","المساحة_كم2":0.003706514393749083,"نسبة_المساحة":0.042245960391748785,"المساحة_فدان":0.9155090552560234,"فرق_السعر":183101.81105120468,"GlobalID":"{754F8CB6-688E-4186-8886-589B8D64E1DC}","SHAPE_Length":0.0027398798915467355,"SHAPE_Area":3.307603305846618e-7},"geometry":{"type":"Polygon","coordinates":[[[32.892652,24.632984],[32.893474,24.632275],[32.892504,24.632695],[32.892652,24.632984]]]}},{"type":"Feature","properties":{"source_layer":"Agricultural_Changes","source_feature_count":1,"سعر_الأرض_2023":284030.3344514807,"سعر_الأرض_2014":94676.77815049357,"سعر_الايجار_زراعية_2023":null,"نوع_ملكية_الأرض":"ايجار","أنواع_المحاصيل_المزروعة":"فاكهة","اسم_المحور":"محور كلبشة","اسم_المحافظة":"محافظة أسوان","المساحة_كم2":0.0038330679413155293,"نسبة_المساحة":0.04368838731633968,"المساحة_فدان":0.9467677815049357,"فرق_السعر":189353.55630098714,"GlobalID":"{66A51B2F-76F6-492A-B304-4F43EE7B00EF}","SHAPE_Length":0.002757200901831494,"SHAPE_Area":3.4205014860241547e-7},"geometry":{"type":"Polygon","coordinates":[[[32.892204,24.63211],[32.893022,24.631404],[32.892053,24.631814],[32.892204,24.63211]]]}},{"type":"Feature","properties":{"source_layer":"Agricultural_Changes","source_feature_count":1,"سعر_الأرض_2023":284122.9746567109,"سعر_الأرض_2014":94707.65821890363,"سعر_الايجار_زراعية_2023":null,"نوع_ملكية_الأرض":"ايجار","أنواع_المحاصيل_المزروعة":"فاكهة","اسم_المحور":"محور كلبشة","اسم_المحافظة":"محافظة أسوان","المساحة_كم2":0.003834318146514318,"نسبة_المساحة":0.0437026368547736,"المساحة_فدان":0.9470765821890365,"فرق_السعر":189415.31643780728,"GlobalID":"{4322C420-73BD-4863-A304-153DB5DDEF61}","SHAPE_Length":0.002388195394888892,"SHAPE_Area":3.4215936362033687e-7},"geometry":{"type":"Polygon","coordinates":[[[32.892295,24.631055],[32.892715,24.630352],[32.89206,24.630632],[32.892295,24.631055]]]}},{"type":"Feature","properties":{"source_layer":"Agricultural_Changes","source_feature_count":1,"سعر_الأرض_2023":284788.2975743595,"سعر_الأرض_2014":94929.4325247865,"سعر_الايجار_زراعية_2023":null,"نوع_ملكية_الأرض":"ايجار","أنواع_المحاصيل_المزروعة":"فاكهة","اسم_المحور":"محور كلبشة","اسم_المحافظة":"محافظة أسوان","المساحة_كم2":0.003843296863351681,"نسبة_المساحة":0.04380497411171766,"المساحة_فدان":0.9492943252478651,"فرق_السعر":189858.865049573,"GlobalID":"{EF202FC8-975F-455D-AD7D-C0628383F259}","SHAPE_Length":0.0023877056640423575,"SHAPE_Area":3.4295988392957e-7},"geometry":{"type":"Polygon","coordinates":[[[32.892945,24.63078],[32.893367,24.630073],[32.892715,24.630352],[32.892945,24.63078]]]}},{"type":"Feature","properties":{"source_layer":"Agricultural_Changes","source_feature_count":1,"سعر_الأرض_2023":302935.099680748,"سعر_الأرض_2014":100978.36656024934,"سعر_الايجار_زراعية_2023":null,"نوع_ملكية_الأرض":"ايجار","أنواع_المحاصيل_المزروعة":"فاكهة","اسم_المحور":"محور كلبشة","اسم_المحافظة":"محافظة أسوان","المساحة_كم2":0.004088192978147747,"نسبة_المساحة":0.046596241180102915,"المساحة_فدان":1.0097836656024934,"فرق_السعر":201956.73312049865,"GlobalID":"{0BED68FD-2F5B-4207-B309-D510D5FBBA41}","SHAPE_Length":0.00280142763356986,"SHAPE_Area":3.648177414876241e-7},"geometry":{"type":"Polygon","coordinates":[[[32.892363,24.632419],[32.893169,24.631687],[32.892204,24.63211],[32.892363,24.632419]]]}},{"type":"Feature","properties":{"source_layer":"Agricultural_Changes","source_feature_count":1,"سعر_الأرض_2023":303763.8939836223,"سعر_الأرض_2014":101254.63132787411,"سعر_الايجار_زراعية_2023":null,"نوع_ملكية_الأرض":"ايجار","أنواع_المحاصيل_المزروعة":"فاكهة","اسم_المحور":"محور كلبشة","اسم_المحافظة":"محافظة أسوان","المساحة_كم2":0.004099377786553607,"نسبة_المساحة":0.0467237229386252,"المساحة_فدان":1.0125463132787411,"فرق_السعر":202509.2626557482,"GlobalID":"{4386BDA9-C74F-4D4B-8DC0-97DC8E8B8B7A}","SHAPE_Length":0.0024213227534665297,"SHAPE_Area":3.658148018778457e-7},"geometry":{"type":"Polygon","coordinates":[[[32.89142,24.632082],[32.891704,24.631304],[32.891133,24.631546],[32.89142,24.632082]]]}},{"type":"Feature","properties":{"source_layer":"Agricultural_Changes","source_feature_count":1,"سعر_الأرض_2023":308734.85849417245,"سعر_الأرض_2014":102911.6194980575,"سعر_الايجار_زراعية_2023":null,"نوع_ملكية_الأرض":"ايجار","أنواع_المحاصيل_المزروعة":"فاكهة","اسم_المحور":"محور كلبشة","اسم_المحافظة":"محافظة أسوان","المساحة_كم2":0.004166462327856579,"نسبة_المساحة":0.047488336420111604,"المساحة_فدان":1.029116194980575,"فرق_السعر":205823.23899611496,"GlobalID":"{A8C29A3C-D18A-45DC-BE74-26832603902D}","SHAPE_Length":0.002440770436295725,"SHAPE_Area":3.7180122646431734e-7},"geometry":{"type":"Polygon","coordinates":[[[32.891704,24.631304],[32.892524,24.631615],[32.892272,24.631064],[32.891704,24.631304]]]}},{"type":"Feature","properties":{"source_layer":"Agricultural_Changes","source_feature_count":1,"سعر_الأرض_2023":339524.0968598444,"سعر_الأرض_2014":113174.69895328148,"سعر_الايجار_زراعية_2023":null,"نوع_ملكية_الأرض":"ايجار","أنواع_المحاصيل_المزروعة":"فاكهة","اسم_المحور":"محور كلبشة","اسم_المحافظة":"محافظة أسوان","المساحة_كم2":0.004581971617541761,"نسبة_المساحة":0.05222421145786876,"المساحة_فدان":1.1317469895328147,"فرق_السعر":226349.39790656292,"GlobalID":"{74F9B831-3C28-48E1-9B8E-951AB9C6A880}","SHAPE_Length":0.003276556794847719,"SHAPE_Area":4.0887394754957547e-7},"geometry":{"type":"Polygon","coordinates":[[[32.891853,24.630033],[32.893215,24.629784],[32.893073,24.629514],[32.891853,24.630033]]]}},{"type":"Feature","properties":{"source_layer":"Agricultural_Changes","source_feature_count":1,"سعر_الأرض_2023":358678.69050158875,"سعر_الأرض_2014":119559.56350052959,"سعر_الايجار_زراعية_2023":null,"نوع_ملكية_الأرض":"ايجار","أنواع_المحاصيل_المزروعة":"فاكهة","اسم_المحور":"محور كلبشة","اسم_المحافظة":"محافظة أسوان","المساحة_كم2":0.004840468157916178,"نسبة_المساحة":0.05517049290884024,"المساحة_فدان":1.1955956350052959,"فرق_السعر":239119.12700105915,"GlobalID":"{0DBE9F90-648F-4E1F-937C-02BDD8EB4902}","SHAPE_Length":0.0026411172528185787,"SHAPE_Area":4.3194580484844874e-7},"geometry":{"type":"Polygon","coordinates":[[[32.892524,24.631615],[32.89291,24.630795],[32.892272,24.631064],[32.892524,24.631615]]]}},{"type":"Feature","properties":{"source_layer":"Agricultural_Changes","source_feature_count":1,"سعر_الأرض_2023":151942.46048383357,"سعر_الأرض_2014":50647.48682794452,"سعر_الايجار_زراعية_2023":null,"نوع_ملكية_الأرض":"ايجار","أنواع_المحاصيل_المزروعة":"فاكهة","اسم_المحور":"محور كلبشة","اسم_المحافظة":"محافظة أسوان","المساحة_كم2":0.0020505055395928957,"نسبة_المساحة":0.023371169407784893,"المساحة_فدان":0.5064748682794452,"فرق_السعر":101294.97365588904,"GlobalID":"{AAC3DA0B-1817-4034-8C05-BB18856565A1}","SHAPE_Length":0.0017682333478756733,"SHAPE_Area":1.8298180394114875e-7},"geometry":{"type":"Polygon","coordinates":[[[32.893433,24.632995],[32.89376,24.632477],[32.893272,24.6327],[32.893433,24.632995]]]}},{"type":"Feature","properties":{"source_layer":"Agricultural_Changes","source_feature_count":1,"سعر_الأرض_2023":175435.983379965,"سعر_الأرض_2014":58478.66112665501,"سعر_الايجار_زراعية_2023":null,"نوع_ملكية_الأرض":"ايجار","أنواع_المحاصيل_المزروعة":"فاكهة","اسم_المحور":"محور كلبشة","اسم_المحافظة":"محافظة أسوان","المساحة_كم2":0.002367557130633806,"نسبة_المساحة":0.02698484725558822,"المساحة_فدان":0.5847866112665501,"فرق_السعر":116957.32225331,"GlobalID":"{080D19A3-5FA3-475C-8C0A-551224A9612F}","SHAPE_Length":0.0019601521997847588,"SHAPE_Area":2.1127578719268106e-7},"geometry":{"type":"Polygon","coordinates":[[[32.892201,24.633538],[32.892652,24.632984],[32.892051,24.633259],[32.892201,24.633538]]]}},{"type":"Feature","properties":{"source_layer":"Agricultural_Changes","source_feature_count":1,"سعر_الأرض_2023":187858.27075646166,"سعر_الأرض_2014":62619.423585487224,"سعر_الايجار_زراعية_2023":null,"نوع_ملكية_الأرض":"ايجار","أنواع_المحاصيل_المزروعة":"فاكهة","اسم_المحور":"محور كلبشة","اسم_المحافظة":"محافظة أسوان","المساحة_كم2":0.002535199335444827,"نسبة_المساحة":0.028895592821928322,"المساحة_فدان":0.6261942358548722,"فرق_السعر":125238.84717097443,"GlobalID":"{01E3CBC4-4BFA-4974-A1A6-00AAFAD5A1F7}","SHAPE_Length":0.002033116302356876,"SHAPE_Area":2.2623545358328752e-7},"geometry":{"type":"Polygon","coordinates":[[[32.892801,24.633274],[32.893272,24.6327],[32.892652,24.632984],[32.892801,24.633274]]]}},{"type":"Feature","properties":{"source_layer":"Agricultural_Changes","source_feature_count":1,"سعر_الأرض_2023":168182.90636879142,"سعر_الأرض_2014":56060.968789597144,"سعر_الايجار_زراعية_2023":null,"نوع_ملكية_الأرض":"ايجار","أنواع_المحاصيل_المزروعة":"فاكهة","اسم_المحور":"محور كلبشة","اسم_المحافظة":"محافظة أسوان","المساحة_كم2":0.002269674849781261,"نسبة_المساحة":0.025869208539352713,"المساحة_فدان":0.5606096878959714,"فرق_السعر":112121.93757919427,"GlobalID":"{B63EF63F-D837-4538-A99E-EDD95C2A4065}","SHAPE_Length":0.0019046325900297502,"SHAPE_Area":2.0253190918222245e-7},"geometry":{"type":"Polygon","coordinates":[[[32.892867,24.62786],[32.893352,24.627344],[32.892733,24.627569],[32.892867,24.62786]]]}},{"type":"Feature","properties":{"source_layer":"Agricultural_Changes","source_feature_count":1,"سعر_الأرض_2023":177223.72764000908,"سعر_الأرض_2014":59074.57588000302,"سعر_الايجار_زراعية_2023":null,"نوع_ملكية_الأرض":"ايجار","أنواع_المحاصيل_المزروعة":"فاكهة","اسم_المحور":"محور كلبشة","اسم_المحافظة":"محافظة أسوان","المساحة_كم2":0.00239168323400822,"نسبة_المساحة":0.02725983078439405,"المساحة_فدان":0.5907457588000302,"فرق_السعر":118149.15176000606,"GlobalID":"{0D422205-31C8-4E8D-BE88-3EEFD15902CC}","SHAPE_Length":0.0019836952698746337,"SHAPE_Area":2.1341989734044391e-7},"geometry":{"type":"Polygon","coordinates":[[[32.892234,24.628085],[32.892733,24.627569],[32.892098,24.6278],[32.892234,24.628085]]]}},{"type":"Feature","properties":{"source_layer":"Agricultural_Changes","source_feature_count":1,"سعر_الأرض_2023":177513.95690183152,"سعر_الأرض_2014":59171.31896727718,"سعر_الايجار_زراعية_2023":null,"نوع_ملكية_الأرض":"ايجار","أنواع_المحاصيل_المزروعة":"فاكهة","اسم_المحور":"محور كلبشة","اسم_المحافظة":"محافظة أسوان","المساحة_كم2":0.0023955999581893594,"نسبة_المساحة":0.027304472665429468,"المساحة_فدان":0.5917131896727718,"فرق_السعر":118342.63793455434,"GlobalID":"{05F3FC0B-5BE3-4723-ACF1-A9972887348B}","SHAPE_Length":0.0019871205962030784,"SHAPE_Area":2.137686044955244e-7},"geometry":{"type":"Polygon","coordinates":[[[32.892098,24.6278],[32.892598,24.627278],[32.891963,24.627516],[32.892098,24.6278]]]}},{"type":"Feature","properties":{"source_layer":"Agricultural_Changes","source_feature_count":1,"سعر_الأرض_2023":184816.72315442853,"سعر_الأرض_2014":61605.574384809515,"سعر_الايجار_زراعية_2023":null,"نوع_ملكية_الأرض":"ايجار","أنواع_المحاصيل_المزروعة":"فاكهة","اسم_المحور":"محور كلبشة","اسم_المحافظة":"محافظة أسوان","المساحة_كم2":0.0024941528091016,"نسبة_المساحة":0.028427754378068704,"المساحة_فدان":0.6160557438480951,"فرق_السعر":123211.14876961902,"GlobalID":"{11BA9EEB-5849-48E7-B444-A6F99AA91DB2}","SHAPE_Length":0.0020278083742704457,"SHAPE_Area":2.2256235256037692e-7},"geometry":{"type":"Polygon","coordinates":[[[32.892733,24.627569],[32.893272,24.627025],[32.892598,24.627278],[32.892733,24.627569]]]}},{"type":"Feature","properties":{"source_layer":"Agricultural_Changes","source_feature_count":1,"سعر_الأرض_2023":227624.70965839192,"سعر_الأرض_2014":75874.90321946397,"سعر_الايجار_زراعية_2023":null,"نوع_ملكية_الأرض":"ايجار","أنواع_المحاصيل_المزروعة":"فاكهة","اسم_المحور":"محور كلبشة","اسم_المحافظة":"محافظة أسوان","المساحة_كم2":0.003071858429937813,"نسبة_المساحة":0.03501230422282225,"المساحة_فدان":0.7587490321946397,"فرق_السعر":151749.80643892795,"GlobalID":"{36098E1D-2393-4D02-B43B-D9820E77049F}","SHAPE_Length":0.0021076925097562723,"SHAPE_Area":2.7411777983099736e-7},"geometry":{"type":"Polygon","coordinates":[[[32.89249,24.629762],[32.892694,24.629053],[32.892271,24.62921],[32.89249,24.629762]]]}},{"type":"Feature","properties":{"source_layer":"Agricultural_Changes","source_feature_count":1,"سعر_الأرض_2023":269828.4986217894,"سعر_الأرض_2014":89942.8328739298,"سعر_الايجار_زراعية_2023":null,"نوع_ملكية_الأرض":"ايجار","أنواع_المحاصيل_المزروعة":"فاكهة","اسم_المحور":"محور كلبشة","اسم_المحافظة":"محافظة أسوان","المساحة_كم2":0.003641410237810923,"نسبة_المساحة":0.04150391886676775,"المساحة_فدان":0.899428328739298,"فرق_السعر":179885.66574785957,"GlobalID":"{793AB258-FA03-4BB6-893F-86C322A9BC97}","SHAPE_Length":0.0023741329704943127,"SHAPE_Area":3.249418379423248e-7},"geometry":{"type":"Polygon","coordinates":[[[32.890841,24.629742],[32.89087,24.628965],[32.890446,24.629123],[32.890841,24.629742]]]}},{"type":"Feature","properties":{"source_layer":"Agricultural_Changes","source_feature_count":1,"سعر_الأرض_2023":307261.66815264075,"سعر_الأرض_2014":102420.55605088024,"سعر_الايجار_زراعية_2023":null,"نوع_ملكية_الأرض":"ايجار","أنواع_المحاصيل_المزروعة":"فاكهة","اسم_المحور":"محور كلبشة","اسم_المحافظة":"محافظة أسوان","المساحة_كم2":0.004146581216634828,"نسبة_المساحة":0.047261736291798466,"المساحة_فدان":1.0242055605088025,"فرق_السعر":204841.11210176052,"GlobalID":"{5AEED8FD-4B16-465E-B1F1-91EF330DB895}","SHAPE_Length":0.0024727334805109925,"SHAPE_Area":3.700189192706244e-7},"geometry":{"type":"Polygon","coordinates":[[[32.891899,24.628583],[32.892694,24.629053],[32.892385,24.628402],[32.891899,24.628583]]]}},{"type":"Feature","properties":{"source_layer":"Agricultural_Changes","source_feature_count":1,"سعر_الأرض_2023":309883.75002071966,"سعر_الأرض_2014":103294.58334023989,"سعر_الايجار_زراعية_2023":null,"نوع_ملكية_الأرض":"ايجار","أنواع_المحاصيل_المزروعة":"فاكهة","اسم_المحور":"محور كلبشة","اسم_المحافظة":"محافظة أسوان","المساحة_كم2":0.004181966936851817,"نسبة_المساحة":0.04766505422771194,"المساحة_فدان":1.0329458334023989,"فرق_السعر":206589.16668047977,"GlobalID":"{11AD814A-6095-4031-BEBC-4A13808F088D}","SHAPE_Length":0.0024819937926604104,"SHAPE_Area":3.7317716406370693e-7},"geometry":{"type":"Polygon","coordinates":[[[32.891726,24.629413],[32.891899,24.628583],[32.891412,24.628763],[32.891726,24.629413]]]}},{"type":"Feature","properties":{"source_layer":"Agricultural_Changes","source_feature_count":1,"سعر_الأرض_2023":317160.5415280578,"سعر_الأرض_2014":105720.18050935259,"سعر_الايجار_زراعية_2023":null,"نوع_ملكية_الأرض":"ايجار","أنواع_المحاصيل_المزروعة":"فاكهة","اسم_المحور":"محور كلبشة","اسم_المحافظة":"محافظة أسوان","المساحة_كم2":0.004280169251390794,"نسبة_المساحة":0.04878434061100192,"المساحة_فدان":1.057201805093526,"فرق_السعر":211440.36101870518,"GlobalID":"{FB21C6CE-D7A5-4361-92B0-3C4E4CDEAEA7}","SHAPE_Length":0.003104964518401693,"SHAPE_Area":3.819363469616525e-7},"geometry":{"type":"Polygon","coordinates":[[[32.890926,24.628227],[32.891963,24.627516],[32.890804,24.627946],[32.890926,24.628227]]]}},{"type":"Feature","properties":{"source_layer":"Agricultural_Changes","source_feature_count":1,"سعر_الأرض_2023":319439.24320317927,"سعر_الأرض_2014":106479.74773439308,"سعر_الايجار_زراعية_2023":null,"نوع_ملكية_الأرض":"ايجار","أنواع_المحاصيل_المزروعة":"فاكهة","اسم_المحور":"محور كلبشة","اسم_المحافظة":"محافظة أسوان","المساحة_كم2":0.004310920960906603,"نسبة_المساحة":0.0491348412064871,"المساحة_فدان":1.0647974773439308,"فرق_السعر":212959.4954687862,"GlobalID":"{B3E423DC-D146-423A-9060-7C13569666BA}","SHAPE_Length":0.0025271748695218925,"SHAPE_Area":3.846852161222025e-7},"geometry":{"type":"Polygon","coordinates":[[[32.891264,24.629585],[32.891412,24.628763],[32.89087,24.628965],[32.891264,24.629585]]]}},{"type":"Feature","properties":{"source_layer":"Agricultural_Changes","source_feature_count":1,"سعر_الأرض_2023":321644.08248450316,"سعر_الأرض_2014":107214.69416150104,"سعر_الايجار_زراعية_2023":null,"نوع_ملكية_الأرض":"ايجار","أنواع_المحاصيل_المزروعة":"فاكهة","اسم_المحور":"محور كلبشة","اسم_المحافظة":"محافظة أسوان","المساحة_كم2":0.004340675876983848,"نسبة_المساحة":0.049473980589887036,"المساحة_فدان":1.0721469416150105,"فرق_السعر":214429.38832300212,"GlobalID":"{8E41EE21-CCD3-4487-81C5-4C87F3E0D2F4}","SHAPE_Length":0.0031272053123469323,"SHAPE_Area":3.8733711243307045e-7},"geometry":{"type":"Polygon","coordinates":[[[32.891047,24.628506],[32.892098,24.6278],[32.890926,24.628227],[32.891047,24.628506]]]}},{"type":"Feature","properties":{"source_layer":"Agricultural_Changes","source_feature_count":1,"سعر_الأرض_2023":338955.90608981485,"سعر_الأرض_2014":112985.30202993828,"سعر_الايجار_زراعية_2023":null,"نوع_ملكية_الأرض":"ايجار","أنواع_المحاصيل_المزروعة":"فاكهة","اسم_المحور":"محور كلبشة","اسم_المحافظة":"محافظة أسوان","المساحة_كم2":0.004574303725908433,"نسبة_المساحة":0.05213681467161154,"المساحة_فدان":1.1298530202993828,"فرق_السعر":225970.60405987658,"GlobalID":"{FBFA81D8-3669-499D-B6B8-6B29F0CADE76}","SHAPE_Length":0.0025757125454862273,"SHAPE_Area":4.0818633496361427e-7},"geometry":{"type":"Polygon","coordinates":[[[32.892694,24.629053],[32.892944,24.628194],[32.892385,24.628402],[32.892694,24.629053]]]}},{"type":"Feature","properties":{"source_layer":"Agricultural_Changes","source_feature_count":1,"سعر_الأرض_2023":341854.8313264539,"سعر_الأرض_2014":113951.6104421513,"سعر_الايجار_زراعية_2023":null,"نوع_ملكية_الأرض":"ايجار","أنواع_المحاصيل_المزروعة":"فاكهة","اسم_المحور":"محور كلبشة","اسم_المحافظة":"محافظة أسوان","المساحة_كم2":0.004613425523973737,"نسبة_المساحة":0.05258271552506785,"المساحة_فدان":1.139516104421513,"فرق_السعر":227903.22088430257,"GlobalID":"{C5651FA1-1015-492B-A3A2-77A260C66AE5}","SHAPE_Length":0.003358306849423072,"SHAPE_Area":4.116772668584963e-7},"geometry":{"type":"Polygon","coordinates":[[[32.889749,24.628967],[32.890926,24.628227],[32.889627,24.628699],[32.889749,24.628967]]]}},{"type":"Feature","properties":{"source_layer":"Agricultural_Changes","source_feature_count":1,"سعر_الأرض_2023":345804.49939192185,"سعر_الأرض_2014":115268.16646397395,"سعر_الايجار_زراعية_2023":null,"نوع_ملكية_الأرض":"ايجار","أنواع_المحاصيل_المزروعة":"فاكهة","اسم_المحور":"محور كلبشة","اسم_المحافظة":"محافظة أسوان","المساحة_كم2":0.004666727387205424,"نسبة_المساحة":0.05319023735384851,"المساحة_فدان":1.1526816646397395,"فرق_السعر":230536.33292794792,"GlobalID":"{61092F93-908E-4FC2-B96F-61B7CDAC8251}","SHAPE_Length":0.0025909374617279265,"SHAPE_Area":4.164370349069504e-7},"geometry":{"type":"Polygon","coordinates":[[[32.891189,24.630289],[32.891637,24.629446],[32.891064,24.629659],[32.891189,24.630289]]]}},{"type":"Feature","properties":{"source_layer":"Agricultural_Changes","source_feature_count":1,"سعر_الأرض_2023":345977.85088270676,"سعر_الأرض_2014":115325.95029423558,"سعر_الايجار_زراعية_2023":null,"نوع_ملكية_الأرض":"ايجار","أنواع_المحاصيل_المزروعة":"فاكهة","اسم_المحور":"محور كلبشة","اسم_المحافظة":"محافظة أسوان","المساحة_كم2":0.004669066813531806,"نسبة_المساحة":0.05321690157295701,"المساحة_فدان":1.153259502942356,"فرق_السعر":230651.90058847118,"GlobalID":"{5E9AE55A-DDE0-4123-9CF6-BCA08851F0D3}","SHAPE_Length":0.002586820434588712,"SHAPE_Area":4.166453735517934e-7},"geometry":{"type":"Polygon","coordinates":[[[32.891853,24.630033],[32.892271,24.62921],[32.891637,24.629446],[32.891853,24.630033]]]}},{"type":"Feature","properties":{"source_layer":"Agricultural_Changes","source_feature_count":1,"سعر_الأرض_2023":349737.4252954608,"سعر_الأرض_2014":116579.1417651536,"سعر_الايجار_زراعية_2023":null,"نوع_ملكية_الأرض":"ايجار","أنواع_المحاصيل_المزروعة":"فاكهة","اسم_المحور":"محور كلبشة","اسم_المحافظة":"محافظة أسوان","المساحة_كم2":0.004719803310330106,"نسبة_المساحة":0.05379518397158249,"المساحة_فدان":1.165791417651536,"فرق_السعر":233158.28353030718,"GlobalID":"{1FA2EF32-8FFA-48E8-A14C-07441AED09DA}","SHAPE_Length":0.0031578028455514916,"SHAPE_Area":4.211680992649221e-7},"geometry":{"type":"Polygon","coordinates":[[[32.892234,24.628085],[32.893512,24.627983],[32.893431,24.62766],[32.892234,24.628085]]]}},{"type":"Feature","properties":{"source_layer":"Agricultural_Changes","source_feature_count":1,"سعر_الأرض_2023":355175.55210889754,"سعر_الأرض_2014":118391.85070296585,"سعر_الايجار_زراعية_2023":null,"نوع_ملكية_الأرض":"ايجار","أنواع_المحاصيل_المزروعة":"فاكهة","اسم_المحور":"محور كلبشة","اسم_المحافظة":"محافظة أسوان","المساحة_كم2":0.004793192336152464,"نسبة_المساحة":0.0546316544526655,"المساحة_فدان":1.1839185070296585,"فرق_السعر":236783.70140593167,"GlobalID":"{A37E40A6-A385-4B2B-9218-B773DC6AB149}","SHAPE_Length":0.002643686682469644,"SHAPE_Area":4.27721824707854e-7},"geometry":{"type":"Polygon","coordinates":[[[32.890258,24.629959],[32.890446,24.629123],[32.889919,24.629318],[32.890258,24.629959]]]}},{"type":"Feature","properties":{"source_layer":"Agricultural_Changes","source_feature_count":1,"سعر_الأرض_2023":355715.62854139827,"سعر_الأرض_2014":118571.87618046609,"سعر_الايجار_زراعية_2023":null,"نوع_ملكية_الأرض":"ايجار","أنواع_المحاصيل_المزروعة":"فاكهة","اسم_المحور":"محور كلبشة","اسم_المحافظة":"محافظة أسوان","المساحة_كم2":0.004800480817022919,"نسبة_المساحة":0.05471472680621915,"المساحة_فدان":1.185718761804661,"فرق_السعر":237143.75236093218,"GlobalID":"{79252A89-08EC-4E69-8B9C-387B508613C7}","SHAPE_Length":0.003390520730424329,"SHAPE_Area":4.2836829970770745e-7},"geometry":{"type":"Polygon","coordinates":[[[32.889627,24.628699],[32.890804,24.627946],[32.889497,24.628414],[32.889627,24.628699]]]}},{"type":"Feature","properties":{"source_layer":"Agricultural_Changes","source_feature_count":1,"سعر_الأرض_2023":356875.97663757583,"سعر_الأرض_2014":118958.65887919195,"سعر_الايجار_زراعية_2023":null,"نوع_ملكية_الأرض":"ايجار","أنواع_المحاصيل_المزروعة":"فاكهة","اسم_المحور":"محور كلبشة","اسم_المحافظة":"محافظة أسوان","المساحة_كم2":0.004816140035594816,"نسبة_المساحة":0.05489320681662186,"المساحة_فدان":1.1895865887919195,"فرق_السعر":237917.31775838387,"GlobalID":"{A9085B53-208A-4E27-92F6-4A8928EED1AC}","SHAPE_Length":0.002640593354282208,"SHAPE_Area":4.297653885601965e-7},"geometry":{"type":"Polygon","coordinates":[[[32.893201,24.628865],[32.893512,24.627983],[32.892944,24.628194],[32.893201,24.628865]]]}},{"type":"Feature","properties":{"source_layer":"Agricultural_Changes","source_feature_count":1,"سعر_الأرض_2023":377069.6901734298,"سعر_الأرض_2014":125689.8967244766,"سعر_الايجار_زراعية_2023":null,"نوع_ملكية_الأرض":"ايجار","أنواع_المحاصيل_المزروعة":"فاكهة","اسم_المحور":"محور كلبشة","اسم_المحافظة":"محافظة أسوان","المساحة_كم2":0.005088659786416057,"نسبة_المساحة":0.05799932145051601,"المساحة_فدان":1.256898967244766,"فرق_السعر":251379.7934489532,"GlobalID":"{1FB8F8CC-07EC-478A-AB3E-F4E93A7727BA}","SHAPE_Length":0.0032496578651643945,"SHAPE_Area":4.540845869332038e-7},"geometry":{"type":"Polygon","coordinates":[[[32.891047,24.628506],[32.892385,24.628402],[32.892234,24.628085],[32.891047,24.628506]]]}},{"type":"Feature","properties":{"source_layer":"Agricultural_Changes","source_feature_count":1,"سعر_الأرض_2023":402364.3200905066,"سعر_الأرض_2014":134121.44003016886,"سعر_الايجار_زراعية_2023":null,"نوع_ملكية_الأرض":"ايجار","أنواع_المحاصيل_المزروعة":"فاكهة","اسم_المحور":"محور كلبشة","اسم_المحافظة":"محافظة أسوان","المساحة_كم2":0.005430017814986594,"نسبة_المساحة":0.061890038232492346,"المساحة_فدان":1.3412144003016886,"فرق_السعر":268242.8800603377,"GlobalID":"{779FC081-ABD0-46B0-8A89-79AE7AD36A34}","SHAPE_Length":0.002810712967095579,"SHAPE_Area":4.845505088385948e-7},"geometry":{"type":"Polygon","coordinates":[[[32.890574,24.630526],[32.891064,24.629659],[32.890258,24.629959],[32.890574,24.630526]]]}},{"type":"Feature","properties":{"source_layer":"Agricultural_Changes","source_feature_count":1,"سعر_الأرض_2023":431060.7699019787,"سعر_الأرض_2014":143686.92330065958,"سعر_الايجار_زراعية_2023":null,"نوع_ملكية_الأرض":"ايجار","أنواع_المحاصيل_المزروعة":"فاكهة","اسم_المحور":"محور كلبشة","اسم_المحافظة":"محافظة أسوان","المساحة_كم2":0.005817284344156258,"نسبة_المساحة":0.06630400907257408,"المساحة_فدان":1.4368692330065957,"فرق_السعر":287373.84660131915,"GlobalID":"{B0EB69CF-E91A-442D-A737-618394C0D5E5}","SHAPE_Length":0.003498210196480195,"SHAPE_Area":5.191055491840067e-7},"geometry":{"type":"Polygon","coordinates":[[[32.889749,24.628967],[32.891194,24.628844],[32.891047,24.628506],[32.889749,24.628967]]]}},{"type":"Feature","properties":{"source_layer":"Agricultural_Changes","source_feature_count":1,"سعر_الأرض_2023":75054.07299157357,"سعر_الأرض_2014":25018.024330524524,"سعر_الايجار_زراعية_2023":null,"نوع_ملكية_الأرض":"ايجار","أنواع_المحاصيل_المزروعة":"فاكهة","اسم_المحور":"محور كلبشة","اسم_المحافظة":"محافظة أسوان","المساحة_كم2":0.0010128754789686042,"نسبة_المساحة":0.01154451131727561,"المساحة_فدان":0.25018024330524524,"فرق_السعر":50036.04866104905,"GlobalID":"{BA203C73-7FED-4D49-9CFE-A2B4D4D2B8E5}","SHAPE_Length":0.0012609204543956693,"SHAPE_Area":9.038432817656601e-8},"geometry":{"type":"Polygon","coordinates":[[[32.894416,24.629996],[32.893932,24.629944],[32.894034,24.630147],[32.894416,24.629996]]]}},{"type":"Feature","properties":{"source_layer":"Agricultural_Changes","source_feature_count":1,"سعر_الأرض_2023":151717.49211647947,"سعر_الأرض_2014":50572.49737215982,"سعر_الايجار_زراعية_2023":null,"نوع_ملكية_الأرض":"ايجار","أنواع_المحاصيل_المزروعة":"فاكهة","اسم_المحور":"محور كلبشة","اسم_المحافظة":"محافظة أسوان","المساحة_كم2":0.0020474695292372396,"نسبة_المساحة":0.02333656569129851,"المساحة_فدان":0.5057249737215982,"فرق_السعر":101144.99474431964,"GlobalID":"{79E1E42A-7B3D-4B55-BCE7-425EF3B9664F}","SHAPE_Length":0.0017936287802449596,"SHAPE_Area":1.8270824741027268e-7},"geometry":{"type":"Polygon","coordinates":[[[32.893877,24.631042],[32.894265,24.630561],[32.893731,24.630765],[32.893877,24.631042]]]}},{"type":"Feature","properties":{"source_layer":"Agricultural_Changes","source_feature_count":1,"سعر_الأرض_2023":164745.7315340769,"سعر_الأرض_2014":54915.243844692304,"سعر_الايجار_زراعية_2023":null,"نوع_ملكية_الأرض":"ايجار","أنواع_المحاصيل_المزروعة":"فاكهة","اسم_المحور":"محور كلبشة","اسم_المحافظة":"محافظة أسوان","المساحة_كم2":0.00222328922448147,"نسبة_المساحة":0.025340516328561286,"المساحة_فدان":0.5491524384469231,"فرق_السعر":109830.48768938461,"GlobalID":"{3D1831BE-F0C4-4BB1-B081-D45C86C62944}","SHAPE_Length":0.0018552817499438254,"SHAPE_Area":1.9839827941223265e-7},"geometry":{"type":"Polygon","coordinates":[[[32.89404,24.631352],[32.894425,24.630847],[32.893877,24.631042],[32.89404,24.631352]]]}},{"type":"Feature","properties":{"source_layer":"Agricultural_Changes","source_feature_count":1,"سعر_الأرض_2023":172754.99226696487,"سعر_الأرض_2014":57584.99742232163,"سعر_الايجار_زراعية_2023":null,"نوع_ملكية_الأرض":"ايجار","أنواع_المحاصيل_المزروعة":"فاكهة","اسم_المحور":"محور كلبشة","اسم_المحافظة":"محافظة أسوان","المساحة_كم2":0.0023313764138591757,"نسبة_المساحة":0.026572468139946886,"المساحة_فدان":0.5758499742232163,"فرق_السعر":115169.99484464324,"GlobalID":"{624991EB-1CEA-45C5-8553-970CC1995485}","SHAPE_Length":0.001918461375261152,"SHAPE_Area":2.0804462830790792e-7},"geometry":{"type":"Polygon","coordinates":[[[32.894364,24.631969],[32.894766,24.631423],[32.894211,24.631678],[32.894364,24.631969]]]}},{"type":"Feature","properties":{"source_layer":"Agricultural_Changes","source_feature_count":1,"سعر_الأرض_2023":173660.98000479772,"سعر_الأرض_2014":57886.993334932566,"سعر_الايجار_زراعية_2023":null,"نوع_ملكية_الأرض":"ايجار","أنواع_المحاصيل_المزروعة":"فاكهة","اسم_المحور":"محور كلبشة","اسم_المحافظة":"محافظة أسوان","المساحة_كم2":0.00234360296902561,"نسبة_المساحة":0.02671182347771647,"المساحة_فدان":0.5788699333493257,"فرق_السعر":115773.98666986515,"GlobalID":"{ABEFDA60-0BCC-41C0-8A9A-525DED289AA1}","SHAPE_Length":0.0019024863214018042,"SHAPE_Area":2.0913500361157582e-7},"geometry":{"type":"Polygon","coordinates":[[[32.894211,24.631678],[32.894588,24.631139],[32.89404,24.631352],[32.894211,24.631678]]]}},{"type":"Feature","properties":{"source_layer":"Agricultural_Changes","source_feature_count":1,"سعر_الأرض_2023":181943.9006747631,"سعر_الأرض_2014":60647.966891587705,"سعر_الايجار_زراعية_2023":null,"نوع_ملكية_الأرض":"ايجار","أنواع_المحاصيل_المزروعة":"فاكهة","اسم_المحور":"محور كلبشة","اسم_المحافظة":"محافظة أسوان","المساحة_كم2":0.002455383274963065,"نسبة_المساحة":0.02798586854420137,"المساحة_فدان":0.606479668915877,"فرق_السعر":121295.9337831754,"GlobalID":"{0A920D42-6AF7-4EA1-BC65-E7C312B30BC4}","SHAPE_Length":0.0019692464288453785,"SHAPE_Area":2.191109017600006e-7},"geometry":{"type":"Polygon","coordinates":[[[32.894525,24.632276],[32.894947,24.631713],[32.894364,24.631969],[32.894525,24.632276]]]}},{"type":"Feature","properties":{"source_layer":"Agricultural_Changes","source_feature_count":1,"سعر_الأرض_2023":224077.56168958748,"سعر_الأرض_2014":74692.52056319582,"سعر_الايجار_زراعية_2023":null,"نوع_ملكية_الأرض":"ايجار","أنواع_المحاصيل_المزروعة":"فاكهة","اسم_المحور":"محور كلبشة","اسم_المحافظة":"محافظة أسوان","المساحة_كم2":0.003023988686769062,"نسبة_المساحة":0.03446669639319105,"المساحة_فدان":0.7469252056319583,"فرق_السعر":149385.04112639168,"GlobalID":"{73E4DDA0-8C47-4732-986C-27DF7E1A6C0D}","SHAPE_Length":0.0021604761168388764,"SHAPE_Area":2.698504462715884e-7},"geometry":{"type":"Polygon","coordinates":[[[32.894947,24.631713],[32.894956,24.630955],[32.894588,24.631139],[32.894947,24.631713]]]}},{"type":"Feature","properties":{"source_layer":"Agricultural_Changes","source_feature_count":1,"سعر_الأرض_2023":264452.1144823385,"سعر_الأرض_2014":88150.70482744617,"سعر_الايجار_زراعية_2023":null,"نوع_ملكية_الأرض":"ايجار","أنواع_المحاصيل_المزروعة":"فاكهة","اسم_المحور":"محور كلبشة","اسم_المحافظة":"محافظة أسوان","المساحة_كم2":0.00356885444645531,"نسبة_المساحة":0.040676945391912085,"المساحة_فدان":0.8815070482744616,"فرق_السعر":176301.4096548923,"GlobalID":"{27E75F60-475E-4C26-8245-AEFA5E66C894}","SHAPE_Length":0.0022859499079766095,"SHAPE_Area":3.1847472722239164e-7},"geometry":{"type":"Polygon","coordinates":[[[32.895356,24.632432],[32.894525,24.632276],[32.89475,24.632705],[32.895356,24.632432]]]}},{"type":"Feature","properties":{"source_layer":"Agricultural_Changes","source_feature_count":1,"سعر_الأرض_2023":270282.7367336067,"سعر_الأرض_2014":90094.24557786892,"سعر_الايجار_زراعية_2023":null,"نوع_ملكية_الأرض":"ايجار","أنواع_المحاصيل_المزروعة":"فاكهة","اسم_المحور":"محور كلبشة","اسم_المحافظة":"محافظة أسوان","المساحة_كم2":0.0036475403067963126,"نسبة_المساحة":0.04157378792001956,"المساحة_فدان":0.9009424557786891,"فرق_السعر":180188.4911557378,"GlobalID":"{4FEDB9EF-BD72-4B68-85D4-3CEAA7FC2EB1}","SHAPE_Length":0.002610006448784572,"SHAPE_Area":3.2548836282310143e-7},"geometry":{"type":"Polygon","coordinates":[[[32.893215,24.629784],[32.893984,24.629158],[32.893073,24.629514],[32.893215,24.629784]]]}},{"type":"Feature","properties":{"source_layer":"Agricultural_Changes","source_feature_count":1,"سعر_الأرض_2023":300597.0342605693,"سعر_الأرض_2014":100199.01142018977,"سعر_الايجار_زراعية_2023":null,"نوع_ملكية_الأرض":"ايجار","أنواع_المحاصيل_المزروعة":"فاكهة","اسم_المحور":"محور كلبشة","اسم_المحافظة":"محافظة أسوان","المساحة_كم2":0.004056640138469222,"نسبة_المساحة":0.04623660949553312,"المساحة_فدان":1.0019901142018977,"فرق_السعر":200398.02284037956,"GlobalID":"{EB5EA3FE-48D5-4439-8CF1-F11CFFDF86BA}","SHAPE_Length":0.0026895377426448676,"SHAPE_Area":3.61996731064983e-7},"geometry":{"type":"Polygon","coordinates":[[[32.893403,24.630141],[32.894132,24.629492],[32.893215,24.629784],[32.893403,24.630141]]]}},{"type":"Feature","properties":{"source_layer":"Agricultural_Changes","source_feature_count":1,"سعر_الأرض_2023":380670.5056593836,"سعر_الأرض_2014":101512.13484250229,"سعر_الايجار_زراعية_2023":null,"نوع_ملكية_الأرض":"تمليك","أنواع_المحاصيل_المزروعة":"محاصيل موسمية","اسم_المحور":"محور كلبشة","اسم_المحافظة":"محافظة أسوان","المساحة_كم2":0.003424835858384018,"نسبة_المساحة":0.03903545613246223,"المساحة_فدان":0.8459344570208525,"فرق_السعر":279158.3708168813,"GlobalID":"{157B3AAD-0AD2-409F-812A-7B8B9959D692}","SHAPE_Length":0.0022135068161287627,"SHAPE_Area":3.0553832753125143e-7},"geometry":{"type":"Polygon","coordinates":[[[32.877418,24.59748],[32.87785,24.596833],[32.877277,24.596966],[32.877418,24.59748]]]}},{"type":"Feature","properties":{"source_layer":"Agricultural_Changes","source_feature_count":1,"سعر_الأرض_2023":555391.0468957261,"سعر_الأرض_2014":148104.27917219364,"سعر_الايجار_زراعية_2023":null,"نوع_ملكية_الأرض":"تمليك","أنواع_المحاصيل_المزروعة":"محاصيل موسمية","اسم_المحور":"محور كلبشة","اسم_المحافظة":"محافظة أسوان","المساحة_كم2":0.004996770552368206,"نسبة_المساحة":0.056951990041642926,"المساحة_فدان":1.2342023264349469,"فرق_السعر":407286.7677235325,"GlobalID":"{3DA42867-DF0B-47E1-98CA-AEBBF1C4F81B}","SHAPE_Length":0.0027346342725604314,"SHAPE_Area":4.4577454842809964e-7},"geometry":{"type":"Polygon","coordinates":[[[32.876613,24.597677],[32.877277,24.596966],[32.876468,24.597154],[32.876613,24.597677]]]}},{"type":"Feature","properties":{"source_layer":"Agricultural_Changes","source_feature_count":1,"سعر_الأرض_2023":621927.4829383033,"سعر_الأرض_2014":165847.32878354753,"سعر_الايجار_زراعية_2023":null,"نوع_ملكية_الأرض":"تمليك","أنواع_المحاصيل_المزروعة":"محاصيل موسمية","اسم_المحور":"محور كلبشة","اسم_المحافظة":"محافظة أسوان","المساحة_كم2":0.0055953889603086214,"نسبة_المساحة":0.06377489880850809,"المساحة_فدان":1.3820610731962295,"فرق_السعر":456080.15415475576,"GlobalID":"{73CA0CCD-FBFB-438A-AC99-D648EC15B98D}","SHAPE_Length":0.002958579435652012,"SHAPE_Area":4.991823376078714e-7},"geometry":{"type":"Polygon","coordinates":[[[32.878237,24.598391],[32.87906,24.597689],[32.878106,24.597881],[32.878237,24.598391]]]}},{"type":"Feature","properties":{"source_layer":"Agricultural_Changes","source_feature_count":1,"سعر_الأرض_2023":693031.9703179892,"سعر_الأرض_2014":184808.52541813048,"سعر_الايجار_زراعية_2023":null,"نوع_ملكية_الأرض":"تمليك","أنواع_المحاصيل_المزروعة":"محاصيل موسمية","اسم_المحور":"محور كلبشة","اسم_المحافظة":"محافظة أسوان","المساحة_كم2":0.0062351054459558195,"نسبة_المساحة":0.07106623358928696,"المساحة_فدان":1.5400710451510873,"فرق_السعر":508223.4448998588,"GlobalID":"{DEBE6D39-5ED6-4DDB-AC1E-93EB72E330FB}","SHAPE_Length":0.00310372861133121,"SHAPE_Area":5.562512268705687e-7},"geometry":{"type":"Polygon","coordinates":[[[32.878106,24.597881],[32.87895,24.597128],[32.877968,24.597346],[32.878106,24.597881]]]}},{"type":"Feature","properties":{"source_layer":"Agricultural_Changes","source_feature_count":1,"سعر_الأرض_2023":1035352.2993516023,"سعر_الأرض_2014":276093.9464937606,"سعر_الايجار_زراعية_2023":null,"نوع_ملكية_الأرض":"تمليك","أنواع_المحاصيل_المزروعة":"محاصيل موسمية","اسم_المحور":"محور كلبشة","اسم_المحافظة":"محافظة أسوان","المساحة_كم2":0.009314910475497998,"نسبة_المساحة":0.10616911124484733,"المساحة_فدان":2.300782887448005,"فرق_السعر":759258.3528578416,"GlobalID":"{76B12CCD-D293-46A0-9E34-2ABB765D011A}","SHAPE_Length":0.003692958582165904,"SHAPE_Area":8.310153955461698e-7},"geometry":{"type":"Polygon","coordinates":[[[32.880779,24.597866],[32.880126,24.599069],[32.880883,24.598929],[32.880779,24.597866]]]}},{"type":"Feature","properties":{"source_layer":"Agricultural_Changes","source_feature_count":1,"سعر_الأرض_2023":1071423.1405033441,"سعر_الأرض_2014":285712.83746755845,"سعر_الايجار_زراعية_2023":null,"نوع_ملكية_الأرض":"تمليك","أنواع_المحاصيل_المزروعة":"محاصيل موسمية","اسم_المحور":"محور كلبشة","اسم_المحافظة":"محافظة أسوان","المساحة_كم2":0.009639434462468233,"نسبة_المساحة":0.10986795766585089,"المساحة_فدان":2.3809403122296535,"فرق_السعر":785710.3030357857,"GlobalID":"{BB091EEF-B1D5-40C9-BEC6-F0012EAB7B74}","SHAPE_Length":0.003736486194869024,"SHAPE_Area":8.599684084655253e-7},"geometry":{"type":"Polygon","coordinates":[[[32.879336,24.599214],[32.879991,24.598027],[32.879159,24.598196],[32.879336,24.599214]]]}},{"type":"Feature","properties":{"source_layer":"Agricultural_Changes","source_feature_count":1,"سعر_الأرض_2023":1083198.3249775989,"سعر_الأرض_2014":288852.886660693,"سعر_الايجار_زراعية_2023":null,"نوع_ملكية_الأرض":"تمليك","أنواع_المحاصيل_المزروعة":"محاصيل موسمية","اسم_المحور":"محور كلبشة","اسم_المحافظة":"محافظة أسوان","المساحة_كم2":0.00974537404388303,"نسبة_المساحة":0.11107543155774129,"المساحة_فدان":2.4071073888391084,"فرق_السعر":794345.4383169059,"GlobalID":"{AE11A312-B86C-407B-950C-140B1B76CF90}","SHAPE_Length":0.003740237172993429,"SHAPE_Area":8.694222310924712e-7},"geometry":{"type":"Polygon","coordinates":[[[32.877599,24.599535],[32.878237,24.598391],[32.877417,24.598564],[32.877599,24.599535]]]}},{"type":"Feature","properties":{"source_layer":"Agricultural_Changes","source_feature_count":1,"سعر_الأرض_2023":1147868.6010294922,"سعر_الأرض_2014":306098.2936078646,"سعر_الايجار_زراعية_2023":null,"نوع_ملكية_الأرض":"تمليك","أنواع_المحاصيل_المزروعة":"محاصيل موسمية","اسم_المحور":"محور كلبشة","اسم_المحافظة":"محافظة أسوان","المساحة_كم2":0.01032720288825454,"نسبة_المساحة":0.11770697691354753,"المساحة_فدان":2.5508191133988714,"فرق_السعر":841770.3074216277,"GlobalID":"{E378BF9D-1E08-4CBC-B81D-DC2A72D5235F}","SHAPE_Length":0.003848814905521885,"SHAPE_Area":9.213284863159442e-7},"geometry":{"type":"Polygon","coordinates":[[[32.878488,24.599371],[32.879159,24.598196],[32.878237,24.598391],[32.878488,24.599371]]]}},{"type":"Feature","properties":{"source_layer":"Agricultural_Changes","source_feature_count":1,"سعر_الأرض_2023":422367.045044072,"سعر_الأرض_2014":126710.11351322159,"سعر_الايجار_زراعية_2023":null,"نوع_ملكية_الأرض":"تمليك","أنواع_المحاصيل_المزروعة":"محاصيل موسمية","اسم_المحور":"محور كلبشة","اسم_المحافظة":"محافظة أسوان","المساحة_كم2":0.004274970091539191,"نسبة_المساحة":0.048725081836361345,"المساحة_فدان":1.05591761261018,"فرق_السعر":295656.93153085036,"GlobalID":"{812D4FEE-11C3-432E-9967-EB6B3EE5B572}","SHAPE_Length":0.0025005283782680338,"SHAPE_Area":3.814121843684362e-7},"geometry":{"type":"Polygon","coordinates":[[[32.881707,24.607364],[32.882564,24.607615],[32.882382,24.607119],[32.881707,24.607364]]]}},{"type":"Feature","properties":{"source_layer":"Agricultural_Changes","source_feature_count":1,"سعر_الأرض_2023":434434.65050419397,"سعر_الأرض_2014":130330.39515125818,"سعر_الايجار_زراعية_2023":null,"نوع_ملكية_الأرض":"تمليك","أنواع_المحاصيل_المزروعة":"محاصيل موسمية","اسم_المحور":"محور كلبشة","اسم_المحافظة":"محافظة أسوان","المساحة_كم2":0.004397111847208441,"نسبة_المساحة":0.050117224217053016,"المساحة_فدان":1.086086626260485,"فرق_السعر":304104.25535293575,"GlobalID":"{3ABEE4A5-F5B8-4566-A579-87C56BB0BD6A}","SHAPE_Length":0.002542131852046499,"SHAPE_Area":3.923086692613047e-7},"geometry":{"type":"Polygon","coordinates":[[[32.882564,24.607615],[32.883091,24.606862],[32.882382,24.607119],[32.882564,24.607615]]]}},{"type":"Feature","properties":{"source_layer":"Agricultural_Changes","source_feature_count":1,"سعر_الأرض_2023":442317.4593287086,"سعر_الأرض_2014":132695.23779861256,"سعر_الايجار_زراعية_2023":null,"نوع_ملكية_الأرض":"تمليك","أنواع_المحاصيل_المزروعة":"محاصيل موسمية","اسم_المحور":"محور كلبشة","اسم_المحافظة":"محافظة أسوان","المساحة_كم2":0.004476897361626605,"نسبة_المساحة":0.05102660033808724,"المساحة_فدان":1.1057936483217714,"فرق_السعر":309622.221530096,"GlobalID":"{DDFF3F7E-C159-4207-BBE0-A155CF3838B1}","SHAPE_Length":0.002568828980483596,"SHAPE_Area":3.9942851702054356e-7},"geometry":{"type":"Polygon","coordinates":[[[32.881177,24.608118],[32.881707,24.607364],[32.880991,24.607624],[32.881177,24.608118]]]}},{"type":"Feature","properties":{"source_layer":"Agricultural_Changes","source_feature_count":1,"سعر_الأرض_2023":133014.09059576865,"سعر_الأرض_2014":40643.19434870709,"سعر_الايجار_زراعية_2023":null,"نوع_ملكية_الأرض":"تمليك","أنواع_المحاصيل_المزروعة":"محاصيل موسمية","اسم_المحور":"محور كلبشة","اسم_المحافظة":"محافظة أسوان","المساحة_كم2":0.001495884959466584,"نسبة_المساحة":0.017049737309752403,"المساحة_فدان":0.36948358498824624,"فرق_السعر":92370.89624706155,"GlobalID":"{06853222-F4A3-44E5-8369-D25475611FDF}","SHAPE_Length":0.00167359619935289,"SHAPE_Area":1.3343253876887687e-7},"geometry":{"type":"Polygon","coordinates":[[[32.874392,24.578949],[32.874967,24.578629],[32.874357,24.57875],[32.874392,24.578949]]]}},{"type":"Feature","properties":{"source_layer":"Agricultural_Changes","source_feature_count":1,"سعر_الأرض_2023":144661.6326680181,"سعر_الأرض_2014":44202.165537449975,"سعر_الايجار_زراعية_2023":null,"نوع_ملكية_الأرض":"تمليك","أنواع_المحاصيل_المزروعة":"محاصيل موسمية","اسم_المحور":"محور كلبشة","اسم_المحافظة":"محافظة أسوان","المساحة_كم2":0.0016268739616286337,"نسبة_المساحة":0.018542718479992868,"المساحة_فدان":0.4018378685222725,"فرق_السعر":100459.46713056814,"GlobalID":"{EA4605D9-97D9-4A80-9887-2BD6A4F86555}","SHAPE_Length":0.0016684420759368614,"SHAPE_Area":1.4511626214427855e-7},"geometry":{"type":"Polygon","coordinates":[[[32.875006,24.578851],[32.875552,24.57852],[32.874967,24.578629],[32.875006,24.578851]]]}},{"type":"Feature","properties":{"source_layer":"Agricultural_Changes","source_feature_count":1,"سعر_الأرض_2023":187699.68055320228,"سعر_الأرض_2014":57352.68016903403,"سعر_الايجار_زراعية_2023":null,"نوع_ملكية_الأرض":"تمليك","أنواع_المحاصيل_المزروعة":"محاصيل موسمية","اسم_المحور":"محور كلبشة","اسم_المحافظة":"محافظة أسوان","المساحة_كم2":0.002110882597314466,"نسبة_المساحة":0.024059332603205752,"المساحة_فدان":0.521388001536673,"فرق_السعر":130347.00038416826,"GlobalID":"{03CC996D-03E3-4489-908A-E3D9D6356E40}","SHAPE_Length":0.002370909030353763,"SHAPE_Area":1.8829019638238437e-7},"geometry":{"type":"Polygon","coordinates":[[[32.874357,24.57875],[32.875289,24.578345],[32.874328,24.578589],[32.874357,24.57875]]]}},{"type":"Feature","properties":{"source_layer":"Agricultural_Changes","source_feature_count":1,"سعر_الأرض_2023":189029.99308659928,"سعر_الأرض_2014":57759.16455423867,"سعر_الايجار_زراعية_2023":null,"نوع_ملكية_الأرض":"تمليك","أنواع_المحاصيل_المزروعة":"محاصيل موسمية","اسم_المحور":"محور كلبشة","اسم_المحافظة":"محافظة أسوان","المساحة_كم2":0.0021258433770422773,"نسبة_المساحة":0.024229851975497065,"المساحة_فدان":0.5250833141294424,"فرق_السعر":131270.8285323606,"GlobalID":"{6C63ECC3-09CB-4978-B4EA-A86926B0B0B4}","SHAPE_Length":0.00199630692032386,"SHAPE_Area":1.8962381176671806e-7},"geometry":{"type":"Polygon","coordinates":[[[32.879838,24.578298],[32.880496,24.577936],[32.879784,24.578039],[32.879838,24.578298]]]}},{"type":"Feature","properties":{"source_layer":"Agricultural_Changes","source_feature_count":1,"سعر_الأرض_2023":192330.66696902394,"سعر_الأرض_2014":58767.703796090645,"سعر_الايجار_زراعية_2023":null,"نوع_ملكية_الأرض":"تمليك","أنواع_المحاصيل_المزروعة":"محاصيل موسمية","اسم_المحور":"محور كلبشة","اسم_المحافظة":"محافظة أسوان","المساحة_كم2":0.0021629629663632924,"نسبة_المساحة":0.024652932134812844,"المساحة_فدان":0.5342518526917331,"فرق_السعر":133562.9631729333,"GlobalID":"{AE92BA6F-9E82-4738-8EF5-004BCF83BDF5}","SHAPE_Length":0.001987688947920403,"SHAPE_Area":1.9293501503109694e-7},"geometry":{"type":"Polygon","coordinates":[[[32.878316,24.578222],[32.879067,24.578391],[32.879037,24.578133],[32.878316,24.578222]]]}},{"type":"Feature","properties":{"source_layer":"Agricultural_Changes","source_feature_count":1,"سعر_الأرض_2023":193515.92419071056,"سعر_الأرض_2014":59129.86572493934,"سعر_الايجار_زراعية_2023":null,"نوع_ملكية_الأرض":"تمليك","أنواع_المحاصيل_المزروعة":"محاصيل موسمية","اسم_المحور":"محور كلبشة","اسم_المحافظة":"محافظة أسوان","المساحة_كم2":0.0021762924447898176,"نسبة_المساحة":0.024804858326870623,"المساحة_فدان":0.5375442338630849,"فرق_السعر":134386.0584657712,"GlobalID":"{7AE17051-1FA3-474B-A887-F454FBA15E42}","SHAPE_Length":0.002040879015999674,"SHAPE_Area":1.9412443154429702e-7},"geometry":{"type":"Polygon","coordinates":[[[32.875289,24.578345],[32.876093,24.578483],[32.876001,24.578164],[32.875289,24.578345]]]}},{"type":"Feature","properties":{"source_layer":"Agricultural_Changes","source_feature_count":1,"سعر_الأرض_2023":194404.68315410297,"سعر_الأرض_2014":59401.430963753686,"سعر_الايجار_زراعية_2023":null,"نوع_ملكية_الأرض":"تمليك","أنواع_المحاصيل_المزروعة":"محاصيل موسمية","اسم_المحور":"محور كلبشة","اسم_المحافظة":"محافظة أسوان","المساحة_كم2":0.002186287484863956,"نسبة_المساحة":0.02491877939184696,"المساحة_فدان":0.5400130087613971,"فرق_السعر":135003.25219034927,"GlobalID":"{1E2D6B1F-5FEB-4A2E-9411-A125272108CD}","SHAPE_Length":0.001859348773518358,"SHAPE_Area":1.9501645682283824e-7},"geometry":{"type":"Polygon","coordinates":[[[32.875638,24.579103],[32.876205,24.578739],[32.87559,24.578776],[32.875638,24.579103]]]}},{"type":"Feature","properties":{"source_layer":"Agricultural_Changes","source_feature_count":1,"سعر_الأرض_2023":195692.67490566624,"سعر_الأرض_2014":59794.983998953576,"سعر_الايجار_زراعية_2023":null,"نوع_ملكية_الأرض":"تمليك","أنواع_المحاصيل_المزروعة":"محاصيل موسمية","اسم_المحور":"محور كلبشة","اسم_المحافظة":"محافظة أسوان","المساحة_كم2":0.0022007723223759134,"نسبة_المساحة":0.025083874089129952,"المساحة_فدان":0.5435907636268507,"فرق_السعر":135897.69090671267,"GlobalID":"{48F3CDD5-4900-4398-A62E-8A054B1F6578}","SHAPE_Length":0.0019957697484951084,"SHAPE_Area":1.9630799120746892e-7},"geometry":{"type":"Polygon","coordinates":[[[32.876245,24.579039],[32.876908,24.578696],[32.876205,24.578739],[32.876245,24.579039]]]}},{"type":"Feature","properties":{"source_layer":"Agricultural_Changes","source_feature_count":1,"سعر_الأرض_2023":199157.39928197977,"سعر_الأرض_2014":60853.64978060493,"سعر_الايجار_زراعية_2023":null,"نوع_ملكية_الأرض":"تمليك","أنواع_المحاصيل_المزروعة":"محاصيل موسمية","اسم_المحور":"محور كلبشة","اسم_المحافظة":"محافظة أسوان","المساحة_كم2":0.002239736834030362,"نسبة_المساحة":0.025527982229870953,"المساحة_فدان":0.5532149980054993,"فرق_السعر":138303.74950137484,"GlobalID":"{11A749CE-C5EA-4186-9B5D-B3462DC7DD26}","SHAPE_Length":0.0020540837601310384,"SHAPE_Area":1.9978354801657785e-7},"geometry":{"type":"Polygon","coordinates":[[[32.879067,24.578391],[32.879784,24.578039],[32.879037,24.578133],[32.879067,24.578391]]]}},{"type":"Feature","properties":{"source_layer":"Agricultural_Changes","source_feature_count":1,"سعر_الأرض_2023":199269.5852612238,"سعر_الأرض_2014":60887.92882981839,"سعر_الايجار_زراعية_2023":null,"نوع_ملكية_الأرض":"تمليك","أنواع_المحاصيل_المزروعة":"محاصيل موسمية","اسم_المحور":"محور كلبشة","اسم_المحافظة":"محافظة أسوان","المساحة_كم2":0.002240998484719116,"نسبة_المساحة":0.025542362221249164,"المساحة_فدان":0.5535266257256217,"فرق_السعر":138381.65643140543,"GlobalID":"{3ED2DB6D-8B4E-469F-9CB1-7C60C2C149C6}","SHAPE_Length":0.0018523843038817898,"SHAPE_Area":1.9989687348796795e-7},"geometry":{"type":"Polygon","coordinates":[[[32.875067,24.579201],[32.87559,24.578776],[32.875006,24.578851],[32.875067,24.579201]]]}},{"type":"Feature","properties":{"source_layer":"Agricultural_Changes","source_feature_count":1,"سعر_الأرض_2023":222369.60227106177,"سعر_الأرض_2014":67946.26736060221,"سعر_الايجار_زراعية_2023":null,"نوع_ملكية_الأرض":"تمليك","أنواع_المحاصيل_المزروعة":"محاصيل موسمية","اسم_المحور":"محور كلبشة","اسم_المحافظة":"محافظة أسوان","المساحة_كم2":0.0025007827515863895,"نسبة_المساحة":0.028503320869348044,"المساحة_فدان":0.6176933396418383,"فرق_السعر":154423.33491045955,"GlobalID":"{CDD63ABE-2ECC-40D3-998B-87DDF51EBB8F}","SHAPE_Length":0.002161946774454732,"SHAPE_Area":2.2306840643339715e-7},"geometry":{"type":"Polygon","coordinates":[[[32.877512,24.578319],[32.878343,24.578491],[32.878316,24.578222],[32.877512,24.578319]]]}},{"type":"Feature","properties":{"source_layer":"Agricultural_Changes","source_feature_count":1,"سعر_الأرض_2023":222462.43216897675,"سعر_الأرض_2014":67974.6320516318,"سعر_الايجار_زراعية_2023":null,"نوع_ملكية_الأرض":"تمليك","أنواع_المحاصيل_المزروعة":"محاصيل موسمية","اسم_المحور":"محور كلبشة","اسم_المحافظة":"محافظة أسوان","المساحة_كم2":0.002501826722548097,"نسبة_المساحة":0.02851521979950539,"المساحة_فدان":0.6179512004693799,"فرق_السعر":154487.80011734494,"GlobalID":"{D4D78F77-3FC1-41BB-8340-9463AF9E0CFA}","SHAPE_Length":0.001961855276358677,"SHAPE_Area":2.2316310148175546e-7},"geometry":{"type":"Polygon","coordinates":[[[32.874454,24.579306],[32.875006,24.578851],[32.874392,24.578949],[32.874454,24.579306]]]}},{"type":"Feature","properties":{"source_layer":"Agricultural_Changes","source_feature_count":1,"سعر_الأرض_2023":225588.9406101969,"سعر_الأرض_2014":68929.95407533794,"سعر_الايجار_زراعية_2023":null,"نوع_ملكية_الأرض":"تمليك","أنواع_المحاصيل_المزروعة":"محاصيل موسمية","اسم_المحور":"محور كلبشة","اسم_المحافظة":"محافظة أسوان","المساحة_كم2":0.0025369876361920484,"نسبة_المساحة":0.028915975444119956,"المساحة_فدان":0.6266359461394359,"فرق_السعر":156658.98653485897,"GlobalID":"{24D40195-78A9-4650-AF7C-590D0328CE96}","SHAPE_Length":0.0020934950632333685,"SHAPE_Area":2.262978202771505e-7},"geometry":{"type":"Polygon","coordinates":[[[32.881151,24.578449],[32.880369,24.578236],[32.880427,24.578541],[32.881151,24.578449]]]}},{"type":"Feature","properties":{"source_layer":"Agricultural_Changes","source_feature_count":1,"سعر_الأرض_2023":242855.29695856854,"سعر_الأرض_2014":74205.78518178483,"سعر_الايجار_زراعية_2023":null,"نوع_ملكية_الأرض":"تمليك","أنواع_المحاصيل_المزروعة":"محاصيل موسمية","اسم_المحور":"محور كلبشة","اسم_المحافظة":"محافظة أسوان","المساحة_كم2":0.0027311661826199788,"نسبة_المساحة":0.03112917585557829,"المساحة_فدان":0.6745980471071348,"فرق_السعر":168649.5117767837,"GlobalID":"{2C7F164B-B72F-4DA1-BD9A-6B1B90E6CD6A}","SHAPE_Length":0.0022641461233490886,"SHAPE_Area":2.436192422028482e-7},"geometry":{"type":"Polygon","coordinates":[[[32.876908,24.578696],[32.877788,24.578876],[32.877749,24.578574],[32.876908,24.578696]]]}},{"type":"Feature","properties":{"source_layer":"Agricultural_Changes","source_feature_count":1,"سعر_الأرض_2023":244585.41839098395,"سعر_الأرض_2014":74734.4333972451,"سعر_الايجار_زراعية_2023":null,"نوع_ملكية_الأرض":"تمليك","أنواع_المحاصيل_المزروعة":"محاصيل موسمية","اسم_المحور":"محور كلبشة","اسم_المحافظة":"محافظة أسوان","المساحة_كم2":0.0027506232387650015,"نسبة_المساحة":0.03135094270602649,"المساحة_فدان":0.6794039399749554,"فرق_السعر":169850.98499373885,"GlobalID":"{F59F4B88-2548-4FFC-BB3F-36976F341EB7}","SHAPE_Length":0.0020441500258769015,"SHAPE_Area":2.4535417744175094e-7},"geometry":{"type":"Polygon","coordinates":[[[32.876093,24.578483],[32.876641,24.578007],[32.876001,24.578164],[32.876093,24.578483]]]}},{"type":"Feature","properties":{"source_layer":"Agricultural_Changes","source_feature_count":1,"سعر_الأرض_2023":256665.33857702115,"سعر_الأرض_2014":78425.52012075647,"سعر_الايجار_زراعية_2023":null,"نوع_ملكية_الأرض":"تمليك","أنواع_المحاصيل_المزروعة":"محاصيل موسمية","اسم_المحور":"محور كلبشة","اسم_المحافظة":"محافظة أسوان","المساحة_كم2":0.0028864747928140032,"نسبة_المساحة":0.032899346074212674,"المساحة_فدان":0.7129592738250587,"فرق_السعر":178239.81845626468,"GlobalID":"{8074CAF5-2F09-4F26-BA4A-DD935250D7BB}","SHAPE_Length":0.002269661719406132,"SHAPE_Area":2.574722319052911e-7},"geometry":{"type":"Polygon","coordinates":[[[32.879598,24.578646],[32.880369,24.578236],[32.879568,24.578329],[32.879598,24.578646]]]}},{"type":"Feature","properties":{"source_layer":"Agricultural_Changes","source_feature_count":1,"سعر_الأرض_2023":264630.29395140184,"سعر_الأرض_2014":80859.25648515056,"سعر_الايجار_زراعية_2023":null,"نوع_ملكية_الأرض":"تمليك","أنواع_المحاصيل_المزروعة":"محاصيل موسمية","اسم_المحور":"محور كلبشة","اسم_المحافظة":"محافظة أسوان","المساحة_كم2":0.0029760491897368626,"نسبة_المساحة":0.033920293525785974,"المساحة_فدان":0.735084149865005,"فرق_السعر":183771.0374662513,"GlobalID":"{EB795BA6-6C44-46B5-A169-6AD7174C6186}","SHAPE_Length":0.0023330408387976145,"SHAPE_Area":2.6546238655064984e-7},"geometry":{"type":"Polygon","coordinates":[[[32.877788,24.578876],[32.878599,24.578456],[32.877749,24.578574],[32.877788,24.578876]]]}},{"type":"Feature","properties":{"source_layer":"Agricultural_Changes","source_feature_count":1,"سعر_الأرض_2023":277131.40569985955,"سعر_الأرض_2014":84679.04063051264,"سعر_الايجار_زراعية_2023":null,"نوع_ملكية_الأرض":"تمليك","أنواع_المحاصيل_المزروعة":"محاصيل موسمية","اسم_المحور":"محور كلبشة","اسم_المحافظة":"محافظة أسوان","المساحة_كم2":0.0031166374910015695,"نسبة_المساحة":0.035522685200505624,"المساحة_فدان":0.7698094602773876,"فرق_السعر":192452.3650693469,"GlobalID":"{7A7C339F-6A0E-4B8E-BBE0-7735E8EB307A}","SHAPE_Length":0.0026306402191860665,"SHAPE_Area":2.7800270476541157e-7},"geometry":{"type":"Polygon","coordinates":[[[32.87559,24.578776],[32.876554,24.578441],[32.875552,24.57852],[32.87559,24.578776]]]}},{"type":"Feature","properties":{"source_layer":"Agricultural_Changes","source_feature_count":1,"سعر_الأرض_2023":280721.03543707274,"سعر_الأرض_2014":85775.87193910556,"سعر_الايجار_زراعية_2023":null,"نوع_ملكية_الأرض":"تمليك","أنواع_المحاصيل_المزروعة":"محاصيل موسمية","اسم_المحور":"محور كلبشة","اسم_المحافظة":"محافظة أسوان","المساحة_كم2":0.0031570066963233557,"نسبة_المساحة":0.035982803702121785,"المساحة_فدان":0.7797806539918688,"فرق_السعر":194945.16349796718,"GlobalID":"{FBDA8AEC-7227-4721-956C-9BAF217ABFC9}","SHAPE_Length":0.002475966661369339,"SHAPE_Area":2.816035791826735e-7},"geometry":{"type":"Polygon","coordinates":[[[32.876554,24.578441],[32.877556,24.578602],[32.877512,24.578319],[32.876554,24.578441]]]}},{"type":"Feature","properties":{"source_layer":"Agricultural_Changes","source_feature_count":1,"سعر_الأرض_2023":301887.9488963937,"سعر_الأرض_2014":92243.53994056473,"سعر_الايجار_زراعية_2023":null,"نوع_ملكية_الأرض":"تمليك","أنواع_المحاصيل_المزروعة":"محاصيل موسمية","اسم_المحور":"محور كلبشة","اسم_المحافظة":"محافظة أسوان","المساحة_كم2":0.0033950511571794162,"نسبة_المساحة":0.03869597726533799,"المساحة_فدان":0.8385776358233158,"فرق_السعر":209644.40895582899,"GlobalID":"{990C00C9-B776-4188-AA97-34F14DC8D4AB}","SHAPE_Length":0.0023004517613008433,"SHAPE_Area":3.0283496071863293e-7},"geometry":{"type":"Polygon","coordinates":[[[32.880453,24.577742],[32.881092,24.577231],[32.880367,24.577357],[32.880453,24.577742]]]}},{"type":"Feature","properties":{"source_layer":"Agricultural_Changes","source_feature_count":1,"سعر_الأرض_2023":304572.68579593016,"سعر_الأرض_2014":93063.87621542311,"سعر_الايجار_زراعية_2023":null,"نوع_ملكية_الأرض":"تمليك","أنواع_المحاصيل_المزروعة":"محاصيل موسمية","اسم_المحور":"محور كلبشة","اسم_المحافظة":"محافظة أسوان","المساحة_كم2":0.003425243879846268,"نسبة_المساحة":0.039040106663042196,"المساحة_فدان":0.8460352383220282,"فرق_السعر":211508.80958050705,"GlobalID":"{10CF736C-1D67-49ED-9398-0E84C7E53C7C}","SHAPE_Length":0.002237509843490332,"SHAPE_Area":3.055290238307126e-7},"geometry":{"type":"Polygon","coordinates":[[[32.877512,24.578319],[32.878075,24.577757],[32.877443,24.577867],[32.877512,24.578319]]]}},{"type":"Feature","properties":{"source_layer":"Agricultural_Changes","source_feature_count":1,"سعر_الأرض_2023":309386.5764438881,"سعر_الأرض_2014":94534.78724674358,"سعر_الايجار_زراعية_2023":null,"نوع_ملكية_الأرض":"تمليك","أنواع_المحاصيل_المزروعة":"محاصيل موسمية","اسم_المحور":"محور كلبشة","اسم_المحافظة":"محافظة أسوان","المساحة_كم2":0.0034793812015731906,"نسبة_المساحة":0.03965715084699249,"المساحة_فدان":0.859407156788578,"فرق_السعر":214851.7891971445,"GlobalID":"{E226DBC2-0C78-4603-B812-3DEDC0482298}","SHAPE_Length":0.002579665370953825,"SHAPE_Area":3.103589821163013e-7},"geometry":{"type":"Polygon","coordinates":[[[32.878637,24.578768],[32.879568,24.578329],[32.878599,24.578456],[32.878637,24.578768]]]}},{"type":"Feature","properties":{"source_layer":"Agricultural_Changes","source_feature_count":1,"سعر_الأرض_2023":321476.3773375045,"سعر_الأرض_2014":98228.89307534859,"سعر_الايجار_زراعية_2023":null,"نوع_ملكية_الأرض":"تمليك","أنواع_المحاصيل_المزروعة":"محاصيل موسمية","اسم_المحور":"محور كلبشة","اسم_المحافظة":"محافظة أسوان","المساحة_كم2":0.003615343874690784,"نسبة_المساحة":0.04120682072362078,"المساحة_فدان":0.8929899370486235,"فرق_السعر":223247.48426215595,"GlobalID":"{99D8E95F-BE30-4548-AC5A-CB6CF0D69C9E}","SHAPE_Length":0.002286595482338164,"SHAPE_Area":3.2248587682689997e-7},"geometry":{"type":"Polygon","coordinates":[[[32.878075,24.577757],[32.878789,24.578164],[32.878699,24.577648],[32.878075,24.577757]]]}},{"type":"Feature","properties":{"source_layer":"Agricultural_Changes","source_feature_count":1,"سعر_الأرض_2023":345803.5686670361,"سعر_الأرض_2014":105662.2015371499,"سعر_الايجار_زراعية_2023":null,"نوع_ملكية_الأرض":"تمليك","أنواع_المحاصيل_المزروعة":"محاصيل موسمية","اسم_المحور":"محور كلبشة","اسم_المحافظة":"محافظة أسوان","المساحة_كم2":0.0038889290223463346,"نسبة_المساحة":0.04432507849461963,"المساحة_فدان":0.9605654685195446,"فرق_السعر":240141.36712988617,"GlobalID":"{B2A5719A-A7A0-4B83-BD03-7064B6F5842E}","SHAPE_Length":0.0023656329459229696,"SHAPE_Area":3.468886541827724e-7},"geometry":{"type":"Polygon","coordinates":[[[32.878699,24.577648],[32.879427,24.578083],[32.879333,24.577538],[32.878699,24.577648]]]}},{"type":"Feature","properties":{"source_layer":"Agricultural_Changes","source_feature_count":1,"سعر_الأرض_2023":347686.7489680646,"سعر_الأرض_2014":106237.61774024197,"سعر_الايجار_زراعية_2023":null,"نوع_ملكية_الأرض":"تمليك","أنواع_المحاصيل_المزروعة":"محاصيل موسمية","اسم_المحور":"محور كلبشة","اسم_المحافظة":"محافظة أسوان","المساحة_كم2":0.003910107388304821,"نسبة_المساحة":0.04456646442069428,"المساحة_فدان":0.9657965249112906,"فرق_السعر":241449.13122782263,"GlobalID":"{6AD35250-E691-411D-9B23-6D0EEE06F504}","SHAPE_Length":0.0024851083596508145,"SHAPE_Area":3.4877939945880135e-7},"geometry":{"type":"Polygon","coordinates":[[[32.876724,24.578417],[32.877443,24.577867],[32.876641,24.578007],[32.876724,24.578417]]]}},{"type":"Feature","properties":{"source_layer":"Agricultural_Changes","source_feature_count":1,"سعر_الأرض_2023":360145.37970645085,"سعر_الأرض_2014":110044.42157697109,"سعر_الايجار_زراعية_2023":null,"نوع_ملكية_الأرض":"تمليك","أنواع_المحاصيل_المزروعة":"محاصيل موسمية","اسم_المحور":"محور كلبشة","اسم_المحافظة":"محافظة أسوان","المساحة_كم2":0.004050217945416676,"نسبة_المساحة":0.04616341088236072,"المساحة_فدان":1.000403832517919,"فرق_السعر":250100.95812947978,"GlobalID":"{D203CDF5-ACC4-447D-8325-43A2F4AF0128}","SHAPE_Length":0.002452482379824599,"SHAPE_Area":3.612764698914018e-7},"geometry":{"type":"Polygon","coordinates":[[[32.880558,24.578214],[32.88119,24.577647],[32.880453,24.577742],[32.880558,24.578214]]]}},{"type":"Feature","properties":{"source_layer":"Agricultural_Changes","source_feature_count":1,"سعر_الأرض_2023":459103.5602124012,"سعر_الأرض_2014":140281.6433982337,"سعر_الايجار_زراعية_2023":null,"نوع_ملكية_الأرض":"تمليك","أنواع_المحاصيل_المزروعة":"محاصيل موسمية","اسم_المحور":"محور كلبشة","اسم_المحافظة":"محافظة أسوان","المساحة_كم2":0.005163107964601904,"نسبة_المساحة":0.058847863895725806,"المساحة_فدان":1.27528766725667,"فرق_السعر":318821.9168141675,"GlobalID":"{AAA3E3CE-8FE4-42E2-8DAD-B03DF1B8934E}","SHAPE_Length":0.0028036607348509573,"SHAPE_Area":4.6054319434235554e-7},"geometry":{"type":"Polygon","coordinates":[[[32.882503,24.57786],[32.882814,24.576899],[32.882287,24.577013],[32.882503,24.57786]]]}},{"type":"Feature","properties":{"source_layer":"Agricultural_Changes","source_feature_count":1,"سعر_الأرض_2023":491937.4197143435,"سعر_الأرض_2014":150314.21157938274,"سعر_الايجار_زراعية_2023":null,"نوع_ملكية_الأرض":"تمليك","أنواع_المحاصيل_المزروعة":"محاصيل موسمية","اسم_المحور":"محور كلبشة","اسم_المحافظة":"محافظة أسوان","المساحة_كم2":0.005532359645910296,"نسبة_المساحة":0.0630565058288177,"المساحة_فدان":1.366492832539843,"فرق_السعر":341623.20813496073,"GlobalID":"{8AE186A6-29CA-47C1-BBE2-91C31E0415CE}","SHAPE_Length":0.0028813559571558177,"SHAPE_Area":4.93479539307712e-7},"geometry":{"type":"Polygon","coordinates":[[[32.883384,24.576776],[32.883006,24.577755],[32.883535,24.577645],[32.883384,24.576776]]]}},{"type":"Feature","properties":{"source_layer":"Agricultural_Changes","source_feature_count":1,"سعر_الأرض_2023":530943.6806021337,"سعر_الأرض_2014":162232.79129509642,"سعر_الايجار_زراعية_2023":null,"نوع_ملكية_الأرض":"تمليك","أنواع_المحاصيل_المزروعة":"محاصيل موسمية","اسم_المحور":"محور كلبشة","اسم_المحافظة":"محافظة أسوان","المساحة_كم2":0.005971026547482387,"نسبة_المساحة":0.0680563257621327,"المساحة_فدان":1.4748435572281493,"فرق_السعر":368710.88930703735,"GlobalID":"{886797C4-7731-4EA4-9D9E-1D19E18A8142}","SHAPE_Length":0.0029744403706218857,"SHAPE_Area":5.326088632279792e-7},"geometry":{"type":"Polygon","coordinates":[[[32.881874,24.577991],[32.882287,24.577013],[32.881723,24.577121],[32.881874,24.577991]]]}},{"type":"Feature","properties":{"source_layer":"Agricultural_Changes","source_feature_count":1,"سعر_الأرض_2023":546112.9212598886,"سعر_الأرض_2014":166867.8370516326,"سعر_الايجار_زراعية_2023":null,"نوع_ملكية_الأرض":"تمليك","أنواع_المحاصيل_المزروعة":"محاصيل موسمية","اسم_المحور":"محور كلبشة","اسم_المحافظة":"محافظة أسوان","المساحة_كم2":0.006141620796894833,"نسبة_المساحة":0.07000071802346927,"المساحة_فدان":1.5169803368330237,"فرق_السعر":379245.084208256,"GlobalID":"{D97DA9EF-01CE-4856-A75D-0525E3AECA4A}","SHAPE_Length":0.0030140618403341306,"SHAPE_Area":5.478256271545533e-7},"geometry":{"type":"Polygon","coordinates":[[[32.8813,24.578111],[32.881723,24.577121],[32.881092,24.577231],[32.8813,24.578111]]]}},{"type":"Feature","properties":{"source_layer":"Agricultural_Changes","source_feature_count":1,"سعر_الأرض_2023":1982903.1860254316,"سعر_الأرض_2014":null,"سعر_الايجار_زراعية_2023":null,"نوع_ملكية_الأرض":"ايجار","أنواع_المحاصيل_المزروعة":"خضروات","اسم_المحور":"محور كلبشة","اسم_المحافظة":"محافظة أسوان","المساحة_كم2":0.03211179248624181,"نسبة_المساحة":0.3660024943568758,"المساحة_فدان":7.931612744101726,"فرق_السعر":1982903.1860254316,"GlobalID":"{8880F329-B2F4-41BA-A5ED-78AA603BB4B6}","SHAPE_Length":0.009226775654940844,"SHAPE_Area":0.000002862682057053703},"geometry":{"type":"Polygon","coordinates":[[[32.741645,24.506403],[32.73795,24.50496],[32.737798,24.505684],[32.741645,24.506403]]]}},{"type":"Feature","properties":{"source_layer":"Agricultural_Changes","source_feature_count":1,"سعر_الأرض_2023":2593770.011048536,"سعر_الأرض_2014":null,"سعر_الايجار_زراعية_2023":null,"نوع_ملكية_الأرض":"ايجار","أنواع_المحاصيل_المزروعة":"خضروات","اسم_المحور":"محور كلبشة","اسم_المحافظة":"محافظة أسوان","المساحة_كم2":0.042004372648559295,"نسبة_المساحة":0.47875574587918895,"المساحة_فدان":10.375080044194144,"فرق_السعر":2593770.011048536,"GlobalID":"{C42515E6-5096-4003-88A5-B4BDF221FE54}","SHAPE_Length":0.010771108625356409,"SHAPE_Area":0.0000037445536348525207},"geometry":{"type":"Polygon","coordinates":[[[32.737005,24.505539],[32.738741,24.5012],[32.737913,24.501085],[32.737005,24.505539]]]}},{"type":"Feature","properties":{"source_layer":"Agricultural_Changes","source_feature_count":1,"سعر_الأرض_2023":1534384.4028601232,"سعر_الأرض_2014":null,"سعر_الايجار_زراعية_2023":null,"نوع_ملكية_الأرض":"ايجار","أنواع_المحاصيل_المزروعة":"خضروات","اسم_المحور":"محور كلبشة","اسم_المحافظة":"محافظة أسوان","المساحة_كم2":0.024848330410690258,"نسبة_المساحة":0.28321529901555564,"المساحة_فدان":6.137537611440493,"فرق_السعر":1534384.4028601232,"GlobalID":"{6DEFB239-FDEA-4CFE-9A3D-71FD14CABAFB}","SHAPE_Length":0.007703796212886931,"SHAPE_Area":0.000002215098263233923},"geometry":{"type":"Polygon","coordinates":[[[32.744982,24.502801],[32.741973,24.501646],[32.74183,24.502307],[32.744982,24.502801]]]}},{"type":"Feature","properties":{"source_layer":"Agricultural_Changes","source_feature_count":1,"سعر_الأرض_2023":1460765.078428551,"سعر_الأرض_2014":null,"سعر_الايجار_زراعية_2023":null,"نوع_ملكية_الأرض":"ايجار","أنواع_المحاصيل_المزروعة":"خضروات","اسم_المحور":"محور كلبشة","اسم_المحافظة":"محافظة أسوان","المساحة_كم2":0.02365611463042188,"نسبة_المساحة":0.269626710039191,"المساحة_فدان":5.843060313714204,"فرق_السعر":1460765.078428551,"GlobalID":"{D96BF4D0-40AD-4C1F-8356-A81FFA6902D9}","SHAPE_Length":0.008151072229087635,"SHAPE_Area":0.000002108838524715176},"geometry":{"type":"Polygon","coordinates":[[[32.741668,24.504244],[32.738331,24.503151],[32.738202,24.503765],[32.741668,24.504244]]]}},{"type":"Feature","properties":{"source_layer":"Agricultural_Changes","source_feature_count":1,"سعر_الأرض_2023":1537577.3692345712,"سعر_الأرض_2014":null,"سعر_الايجار_زراعية_2023":null,"نوع_ملكية_الأرض":"ايجار","أنواع_المحاصيل_المزروعة":"خضروات","اسم_المحور":"محور كلبشة","اسم_المحافظة":"محافظة أسوان","المساحة_كم2":0.024900038368171198,"نسبة_المساحة":0.28380465388960174,"المساحة_فدان":6.150309476938285,"فرق_السعر":1537577.3692345712,"GlobalID":"{43182FC2-923C-4727-9BD4-CC472D038AF1}","SHAPE_Length":0.00800801067758028,"SHAPE_Area":0.0000022197519111078096},"geometry":{"type":"Polygon","coordinates":[[[32.741702,24.503626],[32.738465,24.502513],[32.738331,24.503151],[32.741702,24.503626]]]}},{"type":"Feature","properties":{"source_layer":"Agricultural_Changes","source_feature_count":1,"سعر_الأرض_2023":1538515.7750387893,"سعر_الأرض_2014":null,"سعر_الايجار_زراعية_2023":null,"نوع_ملكية_الأرض":"ايجار","أنواع_المحاصيل_المزروعة":"خضروات","اسم_المحور":"محور كلبشة","اسم_المحافظة":"محافظة أسوان","المساحة_كم2":0.02491523522330023,"نسبة_المساحة":0.28397786399258773,"المساحة_فدان":6.154063100155157,"فرق_السعر":1538515.7750387893,"GlobalID":"{B6FFCE0D-EB08-4A95-BC91-AC3A38981DB3}","SHAPE_Length":0.008351855574700012,"SHAPE_Area":0.0000022211103770489145},"geometry":{"type":"Polygon","coordinates":[[[32.741634,24.504878],[32.738202,24.503765],[32.738074,24.504374],[32.741634,24.504878]]]}},{"type":"Feature","properties":{"source_layer":"Agricultural_Changes","source_feature_count":1,"سعر_الأرض_2023":1685903.3398101428,"سعر_الأرض_2014":null,"سعر_الايجار_زراعية_2023":null,"نوع_ملكية_الأرض":"ايجار","أنواع_المحاصيل_المزروعة":"خضروات","اسم_المحور":"محور كلبشة","اسم_المحافظة":"محافظة أسوان","المساحة_كم2":0.027302078377492194,"نسبة_المساحة":0.31118252871029783,"المساحة_فدان":6.743613359240571,"فرق_السعر":1685903.3398101428,"GlobalID":"{BED55FF9-6E1C-4668-B25C-F65F9A8812AE}","SHAPE_Length":0.008597698214468517,"SHAPE_Area":0.000002433927834139157},"geometry":{"type":"Polygon","coordinates":[[[32.741623,24.505555],[32.738074,24.504374],[32.73795,24.50496],[32.741623,24.505555]]]}},{"type":"Feature","properties":{"source_layer":"Agricultural_Changes","source_feature_count":1,"سعر_الأرض_2023":1078264.3386303994,"سعر_الأرض_2014":null,"سعر_الايجار_زراعية_2023":null,"نوع_ملكية_الأرض":"ايجار","أنواع_المحاصيل_المزروعة":"خضروات","اسم_المحور":"محور كلبشة","اسم_المحافظة":"محافظة أسوان","المساحة_كم2":0.017461770666079346,"نسبة_المساحة":0.19902506602242742,"المساحة_فدان":4.3130573545215976,"فرق_السعر":1078264.3386303994,"GlobalID":"{9CE93BF9-55DF-4874-BDB5-C8B9EEFE1402}","SHAPE_Length":0.00676803013671732,"SHAPE_Area":0.000001556658378870042},"geometry":{"type":"Polygon","coordinates":[[[32.744472,24.504593],[32.741702,24.503626],[32.741672,24.504169],[32.744472,24.504593]]]}},{"type":"Feature","properties":{"source_layer":"Agricultural_Changes","source_feature_count":1,"سعر_الأرض_2023":1317897.4639756263,"سعر_الأرض_2014":null,"سعر_الايجار_زراعية_2023":null,"نوع_ملكية_الأرض":"ايجار","أنواع_المحاصيل_المزروعة":"خضروات","اسم_المحور":"محور كلبشة","اسم_المحافظة":"محافظة أسوان","المساحة_كم2":0.021342469052236863,"نسبة_المساحة":0.2432563337035728,"المساحة_فدان":5.271589855902505,"فرق_السعر":1317897.4639756263,"GlobalID":"{70797CF4-36FA-4C16-8A98-F06F5EE1B2D3}","SHAPE_Length":0.006981138026344643,"SHAPE_Area":0.000001902630847282917},"geometry":{"type":"Polygon","coordinates":[[[32.744431,24.505274],[32.741634,24.504878],[32.744389,24.505957],[32.744431,24.505274]]]}},{"type":"Feature","properties":{"source_layer":"Agricultural_Changes","source_feature_count":1,"سعر_الأرض_2023":1358457.1263181237,"سعر_الأرض_2014":null,"سعر_الايجار_زراعية_2023":null,"نوع_ملكية_الأرض":"ايجار","أنواع_المحاصيل_المزروعة":"خضروات","اسم_المحور":"محور كلبشة","اسم_المحافظة":"محافظة أسوان","المساحة_كم2":0.021999305689362324,"نسبة_المساحة":0.2507427998569618,"المساحة_فدان":5.433828505272494,"فرق_السعر":1358457.1263181237,"GlobalID":"{6E2A7C4E-6E20-4975-84C5-D0A8603741AA}","SHAPE_Length":0.0070478357083391405,"SHAPE_Area":0.0000019611762426806075},"geometry":{"type":"Polygon","coordinates":[[[32.744431,24.505274],[32.741672,24.504169],[32.741634,24.504878],[32.744431,24.505274]]]}},{"type":"Feature","properties":{"source_layer":"Agricultural_Changes","source_feature_count":1,"سعر_الأرض_2023":1446512.972875257,"سعر_الأرض_2014":null,"سعر_الايجار_زراعية_2023":null,"نوع_ملكية_الأرض":"ايجار","أنواع_المحاصيل_المزروعة":"خضروات","اسم_المحور":"محور كلبشة","اسم_المحافظة":"محافظة أسوان","المساحة_كم2":0.0234253113016236,"نسبة_المساحة":0.26699606915913937,"المساحة_فدان":5.786051891501028,"فرق_السعر":1446512.972875257,"GlobalID":"{984E81D1-D257-47C6-99BE-216BF38E68B5}","SHAPE_Length":0.00771952725319586,"SHAPE_Area":0.0000020882698485155757},"geometry":{"type":"Polygon","coordinates":[[[32.744928,24.503422],[32.74183,24.502307],[32.741729,24.502972],[32.744928,24.503422]]]}},{"type":"Feature","properties":{"source_layer":"Agricultural_Changes","source_feature_count":1,"سعر_الأرض_2023":1466344.191825766,"سعر_الأرض_2014":null,"سعر_الايجار_زراعية_2023":null,"نوع_ملكية_الأرض":"ايجار","أنواع_المحاصيل_المزروعة":"خضروات","اسم_المحور":"محور كلبشة","اسم_المحافظة":"محافظة أسوان","المساحة_كم2":0.023746464644951677,"نسبة_المساحة":0.27065649779386874,"المساحة_فدان":5.865376767303064,"فرق_السعر":1466344.191825766,"GlobalID":"{9906E92C-5C14-46A8-AF4B-5AF2DCA8B11D}","SHAPE_Length":0.007758248644046851,"SHAPE_Area":0.0000021169149942597676},"geometry":{"type":"Polygon","coordinates":[[[32.744869,24.504092],[32.741729,24.502972],[32.741702,24.503626],[32.744869,24.504092]]]}},{"type":"Feature","properties":{"source_layer":"Agricultural_Changes","source_feature_count":1,"سعر_الأرض_2023":1506648.9445118913,"سعر_الأرض_2014":null,"سعر_الايجار_زراعية_2023":null,"نوع_ملكية_الأرض":"ايجار","أنواع_المحاصيل_المزروعة":"خضروات","اسم_المحور":"محور كلبشة","اسم_المحافظة":"محافظة أسوان","المساحة_كم2":0.024399173190475975,"نسبة_المساحة":0.2780959129511601,"المساحة_فدان":6.026595778047565,"فرق_السعر":1506648.9445118913,"GlobalID":"{9F816831-082D-4660-BE15-98F9E5966849}","SHAPE_Length":0.00785785592359423,"SHAPE_Area":0.000002175052923790781},"geometry":{"type":"Polygon","coordinates":[[[32.74183,24.502307],[32.738741,24.5012],[32.738605,24.501847],[32.74183,24.502307]]]}},{"type":"Feature","properties":{"source_layer":"Agricultural_Changes","source_feature_count":1,"سعر_الأرض_2023":1067093.0665277394,"سعر_الأرض_2014":null,"سعر_الايجار_زراعية_2023":null,"نوع_ملكية_الأرض":"ايجار","أنواع_المحاصيل_المزروعة":"خضروات","اسم_المحور":"محور كلبشة","اسم_المحافظة":"محافظة أسوان","المساحة_كم2":0.017280859376967442,"نسبة_المساحة":0.19696308262176102,"المساحة_فدان":4.2683722661109575,"فرق_السعر":1067093.0665277394,"GlobalID":"{1725A36F-64B1-4956-94B4-BDFEA465D369}","SHAPE_Length":0.005386657857430934,"SHAPE_Area":0.0000015404535928634892},"geometry":{"type":"Polygon","coordinates":[[[32.738427,24.498564],[32.739637,24.496796],[32.738807,24.496699],[32.738427,24.498564]]]}},{"type":"Feature","properties":{"source_layer":"Agricultural_Changes","source_feature_count":1,"سعر_الأرض_2023":1522816.4464504928,"سعر_الأرض_2014":null,"سعر_الايجار_زراعية_2023":null,"نوع_ملكية_الأرض":"ايجار","أنواع_المحاصيل_المزروعة":"خضروات","اسم_المحور":"محور كلبشة","اسم_المحافظة":"محافظة أسوان","المساحة_كم2":0.024660995084218505,"نسبة_المساحة":0.28108009598074535,"المساحة_فدان":6.091265785801971,"فرق_السعر":1522816.4464504928,"GlobalID":"{2DAEB985-EC9B-4C44-82D3-9856E4DE4032}","SHAPE_Length":0.006960264532559686,"SHAPE_Area":0.000002198375320723904},"geometry":{"type":"Polygon","coordinates":[[[32.737913,24.501085],[32.739279,24.498555],[32.738427,24.498564],[32.737913,24.501085]]]}},{"type":"Feature","properties":{"source_layer":"Agricultural_Changes","source_feature_count":1,"سعر_الأرض_2023":1444370.0778283407,"سعر_الأرض_2014":null,"سعر_الايجار_زراعية_2023":null,"نوع_ملكية_الأرض":"ايجار","أنواع_المحاصيل_المزروعة":"خضروات","اسم_المحور":"محور كلبشة","اسم_المحافظة":"محافظة أسوان","المساحة_كم2":0.023390608547827377,"نسبة_المساحة":0.2666005355103743,"المساحة_فدان":5.777480311313362,"فرق_السعر":1444370.0778283407,"GlobalID":"{B06D4B86-C9E5-4B5E-8568-3FBDB37B44C8}","SHAPE_Length":0.005963319136930861,"SHAPE_Area":0.0000020851405545826465},"geometry":{"type":"Polygon","coordinates":[[[32.740555,24.50145],[32.738949,24.500178],[32.738741,24.5012],[32.740555,24.50145]]]}},{"type":"Feature","properties":{"source_layer":"Agricultural_Changes","source_feature_count":1,"سعر_الأرض_2023":1240337.3419051692,"سعر_الأرض_2014":null,"سعر_الايجار_زراعية_2023":null,"نوع_ملكية_الأرض":"ايجار","أنواع_المحاصيل_المزروعة":"خضروات","اسم_المحور":"محور كلبشة","اسم_المحافظة":"محافظة أسوان","المساحة_كم2":0.020086434686723387,"نسبة_المساحة":0.22894035582806646,"المساحة_فدان":4.961349367620676,"فرق_السعر":1240337.3419051692,"GlobalID":"{5E6DB6EF-31B3-4EDE-AD8A-994809B06B6A}","SHAPE_Length":0.005390820198422588,"SHAPE_Area":0.0000017905933350630804},"geometry":{"type":"Polygon","coordinates":[[[32.741846,24.501628],[32.740793,24.500228],[32.740555,24.50145],[32.741846,24.501628]]]}},{"type":"Feature","properties":{"source_layer":"Agricultural_Changes","source_feature_count":1,"سعر_الأرض_2023":1357230.173791725,"سعر_الأرض_2014":null,"سعر_الايجار_زراعية_2023":null,"نوع_ملكية_الأرض":"ايجار","أنواع_المحاصيل_المزروعة":"خضروات","اسم_المحور":"محور كلبشة","اسم_المحافظة":"محافظة أسوان","المساحة_كم2":0.021979436012821457,"نسبة_المساحة":0.2505163300583937,"المساحة_فدان":5.4289206951669,"فرق_السعر":1357230.173791725,"GlobalID":"{CBF54EAA-C738-4B59-8583-279C5E37E1C2}","SHAPE_Length":0.005685374872795328,"SHAPE_Area":0.000001959347115123536},"geometry":{"type":"Polygon","coordinates":[[[32.74309,24.5018],[32.742207,24.500246],[32.741846,24.501628],[32.74309,24.5018]]]}},{"type":"Feature","properties":{"source_layer":"Agricultural_Changes","source_feature_count":1,"سعر_الأرض_2023":1579806.252306525,"سعر_الأرض_2014":null,"سعر_الايجار_زراعية_2023":null,"نوع_ملكية_الأرض":"ايجار","أنواع_المحاصيل_المزروعة":"خضروات","اسم_المحور":"محور كلبشة","اسم_المحافظة":"محافظة أسوان","المساحة_كم2":0.025583906919943722,"نسبة_المساحة":0.29159922331042143,"المساحة_فدان":6.319225009226099,"فرق_السعر":1579806.252306525,"GlobalID":"{C66D0ECD-5A2A-4A7E-8990-A65028CC40F3}","SHAPE_Length":0.006107615874694029,"SHAPE_Area":0.00000228066758531018},"geometry":{"type":"Polygon","coordinates":[[[32.744509,24.501996],[32.74359,24.50026],[32.74309,24.5018],[32.744509,24.501996]]]}},{"type":"Feature","properties":{"source_layer":"Agricultural_Changes","source_feature_count":1,"سعر_الأرض_2023":1736658.9496517763,"سعر_الأرض_2014":null,"سعر_الايجار_زراعية_2023":null,"نوع_ملكية_الأرض":"ايجار","أنواع_المحاصيل_المزروعة":"خضروات","اسم_المحور":"محور كلبشة","اسم_المحافظة":"محافظة أسوان","المساحة_كم2":0.028124031573308124,"نسبة_المساحة":0.32055095372245274,"المساحة_فدان":6.9466357986071054,"فرق_السعر":1736658.9496517763,"GlobalID":"{3848752E-3586-4D3E-8CC5-854C4291B735}","SHAPE_Length":0.006510888180433363,"SHAPE_Area":0.000002507073847880395},"geometry":{"type":"Polygon","coordinates":[[[32.74359,24.50026],[32.742657,24.498522],[32.742207,24.500246],[32.74359,24.50026]]]}},{"type":"Feature","properties":{"source_layer":"Agricultural_Changes","source_feature_count":1,"سعر_الأرض_2023":1745215.1828605821,"سعر_الأرض_2014":null,"سعر_الايجار_زراعية_2023":null,"نوع_ملكية_الأرض":"ايجار","أنواع_المحاصيل_المزروعة":"خضروات","اسم_المحور":"محور كلبشة","اسم_المحافظة":"محافظة أسوان","المساحة_كم2":0.028262594054422385,"نسبة_المساحة":0.32213025558589825,"المساحة_فدان":6.980860731442329,"فرق_السعر":1745215.1828605821,"GlobalID":"{14A8F007-A255-4100-8652-5580E531CE76}","SHAPE_Length":0.006454776456447343,"SHAPE_Area":0.00000251942289733473},"geometry":{"type":"Polygon","coordinates":[[[32.742207,24.500246],[32.741121,24.498537],[32.740793,24.500228],[32.742207,24.500246]]]}},{"type":"Feature","properties":{"source_layer":"Agricultural_Changes","source_feature_count":1,"سعر_الأرض_2023":1056370.4923913726,"سعر_الأرض_2014":null,"سعر_الايجار_زراعية_2023":null,"نوع_ملكية_الأرض":"ايجار","أنواع_المحاصيل_المزروعة":"خضروات","اسم_المحور":"محور كلبشة","اسم_المحافظة":"محافظة أسوان","المساحة_كم2":0.01710721445168215,"نسبة_المساحة":0.19498391948989727,"المساحة_فدان":4.22548196956549,"فرق_السعر":1056370.4923913726,"GlobalID":"{0D3379F9-3412-481C-982F-50B2F12953FA}","SHAPE_Length":0.005072085574442886,"SHAPE_Area":0.0000015249805460566815},"geometry":{"type":"Polygon","coordinates":[[[32.744159,24.498507],[32.745915,24.497567],[32.744475,24.497387],[32.744159,24.498507]]]}},{"type":"Feature","properties":{"source_layer":"Agricultural_Changes","source_feature_count":1,"سعر_الأرض_2023":1153954.1988053874,"سعر_الأرض_2014":null,"سعر_الايجار_زراعية_2023":null,"نوع_ملكية_الأرض":"ايجار","أنواع_المحاصيل_المزروعة":"خضروات","اسم_المحور":"محور كلبشة","اسم_المحافظة":"محافظة أسوان","المساحة_كم2":0.01868751738956093,"نسبة_المساحة":0.21299583263211574,"المساحة_فدان":4.61581679522155,"فرق_السعر":1153954.1988053874,"GlobalID":"{7EE68BE6-C2ED-4F11-8764-CC336A778171}","SHAPE_Length":0.0058073829850681285,"SHAPE_Area":0.0000016658522061288903},"geometry":{"type":"Polygon","coordinates":[[[32.747867,24.497811],[32.745656,24.498492],[32.747877,24.49847],[32.747867,24.497811]]]}},{"type":"Feature","properties":{"source_layer":"Agricultural_Changes","source_feature_count":1,"سعر_الأرض_2023":1283358.658174856,"سعر_الأرض_2014":null,"سعر_الايجار_زراعية_2023":null,"نوع_ملكية_الأرض":"ايجار","أنواع_المحاصيل_المزروعة":"خضروات","اسم_المحور":"محور كلبشة","اسم_المحافظة":"محافظة أسوان","المساحة_كم2":0.020783136164775,"نسبة_المساحة":0.23688119185888795,"المساحة_فدان":5.133434632699425,"فرق_السعر":1283358.658174856,"GlobalID":"{F1C89A73-0C7F-49CD-8D7B-22D260D31F05}","SHAPE_Length":0.00552763839693339,"SHAPE_Area":0.0000018526596647783802},"geometry":{"type":"Polygon","coordinates":[[[32.742657,24.498522],[32.744475,24.497387],[32.742987,24.497201],[32.742657,24.498522]]]}},{"type":"Feature","properties":{"source_layer":"Agricultural_Changes","source_feature_count":1,"سعر_الأرض_2023":380256.11405639234,"سعر_الأرض_2014":126752.03801879744,"سعر_الايجار_زراعية_2023":null,"نوع_ملكية_الأرض":"ايجار","أنواع_المحاصيل_المزروعة":"فاكهة","اسم_المحور":"محور كلبشة","اسم_المحافظة":"محافظة أسوان","المساحة_كم2":0.0051316614582509095,"نسبة_المساحة":0.058489444172871524,"المساحة_فدان":1.2675203801879744,"فرق_السعر":253504.0760375949,"GlobalID":"{17ACC87C-291B-4F53-8311-52EE5243074D}","SHAPE_Length":0.0030598957744457566,"SHAPE_Area":4.5792951608693625e-7},"geometry":{"type":"Polygon","coordinates":[[[32.894588,24.631139],[32.894416,24.629996],[32.894034,24.630147],[32.894588,24.631139]]]}},{"type":"Feature","properties":{"source_layer":"Agricultural_Changes","source_feature_count":1,"سعر_الأرض_2023":259581.37132228867,"سعر_الأرض_2014":86527.12377409622,"سعر_الايجار_زراعية_2023":null,"نوع_ملكية_الأرض":"ايجار","أنواع_المحاصيل_المزروعة":"فاكهة","اسم_المحور":"محور كلبشة","اسم_المحافظة":"محافظة أسوان","المساحة_كم2":0.003503122420003896,"نسبة_المساحة":0.03992774754969704,"المساحة_فدان":0.8652712377409623,"فرق_السعر":173054.24754819245,"GlobalID":"{C1EFE1D5-C4E0-4318-9CDA-F6A09A79EE84}","SHAPE_Length":0.0024134916149336637,"SHAPE_Area":3.1260815585643604e-7},"geometry":{"type":"Polygon","coordinates":[[[32.895356,24.632432],[32.895295,24.631557],[32.894947,24.631713],[32.895356,24.632432]]]}},{"type":"Feature","properties":{"source_layer":"Agricultural_Changes","source_feature_count":1,"سعر_الأرض_2023":446193.8452046771,"سعر_الأرض_2014":148731.28173489237,"سعر_الايجار_زراعية_2023":null,"نوع_ملكية_الأرض":"ايجار","أنواع_المحاصيل_المزروعة":"فاكهة","اسم_المحور":"محور كلبشة","اسم_المحافظة":"محافظة أسوان","المساحة_كم2":0.0060215093819794485,"نسبة_المساحة":0.06863171697880321,"المساحة_فدان":1.4873128173489236,"فرق_السعر":297462.5634697847,"GlobalID":"{5D25611A-4B11-404F-8FBE-3BA587805C76}","SHAPE_Length":0.003328268079161537,"SHAPE_Area":5.373464999495264e-7},"geometry":{"type":"Polygon","coordinates":[[[32.88909,24.633606],[32.887817,24.633751],[32.888029,24.634234],[32.88909,24.633606]]]}},{"type":"Feature","properties":{"source_layer":"Agricultural_Changes","source_feature_count":1,"سعر_الأرض_2023":469959.1371109395,"سعر_الأرض_2014":156653.0457036465,"سعر_الايجار_زراعية_2023":null,"نوع_ملكية_الأرض":"ايجار","أنواع_المحاصيل_المزروعة":"فاكهة","اسم_المحور":"محور كلبشة","اسم_المحافظة":"محافظة أسوان","المساحة_كم2":0.006342228570997834,"نسبة_المساحة":0.07228719722703715,"المساحة_فدان":1.5665304570364649,"فرق_السعر":313306.091407293,"GlobalID":"{25222815-5B98-4DFE-B2DD-F72A5717E61E}","SHAPE_Length":0.003106966127739572,"SHAPE_Area":5.659742976861975e-7},"geometry":{"type":"Polygon","coordinates":[[[32.891733,24.635459],[32.892368,24.634476],[32.891461,24.634869],[32.891733,24.635459]]]}},{"type":"Feature","properties":{"source_layer":"Agricultural_Changes","source_feature_count":1,"سعر_الأرض_2023":806613.1540975493,"سعر_الأرض_2014":230460.90117072838,"سعر_الايجار_زراعية_2023":null,"نوع_ملكية_الأرض":"ايجار","أنواع_المحاصيل_المزروعة":"فاكهة","اسم_المحور":"محور كلبشة","اسم_المحافظة":"محافظة أسوان","المساحة_كم2":0.00933040085711451,"نسبة_المساحة":0.10634566689220375,"المساحة_فدان":2.3046090117072837,"فرق_السعر":576152.2529268209,"GlobalID":"{9B042546-CA6A-4689-9F61-CFECB55A2D65}","SHAPE_Length":0.004405903555603061,"SHAPE_Area":8.326715478662234e-7},"geometry":{"type":"Polygon","coordinates":[[[32.897086,24.641039],[32.898205,24.639678],[32.896783,24.640646],[32.897086,24.641039]]]}},{"type":"Feature","properties":{"source_layer":"Agricultural_Changes","source_feature_count":1,"سعر_الأرض_2023":997964.6195746962,"سعر_الأرض_2014":285132.74844991317,"سعر_الايجار_زراعية_2023":null,"نوع_ملكية_الأرض":"ايجار","أنواع_المحاصيل_المزروعة":"فاكهة","اسم_المحور":"محور كلبشة","اسم_المحافظة":"محافظة أسوان","المساحة_كم2":0.011543835969632113,"نسبة_المساحة":0.13157386842052485,"المساحة_فدان":2.851327484499132,"فرق_السعر":712831.8711247831,"GlobalID":"{6A9A35E1-6F5C-45D7-A845-6391FC535924}","SHAPE_Length":0.004624310858916016,"SHAPE_Area":0.0000010302072416299687},"geometry":{"type":"Polygon","coordinates":[[[32.898492,24.640056],[32.897086,24.641039],[32.89754,24.641477],[32.898492,24.640056]]]}},{"type":"Feature","properties":{"source_layer":"Agricultural_Changes","source_feature_count":1,"سعر_الأرض_2023":592115.0569186606,"سعر_الأرض_2014":169175.73054818876,"سعر_الايجار_زراعية_2023":null,"نوع_ملكية_الأرض":"ايجار","أنواع_المحاصيل_المزروعة":"فاكهة","اسم_المحور":"محور كلبشة","اسم_المحافظة":"محافظة أسوان","المساحة_كم2":0.006849219860250557,"نسبة_المساحة":0.07806576211291848,"المساحة_فدان":1.6917573054818875,"فرق_السعر":422939.32637047186,"GlobalID":"{682CBAA9-99CC-49A3-8FB7-A77FF2F5C7B0}","SHAPE_Length":0.0033909308035976493,"SHAPE_Area":6.112423000860113e-7},"geometry":{"type":"Polygon","coordinates":[[[32.900548,24.64001],[32.899263,24.640252],[32.899551,24.640706],[32.900548,24.64001]]]}},{"type":"Feature","properties":{"source_layer":"Agricultural_Changes","source_feature_count":1,"سعر_الأرض_2023":255024.84790255644,"سعر_الأرض_2014":72864.24225787327,"سعر_الايجار_زراعية_2023":null,"نوع_ملكية_الأرض":"ايجار","أنواع_المحاصيل_المزروعة":"فاكهة","اسم_المحور":"محور كلبشة","اسم_المحافظة":"محافظة أسوان","المساحة_كم2":0.002949969322181104,"نسبة_المساحة":0.03362304146232692,"المساحة_فدان":0.7286424225787327,"فرق_السعر":182160.60564468318,"GlobalID":"{193B25F7-6F37-4FA2-928F-ADA8417C0EAA}","SHAPE_Length":0.002071781554663603,"SHAPE_Area":2.6326806441338556e-7},"geometry":{"type":"Polygon","coordinates":[[[32.900367,24.642823],[32.900533,24.642112],[32.90008,24.642415],[32.900367,24.642823]]]}},{"type":"Feature","properties":{"source_layer":"Agricultural_Changes","source_feature_count":1,"سعر_الأرض_2023":2211256.56026617,"سعر_الأرض_2014":631787.5886474772,"سعر_الايجار_زراعية_2023":null,"نوع_ملكية_الأرض":"ايجار","أنواع_المحاصيل_المزروعة":"فاكهة","اسم_المحور":"محور كلبشة","اسم_المحافظة":"محافظة أسوان","المساحة_كم2":0.025578444884513246,"نسبة_المساحة":0.2915369683431014,"المساحة_فدان":6.317875886474772,"فرق_السعر":1579468.9716186929,"GlobalID":"{573E3455-C731-438B-A93F-4CB6B6FFDCBE}","SHAPE_Length":0.007489320521883947,"SHAPE_Area":0.0000022827908884958187},"geometry":{"type":"Polygon","coordinates":[[[32.901219,24.646861],[32.903421,24.64562],[32.902348,24.644864],[32.901219,24.646861]]]}},{"type":"Feature","properties":{"source_layer":"Agricultural_Changes","source_feature_count":1,"سعر_الأرض_2023":275284.6697282527,"سعر_الأرض_2014":78652.76277950077,"سعر_الايجار_زراعية_2023":null,"نوع_ملكية_الأرض":"ايجار","أنواع_المحاصيل_المزروعة":"فاكهة","اسم_المحور":"محور كلبشة","اسم_المحافظة":"محافظة أسوان","المساحة_كم2":0.0031843223797368737,"نسبة_المساحة":0.036294141297763434,"المساحة_فدان":0.7865276277950077,"فرق_السعر":196631.90694875192,"GlobalID":"{7AF068DF-23C5-4A9C-A1B6-4B3F07B6944B}","SHAPE_Length":0.0023723484363758246,"SHAPE_Area":2.841874462548203e-7},"geometry":{"type":"Polygon","coordinates":[[[32.902348,24.644864],[32.902907,24.64429],[32.902015,24.644728],[32.902348,24.644864]]]}},{"type":"Feature","properties":{"source_layer":"Agricultural_Changes","source_feature_count":1,"سعر_الأرض_2023":2421171.4128445443,"سعر_الأرض_2014":807057.1376148481,"سعر_الايجار_زراعية_2023":null,"نوع_ملكية_الأرض":"ايجار","أنواع_المحاصيل_المزروعة":"فاكهة","اسم_المحور":"محور كلبشة","اسم_المحافظة":"محافظة أسوان","المساحة_كم2":0.032674378041086964,"نسبة_المساحة":0.37241470932278575,"المساحة_فدان":8.07057137614848,"فرق_السعر":1614114.2752296962,"GlobalID":"{2F83D8E9-9404-4821-8478-207FBF2E500B}","SHAPE_Length":0.012302701386774594,"SHAPE_Area":0.000002915719196848403},"geometry":{"type":"Polygon","coordinates":[[[32.899157,24.630878],[32.904631,24.629366],[32.904465,24.628988],[32.899157,24.630878]]]}},{"type":"Feature","properties":{"source_layer":"Agricultural_Changes","source_feature_count":1,"سعر_الأرض_2023":432575.12970436364,"سعر_الأرض_2014":144191.70990145457,"سعر_الايجار_زراعية_2023":null,"نوع_ملكية_الأرض":"ايجار","أنواع_المحاصيل_المزروعة":"فاكهة","اسم_المحور":"محور كلبشة","اسم_المحافظة":"محافظة أسوان","المساحة_كم2":0.005837721048641885,"نسبة_المساحة":0.0665369417194009,"المساحة_فدان":1.4419170990145456,"فرق_السعر":288383.4198029091,"GlobalID":"{8687250D-B196-46CF-9192-ADF05CB452E4}","SHAPE_Length":0.002995745222529636,"SHAPE_Area":5.209345694969051e-7},"geometry":{"type":"Polygon","coordinates":[[[32.896405,24.630197],[32.897373,24.630817],[32.89695,24.62997],[32.896405,24.630197]]]}},{"type":"Feature","properties":{"source_layer":"Agricultural_Changes","source_feature_count":1,"سعر_الأرض_2023":null,"سعر_الأرض_2014":null,"سعر_الايجار_زراعية_2023":null,"نوع_ملكية_الأرض":"ايجار","أنواع_المحاصيل_المزروعة":"فاكهة","اسم_المحور":"محور كلبشة","اسم_المحافظة":"محافظة أسوان","المساحة_كم2":0.009171918501561217,"نسبة_المساحة":0.10453932308660925,"المساحة_فدان":2.2654638698856204,"فرق_السعر":null,"GlobalID":"{373E4D4C-E908-46A9-9AE8-0496C63A874C}","SHAPE_Length":0.0037629090416185515,"SHAPE_Area":8.185202777745043e-7},"geometry":{"type":"Polygon","coordinates":[[[32.916076,24.638488],[32.91595,24.639813],[32.916318,24.639513],[32.916076,24.638488]]]}},{"type":"Feature","properties":{"source_layer":"Agricultural_Changes","source_feature_count":1,"سعر_الأرض_2023":630757.9755293189,"سعر_الأرض_2014":180216.56443694828,"سعر_الايجار_زراعية_2023":null,"نوع_ملكية_الأرض":"ايجار","أنواع_المحاصيل_المزروعة":"فاكهة","اسم_المحور":"محور كلبشة","اسم_المحافظة":"محافظة أسوان","المساحة_كم2":0.007296217183682116,"نسبة_المساحة":0.08316053019280355,"المساحة_فدان":1.8021656443694827,"فرق_السعر":450541.41109237063,"GlobalID":"{ACCEBC39-AE74-4789-92FE-CA364F7AB7A0}","SHAPE_Length":0.004433600958052182,"SHAPE_Area":6.511283205107957e-7},"geometry":{"type":"Polygon","coordinates":[[[32.905518,24.639804],[32.904705,24.638158],[32.904347,24.638323],[32.905518,24.639804]]]}},{"type":"Feature","properties":{"source_layer":"Agricultural_Changes","source_feature_count":1,"سعر_الأرض_2023":1402354.5447826395,"سعر_الأرض_2014":467451.51492754655,"سعر_الايجار_زراعية_2023":null,"نوع_ملكية_الأرض":"ايجار","أنواع_المحاصيل_المزروعة":"فاكهة","اسم_المحور":"محور كلبشة","اسم_المحافظة":"محافظة أسوان","المساحة_كم2":0.01892516254767395,"نسبة_المساحة":0.21570445503861846,"المساحة_فدان":4.674515149275465,"فرق_السعر":934903.029855093,"GlobalID":"{C8BB98D1-9CF6-4818-AA2F-842AEB91880C}","SHAPE_Length":0.006129509964788976,"SHAPE_Area":0.0000016887487562897986},"geometry":{"type":"Polygon","coordinates":[[[32.891113,24.625933],[32.893077,24.627099],[32.891779,24.625646],[32.891113,24.625933]]]}},{"type":"Feature","properties":{"source_layer":"Agricultural_Changes","source_feature_count":1,"سعر_الأرض_2023":2866617.96765262,"سعر_الأرض_2014":955539.3225508733,"سعر_الايجار_زراعية_2023":null,"نوع_ملكية_الأرض":"ايجار","أنواع_المحاصيل_المزروعة":"فاكهة","اسم_المحور":"محور كلبشة","اسم_المحافظة":"محافظة أسوان","المساحة_كم2":0.03868580253242402,"نسبة_المساحة":0.4409314811414266,"المساحة_فدان":9.555393225508732,"فرق_السعر":1911078.6451017465,"GlobalID":"{FBF1B572-95D2-4BD0-A9C0-6EA12FCA2C76}","SHAPE_Length":0.011386261151984791,"SHAPE_Area":0.000003452067640825735},"geometry":{"type":"Polygon","coordinates":[[[32.886907,24.629362],[32.885451,24.62456],[32.884808,24.624845],[32.886907,24.629362]]]}},{"type":"Feature","properties":{"source_layer":"Agricultural_Changes","source_feature_count":1,"سعر_الأرض_2023":828658.5783584487,"سعر_الأرض_2014":276219.5261194829,"سعر_الايجار_زراعية_2023":null,"نوع_ملكية_الأرض":"ايجار","أنواع_المحاصيل_المزروعة":"فاكهة","اسم_المحور":"محور كلبشة","اسم_المحافظة":"محافظة أسوان","المساحة_كم2":0.011182976765970968,"نسبة_المساحة":0.12746088193096022,"المساحة_فدان":2.762195261194829,"فرق_السعر":552439.0522389659,"GlobalID":"{5FEB5BBC-5D70-4B08-9F50-AE7E870FCF28}","SHAPE_Length":0.005802770414264066,"SHAPE_Area":9.979002835264895e-7},"geometry":{"type":"Polygon","coordinates":[[[32.887492,24.62646],[32.888204,24.628881],[32.888588,24.628739],[32.887492,24.62646]]]}},{"type":"Feature","properties":{"source_layer":"Agricultural_Changes","source_feature_count":1,"سعر_الأرض_2023":817401.691158835,"سعر_الأرض_2014":272467.23038627836,"سعر_الايجار_زراعية_2023":null,"نوع_ملكية_الأرض":"ايجار","أنواع_المحاصيل_المزروعة":"فاكهة","اسم_المحور":"محور كلبشة","اسم_المحافظة":"محافظة أسوان","المساحة_كم2":0.011031061958958638,"نسبة_المساحة":0.1257293934654665,"المساحة_فدان":2.7246723038627834,"فرق_السعر":544934.4607725566,"GlobalID":"{A96423C7-24F0-489B-9EE5-B472A7E8CA10}","SHAPE_Length":0.0059216283084460395,"SHAPE_Area":9.843269322974605e-7},"geometry":{"type":"Polygon","coordinates":[[[32.887147,24.626645],[32.886381,24.624149],[32.886039,24.6243],[32.887147,24.626645]]]}},{"type":"Feature","properties":{"source_layer":"Agricultural_Changes","source_feature_count":1,"سعر_الأرض_2023":1771631.312859632,"سعر_الأرض_2014":590543.7709532107,"سعر_الايجار_زراعية_2023":null,"نوع_ملكية_الأرض":"ايجار","أنواع_المحاصيل_المزروعة":"فاكهة","اسم_المحور":"محور كلبشة","اسم_المحافظة":"محافظة أسوان","المساحة_كم2":0.023908654694461972,"نسبة_المساحة":0.2725051010042335,"المساحة_فدان":5.905437709532107,"فرق_السعر":1181087.5419064215,"GlobalID":"{1BE10968-ED76-4E26-B8DA-7D4A323FDC7A}","SHAPE_Length":0.007770975709156767,"SHAPE_Area":0.0000021334334628697968},"geometry":{"type":"Polygon","coordinates":[[[32.886799,24.627499],[32.886039,24.6243],[32.885451,24.62456],[32.886799,24.627499]]]}},{"type":"Feature","properties":{"source_layer":"Agricultural_Changes","source_feature_count":1,"سعر_الأرض_2023":1045136.1427629803,"سعر_الأرض_2014":348378.71425432677,"سعر_الايجار_زراعية_2023":null,"نوع_ملكية_الأرض":"ايجار","أنواع_المحاصيل_المزروعة":"فاكهة","اسم_المحور":"محور كلبشة","اسم_المحافظة":"محافظة أسوان","المساحة_كم2":0.01410440138681485,"نسبة_المساحة":0.16075857774668173,"المساحة_فدان":3.483787142543268,"فرق_السعر":696757.4285086535,"GlobalID":"{0F628832-7E8E-4CC1-8553-61EE06E51D6C}","SHAPE_Length":0.005027057200934361,"SHAPE_Area":0.00000125859600646919},"geometry":{"type":"Polygon","coordinates":[[[32.888204,24.628881],[32.886799,24.627499],[32.887544,24.629126],[32.888204,24.628881]]]}},{"type":"Feature","properties":{"source_layer":"Agricultural_Changes","source_feature_count":1,"سعر_الأرض_2023":1056969.342734912,"سعر_الأرض_2014":352323.1142449706,"سعر_الايجار_زراعية_2023":null,"نوع_ملكية_الأرض":"ايجار","أنواع_المحاصيل_المزروعة":"فاكهة","اسم_المحور":"محور كلبشة","اسم_المحافظة":"محافظة أسوان","المساحة_كم2":0.014264093694128366,"نسبة_المساحة":0.16257871229169016,"المساحة_فدان":3.5232311424497063,"فرق_السعر":704646.2284899413,"GlobalID":"{A9D5188C-4638-48C8-8450-5009E69B3610}","SHAPE_Length":0.005407517115663253,"SHAPE_Area":0.000001272841743572375},"geometry":{"type":"Polygon","coordinates":[[[32.888588,24.628739],[32.888271,24.626618],[32.887687,24.626866],[32.888588,24.628739]]]}},{"type":"Feature","properties":{"source_layer":"Agricultural_Changes","source_feature_count":1,"سعر_الأرض_2023":652266.4916143959,"سعر_الأرض_2014":217422.16387146528,"سعر_الايجار_زراعية_2023":null,"نوع_ملكية_الأرض":"ايجار","أنواع_المحاصيل_المزروعة":"فاكهة","اسم_المحور":"محور كلبشة","اسم_المحافظة":"محافظة أسوان","المساحة_كم2":0.00880251675592977,"نسبة_المساحة":0.10032897075642337,"المساحة_فدان":2.174221638714653,"فرق_السعر":434844.3277429306,"GlobalID":"{CA4CA7EE-D0BF-4683-9585-A1B809575E1C}","SHAPE_Length":0.004984582476747104,"SHAPE_Area":7.854832299762872e-7},"geometry":{"type":"Polygon","coordinates":[[[32.888603,24.626478],[32.889138,24.628542],[32.889497,24.628414],[32.888603,24.626478]]]}},{"type":"Feature","properties":{"source_layer":"Agricultural_Changes","source_feature_count":1,"سعر_الأرض_2023":435820.3996152577,"سعر_الأرض_2014":130746.1198845773,"سعر_الايجار_زراعية_2023":null,"نوع_ملكية_الأرض":"تمليك","أنواع_المحاصيل_المزروعة":"محاصيل موسمية","اسم_المحور":"محور كلبشة","اسم_المحافظة":"محافظة أسوان","المساحة_كم2":0.00441113764792771,"نسبة_المساحة":0.0502770869232786,"المساحة_فدان":1.0895509990381442,"فرق_السعر":305074.2797306804,"GlobalID":"{0A1DBE6A-F187-4FB5-9589-F34E87694143}","SHAPE_Length":0.0025473670474482025,"SHAPE_Area":3.935835967123665e-7},"geometry":{"type":"Polygon","coordinates":[[[32.885371,24.614702],[32.884596,24.615253],[32.88537,24.615233],[32.885371,24.614702]]]}},{"type":"Feature","properties":{"source_layer":"Agricultural_Changes","source_feature_count":1,"سعر_الأرض_2023":4763481.549996578,"سعر_الأرض_2014":1429044.4649989735,"سعر_الايجار_زراعية_2023":null,"نوع_ملكية_الأرض":"تمليك","أنواع_المحاصيل_المزروعة":"محاصيل موسمية","اسم_المحور":"محور كلبشة","اسم_المحافظة":"محافظة أسوان","المساحة_كم2":0.04821337601211112,"نسبة_المساحة":0.5495244742055149,"المساحة_فدان":11.908703874991446,"فرق_السعر":3334437.0849976046,"GlobalID":"{A3E1D3AE-3C0B-4E03-BFD2-C2A528E2C025}","SHAPE_Length":0.011575476561334664,"SHAPE_Area":0.0000043016348939736016},"geometry":{"type":"Polygon","coordinates":[[[32.886759,24.608409],[32.881916,24.609411],[32.882222,24.610374],[32.886759,24.608409]]]}},{"type":"Feature","properties":{"source_layer":"Agricultural_Changes","source_feature_count":1,"سعر_الأرض_2023":3765450.409390176,"سعر_الأرض_2014":1129635.122817053,"سعر_الايجار_زراعية_2023":null,"نوع_ملكية_الأرض":"تمليك","أنواع_المحاصيل_المزروعة":"محاصيل موسمية","اسم_المحور":"محور كلبشة","اسم_المحافظة":"محافظة أسوان","المساحة_كم2":0.03811184624888843,"نسبة_المساحة":0.43438966534226703,"المساحة_فدان":9.413626023475441,"فرق_السعر":2635815.286573123,"GlobalID":"{33663195-C91A-4983-9973-D03F25196B84}","SHAPE_Length":0.011108464811360129,"SHAPE_Area":0.00000340035031467112},"geometry":{"type":"Polygon","coordinates":[[[32.881916,24.609411],[32.886244,24.607093],[32.881693,24.608711],[32.881916,24.609411]]]}},{"type":"Feature","properties":{"source_layer":"Agricultural_Changes","source_feature_count":1,"سعر_الأرض_2023":2979834.880165256,"سعر_الأرض_2014":893950.4640495769,"سعر_الايجار_زراعية_2023":null,"نوع_ملكية_الأرض":"تمليك","أنواع_المحاصيل_المزروعة":"محاصيل موسمية","اسم_المحور":"محور كلبشة","اسم_المحافظة":"محافظة أسوان","المساحة_كم2":0.030160272066449965,"نسبة_المساحة":0.34375953355865146,"المساحة_فدان":7.4495872004131405,"فرق_السعر":2085884.4161156793,"GlobalID":"{B6F590C2-E926-49BF-9441-94C2C0241A27}","SHAPE_Length":0.00811948063471263,"SHAPE_Area":0.0000026908630011646648},"geometry":{"type":"Polygon","coordinates":[[[32.879017,24.606912],[32.881799,24.605112],[32.878745,24.60614],[32.879017,24.606912]]]}},{"type":"Feature","properties":{"source_layer":"Agricultural_Changes","source_feature_count":1,"سعر_الأرض_2023":1916486.8594567543,"سعر_الأرض_2014":574946.0578370263,"سعر_الايجار_زراعية_2023":null,"نوع_ملكية_الأرض":"تمليك","أنواع_المحاصيل_المزروعة":"محاصيل موسمية","اسم_المحور":"محور كلبشة","اسم_المحافظة":"محافظة أسوان","المساحة_كم2":0.019397640277902375,"نسبة_المساحة":0.22108964267228198,"المساحة_فدان":4.791217148641886,"فرق_السعر":1341540.801619728,"GlobalID":"{AD83440D-B870-4A89-B72A-4E07738A972E}","SHAPE_Length":0.006526041268112343,"SHAPE_Area":0.000001730627402923929},"geometry":{"type":"Polygon","coordinates":[[[32.881527,24.606866],[32.883704,24.605294],[32.881286,24.606174],[32.881527,24.606866]]]}},{"type":"Feature","properties":{"source_layer":"Agricultural_Changes","source_feature_count":1,"سعر_الأرض_2023":2441360.897334664,"سعر_الأرض_2014":732408.2692003992,"سعر_الايجار_زراعية_2023":null,"نوع_ملكية_الأرض":"تمليك","أنواع_المحاصيل_المزروعة":"محاصيل موسمية","اسم_المحور":"محور كلبشة","اسم_المحافظة":"محافظة أسوان","المساحة_كم2":0.024710130539824536,"نسبة_المساحة":0.28164013009658845,"المساحة_فدان":6.10340224333666,"فرق_السعر":1708952.628134265,"GlobalID":"{4B126C63-B164-4EBF-B8BF-7879590DF70A}","SHAPE_Length":0.006029267479948975,"SHAPE_Area":0.0000022046244366140554},"geometry":{"type":"Polygon","coordinates":[[[32.885912,24.607211],[32.883824,24.606596],[32.884245,24.607804],[32.885912,24.607211]]]}},{"type":"Feature","properties":{"source_layer":"Agricultural_Changes","source_feature_count":1,"سعر_الأرض_2023":2149109.868239144,"سعر_الأرض_2014":644732.9604717431,"سعر_الايجار_زراعية_2023":null,"نوع_ملكية_الأرض":"تمليك","أنواع_المحاصيل_المزروعة":"محاصيل موسمية","اسم_المحور":"محور كلبشة","اسم_المحافظة":"محافظة أسوان","المساحة_كم2":0.02175212417246097,"نسبة_المساحة":0.2479254843245582,"المساحة_فدان":5.37277467059786,"فرق_السعر":1504376.9077674006,"GlobalID":"{74024B7E-EF78-4082-B8C5-F0E4A9BDD85A}","SHAPE_Length":0.007664297953706078,"SHAPE_Area":0.0000019407023630400034},"geometry":{"type":"Polygon","coordinates":[[[32.882227,24.606583],[32.885496,24.606059],[32.885307,24.605536],[32.882227,24.606583]]]}},{"type":"Feature","properties":{"source_layer":"Agricultural_Changes","source_feature_count":1,"سعر_الأرض_2023":452154.2719856639,"سعر_الأرض_2014":135646.28159569917,"سعر_الايجار_زراعية_2023":null,"نوع_ملكية_الأرض":"تمليك","أنواع_المحاصيل_المزروعة":"محاصيل موسمية","اسم_المحور":"محور كلبشة","اسم_المحافظة":"محافظة أسوان","المساحة_كم2":0.004576460242769878,"نسبة_المساحة":0.052161394132591486,"المساحة_فدان":1.1303856799641598,"فرق_السعر":316507.9903899648,"GlobalID":"{FFBFA893-C6AA-4C13-BAFE-DCD5ACE94D96}","SHAPE_Length":0.002558021411011122,"SHAPE_Area":4.0833267767313473e-7},"geometry":{"type":"Polygon","coordinates":[[[32.884049,24.614703],[32.884699,24.614066],[32.884024,24.614096],[32.884049,24.614703]]]}},{"type":"Feature","properties":{"source_layer":"Agricultural_Changes","source_feature_count":1,"سعر_الأرض_2023":834616.7394512562,"سعر_الأرض_2014":255021.78149899494,"سعر_الايجار_زراعية_2023":null,"نوع_ملكية_الأرض":"تمليك","أنواع_المحاصيل_المزروعة":"محاصيل موسمية","اسم_المحور":"محور كلبشة","اسم_المحافظة":"محافظة أسوان","المساحة_كم2":0.009386153165218805,"نسبة_المساحة":0.10698111830280525,"المساحة_فدان":2.318379831809045,"فرق_السعر":579594.9579522613,"GlobalID":"{8C97C87D-9C26-4E30-B8D1-B0528470F5D4}","SHAPE_Length":0.006153009481495638,"SHAPE_Area":8.37238847133383e-7},"geometry":{"type":"Polygon","coordinates":[[[32.878851,24.579483],[32.876159,24.579468],[32.876114,24.579785],[32.878851,24.579483]]]}},{"type":"Feature","properties":{"source_layer":"Agricultural_Changes","source_feature_count":1,"سعر_الأرض_2023":727631.9448724625,"سعر_الأرض_2014":222331.98315547468,"سعر_الايجار_زراعية_2023":null,"نوع_ملكية_الأرض":"تمليك","أنواع_المحاصيل_المزروعة":"محاصيل موسمية","اسم_المحور":"محور كلبشة","اسم_المحافظة":"محافظة أسوان","المساحة_كم2":0.008182995331449198,"نسبة_المساحة":0.09326781442998776,"المساحة_فدان":2.0211998468679515,"فرق_السعر":505299.9617169879,"GlobalID":"{C8DA822A-1AD9-4D1D-B7F8-677A5E27C8EE}","SHAPE_Length":0.004420031589664171,"SHAPE_Area":7.29922737234698e-7},"geometry":{"type":"Polygon","coordinates":[[[32.878807,24.579089],[32.877017,24.578958],[32.877006,24.579438],[32.878807,24.579089]]]}},{"type":"Feature","properties":{"source_layer":"Agricultural_Changes","source_feature_count":1,"سعر_الأرض_2023":1373774.959382382,"سعر_الأرض_2014":419764.57092239446,"سعر_الايجار_زراعية_2023":null,"نوع_ملكية_الأرض":"تمليك","أنواع_المحاصيل_المزروعة":"محاصيل موسمية","اسم_المحور":"محور كلبشة","اسم_المحافظة":"محافظة أسوان","المساحة_كم2":0.015449560946720444,"نسبة_المساحة":0.17609038317125847,"المساحة_فدان":3.8160415538399497,"فرق_السعر":954010.3884599875,"GlobalID":"{E2860CBA-630E-483E-B747-46C1C9FAF3B7}","SHAPE_Length":0.0059318702392929835,"SHAPE_Area":0.00000137809889817435},"geometry":{"type":"Polygon","coordinates":[[[32.881194,24.579044],[32.878771,24.578751],[32.878831,24.579305],[32.881194,24.579044]]]}},{"type":"Feature","properties":{"source_layer":"Agricultural_Changes","source_feature_count":1,"سعر_الأرض_2023":1618628.2575566543,"سعر_الأرض_2014":494580.8564756444,"سعر_الايجار_زراعية_2023":null,"نوع_ملكية_الأرض":"تمليك","أنواع_المحاصيل_المزروعة":"محاصيل موسمية","اسم_المحور":"محور كلبشة","اسم_المحافظة":"محافظة أسوان","المساحة_كم2":0.018203196778639838,"نسبة_المساحة":0.20747566269013845,"المساحة_فدان":4.49618960432404,"فرق_السعر":1124047.4010810098,"GlobalID":"{ACB91E8B-AFBC-49DD-B386-997D2C3CF8F3}","SHAPE_Length":0.006293406860331698,"SHAPE_Area":0.0000016236853115132816},"geometry":{"type":"Polygon","coordinates":[[[32.881018,24.574927],[32.879222,24.576425],[32.881088,24.575622],[32.881018,24.574927]]]}},{"type":"Feature","properties":{"source_layer":"Agricultural_Changes","source_feature_count":1,"سعر_الأرض_2023":null,"سعر_الأرض_2014":null,"سعر_الايجار_زراعية_2023":null,"نوع_ملكية_الأرض":"تمليك","أنواع_المحاصيل_المزروعة":"محاصيل موسمية","اسم_المحور":"محور كلبشة","اسم_المحافظة":"محافظة أسوان","المساحة_كم2":0.012207128343466213,"نسبة_المساحة":0.13913391550961793,"المساحة_فدان":3.0151607008361543,"فرق_السعر":null,"GlobalID":"{CB7146E9-D92A-48FD-BF75-8F7ADDE507E9}","SHAPE_Length":0.004269364779222122,"SHAPE_Area":0.0000010887277445767222},"geometry":{"type":"Polygon","coordinates":[[[32.881419,24.561163],[32.880309,24.562273],[32.881608,24.561942],[32.881419,24.561163]]]}},{"type":"Feature","properties":{"source_layer":"Agricultural_Changes","source_feature_count":1,"سعر_الأرض_2023":1502315.6403738589,"سعر_الأرض_2014":450694.6921121577,"سعر_الايجار_زراعية_2023":null,"نوع_ملكية_الأرض":"تمليك","أنواع_المحاصيل_المزروعة":"محاصيل موسمية","اسم_المحور":"محور كلبشة","اسم_المحافظة":"محافظة أسوان","المساحة_كم2":0.015205623890423674,"نسبة_المساحة":0.17331004722118828,"المساحة_فدان":3.7557891009346474,"فرق_السعر":1051620.948261701,"GlobalID":"{C645C653-FB76-4E8B-B484-346DD1E86A4C}","SHAPE_Length":0.006776736988710529,"SHAPE_Area":0.00000135600454239339},"geometry":{"type":"Polygon","coordinates":[[[32.867057,24.546747],[32.864184,24.547503],[32.864365,24.547957],[32.867057,24.546747]]]}},{"type":"Feature","properties":{"source_layer":"Agricultural_Changes","source_feature_count":1,"سعر_الأرض_2023":1349680.4995894968,"سعر_الأرض_2014":303678.11240763677,"سعر_الايجار_زراعية_2023":null,"نوع_ملكية_الأرض":"تمليك","أنواع_المحاصيل_المزروعة":"محاصيل موسمية","اسم_المحور":"محور كلبشة","اسم_المحافظة":"محافظة أسوان","المساحة_كم2":0.006830366900756563,"نسبة_المساحة":0.07785088061093545,"المساحة_فدان":1.687100624486871,"فرق_السعر":1046002.3871818599,"GlobalID":"{991540FD-FC3F-4D3A-ADC4-25B082B46AA5}","SHAPE_Length":0.003725115486266221,"SHAPE_Area":6.090194138361169e-7},"geometry":{"type":"Polygon","coordinates":[[[32.87594,24.526723],[32.874629,24.52667],[32.874284,24.526803],[32.87594,24.526723]]]}},{"type":"Feature","properties":{"source_layer":"Agricultural_Changes","source_feature_count":1,"سعر_الأرض_2023":544804.1202599036,"سعر_الأرض_2014":196129.4832935653,"سعر_الايجار_زراعية_2023":null,"نوع_ملكية_الأرض":"تمليك","أنواع_المحاصيل_المزروعة":"محاصيل موسمية","اسم_المحور":"محور كلبشة","اسم_المحافظة":"محافظة أسوان","المساحة_كم2":0.008822738789634068,"نسبة_المساحة":0.10055945663726958,"المساحة_فدان":2.1792164810396146,"فرق_السعر":348674.63696633826,"GlobalID":"{F28367E1-099E-41B6-B326-1FA9CF336EBA}","SHAPE_Length":0.0038470983036318707,"SHAPE_Area":7.866523581844385e-7},"geometry":{"type":"Polygon","coordinates":[[[32.869824,24.524006],[32.868746,24.52499],[32.87002,24.524565],[32.869824,24.524006]]]}},{"type":"Feature","properties":{"source_layer":"Agricultural_Changes","source_feature_count":1,"سعر_الأرض_2023":733222.2040483038,"سعر_الأرض_2014":239707.2590157916,"سعر_الايجار_زراعية_2023":null,"نوع_ملكية_الأرض":"تمليك","أنواع_المحاصيل_المزروعة":"محاصيل موسمية","اسم_المحور":"محور كلبشة","اسم_المحافظة":"محافظة أسوان","المساحة_كم2":0.011417349798323012,"نسبة_المساحة":0.13013220943432477,"المساحة_فدان":2.820085400185784,"فرق_السعر":493514.9450325122,"GlobalID":"{A5EEBF68-7F7B-47F2-BF41-6E602D57D3AF}","SHAPE_Length":0.005297318313969434,"SHAPE_Area":0.000001017980357249146},"geometry":{"type":"Polygon","coordinates":[[[32.864323,24.522664],[32.866301,24.521481],[32.864184,24.522267],[32.864323,24.522664]]]}},{"type":"Feature","properties":{"source_layer":"Agricultural_Changes","source_feature_count":1,"سعر_الأرض_2023":435895.4278946609,"سعر_الأرض_2014":142504.27450402378,"سعر_الايجار_زراعية_2023":null,"نوع_ملكية_الأرض":"تمليك","أنواع_المحاصيل_المزروعة":"محاصيل موسمية","اسم_المحور":"محور كلبشة","اسم_المحافظة":"محافظة أسوان","المساحة_كم2":0.006787533913028044,"نسبة_المساحة":0.07736268050948947,"المساحة_فدان":1.6765208765179267,"فرق_السعر":293391.15339063713,"GlobalID":"{4B8E5D67-398D-4C03-A5E4-12E470200A5D}","SHAPE_Length":0.003346280844285821,"SHAPE_Area":6.051809278581493e-7},"geometry":{"type":"Polygon","coordinates":[[[32.86559,24.522872],[32.864323,24.522664],[32.864486,24.523129],[32.86559,24.522872]]]}},{"type":"Feature","properties":{"source_layer":"Agricultural_Changes","source_feature_count":1,"سعر_الأرض_2023":305033.36651514703,"سعر_الأرض_2014":109812.01194545292,"سعر_الايجار_زراعية_2023":null,"نوع_ملكية_الأرض":"تمليك","أنواع_المحاصيل_المزروعة":"محاصيل موسمية","اسم_المحور":"محور كلبشة","اسم_المحافظة":"محافظة أسوان","المساحة_كم2":0.0049398116034841625,"نسبة_المساحة":0.05630278562938728,"المساحة_فدان":1.220133466060588,"فرق_السعر":195221.35456969411,"GlobalID":"{AD6D9A5D-3D81-4034-8CD2-EE8B2B519F91}","SHAPE_Length":0.002678984791911649,"SHAPE_Area":4.404449638555104e-7},"geometry":{"type":"Polygon","coordinates":[[[32.868014,24.525225],[32.868569,24.52443],[32.867861,24.52467],[32.868014,24.525225]]]}},{"type":"Feature","properties":{"source_layer":"Agricultural_Changes","source_feature_count":1,"سعر_الأرض_2023":306737.2168566091,"سعر_الأرض_2014":110425.39806837928,"سعر_الايجار_زراعية_2023":null,"نوع_ملكية_الأرض":"تمليك","أنواع_المحاصيل_المزروعة":"محاصيل موسمية","اسم_المحور":"محور كلبشة","اسم_المحافظة":"محافظة أسوان","المساحة_كم2":0.00496740432156452,"نسبة_المساحة":0.056617280799590684,"المساحة_فدان":1.2269488674264364,"فرق_السعر":196311.81878822984,"GlobalID":"{A42021A2-E0A3-4EE9-870C-B2F9A576A6DB}","SHAPE_Length":0.0026985866866849465,"SHAPE_Area":4.4290793016385915e-7},"geometry":{"type":"Polygon","coordinates":[[[32.865514,24.526123],[32.866093,24.525293],[32.865363,24.525563],[32.865514,24.526123]]]}},{"type":"Feature","properties":{"source_layer":"Agricultural_Changes","source_feature_count":1,"سعر_الأرض_2023":335460.7053100016,"سعر_الأرض_2014":120765.85391160058,"سعر_الايجار_زراعية_2023":null,"نوع_ملكية_الأرض":"تمليك","أنواع_المحاصيل_المزروعة":"محاصيل موسمية","اسم_المحور":"محور كلبشة","اسم_المحافظة":"محافظة أسوان","المساحة_كم2":0.005432562029311768,"نسبة_المساحة":0.06191903657600092,"المساحة_فدان":1.3418428212400064,"فرق_السعر":214694.85139840102,"GlobalID":"{14D735E3-956E-4440-8C8C-BC67787F0F26}","SHAPE_Length":0.0028499028061942967,"SHAPE_Area":4.843814701784736e-7},"geometry":{"type":"Polygon","coordinates":[[[32.866232,24.525848],[32.866877,24.525003],[32.866093,24.525293],[32.866232,24.525848]]]}},{"type":"Feature","properties":{"source_layer":"Agricultural_Changes","source_feature_count":1,"سعر_الأرض_2023":401775.27260939503,"سعر_الأرض_2014":144639.09813938223,"سعر_الايجار_زراعية_2023":null,"نوع_ملكية_الأرض":"تمليك","أنواع_المحاصيل_المزروعة":"محاصيل موسمية","اسم_المحور":"محور كلبشة","اسم_المحافظة":"محافظة أسوان","المساحة_كم2":0.006506482147520568,"نسبة_المساحة":0.07415932002242816,"المساحة_فدان":1.6071010904375802,"فرق_السعر":257136.1744700128,"GlobalID":"{43DD298C-470F-40A9-A3BC-9F246455E5D6}","SHAPE_Length":0.0031807005236524242,"SHAPE_Area":5.801336713092243e-7},"geometry":{"type":"Polygon","coordinates":[[[32.867056,24.525533],[32.867861,24.52467],[32.866877,24.525003],[32.867056,24.525533]]]}},{"type":"Feature","properties":{"source_layer":"Agricultural_Changes","source_feature_count":1,"سعر_الأرض_2023":9253547.758926293,"سعر_الأرض_2014":2313386.939731573,"سعر_الايجار_زراعية_2023":null,"نوع_ملكية_الأرض":"تمليك","أنواع_المحاصيل_المزروعة":"محاصيل موسمية","اسم_المحور":"محور كلبشة","اسم_المحافظة":"محافظة أسوان","المساحة_كم2":0.04682969513626667,"نسبة_المساحة":0.5337536120784643,"المساحة_فدان":11.566934698657866,"فرق_السعر":6940160.819194719,"GlobalID":"{0236F797-8405-4C18-8AB8-901E4983B102}","SHAPE_Length":0.010034356756767207,"SHAPE_Area":0.000004175125059484565},"geometry":{"type":"Polygon","coordinates":[[[32.874828,24.514124],[32.871142,24.516061],[32.875075,24.515201],[32.874828,24.514124]]]}},{"type":"Feature","properties":{"source_layer":"Agricultural_Changes","source_feature_count":1,"سعر_الأرض_2023":4297224.386613906,"سعر_الأرض_2014":1074306.0966534766,"سعر_الايجار_زراعية_2023":null,"نوع_ملكية_الأرض":"تمليك","أنواع_المحاصيل_المزروعة":"محاصيل موسمية","اسم_المحور":"محور كلبشة","اسم_المحافظة":"محافظة أسوان","المساحة_كم2":0.021747086976791022,"نسبة_المساحة":0.24786807157874044,"المساحة_فدان":5.3715304832673825,"فرق_السعر":3222918.28996043,"GlobalID":"{5DAA005B-940E-4966-8984-7BB27599F391}","SHAPE_Length":0.006875828660881182,"SHAPE_Area":0.0000019388881392592247},"geometry":{"type":"Polygon","coordinates":[[[32.873977,24.516179],[32.871142,24.516061],[32.871378,24.516746],[32.873977,24.516179]]]}},{"type":"Feature","properties":{"source_layer":"Agricultural_Changes","source_feature_count":1,"سعر_الأرض_2023":2123407.1006721393,"سعر_الأرض_2014":530851.7751680348,"سعر_الايجار_زراعية_2023":null,"نوع_ملكية_الأرض":"تمليك","أنواع_المحاصيل_المزروعة":"محاصيل موسمية","اسم_المحور":"محور كلبشة","اسم_المحافظة":"محافظة أسوان","المساحة_كم2":0.010745987351579653,"نسبة_المساحة":0.12248018159343478,"المساحة_فدان":2.654258875840174,"فرق_السعر":1592555.3255041046,"GlobalID":"{B47FA772-6582-4162-A296-268449FE5B67}","SHAPE_Length":0.0040276209494001375,"SHAPE_Area":9.580790676097851e-7},"geometry":{"type":"Polygon","coordinates":[[[32.87253,24.517731],[32.871378,24.516746],[32.871804,24.517927],[32.87253,24.517731]]]}},{"type":"Feature","properties":{"source_layer":"Agricultural_Changes","source_feature_count":1,"سعر_الأرض_2023":825420.0550414694,"سعر_الأرض_2014":206355.01376036735,"سعر_الايجار_زراعية_2023":null,"نوع_ملكية_الأرض":"تمليك","أنواع_المحاصيل_المزروعة":"محاصيل موسمية","اسم_المحور":"محور كلبشة","اسم_المحافظة":"محافظة أسوان","المساحة_كم2":0.00417722699919772,"نسبة_المساحة":0.047611029557328335,"المساحة_فدان":1.0317750688018368,"فرق_السعر":619065.041281102,"GlobalID":"{247D6FF4-0B87-4A70-AC71-F608214B7F2C}","SHAPE_Length":0.0024660159674049996,"SHAPE_Area":3.7243840329144535e-7},"geometry":{"type":"Polygon","coordinates":[[[32.87191,24.520815],[32.872364,24.520029],[32.871729,24.520271],[32.87191,24.520815]]]}},{"type":"Feature","properties":{"source_layer":"Agricultural_Changes","source_feature_count":1,"سعر_الأرض_2023":2849430.086374952,"سعر_الأرض_2014":712357.521593738,"سعر_الايجار_زراعية_2023":null,"نوع_ملكية_الأرض":"تمليك","أنواع_المحاصيل_المزروعة":"محاصيل موسمية","اسم_المحور":"محور كلبشة","اسم_المحافظة":"محافظة أسوان","المساحة_كم2":0.01442019274481251,"نسبة_المساحة":0.16435789176108961,"المساحة_فدان":3.56178760796869,"فرق_السعر":2137072.564781214,"GlobalID":"{B8E44B5B-89EB-48B6-9354-4F66D025DC43}","SHAPE_Length":0.005063557881674816,"SHAPE_Area":0.0000012857018872888094},"geometry":{"type":"Polygon","coordinates":[[[32.871819,24.52207],[32.873316,24.520755],[32.871638,24.521375],[32.871819,24.52207]]]}},{"type":"Feature","properties":{"source_layer":"Agricultural_Changes","source_feature_count":1,"سعر_الأرض_2023":1695660.698494138,"سعر_الأرض_2014":423915.1746235345,"سعر_الايجار_زراعية_2023":null,"نوع_ملكية_الأرض":"تمليك","أنواع_المحاصيل_المزروعة":"محاصيل موسمية","اسم_المحور":"محور كلبشة","اسم_المحافظة":"محافظة أسوان","المساحة_كم2":0.008581278838533088,"نسبة_المساحة":0.09780735413697744,"المساحة_فدان":2.1195758731176726,"فرق_السعر":1271745.5238706034,"GlobalID":"{934AFCCC-34AA-4C3D-A3F5-C547E8BA20E2}","SHAPE_Length":0.0039535627556143964,"SHAPE_Area":7.651112978172326e-7},"geometry":{"type":"Polygon","coordinates":[[[32.873997,24.522418],[32.872515,24.522554],[32.872651,24.522993],[32.873997,24.522418]]]}},{"type":"Feature","properties":{"source_layer":"Agricultural_Changes","source_feature_count":1,"سعر_الأرض_2023":2971377.5469683805,"سعر_الأرض_2014":971411.8903550474,"سعر_الايجار_زراعية_2023":null,"نوع_ملكية_الأرض":"تمليك","أنواع_المحاصيل_المزروعة":"محاصيل موسمية","اسم_المحور":"محور كلبشة","اسم_المحافظة":"محافظة أسوان","المساحة_كم2":0.046268725427723145,"نسبة_المساحة":0.5273598141404157,"المساحة_فدان":11.428375180647617,"فرق_السعر":1999965.6566133332,"GlobalID":"{887D0EDD-09AF-4E12-B11B-3D9CA5739550}","SHAPE_Length":0.011816462994270947,"SHAPE_Area":0.00000412522458166823},"geometry":{"type":"Polygon","coordinates":[[[32.863086,24.519014],[32.86826,24.518164],[32.868,24.517502],[32.863086,24.519014]]]}},{"type":"Feature","properties":{"source_layer":"Agricultural_Changes","source_feature_count":1,"سعر_الأرض_2023":1017225.6117111722,"سعر_الأرض_2014":null,"سعر_الايجار_زراعية_2023":null,"نوع_ملكية_الأرض":"تمليك","أنواع_المحاصيل_المزروعة":"محاصيل موسمية","اسم_المحور":"محور كلبشة","اسم_المحافظة":"محافظة أسوان","المساحة_كم2":0.013727741048733767,"نسبة_المساحة":0.15646549372398053,"المساحة_فدان":3.3907520390372405,"فرق_السعر":1017225.6117111722,"GlobalID":"{AD647AF3-2845-48A3-9247-0BD15633841B}","SHAPE_Length":0.004496481550833083,"SHAPE_Area":0.0000012246448739647554},"geometry":{"type":"Polygon","coordinates":[[[32.813826,24.59275],[32.814676,24.594073],[32.814794,24.592727],[32.813826,24.59275]]]}},{"type":"Feature","properties":{"source_layer":"Agricultural_Changes","source_feature_count":1,"سعر_الأرض_2023":918239.3459510702,"سعر_الأرض_2014":null,"سعر_الايجار_زراعية_2023":null,"نوع_ملكية_الأرض":"تمليك","أنواع_المحاصيل_المزروعة":"محاصيل موسمية","اسم_المحور":"محور كلبشة","اسم_المحافظة":"محافظة أسوان","المساحة_كم2":0.012391894007436845,"نسبة_المساحة":0.14123983014872532,"المساحة_فدان":3.0607978198369006,"فرق_السعر":918239.3459510702,"GlobalID":"{45C73F29-AD66-485A-B6E0-8233D0B2BE8B}","SHAPE_Length":0.004229051820993893,"SHAPE_Area":0.0000011054734398282828},"geometry":{"type":"Polygon","coordinates":[[[32.811605,24.593695],[32.812999,24.592963],[32.811936,24.592632],[32.811605,24.593695]]]}},{"type":"Feature","properties":{"source_layer":"Agricultural_Changes","source_feature_count":1,"سعر_الأرض_2023":981360.0213252846,"سعر_الأرض_2014":null,"سعر_الايجار_زراعية_2023":null,"نوع_ملكية_الأرض":"تمليك","أنواع_المحاصيل_المزروعة":"محاصيل موسمية","اسم_المحور":"محور كلبشة","اسم_المحافظة":"محافظة أسوان","المساحة_كم2":0.01324372498414689,"نسبة_المساحة":0.15094879492793872,"المساحة_فدان":3.271200071084282,"فرق_السعر":981360.0213252846,"GlobalID":"{76905C6A-8D9F-482C-9712-549D13427517}","SHAPE_Length":0.005134035128426952,"SHAPE_Area":0.0000011813842149901861},"geometry":{"type":"Polygon","coordinates":[[[32.815857,24.583725],[32.816377,24.585686],[32.816472,24.583678],[32.815857,24.583725]]]}},{"type":"Feature","properties":{"source_layer":"Agricultural_Changes","source_feature_count":1,"سعر_الأرض_2023":642649.0930130766,"سعر_الأرض_2014":null,"سعر_الايجار_زراعية_2023":null,"نوع_ملكية_الأرض":"تمليك","أنواع_المحاصيل_المزروعة":"محاصيل موسمية","اسم_المحور":"محور كلبشة","اسم_المحافظة":"محافظة أسوان","المساحة_كم2":0.008672727301121142,"نسبة_المساحة":0.09884966173866831,"المساحة_فدان":2.142163643376922,"فرق_السعر":642649.0930130766,"GlobalID":"{BB1A7F20-66A2-4FD7-BD6E-EB3677673AA8}","SHAPE_Length":0.004493812923647353,"SHAPE_Area":7.736372446789678e-7},"geometry":{"type":"Polygon","coordinates":[[[32.817535,24.583796],[32.817015,24.585615],[32.81744,24.585615],[32.817535,24.583796]]]}},{"type":"Feature","properties":{"source_layer":"Agricultural_Changes","source_feature_count":1,"سعر_الأرض_2023":862195.5696882299,"سعر_الأرض_2014":null,"سعر_الايجار_زراعية_2023":null,"نوع_ملكية_الأرض":"تمليك","أنواع_المحاصيل_المزروعة":"محاصيل موسمية","اسم_المحور":"محور كلبشة","اسم_المحافظة":"محافظة أسوان","المساحة_كم2":0.011635567742081375,"نسبة_المساحة":0.13261940511993492,"المساحة_فدان":2.8739852322940997,"فرق_السعر":862195.5696882299,"GlobalID":"{13711680-6058-4A26-9666-4C4DF6B2B210}","SHAPE_Length":0.004797117010606268,"SHAPE_Area":0.0000010379329667911726},"geometry":{"type":"Polygon","coordinates":[[[32.820276,24.58382],[32.820819,24.585639],[32.820819,24.58382],[32.820276,24.58382]]]}},{"type":"Feature","properties":{"source_layer":"Agricultural_Changes","source_feature_count":1,"سعر_الأرض_2023":10667192.07241802,"سعر_الأرض_2014":null,"سعر_الايجار_زراعية_2023":null,"نوع_ملكية_الأرض":"ايجار","أنواع_المحاصيل_المزروعة":"خضروات","اسم_المحور":"محور كلبشة","اسم_المحافظة":"محافظة أسوان","المساحة_كم2":0.17274804975575742,"نسبة_المساحة":1.9689407600955933,"المساحة_فدان":42.66876828967208,"فرق_السعر":10667192.07241802,"GlobalID":"{778F9645-80EA-4AFB-BDD6-B891D5B5451B}","SHAPE_Length":0.01631575380335252,"SHAPE_Area":0.000015402361574890738},"geometry":{"type":"Polygon","coordinates":[[[32.723062,24.527546],[32.721098,24.522065],[32.720044,24.527111],[32.723062,24.527546]]]}},{"type":"Feature","properties":{"source_layer":"Agricultural_Changes","source_feature_count":1,"سعر_الأرض_2023":14204512.08339585,"سعر_الأرض_2014":null,"سعر_الايجار_زراعية_2023":null,"نوع_ملكية_الأرض":"ايجار","أنواع_المحاصيل_المزروعة":"خضروات","اسم_المحور":"محور كلبشة","اسم_المحافظة":"محافظة أسوان","المساحة_كم2":0.2300325843464915,"نسبة_المساحة":2.6218561199984807,"المساحة_فدان":56.8180483335834,"فرق_السعر":14204512.08339585,"GlobalID":"{B2F1F07B-F105-43B0-A494-87E81CEF0F43}","SHAPE_Length":0.018213744151082345,"SHAPE_Area":0.00002050893414785442},"geometry":{"type":"Polygon","coordinates":[[[32.718781,24.516809],[32.713669,24.521018],[32.717742,24.521642],[32.718781,24.516809]]]}},{"type":"Feature","properties":{"source_layer":"Agricultural_Changes","source_feature_count":1,"سعر_الأرض_2023":21401027.162125103,"سعر_الأرض_2014":null,"سعر_الايجار_زراعية_2023":null,"نوع_ملكية_الأرض":"ايجار","أنواع_المحاصيل_المزروعة":"خضروات","اسم_المحور":"محور كلبشة","اسم_المحافظة":"محافظة أسوان","المساحة_كم2":0.3465753386578964,"نسبة_المساحة":3.950182428642575,"المساحة_فدان":85.60410864850041,"فرق_السعر":21401027.162125103,"GlobalID":"{CA54519A-BB41-4CA0-8E69-5608FBDF40D6}","SHAPE_Length":0.02230446160891398,"SHAPE_Area":0.00003090044818136526},"geometry":{"type":"Polygon","coordinates":[[[32.711918,24.525937],[32.706886,24.51998],[32.706034,24.525087],[32.711918,24.525937]]]}},{"type":"Feature","properties":{"source_layer":"Agricultural_Changes","source_feature_count":1,"سعر_الأرض_2023":17209458.472907867,"سعر_الأرض_2014":null,"سعر_الايجار_زراعية_2023":null,"نوع_ملكية_الأرض":"ايجار","أنواع_المحاصيل_المزروعة":"خضروات","اسم_المحور":"محور كلبشة","اسم_المحافظة":"محافظة أسوان","المساحة_كم2":0.2786956837717874,"نسبة_المساحة":3.1765064335998137,"المساحة_فدان":68.83783389163148,"فرق_السعر":17209458.472907867,"GlobalID":"{709F26C7-E3F2-467B-B537-54A8A79EB606}","SHAPE_Length":0.01995941987455335,"SHAPE_Area":0.00002484851311159307},"geometry":{"type":"Polygon","coordinates":[[[32.717742,24.521642],[32.711918,24.525937],[32.716672,24.526624],[32.717742,24.521642]]]}},{"type":"Feature","properties":{"source_layer":"Agricultural_Changes","source_feature_count":1,"سعر_الأرض_2023":13782220.175903818,"سعر_الأرض_2014":null,"سعر_الايجار_زراعية_2023":null,"نوع_ملكية_الأرض":"ايجار","أنواع_المحاصيل_المزروعة":"خضروات","اسم_المحور":"محور كلبشة","اسم_المحافظة":"محافظة أسوان","المساحة_كم2":0.22319384900249098,"نسبة_المساحة":2.543909857882371,"المساحة_فدان":55.12888070361527,"فرق_السعر":13782220.175903818,"GlobalID":"{3E4D1783-D71A-4227-A00E-3C0F492AADF9}","SHAPE_Length":0.018048792479056962,"SHAPE_Area":0.00001989900852457501},"geometry":{"type":"Polygon","coordinates":[[[32.710613,24.520551],[32.707747,24.514813],[32.706886,24.51998],[32.710613,24.520551]]]}},{"type":"Feature","properties":{"source_layer":"Agricultural_Changes","source_feature_count":1,"سعر_الأرض_2023":11121100.32710032,"سعر_الأرض_2014":null,"سعر_الايجار_زراعية_2023":null,"نوع_ملكية_الأرض":"ايجار","أنواع_المحاصيل_المزروعة":"خضروات","اسم_المحور":"محور كلبشة","اسم_المحافظة":"محافظة أسوان","المساحة_كم2":0.18009879072227242,"نسبة_المساحة":2.0527227392631673,"المساحة_فدان":44.48440130840128,"فرق_السعر":11121100.32710032,"GlobalID":"{56C2E284-A019-40D0-B888-5F0152810978}","SHAPE_Length":0.016499236741717778,"SHAPE_Area":0.00001605691469702758},"geometry":{"type":"Polygon","coordinates":[[[32.713669,24.521018],[32.711587,24.515508],[32.710613,24.520551],[32.713669,24.521018]]]}},{"type":"Feature","properties":{"source_layer":"Agricultural_Changes","source_feature_count":1,"سعر_الأرض_2023":28652814.514707375,"سعر_الأرض_2014":null,"سعر_الايجار_زراعية_2023":null,"نوع_ملكية_الأرض":"ايجار","أنواع_المحاصيل_المزروعة":"خضروات","اسم_المحور":"محور كلبشة","اسم_المحافظة":"محافظة أسوان","المساحة_كم2":0.46401319052157697,"نسبة_المساحة":5.288710844097306,"المساحة_فدان":114.6112580588295,"فرق_السعر":28652814.514707375,"GlobalID":"{36DA3E6F-5EED-451C-883F-3C803FBDE708}","SHAPE_Length":0.0270238586073736,"SHAPE_Area":0.00004137021329323408},"geometry":{"type":"Polygon","coordinates":[[[32.726566,24.522754],[32.718781,24.516809],[32.717742,24.521642],[32.726566,24.522754]]]}},{"type":"Feature","properties":{"source_layer":"Agricultural_Changes","source_feature_count":1,"سعر_الأرض_2023":17279105.119315412,"سعر_الأرض_2014":null,"سعر_الايجار_زراعية_2023":null,"نوع_ملكية_الأرض":"ايجار","أنواع_المحاصيل_المزروعة":"خضروات","اسم_المحور":"محور كلبشة","اسم_المحافظة":"محافظة أسوان","المساحة_كم2":0.27982356468526987,"نسبة_المساحة":3.189361749224096,"المساحة_فدان":69.11642047726164,"فرق_السعر":17279105.119315412,"GlobalID":"{A0426FCB-1772-4A01-8E91-B48C54DE35C1}","SHAPE_Length":0.02021658176676583,"SHAPE_Area":0.00002494859772283958},"geometry":{"type":"Polygon","coordinates":[[[32.733162,24.519409],[32.726566,24.522754],[32.732217,24.523465],[32.733162,24.519409]]]}},{"type":"Feature","properties":{"source_layer":"Agricultural_Changes","source_feature_count":1,"سعر_الأرض_2023":20256781.661074694,"سعر_الأرض_2014":null,"سعر_الايجار_زراعية_2023":null,"نوع_ملكية_الأرض":"ايجار","أنواع_المحاصيل_المزروعة":"خضروات","اسم_المحور":"محور كلبشة","اسم_المحافظة":"محافظة أسوان","المساحة_كم2":0.32804504714291,"نسبة_المساحة":3.7389786187477876,"المساحة_فدان":81.02712664429878,"فرق_السعر":20256781.661074694,"GlobalID":"{841FB8D4-90BD-4E21-BAE4-E89479D67610}","SHAPE_Length":0.021665330942423983,"SHAPE_Area":0.000029248995990718718},"geometry":{"type":"Polygon","coordinates":[[[32.732217,24.523465],[32.725697,24.527927],[32.730999,24.528692],[32.732217,24.523465]]]}},{"type":"Feature","properties":{"source_layer":"Agricultural_Changes","source_feature_count":1,"سعر_الأرض_2023":12018137.282951359,"سعر_الأرض_2014":null,"سعر_الايجار_زراعية_2023":null,"نوع_ملكية_الأرض":"ايجار","أنواع_المحاصيل_المزروعة":"خضروات","اسم_المحور":"محور كلبشة","اسم_المحافظة":"محافظة أسوان","المساحة_كم2":0.19462570498706658,"نسبة_المساحة":2.2182970172640335,"المساحة_فدان":48.07254913180544,"فرق_السعر":12018137.282951359,"GlobalID":"{C0433602-65D8-40D8-BE8E-A367B0EB5867}","SHAPE_Length":0.017041186071043758,"SHAPE_Area":0.00001735292163633559},"geometry":{"type":"Polygon","coordinates":[[[32.720044,24.527111],[32.717742,24.521642],[32.716672,24.526624],[32.720044,24.527111]]]}},{"type":"Feature","properties":{"source_layer":"Agricultural_Changes","source_feature_count":1,"سعر_الأرض_2023":9510004.602316234,"سعر_الأرض_2014":null,"سعر_الايجار_زراعية_2023":null,"نوع_ملكية_الأرض":"ايجار","أنواع_المحاصيل_المزروعة":"خضروات","اسم_المحور":"محور كلبشة","اسم_المحافظة":"محافظة أسوان","المساحة_كم2":0.15400817169742892,"نسبة_المساحة":1.7553481331430316,"المساحة_فدان":38.04001840926494,"فرق_السعر":9510004.602316234,"GlobalID":"{F53978C3-A220-4606-9D2C-3748D3D7C21C}","SHAPE_Length":0.015708513673299822,"SHAPE_Area":0.00001373154046457032},"geometry":{"type":"Polygon","coordinates":[[[32.726566,24.522754],[32.723062,24.527546],[32.725697,24.527927],[32.726566,24.522754]]]}},{"type":"Feature","properties":{"source_layer":"Agricultural_Changes","source_feature_count":1,"سعر_الأرض_2023":20122938.560293887,"سعر_الأرض_2014":null,"سعر_الايجار_زراعية_2023":null,"نوع_ملكية_الأرض":"ايجار","أنواع_المحاصيل_المزروعة":"خضروات","اسم_المحور":"محور كلبشة","اسم_المحافظة":"محافظة أسوان","المساحة_كم2":0.32587754753512366,"نسبة_المساحة":3.7142739790641803,"المساحة_فدان":80.49175424117554,"فرق_السعر":20122938.560293887,"GlobalID":"{42ED5E85-C6B0-412B-BB2B-E6167AABEB85}","SHAPE_Length":0.03091478678785857,"SHAPE_Area":0.000029061444500571304},"geometry":{"type":"Polygon","coordinates":[[[32.725049,24.547117],[32.726184,24.554459],[32.727748,24.54747],[32.725049,24.547117]]]}},{"type":"Feature","properties":{"source_layer":"Agricultural_Changes","source_feature_count":1,"سعر_الأرض_2023":680785.2551615625,"سعر_الأرض_2014":194510.07290330358,"سعر_الايجار_زراعية_2023":null,"نوع_ملكية_الأرض":"ايجار","أنواع_المحاصيل_المزروعة":"فاكهة","اسم_المحور":"محور كلبشة","اسم_المحافظة":"محافظة أسوان","المساحة_كم2":0.007874901736975854,"نسبة_المساحة":0.08975623767447238,"المساحة_فدان":1.9451007290330358,"فرق_السعر":486275.1822582589,"GlobalID":"{80CBA1F3-08C5-43B4-8738-462A1F703397}","SHAPE_Length":0.004748288453077012,"SHAPE_Area":7.028078861648709e-7},"geometry":{"type":"Polygon","coordinates":[[[32.905024,24.644819],[32.906355,24.646301],[32.906627,24.646134],[32.905024,24.644819]]]}},{"type":"Feature","properties":{"source_layer":"Agricultural_Changes","source_feature_count":1,"سعر_الأرض_2023":1774356.7963582498,"سعر_الأرض_2014":236580.90618109997,"سعر_الايجار_زراعية_2023":null,"نوع_ملكية_الأرض":"ايجار","أنواع_المحاصيل_المزروعة":"فاكهة","اسم_المحور":"محور كلبشة","اسم_المحافظة":"محافظة أسوان","المساحة_كم2":0.011972717924144737,"نسبة_المساحة":0.1364621618785598,"المساحة_فدان":2.95726132726375,"فرق_السعر":1537775.8901771498,"GlobalID":"{92A17582-C94C-4B3A-8574-99686523B471}","SHAPE_Length":0.004655392401037246,"SHAPE_Area":0.0000010683381447073732},"geometry":{"type":"Polygon","coordinates":[[[32.933963,24.622873],[32.935428,24.623204],[32.935404,24.622542],[32.933963,24.622873]]]}},{"type":"Feature","properties":{"source_layer":"Agricultural_Changes","source_feature_count":1,"سعر_الأرض_2023":1322850.909261579,"سعر_الأرض_2014":176380.12123487718,"سعر_الايجار_زراعية_2023":null,"نوع_ملكية_الأرض":"ايجار","أنواع_المحاصيل_المزروعة":"فاكهة","اسم_المحور":"محور كلبشة","اسم_المحافظة":"محافظة أسوان","المساحة_كم2":0.008926119495692166,"نسبة_المساحة":0.10173776508273709,"المساحة_فدان":2.204751515435965,"فرق_السعر":1146470.7880267017,"GlobalID":"{0A074E76-4F35-45B8-8245-B6B6C29B8FEB}","SHAPE_Length":0.003958017620390497,"SHAPE_Area":7.964812853868574e-7},"geometry":{"type":"Polygon","coordinates":[[[32.933798,24.622566],[32.935338,24.622558],[32.934979,24.621834],[32.933798,24.622566]]]}},{"type":"Feature","properties":{"source_layer":"Agricultural_Changes","source_feature_count":1,"سعر_الأرض_2023":1898084.3877353002,"سعر_الأرض_2014":253077.9183647067,"سعر_الايجار_زراعية_2023":null,"نوع_ملكية_الأرض":"ايجار","أنواع_المحاصيل_المزروعة":"فاكهة","اسم_المحور":"محور كلبشة","اسم_المحافظة":"محافظة أسوان","المساحة_كم2":0.012807586961776656,"نسبة_المساحة":0.14597779855208168,"المساحة_فدان":3.163473979558834,"فرق_السعر":1645006.4693705935,"GlobalID":"{D5D9AD44-85A5-4440-8B11-331072B7A4F9}","SHAPE_Length":0.00521990228539552,"SHAPE_Area":0.0000011428722756208514},"geometry":{"type":"Polygon","coordinates":[[[32.932616,24.627575],[32.933868,24.626724],[32.932522,24.627173],[32.932616,24.627575]]]}},{"type":"Feature","properties":{"source_layer":"Agricultural_Changes","source_feature_count":1,"سعر_الأرض_2023":null,"سعر_الأرض_2014":null,"سعر_الايجار_زراعية_2023":null,"نوع_ملكية_الأرض":"ايجار","أنواع_المحاصيل_المزروعة":"خضروات","اسم_المحور":"محور كلبشة","اسم_المحافظة":"محافظة أسوان","المساحة_كم2":0.012548265989027139,"نسبة_المساحة":0.1430221204190083,"المساحة_فدان":3.099421699289703,"فرق_السعر":null,"GlobalID":"{55853A68-1C59-413A-8BEC-F55F05402D6A}","SHAPE_Length":0.0047272541425188415,"SHAPE_Area":0.0000011196015428416722},"geometry":{"type":"Polygon","coordinates":[[[32.941056,24.611901],[32.941812,24.613595],[32.941767,24.611856],[32.941056,24.611901]]]}},{"type":"Feature","properties":{"source_layer":"Agricultural_Changes","source_feature_count":1,"سعر_الأرض_2023":6691161.450092963,"سعر_الأرض_2014":1338232.2900185925,"سعر_الايجار_زراعية_2023":null,"نوع_ملكية_الأرض":"ايجار","أنواع_المحاصيل_المزروعة":"خضروات","اسم_المحور":"محور كلبشة","اسم_المحافظة":"محافظة أسوان","المساحة_كم2":0.06772430617503,"نسبة_المساحة":0.7719053677638757,"المساحة_فدان":16.727903625232408,"فرق_السعر":5352929.16007437,"GlobalID":"{7EC5B9B7-CECB-4A69-9BDE-619DC71D9C1F}","SHAPE_Length":0.012541768666933885,"SHAPE_Area":0.000006040631819291092},"geometry":{"type":"Polygon","coordinates":[[[32.923547,24.570698],[32.923449,24.572503],[32.927182,24.569692],[32.923547,24.570698]]]}},{"type":"Feature","properties":{"source_layer":"Agricultural_Changes","source_feature_count":1,"سعر_الأرض_2023":4027714.002809276,"سعر_الأرض_2014":805542.8005618552,"سعر_الايجار_زراعية_2023":null,"نوع_ملكية_الأرض":"ايجار","أنواع_المحاصيل_المزروعة":"خضروات","اسم_المحور":"محور كلبشة","اسم_المحافظة":"محافظة أسوان","المساحة_كم2":0.04076633606082264,"نسبة_المساحة":0.4646449023499517,"المساحة_فدان":10.06928500702319,"فرق_السعر":3222171.202247421,"GlobalID":"{9614718E-C662-4242-83B6-BFD9DE302BA0}","SHAPE_Length":0.008255390808311159,"SHAPE_Area":0.0000036362584876964306},"geometry":{"type":"Polygon","coordinates":[[[32.917921,24.57411],[32.916574,24.57548],[32.917756,24.576968],[32.917921,24.57411]]]}},{"type":"Feature","properties":{"source_layer":"Agricultural_Changes","source_feature_count":1,"سعر_الأرض_2023":1767592.1438544681,"سعر_الأرض_2014":353518.4287708936,"سعر_الايجار_زراعية_2023":null,"نوع_ملكية_الأرض":"ايجار","أنواع_المحاصيل_المزروعة":"خضروات","اسم_المحور":"محور كلبشة","اسم_المحافظة":"محافظة أسوان","المساحة_كم2":0.017890608743466277,"نسبة_المساحة":0.20391285937952736,"المساحة_فدان":4.41898035963617,"فرق_السعر":1414073.7150835744,"GlobalID":"{082402B6-9C60-459D-9E0C-36E0AB1BF6B8}","SHAPE_Length":0.006529990503429184,"SHAPE_Area":0.0000015958334915312206},"geometry":{"type":"Polygon","coordinates":[[[32.920496,24.577039],[32.918417,24.578717],[32.920969,24.577512],[32.920496,24.577039]]]}},{"type":"Feature","properties":{"source_layer":"Agricultural_Changes","source_feature_count":1,"سعر_الأرض_2023":734997.7899229521,"سعر_الأرض_2014":146999.5579845904,"سعر_الايجار_زراعية_2023":null,"نوع_ملكية_الأرض":"ايجار","أنواع_المحاصيل_المزروعة":"خضروات","اسم_المحور":"محور كلبشة","اسم_المحافظة":"محافظة أسوان","المساحة_كم2":0.00743924888585984,"نسبة_المساحة":0.08479077116398527,"المساحة_فدان":1.8374944748073803,"فرق_السعر":587998.2319383617,"GlobalID":"{50D13653-CFD9-42CC-A522-4F4317DB06D2}","SHAPE_Length":0.003654379930596432,"SHAPE_Area":6.635841383346915e-7},"geometry":{"type":"Polygon","coordinates":[[[32.919203,24.578807],[32.919661,24.579982],[32.92022,24.57971],[32.919203,24.578807]]]}},{"type":"Feature","properties":{"source_layer":"Agricultural_Changes","source_feature_count":1,"سعر_الأرض_2023":1009452.6638294113,"سعر_الأرض_2014":201890.53276588226,"سعر_الايجار_زراعية_2023":null,"نوع_ملكية_الأرض":"ايجار","أنواع_المحاصيل_المزروعة":"خضروات","اسم_المحور":"محور كلبشة","اسم_المحافظة":"محافظة أسوان","المساحة_كم2":0.010217132224994043,"نسبة_المساحة":0.11645241794347079,"المساحة_فدان":2.523631659573528,"فرق_السعر":807562.131063529,"GlobalID":"{F8EDED22-2308-4620-9524-BDAAB4ED51AC}","SHAPE_Length":0.004951526302745975,"SHAPE_Area":9.113690096454715e-7},"geometry":{"type":"Polygon","coordinates":[[[32.921702,24.578425],[32.920356,24.579906],[32.922005,24.578742],[32.921702,24.578425]]]}},{"type":"Feature","properties":{"source_layer":"Agricultural_Changes","source_feature_count":1,"سعر_الأرض_2023":2778186.099724368,"سعر_الأرض_2014":694546.524931092,"سعر_الايجار_زراعية_2023":null,"نوع_ملكية_الأرض":"تمليك","أنواع_المحاصيل_المزروعة":"محاصيل موسمية","اسم_المحور":"محور كلبشة","اسم_المحافظة":"محافظة أسوان","المساحة_كم2":0.014059646253665832,"نسبة_المساحة":0.16024846949362068,"المساحة_فدان":3.47273262465546,"فرق_السعر":2083639.5747932761,"GlobalID":"{0B3F25C1-4977-4A27-8FFF-1919DDC1A7BE}","SHAPE_Length":0.005687181902560227,"SHAPE_Area":0.0000012534651778279806},"geometry":{"type":"Polygon","coordinates":[[[32.872167,24.512922],[32.871396,24.511531],[32.871638,24.513013],[32.872167,24.512922]]]}},{"type":"Feature","properties":{"source_layer":"Agricultural_Changes","source_feature_count":1,"سعر_الأرض_2023":74166533.28644723,"سعر_الأرض_2014":null,"سعر_الايجار_زراعية_2023":null,"نوع_ملكية_الأرض":"ايجار","أنواع_المحاصيل_المزروعة":"خضروات","اسم_المحور":"محور كلبشة","اسم_المحافظة":"محافظة أسوان","المساحة_كم2":1.2010774621287001,"نسبة_المساحة":13.6895922967637,"المساحة_فدان":296.66613314578893,"فرق_السعر":74166533.28644723,"GlobalID":"{066775CF-3199-4BF8-93DB-DA2F4D009517}","SHAPE_Length":0.045203880743007616,"SHAPE_Area":0.00010706590794138083},"geometry":{"type":"Polygon","coordinates":[[[32.755494,24.499086],[32.740657,24.490456],[32.739637,24.496796],[32.755494,24.499086]]]}},{"type":"Feature","properties":{"source_layer":"Agricultural_Changes","source_feature_count":1,"سعر_الأرض_2023":19226302.585116185,"سعر_الأرض_2014":null,"سعر_الايجار_زراعية_2023":null,"نوع_ملكية_الأرض":"ايجار","أنواع_المحاصيل_المزروعة":"خضروات","اسم_المحور":"محور كلبشة","اسم_المحافظة":"محافظة أسوان","المساحة_كم2":0.3113571268844726,"نسبة_المساحة":3.5487737137169146,"المساحة_فدان":76.90521034046473,"فرق_السعر":19226302.585116185,"GlobalID":"{FD5D6F82-513C-45A0-9C23-3E43420F3E80}","SHAPE_Length":0.02488952512189782,"SHAPE_Area":0.000027778850686636236},"geometry":{"type":"Polygon","coordinates":[[[32.737272,24.604707],[32.746328,24.609783],[32.746616,24.606957],[32.737272,24.604707]]]}}]}