{"type":"FeatureCollection","features":[{"type":"Feature","properties":{"landuse_value":0,"landuse_code":0,"landuse_label":null,"source_feature_count":1,"area_km2":0.022585,"change_status":"لم يتغير","change_status_key":"unchanged","change_percent":0.004988772444684044},"geometry":{"type":"MultiPolygon","coordinates":[[[[32.926068,24.662078],[32.927029,24.659632],[32.927446,24.658868],[32.926109,24.659748],[32.926068,24.662078]]]]}},{"type":"Feature","properties":{"landuse_value":0,"landuse_code":0,"landuse_label":null,"source_feature_count":1,"area_km2":1.764863,"change_status":"لم يتغير","change_status_key":"unchanged","change_percent":0.3898363295903937},"geometry":{"type":"MultiPolygon","coordinates":[[[[32.890681,24.608499],[32.898642,24.591005],[32.88498,24.595606],[32.890681,24.608499]]]]}},{"type":"Feature","properties":{"landuse_value":0,"landuse_code":0,"landuse_label":null,"source_feature_count":1,"area_km2":0.475988,"change_status":"لم يتغير","change_status_key":"unchanged","change_percent":0.10513992333242632},"geometry":{"type":"MultiPolygon","coordinates":[[[[32.926188,24.663201],[32.929577,24.664571],[32.929827,24.653399],[32.926188,24.663201]]]]}},{"type":"Feature","properties":{"landuse_value":2,"landuse_code":2,"landuse_label":null,"source_feature_count":3,"area_km2":326.485413,"change_status":"2","change_status_key":"unchanged"},"geometry":{"type":"MultiPolygon","coordinates":[[[[32.931417,24.632048],[32.94092,24.647023],[32.945449,24.625515],[32.931417,24.632048]]],[[[32.914376,24.638203],[32.910504,24.674268],[32.718042,24.664988],[32.722548,24.574916],[32.877364,24.584694],[32.914376,24.638203]],[[32.809257,24.605054],[32.811852,24.623569],[32.811622,24.604996],[32.809257,24.605054]],[[32.886742,24.612944],[32.88537,24.615591],[32.88877,24.613787],[32.886742,24.612944]],[[32.746616,24.606957],[32.737272,24.604707],[32.737214,24.607822],[32.746616,24.606957]],[[32.813826,24.59275],[32.814676,24.594073],[32.814794,24.592727],[32.813826,24.59275]],[[32.812526,24.593908],[32.811936,24.592632],[32.811605,24.593695],[32.812526,24.593908]],[[32.816472,24.583678],[32.815787,24.585639],[32.816377,24.585686],[32.816472,24.583678]],[[32.820276,24.58382],[32.820819,24.585639],[32.820819,24.58382],[32.820276,24.58382]],[[32.817015,24.585615],[32.817535,24.583796],[32.81711,24.583796],[32.817015,24.585615]]],[[[32.723933,24.547202],[32.727059,24.484617],[32.860908,24.493033],[32.885503,24.584951],[32.723933,24.547202]],[[32.740657,24.490456],[32.744389,24.505957],[32.758493,24.491929],[32.740657,24.490456]]]]}},{"type":"Feature","properties":{"landuse_value":3,"landuse_code":3,"landuse_label":null,"source_feature_count":1,"area_km2":0.730316,"change_status":"1","change_status_key":"changed"},"geometry":{"type":"MultiPolygon","coordinates":[[[[32.937433,24.589794],[32.945687,24.596186],[32.945712,24.5923],[32.937433,24.589794]]]]}},{"type":"Feature","properties":{"landuse_value":0,"landuse_code":0,"landuse_label":null,"source_feature_count":1,"area_km2":0.475279,"change_status":"لم يتغير","change_status_key":"unchanged","change_percent":0.10498312002376092},"geometry":{"type":"MultiPolygon","coordinates":[[[[32.885295,24.492961],[32.893842,24.496435],[32.898228,24.490406],[32.885295,24.492961]]]]}},{"type":"Feature","properties":{"landuse_value":0,"landuse_code":0,"landuse_label":null,"source_feature_count":1,"area_km2":1.231115,"change_status":"لم يتغير","change_status_key":"unchanged","change_percent":0.2719380736336696},"geometry":{"type":"MultiPolygon","coordinates":[[[[32.903667,24.562156],[32.903535,24.54926],[32.907668,24.554728],[32.905345,24.560846],[32.9075,24.55982],[32.909714,24.570733],[32.90841,24.580121],[32.903667,24.562156]],[[32.90755,24.566565],[32.907713,24.567653],[32.908327,24.567569],[32.90755,24.566565]],[[32.905849,24.562986],[32.906058,24.562481],[32.905697,24.562548],[32.905849,24.562986]]]]}},{"type":"Feature","properties":{"landuse_value":0,"landuse_code":0,"landuse_label":null,"source_feature_count":1,"area_km2":0.552206,"change_status":"لم يتغير","change_status_key":"unchanged","change_percent":0.12197552024959667},"geometry":{"type":"MultiPolygon","coordinates":[[[[32.892637,24.540512],[32.883163,24.531636],[32.894276,24.5442],[32.892637,24.540512]]]]}},{"type":"Feature","properties":{"landuse_value":0,"landuse_code":0,"landuse_label":null,"source_feature_count":1,"area_km2":0.170239,"change_status":"لم يتغير","change_status_key":"unchanged","change_percent":0.03760369469033305},"geometry":{"type":"MultiPolygon","coordinates":[[[[32.930526,24.633097],[32.94407,24.622405],[32.930566,24.630663],[32.930526,24.633097]]]]}},{"type":"Feature","properties":{"landuse_value":0,"landuse_code":0,"landuse_label":null,"source_feature_count":1,"area_km2":1.053677,"change_status":"تغير","change_status_key":"changed","change_percent":0.23274414216162745},"geometry":{"type":"MultiPolygon","coordinates":[[[[32.872399,24.574549],[32.879542,24.567468],[32.870079,24.568908],[32.872399,24.574549]]]]}},{"type":"Feature","properties":{"landuse_value":0,"landuse_code":0,"landuse_label":null,"source_feature_count":1,"area_km2":0.215506,"change_status":"لم يتغير","change_status_key":"unchanged","change_percent":0.047602516543082715},"geometry":{"type":"MultiPolygon","coordinates":[[[[32.8954,24.555316],[32.894978,24.548133],[32.891908,24.549776],[32.8954,24.555316]]]]}},{"type":"Feature","properties":{"landuse_value":0,"landuse_code":0,"landuse_label":null,"source_feature_count":1,"area_km2":0.242788,"change_status":"لم يتغير","change_status_key":"unchanged","change_percent":0.053628879392903554},"geometry":{"type":"MultiPolygon","coordinates":[[[[32.863738,24.535433],[32.866279,24.530091],[32.861731,24.531082],[32.863738,24.535433]]]]}},{"type":"Feature","properties":{"landuse_value":0,"landuse_code":0,"landuse_label":null,"source_feature_count":1,"area_km2":1.947114,"change_status":"تغير","change_status_key":"changed","change_percent":0.43009331765932146},"geometry":{"type":"MultiPolygon","coordinates":[[[[32.871698,24.551676],[32.880278,24.555017],[32.869452,24.537784],[32.871698,24.551676]]]]}},{"type":"Feature","properties":{"landuse_value":0,"landuse_code":0,"landuse_label":null,"source_feature_count":1,"area_km2":0.145181,"change_status":"تغير","change_status_key":"changed","change_percent":0.032068641960389575},"geometry":{"type":"MultiPolygon","coordinates":[[[[32.860107,24.523164],[32.862505,24.517853],[32.859139,24.518449],[32.860107,24.523164]]]]}},{"type":"Feature","properties":{"landuse_value":0,"landuse_code":0,"landuse_label":null,"source_feature_count":1,"area_km2":0.052341,"change_status":"لم يتغير","change_status_key":"unchanged","change_percent":0.011561509715909246},"geometry":{"type":"MultiPolygon","coordinates":[[[[32.87847,24.557311],[32.880751,24.555604],[32.875203,24.558413],[32.87847,24.557311]]]]}},{"type":"Feature","properties":{"landuse_value":0,"landuse_code":0,"landuse_label":null,"source_feature_count":1,"area_km2":0.18277,"change_status":"تغير","change_status_key":"changed","change_percent":0.040371581163993385},"geometry":{"type":"MultiPolygon","coordinates":[[[[32.877092,24.564],[32.885622,24.562732],[32.875166,24.562446],[32.877092,24.564]]]]}},{"type":"Feature","properties":{"landuse_value":0,"landuse_code":0,"landuse_label":null,"source_feature_count":1,"area_km2":0.263229,"change_status":"لم يتغير","change_status_key":"unchanged","change_percent":0.05814390496082747},"geometry":{"type":"MultiPolygon","coordinates":[[[[32.884048,24.561348],[32.892995,24.56047],[32.892497,24.557731],[32.884048,24.561348]]]]}},{"type":"Feature","properties":{"landuse_value":0,"landuse_code":0,"landuse_label":null,"source_feature_count":1,"area_km2":0.628445,"change_status":"لم يتغير","change_status_key":"unchanged","change_percent":0.13881564215652994},"geometry":{"type":"MultiPolygon","coordinates":[[[[32.878529,24.553236],[32.886696,24.545257],[32.87625,24.54986],[32.878529,24.553236]]]]}},{"type":"Feature","properties":{"landuse_value":0,"landuse_code":0,"landuse_label":null,"source_feature_count":1,"area_km2":0.417384,"change_status":"تغير","change_status_key":"changed","change_percent":0.09219502225054337},"geometry":{"type":"MultiPolygon","coordinates":[[[[32.870318,24.539868],[32.873798,24.531726],[32.867362,24.533432],[32.870318,24.539868]]]]}},{"type":"Feature","properties":{"landuse_value":0,"landuse_code":0,"landuse_label":null,"source_feature_count":1,"area_km2":0.041437,"change_status":"لم يتغير","change_status_key":"unchanged","change_percent":0.009152965144316322},"geometry":{"type":"MultiPolygon","coordinates":[[[[32.8715,24.530692],[32.867106,24.532843],[32.871792,24.531399],[32.8715,24.530692]]]]}},{"type":"Feature","properties":{"landuse_value":0,"landuse_code":0,"landuse_label":null,"source_feature_count":1,"area_km2":0.07966,"change_status":"لم يتغير","change_status_key":"unchanged","change_percent":0.017596004177392616},"geometry":{"type":"MultiPolygon","coordinates":[[[[32.878295,24.538597],[32.871114,24.541709],[32.878581,24.539482],[32.878295,24.538597]]]]}},{"type":"Feature","properties":{"landuse_value":2,"landuse_code":2,"landuse_label":null,"source_feature_count":19,"area_km2":6.383383},"geometry":{"type":"MultiPolygon","coordinates":[[[[32.87816,24.542397],[32.875941,24.541606],[32.871621,24.542835],[32.87816,24.542397]]],[[[32.893326,24.556741],[32.895001,24.554295],[32.892065,24.55526],[32.893326,24.556741]]],[[[32.887641,24.60169],[32.887901,24.598586],[32.886359,24.598848],[32.887641,24.60169]]],[[[32.887799,24.594809],[32.889223,24.592558],[32.88732,24.593187],[32.887799,24.594809]]],[[[32.888452,24.589409],[32.886362,24.589013],[32.886349,24.590122],[32.888452,24.589409]]],[[[32.889487,24.589135],[32.891969,24.587739],[32.889289,24.588275],[32.889487,24.589135]]],[[[32.929827,24.599193],[32.932183,24.595988],[32.926022,24.602083],[32.929827,24.599193]]],[[[32.940774,24.513696],[32.938437,24.513973],[32.939246,24.514771],[32.940774,24.513696]]],[[[32.89312,24.585239],[32.886895,24.580501],[32.885503,24.584951],[32.89312,24.585239]]],[[[32.893897,24.506216],[32.893615,24.504453],[32.892747,24.505122],[32.893897,24.506216]]],[[[32.864532,24.50195],[32.86945,24.493589],[32.860908,24.493033],[32.864532,24.50195]]],[[[32.909836,24.582615],[32.913138,24.579806],[32.910902,24.579136],[32.909836,24.582615]]],[[[32.910507,24.58714],[32.913227,24.582246],[32.909809,24.58285],[32.910507,24.58714]]],[[[32.87137,24.516723],[32.862066,24.506281],[32.862885,24.518999],[32.87137,24.516723]]],[[[32.923718,24.586749],[32.920104,24.596077],[32.922271,24.596548],[32.923718,24.586749]]],[[[32.884048,24.561348],[32.891301,24.553844],[32.88155,24.556762],[32.884048,24.561348]]],[[[32.879815,24.565797],[32.879542,24.567468],[32.880338,24.567249],[32.879815,24.565797]]],[[[32.879487,24.574718],[32.884668,24.570753],[32.87696,24.573194],[32.879487,24.574718]]],[[[32.87137,24.516723],[32.871621,24.542835],[32.885242,24.539001],[32.87137,24.516723]]]]}},{"type":"Feature","properties":{"landuse_value":0,"landuse_code":0,"landuse_label":null,"source_feature_count":1,"area_km2":0.164387,"change_status":"لم يتغير","change_status_key":"unchanged","change_percent":0.036310973117072265},"geometry":{"type":"MultiPolygon","coordinates":[[[[32.892995,24.56047],[32.8954,24.555316],[32.892584,24.556473],[32.892995,24.56047]]]]}},{"type":"Feature","properties":{"landuse_value":0,"landuse_code":0,"landuse_label":null,"source_feature_count":1,"area_km2":0.224973,"change_status":"لم يتغير","change_status_key":"unchanged","change_percent":0.049693733486890414},"geometry":{"type":"MultiPolygon","coordinates":[[[[32.897216,24.576073],[32.899601,24.568923],[32.897309,24.568621],[32.897216,24.576073]]]]}},{"type":"Feature","properties":{"landuse_value":0,"landuse_code":0,"landuse_label":null,"source_feature_count":1,"area_km2":0.10009,"change_status":"لم يتغير","change_status_key":"unchanged","change_percent":0.022108723507359405},"geometry":{"type":"MultiPolygon","coordinates":[[[[32.897696,24.554659],[32.896842,24.559289],[32.898679,24.558726],[32.897696,24.554659]]]]}},{"type":"Feature","properties":{"landuse_value":0,"landuse_code":0,"landuse_label":null,"source_feature_count":1,"area_km2":0.305384,"change_status":"لم يتغير","change_status_key":"unchanged","change_percent":0.0674554903298108},"geometry":{"type":"MultiPolygon","coordinates":[[[[32.893523,24.568814],[32.897366,24.561665],[32.893029,24.562366],[32.893523,24.568814]]]]}},{"type":"Feature","properties":{"landuse_value":0,"landuse_code":0,"landuse_label":null,"source_feature_count":1,"area_km2":0.189504,"change_status":"لم يتغير","change_status_key":"unchanged","change_percent":0.04185901167089447},"geometry":{"type":"MultiPolygon","coordinates":[[[[32.895001,24.554295],[32.888777,24.551206],[32.892065,24.55526],[32.895001,24.554295]]]]}},{"type":"Feature","properties":{"landuse_value":0,"landuse_code":0,"landuse_label":null,"source_feature_count":1,"area_km2":3.041349,"change_status":"لم يتغير","change_status_key":"unchanged","change_percent":0.6717960969040486},"geometry":{"type":"MultiPolygon","coordinates":[[[[32.947091,24.672276],[32.933374,24.649487],[32.936288,24.671071],[32.947091,24.672276]]]]}},{"type":"Feature","properties":{"landuse_value":0,"landuse_code":0,"landuse_label":null,"source_feature_count":1,"area_km2":0.290015,"change_status":"لم يتغير","change_status_key":"unchanged","change_percent":0.06406073600571834},"geometry":{"type":"MultiPolygon","coordinates":[[[[32.936407,24.649063],[32.943461,24.641367],[32.934355,24.649424],[32.936407,24.649063]]]]}},{"type":"Feature","properties":{"landuse_value":0,"landuse_code":0,"landuse_label":null,"source_feature_count":1,"area_km2":0.448535,"change_status":"لم يتغير","change_status_key":"unchanged","change_percent":0.0990758116546434},"geometry":{"type":"MultiPolygon","coordinates":[[[[32.943644,24.615599],[32.949511,24.622342],[32.949422,24.615534],[32.943644,24.615599]]]]}},{"type":"Feature","properties":{"landuse_value":3,"landuse_code":3,"landuse_label":null,"source_feature_count":117,"area_km2":19.237313},"geometry":{"type":"MultiPolygon","coordinates":[[[[32.943644,24.615599],[32.949327,24.610917],[32.943576,24.608738],[32.943644,24.615599]]],[[[32.916233,24.595369],[32.918876,24.585977],[32.910507,24.58714],[32.916233,24.595369]]],[[[32.928475,24.607458],[32.924207,24.607867],[32.92475,24.608732],[32.928475,24.607458]]],[[[32.925251,24.606379],[32.924528,24.605865],[32.924598,24.606689],[32.925251,24.606379]]],[[[32.929784,24.595624],[32.933267,24.582794],[32.92729,24.59321],[32.929784,24.595624]]],[[[32.95029,24.499433],[32.95395,24.497888],[32.947665,24.490422],[32.95029,24.499433]]],[[[32.947189,24.561328],[32.949453,24.576587],[32.949769,24.561023],[32.947189,24.561328]]],[[[32.948872,24.527977],[32.9548,24.522865],[32.948655,24.518229],[32.948872,24.527977]]],[[[32.93306,24.509701],[32.942031,24.510999],[32.93543,24.507381],[32.93306,24.509701]]],[[[32.888502,24.499948],[32.885094,24.495021],[32.88598,24.500342],[32.888502,24.499948]]],[[[32.884074,24.505461],[32.885295,24.492961],[32.880656,24.493337],[32.884074,24.505461]]],[[[32.900174,24.532643],[32.900404,24.520839],[32.884217,24.511844],[32.900174,24.532643]]],[[[32.893019,24.620924],[32.906849,24.610468],[32.896526,24.602566],[32.893019,24.620924]]],[[[32.948547,24.514489],[32.946203,24.513049],[32.946171,24.514239],[32.948547,24.514489]]],[[[32.94292,24.514109],[32.944159,24.510984],[32.942578,24.510432],[32.94292,24.514109]]],[[[32.94804,24.524627],[32.94878,24.524118],[32.947868,24.524118],[32.94804,24.524627]]],[[[32.948821,24.526052],[32.947711,24.525093],[32.947476,24.52586],[32.948821,24.526052]]],[[[32.948866,24.527775],[32.947899,24.526319],[32.948196,24.527774],[32.948866,24.527775]]],[[[32.94704,24.530942],[32.948923,24.52964],[32.946974,24.530075],[32.94704,24.530942]]],[[[32.94778,24.492647],[32.945052,24.488389],[32.944378,24.491711],[32.94778,24.492647]]],[[[32.947873,24.495697],[32.946547,24.494457],[32.946578,24.49569],[32.947873,24.495697]]],[[[32.933728,24.545515],[32.932662,24.544339],[32.932937,24.545485],[32.933728,24.545515]]],[[[32.909025,24.55429],[32.925993,24.540148],[32.914018,24.541724],[32.909025,24.55429]]],[[[32.938748,24.523687],[32.936814,24.527213],[32.937838,24.527137],[32.938748,24.523687]]],[[[32.948181,24.541288],[32.947727,24.540184],[32.947406,24.540241],[32.948181,24.541288]]],[[[32.946402,24.542076],[32.945187,24.541538],[32.945211,24.541846],[32.946402,24.542076]]],[[[32.948463,24.557409],[32.949647,24.554294],[32.948921,24.554315],[32.948463,24.557409]]],[[[32.947215,24.558705],[32.945784,24.558579],[32.945941,24.559207],[32.947215,24.558705]]],[[[32.948589,24.547766],[32.949443,24.547016],[32.948535,24.547035],[32.948589,24.547766]]],[[[32.942486,24.542595],[32.941355,24.542511],[32.941473,24.542871],[32.942486,24.542595]]],[[[32.939966,24.535968],[32.945187,24.541538],[32.944373,24.536263],[32.939966,24.535968]]],[[[32.945771,24.537727],[32.94606,24.537268],[32.945689,24.537349],[32.945771,24.537727]]],[[[32.949146,24.536966],[32.948202,24.536738],[32.948202,24.537176],[32.949146,24.536966]]],[[[32.942432,24.625343],[32.944833,24.62277],[32.939145,24.626209],[32.942432,24.625343]]],[[[32.94513,24.642126],[32.94297,24.636239],[32.94347,24.642074],[32.94513,24.642126]]],[[[32.945443,24.514376],[32.945164,24.514056],[32.945228,24.5144],[32.945443,24.514376]]],[[[32.946171,24.514239],[32.945775,24.513875],[32.945756,24.514164],[32.946171,24.514239]]],[[[32.945264,24.513597],[32.945559,24.514128],[32.945551,24.513593],[32.945264,24.513597]]],[[[32.942267,24.510719],[32.942216,24.510445],[32.941736,24.510544],[32.942267,24.510719]]],[[[32.924728,24.603492],[32.935748,24.601953],[32.937585,24.597413],[32.924728,24.603492]]],[[[32.890754,24.500499],[32.891222,24.500158],[32.890705,24.500237],[32.890754,24.500499]]],[[[32.886169,24.501279],[32.88676,24.500918],[32.886118,24.501004],[32.886169,24.501279]]],[[[32.943116,24.550074],[32.943545,24.549425],[32.942986,24.549548],[32.943116,24.550074]]],[[[32.941026,24.543514],[32.940567,24.539672],[32.939046,24.540037],[32.941026,24.543514]]],[[[32.94125,24.543695],[32.941851,24.544015],[32.941709,24.543584],[32.94125,24.543695]]],[[[32.942577,24.546279],[32.942085,24.545861],[32.942041,24.546388],[32.942577,24.546279]]],[[[32.938315,24.540815],[32.937398,24.540445],[32.937563,24.540953],[32.938315,24.540815]]],[[[32.937317,24.541192],[32.936445,24.540688],[32.936654,24.541349],[32.937317,24.541192]]],[[[32.926755,24.521689],[32.926689,24.523427],[32.927577,24.522962],[32.926755,24.521689]]],[[[32.903818,24.525299],[32.902592,24.525151],[32.902752,24.525578],[32.903818,24.525299]]],[[[32.895511,24.532157],[32.896022,24.530556],[32.894806,24.531523],[32.895511,24.532157]]],[[[32.901497,24.54139],[32.900861,24.543254],[32.902264,24.542323],[32.901497,24.54139]]],[[[32.953982,24.495623],[32.953557,24.49567],[32.953951,24.495762],[32.953982,24.495623]]],[[[32.953889,24.494127],[32.953522,24.494247],[32.953863,24.494304],[32.953889,24.494127]]],[[[32.953811,24.493487],[32.953511,24.493673],[32.953805,24.493711],[32.953811,24.493487]]],[[[32.953894,24.493071],[32.953502,24.493186],[32.953894,24.493252],[32.953894,24.493071]]],[[[32.948341,24.489885],[32.94793,24.489627],[32.947933,24.489879],[32.948341,24.489885]]],[[[32.95451,24.496168],[32.953571,24.496218],[32.954494,24.496273],[32.95451,24.496168]]],[[[32.953756,24.497501],[32.953923,24.497836],[32.955392,24.497597],[32.953756,24.497501]]],[[[32.954321,24.496679],[32.953661,24.497109],[32.954222,24.497004],[32.954321,24.496679]]],[[[32.947925,24.497389],[32.950419,24.50141],[32.949749,24.497063],[32.947925,24.497389]]],[[[32.950414,24.501323],[32.950808,24.500246],[32.950345,24.50027],[32.950414,24.501323]]],[[[32.95069,24.501549],[32.950454,24.501934],[32.950716,24.501913],[32.95069,24.501549]]],[[[32.953048,24.490902],[32.953455,24.490686],[32.953041,24.490696],[32.953048,24.490902]]],[[[32.933332,24.621798],[32.928475,24.607458],[32.921085,24.613301],[32.933332,24.621798]]],[[[32.941918,24.577292],[32.943517,24.576813],[32.941851,24.576298],[32.941918,24.577292]]],[[[32.915634,24.53621],[32.913862,24.534378],[32.914522,24.536599],[32.915634,24.53621]]],[[[32.916412,24.532296],[32.916922,24.531723],[32.916248,24.531895],[32.916412,24.532296]]],[[[32.912035,24.527484],[32.914717,24.525313],[32.913961,24.52392],[32.912035,24.527484]]],[[[32.914956,24.531199],[32.914061,24.532718],[32.914789,24.533895],[32.914956,24.531199]]],[[[32.949695,24.503739],[32.950721,24.503786],[32.95057,24.503423],[32.949695,24.503739]]],[[[32.915823,24.571258],[32.936728,24.560175],[32.918904,24.557682],[32.915823,24.571258]]],[[[32.942915,24.544699],[32.942284,24.545328],[32.94305,24.545148],[32.942915,24.544699]]],[[[32.914329,24.565794],[32.917135,24.561181],[32.916409,24.56135],[32.914329,24.565794]]],[[[32.906524,24.52499],[32.907286,24.522298],[32.906715,24.522658],[32.906524,24.52499]]],[[[32.899601,24.568923],[32.897309,24.568621],[32.898275,24.570509],[32.899601,24.568923]]],[[[32.939013,24.506816],[32.942006,24.507331],[32.939219,24.506153],[32.939013,24.506816]]],[[[32.930865,24.488236],[32.93012,24.488969],[32.930469,24.489064],[32.930865,24.488236]]],[[[32.924122,24.491138],[32.928053,24.491569],[32.929424,24.490046],[32.924122,24.491138]]],[[[32.92961,24.496269],[32.929517,24.495901],[32.929407,24.496205],[32.92961,24.496269]]],[[[32.923189,24.495745],[32.922901,24.495141],[32.92288,24.495705],[32.923189,24.495745]]],[[[32.927956,24.498882],[32.927548,24.498573],[32.927432,24.498936],[32.927956,24.498882]]],[[[32.92823,24.498848],[32.928498,24.498502],[32.9282,24.498852],[32.92823,24.498848]]],[[[32.931586,24.4982],[32.930642,24.498155],[32.930566,24.498297],[32.931586,24.4982]]],[[[32.932486,24.494696],[32.932013,24.494766],[32.932378,24.494923],[32.932486,24.494696]]],[[[32.943347,24.506392],[32.942531,24.503047],[32.940135,24.501965],[32.943347,24.506392]]],[[[32.939983,24.502749],[32.940207,24.501568],[32.939537,24.501403],[32.939983,24.502749]]],[[[32.937521,24.499226],[32.930998,24.501834],[32.939397,24.502115],[32.937521,24.499226]]],[[[32.92837,24.503958],[32.929065,24.503418],[32.9283,24.503565],[32.92837,24.503958]]],[[[32.926002,24.500642],[32.926476,24.500002],[32.926072,24.500005],[32.926002,24.500642]]],[[[32.929909,24.502093],[32.930113,24.501622],[32.929768,24.501689],[32.929909,24.502093]]],[[[32.929209,24.501105],[32.92886,24.500838],[32.928878,24.501214],[32.929209,24.501105]]],[[[32.927348,24.503683],[32.927469,24.503347],[32.927285,24.503361],[32.927348,24.503683]]],[[[32.9075,24.55982],[32.906418,24.558801],[32.905423,24.561004],[32.9075,24.55982]]],[[[32.907521,24.576839],[32.905934,24.575371],[32.906736,24.577338],[32.907521,24.576839]]],[[[32.907105,24.567563],[32.90755,24.566565],[32.90672,24.56684],[32.907105,24.567563]]],[[[32.904505,24.568069],[32.903837,24.567379],[32.904033,24.568095],[32.904505,24.568069]]],[[[32.905849,24.562986],[32.906058,24.562481],[32.905697,24.562548],[32.905849,24.562986]]],[[[32.937151,24.539825],[32.938544,24.540157],[32.938457,24.539816],[32.937151,24.539825]]],[[[32.938937,24.540063],[32.93898,24.539405],[32.938781,24.539433],[32.938937,24.540063]]],[[[32.940567,24.539672],[32.939064,24.538678],[32.93934,24.539966],[32.940567,24.539672]]],[[[32.93941,24.536528],[32.939938,24.536174],[32.938605,24.536174],[32.93941,24.536528]]],[[[32.940019,24.535586],[32.93963,24.535305],[32.939619,24.535543],[32.940019,24.535586]]],[[[32.93205,24.541826],[32.932574,24.541037],[32.931988,24.541553],[32.93205,24.541826]]],[[[32.949999,24.532184],[32.949061,24.534179],[32.950761,24.534287],[32.949999,24.532184]]],[[[32.949979,24.529288],[32.948903,24.529008],[32.948931,24.529907],[32.949979,24.529288]]],[[[32.951622,24.527101],[32.952466,24.527168],[32.952103,24.526763],[32.951622,24.527101]]],[[[32.949877,24.530242],[32.950034,24.529735],[32.949666,24.529904],[32.949877,24.530242]]],[[[32.927303,24.66126],[32.926616,24.660689],[32.926492,24.661145],[32.927303,24.66126]]],[[[32.926196,24.664244],[32.925055,24.663358],[32.925059,24.663735],[32.926196,24.664244]]],[[[32.921278,24.667933],[32.925499,24.671889],[32.926082,24.668563],[32.921278,24.667933]]],[[[32.95024,24.5479],[32.950339,24.547556],[32.950101,24.547732],[32.95024,24.5479]]],[[[32.949498,24.548874],[32.949937,24.547742],[32.949465,24.547755],[32.949498,24.548874]]],[[[32.943733,24.542373],[32.944159,24.541799],[32.943453,24.541978],[32.943733,24.542373]]],[[[32.942994,24.542745],[32.942981,24.542098],[32.942819,24.542139],[32.942994,24.542745]]],[[[32.941636,24.545],[32.941851,24.544015],[32.941521,24.544084],[32.941636,24.545]]],[[[32.941907,24.545537],[32.942284,24.545328],[32.941883,24.545426],[32.941907,24.545537]]],[[[32.942005,24.632068],[32.945879,24.628673],[32.941865,24.629601],[32.942005,24.632068]]]]}},{"type":"Feature","properties":{"landuse_value":0,"landuse_code":0,"landuse_label":null,"source_feature_count":1,"area_km2":0.255257,"change_status":"لم يتغير","change_status_key":"unchanged","change_percent":0.056383087505562},"geometry":{"type":"MultiPolygon","coordinates":[[[[32.949327,24.610917],[32.943629,24.606588],[32.945012,24.610937],[32.949327,24.610917]]]]}},{"type":"Feature","properties":{"landuse_value":0,"landuse_code":0,"landuse_label":null,"source_feature_count":1,"area_km2":1.060779,"change_status":"تغير","change_status_key":"changed","change_percent":0.23431291050589312},"geometry":{"type":"MultiPolygon","coordinates":[[[[32.931368,24.630544],[32.933332,24.621798],[32.929636,24.616981],[32.931368,24.630544]]]]}},{"type":"Feature","properties":{"landuse_value":0,"landuse_code":0,"landuse_label":null,"source_feature_count":1,"area_km2":0.402922,"change_status":"لم يتغير","change_status_key":"unchanged","change_percent":0.08900048243599405},"geometry":{"type":"MultiPolygon","coordinates":[[[[32.942469,24.581366],[32.938196,24.576996],[32.93068,24.581099],[32.942469,24.581366]]]]}},{"type":"Feature","properties":{"landuse_value":0,"landuse_code":0,"landuse_label":null,"source_feature_count":1,"area_km2":0.824716,"change_status":"لم يتغير","change_status_key":"unchanged","change_percent":0.18216942985474005},"geometry":{"type":"MultiPolygon","coordinates":[[[[32.939287,24.589057],[32.949438,24.581921],[32.933594,24.58283],[32.939287,24.589057]]]]}},{"type":"Feature","properties":{"landuse_value":0,"landuse_code":0,"landuse_label":null,"source_feature_count":1,"area_km2":0.513439,"change_status":"لم يتغير","change_status_key":"unchanged","change_percent":0.11341226188947111},"geometry":{"type":"MultiPolygon","coordinates":[[[[32.949177,24.591968],[32.943753,24.601968],[32.949196,24.601977],[32.949177,24.591968]]]]}},{"type":"Feature","properties":{"landuse_value":0,"landuse_code":0,"landuse_label":null,"source_feature_count":1,"area_km2":0.113947,"change_status":"لم يتغير","change_status_key":"unchanged","change_percent":0.025169498807919684},"geometry":{"type":"MultiPolygon","coordinates":[[[[32.926112,24.601967],[32.929712,24.59659],[32.923613,24.600125],[32.926112,24.601967]]]]}},{"type":"Feature","properties":{"landuse_value":0,"landuse_code":0,"landuse_label":null,"source_feature_count":1,"area_km2":0.46316,"change_status":"لم يتغير","change_status_key":"unchanged","change_percent":0.10230617310097255},"geometry":{"type":"MultiPolygon","coordinates":[[[[32.92475,24.608732],[32.917341,24.60528],[32.92253,24.601614],[32.926441,24.605165],[32.92475,24.608732]],[[32.925251,24.606379],[32.924528,24.605865],[32.924598,24.606689],[32.925251,24.606379]]]]}},{"type":"Feature","properties":{"landuse_value":0,"landuse_code":0,"landuse_label":null,"source_feature_count":1,"area_km2":0.602192,"change_status":"لم يتغير","change_status_key":"unchanged","change_percent":0.13301663469742767},"geometry":{"type":"MultiPolygon","coordinates":[[[[32.923498,24.589527],[32.933223,24.594714],[32.933747,24.592707],[32.923498,24.589527]]]]}},{"type":"Feature","properties":{"landuse_value":0,"landuse_code":0,"landuse_label":null,"source_feature_count":1,"area_km2":0.416858,"change_status":"لم يتغير","change_status_key":"unchanged","change_percent":0.09207871367713326},"geometry":{"type":"MultiPolygon","coordinates":[[[[32.926716,24.584639],[32.929018,24.586747],[32.935317,24.581424],[32.926716,24.584639]]]]}},{"type":"Feature","properties":{"landuse_value":0,"landuse_code":0,"landuse_label":null,"source_feature_count":1,"area_km2":0.617959,"change_status":"لم يتغير","change_status_key":"unchanged","change_percent":0.13649935124048737},"geometry":{"type":"MultiPolygon","coordinates":[[[[32.941287,24.592352],[32.949284,24.586013],[32.938527,24.589621],[32.941287,24.592352]]]]}},{"type":"Feature","properties":{"landuse_value":0,"landuse_code":0,"landuse_label":null,"source_feature_count":1,"area_km2":0.837867,"change_status":"لم يتغير","change_status_key":"unchanged","change_percent":0.1850744820479501},"geometry":{"type":"MultiPolygon","coordinates":[[[[32.935748,24.601953],[32.949208,24.606342],[32.949196,24.601977],[32.935748,24.601953]]]]}},{"type":"Feature","properties":{"landuse_value":0,"landuse_code":0,"landuse_label":null,"source_feature_count":1,"area_km2":0.401004,"change_status":"لم يتغير","change_status_key":"unchanged","change_percent":0.08857672558178813},"geometry":{"type":"MultiPolygon","coordinates":[[[[32.943753,24.601968],[32.937585,24.597413],[32.935748,24.601953],[32.943753,24.601968]]]]}},{"type":"Feature","properties":{"landuse_value":0,"landuse_code":0,"landuse_label":null,"source_feature_count":1,"area_km2":0.577481,"change_status":"لم يتغير","change_status_key":"unchanged","change_percent":0.12755833437547143},"geometry":{"type":"MultiPolygon","coordinates":[[[[32.93987,24.560058],[32.943959,24.550757],[32.935718,24.554563],[32.93987,24.560058]]]]}},{"type":"Feature","properties":{"landuse_value":0,"landuse_code":0,"landuse_label":null,"source_feature_count":1,"area_km2":0.360699,"change_status":"لم يتغير","change_status_key":"unchanged","change_percent":0.07967393437765463},"geometry":{"type":"MultiPolygon","coordinates":[[[[32.943755,24.500577],[32.94778,24.492647],[32.945001,24.490973],[32.943755,24.500577]]]]}},{"type":"Feature","properties":{"landuse_value":0,"landuse_code":0,"landuse_label":null,"source_feature_count":1,"area_km2":0.636137,"change_status":"لم يتغير","change_status_key":"unchanged","change_percent":0.1405147353537976},"geometry":{"type":"MultiPolygon","coordinates":[[[[32.942468,24.56453],[32.947189,24.561328],[32.949782,24.559324],[32.942468,24.56453]]]]}},{"type":"Feature","properties":{"landuse_value":0,"landuse_code":0,"landuse_label":null,"source_feature_count":1,"area_km2":0.238149,"change_status":"لم يتغير","change_status_key":"unchanged","change_percent":0.052604216319931264},"geometry":{"type":"MultiPolygon","coordinates":[[[[32.938196,24.576996],[32.941851,24.576298],[32.946858,24.577252],[32.94224,24.572701],[32.938196,24.576996]]]]}},{"type":"Feature","properties":{"landuse_value":0,"landuse_code":0,"landuse_label":null,"source_feature_count":1,"area_km2":0.31078,"change_status":"لم يتغير","change_status_key":"unchanged","change_percent":0.06864735184973185},"geometry":{"type":"MultiPolygon","coordinates":[[[[32.949437,24.581692],[32.943482,24.577371],[32.942469,24.581366],[32.949437,24.581692]]]]}},{"type":"Feature","properties":{"landuse_value":0,"landuse_code":0,"landuse_label":null,"source_feature_count":1,"area_km2":0.845654,"change_status":"لم يتغير","change_status_key":"unchanged","change_percent":0.18679434036423445},"geometry":{"type":"MultiPolygon","coordinates":[[[[32.949367,24.54443],[32.956378,24.537016],[32.953485,24.533613],[32.949367,24.54443]]]]}},{"type":"Feature","properties":{"landuse_value":0,"landuse_code":0,"landuse_label":null,"source_feature_count":1,"area_km2":0.194525,"change_status":"لم يتغير","change_status_key":"unchanged","change_percent":0.04296814207110948},"geometry":{"type":"MultiPolygon","coordinates":[[[[32.953158,24.520524],[32.948557,24.514746],[32.95065,24.520602],[32.953158,24.520524]]]]}},{"type":"Feature","properties":{"landuse_value":0,"landuse_code":0,"landuse_label":null,"source_feature_count":1,"area_km2":0.11384,"change_status":"لم يتغير","change_status_key":"unchanged","change_percent":0.025145789746297855},"geometry":{"type":"MultiPolygon","coordinates":[[[[32.952103,24.526763],[32.956838,24.522943],[32.954148,24.522045],[32.952103,24.526763]]]]}},{"type":"Feature","properties":{"landuse_value":0,"landuse_code":0,"landuse_label":null,"source_feature_count":1,"area_km2":0.627144,"change_status":"لم يتغير","change_status_key":"unchanged","change_percent":0.13852832574097534},"geometry":{"type":"MultiPolygon","coordinates":[[[[32.956001,24.514132],[32.9549,24.502188],[32.948415,24.510993],[32.956001,24.514132]]]]}},{"type":"Feature","properties":{"landuse_value":0,"landuse_code":0,"landuse_label":null,"source_feature_count":1,"area_km2":0.196421,"change_status":"لم يتغير","change_status_key":"unchanged","change_percent":0.04338687919543843},"geometry":{"type":"MultiPolygon","coordinates":[[[[32.95651,24.519237],[32.952742,24.516529],[32.956838,24.522943],[32.95651,24.519237]]]]}},{"type":"Feature","properties":{"landuse_value":0,"landuse_code":0,"landuse_label":null,"source_feature_count":1,"area_km2":0.173879,"change_status":"لم يتغير","change_status_key":"unchanged","change_percent":0.03840769691777401},"geometry":{"type":"MultiPolygon","coordinates":[[[[32.952742,24.516529],[32.948415,24.510993],[32.948557,24.514746],[32.952742,24.516529]]]]}},{"type":"Feature","properties":{"landuse_value":0,"landuse_code":0,"landuse_label":null,"source_feature_count":1,"area_km2":0.155616,"change_status":"لم يتغير","change_status_key":"unchanged","change_percent":0.03437359997926958},"geometry":{"type":"MultiPolygon","coordinates":[[[[32.952325,24.512516],[32.956383,24.518079],[32.956001,24.514132],[32.952325,24.512516]]]]}},{"type":"Feature","properties":{"landuse_value":0,"landuse_code":0,"landuse_label":null,"source_feature_count":1,"area_km2":1.05774,"change_status":"لم يتغير","change_status_key":"unchanged","change_percent":0.23364149611310356},"geometry":{"type":"MultiPolygon","coordinates":[[[[32.881796,24.515408],[32.882332,24.498359],[32.875225,24.499007],[32.881796,24.515408]]]]}},{"type":"Feature","properties":{"landuse_value":0,"landuse_code":0,"landuse_label":null,"source_feature_count":1,"area_km2":0.25413,"change_status":"لم يتغير","change_status_key":"unchanged","change_percent":0.05613411852309729},"geometry":{"type":"MultiPolygon","coordinates":[[[[32.913199,24.513995],[32.910082,24.510797],[32.907808,24.512628],[32.913199,24.513995]]]]}},{"type":"Feature","properties":{"landuse_value":0,"landuse_code":0,"landuse_label":null,"source_feature_count":1,"area_km2":0.576511,"change_status":"لم يتغير","change_status_key":"unchanged","change_percent":0.12734411185716638},"geometry":{"type":"MultiPolygon","coordinates":[[[[32.907369,24.522418],[32.905182,24.511112],[32.901054,24.515317],[32.907369,24.522418]]]]}},{"type":"Feature","properties":{"landuse_value":0,"landuse_code":0,"landuse_label":null,"source_feature_count":1,"area_km2":1.098965,"change_status":"لم يتغير","change_status_key":"unchanged","change_percent":0.24274764195536702},"geometry":{"type":"MultiPolygon","coordinates":[[[[32.914306,24.508876],[32.926431,24.513953],[32.925316,24.510132],[32.914306,24.508876]]]]}},{"type":"Feature","properties":{"landuse_value":0,"landuse_code":0,"landuse_label":null,"source_feature_count":1,"area_km2":1.453114,"change_status":"لم يتغير","change_status_key":"unchanged","change_percent":0.3209746974439202},"geometry":{"type":"MultiPolygon","coordinates":[[[[32.918659,24.506185],[32.924122,24.491138],[32.909475,24.500668],[32.918659,24.506185]]]]}},{"type":"Feature","properties":{"landuse_value":0,"landuse_code":0,"landuse_label":null,"source_feature_count":1,"area_km2":0.895966,"change_status":"لم يتغير","change_status_key":"unchanged","change_percent":0.1979076784282528},"geometry":{"type":"MultiPolygon","coordinates":[[[[32.926114,24.516924],[32.931571,24.507298],[32.925343,24.510187],[32.926114,24.516924]]]]}},{"type":"Feature","properties":{"landuse_value":0,"landuse_code":0,"landuse_label":null,"source_feature_count":1,"area_km2":1.167295,"change_status":"لم يتغير","change_status_key":"unchanged","change_percent":0.2578408342713004},"geometry":{"type":"MultiPolygon","coordinates":[[[[32.927406,24.531699],[32.921792,24.53838],[32.915533,24.540117],[32.914084,24.530108],[32.927406,24.531699]],[[32.916412,24.532296],[32.916922,24.531723],[32.916248,24.531895],[32.916412,24.532296]]]]}},{"type":"Feature","properties":{"landuse_value":0,"landuse_code":0,"landuse_label":null,"source_feature_count":1,"area_km2":1.456236,"change_status":"لم يتغير","change_status_key":"unchanged","change_percent":0.3216644191098571},"geometry":{"type":"MultiPolygon","coordinates":[[[[32.931571,24.507298],[32.925343,24.510187],[32.918659,24.506185],[32.921959,24.499507],[32.931606,24.497297],[32.931571,24.507298]],[[32.92837,24.503958],[32.929065,24.503418],[32.9283,24.503565],[32.92837,24.503958]],[[32.927348,24.503683],[32.927469,24.503347],[32.927285,24.503361],[32.927348,24.503683]],[[32.930113,24.501622],[32.929909,24.502093],[32.930217,24.502004],[32.930113,24.501622]],[[32.929251,24.501024],[32.92886,24.500838],[32.928878,24.501214],[32.929251,24.501024]],[[32.926476,24.500002],[32.926002,24.500642],[32.926303,24.500683],[32.926476,24.500002]]]]}},{"type":"Feature","properties":{"landuse_value":0,"landuse_code":0,"landuse_label":null,"source_feature_count":1,"area_km2":0.941609,"change_status":"لم يتغير","change_status_key":"unchanged","change_percent":0.2079896103392225},"geometry":{"type":"MultiPolygon","coordinates":[[[[32.905182,24.511112],[32.918659,24.506185],[32.909475,24.500668],[32.905182,24.511112]]]]}},{"type":"Feature","properties":{"landuse_value":0,"landuse_code":0,"landuse_label":null,"source_feature_count":1,"area_km2":0.256128,"change_status":"لم يتغير","change_status_key":"unchanged","change_percent":0.05657556579837426},"geometry":{"type":"MultiPolygon","coordinates":[[[[32.91354,24.520293],[32.915642,24.523551],[32.920588,24.522364],[32.91354,24.520293]]]]}},{"type":"Feature","properties":{"landuse_value":0,"landuse_code":0,"landuse_label":null,"source_feature_count":1,"area_km2":0.338426,"change_status":"لم يتغير","change_status_key":"unchanged","change_percent":0.07475404532934747},"geometry":{"type":"MultiPolygon","coordinates":[[[[32.926431,24.513953],[32.918439,24.519365],[32.926739,24.51515],[32.926431,24.513953]]]]}},{"type":"Feature","properties":{"landuse_value":0,"landuse_code":0,"landuse_label":null,"source_feature_count":1,"area_km2":0.258614,"change_status":"لم يتغير","change_status_key":"unchanged","change_percent":0.057124626557166824},"geometry":{"type":"MultiPolygon","coordinates":[[[[32.890913,24.514185],[32.895661,24.510817],[32.885991,24.508404],[32.890913,24.514185]]]]}},{"type":"Feature","properties":{"landuse_value":0,"landuse_code":0,"landuse_label":null,"source_feature_count":1,"area_km2":0.323234,"change_status":"لم يتغير","change_status_key":"unchanged","change_percent":0.07139836844397933},"geometry":{"type":"MultiPolygon","coordinates":[[[[32.903554,24.507515],[32.903495,24.499903],[32.898306,24.506616],[32.903554,24.507515]]]]}},{"type":"Feature","properties":{"landuse_value":0,"landuse_code":0,"landuse_label":null,"source_feature_count":1,"area_km2":0.487094,"change_status":"لم يتغير","change_status_key":"unchanged","change_percent":0.10759298124769957},"geometry":{"type":"MultiPolygon","coordinates":[[[[32.911549,24.547096],[32.915533,24.540117],[32.913852,24.534369],[32.911549,24.547096]]]]}},{"type":"Feature","properties":{"landuse_value":0,"landuse_code":0,"landuse_label":null,"source_feature_count":1,"area_km2":0.197413,"change_status":"لم يتغير","change_status_key":"unchanged","change_percent":0.043606004621837016},"geometry":{"type":"MultiPolygon","coordinates":[[[[32.898939,24.516603],[32.896876,24.511123],[32.894614,24.51172],[32.898939,24.516603]]]]}},{"type":"Feature","properties":{"landuse_value":0,"landuse_code":0,"landuse_label":null,"source_feature_count":1,"area_km2":0.335206,"change_status":"لم يتغير","change_status_key":"unchanged","change_percent":0.07404283593807533},"geometry":{"type":"MultiPolygon","coordinates":[[[[32.901054,24.515317],[32.897956,24.508286],[32.895661,24.510817],[32.901054,24.515317]]]]}},{"type":"Feature","properties":{"landuse_value":0,"landuse_code":0,"landuse_label":null,"source_feature_count":1,"area_km2":0.354911,"change_status":"لم يتغير","change_status_key":"unchanged","change_percent":0.07839535033952985},"geometry":{"type":"MultiPolygon","coordinates":[[[[32.899491,24.5202],[32.894614,24.51172],[32.890913,24.514185],[32.899491,24.5202]]]]}},{"type":"Feature","properties":{"landuse_value":0,"landuse_code":0,"landuse_label":null,"source_feature_count":1,"area_km2":1.098697,"change_status":"لم يتغير","change_status_key":"unchanged","change_percent":0.2426884698665671},"geometry":{"type":"MultiPolygon","coordinates":[[[[32.904046,24.50536],[32.912056,24.493509],[32.898704,24.492368],[32.904046,24.50536]]]]}},{"type":"Feature","properties":{"landuse_value":0,"landuse_code":0,"landuse_label":null,"source_feature_count":1,"area_km2":1.113953,"change_status":"لم يتغير","change_status_key":"unchanged","change_percent":0.246058305945197},"geometry":{"type":"MultiPolygon","coordinates":[[[[32.892245,24.502517],[32.903495,24.499903],[32.898704,24.492368],[32.892245,24.502517]]]]}},{"type":"Feature","properties":{"landuse_value":0,"landuse_code":0,"landuse_label":null,"source_feature_count":1,"area_km2":0.127045,"change_status":"لم يتغير","change_status_key":"unchanged","change_percent":0.028062747712822023},"geometry":{"type":"MultiPolygon","coordinates":[[[[32.884074,24.505461],[32.886341,24.502203],[32.885757,24.502303],[32.884074,24.505461]]]]}},{"type":"Feature","properties":{"landuse_value":0,"landuse_code":0,"landuse_label":null,"source_feature_count":1,"area_km2":1.580279,"change_status":"لم يتغير","change_status_key":"unchanged","change_percent":0.34906406322385275},"geometry":{"type":"MultiPolygon","coordinates":[[[[32.90651,24.550568],[32.908975,24.537005],[32.892468,24.533408],[32.90651,24.550568]]]]}},{"type":"Feature","properties":{"landuse_value":0,"landuse_code":0,"landuse_label":null,"source_feature_count":1,"area_km2":0.836126,"change_status":"تغير","change_status_key":"changed","change_percent":0.18468980809288627},"geometry":{"type":"MultiPolygon","coordinates":[[[[32.88499,24.6301],[32.899853,24.632628],[32.896495,24.625832],[32.88499,24.6301]]]]}},{"type":"Feature","properties":{"landuse_value":0,"landuse_code":0,"landuse_label":null,"source_feature_count":1,"area_km2":3.626467,"change_status":"تغير","change_status_key":"changed","change_percent":0.8010415206710929},"geometry":{"type":"MultiPolygon","coordinates":[[[[32.905468,24.611232],[32.927919,24.640435],[32.915037,24.612073],[32.905468,24.611232]]]]}},{"type":"Feature","properties":{"landuse_value":0,"landuse_code":0,"landuse_label":null,"source_feature_count":1,"area_km2":0.017772,"change_status":"لم يتغير","change_status_key":"unchanged","change_percent":0.003925709435328237},"geometry":{"type":"MultiPolygon","coordinates":[[[[32.909604,24.612614],[32.907055,24.613509],[32.909722,24.613176],[32.909604,24.612614]]]]}},{"type":"Feature","properties":{"landuse_value":0,"landuse_code":0,"landuse_label":null,"source_feature_count":1,"area_km2":0.056677,"change_status":"لم يتغير","change_status_key":"unchanged","change_percent":0.012519218842087416},"geometry":{"type":"MultiPolygon","coordinates":[[[[32.933106,24.509141],[32.934745,24.506941],[32.931571,24.507298],[32.933106,24.509141]]]]}},{"type":"Feature","properties":{"landuse_value":0,"landuse_code":0,"landuse_label":null,"source_feature_count":1,"area_km2":0.164215,"change_status":"لم يتغير","change_status_key":"unchanged","change_percent":0.036272959851573035},"geometry":{"type":"MultiPolygon","coordinates":[[[[32.90651,24.550568],[32.909013,24.553191],[32.911201,24.547356],[32.90651,24.550568]]]]}},{"type":"Feature","properties":{"landuse_value":0,"landuse_code":0,"landuse_label":null,"source_feature_count":1,"area_km2":0.827626,"change_status":"لم يتغير","change_status_key":"unchanged","change_percent":0.18281227583320916},"geometry":{"type":"MultiPolygon","coordinates":[[[[32.910733,24.566619],[32.916718,24.556875],[32.908767,24.555599],[32.910733,24.566619]]]]}},{"type":"Feature","properties":{"landuse_value":0,"landuse_code":0,"landuse_label":null,"source_feature_count":1,"area_km2":0.123113,"change_status":"لم يتغير","change_status_key":"unchanged","change_percent":0.027194123134130544},"geometry":{"type":"MultiPolygon","coordinates":[[[[32.919147,24.557354],[32.917281,24.554617],[32.917162,24.561795],[32.919147,24.557354]]]]}},{"type":"Feature","properties":{"landuse_value":0,"landuse_code":0,"landuse_label":null,"source_feature_count":1,"area_km2":0.021931,"change_status":"لم يتغير","change_status_key":"unchanged","change_percent":0.004844381261127161},"geometry":{"type":"MultiPolygon","coordinates":[[[[32.918829,24.565754],[32.917439,24.56778],[32.918404,24.567983],[32.918829,24.565754]]]]}},{"type":"Feature","properties":{"landuse_value":0,"landuse_code":0,"landuse_label":null,"source_feature_count":1,"area_km2":0.868676,"change_status":"لم يتغير","change_status_key":"unchanged","change_percent":0.19187976857233696},"geometry":{"type":"MultiPolygon","coordinates":[[[[32.931832,24.580427],[32.936171,24.568876],[32.929319,24.571857],[32.931832,24.580427]]]]}},{"type":"Feature","properties":{"landuse_value":0,"landuse_code":0,"landuse_label":null,"source_feature_count":1,"area_km2":0.363135,"change_status":"لم يتغير","change_status_key":"unchanged","change_percent":0.08021200101815545},"geometry":{"type":"MultiPolygon","coordinates":[[[[32.928178,24.561768],[32.925046,24.556471],[32.92238,24.557741],[32.928178,24.561768]]]]}},{"type":"Feature","properties":{"landuse_value":0,"landuse_code":0,"landuse_label":null,"source_feature_count":1,"area_km2":0.178029,"change_status":"لم يتغير","change_status_key":"unchanged","change_percent":0.039324323940809223},"geometry":{"type":"MultiPolygon","coordinates":[[[[32.944366,24.538684],[32.949255,24.540633],[32.949146,24.536966],[32.944366,24.538684]]]]}},{"type":"Feature","properties":{"landuse_value":0,"landuse_code":0,"landuse_label":null,"source_feature_count":1,"area_km2":0.782495,"change_status":"لم يتغير","change_status_key":"unchanged","change_percent":0.17284345298358514},"geometry":{"type":"MultiPolygon","coordinates":[[[[32.944428,24.552412],[32.949255,24.540633],[32.941473,24.542871],[32.944428,24.552412]]]]}},{"type":"Feature","properties":{"landuse_value":0,"landuse_code":0,"landuse_label":null,"source_feature_count":1,"area_km2":1.190237,"change_status":"لم يتغير","change_status_key":"unchanged","change_percent":0.2629085182883084},"geometry":{"type":"MultiPolygon","coordinates":[[[[32.940815,24.530003],[32.948547,24.514489],[32.943476,24.513148],[32.940815,24.530003]]]]}},{"type":"Feature","properties":{"landuse_value":0,"landuse_code":0,"landuse_label":null,"source_feature_count":1,"area_km2":0.678853,"change_status":"لم يتغير","change_status_key":"unchanged","change_percent":0.14995013161594872},"geometry":{"type":"MultiPolygon","coordinates":[[[[32.940256,24.5375],[32.948955,24.530711],[32.940815,24.530003],[32.940256,24.5375]]]]}},{"type":"Feature","properties":{"landuse_value":0,"landuse_code":0,"landuse_label":null,"source_feature_count":1,"area_km2":0.028022,"change_status":"لم يتغير","change_status_key":"unchanged","change_percent":0.0061896652083181245},"geometry":{"type":"MultiPolygon","coordinates":[[[[32.941868,24.540502],[32.943882,24.541622],[32.943919,24.540258],[32.941868,24.540502]]]]}},{"type":"Feature","properties":{"landuse_value":0,"landuse_code":0,"landuse_label":null,"source_feature_count":1,"area_km2":0.379387,"change_status":"تغير","change_status_key":"changed","change_percent":0.08380196208494504},"geometry":{"type":"MultiPolygon","coordinates":[[[[32.882222,24.610374],[32.888475,24.603577],[32.880264,24.606498],[32.882222,24.610374]]]]}},{"type":"Feature","properties":{"landuse_value":0,"landuse_code":0,"landuse_label":null,"source_feature_count":1,"area_km2":0.415711,"change_status":"لم يتغير","change_status_key":"unchanged","change_percent":0.09182539067209648},"geometry":{"type":"MultiPolygon","coordinates":[[[[32.876085,24.59485],[32.885062,24.589241],[32.875486,24.590701],[32.876085,24.59485]]]]}},{"type":"Feature","properties":{"landuse_value":0,"landuse_code":0,"landuse_label":null,"source_feature_count":1,"area_km2":0.506677,"change_status":"تغير","change_status_key":"changed","change_percent":0.11191870967964461},"geometry":{"type":"MultiPolygon","coordinates":[[[[32.878695,24.601794],[32.888475,24.603577],[32.886199,24.59851],[32.878695,24.601794]]]]}},{"type":"Feature","properties":{"landuse_value":0,"landuse_code":0,"landuse_label":null,"source_feature_count":1,"area_km2":0.53957,"change_status":"لم يتغير","change_status_key":"unchanged","change_percent":0.11918433275842381},"geometry":{"type":"MultiPolygon","coordinates":[[[[32.877364,24.584694],[32.885062,24.589241],[32.88548,24.585176],[32.877364,24.584694]]]]}},{"type":"Feature","properties":{"landuse_value":0,"landuse_code":0,"landuse_label":null,"source_feature_count":1,"area_km2":0.595083,"change_status":"تغير","change_status_key":"changed","change_percent":0.13144639464541286},"geometry":{"type":"MultiPolygon","coordinates":[[[[32.876135,24.60052],[32.884649,24.593259],[32.874347,24.595283],[32.876135,24.60052]]]]}},{"type":"Feature","properties":{"landuse_value":0,"landuse_code":0,"landuse_label":null,"source_feature_count":1,"area_km2":0.0904,"change_status":"لم يتغير","change_status_key":"unchanged","change_percent":0.019968128157354617},"geometry":{"type":"MultiPolygon","coordinates":[[[[32.9131,24.60652],[32.911781,24.611435],[32.915037,24.612073],[32.9131,24.60652]]]]}},{"type":"Feature","properties":{"landuse_value":0,"landuse_code":0,"landuse_label":null,"source_feature_count":1,"area_km2":0.864516,"change_status":"لم يتغير","change_status_key":"unchanged","change_percent":0.1909608673622747},"geometry":{"type":"MultiPolygon","coordinates":[[[[32.905201,24.605934],[32.912096,24.603488],[32.903644,24.59128],[32.905201,24.605934]]]]}},{"type":"Feature","properties":{"landuse_value":0,"landuse_code":0,"landuse_label":null,"source_feature_count":1,"area_km2":0.640858,"change_status":"لم يتغير","change_status_key":"unchanged","change_percent":0.14155766158221464},"geometry":{"type":"MultiPolygon","coordinates":[[[[32.897972,24.588314],[32.891427,24.590205],[32.884677,24.593808],[32.885409,24.588164],[32.889305,24.585527],[32.897972,24.588314]],[[32.888452,24.589409],[32.886362,24.589013],[32.886349,24.590122],[32.888452,24.589409]],[[32.889487,24.589135],[32.892439,24.588277],[32.889289,24.588275],[32.889487,24.589135]]]]}},{"type":"Feature","properties":{"landuse_value":0,"landuse_code":0,"landuse_label":null,"source_feature_count":1,"area_km2":0.843066,"change_status":"لم يتغير","change_status_key":"unchanged","change_percent":0.18622269130372904},"geometry":{"type":"MultiPolygon","coordinates":[[[[32.903279,24.591632],[32.904507,24.609817],[32.909375,24.611687],[32.903279,24.591632]]]]}},{"type":"Feature","properties":{"landuse_value":0,"landuse_code":0,"landuse_label":null,"source_feature_count":1,"area_km2":0.07504,"change_status":"لم يتغير","change_status_key":"unchanged","change_percent":0.01657533933783453},"geometry":{"type":"MultiPolygon","coordinates":[[[[32.886089,24.587364],[32.88548,24.585176],[32.885111,24.588763],[32.886089,24.587364]]]]}},{"type":"Feature","properties":{"landuse_value":0,"landuse_code":0,"landuse_label":null,"source_feature_count":1,"area_km2":0.441777,"change_status":"لم يتغير","change_status_key":"unchanged","change_percent":0.09758301823261335},"geometry":{"type":"MultiPolygon","coordinates":[[[[32.898829,24.59208],[32.902533,24.584008],[32.897534,24.584826],[32.898829,24.59208]]]]}},{"type":"Feature","properties":{"landuse_value":0,"landuse_code":0,"landuse_label":null,"source_feature_count":1,"area_km2":0.385104,"change_status":"لم يتغير","change_status_key":"unchanged","change_percent":0.0850645978292807},"geometry":{"type":"MultiPolygon","coordinates":[[[[32.898642,24.591005],[32.884677,24.593808],[32.88498,24.595606],[32.898642,24.591005]]]]}},{"type":"Feature","properties":{"landuse_value":0,"landuse_code":0,"landuse_label":null,"source_feature_count":1,"area_km2":0.395489,"change_status":"لم يتغير","change_status_key":"unchanged","change_percent":0.08735864966041934},"geometry":{"type":"MultiPolygon","coordinates":[[[[32.941342,24.510081],[32.948493,24.513062],[32.948161,24.505063],[32.941342,24.510081]]]]}},{"type":"Feature","properties":{"landuse_value":0,"landuse_code":0,"landuse_label":null,"source_feature_count":1,"area_km2":0.007353,"change_status":"لم يتغير","change_status_key":"unchanged","change_percent":0.0016242767820752438},"geometry":{"type":"MultiPolygon","coordinates":[[[[32.942831,24.510755],[32.942065,24.511469],[32.942631,24.511483],[32.942831,24.510755]]]]}},{"type":"Feature","properties":{"landuse_value":0,"landuse_code":0,"landuse_label":null,"source_feature_count":1,"area_km2":0.025998,"change_status":"لم يتغير","change_status_key":"unchanged","change_percent":0.005742666863464221},"geometry":{"type":"MultiPolygon","coordinates":[[[[32.945929,24.574018],[32.943651,24.573944],[32.945626,24.575948],[32.945929,24.574018]]]]}},{"type":"Feature","properties":{"landuse_value":0,"landuse_code":0,"landuse_label":null,"source_feature_count":1,"area_km2":0.050017,"change_status":"لم يتغير","change_status_key":"unchanged","change_percent":0.011048228437582228},"geometry":{"type":"MultiPolygon","coordinates":[[[[32.897366,24.561665],[32.898679,24.558726],[32.896842,24.559289],[32.897366,24.561665]]]]}},{"type":"Feature","properties":{"landuse_value":0,"landuse_code":0,"landuse_label":null,"source_feature_count":1,"area_km2":0.124447,"change_status":"لم يتغير","change_status_key":"unchanged","change_percent":0.027488721514144415},"geometry":{"type":"MultiPolygon","coordinates":[[[[32.8974,24.579144],[32.90047,24.575568],[32.897216,24.576073],[32.8974,24.579144]]]]}},{"type":"Feature","properties":{"landuse_value":0,"landuse_code":0,"landuse_label":null,"source_feature_count":1,"area_km2":0.261234,"change_status":"لم يتغير","change_status_key":"unchanged","change_percent":0.05770332408074178},"geometry":{"type":"MultiPolygon","coordinates":[[[[32.897521,24.584599],[32.901097,24.578752],[32.8974,24.579144],[32.897521,24.584599]]]]}},{"type":"Feature","properties":{"landuse_value":0,"landuse_code":0,"landuse_label":null,"source_feature_count":1,"area_km2":0.100672,"change_status":"لم يتغير","change_status_key":"unchanged","change_percent":0.022237267426654314},"geometry":{"type":"MultiPolygon","coordinates":[[[[32.893238,24.562366],[32.896842,24.559289],[32.892995,24.56047],[32.893238,24.562366]]]]}},{"type":"Feature","properties":{"landuse_value":0,"landuse_code":0,"landuse_label":null,"source_feature_count":1,"area_km2":0.266478,"change_status":"لم يتغير","change_status_key":"unchanged","change_percent":0.058861722200655865},"geometry":{"type":"MultiPolygon","coordinates":[[[[32.895171,24.584964],[32.897226,24.576249],[32.894022,24.576589],[32.895171,24.584964]]]]}},{"type":"Feature","properties":{"landuse_value":0,"landuse_code":0,"landuse_label":null,"source_feature_count":1,"area_km2":0.297873,"change_status":"لم يتغير","change_status_key":"unchanged","change_percent":0.06579636372941934},"geometry":{"type":"MultiPolygon","coordinates":[[[[32.894022,24.576589],[32.897309,24.568621],[32.893523,24.568814],[32.894022,24.576589]]]]}},{"type":"Feature","properties":{"landuse_value":0,"landuse_code":0,"landuse_label":null,"source_feature_count":1,"area_km2":0.17094,"change_status":"لم يتغير","change_status_key":"unchanged","change_percent":0.037758446770009446},"geometry":{"type":"MultiPolygon","coordinates":[[[[32.889473,24.546034],[32.887545,24.541236],[32.885971,24.542613],[32.889473,24.546034]]]]}},{"type":"Feature","properties":{"landuse_value":0,"landuse_code":0,"landuse_label":null,"source_feature_count":1,"area_km2":0.189147,"change_status":"لم يتغير","change_status_key":"unchanged","change_percent":0.041780293216560765},"geometry":{"type":"MultiPolygon","coordinates":[[[[32.891908,24.549776],[32.892286,24.544376],[32.889473,24.546034],[32.891908,24.549776]]]]}},{"type":"Feature","properties":{"landuse_value":0,"landuse_code":0,"landuse_label":null,"source_feature_count":1,"area_km2":0.049827,"change_status":"لم يتغير","change_status_key":"unchanged","change_percent":0.011006114244069916},"geometry":{"type":"MultiPolygon","coordinates":[[[[32.887607,24.547133],[32.888473,24.544226],[32.886659,24.545185],[32.887607,24.547133]]]]}},{"type":"Feature","properties":{"landuse_value":0,"landuse_code":0,"landuse_label":null,"source_feature_count":1,"area_km2":0.129594,"change_status":"لم يتغير","change_status_key":"unchanged","change_percent":0.02862572607220849},"geometry":{"type":"MultiPolygon","coordinates":[[[[32.888777,24.551206],[32.889473,24.546034],[32.887607,24.547133],[32.888777,24.551206]]]]}},{"type":"Feature","properties":{"landuse_value":0,"landuse_code":0,"landuse_label":null,"source_feature_count":1,"area_km2":0.463227,"change_status":"لم يتغير","change_status_key":"unchanged","change_percent":0.10232107994930009},"geometry":{"type":"MultiPolygon","coordinates":[[[[32.87625,24.54986],[32.885991,24.542561],[32.873517,24.545856],[32.87625,24.54986]]]]}},{"type":"Feature","properties":{"landuse_value":0,"landuse_code":0,"landuse_label":null,"source_feature_count":1,"area_km2":0.531313,"change_status":"لم يتغير","change_status_key":"unchanged","change_percent":0.1173604236485763},"geometry":{"type":"MultiPolygon","coordinates":[[[[32.873517,24.545856],[32.886182,24.538564],[32.872003,24.543583],[32.873517,24.545856]]]]}},{"type":"Feature","properties":{"landuse_value":0,"landuse_code":0,"landuse_label":null,"source_feature_count":1,"area_km2":0.370511,"change_status":"لم يتغير","change_status_key":"unchanged","change_percent":0.08184123571544817},"geometry":{"type":"MultiPolygon","coordinates":[[[[32.88155,24.556762],[32.888777,24.551206],[32.878529,24.553236],[32.88155,24.556762]]]]}},{"type":"Feature","properties":{"landuse_value":0,"landuse_code":0,"landuse_label":null,"source_feature_count":1,"area_km2":0.287429,"change_status":"لم يتغير","change_status_key":"unchanged","change_percent":0.06348956050252803},"geometry":{"type":"MultiPolygon","coordinates":[[[[32.943265,24.507558],[32.94803,24.500781],[32.943755,24.500577],[32.943265,24.507558]]]]}},{"type":"Feature","properties":{"landuse_value":0,"landuse_code":0,"landuse_label":null,"source_feature_count":1,"area_km2":0.030639,"change_status":"لم يتغير","change_status_key":"unchanged","change_percent":0.006767817493506264},"geometry":{"type":"MultiPolygon","coordinates":[[[[32.932532,24.598188],[32.930473,24.5974],[32.931219,24.598959],[32.932532,24.598188]]]]}},{"type":"Feature","properties":{"landuse_value":0,"landuse_code":0,"landuse_label":null,"source_feature_count":1,"area_km2":0.067621,"change_status":"لم يتغير","change_status_key":"unchanged","change_percent":0.014936692183645925},"geometry":{"type":"MultiPolygon","coordinates":[[[[32.924728,24.603492],[32.923613,24.600125],[32.92253,24.601614],[32.924728,24.603492]]]]}},{"type":"Feature","properties":{"landuse_value":0,"landuse_code":0,"landuse_label":null,"source_feature_count":1,"area_km2":0.052418,"change_status":"لم يتغير","change_status_key":"unchanged","change_percent":0.01157854106088007},"geometry":{"type":"MultiPolygon","coordinates":[[[[32.932183,24.595988],[32.933132,24.59476],[32.929712,24.59659],[32.932183,24.595988]]]]}},{"type":"Feature","properties":{"landuse_value":0,"landuse_code":0,"landuse_label":null,"source_feature_count":1,"area_km2":0.037926,"change_status":"لم يتغير","change_status_key":"unchanged","change_percent":0.008377321175501419},"geometry":{"type":"MultiPolygon","coordinates":[[[[32.890144,24.522439],[32.889365,24.524629],[32.890885,24.523739],[32.890144,24.522439]]]]}},{"type":"Feature","properties":{"landuse_value":0,"landuse_code":0,"landuse_label":null,"source_feature_count":1,"area_km2":0.183349,"change_status":"لم يتغير","change_status_key":"unchanged","change_percent":0.040499549662261346},"geometry":{"type":"MultiPolygon","coordinates":[[[[32.920345,24.604876],[32.917242,24.602521],[32.916893,24.604995],[32.920345,24.604876]]]]}},{"type":"Feature","properties":{"landuse_value":0,"landuse_code":0,"landuse_label":null,"source_feature_count":1,"area_km2":0.137829,"change_status":"لم يتغير","change_status_key":"unchanged","change_percent":0.030444781323824808},"geometry":{"type":"MultiPolygon","coordinates":[[[[32.923573,24.596165],[32.918842,24.59625],[32.921445,24.600443],[32.923573,24.596165]]]]}},{"type":"Feature","properties":{"landuse_value":0,"landuse_code":0,"landuse_label":null,"source_feature_count":1,"area_km2":0.034413,"change_status":"لم يتغير","change_status_key":"unchanged","change_percent":0.007601332873860612},"geometry":{"type":"MultiPolygon","coordinates":[[[[32.948872,24.527977],[32.952103,24.526763],[32.951756,24.526037],[32.948872,24.527977]]]]}},{"type":"Feature","properties":{"landuse_value":0,"landuse_code":0,"landuse_label":null,"source_feature_count":1,"area_km2":0.361757,"change_status":"لم يتغير","change_status_key":"unchanged","change_percent":0.07990754002211424},"geometry":{"type":"MultiPolygon","coordinates":[[[[32.954681,24.549373],[32.949647,24.554294],[32.949367,24.54443],[32.954681,24.549373]],[[32.95024,24.5479],[32.950339,24.547556],[32.950101,24.547732],[32.95024,24.5479]]]]}},{"type":"Feature","properties":{"landuse_value":0,"landuse_code":0,"landuse_label":null,"source_feature_count":1,"area_km2":0.634611,"change_status":"لم يتغير","change_status_key":"unchanged","change_percent":0.14017759056556345},"geometry":{"type":"MultiPolygon","coordinates":[[[[32.951457,24.535082],[32.948931,24.529907],[32.955291,24.524566],[32.957472,24.530661],[32.951457,24.535082]],[[32.950034,24.529735],[32.949877,24.530242],[32.950285,24.53007],[32.950034,24.529735]]]]}},{"type":"Feature","properties":{"landuse_value":0,"landuse_code":0,"landuse_label":null,"source_feature_count":1,"area_km2":0.047708,"change_status":"لم يتغير","change_status_key":"unchanged","change_percent":0.010538168684400034},"geometry":{"type":"MultiPolygon","coordinates":[[[[32.950495,24.559292],[32.949647,24.554294],[32.949782,24.559324],[32.950495,24.559292]]]]}},{"type":"Feature","properties":{"landuse_value":0,"landuse_code":0,"landuse_label":null,"source_feature_count":1,"area_km2":2.214885,"change_status":"تغير","change_status_key":"changed","change_percent":0.48924050335958785},"geometry":{"type":"MultiPolygon","coordinates":[[[[32.740657,24.490456],[32.758034,24.499504],[32.758493,24.491929],[32.740657,24.490456]]]]}},{"type":"Feature","properties":{"landuse_value":0,"landuse_code":0,"landuse_label":null,"source_feature_count":1,"area_km2":0.124691,"change_status":"لم يتغير","change_status_key":"unchanged","change_percent":0.027542764164398346},"geometry":{"type":"MultiPolygon","coordinates":[[[[32.895663,24.507963],[32.893107,24.504003],[32.888856,24.507605],[32.895663,24.507963]]]]}},{"type":"Feature","properties":{"landuse_value":0,"landuse_code":0,"landuse_label":null,"source_feature_count":1,"area_km2":0.288114,"change_status":"لم يتغير","change_status_key":"unchanged","change_percent":0.06364088589010734},"geometry":{"type":"MultiPolygon","coordinates":[[[[32.886118,24.501004],[32.893842,24.496435],[32.887371,24.496358],[32.886118,24.501004]]]]}},{"type":"Feature","properties":{"landuse_value":0,"landuse_code":0,"landuse_label":null,"source_feature_count":1,"area_km2":0.376442,"change_status":"لم يتغير","change_status_key":"unchanged","change_percent":0.08315131123811054},"geometry":{"type":"MultiPolygon","coordinates":[[[[32.886169,24.501279],[32.893107,24.504003],[32.892824,24.500171],[32.886169,24.501279]]]]}},{"type":"Feature","properties":{"landuse_value":0,"landuse_code":0,"landuse_label":null,"source_feature_count":1,"area_km2":1.328844,"change_status":"لم يتغير","change_status_key":"unchanged","change_percent":0.2935250795945977},"geometry":{"type":"MultiPolygon","coordinates":[[[[32.929315,24.531881],[32.93934,24.539966],[32.940815,24.530003],[32.929315,24.531881]]]]}},{"type":"Feature","properties":{"landuse_value":0,"landuse_code":0,"landuse_label":null,"source_feature_count":1,"area_km2":0.503254,"change_status":"لم يتغير","change_status_key":"unchanged","change_percent":0.11116244895290131},"geometry":{"type":"MultiPolygon","coordinates":[[[[32.927156,24.547998],[32.93205,24.541826],[32.927752,24.542707],[32.927156,24.547998]]]]}},{"type":"Feature","properties":{"landuse_value":0,"landuse_code":0,"landuse_label":null,"source_feature_count":1,"area_km2":0.599591,"change_status":"لم يتغير","change_status_key":"unchanged","change_percent":0.13244218782616646},"geometry":{"type":"MultiPolygon","coordinates":[[[[32.933745,24.54808],[32.939046,24.540037],[32.93205,24.541826],[32.933745,24.54808]]]]}},{"type":"Feature","properties":{"landuse_value":0,"landuse_code":0,"landuse_label":null,"source_feature_count":1,"area_km2":0.237054,"change_status":"لم يتغير","change_status_key":"unchanged","change_percent":0.05236236840210254},"geometry":{"type":"MultiPolygon","coordinates":[[[[32.942538,24.564425],[32.944558,24.557794],[32.940192,24.563592],[32.942538,24.564425]]]]}},{"type":"Feature","properties":{"landuse_value":0,"landuse_code":0,"landuse_label":null,"source_feature_count":1,"area_km2":0.534914,"change_status":"لم يتغير","change_status_key":"unchanged","change_percent":0.11815576651016708},"geometry":{"type":"MultiPolygon","coordinates":[[[[32.935718,24.554563],[32.942577,24.546279],[32.933745,24.54808],[32.935718,24.554563]]]]}},{"type":"Feature","properties":{"landuse_value":0,"landuse_code":0,"landuse_label":null,"source_feature_count":1,"area_km2":0.469812,"change_status":"لم يتغير","change_status_key":"unchanged","change_percent":0.10377565268964958},"geometry":{"type":"MultiPolygon","coordinates":[[[[32.927209,24.52427],[32.926114,24.516924],[32.924745,24.520354],[32.927209,24.52427]]]]}},{"type":"Feature","properties":{"landuse_value":0,"landuse_code":0,"landuse_label":null,"source_feature_count":1,"area_km2":0.856803,"change_status":"لم يتغير","change_status_key":"unchanged","change_percent":0.18925709924996142},"geometry":{"type":"MultiPolygon","coordinates":[[[[32.927795,24.531226],[32.937501,24.519039],[32.927209,24.52427],[32.927795,24.531226]]]]}},{"type":"Feature","properties":{"landuse_value":0,"landuse_code":0,"landuse_label":null,"source_feature_count":1,"area_km2":0.262072,"change_status":"لم يتغير","change_status_key":"unchanged","change_percent":0.05788853797749415},"geometry":{"type":"MultiPolygon","coordinates":[[[[32.934057,24.517018],[32.940524,24.516007],[32.942058,24.51167],[32.934057,24.517018]]]]}},{"type":"Feature","properties":{"landuse_value":0,"landuse_code":0,"landuse_label":null,"source_feature_count":1,"area_km2":0.13114,"change_status":"لم يتغير","change_status_key":"unchanged","change_percent":0.02896709027270162},"geometry":{"type":"MultiPolygon","coordinates":[[[[32.899512,24.524403],[32.902966,24.522545],[32.899002,24.52186],[32.899512,24.524403]]]]}},{"type":"Feature","properties":{"landuse_value":0,"landuse_code":0,"landuse_label":null,"source_feature_count":1,"area_km2":0.845155,"change_status":"لم يتغير","change_status_key":"unchanged","change_percent":0.18668429082649932},"geometry":{"type":"MultiPolygon","coordinates":[[[[32.904852,24.539855],[32.904052,24.524764],[32.896075,24.530413],[32.904852,24.539855]]]]}},{"type":"Feature","properties":{"landuse_value":0,"landuse_code":0,"landuse_label":null,"source_feature_count":1,"area_km2":0.166345,"change_status":"لم يتغير","change_status_key":"unchanged","change_percent":0.036743624852031406},"geometry":{"type":"MultiPolygon","coordinates":[[[[32.893379,24.5235],[32.896022,24.530556],[32.897345,24.529563],[32.893379,24.5235]]]]}},{"type":"Feature","properties":{"landuse_value":0,"landuse_code":0,"landuse_label":null,"source_feature_count":1,"area_km2":0.172153,"change_status":"لم يتغير","change_status_key":"unchanged","change_percent":0.0380264321401225},"geometry":{"type":"MultiPolygon","coordinates":[[[[32.88601,24.52363],[32.8841,24.516092],[32.882485,24.516549],[32.88601,24.52363]]]]}},{"type":"Feature","properties":{"landuse_value":0,"landuse_code":0,"landuse_label":null,"source_feature_count":1,"area_km2":0.405893,"change_status":"لم يتغير","change_status_key":"unchanged","change_percent":0.08965678242610826},"geometry":{"type":"MultiPolygon","coordinates":[[[[32.892558,24.53327],[32.888167,24.522241],[32.88601,24.52363],[32.892558,24.53327]]]]}},{"type":"Feature","properties":{"landuse_value":0,"landuse_code":0,"landuse_label":null,"source_feature_count":1,"area_km2":0.106984,"change_status":"لم يتغير","change_status_key":"unchanged","change_percent":0.023631374816330302},"geometry":{"type":"MultiPolygon","coordinates":[[[[32.947925,24.497389],[32.951936,24.495876],[32.947843,24.494717],[32.947925,24.497389]]]]}},{"type":"Feature","properties":{"landuse_value":0,"landuse_code":0,"landuse_label":null,"source_feature_count":1,"area_km2":0.261037,"change_status":"لم يتغير","change_status_key":"unchanged","change_percent":0.057659920804577575},"geometry":{"type":"MultiPolygon","coordinates":[[[[32.948786,24.487639],[32.948387,24.493057],[32.947548,24.489029],[32.948786,24.487639]],[[32.94793,24.489627],[32.948341,24.489885],[32.948338,24.489648],[32.94793,24.489627]]]]}},{"type":"Feature","properties":{"landuse_value":0,"landuse_code":0,"landuse_label":null,"source_feature_count":1,"area_km2":0.53461,"change_status":"لم يتغير","change_status_key":"unchanged","change_percent":0.11808866413814495},"geometry":{"type":"MultiPolygon","coordinates":[[[[32.960625,24.491045],[32.95395,24.497888],[32.959198,24.498354],[32.960625,24.491045]]]]}},{"type":"Feature","properties":{"landuse_value":0,"landuse_code":0,"landuse_label":null,"source_feature_count":1,"area_km2":0.022437,"change_status":"لم يتغير","change_status_key":"unchanged","change_percent":0.004956132364655086},"geometry":{"type":"MultiPolygon","coordinates":[[[[32.955234,24.501415],[32.955972,24.498805],[32.955581,24.498819],[32.955234,24.501415]]]]}},{"type":"Feature","properties":{"landuse_value":0,"landuse_code":0,"landuse_label":null,"source_feature_count":1,"area_km2":0.085606,"change_status":"لم يتغير","change_status_key":"unchanged","change_percent":0.01890935038924801},"geometry":{"type":"MultiPolygon","coordinates":[[[[32.952007,24.502268],[32.955168,24.500205],[32.953632,24.499454],[32.952007,24.502268]]]]}},{"type":"Feature","properties":{"landuse_value":0,"landuse_code":0,"landuse_label":null,"source_feature_count":1,"area_km2":0.065735,"change_status":"لم يتغير","change_status_key":"unchanged","change_percent":0.014519975279308402},"geometry":{"type":"MultiPolygon","coordinates":[[[[32.952591,24.50451],[32.952007,24.502268],[32.950483,24.502362],[32.952591,24.50451]]]]}},{"type":"Feature","properties":{"landuse_value":0,"landuse_code":0,"landuse_label":null,"source_feature_count":1,"area_km2":0.07613,"change_status":"لم يتغير","change_status_key":"unchanged","change_percent":0.016816162063272286},"geometry":{"type":"MultiPolygon","coordinates":[[[[32.950483,24.502362],[32.953427,24.499541],[32.950635,24.498683],[32.950483,24.502362]]]]}},{"type":"Feature","properties":{"landuse_value":0,"landuse_code":0,"landuse_label":null,"source_feature_count":1,"area_km2":0.455771,"change_status":"لم يتغير","change_status_key":"unchanged","change_percent":0.1006741129590044},"geometry":{"type":"MultiPolygon","coordinates":[[[[32.936688,24.611037],[32.943812,24.606444],[32.932739,24.606571],[32.936688,24.611037]]]]}},{"type":"Feature","properties":{"landuse_value":0,"landuse_code":0,"landuse_label":null,"source_feature_count":1,"area_km2":0.637984,"change_status":"تغير","change_status_key":"changed","change_percent":0.14092274486443002},"geometry":{"type":"MultiPolygon","coordinates":[[[[32.9429,24.622349],[32.943576,24.611001],[32.936688,24.611037],[32.9429,24.622349]]]]}},{"type":"Feature","properties":{"landuse_value":0,"landuse_code":0,"landuse_label":null,"source_feature_count":1,"area_km2":0.057205,"change_status":"لم يتغير","change_status_key":"unchanged","change_percent":0.012635937589109168},"geometry":{"type":"MultiPolygon","coordinates":[[[[32.936745,24.611623],[32.935081,24.61414],[32.937187,24.616213],[32.936745,24.611623]]]]}},{"type":"Feature","properties":{"landuse_value":0,"landuse_code":0,"landuse_label":null,"source_feature_count":1,"area_km2":0.119065,"change_status":"لم يتغير","change_status_key":"unchanged","change_percent":0.026299925599656375},"geometry":{"type":"MultiPolygon","coordinates":[[[[32.930566,24.630663],[32.929684,24.624455],[32.926648,24.623471],[32.930566,24.630663]]]]}},{"type":"Feature","properties":{"landuse_value":0,"landuse_code":0,"landuse_label":null,"source_feature_count":1,"area_km2":0.125052,"change_status":"لم يتغير","change_status_key":"unchanged","change_percent":0.0276224583703399},"geometry":{"type":"MultiPolygon","coordinates":[[[[32.93222,24.611229],[32.932739,24.606571],[32.928475,24.607458],[32.93222,24.611229]]]]}},{"type":"Feature","properties":{"landuse_value":0,"landuse_code":0,"landuse_label":null,"source_feature_count":1,"area_km2":0.255698,"change_status":"لم يتغير","change_status_key":"unchanged","change_percent":0.05648043204308518},"geometry":{"type":"MultiPolygon","coordinates":[[[[32.922652,24.618038],[32.924582,24.60879],[32.918899,24.610176],[32.922652,24.618038]]]]}},{"type":"Feature","properties":{"landuse_value":0,"landuse_code":0,"landuse_label":null,"source_feature_count":1,"area_km2":0.086457,"change_status":"لم يتغير","change_status_key":"unchanged","change_percent":0.019097186209079246},"geometry":{"type":"MultiPolygon","coordinates":[[[[32.936642,24.608958],[32.933147,24.610629],[32.936745,24.611623],[32.936642,24.608958]]]]}},{"type":"Feature","properties":{"landuse_value":0,"landuse_code":0,"landuse_label":null,"source_feature_count":1,"area_km2":0.155881,"change_status":"لم يتغير","change_status_key":"unchanged","change_percent":0.03443208210605047},"geometry":{"type":"MultiPolygon","coordinates":[[[[32.884452,24.511593],[32.884603,24.506411],[32.884291,24.506544],[32.884452,24.511593]]]]}},{"type":"Feature","properties":{"landuse_value":0,"landuse_code":0,"landuse_label":null,"source_feature_count":1,"area_km2":0.382696,"change_status":"لم يتغير","change_status_key":"unchanged","change_percent":0.08453284267468399},"geometry":{"type":"MultiPolygon","coordinates":[[[[32.875225,24.499007],[32.881011,24.494301],[32.873377,24.493817],[32.875225,24.499007]]]]}},{"type":"Feature","properties":{"landuse_value":0,"landuse_code":0,"landuse_label":null,"source_feature_count":1,"area_km2":0.386457,"change_status":"لم يتغير","change_status_key":"unchanged","change_percent":0.08536359920277976},"geometry":{"type":"MultiPolygon","coordinates":[[[[32.92902,24.537547],[32.927795,24.531226],[32.921792,24.53838],[32.92902,24.537547]]]]}},{"type":"Feature","properties":{"landuse_value":0,"landuse_code":0,"landuse_label":null,"source_feature_count":1,"area_km2":0.515816,"change_status":"لم يتغير","change_status_key":"unchanged","change_percent":0.1139372570319273},"geometry":{"type":"MultiPolygon","coordinates":[[[[32.907369,24.522418],[32.913607,24.519937],[32.910789,24.515357],[32.907369,24.522418]]]]}},{"type":"Feature","properties":{"landuse_value":0,"landuse_code":0,"landuse_label":null,"source_feature_count":1,"area_km2":0.413401,"change_status":"لم يتغير","change_status_key":"unchanged","change_percent":0.09131504777438412},"geometry":{"type":"MultiPolygon","coordinates":[[[[32.914084,24.530108],[32.913961,24.52392],[32.914079,24.530101],[32.914084,24.530108]]]]}},{"type":"Feature","properties":{"landuse_value":0,"landuse_code":0,"landuse_label":null,"source_feature_count":1,"area_km2":0.343343,"change_status":"لم يتغير","change_status_key":"unchanged","change_percent":0.07584028558617331},"geometry":{"type":"MultiPolygon","coordinates":[[[[32.92263,24.525632],[32.928237,24.526077],[32.926689,24.523427],[32.92263,24.525632]]]]}},{"type":"Feature","properties":{"landuse_value":0,"landuse_code":0,"landuse_label":null,"source_feature_count":1,"area_km2":0.166392,"change_status":"لم يتغير","change_status_key":"unchanged","change_percent":0.03675401997832121},"geometry":{"type":"MultiPolygon","coordinates":[[[[32.92263,24.525632],[32.925061,24.520933],[32.920588,24.522364],[32.92263,24.525632]]]]}},{"type":"Feature","properties":{"landuse_value":0,"landuse_code":0,"landuse_label":null,"source_feature_count":1,"area_km2":0.421124,"change_status":"لم يتغير","change_status_key":"unchanged","change_percent":0.09302100418820362},"geometry":{"type":"MultiPolygon","coordinates":[[[[32.937388,24.519236],[32.941917,24.522061],[32.942489,24.512367],[32.937388,24.519236]]]]}},{"type":"Feature","properties":{"landuse_value":0,"landuse_code":0,"landuse_label":null,"source_feature_count":1,"area_km2":0.505258,"change_status":"لم يتغير","change_status_key":"unchanged","change_percent":0.11160519399803119},"geometry":{"type":"MultiPolygon","coordinates":[[[[32.930634,24.532447],[32.939507,24.521888],[32.929315,24.531881],[32.930634,24.532447]]]]}},{"type":"Feature","properties":{"landuse_value":0,"landuse_code":0,"landuse_label":null,"source_feature_count":1,"area_km2":0.194823,"change_status":"لم يتغير","change_status_key":"unchanged","change_percent":0.04303408264967223},"geometry":{"type":"MultiPolygon","coordinates":[[[[32.919546,24.53895],[32.918341,24.537656],[32.914018,24.541724],[32.919546,24.53895]]]]}},{"type":"Feature","properties":{"landuse_value":0,"landuse_code":0,"landuse_label":null,"source_feature_count":1,"area_km2":0.164755,"change_status":"لم يتغير","change_status_key":"unchanged","change_percent":0.03639238668192577},"geometry":{"type":"MultiPolygon","coordinates":[[[[32.941669,24.572387],[32.939308,24.563923],[32.940721,24.572419],[32.941669,24.572387]]]]}},{"type":"Feature","properties":{"landuse_value":0,"landuse_code":0,"landuse_label":null,"source_feature_count":1,"area_km2":0.404645,"change_status":"لم يتغير","change_status_key":"unchanged","change_percent":0.0893809714986302},"geometry":{"type":"MultiPolygon","coordinates":[[[[32.89105,24.569186],[32.892995,24.56047],[32.886037,24.563099],[32.89105,24.569186]]]]}},{"type":"Feature","properties":{"landuse_value":0,"landuse_code":0,"landuse_label":null,"source_feature_count":1,"area_km2":0.695638,"change_status":"تغير","change_status_key":"changed","change_percent":0.15365779559607004},"geometry":{"type":"MultiPolygon","coordinates":[[[[32.869432,24.579939],[32.885902,24.581992],[32.889916,24.575947],[32.869381,24.579251],[32.869432,24.579939]]]]}},{"type":"Feature","properties":{"landuse_value":0,"landuse_code":0,"landuse_label":null,"source_feature_count":1,"area_km2":0.392308,"change_status":"تغير","change_status_key":"changed","change_percent":0.08665587320316573},"geometry":{"type":"MultiPolygon","coordinates":[[[[32.869955,24.568554],[32.889083,24.565262],[32.885622,24.562732],[32.869955,24.568554]]]]}},{"type":"Feature","properties":{"landuse_value":0,"landuse_code":0,"landuse_label":null,"source_feature_count":1,"area_km2":0.613535,"change_status":"تغير","change_status_key":"changed","change_percent":0.13552223845314768},"geometry":{"type":"MultiPolygon","coordinates":[[[[32.877039,24.573567],[32.889916,24.575947],[32.89105,24.569186],[32.877039,24.573567]]]]}},{"type":"Feature","properties":{"landuse_value":0,"landuse_code":0,"landuse_label":null,"source_feature_count":1,"area_km2":0.193694,"change_status":"لم يتغير","change_status_key":"unchanged","change_percent":0.042784652171864175},"geometry":{"type":"MultiPolygon","coordinates":[[[[32.890051,24.575321],[32.893523,24.568814],[32.89105,24.569186],[32.890051,24.575321]]]]}},{"type":"Feature","properties":{"landuse_value":0,"landuse_code":0,"landuse_label":null,"source_feature_count":1,"area_km2":0.12734,"change_status":"لم يتغير","change_status_key":"unchanged","change_percent":0.028127818050484386},"geometry":{"type":"MultiPolygon","coordinates":[[[[32.892634,24.577407],[32.890051,24.575321],[32.888816,24.578297],[32.892634,24.577407]]]]}},{"type":"Feature","properties":{"landuse_value":0,"landuse_code":0,"landuse_label":null,"source_feature_count":1,"area_km2":0.315087,"change_status":"لم يتغير","change_status_key":"unchanged","change_percent":0.06959876193867015},"geometry":{"type":"MultiPolygon","coordinates":[[[[32.892163,24.580165],[32.894081,24.577137],[32.886895,24.580501],[32.892163,24.580165]]]]}},{"type":"Feature","properties":{"landuse_value":0,"landuse_code":0,"landuse_label":null,"source_feature_count":1,"area_km2":0.391571,"change_status":"تغير","change_status_key":"changed","change_percent":0.08649309426829996},"geometry":{"type":"MultiPolygon","coordinates":[[[[32.8932,24.63567],[32.901928,24.636851],[32.899853,24.632628],[32.8932,24.63567]]]]}},{"type":"Feature","properties":{"landuse_value":0,"landuse_code":0,"landuse_label":null,"source_feature_count":1,"area_km2":0.557861,"change_status":"تغير","change_status_key":"changed","change_percent":0.12322448501701445},"geometry":{"type":"MultiPolygon","coordinates":[[[[32.884808,24.624845],[32.896495,24.625832],[32.893019,24.620924],[32.884808,24.624845]]]]}},{"type":"Feature","properties":{"landuse_value":0,"landuse_code":0,"landuse_label":null,"source_feature_count":1,"area_km2":0.585669,"change_status":"تغير","change_status_key":"changed","change_percent":0.12936710270232854},"geometry":{"type":"MultiPolygon","coordinates":[[[[32.896783,24.640646],[32.90694,24.642675],[32.901928,24.636851],[32.896783,24.640646]]]]}},{"type":"Feature","properties":{"landuse_value":0,"landuse_code":0,"landuse_label":null,"source_feature_count":1,"area_km2":0.3364,"change_status":"لم يتغير","change_status_key":"unchanged","change_percent":0.07430656627873923},"geometry":{"type":"MultiPolygon","coordinates":[[[[32.901639,24.636285],[32.908984,24.630352],[32.900047,24.633027],[32.901639,24.636285]]]]}},{"type":"Feature","properties":{"landuse_value":0,"landuse_code":0,"landuse_label":null,"source_feature_count":1,"area_km2":0.494957,"change_status":"تغير","change_status_key":"changed","change_percent":0.10932988803833017},"geometry":{"type":"MultiPolygon","coordinates":[[[[32.904283,24.640498],[32.911166,24.632347],[32.901639,24.636285],[32.904283,24.640498]]]]}},{"type":"Feature","properties":{"landuse_value":0,"landuse_code":0,"landuse_label":null,"source_feature_count":1,"area_km2":0.753833,"change_status":"تغير","change_status_key":"changed","change_percent":0.16651235355961955},"geometry":{"type":"MultiPolygon","coordinates":[[[[32.900047,24.633027],[32.907382,24.624706],[32.896606,24.626032],[32.900047,24.633027]]]]}},{"type":"Feature","properties":{"landuse_value":0,"landuse_code":0,"landuse_label":null,"source_feature_count":1,"area_km2":0.028075,"change_status":"لم يتغير","change_status_key":"unchanged","change_percent":0.006201481352360287},"geometry":{"type":"MultiPolygon","coordinates":[[[[32.948834,24.503685],[32.950419,24.50141],[32.949448,24.501373],[32.948834,24.503685]]]]}},{"type":"Feature","properties":{"landuse_value":0,"landuse_code":0,"landuse_label":null,"source_feature_count":1,"area_km2":0.039824,"change_status":"لم يتغير","change_status_key":"unchanged","change_percent":0.00879660153226791},"geometry":{"type":"MultiPolygon","coordinates":[[[[32.952351,24.504179],[32.948953,24.505591],[32.952591,24.50451],[32.952351,24.504179]]]]}},{"type":"Feature","properties":{"landuse_value":0,"landuse_code":0,"landuse_label":null,"source_feature_count":1,"area_km2":0.388829,"change_status":"لم يتغير","change_status_key":"unchanged","change_percent":0.08588751180545393},"geometry":{"type":"MultiPolygon","coordinates":[[[[32.944372,24.559954],[32.949597,24.552398],[32.944428,24.552412],[32.944372,24.559954]]]]}},{"type":"Feature","properties":{"landuse_value":0,"landuse_code":0,"landuse_label":null,"source_feature_count":1,"area_km2":0.267207,"change_status":"لم يتغير","change_status_key":"unchanged","change_percent":0.05902279575226432},"geometry":{"type":"MultiPolygon","coordinates":[[[[32.937489,24.563454],[32.937231,24.556389],[32.93525,24.55776],[32.937489,24.563454]]]]}},{"type":"Feature","properties":{"landuse_value":0,"landuse_code":0,"landuse_label":null,"source_feature_count":1,"area_km2":0.305089,"change_status":"لم يتغير","change_status_key":"unchanged","change_percent":0.06739038933077802},"geometry":{"type":"MultiPolygon","coordinates":[[[[32.932132,24.558581],[32.937231,24.556389],[32.934517,24.550558],[32.932132,24.558581]]]]}},{"type":"Feature","properties":{"landuse_value":0,"landuse_code":0,"landuse_label":null,"source_feature_count":1,"area_km2":0.341154,"change_status":"لم يتغير","change_status_key":"unchanged","change_percent":0.07535661246277978},"geometry":{"type":"MultiPolygon","coordinates":[[[[32.926028,24.556318],[32.932319,24.551193],[32.925377,24.551079],[32.926028,24.556318]]]]}},{"type":"Feature","properties":{"landuse_value":0,"landuse_code":0,"landuse_label":null,"source_feature_count":1,"area_km2":0.647846,"change_status":"تغير","change_status_key":"changed","change_percent":0.14310103510886552},"geometry":{"type":"MultiPolygon","coordinates":[[[[32.912688,24.582105],[32.917085,24.571337],[32.915823,24.571258],[32.912688,24.582105]]]]}},{"type":"Feature","properties":{"landuse_value":0,"landuse_code":0,"landuse_label":null,"source_feature_count":1,"area_km2":0.929801,"change_status":"تغير","change_status_key":"changed","change_percent":0.2053814543689462},"geometry":{"type":"MultiPolygon","coordinates":[[[[32.924718,24.580982],[32.923651,24.570562],[32.917101,24.569911],[32.924718,24.580982]]]]}},{"type":"Feature","properties":{"landuse_value":0,"landuse_code":0,"landuse_label":null,"source_feature_count":1,"area_km2":0.341669,"change_status":"تغير","change_status_key":"changed","change_percent":0.07547036768108412},"geometry":{"type":"MultiPolygon","coordinates":[[[[32.927551,24.573735],[32.929106,24.569855],[32.923651,24.570562],[32.927551,24.573735]]]]}},{"type":"Feature","properties":{"landuse_value":0,"landuse_code":0,"landuse_label":null,"source_feature_count":1,"area_km2":0.295343,"change_status":"لم يتغير","change_status_key":"unchanged","change_percent":0.06523752508955316},"geometry":{"type":"MultiPolygon","coordinates":[[[[32.926916,24.569464],[32.932655,24.567072],[32.926135,24.565048],[32.926916,24.569464]]]]}},{"type":"Feature","properties":{"landuse_value":0,"landuse_code":0,"landuse_label":null,"source_feature_count":1,"area_km2":0.322959,"change_status":"لم يتغير","change_status_key":"unchanged","change_percent":0.07133768398356524},"geometry":{"type":"MultiPolygon","coordinates":[[[[32.91251,24.577985],[32.910733,24.566619],[32.91084,24.577895],[32.91251,24.577985]]]]}},{"type":"Feature","properties":{"landuse_value":0,"landuse_code":0,"landuse_label":null,"source_feature_count":1,"area_km2":0.036648,"change_status":"لم يتغير","change_status_key":"unchanged","change_percent":0.008095189325729002},"geometry":{"type":"MultiPolygon","coordinates":[[[[32.913434,24.544877],[32.911201,24.547356],[32.91166,24.547604],[32.913434,24.544877]]]]}},{"type":"Feature","properties":{"landuse_value":0,"landuse_code":0,"landuse_label":null,"source_feature_count":1,"area_km2":0.359419,"change_status":"لم يتغير","change_status_key":"unchanged","change_percent":0.07939109500465209},"geometry":{"type":"MultiPolygon","coordinates":[[[[32.908983,24.537034],[32.906065,24.524159],[32.904052,24.524764],[32.908983,24.537034]]]]}},{"type":"Feature","properties":{"landuse_value":0,"landuse_code":0,"landuse_label":null,"source_feature_count":1,"area_km2":0.222033,"change_status":"لم يتغير","change_status_key":"unchanged","change_percent":0.049044390690995844},"geometry":{"type":"MultiPolygon","coordinates":[[[[32.899491,24.5202],[32.902902,24.518484],[32.900759,24.517437],[32.899491,24.5202]]]]}},{"type":"Feature","properties":{"landuse_value":0,"landuse_code":0,"landuse_label":null,"source_feature_count":1,"area_km2":0.252399,"change_status":"لم يتغير","change_status_key":"unchanged","change_percent":0.05575183037000885},"geometry":{"type":"MultiPolygon","coordinates":[[[[32.895661,24.510817],[32.893385,24.507264],[32.888327,24.507905],[32.895661,24.510817]]]]}},{"type":"Feature","properties":{"landuse_value":0,"landuse_code":0,"landuse_label":null,"source_feature_count":1,"area_km2":0.289503,"change_status":"لم يتغير","change_status_key":"unchanged","change_percent":0.06394756394929406},"geometry":{"type":"MultiPolygon","coordinates":[[[[32.898306,24.506616],[32.905029,24.511274],[32.906024,24.505652],[32.898306,24.506616]]]]}},{"type":"Feature","properties":{"landuse_value":0,"landuse_code":0,"landuse_label":null,"source_feature_count":1,"area_km2":0.150689,"change_status":"لم يتغير","change_status_key":"unchanged","change_percent":0.03328527739160509},"geometry":{"type":"MultiPolygon","coordinates":[[[[32.91208,24.535115],[32.909306,24.525932],[32.906524,24.52499],[32.91208,24.535115]]]]}},{"type":"Feature","properties":{"landuse_value":0,"landuse_code":0,"landuse_label":null,"source_feature_count":1,"area_km2":0.164904,"change_status":"لم يتغير","change_status_key":"unchanged","change_percent":0.036425174363848296},"geometry":{"type":"MultiPolygon","coordinates":[[[[32.906065,24.524159],[32.903581,24.516906],[32.900651,24.517388],[32.906065,24.524159]]]]}},{"type":"Feature","properties":{"landuse_value":0,"landuse_code":0,"landuse_label":null,"source_feature_count":1,"area_km2":0.234037,"change_status":"لم يتغير","change_status_key":"unchanged","change_percent":0.05169594572552735},"geometry":{"type":"MultiPolygon","coordinates":[[[[32.883905,24.533828],[32.878472,24.529082],[32.881141,24.535412],[32.883905,24.533828]]]]}},{"type":"Feature","properties":{"landuse_value":0,"landuse_code":0,"landuse_label":null,"source_feature_count":1,"area_km2":0.046156,"change_status":"لم يتغير","change_status_key":"unchanged","change_percent":0.010195320382958015},"geometry":{"type":"MultiPolygon","coordinates":[[[[32.878719,24.526669],[32.879517,24.528209],[32.881132,24.527659],[32.878719,24.526669]]]]}},{"type":"Feature","properties":{"landuse_value":0,"landuse_code":0,"landuse_label":null,"source_feature_count":1,"area_km2":0.256859,"change_status":"تغير","change_status_key":"changed","change_percent":0.05673688137584163},"geometry":{"type":"MultiPolygon","coordinates":[[[[32.874818,24.514126],[32.87191,24.520815],[32.876282,24.519576],[32.874818,24.514126]]]]}},{"type":"Feature","properties":{"landuse_value":0,"landuse_code":0,"landuse_label":null,"source_feature_count":1,"area_km2":0.402953,"change_status":"تغير","change_status_key":"changed","change_percent":0.08900725617397542},"geometry":{"type":"MultiPolygon","coordinates":[[[[32.862066,24.506281],[32.871775,24.503478],[32.862231,24.50217],[32.862066,24.506281]]]]}},{"type":"Feature","properties":{"landuse_value":0,"landuse_code":0,"landuse_label":null,"source_feature_count":1,"area_km2":0.123654,"change_status":"لم يتغير","change_status_key":"unchanged","change_percent":0.027313638920541825},"geometry":{"type":"MultiPolygon","coordinates":[[[[32.862231,24.50217],[32.865382,24.498158],[32.861841,24.497848],[32.862231,24.50217]]]]}},{"type":"Feature","properties":{"landuse_value":0,"landuse_code":0,"landuse_label":null,"source_feature_count":1,"area_km2":0.03149,"change_status":"تغير","change_status_key":"changed","change_percent":0.006955679474806398},"geometry":{"type":"MultiPolygon","coordinates":[[[[32.861763,24.497443],[32.863066,24.495422],[32.861435,24.495753],[32.861763,24.497443]]]]}},{"type":"Feature","properties":{"landuse_value":0,"landuse_code":0,"landuse_label":null,"source_feature_count":1,"area_km2":0.03225,"change_status":"لم يتغير","change_status_key":"unchanged","change_percent":0.007123700834163812},"geometry":{"type":"MultiPolygon","coordinates":[[[[32.868665,24.494797],[32.86854,24.494242],[32.866742,24.495483],[32.868665,24.494797]]]]}},{"type":"Feature","properties":{"landuse_value":0,"landuse_code":0,"landuse_label":null,"source_feature_count":1,"area_km2":0.220821,"change_status":"تغير","change_status_key":"changed","change_percent":0.046763847966832396},"geometry":{"type":"MultiPolygon","coordinates":[[[[32.872382,24.506277],[32.871036,24.515089],[32.874828,24.514124],[32.872382,24.506277]]]]}},{"type":"Feature","properties":{"landuse_value":0,"landuse_code":0,"landuse_label":null,"source_feature_count":1,"area_km2":0.08722,"change_status":"لم يتغير","change_status_key":"unchanged","change_percent":0.019265825191509045},"geometry":{"type":"MultiPolygon","coordinates":[[[[32.886182,24.538564],[32.881721,24.535364],[32.885242,24.539001],[32.886182,24.538564]]]]}},{"type":"Feature","properties":{"landuse_value":0,"landuse_code":0,"landuse_label":null,"source_feature_count":1,"area_km2":0.124685,"change_status":"لم يتغير","change_status_key":"unchanged","change_percent":0.027541433296124292},"geometry":{"type":"MultiPolygon","coordinates":[[[[32.911211,24.531612],[32.912035,24.527385],[32.909547,24.527231],[32.911211,24.531612]]]]}},{"type":"Feature","properties":{"landuse_value":0,"landuse_code":0,"landuse_label":null,"source_feature_count":1,"area_km2":0.226613,"change_status":"لم يتغير","change_status_key":"unchanged","change_percent":0.050056046590588696},"geometry":{"type":"MultiPolygon","coordinates":[[[[32.920588,24.522364],[32.926143,24.516853],[32.918439,24.519365],[32.920588,24.522364]]]]}},{"type":"Feature","properties":{"landuse_value":0,"landuse_code":0,"landuse_label":null,"source_feature_count":1,"area_km2":0.154374,"change_status":"لم يتغير","change_status_key":"unchanged","change_percent":0.034099310945491255},"geometry":{"type":"MultiPolygon","coordinates":[[[[32.91354,24.520293],[32.916469,24.516615],[32.912182,24.517603],[32.91354,24.520293]]]]}},{"type":"Feature","properties":{"landuse_value":0,"landuse_code":0,"landuse_label":null,"source_feature_count":1,"area_km2":0.11162,"change_status":"لم يتغير","change_status_key":"unchanged","change_percent":0.02465542116292984},"geometry":{"type":"MultiPolygon","coordinates":[[[[32.897309,24.568621],[32.898948,24.561396],[32.897366,24.561665],[32.897309,24.568621]]]]}},{"type":"Feature","properties":{"landuse_value":0,"landuse_code":0,"landuse_label":null,"source_feature_count":1,"area_km2":0.07602,"change_status":"لم يتغير","change_status_key":"unchanged","change_percent":0.016791904432628783},"geometry":{"type":"MultiPolygon","coordinates":[[[[32.913862,24.534378],[32.913632,24.530352],[32.911211,24.531612],[32.913862,24.534378]]]]}},{"type":"Feature","properties":{"landuse_value":0,"landuse_code":0,"landuse_label":null,"source_feature_count":1,"area_km2":0.222383,"change_status":"لم يتغير","change_status_key":"unchanged","change_percent":0.04912159755144712},"geometry":{"type":"MultiPolygon","coordinates":[[[[32.914723,24.570041],[32.913368,24.580384],[32.916658,24.569265],[32.914723,24.570041]]]]}},{"type":"Feature","properties":{"landuse_value":0,"landuse_code":0,"landuse_label":null,"source_feature_count":1,"area_km2":0.131739,"change_status":"لم يتغير","change_status_key":"unchanged","change_percent":0.029099538730836254},"geometry":{"type":"MultiPolygon","coordinates":[[[[32.914038,24.565891],[32.91794,24.566148],[32.917184,24.564791],[32.914038,24.565891]]]]}},{"type":"Feature","properties":{"landuse_value":0,"landuse_code":0,"landuse_label":null,"source_feature_count":1,"area_km2":0.390152,"change_status":"لم يتغير","change_status_key":"unchanged","change_percent":0.08617964834447595},"geometry":{"type":"MultiPolygon","coordinates":[[[[32.921445,24.600443],[32.913554,24.596335],[32.916031,24.603003],[32.921445,24.600443]]]]}},{"type":"Feature","properties":{"landuse_value":0,"landuse_code":0,"landuse_label":null,"source_feature_count":1,"area_km2":0.249319,"change_status":"لم يتغير","change_status_key":"unchanged","change_percent":0.05507150004621746},"geometry":{"type":"MultiPolygon","coordinates":[[[[32.922753,24.58117],[32.925977,24.585823],[32.930429,24.58132],[32.922753,24.58117]]]]}},{"type":"Feature","properties":{"landuse_value":0,"landuse_code":0,"landuse_label":null,"source_feature_count":1,"area_km2":0.268199,"change_status":"لم يتغير","change_status_key":"unchanged","change_percent":0.05924179297234856},"geometry":{"type":"MultiPolygon","coordinates":[[[[32.912571,24.585695],[32.917813,24.581516],[32.912598,24.582936],[32.912571,24.585695]]]]}},{"type":"Feature","properties":{"landuse_value":0,"landuse_code":0,"landuse_label":null,"source_feature_count":1,"area_km2":0.056159,"change_status":"لم يتغير","change_status_key":"unchanged","change_percent":0.012404747944438573},"geometry":{"type":"MultiPolygon","coordinates":[[[[32.92189,24.588096],[32.918949,24.586388],[32.919843,24.588776],[32.92189,24.588096]]]]}},{"type":"Feature","properties":{"landuse_value":0,"landuse_code":0,"landuse_label":null,"source_feature_count":1,"area_km2":0.130108,"change_status":"لم يتغير","change_status_key":"unchanged","change_percent":0.028739321102366773},"geometry":{"type":"MultiPolygon","coordinates":[[[[32.923029,24.583473],[32.923498,24.589527],[32.925977,24.585823],[32.923029,24.583473]]]]}},{"type":"Feature","properties":{"landuse_value":0,"landuse_code":0,"landuse_label":null,"source_feature_count":1,"area_km2":0.191668,"change_status":"لم يتغير","change_status_key":"unchanged","change_percent":0.04233715871056677},"geometry":{"type":"MultiPolygon","coordinates":[[[[32.913554,24.596335],[32.913226,24.588765],[32.911078,24.589601],[32.913554,24.596335]]]]}},{"type":"Feature","properties":{"landuse_value":0,"landuse_code":0,"landuse_label":null,"source_feature_count":1,"area_km2":0.179274,"change_status":"لم يتغير","change_status_key":"unchanged","change_percent":0.03959934278644636},"geometry":{"type":"MultiPolygon","coordinates":[[[[32.918949,24.586388],[32.923029,24.583473],[32.917813,24.581516],[32.918949,24.586388]]]]}},{"type":"Feature","properties":{"landuse_value":0,"landuse_code":0,"landuse_label":null,"source_feature_count":1,"area_km2":0.058559,"change_status":"لم يتغير","change_status_key":"unchanged","change_percent":0.012934993405863179},"geometry":{"type":"MultiPolygon","coordinates":[[[[32.941342,24.510081],[32.941,24.507575],[32.938533,24.506684],[32.941342,24.510081]]]]}},{"type":"Feature","properties":{"landuse_value":0,"landuse_code":0,"landuse_label":null,"source_feature_count":1,"area_km2":0.366574,"change_status":"لم يتغير","change_status_key":"unchanged","change_percent":0.08097164068047126},"geometry":{"type":"MultiPolygon","coordinates":[[[[32.921959,24.499507],[32.931128,24.496954],[32.923885,24.493704],[32.921959,24.499507]]]]}},{"type":"Feature","properties":{"landuse_value":0,"landuse_code":0,"landuse_label":null,"source_feature_count":1,"area_km2":0.345396,"change_status":"لم يتغير","change_status_key":"unchanged","change_percent":0.07629377280854623},"geometry":{"type":"MultiPolygon","coordinates":[[[[32.929424,24.490046],[32.935968,24.485147],[32.93226,24.483712],[32.929424,24.490046]]]]}},{"type":"Feature","properties":{"landuse_value":0,"landuse_code":0,"landuse_label":null,"source_feature_count":1,"area_km2":0.230288,"change_status":"لم يتغير","change_status_key":"unchanged","change_percent":0.05086781759094617},"geometry":{"type":"MultiPolygon","coordinates":[[[[32.928023,24.494926],[32.93273,24.493053],[32.928209,24.491206],[32.928023,24.494926]]]]}},{"type":"Feature","properties":{"landuse_value":0,"landuse_code":0,"landuse_label":null,"source_feature_count":1,"area_km2":1.05657,"change_status":"لم يتغير","change_status_key":"unchanged","change_percent":0.23338308155437992},"geometry":{"type":"MultiPolygon","coordinates":[[[[32.943937,24.497987],[32.935968,24.485147],[32.93273,24.493053],[32.943937,24.497987]]]]}},{"type":"Feature","properties":{"landuse_value":0,"landuse_code":0,"landuse_label":null,"source_feature_count":1,"area_km2":0.324505,"change_status":"لم يتغير","change_status_key":"unchanged","change_percent":0.07167902895517775},"geometry":{"type":"MultiPolygon","coordinates":[[[[32.935445,24.506974],[32.938418,24.501056],[32.936707,24.502154],[32.935445,24.506974]]]]}},{"type":"Feature","properties":{"landuse_value":0,"landuse_code":0,"landuse_label":null,"source_feature_count":1,"area_km2":0.688449,"change_status":"لم يتغير","change_status_key":"unchanged","change_percent":0.15206979449006744},"geometry":{"type":"MultiPolygon","coordinates":[[[[32.942471,24.504534],[32.943937,24.497987],[32.93273,24.493053],[32.942471,24.504534]]]]}},{"type":"Feature","properties":{"landuse_value":0,"landuse_code":0,"landuse_label":null,"source_feature_count":1,"area_km2":0.422421,"change_status":"لم يتغير","change_status_key":"unchanged","change_percent":0.0933076051681621},"geometry":{"type":"MultiPolygon","coordinates":[[[[32.926778,24.623402],[32.929691,24.616776],[32.923002,24.615764],[32.926778,24.623402]]]]}},{"type":"Feature","properties":{"landuse_value":0,"landuse_code":0,"landuse_label":null,"source_feature_count":1,"area_km2":0.24806,"change_status":"تغير","change_status_key":"changed","change_percent":0.05479346924461768},"geometry":{"type":"MultiPolygon","coordinates":[[[[32.876282,24.519576],[32.874602,24.527166],[32.878807,24.525921],[32.876282,24.519576]]]]}},{"type":"Feature","properties":{"landuse_value":0,"landuse_code":0,"landuse_label":null,"source_feature_count":1,"area_km2":0.084586,"change_status":"تغير","change_status_key":"changed","change_percent":0.01868388972046834},"geometry":{"type":"MultiPolygon","coordinates":[[[[32.888164,24.612869],[32.88537,24.615591],[32.888769,24.614331],[32.888164,24.612869]]]]}},{"type":"Feature","properties":{"landuse_value":0,"landuse_code":0,"landuse_label":null,"source_feature_count":1,"area_km2":0.052363,"change_status":"لم يتغير","change_status_key":"unchanged","change_percent":0.01156626462917808},"geometry":{"type":"MultiPolygon","coordinates":[[[[32.887192,24.520629],[32.887351,24.517654],[32.885666,24.517761],[32.887192,24.520629]]]]}},{"type":"Feature","properties":{"landuse_value":0,"landuse_code":0,"landuse_label":null,"source_feature_count":1,"area_km2":0.40047,"change_status":"لم يتغير","change_status_key":"unchanged","change_percent":0.08845882267896991},"geometry":{"type":"MultiPolygon","coordinates":[[[[32.90809,24.490058],[32.917417,24.492387],[32.916752,24.488187],[32.90809,24.490058]]]]}},{"type":"Feature","properties":{"landuse_value":0,"landuse_code":0,"landuse_label":null,"source_feature_count":1,"area_km2":0.151816,"change_status":"لم يتغير","change_status_key":"unchanged","change_percent":0.03353432048909525},"geometry":{"type":"MultiPolygon","coordinates":[[[[32.917417,24.492387],[32.922877,24.489596],[32.917058,24.489538],[32.917417,24.492387]]]]}},{"type":"Feature","properties":{"landuse_value":0,"landuse_code":0,"landuse_label":null,"source_feature_count":1,"area_km2":0.14793,"change_status":"لم يتغير","change_status_key":"unchanged","change_percent":0.032675864872160794},"geometry":{"type":"MultiPolygon","coordinates":[[[[32.903649,24.492383],[32.90809,24.490058],[32.904216,24.490818],[32.903649,24.492383]]]]}},{"type":"Feature","properties":{"landuse_value":0,"landuse_code":0,"landuse_label":null,"source_feature_count":1,"area_km2":0.19804,"change_status":"لم يتغير","change_status_key":"unchanged","change_percent":0.04374448432205516},"geometry":{"type":"MultiPolygon","coordinates":[[[[32.95548,24.507709],[32.9549,24.502188],[32.954909,24.502838],[32.95548,24.507709]]]]}},{"type":"Feature","properties":{"landuse_value":0,"landuse_code":0,"landuse_label":null,"source_feature_count":1,"area_km2":0.006022,"change_status":"تغير","change_status_key":"changed","change_percent":0.0013300761110117195},"geometry":{"type":"MultiPolygon","coordinates":[[[[32.888029,24.634234],[32.888899,24.633273],[32.887817,24.633751],[32.888029,24.634234]]]]}},{"type":"Feature","properties":{"landuse_value":0,"landuse_code":0,"landuse_label":null,"source_feature_count":1,"area_km2":0.479621,"change_status":"لم يتغير","change_status_key":"unchanged","change_percent":0.10594228785405982},"geometry":{"type":"MultiPolygon","coordinates":[[[[32.809603,24.623569],[32.811622,24.604996],[32.809257,24.605054],[32.809603,24.623569]]]]}},{"type":"Feature","properties":{"landuse_value":0,"landuse_code":0,"landuse_label":null,"source_feature_count":1,"area_km2":0.012392,"change_status":"تغير","change_status_key":"changed","change_percent":0.0027372129691410224},"geometry":{"type":"MultiPolygon","coordinates":[[[[32.812526,24.593908],[32.811936,24.592632],[32.811605,24.593695],[32.812526,24.593908]]]]}},{"type":"Feature","properties":{"landuse_value":0,"landuse_code":0,"landuse_label":null,"source_feature_count":1,"area_km2":0.013728,"change_status":"تغير","change_status_key":"changed","change_percent":0.0030322892649567354},"geometry":{"type":"MultiPolygon","coordinates":[[[[32.813778,24.594026],[32.814794,24.592727],[32.813826,24.59275],[32.813778,24.594026]]]]}},{"type":"Feature","properties":{"landuse_value":0,"landuse_code":0,"landuse_label":null,"source_feature_count":1,"area_km2":0.013244,"change_status":"تغير","change_status_key":"changed","change_percent":0.002925371654949898},"geometry":{"type":"MultiPolygon","coordinates":[[[[32.815787,24.585639],[32.816472,24.583678],[32.815857,24.583725],[32.815787,24.585639]]]]}},{"type":"Feature","properties":{"landuse_value":0,"landuse_code":0,"landuse_label":null,"source_feature_count":1,"area_km2":0.008673,"change_status":"تغير","change_status_key":"changed","change_percent":0.0019156981209273952},"geometry":{"type":"MultiPolygon","coordinates":[[[[32.817015,24.585615],[32.817535,24.583796],[32.81711,24.583796],[32.817015,24.585615]]]]}},{"type":"Feature","properties":{"landuse_value":0,"landuse_code":0,"landuse_label":null,"source_feature_count":1,"area_km2":0.011636,"change_status":"تغير","change_status_key":"changed","change_percent":0.002570152128295517},"geometry":{"type":"MultiPolygon","coordinates":[[[[32.820228,24.585663],[32.820819,24.58382],[32.820276,24.58382],[32.820228,24.585663]]]]}},{"type":"Feature","properties":{"landuse_value":0,"landuse_code":0,"landuse_label":null,"source_feature_count":1,"area_km2":0.311357,"change_status":"تغير","change_status_key":"changed","change_percent":0.06877491499000617},"geometry":{"type":"MultiPolygon","coordinates":[[[[32.746616,24.606957],[32.737272,24.604707],[32.737214,24.607822],[32.746616,24.606957]]]]}},{"type":"Feature","properties":{"landuse_value":0,"landuse_code":0,"landuse_label":null,"source_feature_count":1,"area_km2":0.247259,"change_status":"تغير","change_status_key":"changed","change_percent":0.05461638963032342},"geometry":{"type":"MultiPolygon","coordinates":[[[[32.723589,24.554091],[32.727615,24.547202],[32.723933,24.547202],[32.723589,24.554091]]]]}},{"type":"Feature","properties":{"landuse_value":0,"landuse_code":0,"landuse_label":null,"source_feature_count":1,"area_km2":0.75654,"change_status":"تغير","change_status_key":"changed","change_percent":0.16711036385065361},"geometry":{"type":"MultiPolygon","coordinates":[[[[32.733162,24.519409],[32.724906,24.527732],[32.730999,24.528692],[32.733162,24.519409]]]]}},{"type":"Feature","properties":{"landuse_value":0,"landuse_code":0,"landuse_label":null,"source_feature_count":1,"area_km2":0.04642,"change_status":"تغير","change_status_key":"changed","change_percent":0.010253610629518002},"geometry":{"type":"MultiPolygon","coordinates":[[[[32.868,24.517502],[32.863416,24.519794],[32.86826,24.518164],[32.868,24.517502]]]]}},{"type":"Feature","properties":{"landuse_value":0,"landuse_code":0,"landuse_label":null,"source_feature_count":1,"area_km2":0.020096,"change_status":"تغير","change_status_key":"changed","change_percent":0.004438976964331296},"geometry":{"type":"MultiPolygon","coordinates":[[[[32.864184,24.522267],[32.86559,24.522872],[32.866301,24.521481],[32.864184,24.522267]]]]}},{"type":"Feature","properties":{"landuse_value":0,"landuse_code":0,"landuse_label":null,"source_feature_count":1,"area_km2":0.031626,"change_status":"تغير","change_status_key":"changed","change_percent":0.0069858010925911386},"geometry":{"type":"MultiPolygon","coordinates":[[[[32.869824,24.524006],[32.865427,24.52617],[32.87002,24.524565],[32.869824,24.524006]]]]}},{"type":"Feature","properties":{"landuse_value":0,"landuse_code":0,"landuse_label":null,"source_feature_count":1,"area_km2":0.020512,"change_status":"لم يتغير","change_status_key":"unchanged","change_percent":0.004530744373925904},"geometry":{"type":"MultiPolygon","coordinates":[[[[32.876521,24.526953],[32.879064,24.526553],[32.878807,24.525921],[32.876521,24.526953]]]]}}]}