{
"type": "FeatureCollection",
"name": "Urban_Changes",
"xy_coordinate_resolution": 8.98315e-10,
"z_coordinate_resolution": 0.0001,
"features": [
{"type":"Feature","properties":{"نمط_العمران":"اسكان مخطط اقتصادى","اسم_المحور":"2","نوع_طبيعة_المنطقة":null,"مساحة_التغير_كم2":null,"نسبة_المساحه":null,"مساحة_التغير_بالمتر":null,"اسم_القطاع":"10","وصف_الاستخدام":null,"SHAPE_Length":8974.0792604800554,"SHAPE_Area":4046112.6800102429},"geometry":{"type":"Polygon","coordinates":[[[31.7393441632,30.1664655992],[31.7052844772,30.1741311555],[31.7038098405,30.1594097774],[31.7144115911,30.1582282693],[31.737917807,30.1608634727],[31.7393441632,30.1664655992]]]}},
{"type":"Feature","properties":{"نمط_العمران":"كمبوند","اسم_المحور":"2","نوع_طبيعة_المنطقة":null,"مساحة_التغير_كم2":null,"نسبة_المساحه":null,"مساحة_التغير_بالمتر":null,"اسم_القطاع":"10","وصف_الاستخدام":null,"SHAPE_Length":9274.3159418925188,"SHAPE_Area":4892184.9226875445},"geometry":{"type":"Polygon","coordinates":[[[31.5826963012,30.1187295292],[31.5827512665,30.1170516919],[31.5861585526,30.1030749902],[31.6042666628,30.1062221381],[31.6074192766,30.1072413063],[31.6030160817,30.1258132169],[31.5949566161,30.1246976652],[31.5949083499,30.1255236568],[31.596233756,30.1274769487],[31.5944638291,30.1285070423],[31.5903132799,30.1279956943],[31.5905388257,30.126780161],[31.5843954483,30.1259740689],[31.5840181232,30.1231746148],[31.5826963012,30.1187295292]]]}},
{"type":"Feature","properties":{"نمط_العمران":"اسكان اجتماعى شباب","اسم_المحور":"2","نوع_طبيعة_المنطقة":null,"مساحة_التغير_كم2":null,"نسبة_المساحه":null,"مساحة_التغير_بالمتر":null,"اسم_القطاع":"10","وصف_الاستخدام":null,"SHAPE_Length":5890.5142938992085,"SHAPE_Area":914349.55502893461},"geometry":{"type":"Polygon","coordinates":[[[31.63317231,30.1828505845],[31.6535313879,30.1667857489],[31.6546677407,30.1671102164],[31.6510325834,30.170216315],[31.6519390251,30.1709791943],[31.6522191667,30.1729265293],[31.6395938593,30.1833330195],[31.63317231,30.1828505845]]]}},
{"type":"Feature","properties":{"نمط_العمران":"كمبوند","اسم_المحور":"2","نوع_طبيعة_المنطقة":null,"مساحة_التغير_كم2":null,"نسبة_المساحه":null,"مساحة_التغير_بالمتر":null,"اسم_القطاع":"10","وصف_الاستخدام":null,"SHAPE_Length":5063.1796155635284,"SHAPE_Area":1041293.2199535859},"geometry":{"type":"Polygon","coordinates":[[[31.6815133192,30.0797271778],[31.6838279769,30.0801609584],[31.6856507437,30.0824164226],[31.6842157036,30.0827353675],[31.6810458909,30.0845623968],[31.6745185185,30.0858250616],[31.67203857,30.082786045],[31.6679763723,30.0798528133],[31.6674819004,30.0757123355],[31.6679747,30.0729412384],[31.6701793895,30.0738612125],[31.6714152086,30.0749258641],[31.6733051328,30.0783469166],[31.6747027915,30.0793781003],[31.6763512806,30.0797454313],[31.6815133192,30.0797271778]]]}},
{"type":"Feature","properties":{"نمط_العمران":"كمبوند","اسم_المحور":"2","نوع_طبيعة_المنطقة":null,"مساحة_التغير_كم2":null,"نسبة_المساحه":null,"مساحة_التغير_بالمتر":null,"اسم_القطاع":"10","وصف_الاستخدام":null,"SHAPE_Length":3793.7689872354231,"SHAPE_Area":645768.66838420322},"geometry":{"type":"Polygon","coordinates":[[[31.6297063389,30.0768684802],[31.6321280361,30.0732252123],[31.6402844574,30.0726710625],[31.6399521997,30.0756562003],[31.6365586072,30.0790580474],[31.636344017,30.0800027511],[31.6378401131,30.0818308181],[31.6362745916,30.0836522722],[31.6346440567,30.082803012],[31.6337648599,30.0818037392],[31.6331709264,30.0801358387],[31.6331465453,30.0783899143],[31.6297063389,30.0768684802]]]}},
{"type":"Feature","properties":{"نمط_العمران":"كمبوند","اسم_المحور":"2","نوع_طبيعة_المنطقة":null,"مساحة_التغير_كم2":null,"نسبة_المساحه":null,"مساحة_التغير_بالمتر":null,"اسم_القطاع":"10","وصف_الاستخدام":null,"SHAPE_Length":3818.3344985301146,"SHAPE_Area":940162.55738190375},"geometry":{"type":"Polygon","coordinates":[[[31.6535901178,30.0800600991],[31.658423055,30.0784829924],[31.6614507687,30.0782398669],[31.6647209035,30.0787115292],[31.6679763723,30.0798528106],[31.6667964857,30.0825598009],[31.6581335367,30.0880429386],[31.6543714295,30.0833450215],[31.6535901178,30.0800600991]]]}},
{"type":"Feature","properties":{"نمط_العمران":"خدمات ","اسم_المحور":"2","نوع_طبيعة_المنطقة":null,"مساحة_التغير_كم2":null,"نسبة_المساحه":null,"مساحة_التغير_بالمتر":null,"اسم_القطاع":"10","وصف_الاستخدام":null,"SHAPE_Length":1623.8856855803319,"SHAPE_Area":140635.75431700214},"geometry":{"type":"Polygon","coordinates":[[[31.6627615702,30.0784289409],[31.6644329699,30.0763503449],[31.6658841025,30.0756894989],[31.6675059069,30.0754895413],[31.6679763723,30.0798528133],[31.6647209035,30.0787115292],[31.6627615702,30.0784289409]]]}},
{"type":"Feature","properties":{"نمط_العمران":"اسكان مخطط اقتصادى","اسم_المحور":"2","نوع_طبيعة_المنطقة":null,"مساحة_التغير_كم2":null,"نسبة_المساحه":null,"مساحة_التغير_بالمتر":null,"اسم_القطاع":"10","وصف_الاستخدام":null,"SHAPE_Length":9983.7768168559778,"SHAPE_Area":3266295.0179860345},"geometry":{"type":"Polygon","coordinates":[[[31.7435804263,30.1086767716],[31.7463926714,30.1094795683],[31.7473577578,30.1123402658],[31.7477258874,30.1180026702],[31.7456550962,30.121319447],[31.7426387546,30.1231866927],[31.7436252341,30.1240633402],[31.7420667821,30.1269587009],[31.7412426415,30.1266127391],[31.7409496342,30.1270508818],[31.7366039205,30.1244075255],[31.736996496,30.1218332069],[31.7345625411,30.1217721456],[31.7345856444,30.1225061112],[31.7342602113,30.1225688234],[31.7340133764,30.1215598991],[31.7347506729,30.1214447147],[31.7346299525,30.1207286228],[31.7325896237,30.1211981077],[31.7328936765,30.1228096319],[31.7343851534,30.1238023391],[31.7325422404,30.1235964545],[31.7319186428,30.124538742],[31.7304459197,30.1246714937],[31.72866591,30.1237135773],[31.7280232905,30.1237220519],[31.7270725922,30.1240215045],[31.7264662096,30.1250211867],[31.7254649215,30.1252514095],[31.7222621145,30.1234948434],[31.723577925,30.1202297695],[31.721783308,30.1115652639],[31.7249185326,30.1110769729],[31.7264886883,30.1137720049],[31.7344430716,30.1114604069],[31.7379254428,30.1118154438],[31.7423242052,30.1107322914],[31.7435804263,30.1086767716]]]}},
{"type":"Feature","properties":{"نمط_العمران":"اسكان مخطط اقتصادى","اسم_المحور":"2","نوع_طبيعة_المنطقة":null,"مساحة_التغير_كم2":null,"نسبة_المساحه":null,"مساحة_التغير_بالمتر":null,"اسم_القطاع":"10","وصف_الاستخدام":null,"SHAPE_Length":2404.4486635664707,"SHAPE_Area":298648.70900891972},"geometry":{"type":"Polygon","coordinates":[[[31.62022252,30.1412664592],[31.6193624014,30.1443703171],[31.6103652516,30.1427678389],[31.6106227203,30.1413879148],[31.6128631788,30.1398771444],[31.62022252,30.1412664592]]]}},
{"type":"Feature","properties":{"نمط_العمران":"كمبوند","اسم_المحور":"2","نوع_طبيعة_المنطقة":null,"مساحة_التغير_كم2":null,"نسبة_المساحه":null,"مساحة_التغير_بالمتر":null,"اسم_القطاع":"10","وصف_الاستخدام":null,"SHAPE_Length":1490.0354831940845,"SHAPE_Area":130355.8020885202},"geometry":{"type":"Polygon","coordinates":[[[31.6210652835,30.130510848],[31.6262397193,30.1314031789],[31.6259769991,30.1327015156],[31.6244189259,30.1335516756],[31.6205014984,30.132944109],[31.6210652835,30.130510848]]]}},
{"type":"Feature","properties":{"نمط_العمران":"اسكان مخطط اقتصادى","اسم_المحور":"2","نوع_طبيعة_المنطقة":null,"مساحة_التغير_كم2":null,"نسبة_المساحه":null,"مساحة_التغير_بالمتر":null,"اسم_القطاع":"10","وصف_الاستخدام":null,"SHAPE_Length":1796.7612209804545,"SHAPE_Area":86743.630164218193},"geometry":{"type":"Polygon","coordinates":[[[31.6118968443,30.1349988243],[31.6102813588,30.1347298675],[31.6106482974,30.1332053041],[31.6114454799,30.1333200207],[31.6116839012,30.1322379967],[31.6108967245,30.1321014118],[31.6110762629,30.1313226883],[31.6119450667,30.1314073706],[31.6121853941,30.1299563771],[31.6133244707,30.1301422831],[31.6130076808,30.1316648447],[31.6136606341,30.1327426465],[31.6125039897,30.1334120884],[31.6130139906,30.1341529538],[31.61209887,30.133989096],[31.6118968443,30.1349988243]]]}},
{"type":"Feature","properties":{"نمط_العمران":"اسكان مخطط اقتصادى","اسم_المحور":"2","نوع_طبيعة_المنطقة":null,"مساحة_التغير_كم2":null,"نسبة_المساحه":null,"مساحة_التغير_بالمتر":null,"اسم_القطاع":"10","وصف_الاستخدام":null,"SHAPE_Length":2292.3864076153823,"SHAPE_Area":206441.19849575925},"geometry":{"type":"Polygon","coordinates":[[[31.6157517396,30.1223272525],[31.6169808336,30.122475763],[31.6155342038,30.1285105544],[31.6133244707,30.1301422831],[31.6123556679,30.129980214],[31.6125384957,30.1292805183],[31.6116828873,30.1282587475],[31.6129223414,30.127380646],[31.6122857736,30.1265996035],[31.6144152443,30.1252274234],[31.6149913067,30.1228157294],[31.6157517396,30.1223272525]]]}},
{"type":"Feature","properties":{"نمط_العمران":"كمبوند","اسم_المحور":"2","نوع_طبيعة_المنطقة":null,"مساحة_التغير_كم2":null,"نسبة_المساحه":null,"مساحة_التغير_بالمتر":null,"اسم_القطاع":"10","وصف_الاستخدام":null,"SHAPE_Length":1574.8826605856304,"SHAPE_Area":153110.12015117126},"geometry":{"type":"Polygon","coordinates":[[[31.6256076463,30.1345267587],[31.6262397193,30.1314031789],[31.6307336544,30.1321779849],[31.6300214622,30.1352650662],[31.6256076463,30.1345267587]]]}},
{"type":"Feature","properties":{"نمط_العمران":"اسكان مخطط اقتصادى","اسم_المحور":"2","نوع_طبيعة_المنطقة":null,"مساحة_التغير_كم2":null,"نسبة_المساحه":null,"مساحة_التغير_بالمتر":null,"اسم_القطاع":"10","وصف_الاستخدام":null,"SHAPE_Length":1172.9326453914164,"SHAPE_Area":86120.653450041165},"geometry":{"type":"Polygon","coordinates":[[[31.6252615594,30.1362369578],[31.6245953812,30.1395287159],[31.6231374779,30.1391714156],[31.6215372881,30.1375517446],[31.623885192,30.1360207705],[31.6252615594,30.1362369578]]]}},
{"type":"Feature","properties":{"نمط_العمران":"كمبوند","اسم_المحور":"2","نوع_طبيعة_المنطقة":null,"مساحة_التغير_كم2":null,"نسبة_المساحه":null,"مساحة_التغير_بالمتر":null,"اسم_القطاع":"10","وصف_الاستخدام":null,"SHAPE_Length":3136.4494175268428,"SHAPE_Area":543810.87309318106},"geometry":{"type":"Polygon","coordinates":[[[31.6469019615,30.1243739167],[31.6477994377,30.1204529629],[31.6491417477,30.1206313498],[31.6557820669,30.1188092664],[31.6553858639,30.1208568168],[31.6567970794,30.1228486047],[31.6559223229,30.1267198227],[31.6504450953,30.1255144453],[31.6505305021,30.1249726235],[31.6469019615,30.1243739167]]]}},
{"type":"Feature","properties":{"نمط_العمران":"صناعي","اسم_المحور":"2","نوع_طبيعة_المنطقة":null,"مساحة_التغير_كم2":null,"نسبة_المساحه":null,"مساحة_التغير_بالمتر":null,"اسم_القطاع":"10","وصف_الاستخدام":null,"SHAPE_Length":4341.2942241507326,"SHAPE_Area":1174381.2975608618},"geometry":{"type":"Polygon","coordinates":[[[31.7572861125,30.1336089617],[31.7681049239,30.1393309572],[31.760642629,30.1466553301],[31.7516483777,30.1403190481],[31.7572861125,30.1336089617]]]}},
{"type":"Feature","properties":{"نمط_العمران":"صناعي","اسم_المحور":"2","نوع_طبيعة_المنطقة":null,"مساحة_التغير_كم2":null,"نسبة_المساحه":null,"مساحة_التغير_بالمتر":null,"اسم_القطاع":"10","وصف_الاستخدام":null,"SHAPE_Length":4887.001939055227,"SHAPE_Area":1407508.6061697772},"geometry":{"type":"Polygon","coordinates":[[[31.755045817,30.1324238936],[31.7573751442,30.1260779049],[31.7729162587,30.1302972469],[31.7725477207,30.1317045657],[31.7681049239,30.1393309572],[31.755045817,30.1324238936]]]}},
{"type":"Feature","properties":{"نمط_العمران":"صناعي","اسم_المحور":"2","نوع_طبيعة_المنطقة":null,"مساحة_التغير_كم2":null,"نسبة_المساحه":null,"مساحة_التغير_بالمتر":null,"اسم_القطاع":"10","وصف_الاستخدام":null,"SHAPE_Length":4723.591275889361,"SHAPE_Area":1286062.8871486643},"geometry":{"type":"Polygon","coordinates":[[[31.7744829609,30.1201026029],[31.7745474371,30.1240678027],[31.7729162587,30.1302972469],[31.7585716939,30.12640284],[31.7591002673,30.124777706],[31.7598609085,30.1248795105],[31.7603896372,30.1203112839],[31.7744829609,30.1201026029]]]}},
{"type":"Feature","properties":{"نمط_العمران":"اسكان اجتماعى شباب","اسم_المحور":"2","نوع_طبيعة_المنطقة":null,"مساحة_التغير_كم2":null,"نسبة_المساحه":null,"مساحة_التغير_بالمتر":null,"اسم_القطاع":"10","وصف_الاستخدام":null,"SHAPE_Length":5235.2694209990341,"SHAPE_Area":631070.47273640835},"geometry":{"type":"Polygon","coordinates":[[[32.4756967338,29.9610875835],[32.4754774828,29.9591003617],[32.4769784643,29.9589861829],[32.4767407312,29.9563993287],[32.4849560284,29.9557934327],[32.4811142537,29.9661180398],[32.4732782362,29.966836236],[32.4730865568,29.9652334681],[32.4788859959,29.9645805859],[32.478821836,29.9634408473],[32.4797103672,29.9633426191],[32.4808014953,29.9602336869],[32.4756967338,29.9610875835]]]}},
{"type":"Feature","properties":{"نمط_العمران":"كمبوند","اسم_المحور":"2","نوع_طبيعة_المنطقة":null,"مساحة_التغير_كم2":null,"نسبة_المساحه":null,"مساحة_التغير_بالمتر":null,"اسم_القطاع":"10","وصف_الاستخدام":null,"SHAPE_Length":4093.5219741578926,"SHAPE_Area":719750.12835768668},"geometry":{"type":"Polygon","coordinates":[[[31.6553062784,30.1043812575],[31.6526816265,30.1046058188],[31.6506162368,30.1058575052],[31.6488388801,30.1041908758],[31.6483778234,30.1025027024],[31.6495048773,30.0997085756],[31.6495187043,30.0986916439],[31.6484753629,30.0966662918],[31.6494493019,30.096005053],[31.6499364965,30.0960832947],[31.6511163337,30.0974575679],[31.653054987,30.0974549605],[31.6548399873,30.0988149081],[31.6556751516,30.0982665933],[31.656044628,30.0969966485],[31.6578787636,30.0961098248],[31.6593814923,30.0983201],[31.6575163892,30.1015184749],[31.6569973294,30.1047173224],[31.6553062784,30.1043812575]]]}},
{"type":"Feature","properties":{"نمط_العمران":"اسكان اجتماعى شباب","اسم_المحور":"2","نوع_طبيعة_المنطقة":null,"مساحة_التغير_كم2":null,"نسبة_المساحه":null,"مساحة_التغير_بالمتر":null,"اسم_القطاع":"10","وصف_الاستخدام":null,"SHAPE_Length":3467.742741001885,"SHAPE_Area":408071.27238144737},"geometry":{"type":"Polygon","coordinates":[[[31.6668955072,30.09374539],[31.6680630761,30.0940707946],[31.6671242008,30.0968572041],[31.665867517,30.0964524953],[31.6662487689,30.0949146855],[31.6640274897,30.094735335],[31.6633635064,30.0927165577],[31.6617322742,30.0933532069],[31.660878922,30.0920118728],[31.6620241442,30.0917622384],[31.6614887267,30.0908861657],[31.661780727,30.090256846],[31.6624693921,30.0899376589],[31.662121877,30.0889673034],[31.6655804508,30.0879279174],[31.6683001534,30.0875929009],[31.6683314417,30.0888453806],[31.6672902073,30.0890522276],[31.6674001363,30.0908929101],[31.6679522926,30.0916327791],[31.6673060745,30.0922601335],[31.6668955072,30.09374539]]]}},
{"type":"Feature","properties":{"نمط_العمران":"كمبوند","اسم_المحور":"2","نوع_طبيعة_المنطقة":null,"مساحة_التغير_كم2":null,"نسبة_المساحه":null,"مساحة_التغير_بالمتر":null,"اسم_القطاع":"10","وصف_الاستخدام":null,"SHAPE_Length":4768.1288804634978,"SHAPE_Area":745353.55420129723},"geometry":{"type":"Polygon","coordinates":[[[31.6252148996,30.0708808779],[31.6262063296,30.0723918761],[31.6266672998,30.0784289846],[31.6274613306,30.0802456488],[31.6251177185,30.0822349905],[31.6240623406,30.0816283071],[31.6210888061,30.0808606408],[31.6185197024,30.0808067344],[31.6190625318,30.0791557843],[31.6181750688,30.0787050063],[31.6169994015,30.078934901],[31.6165144592,30.0785951805],[31.6168780213,30.0778982194],[31.6180213161,30.0778145754],[31.6169632797,30.0772941575],[31.6168084397,30.0760402945],[31.6178082017,30.075826053],[31.6181728218,30.0770393095],[31.618255836,30.0760636848],[31.6186982482,30.0758229104],[31.6191350836,30.0768674743],[31.619581407,30.0768593249],[31.619152623,30.0756047221],[31.6200990254,30.0748012453],[31.6209339177,30.0749384426],[31.6212824381,30.0746531221],[31.6208099163,30.0739596012],[31.6210067338,30.0732374521],[31.6227573083,30.0727203961],[31.6236836179,30.0715036842],[31.6252148996,30.0708808779]]]}},
{"type":"Feature","properties":{"نمط_العمران":"خدمات ","اسم_المحور":"2","نوع_طبيعة_المنطقة":null,"مساحة_التغير_كم2":null,"نسبة_المساحه":null,"مساحة_التغير_بالمتر":null,"اسم_القطاع":"10","وصف_الاستخدام":null,"SHAPE_Length":2516.0698827165816,"SHAPE_Area":150805.70586221889},"geometry":{"type":"Polygon","coordinates":[[[31.6088878667,30.0863104229],[31.6082114517,30.087563787],[31.607890904,30.0908235148],[31.6066488783,30.0905958329],[31.6068195084,30.0898377432],[31.6042890214,30.0894898031],[31.6044213978,30.0888276362],[31.605317609,30.0889869905],[31.6055966029,30.0875236679],[31.6044662986,30.0873832344],[31.6046768595,30.0864115153],[31.6052049405,30.086492042],[31.6056428366,30.0859829544],[31.6054738655,30.0857457003],[31.6047558003,30.0860484588],[31.6044195172,30.0854562335],[31.6062848163,30.0849622958],[31.6068876253,30.0858570214],[31.606553131,30.0860140165],[31.6068166476,30.0865305458],[31.6075413173,30.0866345521],[31.6076232466,30.0860574691],[31.6088878667,30.0863104229]]]}},
{"type":"Feature","properties":{"نمط_العمران":"كمبوند","اسم_المحور":"2","نوع_طبيعة_المنطقة":null,"مساحة_التغير_كم2":null,"نسبة_المساحه":null,"مساحة_التغير_بالمتر":null,"اسم_القطاع":"10","وصف_الاستخدام":null,"SHAPE_Length":1876.8425712456255,"SHAPE_Area":182355.94995815659},"geometry":{"type":"Polygon","coordinates":[[[31.6216049432,30.0657012782],[31.6231219218,30.0649428688],[31.6235351969,30.0654697979],[31.625929005,30.0639792961],[31.6274663583,30.0657722029],[31.6263702502,30.0668320877],[31.6272569287,30.0678865539],[31.624096297,30.0692638388],[31.6216049432,30.0657012782]]]}},
{"type":"Feature","properties":{"نمط_العمران":"كمبوند","اسم_المحور":"2","نوع_طبيعة_المنطقة":null,"مساحة_التغير_كم2":null,"نسبة_المساحه":null,"مساحة_التغير_بالمتر":null,"اسم_القطاع":"10","وصف_الاستخدام":null,"SHAPE_Length":2156.4052638372768,"SHAPE_Area":241590.24351546666},"geometry":{"type":"Polygon","coordinates":[[[31.625929005,30.0639792961],[31.627054547,30.0586082538],[31.6287882565,30.0592273403],[31.6290004481,30.0612677027],[31.6304682141,30.0615704326],[31.6303504083,30.0635812243],[31.6295717936,30.0655851289],[31.6286262538,30.0666204715],[31.625929005,30.0639792961]]]}},
{"type":"Feature","properties":{"نمط_العمران":"صناعي","اسم_المحور":"2","نوع_طبيعة_المنطقة":null,"مساحة_التغير_كم2":null,"نسبة_المساحه":null,"مساحة_التغير_بالمتر":null,"اسم_القطاع":"10","وصف_الاستخدام":null,"SHAPE_Length":3615.1138472836969,"SHAPE_Area":432082.73903215223},"geometry":{"type":"Polygon","coordinates":[[[31.6272273818,30.0449851596],[31.6271437764,30.0481351808],[31.6247562449,30.047621592],[31.6222968425,30.0476309374],[31.6204948454,30.0479819822],[31.6188277843,30.0489846036],[31.6163371582,30.0470017982],[31.6148901956,30.0475153076],[31.6131813206,30.0471806042],[31.6122118665,30.0462141856],[31.6117867904,30.045085973],[31.624433447,30.0450032046],[31.6272273818,30.0449851596]]]}},
{"type":"Feature","properties":{"نمط_العمران":"كمبوند","اسم_المحور":"2","نوع_طبيعة_المنطقة":null,"مساحة_التغير_كم2":null,"نسبة_المساحه":null,"مساحة_التغير_بالمتر":null,"اسم_القطاع":"10","وصف_الاستخدام":null,"SHAPE_Length":2033.5977027403703,"SHAPE_Area":250260.07174405587},"geometry":{"type":"Polygon","coordinates":[[[31.6375134293,30.0449182127],[31.637673917,30.0486847254],[31.6318268486,30.048312807],[31.6304799706,30.0472481481],[31.6305182432,30.0459858894],[31.6316675926,30.0450476426],[31.6375134293,30.0449182127]]]}},
{"type":"Feature","properties":{"نمط_العمران":"صناعي","اسم_المحور":"2","نوع_طبيعة_المنطقة":null,"مساحة_التغير_كم2":null,"نسبة_المساحه":null,"مساحة_التغير_بالمتر":null,"اسم_القطاع":"10","وصف_الاستخدام":null,"SHAPE_Length":1018.2102279321186,"SHAPE_Area":60032.415393264135},"geometry":{"type":"Polygon","coordinates":[[[31.6373607804,30.0516362848],[31.6375001117,30.0540960572],[31.6345579485,30.0527611211],[31.6356030224,30.0508487845],[31.6373607804,30.0516362848]]]}},
{"type":"Feature","properties":{"نمط_العمران":"كمبوند","اسم_المحور":"2","نوع_طبيعة_المنطقة":null,"مساحة_التغير_كم2":null,"نسبة_المساحه":null,"مساحة_التغير_بالمتر":null,"اسم_القطاع":"10","وصف_الاستخدام":null,"SHAPE_Length":1973.1818459481135,"SHAPE_Area":196006.05926138503},"geometry":{"type":"Polygon","coordinates":[[[31.6437436968,30.0572805137],[31.6406609957,30.0559750289],[31.6412376221,30.0548700255],[31.6410276526,30.0541006689],[31.642937577,30.0514694908],[31.6464820142,30.0531559893],[31.6464678944,30.0541940301],[31.6452011196,30.0541595778],[31.6446741955,30.0553592954],[31.6449298746,30.0560083916],[31.6437436968,30.0572805137]]]}},
{"type":"Feature","properties":{"نمط_العمران":"كمبوند","اسم_المحور":"2","نوع_طبيعة_المنطقة":null,"مساحة_التغير_كم2":null,"نسبة_المساحه":null,"مساحة_التغير_بالمتر":null,"اسم_القطاع":"10","وصف_الاستخدام":null,"SHAPE_Length":2337.1615152849554,"SHAPE_Area":287389.21776874812},"geometry":{"type":"Polygon","coordinates":[[[31.6617403246,30.0498965803],[31.6551334582,30.0523042407],[31.654428155,30.0490192377],[31.6580207265,30.047751524],[31.658154758,30.0463648487],[31.6618264277,30.0463520912],[31.6617403246,30.0498965803]]]}},
{"type":"Feature","properties":{"نمط_العمران":"خدمات ","اسم_المحور":"2","نوع_طبيعة_المنطقة":null,"مساحة_التغير_كم2":null,"نسبة_المساحه":null,"مساحة_التغير_بالمتر":null,"اسم_القطاع":"10","وصف_الاستخدام":null,"SHAPE_Length":487.12937281729916,"SHAPE_Area":14854.56961576018},"geometry":{"type":"Polygon","coordinates":[[[31.6638596971,30.0454135093],[31.6638202994,30.0465155172],[31.6625533938,30.0464972897],[31.6626050348,30.045400756],[31.6638596971,30.0454135093]]]}},
{"type":"Feature","properties":{"نمط_العمران":"كمبوند","اسم_المحور":"2","نوع_طبيعة_المنطقة":null,"مساحة_التغير_كم2":null,"نسبة_المساحه":null,"مساحة_التغير_بالمتر":null,"اسم_القطاع":"10","وصف_الاستخدام":null,"SHAPE_Length":2536.5378103541889,"SHAPE_Area":393324.65585477866},"geometry":{"type":"Polygon","coordinates":[[[31.6530003283,30.0726973742],[31.6456104728,30.0727269661],[31.6454241393,30.0684669729],[31.6523565052,30.0667875033],[31.6530003283,30.0726973742]]]}},
{"type":"Feature","properties":{"نمط_العمران":"اسكان مخطط اقتصادى","اسم_المحور":"2","نوع_طبيعة_المنطقة":null,"مساحة_التغير_كم2":null,"نسبة_المساحه":null,"مساحة_التغير_بالمتر":null,"اسم_القطاع":"10","وصف_الاستخدام":null,"SHAPE_Length":1026.6276895493154,"SHAPE_Area":54660.531599865484},"geometry":{"type":"Polygon","coordinates":[[[31.6570883306,30.0726811523],[31.6544856417,30.0726873811],[31.6545244797,30.0703257948],[31.6561397865,30.0703088727],[31.6561065506,30.0713453805],[31.6571062331,30.0713555977],[31.6570883306,30.0726811523]]]}},
{"type":"Feature","properties":{"نمط_العمران":"كمبوند","اسم_المحور":"2","نوع_طبيعة_المنطقة":null,"مساحة_التغير_كم2":null,"نسبة_المساحه":null,"مساحة_التغير_بالمتر":null,"اسم_القطاع":"10","وصف_الاستخدام":null,"SHAPE_Length":1238.9322609005371,"SHAPE_Area":93620.995710253002},"geometry":{"type":"Polygon","coordinates":[[[31.6570506617,30.0640803696],[31.6534536473,30.0642108111],[31.6538322566,30.061806522],[31.6568782657,30.0611854649],[31.6570506617,30.0640803696]]]}},
{"type":"Feature","properties":{"نمط_العمران":"حكومي","اسم_المحور":"2","نوع_طبيعة_المنطقة":null,"مساحة_التغير_كم2":null,"نسبة_المساحه":null,"مساحة_التغير_بالمتر":null,"اسم_القطاع":"10","وصف_الاستخدام":null,"SHAPE_Length":405.75986294232683,"SHAPE_Area":10097.720463140977},"geometry":{"type":"Polygon","coordinates":[[[31.6530520468,30.0633621511],[31.6528964055,30.064388039],[31.6519989676,30.0643651414],[31.6520993197,30.0633523861],[31.6530520468,30.0633621511]]]}},
{"type":"Feature","properties":{"نمط_العمران":"خدمات ","اسم_المحور":"2","نوع_طبيعة_المنطقة":null,"مساحة_التغير_كم2":null,"نسبة_المساحه":null,"مساحة_التغير_بالمتر":null,"اسم_القطاع":"10","وصف_الاستخدام":null,"SHAPE_Length":2350.336950370558,"SHAPE_Area":280468.89751010993},"geometry":{"type":"Polygon","coordinates":[[[31.6686905136,30.0731150525],[31.6686882821,30.0720754594],[31.6755682473,30.0720665734],[31.6755224124,30.0777625211],[31.6729291076,30.0778170443],[31.6714152086,30.0749258641],[31.6686905136,30.0731150525]]]}},
{"type":"Feature","properties":{"نمط_العمران":"اسكان مخطط اقتصادى","اسم_المحور":"2","نوع_طبيعة_المنطقة":null,"مساحة_التغير_كم2":null,"نسبة_المساحه":null,"مساحة_التغير_بالمتر":null,"اسم_القطاع":"10","وصف_الاستخدام":null,"SHAPE_Length":661.55067283806102,"SHAPE_Area":18567.110147070282},"geometry":{"type":"Polygon","coordinates":[[[31.6620467516,30.067926985],[31.6608064821,30.0687979934],[31.6605449071,30.0677541418],[31.6613141399,30.0673578341],[31.6628330169,30.0674349431],[31.6627708074,30.0679617519],[31.6620467516,30.067926985]]]}},
{"type":"Feature","properties":{"نمط_العمران":"كمبوند","اسم_المحور":"2","نوع_طبيعة_المنطقة":null,"مساحة_التغير_كم2":null,"نسبة_المساحه":null,"مساحة_التغير_بالمتر":null,"اسم_القطاع":"10","وصف_الاستخدام":null,"SHAPE_Length":912.78382026118982,"SHAPE_Area":40045.163423570462},"geometry":{"type":"Polygon","coordinates":[[[31.683967362,30.0694292088],[31.6833511514,30.0701696788],[31.6817587257,30.0696947762],[31.6819808688,30.0689777597],[31.6814428993,30.0682575018],[31.6836160338,30.0680077561],[31.683967362,30.0694292088]]]}},
{"type":"Feature","properties":{"نمط_العمران":"اسكان اجتماعى شباب","اسم_المحور":"2","نوع_طبيعة_المنطقة":null,"مساحة_التغير_كم2":null,"نسبة_المساحه":null,"مساحة_التغير_بالمتر":null,"اسم_القطاع":"10","وصف_الاستخدام":null,"SHAPE_Length":3407.0209310167411,"SHAPE_Area":638404.15866210684},"geometry":{"type":"Polygon","coordinates":[[[31.6851374143,30.0875411725],[31.6833890852,30.0903376691],[31.6828750767,30.0936360794],[31.6799974426,30.0937208966],[31.6740400524,30.0918857884],[31.6747033145,30.0908684865],[31.6747285439,30.0877390736],[31.6779172524,30.0874548456],[31.6815778435,30.0855841137],[31.6839005088,30.0849018779],[31.6842005399,30.0872043505],[31.6851374143,30.0875411725]]]}},
{"type":"Feature","properties":{"نمط_العمران":"صناعي","اسم_المحور":"2","نوع_طبيعة_المنطقة":null,"مساحة_التغير_كم2":null,"نسبة_المساحه":null,"مساحة_التغير_بالمتر":null,"اسم_القطاع":"10","وصف_الاستخدام":null,"SHAPE_Length":2369.687187818477,"SHAPE_Area":294926.15987615567},"geometry":{"type":"Polygon","coordinates":[[[31.6870599406,30.0972815607],[31.6865266324,30.1021741556],[31.6797190739,30.1033601619],[31.6795485092,30.1026268011],[31.6813736088,30.1009727987],[31.6834015313,30.0971852853],[31.6870599406,30.0972815607]]]}},
{"type":"Feature","properties":{"نمط_العمران":"صناعي","اسم_المحور":"2","نوع_طبيعة_المنطقة":null,"مساحة_التغير_كم2":null,"نسبة_المساحه":null,"مساحة_التغير_بالمتر":null,"اسم_القطاع":"10","وصف_الاستخدام":null,"SHAPE_Length":5914.3031457296602,"SHAPE_Area":681584.24315749155},"geometry":{"type":"Polygon","coordinates":[[[31.6887691997,30.0848198977],[31.6887248605,30.079070776],[31.6989088742,30.079171993],[31.6989486145,30.0876125092],[31.6896722847,30.0876984475],[31.6896701449,30.0848550152],[31.6887691997,30.0848198977]],[[31.6913261319,30.0832526371],[31.6972933587,30.0832808478],[31.6973694048,30.0802050081],[31.6909715789,30.0803278977],[31.6894143661,30.0818972869],[31.6900521623,30.0823076425],[31.6912320392,30.0822572448],[31.6913261319,30.0832526371]]]}},
{"type":"Feature","properties":{"نمط_العمران":"كمبوند","اسم_المحور":"2","نوع_طبيعة_المنطقة":null,"مساحة_التغير_كم2":null,"نسبة_المساحه":null,"مساحة_التغير_بالمتر":null,"اسم_القطاع":"10","وصف_الاستخدام":null,"SHAPE_Length":3840.8987700015023,"SHAPE_Area":532724.24735946138},"geometry":{"type":"Polygon","coordinates":[[[31.7054060714,30.0876141268],[31.705375256,30.08997934],[31.7043742598,30.0918067678],[31.7018755012,30.0930452429],[31.7001383587,30.0905706892],[31.6993158454,30.0908611096],[31.6987961318,30.0902129114],[31.6971246928,30.0907934682],[31.6959447167,30.0921597307],[31.6943246837,30.0908345721],[31.6938190332,30.091128106],[31.6904440954,30.0876913219],[31.7054060714,30.0876141268]]]}},
{"type":"Feature","properties":{"نمط_العمران":"كمبوند","اسم_المحور":"2","نوع_طبيعة_المنطقة":null,"مساحة_التغير_كم2":null,"نسبة_المساحه":null,"مساحة_التغير_بالمتر":null,"اسم_القطاع":"10","وصف_الاستخدام":null,"SHAPE_Length":3118.5065645093887,"SHAPE_Area":410500.21968646359},"geometry":{"type":"Polygon","coordinates":[[[31.7079465348,30.0938170376],[31.7072893221,30.0967531149],[31.7102824256,30.0982538036],[31.7104165349,30.1038172401],[31.7026411518,30.0987527189],[31.706760684,30.0929800235],[31.7079465348,30.0938170376]]]}},
{"type":"Feature","properties":{"نمط_العمران":"خدمات ","اسم_المحور":"2","نوع_طبيعة_المنطقة":null,"مساحة_التغير_كم2":null,"نسبة_المساحه":null,"مساحة_التغير_بالمتر":null,"اسم_القطاع":"10","وصف_الاستخدام":null,"SHAPE_Length":407.05282832952804,"SHAPE_Area":10340.352005513252},"geometry":{"type":"Polygon","coordinates":[[[31.7101983019,30.1071007505],[31.7090984509,30.1071781389],[31.7090935862,30.1062520929],[31.7100918169,30.1061884082],[31.7101983019,30.1071007505]]]}},
{"type":"Feature","properties":{"نمط_العمران":"اسكان مخطط اقتصادى","اسم_المحور":"2","نوع_طبيعة_المنطقة":null,"مساحة_التغير_كم2":null,"نسبة_المساحه":null,"مساحة_التغير_بالمتر":null,"اسم_القطاع":"10","وصف_الاستخدام":null,"SHAPE_Length":1557.9470372404382,"SHAPE_Area":111179.75798319092},"geometry":{"type":"Polygon","coordinates":[[[31.7295188826,30.1299209035],[31.7304391381,30.1289076548],[31.7286728654,30.1275728805],[31.7293334632,30.1270496177],[31.7304332208,30.1270473375],[31.7330042362,30.1282089985],[31.7321353441,30.1316710271],[31.7295188826,30.1299209035]]]}},
{"type":"Feature","properties":{"نمط_العمران":"اسكان مخطط اقتصادى","اسم_المحور":"2","نوع_طبيعة_المنطقة":null,"مساحة_التغير_كم2":null,"نسبة_المساحه":null,"مساحة_التغير_بالمتر":null,"اسم_القطاع":"10","وصف_الاستخدام":null,"SHAPE_Length":1456.0935748896766,"SHAPE_Area":44458.83563965495},"geometry":{"type":"Polygon","coordinates":[[[31.732580407,30.1298977442],[31.7340160136,30.1304438371],[31.7342130772,30.1299083283],[31.7335305532,30.129728122],[31.7336702393,30.1292168639],[31.7347598024,30.1295498144],[31.7364736478,30.1294092302],[31.7364984932,30.1296988431],[31.7349827773,30.1299653543],[31.7353840525,30.1313168756],[31.7323460937,30.1308313284],[31.732580407,30.1298977442]]]}},
{"type":"Feature","properties":{"نمط_العمران":"اسكان مخطط اقتصادى","اسم_المحور":"2","نوع_طبيعة_المنطقة":null,"مساحة_التغير_كم2":null,"نسبة_المساحه":null,"مساحة_التغير_بالمتر":null,"اسم_القطاع":"10","وصف_الاستخدام":null,"SHAPE_Length":226.20350503120466,"SHAPE_Area":3053.1737604807477},"geometry":{"type":"Polygon","coordinates":[[[31.7346549392,30.1283155739],[31.7346316191,30.1287122053],[31.7339272701,30.1287104755],[31.7339368025,30.1283033597],[31.7346549392,30.1283155739]]]}},
{"type":"Feature","properties":{"نمط_العمران":"صناعي","اسم_المحور":"2","نوع_طبيعة_المنطقة":null,"مساحة_التغير_كم2":null,"نسبة_المساحه":null,"مساحة_التغير_بالمتر":null,"اسم_القطاع":"10","وصف_الاستخدام":null,"SHAPE_Length":503.97573064155591,"SHAPE_Area":12318.80048144713},"geometry":{"type":"Polygon","coordinates":[[[31.7382413159,30.1332625034],[31.7372795838,30.1333442055],[31.7374215329,30.1319069662],[31.7380976186,30.1318473235],[31.7382413159,30.1332625034]]]}},
{"type":"Feature","properties":{"نمط_العمران":"خدمات ","اسم_المحور":"2","نوع_طبيعة_المنطقة":null,"مساحة_التغير_كم2":null,"نسبة_المساحه":null,"مساحة_التغير_بالمتر":null,"اسم_القطاع":"10","وصف_الاستخدام":null,"SHAPE_Length":727.86998810877242,"SHAPE_Area":23784.641343557007},"geometry":{"type":"Polygon","coordinates":[[[31.7362247051,30.1357474762],[31.7344324918,30.1358716999],[31.734382358,30.1341012561],[31.7349102676,30.1340697954],[31.734955939,30.1347845753],[31.7360472437,30.1346575101],[31.7362247051,30.1357474762]]]}},
{"type":"Feature","properties":{"نمط_العمران":"اسكان اجتماعى شباب","اسم_المحور":"2","نوع_طبيعة_المنطقة":null,"مساحة_التغير_كم2":null,"نسبة_المساحه":null,"مساحة_التغير_بالمتر":null,"اسم_القطاع":"10","وصف_الاستخدام":null,"SHAPE_Length":2500.1464546203665,"SHAPE_Area":327604.06730922661},"geometry":{"type":"Polygon","coordinates":[[[31.7712913173,30.1338614166],[31.7721433174,30.1342765595],[31.7735088075,30.1376455098],[31.7759367637,30.1398732291],[31.7736054857,30.1425085058],[31.7682108536,30.1391491313],[31.7712913173,30.1338614166]]]}},
{"type":"Feature","properties":{"نمط_العمران":"اسكان اجتماعى شباب","اسم_المحور":"2","نوع_طبيعة_المنطقة":null,"مساحة_التغير_كم2":null,"نسبة_المساحه":null,"مساحة_التغير_بالمتر":null,"اسم_القطاع":"10","وصف_الاستخدام":null,"SHAPE_Length":3105.3565239916261,"SHAPE_Area":395001.2111733465},"geometry":{"type":"Polygon","coordinates":[[[31.7996535078,30.1173253412],[31.7983305011,30.1175007233],[31.7984519376,30.1186032889],[31.7971567178,30.1187086077],[31.7972781432,30.1198111748],[31.7933149839,30.1198451227],[31.7932936148,30.1216025642],[31.7921393366,30.1216139241],[31.7926941394,30.1154804723],[31.7937195021,30.1153961542],[31.7935462085,30.1141290611],[31.7980019536,30.1134668608],[31.7981213971,30.1147334555],[31.7993090349,30.1146037069],[31.7996535078,30.1173253412]]]}},
{"type":"Feature","properties":{"نمط_العمران":"اسكان اجتماعى شباب","اسم_المحور":"2","نوع_طبيعة_المنطقة":null,"مساحة_التغير_كم2":null,"نسبة_المساحه":null,"مساحة_التغير_بالمتر":null,"اسم_القطاع":"10","وصف_الاستخدام":null,"SHAPE_Length":1834.7489987975252,"SHAPE_Area":199403.39076045359},"geometry":{"type":"Polygon","coordinates":[[[31.7982831534,30.1113471398],[31.7940128984,30.1121029246],[31.7938028684,30.1109311073],[31.7932496158,30.111031015],[31.7935482638,30.1077490795],[31.7956035942,30.1075429631],[31.7985186402,30.1089945222],[31.7991269062,30.1100499834],[31.7981044846,30.1104305941],[31.7982831534,30.1113471398]]]}},
{"type":"Feature","properties":{"نمط_العمران":"اسكان اجتماعى شباب","اسم_المحور":"2","نوع_طبيعة_المنطقة":null,"مساحة_التغير_كم2":null,"نسبة_المساحه":null,"مساحة_التغير_بالمتر":null,"اسم_القطاع":"10","وصف_الاستخدام":null,"SHAPE_Length":1543.9430778908484,"SHAPE_Area":126481.28105164667},"geometry":{"type":"Polygon","coordinates":[[[31.7678806051,30.145188072],[31.7695339086,30.1435112508],[31.7740048364,30.1465309696],[31.7722193297,30.1479692784],[31.7678806051,30.145188072]]]}},
{"type":"Feature","properties":{"نمط_العمران":"حكومي","اسم_المحور":"2","نوع_طبيعة_المنطقة":null,"مساحة_التغير_كم2":null,"نسبة_المساحه":null,"مساحة_التغير_بالمتر":null,"اسم_القطاع":"10","وصف_الاستخدام":null,"SHAPE_Length":2750.0447298856016,"SHAPE_Area":390361.54335829272},"geometry":{"type":"Polygon","coordinates":[[[31.7820032572,30.1621529332],[31.7885290418,30.1585865928],[31.7910819036,30.1628064205],[31.7862833953,30.1648070501],[31.7870481364,30.1664591656],[31.7861205525,30.1667916322],[31.7846271528,30.1661960227],[31.7820032572,30.1621529332]]]}},
{"type":"Feature","properties":{"نمط_العمران":"صناعي","اسم_المحور":"2","نوع_طبيعة_المنطقة":null,"مساحة_التغير_كم2":null,"نسبة_المساحه":null,"مساحة_التغير_بالمتر":null,"اسم_القطاع":"10","وصف_الاستخدام":null,"SHAPE_Length":857.2834627907165,"SHAPE_Area":44988.038755631358},"geometry":{"type":"Polygon","coordinates":[[[31.8123728361,30.1133612186],[31.8098774854,30.1139108563],[31.8096300671,30.1122455882],[31.8119814139,30.1116946546],[31.8123728361,30.1133612186]]]}},
{"type":"Feature","properties":{"نمط_العمران":"صناعي","اسم_المحور":"2","نوع_طبيعة_المنطقة":null,"مساحة_التغير_كم2":null,"نسبة_المساحه":null,"مساحة_التغير_بالمتر":null,"اسم_القطاع":"10","وصف_الاستخدام":null,"SHAPE_Length":768.80573601140429,"SHAPE_Area":36848.977639977042},"geometry":{"type":"Polygon","coordinates":[[[31.8188266087,30.1120246228],[31.8168893191,30.1123274064],[31.8166022004,30.110556157],[31.8184160063,30.1102327284],[31.8188266087,30.1120246228]]]}},
{"type":"Feature","properties":{"نمط_العمران":"صناعي","اسم_المحور":"2","نوع_طبيعة_المنطقة":null,"مساحة_التغير_كم2":null,"نسبة_المساحه":null,"مساحة_التغير_بالمتر":null,"اسم_القطاع":"10","وصف_الاستخدام":null,"SHAPE_Length":871.47874536163511,"SHAPE_Area":47214.788148396874},"geometry":{"type":"Polygon","coordinates":[[[31.8224760902,30.1112705837],[31.8200667178,30.1115171943],[31.8197167305,30.1098152556],[31.8220054269,30.1093351048],[31.8224760902,30.1112705837]]]}},
{"type":"Feature","properties":{"نمط_العمران":"صناعي","اسم_المحور":"2","نوع_طبيعة_المنطقة":null,"مساحة_التغير_كم2":null,"نسبة_المساحه":null,"مساحة_التغير_بالمتر":null,"اسم_القطاع":"10","وصف_الاستخدام":null,"SHAPE_Length":406.64037121644805,"SHAPE_Area":10296.690951016446},"geometry":{"type":"Polygon","coordinates":[[[31.8583573738,30.1148562361],[31.8573600756,30.114889233],[31.8573903744,30.1139227887],[31.8584256153,30.1139234577],[31.8583573738,30.1148562361]]]}},
{"type":"Feature","properties":{"نمط_العمران":"صناعي","اسم_المحور":"2","نوع_طبيعة_المنطقة":null,"مساحة_التغير_كم2":null,"نسبة_المساحه":null,"مساحة_التغير_بالمتر":null,"اسم_القطاع":"10","وصف_الاستخدام":null,"SHAPE_Length":1500.552475259936,"SHAPE_Area":70826.509981830517},"geometry":{"type":"Polygon","coordinates":[[[31.8633626501,30.1161523406],[31.8622403493,30.1160612364],[31.8625619505,30.1125034897],[31.8615318931,30.1125352569],[31.861522024,30.1113551091],[31.863723908,30.1111707175],[31.8633626501,30.1161523406]]]}},
{"type":"Feature","properties":{"نمط_العمران":"صناعي","اسم_المحور":"2","نوع_طبيعة_المنطقة":null,"مساحة_التغير_كم2":null,"نسبة_المساحه":null,"مساحة_التغير_بالمتر":null,"اسم_القطاع":"10","وصف_الاستخدام":null,"SHAPE_Length":2558.2422986926649,"SHAPE_Area":286544.38831424067},"geometry":{"type":"Polygon","coordinates":[[[31.8637239049,30.1111707184],[31.8679189168,30.1106372557],[31.8679096377,30.111451013],[31.870626537,30.1112505971],[31.8705843905,30.1128982562],[31.8679177257,30.1127939135],[31.867619947,30.1163315364],[31.863362647,30.1161523406],[31.8637239049,30.1111707184]]]}},
{"type":"Feature","properties":{"نمط_العمران":"اسكان مخطط اقتصادى","اسم_المحور":"2","نوع_طبيعة_المنطقة":null,"مساحة_التغير_كم2":null,"نسبة_المساحه":null,"مساحة_التغير_بالمتر":null,"اسم_القطاع":"10","وصف_الاستخدام":null,"SHAPE_Length":7552.9219566972288,"SHAPE_Area":1912461.9818624312},"geometry":{"type":"Polygon","coordinates":[[[31.7798876996,30.0390135094],[31.7864791208,30.0610244181],[31.7864624468,30.0623912466],[31.7848705695,30.0670497101],[31.7792719935,30.0646135744],[31.7802439522,30.0628423431],[31.7804057121,30.0615722342],[31.7758743785,30.0466840737],[31.7753368847,30.0458207314],[31.7715586655,30.0440370296],[31.7741844694,30.0391729065],[31.7798876996,30.0390135094]]]}},
{"type":"Feature","properties":{"نمط_العمران":"صناعي","اسم_المحور":"2","نوع_طبيعة_المنطقة":null,"مساحة_التغير_كم2":null,"نسبة_المساحه":null,"مساحة_التغير_بالمتر":null,"اسم_القطاع":"10","وصف_الاستخدام":null,"SHAPE_Length":1700.7478441256449,"SHAPE_Area":161211.68256748715},"geometry":{"type":"Polygon","coordinates":[[[31.7722288583,30.0430259999],[31.7709198899,30.0425025848],[31.7703722917,30.0432909512],[31.7669954048,30.0421606649],[31.7684015146,30.0393342762],[31.7733338746,30.0408268854],[31.7722288583,30.0430259999]]]}},
{"type":"Feature","properties":{"نمط_العمران":"كمبوند","اسم_المحور":"2","نوع_طبيعة_المنطقة":null,"مساحة_التغير_كم2":null,"نسبة_المساحه":null,"مساحة_التغير_بالمتر":null,"اسم_القطاع":"10","وصف_الاستخدام":null,"SHAPE_Length":2582.1536089905017,"SHAPE_Area":296132.47954772075},"geometry":{"type":"Polygon","coordinates":[[[31.8882043941,30.1130689373],[31.8840232365,30.1165329851],[31.882218421,30.1188574208],[31.8787768414,30.1168952179],[31.8804066531,30.1155662895],[31.8821006652,30.1147668809],[31.8847656301,30.1108627624],[31.8882043941,30.1130689373]]]}},
{"type":"Feature","properties":{"نمط_العمران":"اسكان مخطط اقتصادى","اسم_المحور":"2","نوع_طبيعة_المنطقة":null,"مساحة_التغير_كم2":null,"نسبة_المساحه":null,"مساحة_التغير_بالمتر":null,"اسم_القطاع":"10","وصف_الاستخدام":null,"SHAPE_Length":4583.1673020531734,"SHAPE_Area":857245.26233749662},"geometry":{"type":"Polygon","coordinates":[[[31.9066458965,30.120732712],[31.9036914912,30.1233467056],[31.9009412928,30.1207168836],[31.8941411479,30.1205644228],[31.8913671395,30.1200959651],[31.8884000048,30.1205477437],[31.8892361109,30.1177254536],[31.8914274957,30.1146920708],[31.8975134593,30.1165553674],[31.9058448346,30.1171019024],[31.9066458965,30.120732712]]]}},
{"type":"Feature","properties":{"نمط_العمران":"كمبوند","اسم_المحور":"2","نوع_طبيعة_المنطقة":null,"مساحة_التغير_كم2":null,"نسبة_المساحه":null,"مساحة_التغير_بالمتر":null,"اسم_القطاع":"10","وصف_الاستخدام":null,"SHAPE_Length":3933.0632433330893,"SHAPE_Area":943452.05086102919},"geometry":{"type":"Polygon","coordinates":[[[31.9298055725,30.106108966],[31.9318990543,30.1120391064],[31.9292159059,30.1133206831],[31.9295763976,30.1138004836],[31.9273233561,30.1158802955],[31.9223599576,30.111611488],[31.9218956905,30.1105903724],[31.9218926302,30.1041368105],[31.9295435833,30.1032774432],[31.9298055725,30.106108966]]]}},
{"type":"Feature","properties":{"نمط_العمران":"اسكان اجتماعى شباب","اسم_المحور":"2","نوع_طبيعة_المنطقة":null,"مساحة_التغير_كم2":null,"نسبة_المساحه":null,"مساحة_التغير_بالمتر":null,"اسم_القطاع":"10","وصف_الاستخدام":null,"SHAPE_Length":2777.784634315422,"SHAPE_Area":358273.12810586562},"geometry":{"type":"Polygon","coordinates":[[[32.4921707574,29.9679324326],[32.4870127006,29.9766345953],[32.4838747968,29.9752188183],[32.4885923798,29.9672184194],[32.4921707574,29.9679324326]]]}},
{"type":"Feature","properties":{"نمط_العمران":"صناعي","اسم_المحور":"2","نوع_طبيعة_المنطقة":null,"مساحة_التغير_كم2":null,"نسبة_المساحه":null,"مساحة_التغير_بالمتر":null,"اسم_القطاع":"10","وصف_الاستخدام":null,"SHAPE_Length":565.09736582736048,"SHAPE_Area":19641.559458255451},"geometry":{"type":"Polygon","coordinates":[[[31.772275446,30.1665217824],[31.7717751154,30.1675832223],[31.7702654724,30.1670987333],[31.7706752248,30.1660678059],[31.772275446,30.1665217824]]]}},
{"type":"Feature","properties":{"نمط_العمران":"خدمات ","اسم_المحور":"2","نوع_طبيعة_المنطقة":null,"مساحة_التغير_كم2":null,"نسبة_المساحه":null,"مساحة_التغير_بالمتر":null,"اسم_القطاع":"10","وصف_الاستخدام":null,"SHAPE_Length":1504.0259335279131,"SHAPE_Area":112853.78249025435},"geometry":{"type":"Polygon","coordinates":[[[31.720868656,30.1519844202],[31.7254356876,30.1546387599],[31.7242582475,30.1564111444],[31.7196645457,30.1533396451],[31.720868656,30.1519844202]]]}},
{"type":"Feature","properties":{"نمط_العمران":"اسكان اجتماعى شباب","اسم_المحور":"2","نوع_طبيعة_المنطقة":null,"مساحة_التغير_كم2":null,"نسبة_المساحه":null,"مساحة_التغير_بالمتر":null,"اسم_القطاع":"10","وصف_الاستخدام":null,"SHAPE_Length":2894.0898217732224,"SHAPE_Area":492547.90000103303},"geometry":{"type":"Polygon","coordinates":[[[31.7335763102,30.1524477249],[31.7322827694,30.1534229574],[31.7238415328,30.1486351149],[31.726171244,30.1459892769],[31.7326235507,30.1456076911],[31.7335763102,30.1524477249]]]}},
{"type":"Feature","properties":{"نمط_العمران":"خدمات ","اسم_المحور":"2","نوع_طبيعة_المنطقة":null,"مساحة_التغير_كم2":null,"نسبة_المساحه":null,"مساحة_التغير_بالمتر":null,"اسم_القطاع":"10","وصف_الاستخدام":null,"SHAPE_Length":428.11431063225416,"SHAPE_Area":11539.864761087265},"geometry":{"type":"Polygon","coordinates":[[[31.6709583301,30.1230922288],[31.6704106288,30.1236412244],[31.6693295064,30.1232664345],[31.6695121332,30.122566086],[31.6709583301,30.1230922288]]]}},
{"type":"Feature","properties":{"نمط_العمران":"اسكان مخطط اقتصادى","اسم_المحور":"2","نوع_طبيعة_المنطقة":null,"مساحة_التغير_كم2":null,"نسبة_المساحه":null,"مساحة_التغير_بالمتر":null,"اسم_القطاع":"10","وصف_الاستخدام":null,"SHAPE_Length":2437.362427384051,"SHAPE_Area":195254.71689726858},"geometry":{"type":"Polygon","coordinates":[[[31.6695511693,30.1302079543],[31.6719444529,30.1291145477],[31.6744904285,30.1294196861],[31.6730031936,30.1349518069],[31.6692542094,30.1343576329],[31.669443921,30.1334107616],[31.6720101773,30.1338092922],[31.6723261119,30.1326203412],[31.6703149044,30.1322772141],[31.6695511693,30.1302079543]]]}},
{"type":"Feature","properties":{"نمط_العمران":"اسكان مخطط اقتصادى","اسم_المحور":"2","نوع_طبيعة_المنطقة":null,"مساحة_التغير_كم2":null,"نسبة_المساحه":null,"مساحة_التغير_بالمتر":null,"اسم_القطاع":"10","وصف_الاستخدام":null,"SHAPE_Length":4282.391174679231,"SHAPE_Area":908459.42752592755},"geometry":{"type":"Polygon","coordinates":[[[31.6869508998,30.1237854387],[31.6868823344,30.1250641667],[31.6822888818,30.1306969386],[31.6843716553,30.13201011],[31.6808633173,30.1362561922],[31.6784527552,30.134700894],[31.6756100441,30.1344394045],[31.6769652508,30.125721511],[31.6777087309,30.125205106],[31.6842587621,30.1236119062],[31.6869508998,30.1237854387]]]}},
{"type":"Feature","properties":{"نمط_العمران":"حكومي","اسم_المحور":"2","نوع_طبيعة_المنطقة":null,"مساحة_التغير_كم2":null,"نسبة_المساحه":null,"مساحة_التغير_بالمتر":null,"اسم_القطاع":"10","وصف_الاستخدام":null,"SHAPE_Length":320.47215384920025,"SHAPE_Area":5962.5576228578602},"geometry":{"type":"Polygon","coordinates":[[[31.6899662393,30.1412923097],[31.6898412512,30.1418048011],[31.6888091898,30.1416275323],[31.6889343568,30.1411021982],[31.6899662393,30.1412923097]]]}},
{"type":"Feature","properties":{"نمط_العمران":"تعليمي","اسم_المحور":"2","نوع_طبيعة_المنطقة":null,"مساحة_التغير_كم2":null,"نسبة_المساحه":null,"مساحة_التغير_بالمتر":null,"اسم_القطاع":"10","وصف_الاستخدام":null,"SHAPE_Length":520.43074013429111,"SHAPE_Area":16660.921146706878},"geometry":{"type":"Polygon","coordinates":[[[31.6969818948,30.118691913],[31.6963050265,30.1196538215],[31.6951111415,30.1191949069],[31.6954669065,30.1182111867],[31.6969818948,30.118691913]]]}},
{"type":"Feature","properties":{"نمط_العمران":"تعليمي","اسم_المحور":"2","نوع_طبيعة_المنطقة":null,"مساحة_التغير_كم2":null,"نسبة_المساحه":null,"مساحة_التغير_بالمتر":null,"اسم_القطاع":"10","وصف_الاستخدام":null,"SHAPE_Length":639.54421957088107,"SHAPE_Area":19314.640766540189},"geometry":{"type":"Polygon","coordinates":[[[31.6946765638,30.1333044641],[31.6944042292,30.1339884358],[31.6921040181,30.133355159],[31.6922628782,30.1326242816],[31.6946765638,30.1333044641]]]}},
{"type":"Feature","properties":{"نمط_العمران":"خدمات ","اسم_المحور":"2","نوع_طبيعة_المنطقة":null,"مساحة_التغير_كم2":null,"نسبة_المساحه":null,"مساحة_التغير_بالمتر":null,"اسم_القطاع":"10","وصف_الاستخدام":null,"SHAPE_Length":617.75363699629645,"SHAPE_Area":23188.452216965263},"geometry":{"type":"Polygon","coordinates":[[[31.6918265321,30.1240779399],[31.6915357686,30.1251481686],[31.6897263916,30.1249227328],[31.6899758792,30.1237076225],[31.6918265321,30.1240779399]]]}},
{"type":"Feature","properties":{"نمط_العمران":"خدمات ","اسم_المحور":"2","نوع_طبيعة_المنطقة":null,"مساحة_التغير_كم2":null,"نسبة_المساحه":null,"مساحة_التغير_بالمتر":null,"اسم_القطاع":"10","وصف_الاستخدام":null,"SHAPE_Length":787.67203058600899,"SHAPE_Area":36822.789648646532},"geometry":{"type":"Polygon","coordinates":[[[31.7050452528,30.1115315501],[31.705694186,30.1122413206],[31.7035852627,30.1130788736],[31.7026971859,30.1128316727],[31.7026870535,30.1115082759],[31.7050452528,30.1115315501]]]}},
{"type":"Feature","properties":{"نمط_العمران":"خدمات ","اسم_المحور":"2","نوع_طبيعة_المنطقة":null,"مساحة_التغير_كم2":null,"نسبة_المساحه":null,"مساحة_التغير_بالمتر":null,"اسم_القطاع":"10","وصف_الاستخدام":null,"SHAPE_Length":689.47099676218636,"SHAPE_Area":24183.580439926995},"geometry":{"type":"Polygon","coordinates":[[[31.6923719984,30.1233039552],[31.6935028854,30.1218830002],[31.6940876451,30.1220719805],[31.6936719745,30.124141995],[31.6926344302,30.123992204],[31.6927416436,30.1233997598],[31.6923719984,30.1233039552]]]}},
{"type":"Feature","properties":{"نمط_العمران":"اسكان مخطط اقتصادى","اسم_المحور":"2","نوع_طبيعة_المنطقة":null,"مساحة_التغير_كم2":null,"نسبة_المساحه":null,"مساحة_التغير_بالمتر":null,"اسم_القطاع":"10","وصف_الاستخدام":null,"SHAPE_Length":924.51931625153622,"SHAPE_Area":53383.565618803012},"geometry":{"type":"Polygon","coordinates":[[[31.6939274395,30.1138236901],[31.696268854,30.1142515069],[31.695663509,30.1162945141],[31.6933340377,30.115833394],[31.6939274395,30.1138236901]]]}},
{"type":"Feature","properties":{"نمط_العمران":"كمبوند","اسم_المحور":"2","نوع_طبيعة_المنطقة":null,"مساحة_التغير_كم2":null,"نسبة_المساحه":null,"مساحة_التغير_بالمتر":null,"اسم_القطاع":"10","وصف_الاستخدام":null,"SHAPE_Length":2184.1947646458193,"SHAPE_Area":214838.0707499969},"geometry":{"type":"Polygon","coordinates":[[[31.6886462925,30.1375262967],[31.6852688459,30.1368969329],[31.6848346335,30.1383448819],[31.6810230554,30.1360448762],[31.6834345424,30.133110989],[31.6862081657,30.1350921428],[31.6891479293,30.1357772128],[31.6886462925,30.1375262967]]]}},
{"type":"Feature","properties":{"نمط_العمران":"صناعي","اسم_المحور":"2","نوع_طبيعة_المنطقة":null,"مساحة_التغير_كم2":null,"نسبة_المساحه":null,"مساحة_التغير_بالمتر":null,"اسم_القطاع":"10","وصف_الاستخدام":null,"SHAPE_Length":856.51657845992293,"SHAPE_Area":42118.530426065656},"geometry":{"type":"Polygon","coordinates":[[[31.7152704041,30.1406359346],[31.7181332716,30.1404566623],[31.7185033288,30.1406903939],[31.7168275962,30.1425508379],[31.7155409685,30.1416385402],[31.7152704041,30.1406359346]]]}},
{"type":"Feature","properties":{"نمط_العمران":"تعليمي","اسم_المحور":"2","نوع_طبيعة_المنطقة":null,"مساحة_التغير_كم2":null,"نسبة_المساحه":null,"مساحة_التغير_بالمتر":null,"اسم_القطاع":"10","وصف_الاستخدام":null,"SHAPE_Length":1043.7313723132966,"SHAPE_Area":64075.247490379952},"geometry":{"type":"Polygon","coordinates":[[[31.7029322852,30.1154290445],[31.7038798602,30.117747741],[31.701953925,30.1188418693],[31.7006564222,30.1185440351],[31.7020089962,30.1160201609],[31.7029322852,30.1154290445]]]}},
{"type":"Feature","properties":{"نمط_العمران":"صناعي","اسم_المحور":"2","نوع_طبيعة_المنطقة":null,"مساحة_التغير_كم2":null,"نسبة_المساحه":null,"مساحة_التغير_بالمتر":null,"اسم_القطاع":"10","وصف_الاستخدام":null,"SHAPE_Length":443.38594575424389,"SHAPE_Area":5768.1348871424079},"geometry":{"type":"Polygon","coordinates":[[[31.6598770068,30.1672749089],[31.6594602099,30.1671205902],[31.6598306949,30.1663065098],[31.660300937,30.1664946792],[31.6607608369,30.1660776353],[31.6602557854,30.1665817229],[31.6598770068,30.1672749089]]]}},
{"type":"Feature","properties":{"نمط_العمران":"صناعي","اسم_المحور":"2","نوع_طبيعة_المنطقة":null,"مساحة_التغير_كم2":null,"نسبة_المساحه":null,"مساحة_التغير_بالمتر":null,"اسم_القطاع":"10","وصف_الاستخدام":null,"SHAPE_Length":382.71809946002634,"SHAPE_Area":7930.601489116928},"geometry":{"type":"Polygon","coordinates":[[[31.6660904866,30.1657908125],[31.6660264869,30.1663285559],[31.6647325155,30.1661797662],[31.664811981,30.1655476508],[31.6660904866,30.1657908125]]]}},
{"type":"Feature","properties":{"نمط_العمران":"قوات  مسلحة","اسم_المحور":"2","نوع_طبيعة_المنطقة":null,"مساحة_التغير_كم2":null,"نسبة_المساحه":null,"مساحة_التغير_بالمتر":null,"اسم_القطاع":"10","وصف_الاستخدام":null,"SHAPE_Length":536.18941438208878,"SHAPE_Area":14533.634034025165},"geometry":{"type":"Polygon","coordinates":[[[31.6630691289,30.1693538479],[31.6621213775,30.1689981498],[31.6630914054,30.1677033989],[31.6637554128,30.1679486468],[31.6630691289,30.1693538479]]]}},
{"type":"Feature","properties":{"نمط_العمران":"صناعي","اسم_المحور":"2","نوع_طبيعة_المنطقة":null,"مساحة_التغير_كم2":null,"نسبة_المساحه":null,"مساحة_التغير_بالمتر":null,"اسم_القطاع":"10","وصف_الاستخدام":null,"SHAPE_Length":654.79748189682368,"SHAPE_Area":17052.056690823003},"geometry":{"type":"Polygon","coordinates":[[[31.6694336628,30.1662028698],[31.6666783392,30.166392723],[31.666666173,30.1658911911],[31.669357093,30.1655650611],[31.6694336628,30.1662028698]]]}},
{"type":"Feature","properties":{"نمط_العمران":"صناعي","اسم_المحور":"2","نوع_طبيعة_المنطقة":null,"مساحة_التغير_كم2":null,"نسبة_المساحه":null,"مساحة_التغير_بالمتر":null,"اسم_القطاع":"10","وصف_الاستخدام":null,"SHAPE_Length":716.42982874587301,"SHAPE_Area":25767.890210291298},"geometry":{"type":"Polygon","coordinates":[[[31.6896672945,30.1422217167],[31.6889039621,30.144518261],[31.6880346654,30.1443233441],[31.6886914622,30.1419992974],[31.6896672945,30.1422217167]]]}},
{"type":"Feature","properties":{"نمط_العمران":"صناعي","اسم_المحور":"2","نوع_طبيعة_المنطقة":null,"مساحة_التغير_كم2":null,"نسبة_المساحه":null,"مساحة_التغير_بالمتر":null,"اسم_القطاع":"10","وصف_الاستخدام":null,"SHAPE_Length":807.79273355137707,"SHAPE_Area":28065.528780856228},"geometry":{"type":"Polygon","coordinates":[[[31.6633043681,30.1662479348],[31.6627301013,30.1666338048],[31.6613193207,30.1660286232],[31.662171488,30.1647658212],[31.6637492342,30.1650451895],[31.6634592593,30.1657229339],[31.6627900612,30.1660243558],[31.6633043681,30.1662479348]]]}},
{"type":"Feature","properties":{"نمط_العمران":"صناعي","اسم_المحور":"2","نوع_طبيعة_المنطقة":null,"مساحة_التغير_كم2":null,"نسبة_المساحه":null,"مساحة_التغير_بالمتر":null,"اسم_القطاع":"10","وصف_الاستخدام":null,"SHAPE_Length":709.34825325565373,"SHAPE_Area":29648.530543545348},"geometry":{"type":"Polygon","coordinates":[[[31.6699354727,30.1675002889],[31.6702170859,30.1684456768],[31.6677309324,30.1688588429],[31.6676115449,30.167732433],[31.6699354727,30.1675002889]]]}},
{"type":"Feature","properties":{"نمط_العمران":"كمبوند","اسم_المحور":"2","نوع_طبيعة_المنطقة":null,"مساحة_التغير_كم2":null,"نسبة_المساحه":null,"مساحة_التغير_بالمتر":null,"اسم_القطاع":"10","وصف_الاستخدام":null,"SHAPE_Length":1085.1113079866921,"SHAPE_Area":67611.650189222128},"geometry":{"type":"Polygon","coordinates":[[[31.6719153488,30.1477904332],[31.6723680511,30.1460469391],[31.6754659284,30.1477909221],[31.6739983035,30.1496145522],[31.6719153488,30.1477904332]]]}},
{"type":"Feature","properties":{"نمط_العمران":"اسكان مخطط اقتصادى","اسم_المحور":"2","نوع_طبيعة_المنطقة":null,"مساحة_التغير_كم2":null,"نسبة_المساحه":null,"مساحة_التغير_بالمتر":null,"اسم_القطاع":"10","وصف_الاستخدام":null,"SHAPE_Length":4259.6679920205406,"SHAPE_Area":923789.24445873837},"geometry":{"type":"Polygon","coordinates":[[[31.6732338347,30.1350044083],[31.6697980102,30.1483510917],[31.6638491091,30.1474466147],[31.6667923971,30.1338901819],[31.6732338347,30.1350044083]]]}},
{"type":"Feature","properties":{"نمط_العمران":"اسكان مخطط اقتصادى","اسم_المحور":"2","نوع_طبيعة_المنطقة":null,"مساحة_التغير_كم2":null,"نسبة_المساحه":null,"مساحة_التغير_بالمتر":null,"اسم_القطاع":"10","وصف_الاستخدام":null,"SHAPE_Length":6176.4858099413595,"SHAPE_Area":1503213.4210945573},"geometry":{"type":"Polygon","coordinates":[[[31.6883900808,30.1666333886],[31.689330798,30.1687470804],[31.6951341317,30.1724874352],[31.698306371,30.1737464524],[31.7004399117,30.1741884648],[31.7052844783,30.1741311546],[31.7054832252,30.1761149712],[31.6817959912,30.1802823856],[31.6818958729,30.1773659677],[31.6883900808,30.1666333886]]]}},
{"type":"Feature","properties":{"نمط_العمران":"خدمات ","اسم_المحور":"2","نوع_طبيعة_المنطقة":null,"مساحة_التغير_كم2":null,"نسبة_المساحه":null,"مساحة_التغير_بالمتر":null,"اسم_القطاع":"10","وصف_الاستخدام":null,"SHAPE_Length":551.36262208662174,"SHAPE_Area":13367.68666651135},"geometry":{"type":"Polygon","coordinates":[[[31.6289680246,30.1806036909],[31.6290602178,30.1800042104],[31.6312266457,30.1803541461],[31.6311589772,30.1808684808],[31.6289680246,30.1806036909]]]}},
{"type":"Feature","properties":{"نمط_العمران":"اسكان اجتماعى شباب","اسم_المحور":"2","نوع_طبيعة_المنطقة":null,"مساحة_التغير_كم2":null,"نسبة_المساحه":null,"مساحة_التغير_بالمتر":null,"اسم_القطاع":"10","وصف_الاستخدام":null,"SHAPE_Length":575.60482542945283,"SHAPE_Area":21846.704207674047},"geometry":{"type":"Polygon","coordinates":[[[31.628230421,30.1782979805],[31.629417131,30.1783104488],[31.6294775834,30.1791845686],[31.6287517751,30.1800588591],[31.6279483721,30.1796646385],[31.628230421,30.1782979805]]]}},
{"type":"Feature","properties":{"نمط_العمران":"اسكان مخطط اقتصادى","اسم_المحور":"2","نوع_طبيعة_المنطقة":null,"مساحة_التغير_كم2":null,"نسبة_المساحه":null,"مساحة_التغير_بالمتر":null,"اسم_القطاع":"10","وصف_الاستخدام":null,"SHAPE_Length":1466.9178822053668,"SHAPE_Area":59633.477520848435},"geometry":{"type":"Polygon","coordinates":[[[31.6297213136,30.1766555962],[31.6296653358,30.1770782932],[31.6229162682,30.1767288126],[31.6231143431,30.1756601224],[31.6240364636,30.1756091511],[31.6297213136,30.1766555962]]]}},
{"type":"Feature","properties":{"نمط_العمران":"اسكان مخطط اقتصادى","اسم_المحور":"2","نوع_طبيعة_المنطقة":null,"مساحة_التغير_كم2":null,"نسبة_المساحه":null,"مساحة_التغير_بالمتر":null,"اسم_القطاع":"10","وصف_الاستخدام":null,"SHAPE_Length":857.70391686650532,"SHAPE_Area":44502.499446473434},"geometry":{"type":"Polygon","coordinates":[[[31.6570393035,30.1472541559],[31.6564984731,30.1492641015],[31.6546993233,30.1489994713],[31.6551993131,30.1466577069],[31.6570393035,30.1472541559]]]}},
{"type":"Feature","properties":{"نمط_العمران":"صناعي","اسم_المحور":"2","نوع_طبيعة_المنطقة":null,"مساحة_التغير_كم2":null,"نسبة_المساحه":null,"مساحة_التغير_بالمتر":null,"اسم_القطاع":"10","وصف_الاستخدام":null,"SHAPE_Length":653.51412606729218,"SHAPE_Area":23843.124553986661},"geometry":{"type":"Polygon","coordinates":[[[31.6557560528,30.1384575999],[31.6538169679,30.1397284258],[31.6533857024,30.1393006962],[31.6533426849,30.1387901207],[31.6550826673,30.1377870078],[31.6557560528,30.1384575999]]]}},
{"type":"Feature","properties":{"نمط_العمران":"اسكان مخطط اقتصادى","اسم_المحور":"2","نوع_طبيعة_المنطقة":null,"مساحة_التغير_كم2":null,"نسبة_المساحه":null,"مساحة_التغير_بالمتر":null,"اسم_القطاع":"10","وصف_الاستخدام":null,"SHAPE_Length":981.30977977369844,"SHAPE_Area":35069.624878462935},"geometry":{"type":"Polygon","coordinates":[[[31.6567546533,30.1191482526],[31.6568895241,30.1183450336],[31.6610164781,30.1190115645],[31.660878928,30.119758198],[31.6567546533,30.1191482526]]]}},
{"type":"Feature","properties":{"نمط_العمران":"اسكان مخطط اقتصادى","اسم_المحور":"2","نوع_طبيعة_المنطقة":null,"مساحة_التغير_كم2":null,"نسبة_المساحه":null,"مساحة_التغير_بالمتر":null,"اسم_القطاع":"10","وصف_الاستخدام":null,"SHAPE_Length":1372.67012794574,"SHAPE_Area":116688.81658667221},"geometry":{"type":"Polygon","coordinates":[[[31.6677225979,30.1179439558],[31.6670946698,30.1206771967],[31.6632365972,30.1201068166],[31.6639118734,30.1173401432],[31.6677225979,30.1179439558]]]}},
{"type":"Feature","properties":{"نمط_العمران":"خدمات ","اسم_المحور":"2","نوع_طبيعة_المنطقة":null,"مساحة_التغير_كم2":null,"نسبة_المساحه":null,"مساحة_التغير_بالمتر":null,"اسم_القطاع":"10","وصف_الاستخدام":null,"SHAPE_Length":456.52100999281993,"SHAPE_Area":11370.879433440427},"geometry":{"type":"Polygon","coordinates":[[[31.645804175,30.1507097565],[31.6456184958,30.1513804518],[31.6440888151,30.1510748974],[31.6441926037,30.1504421165],[31.645804175,30.1507097565]]]}},
{"type":"Feature","properties":{"نمط_العمران":"خدمات ","اسم_المحور":"2","نوع_طبيعة_المنطقة":null,"مساحة_التغير_كم2":null,"نسبة_المساحه":null,"مساحة_التغير_بالمتر":null,"اسم_القطاع":"10","وصف_الاستخدام":null,"SHAPE_Length":504.5866364982661,"SHAPE_Area":15260.318111482778},"geometry":{"type":"Polygon","coordinates":[[[31.6453052926,30.1526389774],[31.6450874623,30.1535287265],[31.643535488,30.153273886],[31.6437536509,30.152394259],[31.6453052926,30.1526389774]]]}},
{"type":"Feature","properties":{"نمط_العمران":"كمبوند","اسم_المحور":"2","نوع_طبيعة_المنطقة":null,"مساحة_التغير_كم2":null,"نسبة_المساحه":null,"مساحة_التغير_بالمتر":null,"اسم_القطاع":"10","وصف_الاستخدام":null,"SHAPE_Length":1610.1002927451239,"SHAPE_Area":137418.4144078863},"geometry":{"type":"Polygon","coordinates":[[[31.6397995135,30.1550830125],[31.6397533319,30.1567678001],[31.6389670907,30.1562360579],[31.6361013958,30.1557287309],[31.6355695575,30.1544424421],[31.6360172578,30.1523401635],[31.6384494589,30.1518501642],[31.6382454691,30.1529119478],[31.6397995135,30.1550830125]]]}},
{"type":"Feature","properties":{"نمط_العمران":"صناعي","اسم_المحور":"2","نوع_طبيعة_المنطقة":null,"مساحة_التغير_كم2":null,"نسبة_المساحه":null,"مساحة_التغير_بالمتر":null,"اسم_القطاع":"10","وصف_الاستخدام":null,"SHAPE_Length":643.89145267993638,"SHAPE_Area":22848.281185009146},"geometry":{"type":"Polygon","coordinates":[[[31.6870609529,30.1520473816],[31.6870236246,30.1539935951],[31.6859499786,30.1539828511],[31.6859412876,30.152026141],[31.6870609529,30.1520473816]]]}},
{"type":"Feature","properties":{"نمط_العمران":"اسكان مخطط اقتصادى","اسم_المحور":"2","نوع_طبيعة_المنطقة":null,"مساحة_التغير_كم2":null,"نسبة_المساحه":null,"مساحة_التغير_بالمتر":null,"اسم_القطاع":"10","وصف_الاستخدام":null,"SHAPE_Length":3516.6149951321158,"SHAPE_Area":377069.06233733089},"geometry":{"type":"Polygon","coordinates":[[[31.7210309769,30.1731255315],[31.7054832252,30.1761149712],[31.7052844772,30.1741311555],[31.7202644645,30.1707609666],[31.7210309769,30.1731255315]]]}},
{"type":"Feature","properties":{"نمط_العمران":"خدمات ","اسم_المحور":"2","نوع_طبيعة_المنطقة":null,"مساحة_التغير_كم2":null,"نسبة_المساحه":null,"مساحة_التغير_بالمتر":null,"اسم_القطاع":"10","وصف_الاستخدام":null,"SHAPE_Length":1096.0858700417291,"SHAPE_Area":73270.415368566639},"geometry":{"type":"Polygon","coordinates":[[[31.4807851714,30.0636180163],[31.4807532685,30.0657065544],[31.4775039359,30.0656689587],[31.4774696719,30.0635796566],[31.4807851714,30.0636180163]]]}},
{"type":"Feature","properties":{"نمط_العمران":"خدمات ","اسم_المحور":"2","نوع_طبيعة_المنطقة":null,"مساحة_التغير_كم2":null,"نسبة_المساحه":null,"مساحة_التغير_بالمتر":null,"اسم_القطاع":"10","وصف_الاستخدام":null,"SHAPE_Length":769.99188266164708,"SHAPE_Area":34024.964974671777},"geometry":{"type":"Polygon","coordinates":[[[31.4857034331,30.0712656973],[31.4851819778,30.0718028048],[31.4829867384,30.07018963],[31.4846297255,30.0694610778],[31.4857034331,30.0712656973]]]}},
{"type":"Feature","properties":{"نمط_العمران":"خدمات ","اسم_المحور":"2","نوع_طبيعة_المنطقة":null,"مساحة_التغير_كم2":null,"نسبة_المساحه":null,"مساحة_التغير_بالمتر":null,"اسم_القطاع":"10","وصف_الاستخدام":null,"SHAPE_Length":2325.4564594677631,"SHAPE_Area":302375.2147540205},"geometry":{"type":"Polygon","coordinates":[[[31.5024700038,30.0673626447],[31.5016459279,30.0667497474],[31.5005917187,30.0666096724],[31.4996006482,30.0669857239],[31.4989937306,30.0677743844],[31.4971754331,30.0667006385],[31.4971252741,30.0645580524],[31.4979884917,30.0645788986],[31.4995870666,30.0632244385],[31.4996153016,30.0624831113],[31.5034386414,30.0625168876],[31.5047960051,30.0638930124],[31.505013878,30.0646673164],[31.5046768356,30.0656373045],[31.5024700038,30.0673626447]]]}},
{"type":"Feature","properties":{"نمط_العمران":"كمبوند","اسم_المحور":"2","نوع_طبيعة_المنطقة":null,"مساحة_التغير_كم2":null,"نسبة_المساحه":null,"مساحة_التغير_بالمتر":null,"اسم_القطاع":"10","وصف_الاستخدام":null,"SHAPE_Length":2029.3179785033619,"SHAPE_Area":254819.64047000394},"geometry":{"type":"Polygon","coordinates":[[[31.5044680722,30.0659028221],[31.5049673267,30.0642818881],[31.5109632392,30.0631470417],[31.5116132162,30.0647506122],[31.5115006177,30.0661153615],[31.5101794936,30.0684230172],[31.5044680722,30.0659028221]]]}},
{"type":"Feature","properties":{"نمط_العمران":"كمبوند","اسم_المحور":"2","نوع_طبيعة_المنطقة":null,"مساحة_التغير_كم2":null,"نسبة_المساحه":null,"مساحة_التغير_بالمتر":null,"اسم_القطاع":"10","وصف_الاستخدام":null,"SHAPE_Length":5551.3196305615484,"SHAPE_Area":1464024.9182701542},"geometry":{"type":"Polygon","coordinates":[[[31.4647372257,30.078581461],[31.4640103214,30.0778848578],[31.4633157971,30.078261178],[31.461029437,30.07756052],[31.4591184826,30.0789124224],[31.4585284499,30.0798446683],[31.4565322052,30.0796483211],[31.4566042353,30.0771400953],[31.4541492911,30.0734250992],[31.4617540035,30.0699775706],[31.4640858202,30.0694330792],[31.4672911248,30.0694661625],[31.4743060999,30.0706981428],[31.4716011684,30.0770860149],[31.4684462773,30.0767803451],[31.4684999325,30.0792310372],[31.4665905649,30.0783099759],[31.4647372257,30.078581461]]]}},
{"type":"Feature","properties":{"نمط_العمران":"كمبوند","اسم_المحور":"2","نوع_طبيعة_المنطقة":null,"مساحة_التغير_كم2":null,"نسبة_المساحه":null,"مساحة_التغير_بالمتر":null,"اسم_القطاع":"10","وصف_الاستخدام":null,"SHAPE_Length":2823.1302861377171,"SHAPE_Area":358215.76938852249},"geometry":{"type":"Polygon","coordinates":[[[31.5241607573,30.0691150041],[31.521111704,30.0705135648],[31.5173160605,30.0613428339],[31.5205724828,30.0600741058],[31.5241607573,30.0691150041]]]}},
{"type":"Feature","properties":{"نمط_العمران":"اسكان اجتماعى شباب","اسم_المحور":"2","نوع_طبيعة_المنطقة":null,"مساحة_التغير_كم2":null,"نسبة_المساحه":null,"مساحة_التغير_بالمتر":null,"اسم_القطاع":"10","وصف_الاستخدام":null,"SHAPE_Length":4020.53300994239,"SHAPE_Area":899278.76329664874},"geometry":{"type":"Polygon","coordinates":[[[31.5305383252,30.0651556737],[31.5295539902,30.0623831693],[31.5272351635,30.0632882772],[31.5243517181,30.0578486009],[31.5289920878,30.0544863239],[31.5318402955,30.0517801565],[31.5359211612,30.0595836229],[31.5355416601,30.0613988561],[31.5305383252,30.0651556737]]]}},
{"type":"Feature","properties":{"نمط_العمران":"خدمات ","اسم_المحور":"2","نوع_طبيعة_المنطقة":null,"مساحة_التغير_كم2":null,"نسبة_المساحه":null,"مساحة_التغير_بالمتر":null,"اسم_القطاع":"10","وصف_الاستخدام":null,"SHAPE_Length":987.20546737708014,"SHAPE_Area":61067.587379272343},"geometry":{"type":"Polygon","coordinates":[[[31.5111469383,30.0590055441],[31.5095682993,30.0598542309],[31.5075174368,30.0587959034],[31.5084763473,30.0570335675],[31.5105467497,30.0578747028],[31.5111469383,30.0590055441]]]}},
{"type":"Feature","properties":{"نمط_العمران":"كمبوند","اسم_المحور":"2","نوع_طبيعة_المنطقة":null,"مساحة_التغير_كم2":null,"نسبة_المساحه":null,"مساحة_التغير_بالمتر":null,"اسم_القطاع":"10","وصف_الاستخدام":null,"SHAPE_Length":1997.8287711952787,"SHAPE_Area":240577.94054095697},"geometry":{"type":"Polygon","coordinates":[[[31.4965326379,30.0737387009],[31.4986430736,30.0706193736],[31.5012189318,30.0700426609],[31.5021946735,30.0753449926],[31.4977018841,30.0761803137],[31.4965326379,30.0737387009]]]}},
{"type":"Feature","properties":{"نمط_العمران":"اسكان اجتماعى شباب","اسم_المحور":"2","نوع_طبيعة_المنطقة":null,"مساحة_التغير_كم2":null,"نسبة_المساحه":null,"مساحة_التغير_بالمتر":null,"اسم_القطاع":"10","وصف_الاستخدام":null,"SHAPE_Length":1326.6358009639791,"SHAPE_Area":109312.44660407164},"geometry":{"type":"Polygon","coordinates":[[[31.5043606459,30.0731320756],[31.5018114609,30.0735198605],[31.5012189318,30.0700426609],[31.5030445196,30.0697726401],[31.5048482287,30.070315245],[31.504261956,30.0717426726],[31.5043606459,30.0731320756]]]}},
{"type":"Feature","properties":{"نمط_العمران":"صناعي","اسم_المحور":"2","نوع_طبيعة_المنطقة":null,"مساحة_التغير_كم2":null,"نسبة_المساحه":null,"مساحة_التغير_بالمتر":null,"اسم_القطاع":"10","وصف_الاستخدام":null,"SHAPE_Length":8134.5890969120346,"SHAPE_Area":3319201.2128758542},"geometry":{"type":"Polygon","coordinates":[[[31.5843185633,30.1106285804],[31.5772301556,30.1099300442],[31.5661780474,30.1096987346],[31.5609458099,30.1085160114],[31.5548831028,30.1065166687],[31.5598919949,30.0930580772],[31.5636992316,30.0946645048],[31.5713015406,30.099628342],[31.5783635206,30.1015852466],[31.5861585526,30.1030749902],[31.5843185633,30.1106285804]]]}},
{"type":"Feature","properties":{"نمط_العمران":"قوات  مسلحة","اسم_المحور":"2","نوع_طبيعة_المنطقة":null,"مساحة_التغير_كم2":null,"نسبة_المساحه":null,"مساحة_التغير_بالمتر":null,"اسم_القطاع":"10","وصف_الاستخدام":null,"SHAPE_Length":6066.8290855732275,"SHAPE_Area":1570836.9085834515},"geometry":{"type":"Polygon","coordinates":[[[31.5161758806,30.1164829823],[31.5024975605,30.1193644727],[31.5048401618,30.1124810919],[31.5009586493,30.1111724514],[31.5013973379,30.1101300025],[31.5023452312,30.1096049513],[31.5092149404,30.1092353167],[31.5106040843,30.1088399352],[31.511768044,30.1077153155],[31.5135845886,30.1037892671],[31.5187039447,30.1046872536],[31.5161758806,30.1164829823]]]}},
{"type":"Feature","properties":{"نمط_العمران":"كمبوند","اسم_المحور":"2","نوع_طبيعة_المنطقة":null,"مساحة_التغير_كم2":null,"نسبة_المساحه":null,"مساحة_التغير_بالمتر":null,"اسم_القطاع":"10","وصف_الاستخدام":null,"SHAPE_Length":1317.0972232961788,"SHAPE_Area":105359.39799687934},"geometry":{"type":"Polygon","coordinates":[[[31.5161650376,30.052568057],[31.5134325616,30.0537628936],[31.5118796477,30.0505806257],[31.5142070453,30.0495299539],[31.5161650376,30.052568057]]]}},
{"type":"Feature","properties":{"نمط_العمران":"ديني","اسم_المحور":"2","نوع_طبيعة_المنطقة":null,"مساحة_التغير_كم2":null,"نسبة_المساحه":null,"مساحة_التغير_بالمتر":null,"اسم_القطاع":"10","وصف_الاستخدام":null,"SHAPE_Length":2525.755023061216,"SHAPE_Area":184905.2916327065},"geometry":{"type":"Polygon","coordinates":[[[31.552779376,30.0944454342],[31.5518331172,30.0941807946],[31.5516801747,30.0946451639],[31.5508908549,30.0944775778],[31.550334546,30.0967063844],[31.5508443774,30.0968285228],[31.5504184932,30.0984663018],[31.5491932841,30.0982823629],[31.5507196841,30.0899007413],[31.5540970268,30.0910329551],[31.552779376,30.0944454342]]]}},
{"type":"Feature","properties":{"نمط_العمران":"خدمات ","اسم_المحور":"2","نوع_طبيعة_المنطقة":null,"مساحة_التغير_كم2":null,"نسبة_المساحه":null,"مساحة_التغير_بالمتر":null,"اسم_القطاع":"10","وصف_الاستخدام":null,"SHAPE_Length":555.95001656384784,"SHAPE_Area":18721.806918478444},"geometry":{"type":"Polygon","coordinates":[[[31.468864559,30.0328909473],[31.4688673856,30.0339575275],[31.467190843,30.0339201524],[31.4671918108,30.0328859279],[31.468864559,30.0328909473]]]}},
{"type":"Feature","properties":{"نمط_العمران":"ديني","اسم_المحور":"2","نوع_طبيعة_المنطقة":null,"مساحة_التغير_كم2":null,"نسبة_المساحه":null,"مساحة_التغير_بالمتر":null,"اسم_القطاع":"10","وصف_الاستخدام":null,"SHAPE_Length":613.74417754629405,"SHAPE_Area":22075.650325055551},"geometry":{"type":"Polygon","coordinates":[[[31.468859285,30.0309014596],[31.4671623465,30.0309351255],[31.4671509002,30.0301852612],[31.4688550796,30.0293153241],[31.468859285,30.0309014596]]]}},
{"type":"Feature","properties":{"نمط_العمران":"تعليمي","اسم_المحور":"2","نوع_طبيعة_المنطقة":null,"مساحة_التغير_كم2":null,"نسبة_المساحه":null,"مساحة_التغير_بالمتر":null,"اسم_القطاع":"10","وصف_الاستخدام":null,"SHAPE_Length":519.10165430597476,"SHAPE_Area":16411.741848930633},"geometry":{"type":"Polygon","coordinates":[[[31.4673262067,30.0415921578],[31.4688875625,30.0415762076],[31.468892959,30.0425623698],[31.467332232,30.0425729106],[31.4673262067,30.0415921578]]]}},
{"type":"Feature","properties":{"نمط_العمران":"خدمات ","اسم_المحور":"2","نوع_طبيعة_المنطقة":null,"مساحة_التغير_كم2":null,"نسبة_المساحه":null,"مساحة_التغير_بالمتر":null,"اسم_القطاع":"10","وصف_الاستخدام":null,"SHAPE_Length":715.50731990629708,"SHAPE_Area":20972.787629957471},"geometry":{"type":"Polygon","coordinates":[[[31.4665422669,30.0533014569],[31.4672519707,30.05277196],[31.468377225,30.0526264273],[31.4691002321,30.0528624885],[31.4697908109,30.0537662933],[31.4668128655,30.0533216199],[31.4665422669,30.0533014569]]]}},
{"type":"Feature","properties":{"نمط_العمران":"تعليمي","اسم_المحور":"2","نوع_طبيعة_المنطقة":null,"مساحة_التغير_كم2":null,"نسبة_المساحه":null,"مساحة_التغير_بالمتر":null,"اسم_القطاع":"10","وصف_الاستخدام":null,"SHAPE_Length":481.57638241428981,"SHAPE_Area":12394.058007148509},"geometry":{"type":"Polygon","coordinates":[[[31.4681521163,30.0495438388],[31.4673788732,30.049546948],[31.4673655157,30.0480487498],[31.468138722,30.0480426895],[31.4681521163,30.0495438388]]]}},
{"type":"Feature","properties":{"نمط_العمران":"خدمات ","اسم_المحور":"2","نوع_طبيعة_المنطقة":null,"مساحة_التغير_كم2":null,"نسبة_المساحه":null,"مساحة_التغير_بالمتر":null,"اسم_القطاع":"10","وصف_الاستخدام":null,"SHAPE_Length":1007.5371637916838,"SHAPE_Area":50691.340766251167},"geometry":{"type":"Polygon","coordinates":[[[31.44942842,30.0638651968],[31.4472193374,30.0643894376],[31.4467079149,30.0634404552],[31.4456984133,30.0628167369],[31.4468643523,30.0618056982],[31.4479548667,30.0627369709],[31.4490785705,30.0627199714],[31.44942842,30.0638651968]]]}},
{"type":"Feature","properties":{"نمط_العمران":"ديني","اسم_المحور":"2","نوع_طبيعة_المنطقة":null,"مساحة_التغير_كم2":null,"نسبة_المساحه":null,"مساحة_التغير_بالمتر":null,"اسم_القطاع":"10","وصف_الاستخدام":null,"SHAPE_Length":414.29782475476691,"SHAPE_Area":7927.4565762422117},"geometry":{"type":"Polygon","coordinates":[[[31.4477752497,30.0663863892],[31.449359882,30.0660333954],[31.4494748966,30.0665060036],[31.447918539,30.0668123369],[31.4477752497,30.0663863892]]]}},
{"type":"Feature","properties":{"نمط_العمران":"صناعي","اسم_المحور":"2","نوع_طبيعة_المنطقة":null,"مساحة_التغير_كم2":null,"نسبة_المساحه":null,"مساحة_التغير_بالمتر":null,"اسم_القطاع":"10","وصف_الاستخدام":null,"SHAPE_Length":407.63906335480806,"SHAPE_Area":10289.393369276971},"geometry":{"type":"Polygon","coordinates":[[[31.5036063985,30.0458115476],[31.5023251119,30.0456589492],[31.5021492285,30.0451857414],[31.5032611431,30.0448587117],[31.5036063985,30.0458115476]]]}},
{"type":"Feature","properties":{"نمط_العمران":"اسكان مخطط اقتصادى","اسم_المحور":"2","نوع_طبيعة_المنطقة":null,"مساحة_التغير_كم2":null,"نسبة_المساحه":null,"مساحة_التغير_بالمتر":null,"اسم_القطاع":"10","وصف_الاستخدام":null,"SHAPE_Length":1194.138071632766,"SHAPE_Area":28277.955712429335},"geometry":{"type":"Polygon","coordinates":[[[31.5017352613,30.0493607293],[31.5023043193,30.0510693303],[31.5018559075,30.0511523703],[31.5015638169,30.0500421903],[31.5000967375,30.0490951738],[31.4997796465,30.0477962919],[31.5000308479,30.0473938926],[31.5007910926,30.0476929231],[31.500279512,30.0479008118],[31.5005726061,30.0488451468],[31.5007934573,30.0486297804],[31.5017352613,30.0493607293]]]}},
{"type":"Feature","properties":{"نمط_العمران":"اسكان مخطط اقتصادى","اسم_المحور":"2","نوع_طبيعة_المنطقة":null,"مساحة_التغير_كم2":null,"نسبة_المساحه":null,"مساحة_التغير_بالمتر":null,"اسم_القطاع":"10","وصف_الاستخدام":null,"SHAPE_Length":751.50514661682826,"SHAPE_Area":28733.034793641385},"geometry":{"type":"Polygon","coordinates":[[[31.5032755129,30.0470090186],[31.5042902508,30.0493283637],[31.5034663467,30.0496689544],[31.5023740322,30.0472064372],[31.5032755129,30.0470090186]]]}},
{"type":"Feature","properties":{"نمط_العمران":"خدمات ","اسم_المحور":"2","نوع_طبيعة_المنطقة":null,"مساحة_التغير_كم2":null,"نسبة_المساحه":null,"مساحة_التغير_بالمتر":null,"اسم_القطاع":"10","وصف_الاستخدام":null,"SHAPE_Length":1092.7469997072637,"SHAPE_Area":46293.68378357873},"geometry":{"type":"Polygon","coordinates":[[[31.4405322722,30.0516285795],[31.4421021244,30.0515539163],[31.4418458349,30.0528030129],[31.437305199,30.0529355702],[31.4373085823,30.0526741732],[31.4405322722,30.0516285795]]]}},
{"type":"Feature","properties":{"نمط_العمران":"حكومي","اسم_المحور":"2","نوع_طبيعة_المنطقة":null,"مساحة_التغير_كم2":null,"نسبة_المساحه":null,"مساحة_التغير_بالمتر":null,"اسم_القطاع":"10","وصف_الاستخدام":null,"SHAPE_Length":893.87586790292835,"SHAPE_Area":52453.865626086867},"geometry":{"type":"Polygon","coordinates":[[[31.5254711267,30.0682965836],[31.5262568951,30.0684896613],[31.5269684643,30.0704815216],[31.5246816671,30.0708784331],[31.5241607573,30.0691150041],[31.5254711267,30.0682965836]]]}},
{"type":"Feature","properties":{"نمط_العمران":"حكومي","اسم_المحور":"2","نوع_طبيعة_المنطقة":null,"مساحة_التغير_كم2":null,"نسبة_المساحه":null,"مساحة_التغير_بالمتر":null,"اسم_القطاع":"10","وصف_الاستخدام":null,"SHAPE_Length":690.81777800455029,"SHAPE_Area":26390.562349514632},"geometry":{"type":"Polygon","coordinates":[[[31.5173933048,30.0502677786],[31.5165359077,30.0507445621],[31.5152348548,30.0489982026],[31.5162024182,30.0484562213],[31.5173933048,30.0502677786]]]}},
{"type":"Feature","properties":{"نمط_العمران":"خدمات ","اسم_المحور":"2","نوع_طبيعة_المنطقة":null,"مساحة_التغير_كم2":null,"نسبة_المساحه":null,"مساحة_التغير_بالمتر":null,"اسم_القطاع":"10","وصف_الاستخدام":null,"SHAPE_Length":997.35990539471413,"SHAPE_Area":52732.741719919562},"geometry":{"type":"Polygon","coordinates":[[[31.5200595471,30.0458318353],[31.5209770194,30.0467199021],[31.5204433957,30.0471371662],[31.5208932799,30.0475726261],[31.5193390524,30.0487307149],[31.517680427,30.0475441938],[31.5200595471,30.0458318353]]]}},
{"type":"Feature","properties":{"نمط_العمران":"اسكان مخطط اقتصادى","اسم_المحور":"2","نوع_طبيعة_المنطقة":null,"مساحة_التغير_كم2":null,"نسبة_المساحه":null,"مساحة_التغير_بالمتر":null,"اسم_القطاع":"10","وصف_الاستخدام":null,"SHAPE_Length":12062.165547201846,"SHAPE_Area":6373222.9969882509},"geometry":{"type":"Polygon","coordinates":[[[31.5484638475,30.0554742407],[31.5550579574,30.0583645545],[31.562024296,30.0487124036],[31.5696335264,30.0515110316],[31.5688651683,30.0541404785],[31.5669342369,30.0572443774],[31.5615535661,30.0633358544],[31.5634365839,30.0652282832],[31.5643566735,30.0680290235],[31.561802783,30.0816570728],[31.5457241918,30.0781339008],[31.5421058648,30.0787468409],[31.541799827,30.0799609933],[31.5383007391,30.0808607371],[31.538872463,30.0737277083],[31.5382193765,30.0672917866],[31.5444576457,30.060719672],[31.5484638475,30.0554742407]]]}},
{"type":"Feature","properties":{"نمط_العمران":"خدمات ","اسم_المحور":"2","نوع_طبيعة_المنطقة":null,"مساحة_التغير_كم2":null,"نسبة_المساحه":null,"مساحة_التغير_بالمتر":null,"اسم_القطاع":"10","وصف_الاستخدام":null,"SHAPE_Length":644.63068853535731,"SHAPE_Area":24358.164708027729},"geometry":{"type":"Polygon","coordinates":[[[31.537481658,30.0641451244],[31.5396474655,30.0640457688],[31.5397260011,30.065146018],[31.5377654224,30.065236957],[31.537481658,30.0641451244]]]}},
{"type":"Feature","properties":{"نمط_العمران":"اسكان مخطط اقتصادى","اسم_المحور":"2","نوع_طبيعة_المنطقة":null,"مساحة_التغير_كم2":null,"نسبة_المساحه":null,"مساحة_التغير_بالمتر":null,"اسم_القطاع":"10","وصف_الاستخدام":null,"SHAPE_Length":1716.1877215713666,"SHAPE_Area":81411.618055882136},"geometry":{"type":"Polygon","coordinates":[[[31.5436194044,30.0390332152],[31.5455986126,30.0396631732],[31.5453199506,30.0403354474],[31.5442378727,30.0406694234],[31.5436955614,30.0418601257],[31.5465346447,30.0428388994],[31.5462404594,30.0435303663],[31.5421629111,30.042273005],[31.5436194044,30.0390332152]]]}},
{"type":"Feature","properties":{"نمط_العمران":"خدمات ","اسم_المحور":"2","نوع_طبيعة_المنطقة":null,"مساحة_التغير_كم2":null,"نسبة_المساحه":null,"مساحة_التغير_بالمتر":null,"اسم_القطاع":"10","وصف_الاستخدام":null,"SHAPE_Length":1694.1140875123911,"SHAPE_Area":129139.41940782165},"geometry":{"type":"Polygon","coordinates":[[[31.5548426718,30.0426871902],[31.5523928628,30.04865813],[31.550344069,30.044784033],[31.5548426718,30.0426871902]]]}},
{"type":"Feature","properties":{"نمط_العمران":"كمبوند","اسم_المحور":"2","نوع_طبيعة_المنطقة":null,"مساحة_التغير_كم2":null,"نسبة_المساحه":null,"مساحة_التغير_بالمتر":null,"اسم_القطاع":"10","وصف_الاستخدام":null,"SHAPE_Length":3973.9160617864645,"SHAPE_Area":728048.62735611736},"geometry":{"type":"Polygon","coordinates":[[[31.5443171702,30.0465300577],[31.5349573336,30.0575806105],[31.5312286075,30.0506417939],[31.5328687478,30.0505246607],[31.5346246013,30.0485942019],[31.5381503026,30.0469234802],[31.5396526109,30.0447709891],[31.5443171702,30.0465300577]]]}},
{"type":"Feature","properties":{"نمط_العمران":"ديني","اسم_المحور":"2","نوع_طبيعة_المنطقة":null,"مساحة_التغير_كم2":null,"نسبة_المساحه":null,"مساحة_التغير_بالمتر":null,"اسم_القطاع":"10","وصف_الاستخدام":null,"SHAPE_Length":537.51760718319588,"SHAPE_Area":17349.214750489882},"geometry":{"type":"Polygon","coordinates":[[[31.5038895988,30.0585688692],[31.5031157833,30.0579911274],[31.5032236622,30.0576545139],[31.5049440672,30.0572250505],[31.5050558613,30.0580238882],[31.5038895988,30.0585688692]]]}},
{"type":"Feature","properties":{"نمط_العمران":"خدمات ","اسم_المحور":"2","نوع_طبيعة_المنطقة":null,"مساحة_التغير_كم2":null,"نسبة_المساحه":null,"مساحة_التغير_بالمتر":null,"اسم_القطاع":"10","وصف_الاستخدام":null,"SHAPE_Length":380.76583171705119,"SHAPE_Area":9050.1534553043039},"geometry":{"type":"Polygon","coordinates":[[[31.5045004674,30.0741535202],[31.5046147639,30.0749884905],[31.5036278128,30.0751327201],[31.5035452389,30.0742477044],[31.5045004674,30.0741535202]]]}},
{"type":"Feature","properties":{"نمط_العمران":"صناعي","اسم_المحور":"2","نوع_طبيعة_المنطقة":null,"مساحة_التغير_كم2":null,"نسبة_المساحه":null,"مساحة_التغير_بالمتر":null,"اسم_القطاع":"10","وصف_الاستخدام":null,"SHAPE_Length":280.63768522793998,"SHAPE_Area":4193.9385971778702},"geometry":{"type":"Polygon","coordinates":[[[31.4530813872,30.0412857615],[31.4530843254,30.0415382217],[31.4520781332,30.0415587954],[31.4520676419,30.0411703101],[31.4530813872,30.0412857615]]]}},
{"type":"Feature","properties":{"نمط_العمران":"ديني","اسم_المحور":"2","نوع_طبيعة_المنطقة":null,"مساحة_التغير_كم2":null,"نسبة_المساحه":null,"مساحة_التغير_بالمتر":null,"اسم_القطاع":"10","وصف_الاستخدام":null,"SHAPE_Length":295.46734286350721,"SHAPE_Area":5308.1121526851657},"geometry":{"type":"Polygon","coordinates":[[[31.4495305265,30.0408340274],[31.4497798966,30.0400878231],[31.4504555407,30.0403106432],[31.4500175389,30.0410047995],[31.4495305265,30.0408340274]]]}},
{"type":"Feature","properties":{"نمط_العمران":"خدمات ","اسم_المحور":"2","نوع_طبيعة_المنطقة":null,"مساحة_التغير_كم2":null,"نسبة_المساحه":null,"مساحة_التغير_بالمتر":null,"اسم_القطاع":"10","وصف_الاستخدام":null,"SHAPE_Length":382.62084360471999,"SHAPE_Area":8555.4362336862068},"geometry":{"type":"Polygon","coordinates":[[[31.4530462917,30.0508985654],[31.4520566956,30.0509058887],[31.4520437725,30.0500061592],[31.4530495074,30.0501075087],[31.4530462917,30.0508985654]]]}},
{"type":"Feature","properties":{"نمط_العمران":"ديني","اسم_المحور":"2","نوع_طبيعة_المنطقة":null,"مساحة_التغير_كم2":null,"نسبة_المساحه":null,"مساحة_التغير_بالمتر":null,"اسم_القطاع":"10","وصف_الاستخدام":null,"SHAPE_Length":396.57074661373889,"SHAPE_Area":10203.18411894983},"geometry":{"type":"Polygon","coordinates":[[[31.4520507122,30.0367411488],[31.452451623,30.0372091612],[31.4514950244,30.037793337],[31.4509014978,30.0371445134],[31.4520507122,30.0367411488]]]}},
{"type":"Feature","properties":{"نمط_العمران":"تعليمي","اسم_المحور":"2","نوع_طبيعة_المنطقة":null,"مساحة_التغير_كم2":null,"نسبة_المساحه":null,"مساحة_التغير_بالمتر":null,"اسم_القطاع":"10","وصف_الاستخدام":null,"SHAPE_Length":824.22646250242246,"SHAPE_Area":32455.950075267909},"geometry":{"type":"Polygon","coordinates":[[[31.4505193797,30.0434603037],[31.451133693,30.0434557403],[31.4511403524,30.0439800724],[31.4521147016,30.0436916975],[31.4521567102,30.0455781693],[31.4505567644,30.0456466662],[31.4505193797,30.0434603037]]]}},
{"type":"Feature","properties":{"نمط_العمران":"خدمات ","اسم_المحور":"2","نوع_طبيعة_المنطقة":null,"مساحة_التغير_كم2":null,"نسبة_المساحه":null,"مساحة_التغير_بالمتر":null,"اسم_القطاع":"10","وصف_الاستخدام":null,"SHAPE_Length":606.16805919736601,"SHAPE_Area":20271.608573419184},"geometry":{"type":"Polygon","coordinates":[[[31.4517823116,30.049875536],[31.4505770421,30.0495457267],[31.4505970912,30.0480051471],[31.4517631752,30.0481197777],[31.4517823116,30.049875536]]]}},
{"type":"Feature","properties":{"نمط_العمران":"اسكان مخطط اقتصادى","اسم_المحور":"2","نوع_طبيعة_المنطقة":null,"مساحة_التغير_كم2":null,"نسبة_المساحه":null,"مساحة_التغير_بالمتر":null,"اسم_القطاع":"10","وصف_الاستخدام":null,"SHAPE_Length":1174.8524192573352,"SHAPE_Area":76564.511342650701},"geometry":{"type":"Polygon","coordinates":[[[31.5302679759,30.0412955748],[31.5292875683,30.0429065024],[31.5257600588,30.0410869657],[31.5267335413,30.0396101267],[31.5302679759,30.0412955748]]]}},
{"type":"Feature","properties":{"نمط_العمران":"قوات  مسلحة","اسم_المحور":"2","نوع_طبيعة_المنطقة":null,"مساحة_التغير_كم2":null,"نسبة_المساحه":null,"مساحة_التغير_بالمتر":null,"اسم_القطاع":"10","وصف_الاستخدام":null,"SHAPE_Length":2894.3056238195832,"SHAPE_Area":480335.2537375901},"geometry":{"type":"Polygon","coordinates":[[[31.5475376835,30.1045500218],[31.5456710054,30.1088223191],[31.5367934422,30.10761587],[31.5376166435,30.1027495403],[31.5475376835,30.1045500218]]]}},
{"type":"Feature","properties":{"نمط_العمران":"قوات  مسلحة","اسم_المحور":"2","نوع_طبيعة_المنطقة":null,"مساحة_التغير_كم2":null,"نسبة_المساحه":null,"مساحة_التغير_بالمتر":null,"اسم_القطاع":"10","وصف_الاستخدام":null,"SHAPE_Length":2518.5749985994307,"SHAPE_Area":263905.71544498578},"geometry":{"type":"Polygon","coordinates":[[[31.5561352507,30.1171085289],[31.5554222121,30.1203362918],[31.5590349435,30.1209324906],[31.5585363257,30.1236582006],[31.552476266,30.1226567755],[31.55379425,30.1167207678],[31.5561352507,30.1171085289]]]}},
{"type":"Feature","properties":{"نمط_العمران":"قوات  مسلحة","اسم_المحور":"2","نوع_طبيعة_المنطقة":null,"مساحة_التغير_كم2":null,"نسبة_المساحه":null,"مساحة_التغير_بالمتر":null,"اسم_القطاع":"10","وصف_الاستخدام":null,"SHAPE_Length":2308.6020259045245,"SHAPE_Area":286327.75377411069},"geometry":{"type":"Polygon","coordinates":[[[31.457639947,30.084706422],[31.4656450612,30.0846855518],[31.4648056929,30.0897544666],[31.4575897008,30.0862586258],[31.457639947,30.084706422]]]}},
{"type":"Feature","properties":{"نمط_العمران":"ديني","اسم_المحور":"2","نوع_طبيعة_المنطقة":null,"مساحة_التغير_كم2":null,"نسبة_المساحه":null,"مساحة_التغير_بالمتر":null,"اسم_القطاع":"10","وصف_الاستخدام":null,"SHAPE_Length":400.86713279386464,"SHAPE_Area":6973.7644841546062},"geometry":{"type":"Polygon","coordinates":[[[31.5169852527,30.0521568722],[31.5165728692,30.0523665794],[31.5157713044,30.0511446855],[31.5161638672,30.0509514434],[31.5169852527,30.0521568722]]]}},
{"type":"Feature","properties":{"نمط_العمران":"خدمات ","اسم_المحور":"2","نوع_طبيعة_المنطقة":null,"مساحة_التغير_كم2":null,"نسبة_المساحه":null,"مساحة_التغير_بالمتر":null,"اسم_القطاع":"10","وصف_الاستخدام":null,"SHAPE_Length":1887.8506390842399,"SHAPE_Area":209366.4209358748},"geometry":{"type":"Polygon","coordinates":[[[31.4774606461,30.0727592353],[31.475529655,30.0766942584],[31.4742923473,30.0769656757],[31.4719340495,30.0763289084],[31.4743060999,30.0706981428],[31.4774606461,30.0727592353]]]}},
{"type":"Feature","properties":{"نمط_العمران":"خدمات ","اسم_المحور":"2","نوع_طبيعة_المنطقة":null,"مساحة_التغير_كم2":null,"نسبة_المساحه":null,"مساحة_التغير_بالمتر":null,"اسم_القطاع":"10","وصف_الاستخدام":null,"SHAPE_Length":295.22451293522266,"SHAPE_Area":4451.5055073878602},"geometry":{"type":"Polygon","coordinates":[[[31.4673619052,30.0452920218],[31.4677916986,30.0452860359],[31.4678091891,30.0462364198],[31.467362737,30.0462426374],[31.4673619052,30.0452920218]]]}},
{"type":"Feature","properties":{"نمط_العمران":"خدمات ","اسم_المحور":"2","نوع_طبيعة_المنطقة":null,"مساحة_التغير_كم2":null,"نسبة_المساحه":null,"مساحة_التغير_بالمتر":null,"اسم_القطاع":"10","وصف_الاستخدام":null,"SHAPE_Length":611.44498168040423,"SHAPE_Area":23353.439944906801},"geometry":{"type":"Polygon","coordinates":[[[31.4689187279,30.0444971938],[31.4673612295,30.0445184946],[31.467340599,30.0431177828],[31.4689000362,30.0430937478],[31.4689187279,30.0444971938]]]}},
{"type":"Feature","properties":{"نمط_العمران":"حكومي","اسم_المحور":"2","نوع_طبيعة_المنطقة":null,"مساحة_التغير_كم2":null,"نسبة_المساحه":null,"مساحة_التغير_بالمتر":null,"اسم_القطاع":"10","وصف_الاستخدام":null,"SHAPE_Length":614.34529393812568,"SHAPE_Area":23912.687823298296},"geometry":{"type":"Polygon","coordinates":[[[31.5118524723,30.0533953397],[31.5104079699,30.0538699226],[31.5095524225,30.052879006],[31.5113430202,30.0522671203],[31.5118524723,30.0533953397]]]}},
{"type":"Feature","properties":{"نمط_العمران":"اسكان مخطط اقتصادى","اسم_المحور":"2","نوع_طبيعة_المنطقة":null,"مساحة_التغير_كم2":null,"نسبة_المساحه":null,"مساحة_التغير_بالمتر":null,"اسم_القطاع":"10","وصف_الاستخدام":null,"SHAPE_Length":8033.4558313800389,"SHAPE_Area":1718071.9392798049},"geometry":{"type":"Polygon","coordinates":[[[31.5813926363,30.0720179576],[31.5758435249,30.069873774],[31.5762943107,30.0690621762],[31.5781239414,30.0697170216],[31.5788401811,30.0683830643],[31.5804703769,30.0680115371],[31.580950739,30.0670474502],[31.5801735576,30.0666928883],[31.5822433504,30.0624170375],[31.5818510375,30.060581627],[31.5826609257,30.0589416572],[31.5810860585,30.0583314064],[31.5802513992,30.0599612712],[31.572760338,30.0574548636],[31.5745818118,30.0530182023],[31.5748186654,30.0492491107],[31.5827207173,30.051968589],[31.5898712365,30.0553513638],[31.5813926363,30.0720179576]]]}},
{"type":"Feature","properties":{"نمط_العمران":"كمبوند","اسم_المحور":"2","نوع_طبيعة_المنطقة":null,"مساحة_التغير_كم2":null,"نسبة_المساحه":null,"مساحة_التغير_بالمتر":null,"اسم_القطاع":"10","وصف_الاستخدام":null,"SHAPE_Length":3061.5655980373162,"SHAPE_Area":459740.04635850922},"geometry":{"type":"Polygon","coordinates":[[[31.591668739,30.0688349205],[31.5913318061,30.0697141313],[31.5901817875,30.0693437909],[31.5890540155,30.0684326919],[31.5884772792,30.0671825155],[31.5887915897,30.0653454405],[31.5896368954,30.0655522394],[31.5906992246,30.0632180317],[31.600267909,30.0671484351],[31.5990126911,30.0683847479],[31.5973014081,30.0690861137],[31.5963871875,30.0691968767],[31.5941711233,30.0685789388],[31.591668739,30.0688349205]]]}},
{"type":"Feature","properties":{"نمط_العمران":"كمبوند","اسم_المحور":"2","نوع_طبيعة_المنطقة":null,"مساحة_التغير_كم2":null,"نسبة_المساحه":null,"مساحة_التغير_بالمتر":null,"اسم_القطاع":"10","وصف_الاستخدام":null,"SHAPE_Length":2264.7021312156367,"SHAPE_Area":280738.72428620578},"geometry":{"type":"Polygon","coordinates":[[[31.5813926363,30.0720179576],[31.579963404,30.0750344864],[31.5726187253,30.0723049461],[31.5741862072,30.0692303155],[31.5813926363,30.0720179576]]]}},
{"type":"Feature","properties":{"نمط_العمران":"اسكان مخطط اقتصادى","اسم_المحور":"2","نوع_طبيعة_المنطقة":null,"مساحة_التغير_كم2":null,"نسبة_المساحه":null,"مساحة_التغير_بالمتر":null,"اسم_القطاع":"10","وصف_الاستخدام":null,"SHAPE_Length":3150.7553254183322,"SHAPE_Area":401940.10496493708},"geometry":{"type":"Polygon","coordinates":[[[31.5869054662,30.0672176712],[31.5876490826,30.0675205886],[31.588518583,30.0673677807],[31.5895175579,30.0689071672],[31.5913318061,30.0697141313],[31.5889208015,30.0747729386],[31.5813926363,30.0720179576],[31.5828846582,30.068975689],[31.5859211015,30.0700876952],[31.587761291,30.0698357238],[31.5878994924,30.0693884074],[31.5869054662,30.0672176712]]]}},
{"type":"Feature","properties":{"نمط_العمران":"اسكان اجتماعى شباب","اسم_المحور":"2","نوع_طبيعة_المنطقة":null,"مساحة_التغير_كم2":null,"نسبة_المساحه":null,"مساحة_التغير_بالمتر":null,"اسم_القطاع":"10","وصف_الاستخدام":null,"SHAPE_Length":2464.3118690389347,"SHAPE_Area":226271.01255906618},"geometry":{"type":"Polygon","coordinates":[[[31.5899409871,30.0599058409],[31.5907386423,30.0609976977],[31.5886968561,30.0624443985],[31.5868830969,30.0617169302],[31.5905028096,30.0540931288],[31.5933409335,30.0552258968],[31.5919552678,30.0571299512],[31.5904294756,30.0581803741],[31.5899387693,30.0589547708],[31.5899409871,30.0599058409]]]}},
{"type":"Feature","properties":{"نمط_العمران":"كمبوند","اسم_المحور":"2","نوع_طبيعة_المنطقة":null,"مساحة_التغير_كم2":null,"نسبة_المساحه":null,"مساحة_التغير_بالمتر":null,"اسم_القطاع":"10","وصف_الاستخدام":null,"SHAPE_Length":1354.4478443825037,"SHAPE_Area":91985.041779767154},"geometry":{"type":"Polygon","coordinates":[[[31.5927142796,30.0600733905],[31.5916085143,30.0592918052],[31.5898774314,30.059568156],[31.5904294756,30.0581803741],[31.5919552678,30.0571299512],[31.5947691697,30.0587554223],[31.5952215399,30.05910045],[31.5927142796,30.0600733905]]]}},
{"type":"Feature","properties":{"نمط_العمران":"كمبوند","اسم_المحور":"2","نوع_طبيعة_المنطقة":null,"مساحة_التغير_كم2":null,"نسبة_المساحه":null,"مساحة_التغير_بالمتر":null,"اسم_القطاع":"10","وصف_الاستخدام":null,"SHAPE_Length":1545.7880698464921,"SHAPE_Area":148510.782749929},"geometry":{"type":"Polygon","coordinates":[[[31.5879083877,30.0694178866],[31.5876472352,30.069905951],[31.5859211015,30.0700876952],[31.5828846582,30.068975689],[31.5844988143,30.0656841437],[31.5861174544,30.065881206],[31.5879083877,30.0694178866]]]}},
{"type":"Feature","properties":{"نمط_العمران":"اسكان اجتماعى شباب","اسم_المحور":"2","نوع_طبيعة_المنطقة":null,"مساحة_التغير_كم2":null,"نسبة_المساحه":null,"مساحة_التغير_بالمتر":null,"اسم_القطاع":"10","وصف_الاستخدام":null,"SHAPE_Length":2029.8118581450392,"SHAPE_Area":238111.89296300246},"geometry":{"type":"Polygon","coordinates":[[[31.5101794936,30.0684230172],[31.5088577779,30.0699072554],[31.5072934922,30.0703917365],[31.5015728294,30.0688636188],[31.5013811771,30.0685328119],[31.5044680722,30.0659028221],[31.5101794936,30.0684230172]]]}},
{"type":"Feature","properties":{"نمط_العمران":"كمبوند","اسم_المحور":"2","نوع_طبيعة_المنطقة":null,"مساحة_التغير_كم2":null,"نسبة_المساحه":null,"مساحة_التغير_بالمتر":null,"اسم_القطاع":"10","وصف_الاستخدام":null,"SHAPE_Length":1864.6364283804901,"SHAPE_Area":200441.04891857173},"geometry":{"type":"Polygon","coordinates":[[[31.5475909653,30.0439468115],[31.550344069,30.044784033],[31.5523928628,30.04865813],[31.5519735839,30.0495060031],[31.5461119144,30.0472068223],[31.5475909653,30.0439468115]]]}},
{"type":"Feature","properties":{"نمط_العمران":"اسكان مخطط اقتصادى","اسم_المحور":"2","نوع_طبيعة_المنطقة":null,"مساحة_التغير_كم2":null,"نسبة_المساحه":null,"مساحة_التغير_بالمتر":null,"اسم_القطاع":"10","وصف_الاستخدام":null,"SHAPE_Length":3292.0184545998586,"SHAPE_Area":328482.81896907563},"geometry":{"type":"Polygon","coordinates":[[[31.4711592246,30.0811707555],[31.4707124967,30.0830910207],[31.4635163574,30.082559021],[31.4561487065,30.0815169941],[31.4565322052,30.0796483211],[31.4711592246,30.0811707555]]]}},
{"type":"Feature","properties":{"نمط_العمران":"كمبوند","اسم_المحور":"2","نوع_طبيعة_المنطقة":null,"مساحة_التغير_كم2":null,"نسبة_المساحه":null,"مساحة_التغير_بالمتر":null,"اسم_القطاع":"10","وصف_الاستخدام":null,"SHAPE_Length":3466.6263687976239,"SHAPE_Area":335782.29885005951},"geometry":{"type":"Polygon","coordinates":[[[31.4647372257,30.078581461],[31.4665905649,30.0783099759],[31.4684999325,30.0792310372],[31.4684462773,30.0767803451],[31.4716011684,30.0770860149],[31.4711592246,30.0811707555],[31.4585284499,30.0798446683],[31.4591184826,30.0789124224],[31.461029437,30.07756052],[31.4633157971,30.078261178],[31.4640103214,30.0778848578],[31.4647372257,30.078581461]]]}},
{"type":"Feature","properties":{"نمط_العمران":"صناعي","اسم_المحور":"2","نوع_طبيعة_المنطقة":null,"مساحة_التغير_كم2":null,"نسبة_المساحه":null,"مساحة_التغير_بالمتر":null,"اسم_القطاع":"10","وصف_الاستخدام":null,"SHAPE_Length":3633.2331986220415,"SHAPE_Area":629743.371615913},"geometry":{"type":"Polygon","coordinates":[[[31.5187039447,30.1046872536],[31.5279631786,30.106242273],[31.5270830637,30.1102020592],[31.5227552713,30.1095059715],[31.5218846805,30.1135487195],[31.5169624936,30.1128130526],[31.5187039447,30.1046872536]]]}},
{"type":"Feature","properties":{"نمط_العمران":"خدمات ","اسم_المحور":"2","نوع_طبيعة_المنطقة":null,"مساحة_التغير_كم2":null,"نسبة_المساحه":null,"مساحة_التغير_بالمتر":null,"اسم_القطاع":"10","وصف_الاستخدام":null,"SHAPE_Length":362.94402527002342,"SHAPE_Area":7217.711665230996},"geometry":{"type":"Polygon","coordinates":[[[31.4511807737,30.0495864804],[31.4511665559,30.0506793896],[31.450562365,30.0506734397],[31.4505770421,30.0495457267],[31.4511807737,30.0495864804]]]}},
{"type":"Feature","properties":{"نمط_العمران":"تعليمي","اسم_المحور":"2","نوع_طبيعة_المنطقة":null,"مساحة_التغير_كم2":null,"نسبة_المساحه":null,"مساحة_التغير_بالمتر":null,"اسم_القطاع":"10","وصف_الاستخدام":null,"SHAPE_Length":486.82125347425642,"SHAPE_Area":14935.035863755624},"geometry":{"type":"Polygon","coordinates":[[[31.4517240413,30.0479317401],[31.4530590058,30.0477708647],[31.4530545619,30.0488641244],[31.451771622,30.0488947783],[31.4517240413,30.0479317401]]]}},
{"type":"Feature","properties":{"نمط_العمران":"تعليمي","اسم_المحور":"2","نوع_طبيعة_المنطقة":null,"مساحة_التغير_كم2":null,"نسبة_المساحه":null,"مساحة_التغير_بالمتر":null,"اسم_القطاع":"10","وصف_الاستخدام":null,"SHAPE_Length":649.13867391993199,"SHAPE_Area":26095.120263531448},"geometry":{"type":"Polygon","coordinates":[[[31.4490346324,30.0622597945],[31.4500505018,30.0613493324],[31.4510095923,30.0618848205],[31.4512623161,30.0626839429],[31.4491946049,30.0631223661],[31.4490346324,30.0622597945]]]}},
{"type":"Feature","properties":{"نمط_العمران":"تعليمي","اسم_المحور":"2","نوع_طبيعة_المنطقة":null,"مساحة_التغير_كم2":null,"نسبة_المساحه":null,"مساحة_التغير_بالمتر":null,"اسم_القطاع":"10","وصف_الاستخدام":null,"SHAPE_Length":988.28399134324752,"SHAPE_Area":44920.671926293144},"geometry":{"type":"Polygon","coordinates":[[[31.623885192,30.1360207705],[31.6244189259,30.1335516756],[31.6259769991,30.1327015156],[31.6252615594,30.1362369578],[31.623885192,30.1360207705]]]}},
{"type":"Feature","properties":{"نمط_العمران":"تعليمي","اسم_المحور":"2","نوع_طبيعة_المنطقة":null,"مساحة_التغير_كم2":null,"نسبة_المساحه":null,"مساحة_التغير_بالمتر":null,"اسم_القطاع":"10","وصف_الاستخدام":null,"SHAPE_Length":555.29398537940597,"SHAPE_Area":15221.982503851505},"geometry":{"type":"Polygon","coordinates":[[[31.6696404664,30.1220739358],[31.6697968428,30.1214742356],[31.6711879349,30.1216000847],[31.6718779341,30.1221704309],[31.6713719816,30.1226775937],[31.6696404664,30.1220739358]]]}},
{"type":"Feature","properties":{"نمط_العمران":"تعليمي","اسم_المحور":"2","نوع_طبيعة_المنطقة":null,"مساحة_التغير_كم2":null,"نسبة_المساحه":null,"مساحة_التغير_بالمتر":null,"اسم_القطاع":"10","وصف_الاستخدام":null,"SHAPE_Length":707.36687251437638,"SHAPE_Area":23545.201822974479},"geometry":{"type":"Polygon","coordinates":[[[31.6698364037,30.131309855],[31.6703149044,30.1322772141],[31.6674513012,30.1317886044],[31.6676122949,30.1309706385],[31.6698364037,30.131309855]]]}},
{"type":"Feature","properties":{"نمط_العمران":"تعليمي","اسم_المحور":"2","نوع_طبيعة_المنطقة":null,"مساحة_التغير_كم2":null,"نسبة_المساحه":null,"مساحة_التغير_بالمتر":null,"اسم_القطاع":"10","وصف_الاستخدام":null,"SHAPE_Length":1294.9821348612402,"SHAPE_Area":106193.03221660996},"geometry":{"type":"Polygon","coordinates":[[[31.6886462925,30.1375262967],[31.6878250736,30.1403895391],[31.6846246132,30.1397018243],[31.6852688459,30.1368969329],[31.6886462925,30.1375262967]]]}},
{"type":"Feature","properties":{"نمط_العمران":"خدمات ","اسم_المحور":"2","نوع_طبيعة_المنطقة":null,"مساحة_التغير_كم2":null,"نسبة_المساحه":null,"مساحة_التغير_بالمتر":null,"اسم_القطاع":"10","وصف_الاستخدام":null,"SHAPE_Length":284.68382388237853,"SHAPE_Area":4855.6594042867173},"geometry":{"type":"Polygon","coordinates":[[[31.7100778098,30.146713509],[31.7094984023,30.1467571344],[31.7094019134,30.1459973388],[31.7099938365,30.1459362333],[31.7100778098,30.146713509]]]}},
{"type":"Feature","properties":{"نمط_العمران":"خدمات ","اسم_المحور":"2","نوع_طبيعة_المنطقة":null,"مساحة_التغير_كم2":null,"نسبة_المساحه":null,"مساحة_التغير_بالمتر":null,"اسم_القطاع":"10","وصف_الاستخدام":null,"SHAPE_Length":281.95991094506326,"SHAPE_Area":4534.0828376002255},"geometry":{"type":"Polygon","coordinates":[[[31.711290942,30.1458023206],[31.7117955364,30.1457502227],[31.7119036427,30.1465760215],[31.7113827014,30.1466152518],[31.711290942,30.1458023206]]]}},
{"type":"Feature","properties":{"نمط_العمران":"خدمات ","اسم_المحور":"2","نوع_طبيعة_المنطقة":null,"مساحة_التغير_كم2":null,"نسبة_المساحه":null,"مساحة_التغير_بالمتر":null,"اسم_القطاع":"10","وصف_الاستخدام":null,"SHAPE_Length":459.48367286527593,"SHAPE_Area":12850.678857719082},"geometry":{"type":"Polygon","coordinates":[[[31.713037436,30.1417491747],[31.7116792558,30.141886104],[31.7115551094,30.1410263242],[31.7129466467,30.1408801196],[31.713037436,30.1417491747]]]}},
{"type":"Feature","properties":{"نمط_العمران":"حكومي","اسم_المحور":"2","نوع_طبيعة_المنطقة":null,"مساحة_التغير_كم2":null,"نسبة_المساحه":null,"مساحة_التغير_بالمتر":null,"اسم_القطاع":"10","وصف_الاستخدام":null,"SHAPE_Length":557.26689050786877,"SHAPE_Area":19963.642311511529},"geometry":{"type":"Polygon","coordinates":[[[31.7155409685,30.1416385402],[31.714311254,30.1422635518],[31.71388689,30.1407813223],[31.7152704041,30.1406359346],[31.7155409685,30.1416385402]]]}},
{"type":"Feature","properties":{"نمط_العمران":"حكومي","اسم_المحور":"2","نوع_طبيعة_المنطقة":null,"مساحة_التغير_كم2":null,"نسبة_المساحه":null,"مساحة_التغير_بالمتر":null,"اسم_القطاع":"10","وصف_الاستخدام":null,"SHAPE_Length":501.40135794408081,"SHAPE_Area":14913.778369169828},"geometry":{"type":"Polygon","coordinates":[[[31.6270513605,30.1791591939],[31.6255762157,30.1791713024],[31.6255411533,30.1782696871],[31.6272172625,30.1782873281],[31.6270513605,30.1791591939]]]}},
{"type":"Feature","properties":{"نمط_العمران":"صناعي","اسم_المحور":"2","نوع_طبيعة_المنطقة":null,"مساحة_التغير_كم2":null,"نسبة_المساحه":null,"مساحة_التغير_بالمتر":null,"اسم_القطاع":"10","وصف_الاستخدام":null,"SHAPE_Length":490.11504705368134,"SHAPE_Area":14138.921170261452},"geometry":{"type":"Polygon","coordinates":[[[31.628230421,30.1782979805],[31.6279483721,30.1796646385],[31.6269508636,30.1795439622],[31.6272172625,30.1782873281],[31.628230421,30.1782979805]]]}},
{"type":"Feature","properties":{"نمط_العمران":"ديني","اسم_المحور":"2","نوع_طبيعة_المنطقة":null,"مساحة_التغير_كم2":null,"نسبة_المساحه":null,"مساحة_التغير_بالمتر":null,"اسم_القطاع":"10","وصف_الاستخدام":null,"SHAPE_Length":273.86795254425795,"SHAPE_Area":3848.6623136176936},"geometry":{"type":"Polygon","coordinates":[[[31.657056251,30.1397523661],[31.657301694,30.1399967794],[31.656546225,30.1405650622],[31.6562368856,30.1402799503],[31.657056251,30.1397523661]]]}},
{"type":"Feature","properties":{"نمط_العمران":"خدمات ","اسم_المحور":"2","نوع_طبيعة_المنطقة":null,"مساحة_التغير_كم2":null,"نسبة_المساحه":null,"مساحة_التغير_بالمتر":null,"اسم_القطاع":"10","وصف_الاستخدام":null,"SHAPE_Length":256.21095991073275,"SHAPE_Area":4025.2838987924774},"geometry":{"type":"Polygon","coordinates":[[[31.6577068734,30.1404002561],[31.6580984179,30.1407901494],[31.65748119,30.1411504849],[31.6571017165,30.1407623347],[31.6577068734,30.1404002561]]]}},
{"type":"Feature","properties":{"نمط_العمران":"خدمات ","اسم_المحور":"2","نوع_طبيعة_المنطقة":null,"مساحة_التغير_كم2":null,"نسبة_المساحه":null,"مساحة_التغير_بالمتر":null,"اسم_القطاع":"10","وصف_الاستخدام":null,"SHAPE_Length":1123.7954150318919,"SHAPE_Area":58591.453482340832},"geometry":{"type":"Polygon","coordinates":[[[31.6388412931,30.1539857287],[31.639693274,30.1532840639],[31.6414004254,30.1534524617],[31.640881647,30.1569565318],[31.6397533319,30.1567678001],[31.6397995135,30.1550830125],[31.6388412931,30.1539857287]]]}},
{"type":"Feature","properties":{"نمط_العمران":"خدمات ","اسم_المحور":"2","نوع_طبيعة_المنطقة":null,"مساحة_التغير_كم2":null,"نسبة_المساحه":null,"مساحة_التغير_بالمتر":null,"اسم_القطاع":"10","وصف_الاستخدام":null,"SHAPE_Length":470.37100899319125,"SHAPE_Area":12286.375664697758},"geometry":{"type":"Polygon","coordinates":[[[31.4672386136,30.0685904961],[31.4680370699,30.0686130809],[31.468018085,30.0695852646],[31.4663857066,30.0693768224],[31.4672386136,30.0685904961]]]}},
{"type":"Feature","properties":{"نمط_العمران":"حكومي","اسم_المحور":"2","نوع_طبيعة_المنطقة":null,"مساحة_التغير_كم2":null,"نسبة_المساحه":null,"مساحة_التغير_بالمتر":null,"اسم_القطاع":"10","وصف_الاستخدام":null,"SHAPE_Length":487.68996654647196,"SHAPE_Area":14051.903000703844},"geometry":{"type":"Polygon","coordinates":[[[31.4690213085,30.067087473],[31.4674581043,30.0671058012],[31.4674405244,30.0662538146],[31.4689973263,30.0662538149],[31.4690213085,30.067087473]]]}},
{"type":"Feature","properties":{"نمط_العمران":"تعليمي","اسم_المحور":"2","نوع_طبيعة_المنطقة":null,"مساحة_التغير_كم2":null,"نسبة_المساحه":null,"مساحة_التغير_بالمتر":null,"اسم_القطاع":"10","وصف_الاستخدام":null,"SHAPE_Length":1091.3369577591338,"SHAPE_Area":59815.543917184303},"geometry":{"type":"Polygon","coordinates":[[[31.5540970268,30.0910329551],[31.5555147331,30.0915047078],[31.5543490915,30.0948560651],[31.552779376,30.0944454342],[31.5540970268,30.0910329551]]]}},
{"type":"Feature","properties":{"نمط_العمران":"ديني","اسم_المحور":"2","نوع_طبيعة_المنطقة":null,"مساحة_التغير_كم2":null,"نسبة_المساحه":null,"مساحة_التغير_بالمتر":null,"اسم_القطاع":"10","وصف_الاستخدام":null,"SHAPE_Length":573.57356692643555,"SHAPE_Area":18413.240726753218},"geometry":{"type":"Polygon","coordinates":[[[31.5527754327,30.0965408542],[31.5536910264,30.0967479681],[31.5531153895,30.0984028263],[31.5520900406,30.0981202985],[31.5527754327,30.0965408542]]]}},
{"type":"Feature","properties":{"نمط_العمران":"تعليمي","اسم_المحور":"2","نوع_طبيعة_المنطقة":null,"مساحة_التغير_كم2":null,"نسبة_المساحه":null,"مساحة_التغير_بالمتر":null,"اسم_القطاع":"10","وصف_الاستخدام":null,"SHAPE_Length":448.66809702739619,"SHAPE_Area":12557.684617901523},"geometry":{"type":"Polygon","coordinates":[[[31.5527700573,30.0993955803],[31.5524247105,30.1003883312],[31.5513015302,30.1001119841],[31.5517009643,30.0991403177],[31.5527700573,30.0993955803]]]}},
{"type":"Feature","properties":{"نمط_العمران":"خدمات ","اسم_المحور":"2","نوع_طبيعة_المنطقة":null,"مساحة_التغير_كم2":null,"نسبة_المساحه":null,"مساحة_التغير_بالمتر":null,"اسم_القطاع":"10","وصف_الاستخدام":null,"SHAPE_Length":562.27241696344765,"SHAPE_Area":19246.006333801499},"geometry":{"type":"Polygon","coordinates":[[[31.468859285,30.0309014596],[31.4688622003,30.0320012375],[31.4671780745,30.0319653852],[31.4671623465,30.0309351255],[31.468859285,30.0309014596]]]}},
{"type":"Feature","properties":{"نمط_العمران":"صناعي","اسم_المحور":"2","نوع_طبيعة_المنطقة":null,"مساحة_التغير_كم2":null,"نسبة_المساحه":null,"مساحة_التغير_بالمتر":null,"اسم_القطاع":"10","وصف_الاستخدام":null,"SHAPE_Length":332.72176825299306,"SHAPE_Area":6635.4048683478049},"geometry":{"type":"Polygon","coordinates":[[[31.6346585286,30.0515092508],[31.6344640499,30.0523819048],[31.6337489435,30.052261896],[31.6340231774,30.0513814103],[31.6346585286,30.0515092508]]]}},
{"type":"Feature","properties":{"نمط_العمران":"صناعي","اسم_المحور":"2","نوع_طبيعة_المنطقة":null,"مساحة_التغير_كم2":null,"نسبة_المساحه":null,"مساحة_التغير_بالمتر":null,"اسم_القطاع":"10","وصف_الاستخدام":null,"SHAPE_Length":324.62898933291984,"SHAPE_Area":6329.2309946656933},"geometry":{"type":"Polygon","coordinates":[[[31.7715656215,30.0454462714],[31.7709246066,30.0461282298],[31.7703756041,30.0457619266],[31.7710261881,30.0451058576],[31.7715656215,30.0454462714]]]}},
{"type":"Feature","properties":{"نمط_العمران":"صناعي","اسم_المحور":"2","نوع_طبيعة_المنطقة":null,"مساحة_التغير_كم2":null,"نسبة_المساحه":null,"مساحة_التغير_بالمتر":null,"اسم_القطاع":"10","وصف_الاستخدام":null,"SHAPE_Length":448.93518333462623,"SHAPE_Area":12556.293527721029},"geometry":{"type":"Polygon","coordinates":[[[31.7705004647,30.0444559932],[31.7697393643,30.0452572175],[31.7688179,30.044638038],[31.7694894185,30.0438875809],[31.7705004647,30.0444559932]]]}},
{"type":"Feature","properties":{"نمط_العمران":"صناعي","اسم_المحور":"2","نوع_طبيعة_المنطقة":null,"مساحة_التغير_كم2":null,"نسبة_المساحه":null,"مساحة_التغير_بالمتر":null,"اسم_القطاع":"10","وصف_الاستخدام":null,"SHAPE_Length":277.19477186220678,"SHAPE_Area":3255.6584864619385},"geometry":{"type":"Polygon","coordinates":[[[31.7725166493,30.0456514234],[31.7727254732,30.0452586687],[31.7736039749,30.0455909152],[31.7725166493,30.0456514234]]]}},
{"type":"Feature","properties":{"نمط_العمران":"صناعي","اسم_المحور":"2","نوع_طبيعة_المنطقة":null,"مساحة_التغير_كم2":null,"نسبة_المساحه":null,"مساحة_التغير_بالمتر":null,"اسم_القطاع":"10","وصف_الاستخدام":null,"SHAPE_Length":989.05805236134233,"SHAPE_Area":34160.485360568542},"geometry":{"type":"Polygon","coordinates":[[[31.7759065564,30.048456617],[31.7739029576,30.048311369],[31.7736115422,30.0473180087],[31.774600193,30.0471731239],[31.7741906951,30.0460080531],[31.7745221832,30.0458020064],[31.7757101369,30.0474531374],[31.7759065564,30.048456617]]]}},
{"type":"Feature","properties":{"نمط_العمران":"صناعي","اسم_المحور":"2","نوع_طبيعة_المنطقة":null,"مساحة_التغير_كم2":null,"نسبة_المساحه":null,"مساحة_التغير_بالمتر":null,"اسم_القطاع":"10","وصف_الاستخدام":null,"SHAPE_Length":207.17463916630311,"SHAPE_Area":1628.4366583451285},"geometry":{"type":"Polygon","coordinates":[[[31.7735868781,30.0492785929],[31.7732236919,30.0488525299],[31.7738028571,30.0488367985],[31.7735868781,30.0492785929]]]}},
{"type":"Feature","properties":{"نمط_العمران":"صناعي","اسم_المحور":"2","نوع_طبيعة_المنطقة":null,"مساحة_التغير_كم2":null,"نسبة_المساحه":null,"مساحة_التغير_بالمتر":null,"اسم_القطاع":"10","وصف_الاستخدام":null,"SHAPE_Length":2643.1358728210053,"SHAPE_Area":162759.69932594369},"geometry":{"type":"Polygon","coordinates":[[[31.778505199,30.0590720706],[31.7765724276,30.059484066],[31.7769077612,30.0579393068],[31.7754306449,30.0582781301],[31.7748875596,30.0566219993],[31.7754532917,30.0564380844],[31.7753009643,30.0559637026],[31.7766598591,30.0555893826],[31.7764987,30.0550289268],[31.7759733608,30.0551444281],[31.7750611065,30.0521605629],[31.7753684579,30.052086032],[31.7751653211,30.0513119464],[31.7760531426,30.0510690852],[31.7769879899,30.0546293097],[31.7774141679,30.0545386804],[31.7778253486,30.0556690153],[31.7781622553,30.0556033521],[31.778505199,30.0590720706]]]}},
{"type":"Feature","properties":{"نمط_العمران":"صناعي","اسم_المحور":"2","نوع_طبيعة_المنطقة":null,"مساحة_التغير_كم2":null,"نسبة_المساحه":null,"مساحة_التغير_بالمتر":null,"اسم_القطاع":"10","وصف_الاستخدام":null,"SHAPE_Length":984.08126008757654,"SHAPE_Area":51298.077951209649},"geometry":{"type":"Polygon","coordinates":[[[31.7797551747,30.0619386554],[31.7771785679,30.0624478748],[31.7768043178,30.0623326013],[31.7765144903,30.0609798102],[31.7790910607,30.0604706036],[31.7793926651,30.0600606367],[31.7797551747,30.0619386554]]]}},
{"type":"Feature","properties":{"نمط_العمران":"صناعي","اسم_المحور":"2","نوع_طبيعة_المنطقة":null,"مساحة_التغير_كم2":null,"نسبة_المساحه":null,"مساحة_التغير_بالمتر":null,"اسم_القطاع":"10","وصف_الاستخدام":null,"SHAPE_Length":1511.9603412224617,"SHAPE_Area":74359.767307369693},"geometry":{"type":"Polygon","coordinates":[[[31.7511600333,30.0493050854],[31.7505755262,30.0492799622],[31.7504861634,30.0474397038],[31.7486795369,30.0471192192],[31.7486885842,30.0455049295],[31.7483062628,30.0455012913],[31.7482800325,30.0449042124],[31.7497207027,30.0448102917],[31.74971247,30.0454657478],[31.7512310031,30.045441039],[31.7511600333,30.0493050854]]]}},
{"type":"Feature","properties":{"نمط_العمران":"صناعي","اسم_المحور":"2","نوع_طبيعة_المنطقة":null,"مساحة_التغير_كم2":null,"نسبة_المساحه":null,"مساحة_التغير_بالمتر":null,"اسم_القطاع":"10","وصف_الاستخدام":null,"SHAPE_Length":965.46320666798192,"SHAPE_Area":47893.716741757693},"geometry":{"type":"Polygon","coordinates":[[[31.745726725,30.0440482383],[31.7426069137,30.0453099489],[31.7418681104,30.0441483589],[31.7452461448,30.0429184832],[31.745726725,30.0440482383]]]}},
{"type":"Feature","properties":{"نمط_العمران":"صناعي","اسم_المحور":"2","نوع_طبيعة_المنطقة":null,"مساحة_التغير_كم2":null,"نسبة_المساحه":null,"مساحة_التغير_بالمتر":null,"اسم_القطاع":"10","وصف_الاستخدام":null,"SHAPE_Length":230.13543498684234,"SHAPE_Area":3044.5398406975278},"geometry":{"type":"Polygon","coordinates":[[[31.7412359897,30.0457570748],[31.740853727,30.0459832915],[31.7404341657,30.0454175223],[31.7407747025,30.0452391908],[31.7412359897,30.0457570748]]]}},
{"type":"Feature","properties":{"نمط_العمران":"قوات  مسلحة","اسم_المحور":"2","نوع_طبيعة_المنطقة":null,"مساحة_التغير_كم2":null,"نسبة_المساحه":null,"مساحة_التغير_بالمتر":null,"اسم_القطاع":"10","وصف_الاستخدام":null,"SHAPE_Length":596.0347242347666,"SHAPE_Area":20913.197044915836},"geometry":{"type":"Polygon","coordinates":[[[31.7542642526,30.0465949776],[31.7543917547,30.0478390327],[31.7528637231,30.0479710475],[31.7528241708,30.0466400333],[31.7542642526,30.0465949776]]]}},
{"type":"Feature","properties":{"نمط_العمران":"اسكان مخطط اقتصادى","اسم_المحور":"2","نوع_طبيعة_المنطقة":null,"مساحة_التغير_كم2":null,"نسبة_المساحه":null,"مساحة_التغير_بالمتر":null,"اسم_القطاع":"10","وصف_الاستخدام":null,"SHAPE_Length":1487.8189905376207,"SHAPE_Area":129842.09305647563},"geometry":{"type":"Polygon","coordinates":[[[31.6728049003,30.1588884647],[31.6729349872,30.1566777959],[31.6773697273,30.1556456831],[31.6762148076,30.1596770591],[31.6728049003,30.1588884647]]]}},
{"type":"Feature","properties":{"نمط_العمران":"اسكان اجتماعى شباب","اسم_المحور":"2","نوع_طبيعة_المنطقة":null,"مساحة_التغير_كم2":null,"نسبة_المساحه":null,"مساحة_التغير_بالمتر":null,"اسم_القطاع":"10","وصف_الاستخدام":null,"SHAPE_Length":3657.4670647891962,"SHAPE_Area":529748.95957843005},"geometry":{"type":"Polygon","coordinates":[[[31.7052844783,30.1741311564],[31.7004399117,30.1741884648],[31.6977343025,30.1735194169],[31.6982438797,30.1725435452],[31.6984807603,30.1727422029],[31.699572295,30.1714720919],[31.7011170503,30.1704935081],[31.6987077841,30.168586272],[31.6997562157,30.1674666524],[31.6979380448,30.1662606545],[31.6995734908,30.1645900639],[31.7010937764,30.1656978178],[31.7044235388,30.165536799],[31.7052844783,30.1741311564]]]}},
{"type":"Feature","properties":{"نمط_العمران":"كمبوند","اسم_المحور":"2","نوع_طبيعة_المنطقة":null,"مساحة_التغير_كم2":null,"نسبة_المساحه":null,"مساحة_التغير_بالمتر":null,"اسم_القطاع":"10","وصف_الاستخدام":null,"SHAPE_Length":1502.66424243916,"SHAPE_Area":138008.12669179076},"geometry":{"type":"Polygon","coordinates":[[[31.6131153738,30.0532009816],[31.6144078826,30.0500094386],[31.6169232738,30.0505585221],[31.6164949243,30.0527853619],[31.6166585733,30.0544752495],[31.6142819685,30.0547376564],[31.6131153738,30.0532009816]]]}},
{"type":"Feature","properties":{"نمط_العمران":"كمبوند","اسم_المحور":"2","نوع_طبيعة_المنطقة":null,"مساحة_التغير_كم2":null,"نسبة_المساحه":null,"مساحة_التغير_بالمتر":null,"اسم_القطاع":"10","وصف_الاستخدام":null,"SHAPE_Length":2648.6096997182485,"SHAPE_Area":406237.96810124768},"geometry":{"type":"Polygon","coordinates":[[[31.6166036101,30.0517334412],[31.6256850869,30.0546069873],[31.6252412744,30.0564134159],[31.6228249181,30.0592993029],[31.617535986,30.0557080058],[31.6166585723,30.0544752467],[31.6166036101,30.0517334412]]]}},
{"type":"Feature","properties":{"نمط_العمران":"كمبوند","اسم_المحور":"2","نوع_طبيعة_المنطقة":null,"مساحة_التغير_كم2":null,"نسبة_المساحه":null,"مساحة_التغير_بالمتر":null,"اسم_القطاع":"10","وصف_الاستخدام":null,"SHAPE_Length":2016.1800672583677,"SHAPE_Area":147707.81708872766},"geometry":{"type":"Polygon","coordinates":[[[31.6223792644,30.0485719484],[31.6241120772,30.0498239035],[31.6277849465,30.0492090286],[31.6282470842,30.0505464886],[31.6263070111,30.0518327445],[31.6192690861,30.0495749717],[31.6223792644,30.0485719484]]]}},
{"type":"Feature","properties":{"نمط_العمران":"اسكان مخطط اقتصادى","اسم_المحور":"2","نوع_طبيعة_المنطقة":null,"مساحة_التغير_كم2":null,"نسبة_المساحه":null,"مساحة_التغير_بالمتر":null,"اسم_القطاع":"10","وصف_الاستخدام":null,"SHAPE_Length":770.75821539673643,"SHAPE_Area":26219.518338903421},"geometry":{"type":"Polygon","coordinates":[[[31.7296962623,30.1249047088],[31.730199018,30.1253443781],[31.731107023,30.1249035956],[31.7314737636,30.1251822191],[31.7295679502,30.1264744272],[31.728537694,30.1252039806],[31.7296962623,30.1249047088]]]}},
{"type":"Feature","properties":{"نمط_العمران":"اسكان مخطط اقتصادى","اسم_المحور":"2","نوع_طبيعة_المنطقة":null,"مساحة_التغير_كم2":null,"نسبة_المساحه":null,"مساحة_التغير_بالمتر":null,"اسم_القطاع":"10","وصف_الاستخدام":null,"SHAPE_Length":473.96723057439669,"SHAPE_Area":11892.843352761578},"geometry":{"type":"Polygon","coordinates":[[[31.7402685299,30.1316697433],[31.7410681437,30.1316195386],[31.7412511837,30.1329358798],[31.7404510324,30.1330274226],[31.7402685299,30.1316697433]]]}},
{"type":"Feature","properties":{"نمط_العمران":"اسكان اجتماعى شباب","اسم_المحور":"2","نوع_طبيعة_المنطقة":null,"مساحة_التغير_كم2":null,"نسبة_المساحه":null,"مساحة_التغير_بالمتر":null,"اسم_القطاع":"10","وصف_الاستخدام":null,"SHAPE_Length":8197.1746176838806,"SHAPE_Area":2017850.4093875068},"geometry":{"type":"Polygon","coordinates":[[[31.7813701799,30.1412626057],[31.7813684031,30.1375745344],[31.7834093615,30.1369784119],[31.7847930895,30.1359839509],[31.7859347885,30.1340487161],[31.7860077006,30.1321809955],[31.7867217753,30.1319198319],[31.7862340442,30.1311120311],[31.7815910532,30.1290710915],[31.7798841778,30.1291376298],[31.7783367545,30.1287326032],[31.7772461183,30.1290305533],[31.7763682867,30.1298670066],[31.7749749976,30.129483264],[31.7755929834,30.1274087089],[31.7746722996,30.1271323559],[31.7751727851,30.1230587726],[31.7909797857,30.1227933184],[31.7918523142,30.1230431157],[31.7926989636,30.1236536254],[31.7955523689,30.1283018344],[31.7957927081,30.1305680263],[31.7952151636,30.1330279128],[31.7916920962,30.1323982138],[31.7898096158,30.1345755928],[31.7871423341,30.1359136064],[31.7860696738,30.1368608803],[31.7854586828,30.138313897],[31.7854052235,30.1407438758],[31.7842859874,30.1411866538],[31.7813701799,30.1412626057]]]}},
{"type":"Feature","properties":{"نمط_العمران":"اسكان اجتماعى شباب","اسم_المحور":"2","نوع_طبيعة_المنطقة":null,"مساحة_التغير_كم2":null,"نسبة_المساحه":null,"مساحة_التغير_بالمتر":null,"اسم_القطاع":"10","وصف_الاستخدام":null,"SHAPE_Length":18900.71348060104,"SHAPE_Area":8690285.5686178841},"geometry":{"type":"Polygon","coordinates":[[[31.8233121335,30.1615316413],[31.8219693397,30.1630544069],[31.8228819486,30.1642904498],[31.819747789,30.1655913994],[31.8076347207,30.1668062541],[31.8052492154,30.1659493104],[31.8042656786,30.1641092072],[31.8045135397,30.1624326804],[31.8077858599,30.1576480811],[31.8097385664,30.1527052932],[31.810798505,30.1420817056],[31.8104692812,30.1341959028],[31.812052111,30.1341365639],[31.8113794168,30.1266160028],[31.8095421886,30.1266975868],[31.8084335371,30.1208508554],[31.8110520569,30.120198773],[31.8106513247,30.1197082682],[31.8085415189,30.1200411947],[31.8083898375,30.1182192112],[31.8099771957,30.118032433],[31.8101398778,30.1189391818],[31.8134412118,30.116685748],[31.8129743489,30.1160578945],[31.8120324688,30.1164517223],[31.8115999513,30.1148887249],[31.8144537493,30.1142506484],[31.8147604549,30.1147261716],[31.8154099745,30.1145912112],[31.8165373938,30.1157592145],[31.8195928226,30.1135928395],[31.8237816422,30.1126975182],[31.8280263955,30.1135093396],[31.8286516432,30.113727846],[31.8292578498,30.1139837165],[31.8298420657,30.114275706],[31.8304014481,30.1146023938],[31.8309332748,30.1149621905],[31.8314349579,30.1153533453],[31.8319040559,30.115773955],[31.8323382857,30.1162219729],[31.8327355339,30.116695219],[31.8330938669,30.1171913905],[31.8334115406,30.117708073],[31.8336870083,30.1182427522],[31.8339189288,30.1187928263],[31.8341061729,30.1193556184],[31.8342478286,30.1199283898],[31.8343432056,30.120508353],[31.8343918391,30.1210926857],[31.8343934914,30.121678544],[31.8343481538,30.1222630769],[31.8342560461,30.1228434394],[31.8341176156,30.123416807],[31.8330927384,30.1258960116],[31.8312060401,30.128680287],[31.8302493053,30.1312042262],[31.8285385277,30.1340283958],[31.8274196225,30.1353230056],[31.822398105,30.1381174753],[31.8209241156,30.1395623227],[31.816354343,30.1451616512],[31.8158876987,30.1472678146],[31.8136353824,30.1473242158],[31.8133002386,30.153191853],[31.8199443929,30.1534586126],[31.8233017394,30.1549702104],[31.8259108233,30.1566207379],[31.8267108719,30.158766999],[31.8264071047,30.1602447939],[31.8259225311,30.1610945803],[31.8236321267,30.1606136216],[31.8233121335,30.1615316413]]]}},
{"type":"Feature","properties":{"نمط_العمران":"اسكان اجتماعى شباب","اسم_المحور":"2","نوع_طبيعة_المنطقة":null,"مساحة_التغير_كم2":null,"نسبة_المساحه":null,"مساحة_التغير_بالمتر":null,"اسم_القطاع":"10","وصف_الاستخدام":null,"SHAPE_Length":7461.677781937693,"SHAPE_Area":1701315.2104074331},"geometry":{"type":"Polygon","coordinates":[[[31.7449370022,30.1615861006],[31.7555038342,30.1590071261],[31.7544621225,30.1551360991],[31.7583067771,30.1542661344],[31.7616008439,30.1545912297],[31.7644001078,30.1539071936],[31.7656244181,30.1551925766],[31.7679896522,30.1599427865],[31.7703451603,30.1632230258],[31.7566614311,30.1625352253],[31.7419491603,30.1659930103],[31.7404905076,30.1609800581],[31.7449370022,30.1615861006]]]}},
{"type":"Feature","properties":{"نمط_العمران":"اسكان مخطط اقتصادى","اسم_المحور":"2","نوع_طبيعة_المنطقة":null,"مساحة_التغير_كم2":null,"نسبة_المساحه":null,"مساحة_التغير_بالمتر":null,"اسم_القطاع":"10","وصف_الاستخدام":null,"SHAPE_Length":3663.2331537672117,"SHAPE_Area":568974.69182269671},"geometry":{"type":"Polygon","coordinates":[[[31.6762148076,30.1596770591],[31.6748753751,30.1643520378],[31.671936819,30.1636820118],[31.6721229914,30.1622868547],[31.6659869784,30.1627776064],[31.6643503064,30.1624407999],[31.6647466721,30.1576806326],[31.6654767753,30.156011957],[31.6688015507,30.1577128147],[31.6688384533,30.1586338168],[31.6728048982,30.1588884638],[31.6762148076,30.1596770591]]]}},
{"type":"Feature","properties":{"نمط_العمران":"اسكان مخطط اقتصادى","اسم_المحور":"2","نوع_طبيعة_المنطقة":null,"مساحة_التغير_كم2":null,"نسبة_المساحه":null,"مساحة_التغير_بالمتر":null,"اسم_القطاع":"10","وصف_الاستخدام":null,"SHAPE_Length":3561.1477236052547,"SHAPE_Area":481721.29408931581},"geometry":{"type":"Polygon","coordinates":[[[31.5095751017,30.0894716504],[31.508634975,30.0877061473],[31.5053310747,30.086540009],[31.5049313925,30.0857117092],[31.5050687809,30.0848370471],[31.5055507191,30.0842046881],[31.5100046934,30.0843304006],[31.5199047247,30.0865519341],[31.5209520687,30.0864506489],[31.5210045902,30.0868348108],[31.5095751017,30.0894716504]]]}},
{"type":"Feature","properties":{"نمط_العمران":"كمبوند","اسم_المحور":"2","نوع_طبيعة_المنطقة":null,"مساحة_التغير_كم2":null,"نسبة_المساحه":null,"مساحة_التغير_بالمتر":null,"اسم_القطاع":"10","وصف_الاستخدام":null,"SHAPE_Length":3378.4133090072082,"SHAPE_Area":598013.82642136212},"geometry":{"type":"Polygon","coordinates":[[[31.5985879121,30.0618708539],[31.5967454926,30.0617025801],[31.5967694329,30.0611728364],[31.5957492168,30.0611189701],[31.5952215399,30.05910045],[31.5919552678,30.0571299512],[31.5929826876,30.05600286],[31.5946751311,30.0528136467],[31.5991920631,30.0546296474],[31.6032353006,30.0593529209],[31.602482393,30.061260422],[31.5990334383,30.0603875846],[31.5985879121,30.0618708539]]]}}
]
}
