{"type":"FeatureCollection","features":[{"type":"Feature","properties":{"landuse_value":3,"landuse_code":3,"landuse_label":null,"source_feature_count":475,"area_km2":37873576.392906},"geometry":{"type":"MultiPolygon","coordinates":[[[[31.979039,26.160409],[31.979281,26.160279],[31.979081,26.160101],[31.979261,26.159906],[31.979459,26.159987],[31.979499,26.15991],[31.979283,26.159715],[31.979467,26.159531],[31.979593,26.159638],[31.979615,26.159353],[31.979815,26.159507],[31.97989,26.15944],[31.979651,26.159245],[31.97974,26.159157],[31.979627,26.159092],[31.979469,26.159191],[31.978982,26.158899],[31.979198,26.158694],[31.978996,26.158523],[31.978909,26.158623],[31.978466,26.158352],[31.978555,26.158232],[31.978357,26.158026],[31.978502,26.15739],[31.978641,26.157162],[31.978898,26.157316],[31.979091,26.15712],[31.979572,26.157371],[31.979958,26.157008],[31.980253,26.157276],[31.980406,26.157108],[31.97982,26.156691],[31.979616,26.156904],[31.979152,26.156466],[31.979441,26.156122],[31.979113,26.156069],[31.979349,26.155851],[31.979207,26.15575],[31.978849,26.156082],[31.97852,26.155795],[31.978234,26.156019],[31.978371,26.156183],[31.978207,26.156329],[31.978474,26.156528],[31.97789,26.157097],[31.977196,26.156853],[31.97689,26.157189],[31.976441,26.156772],[31.975394,26.156152],[31.97522,26.156304],[31.976027,26.156939],[31.976137,26.156837],[31.976283,26.156947],[31.976221,26.157],[31.976559,26.157375],[31.976349,26.157544],[31.976488,26.157648],[31.976282,26.158115],[31.976384,26.158179],[31.976549,26.158003],[31.976644,26.158084],[31.976948,26.158014],[31.976863,26.158766],[31.976413,26.15928],[31.976262,26.159271],[31.976409,26.159554],[31.976259,26.159712],[31.976052,26.159535],[31.975786,26.159815],[31.976435,26.160355],[31.976567,26.160209],[31.976906,26.160309],[31.977045,26.160168],[31.976658,26.159859],[31.976858,26.159608],[31.977234,26.159909],[31.977339,26.159795],[31.976942,26.159478],[31.977154,26.159371],[31.977521,26.1596],[31.977659,26.159412],[31.977167,26.159033],[31.97722,26.158934],[31.977326,26.159038],[31.977578,26.158851],[31.977492,26.159024],[31.977956,26.159209],[31.978091,26.159434],[31.978323,26.159259],[31.978506,26.159408],[31.978594,26.159294],[31.978317,26.159049],[31.978382,26.158948],[31.978145,26.158593],[31.97949,26.159415],[31.979252,26.15962],[31.979066,26.159491],[31.978841,26.159703],[31.978481,26.159441],[31.978325,26.159773],[31.978772,26.160117],[31.978646,26.160386],[31.979088,26.160745],[31.979252,26.160614],[31.979039,26.160409]]],[[[31.984068,26.159819],[31.984187,26.160129],[31.98406,26.160275],[31.984167,26.160375],[31.98656,26.159948],[31.986621,26.159813],[31.986735,26.159861],[31.986874,26.159741],[31.986965,26.159796],[31.986999,26.159643],[31.987086,26.159691],[31.987143,26.159625],[31.986981,26.159509],[31.987329,26.159275],[31.987172,26.159146],[31.98701,26.159257],[31.986828,26.159217],[31.986448,26.158949],[31.986148,26.159355],[31.985376,26.158766],[31.98552,26.158647],[31.985417,26.158524],[31.984721,26.158913],[31.984802,26.159108],[31.984518,26.159404],[31.984567,26.159489],[31.984068,26.159819]]],[[[31.992459,26.158697],[31.992193,26.158507],[31.992045,26.158654],[31.991779,26.158512],[31.991945,26.158311],[31.99186,26.158193],[31.992216,26.157924],[31.991873,26.157641],[31.991152,26.158305],[31.991835,26.158845],[31.992459,26.158697]]],[[[31.991364,26.158955],[31.991067,26.158778],[31.990723,26.15905],[31.990761,26.159093],[31.991364,26.158955]]],[[[31.990499,26.157823],[31.990838,26.157483],[31.990669,26.157371],[31.990249,26.157627],[31.990499,26.157823]]],[[[31.989721,26.155053],[31.989894,26.15498],[31.989642,26.154175],[31.989023,26.154823],[31.989721,26.155053]]],[[[31.989001,26.154212],[31.989365,26.153994],[31.989494,26.154082],[31.989625,26.153979],[31.990239,26.153339],[31.989933,26.153216],[31.990195,26.153015],[31.990408,26.153173],[31.990658,26.152987],[31.990539,26.15272],[31.990399,26.152891],[31.990313,26.152833],[31.990453,26.152415],[31.990041,26.152098],[31.990251,26.151792],[31.990361,26.151893],[31.99045,26.151817],[31.991024,26.152218],[31.991263,26.151969],[31.991341,26.152013],[31.991154,26.152176],[31.991463,26.152452],[31.991167,26.152797],[31.991421,26.153056],[31.991544,26.15292],[31.991691,26.153058],[31.992001,26.152726],[31.992304,26.152822],[31.992424,26.152676],[31.99113,26.151571],[31.991293,26.151492],[31.991563,26.151617],[31.991798,26.151355],[31.991946,26.151433],[31.992121,26.15129],[31.991981,26.151176],[31.992344,26.150837],[31.991724,26.150318],[31.992119,26.150004],[31.991787,26.149694],[31.991652,26.14989],[31.991186,26.149326],[31.991409,26.149227],[31.991544,26.149418],[31.991856,26.1492],[31.99194,26.149423],[31.992097,26.149292],[31.991923,26.149098],[31.992052,26.149],[31.991955,26.148866],[31.992049,26.148747],[31.991574,26.1484],[31.991155,26.148941],[31.991058,26.148912],[31.989919,26.147976],[31.989758,26.148302],[31.990322,26.148811],[31.989631,26.149458],[31.98981,26.149637],[31.989628,26.149623],[31.989566,26.149986],[31.989429,26.149992],[31.989078,26.150354],[31.988325,26.150485],[31.988398,26.150663],[31.988698,26.150642],[31.988817,26.151023],[31.987896,26.151819],[31.987969,26.151926],[31.987849,26.152079],[31.987553,26.152037],[31.987658,26.151891],[31.98754,26.151826],[31.987338,26.152099],[31.987518,26.152207],[31.98725,26.152469],[31.986878,26.152246],[31.986814,26.152356],[31.987215,26.152596],[31.987047,26.152825],[31.98726,26.15295],[31.987369,26.152834],[31.987464,26.152932],[31.987583,26.152849],[31.987968,26.152391],[31.98827,26.152657],[31.988649,26.152412],[31.988855,26.152571],[31.988964,26.152458],[31.989243,26.152761],[31.989044,26.15301],[31.989201,26.153302],[31.988756,26.15376],[31.988874,26.153864],[31.988842,26.154108],[31.989001,26.154212]]],[[[31.972428,26.161779],[31.971978,26.161431],[31.97201,26.161069],[31.971812,26.160805],[31.971719,26.160861],[31.971265,26.160673],[31.97092,26.160788],[31.970861,26.160576],[31.97123,26.16044],[31.971145,26.1603],[31.970922,26.16039],[31.970643,26.159819],[31.970392,26.159796],[31.970393,26.160082],[31.970478,26.160053],[31.970585,26.160343],[31.970774,26.160341],[31.970315,26.160637],[31.970234,26.160525],[31.970145,26.160582],[31.970379,26.160908],[31.970504,26.160827],[31.970674,26.16132],[31.970852,26.161254],[31.971289,26.161742],[31.97127,26.161856],[31.972428,26.161779]]],[[[31.9663,26.160793],[31.967992,26.160381],[31.969098,26.159579],[31.969212,26.159794],[31.969963,26.15944],[31.970088,26.159493],[31.970077,26.159405],[31.970463,26.159198],[31.970685,26.159215],[31.971066,26.15949],[31.971941,26.159127],[31.971633,26.158426],[31.971053,26.158304],[31.969923,26.157236],[31.968971,26.155729],[31.968254,26.154871],[31.967811,26.155372],[31.968098,26.155928],[31.967775,26.156153],[31.968036,26.156611],[31.967775,26.156677],[31.96761,26.156937],[31.96792,26.157331],[31.967723,26.157408],[31.967773,26.157648],[31.968203,26.157354],[31.968518,26.1578],[31.967929,26.158234],[31.968367,26.158899],[31.967221,26.159602],[31.96685,26.159056],[31.966413,26.159324],[31.965866,26.160355],[31.965529,26.16074],[31.965445,26.160538],[31.964333,26.161159],[31.964608,26.161452],[31.9663,26.160793]]],[[[31.976271,26.156938],[31.97628,26.156949],[31.976283,26.156947],[31.976271,26.156938]]],[[[31.978972,26.152321],[31.977078,26.151345],[31.976988,26.151431],[31.97672,26.151225],[31.976802,26.151136],[31.976123,26.150887],[31.976333,26.150578],[31.975971,26.150262],[31.975739,26.150313],[31.975631,26.150129],[31.975742,26.150046],[31.975432,26.149773],[31.974698,26.15031],[31.974318,26.150814],[31.974931,26.151424],[31.974828,26.15166],[31.975006,26.151614],[31.975281,26.151937],[31.975775,26.152198],[31.976049,26.152622],[31.974839,26.153771],[31.97525,26.154152],[31.975176,26.154289],[31.975443,26.154561],[31.975065,26.154986],[31.975514,26.15529],[31.975439,26.155383],[31.975564,26.155487],[31.975425,26.155807],[31.975284,26.155749],[31.975173,26.155845],[31.975737,26.156297],[31.976008,26.155958],[31.976211,26.156057],[31.976787,26.155419],[31.976989,26.155538],[31.977285,26.155216],[31.97777,26.155617],[31.977938,26.155447],[31.977324,26.154989],[31.977556,26.154705],[31.977154,26.154462],[31.977475,26.154382],[31.977549,26.154152],[31.977443,26.154075],[31.977632,26.15377],[31.977935,26.153931],[31.978181,26.153577],[31.977853,26.153397],[31.978012,26.153191],[31.978256,26.153296],[31.978402,26.153096],[31.97806,26.152922],[31.978297,26.15255],[31.978647,26.152672],[31.978953,26.152434],[31.978972,26.152321]]],[[[32.036124,26.135881],[32.036379,26.135748],[32.036643,26.135336],[32.036782,26.134674],[32.03646,26.134421],[32.03629,26.134697],[32.036134,26.134639],[32.035997,26.134481],[32.036416,26.134118],[32.035835,26.133734],[32.035053,26.134243],[32.03474,26.133873],[32.03384,26.134463],[32.034415,26.134956],[32.035005,26.134577],[32.035229,26.134782],[32.034956,26.135017],[32.035172,26.135165],[32.035645,26.134826],[32.036124,26.135881]]],[[[32.036485,26.13723],[32.037427,26.136547],[32.037198,26.136092],[32.038119,26.135112],[32.037931,26.134931],[32.037449,26.135278],[32.037405,26.135042],[32.036769,26.135527],[32.036267,26.136111],[32.036438,26.136161],[32.036747,26.135992],[32.036818,26.136082],[32.036435,26.136552],[32.036176,26.136216],[32.035599,26.136049],[32.035276,26.13634],[32.035367,26.136555],[32.035753,26.136688],[32.035922,26.136517],[32.036233,26.136754],[32.036143,26.136934],[32.036485,26.13723]]],[[[32.036454,26.12877],[32.036822,26.128983],[32.036881,26.128908],[32.036711,26.12878],[32.036824,26.128671],[32.036998,26.128852],[32.037335,26.128631],[32.036965,26.128224],[32.037058,26.12807],[32.037589,26.128438],[32.037703,26.128359],[32.037623,26.128256],[32.038054,26.127879],[32.037259,26.127268],[32.037504,26.127029],[32.036941,26.126593],[32.037368,26.126208],[32.036663,26.125694],[32.036085,26.126213],[32.03523,26.125726],[32.036047,26.124588],[32.035733,26.124346],[32.036408,26.123632],[32.036833,26.123885],[32.036973,26.123741],[32.037568,26.124154],[32.03778,26.123856],[32.037235,26.123507],[32.037688,26.123169],[32.037539,26.123042],[32.037622,26.122954],[32.03738,26.122423],[32.037884,26.122018],[32.037756,26.121878],[32.03998,26.120027],[32.040813,26.120691],[32.040943,26.12058],[32.041348,26.120956],[32.041625,26.120673],[32.040254,26.119513],[32.040492,26.119402],[32.040426,26.119171],[32.040603,26.118949],[32.040061,26.118583],[32.039945,26.118673],[32.038957,26.117876],[32.038598,26.118325],[32.038342,26.118294],[32.038093,26.117934],[32.038141,26.117746],[32.038003,26.117683],[32.037647,26.118015],[32.038219,26.117397],[32.038369,26.117497],[32.038497,26.117342],[32.038187,26.117099],[32.038025,26.117145],[32.037585,26.11779],[32.037268,26.117688],[32.036822,26.118531],[32.035896,26.117904],[32.035744,26.118085],[32.036589,26.118846],[32.036344,26.119008],[32.035752,26.118539],[32.035567,26.118535],[32.035256,26.118884],[32.035054,26.118738],[32.034811,26.119084],[32.034869,26.119192],[32.034571,26.119447],[32.03431,26.119165],[32.034549,26.118902],[32.034153,26.118542],[32.033633,26.119163],[32.033271,26.119065],[32.033106,26.119334],[32.033969,26.11991],[32.033832,26.120089],[32.033044,26.119641],[32.033126,26.119558],[32.032906,26.119362],[32.033003,26.119246],[32.031999,26.118491],[32.031769,26.118999],[32.032329,26.119352],[32.03214,26.119638],[32.031668,26.119311],[32.031586,26.119631],[32.032425,26.120184],[32.032206,26.120709],[32.03207,26.12062],[32.031995,26.12074],[32.032164,26.120884],[32.032276,26.120758],[32.032707,26.121018],[32.032426,26.121436],[32.033023,26.12178],[32.032775,26.122225],[32.032064,26.121921],[32.031846,26.121993],[32.031833,26.122449],[32.032964,26.123249],[32.03297,26.123373],[32.033418,26.123708],[32.033295,26.124042],[32.032892,26.123851],[32.032837,26.124169],[32.03252,26.124037],[32.032438,26.124198],[32.031891,26.12385],[32.031827,26.125009],[32.032047,26.125254],[32.032253,26.125013],[32.032466,26.12514],[32.032676,26.124864],[32.033082,26.125091],[32.032819,26.1254],[32.032616,26.125291],[32.032556,26.125415],[32.032069,26.125301],[32.032451,26.125591],[32.032349,26.125708],[32.032555,26.125889],[32.032781,26.125526],[32.033827,26.126225],[32.033874,26.126028],[32.033694,26.125856],[32.033768,26.125693],[32.033894,26.125694],[32.0341,26.125915],[32.034337,26.125811],[32.034746,26.126067],[32.034927,26.125958],[32.035455,26.126515],[32.035776,26.126116],[32.036312,26.126492],[32.035972,26.126838],[32.036297,26.126923],[32.036692,26.12723],[32.03651,26.127384],[32.036726,26.127556],[32.037035,26.127322],[32.037095,26.12773],[32.036847,26.128295],[32.036454,26.12877]]],[[[32.038082,26.129703],[32.03841,26.129387],[32.038536,26.129461],[32.038943,26.12939],[32.039666,26.128643],[32.039283,26.127942],[32.038228,26.128881],[32.038103,26.128753],[32.037626,26.129198],[32.0377,26.129255],[32.037606,26.129357],[32.038082,26.129703]]],[[[32.069586,26.121508],[32.071733,26.120747],[32.073552,26.12006],[32.071402,26.118302],[32.070819,26.118951],[32.070893,26.119149],[32.071446,26.119506],[32.071294,26.119648],[32.070769,26.119242],[32.07036,26.119722],[32.070593,26.119823],[32.070475,26.119921],[32.070986,26.120389],[32.070634,26.120647],[32.070029,26.120194],[32.069851,26.120322],[32.069752,26.120408],[32.07001,26.120588],[32.069934,26.120674],[32.069847,26.120618],[32.069621,26.120898],[32.069504,26.120739],[32.069406,26.120806],[32.069397,26.120944],[32.069576,26.121072],[32.069426,26.121095],[32.069749,26.121319],[32.069586,26.121508]]],[[[32.069586,26.121508],[32.069139,26.121097],[32.068884,26.121393],[32.068971,26.121445],[32.068811,26.121714],[32.068655,26.121471],[32.068223,26.12197],[32.069586,26.121508]]],[[[32.068129,26.122002],[32.068182,26.121786],[32.068698,26.121282],[32.068545,26.121182],[32.06743,26.122228],[32.068129,26.122002]]],[[[32.083899,26.121397],[32.084262,26.12104],[32.084157,26.120859],[32.083902,26.120735],[32.083745,26.120832],[32.083549,26.120549],[32.08346,26.120636],[32.083364,26.120529],[32.083339,26.120321],[32.083125,26.120184],[32.08295,26.120316],[32.082874,26.120228],[32.083386,26.119529],[32.083237,26.11936],[32.083371,26.119241],[32.083286,26.119164],[32.082882,26.11956],[32.08273,26.119466],[32.082537,26.119638],[32.082423,26.119525],[32.082595,26.119375],[32.082507,26.119316],[32.08221,26.119607],[32.082081,26.119507],[32.082209,26.119372],[32.082145,26.119305],[32.082014,26.119451],[32.081741,26.119279],[32.081879,26.119011],[32.081782,26.118939],[32.082055,26.11865],[32.081851,26.118444],[32.081317,26.118819],[32.08125,26.118733],[32.081858,26.118301],[32.081542,26.118336],[32.081349,26.118212],[32.081165,26.118324],[32.08083,26.118119],[32.081201,26.118051],[32.081191,26.117949],[32.080887,26.117937],[32.080733,26.11696],[32.08031,26.117237],[32.080068,26.117039],[32.080237,26.116786],[32.07984,26.116738],[32.07946,26.116285],[32.079066,26.116147],[32.078807,26.116401],[32.078687,26.11631],[32.078809,26.116145],[32.07847,26.115992],[32.078173,26.115678],[32.078432,26.115481],[32.078692,26.115686],[32.078829,26.11563],[32.078524,26.115103],[32.078212,26.115408],[32.077818,26.114871],[32.077391,26.115242],[32.077303,26.115128],[32.077693,26.114814],[32.077615,26.114752],[32.077225,26.115076],[32.076877,26.114657],[32.07683,26.114567],[32.077258,26.114201],[32.077127,26.114101],[32.076689,26.114519],[32.076512,26.114352],[32.076788,26.113961],[32.076705,26.113909],[32.076593,26.11405],[32.076495,26.113964],[32.076701,26.113686],[32.076628,26.113625],[32.076086,26.114018],[32.075966,26.113904],[32.076268,26.11362],[32.076195,26.113553],[32.075956,26.113699],[32.075721,26.113439],[32.075855,26.1131],[32.07668,26.112278],[32.076629,26.112201],[32.075668,26.113093],[32.075512,26.11296],[32.075871,26.112702],[32.075778,26.112503],[32.075589,26.112535],[32.075119,26.112992],[32.074939,26.112946],[32.075394,26.112373],[32.07508,26.111706],[32.074406,26.111975],[32.074211,26.111811],[32.075293,26.110554],[32.075114,26.110479],[32.074767,26.110854],[32.074423,26.11094],[32.073424,26.11193],[32.073869,26.112032],[32.073883,26.112249],[32.074024,26.112331],[32.073687,26.112584],[32.073743,26.112745],[32.07389,26.11268],[32.073968,26.112756],[32.074284,26.112555],[32.074853,26.113197],[32.074991,26.113107],[32.07523,26.113324],[32.074518,26.114127],[32.074454,26.11424],[32.074558,26.114325],[32.073762,26.115006],[32.073461,26.114659],[32.073182,26.114785],[32.073717,26.115417],[32.073532,26.115591],[32.073125,26.115333],[32.072999,26.115422],[32.073259,26.11566],[32.073074,26.115844],[32.072991,26.115753],[32.072447,26.116456],[32.072543,26.116804],[32.072402,26.116965],[32.071946,26.116726],[32.071745,26.116956],[32.072157,26.117233],[32.07203,26.117346],[32.071743,26.117178],[32.070809,26.118029],[32.070593,26.117963],[32.0704,26.118246],[32.070493,26.118534],[32.070701,26.118712],[32.07121,26.118134],[32.071481,26.118215],[32.071764,26.118109],[32.071829,26.118205],[32.071692,26.118339],[32.07191,26.118522],[32.072172,26.118223],[32.072538,26.118547],[32.072302,26.118793],[32.073338,26.119717],[32.073917,26.119349],[32.073787,26.119968],[32.074203,26.119805],[32.074362,26.11995],[32.074573,26.119771],[32.074649,26.119827],[32.074269,26.1202],[32.074386,26.120275],[32.074576,26.120082],[32.074823,26.120166],[32.075153,26.120519],[32.075073,26.120617],[32.074891,26.120544],[32.075098,26.120753],[32.075501,26.120548],[32.075566,26.120881],[32.075803,26.120742],[32.075736,26.120616],[32.076266,26.12029],[32.075821,26.119946],[32.075919,26.119859],[32.076241,26.120066],[32.076351,26.119944],[32.076085,26.119743],[32.076186,26.1196],[32.076309,26.11967],[32.076249,26.119776],[32.076702,26.119944],[32.077304,26.12057],[32.07742,26.120422],[32.077139,26.120181],[32.077534,26.119856],[32.077697,26.120139],[32.077777,26.120047],[32.077687,26.119886],[32.078001,26.119675],[32.078609,26.120305],[32.07925,26.119742],[32.079048,26.119568],[32.079164,26.119478],[32.079266,26.11958],[32.079367,26.119503],[32.079685,26.119907],[32.079884,26.119701],[32.079714,26.119553],[32.080014,26.119252],[32.080075,26.119018],[32.080918,26.118606],[32.08102,26.11875],[32.080466,26.119114],[32.080569,26.119192],[32.080317,26.119384],[32.080419,26.119443],[32.080774,26.119314],[32.081144,26.119066],[32.081356,26.119269],[32.080763,26.119632],[32.081377,26.119806],[32.082425,26.120324],[32.082724,26.120267],[32.083481,26.121033],[32.083303,26.121202],[32.083899,26.121397]]],[[[32.058167,26.119158],[32.058906,26.118811],[32.059141,26.119009],[32.059306,26.118952],[32.059532,26.118785],[32.059347,26.118584],[32.059826,26.118277],[32.060179,26.118638],[32.059616,26.118978],[32.059734,26.119135],[32.060322,26.118639],[32.06056,26.118667],[32.060944,26.1184],[32.061076,26.118569],[32.061286,26.118453],[32.061697,26.117986],[32.061589,26.117923],[32.061699,26.117696],[32.061517,26.117617],[32.061399,26.117741],[32.061174,26.117615],[32.061124,26.117407],[32.060878,26.117197],[32.061537,26.117292],[32.061691,26.117095],[32.061171,26.116032],[32.060619,26.115416],[32.060441,26.115422],[32.06024,26.115658],[32.059929,26.115474],[32.060293,26.115097],[32.058141,26.112812],[32.057972,26.113013],[32.058424,26.113529],[32.058293,26.113671],[32.058309,26.113915],[32.058533,26.113908],[32.058573,26.113538],[32.05876,26.113506],[32.058749,26.113649],[32.059065,26.113811],[32.059118,26.114041],[32.059,26.114158],[32.058622,26.114169],[32.058371,26.114522],[32.059023,26.11492],[32.058996,26.115229],[32.05884,26.115325],[32.057797,26.114618],[32.057588,26.114644],[32.057574,26.114832],[32.057831,26.114844],[32.057859,26.115081],[32.058073,26.115094],[32.058023,26.115352],[32.057796,26.115553],[32.058541,26.115882],[32.058406,26.116025],[32.058102,26.115934],[32.057676,26.116207],[32.057409,26.116182],[32.057454,26.116419],[32.05722,26.116665],[32.057303,26.116714],[32.057579,26.116473],[32.057703,26.116663],[32.057397,26.116946],[32.057401,26.117134],[32.057645,26.117147],[32.05782,26.116954],[32.058063,26.117047],[32.058387,26.117593],[32.057925,26.117891],[32.058547,26.118444],[32.058193,26.11877],[32.057677,26.118385],[32.057402,26.118533],[32.058167,26.119158]]],[[[32.060314,26.120323],[32.06146,26.119491],[32.061495,26.119515],[32.061371,26.119388],[32.060142,26.120225],[32.060314,26.120323]]],[[[32.044196,26.11066],[32.044669,26.109838],[32.045602,26.110531],[32.045715,26.110404],[32.04528,26.110135],[32.045654,26.109919],[32.045278,26.109714],[32.045332,26.109597],[32.046053,26.110103],[32.04616,26.110002],[32.046055,26.109922],[32.046263,26.109747],[32.046176,26.10956],[32.046502,26.109294],[32.045981,26.108867],[32.04608,26.108738],[32.045912,26.1086],[32.046281,26.108224],[32.046076,26.108052],[32.04613,26.107983],[32.046593,26.108269],[32.046667,26.108146],[32.045758,26.107488],[32.045827,26.107421],[32.046351,26.107506],[32.046557,26.107674],[32.046825,26.107257],[32.047057,26.10746],[32.047221,26.107297],[32.047165,26.107215],[32.047432,26.107363],[32.047643,26.106805],[32.048975,26.107762],[32.049058,26.10771],[32.047944,26.106909],[32.04824,26.106692],[32.048189,26.106521],[32.048326,26.106352],[32.048683,26.106706],[32.048946,26.106196],[32.049309,26.106534],[32.049595,26.10628],[32.050263,26.106791],[32.050447,26.1066],[32.049039,26.105622],[32.048553,26.106007],[32.047955,26.105529],[32.048169,26.105264],[32.047542,26.104831],[32.04712,26.105135],[32.046416,26.104624],[32.046156,26.10474],[32.045921,26.104637],[32.046026,26.104808],[32.04586,26.104807],[32.045758,26.105046],[32.045611,26.10496],[32.045546,26.105029],[32.045024,26.104636],[32.044882,26.104705],[32.044686,26.104868],[32.04529,26.105272],[32.045373,26.105193],[32.045549,26.105423],[32.0453,26.105533],[32.04475,26.105194],[32.044647,26.105272],[32.045059,26.105738],[32.044907,26.105829],[32.044299,26.105535],[32.044153,26.10565],[32.043889,26.105603],[32.043741,26.105677],[32.044251,26.10608],[32.044088,26.106301],[32.043735,26.106057],[32.043546,26.106066],[32.043852,26.10637],[32.043767,26.106478],[32.044219,26.10714],[32.044647,26.107425],[32.04467,26.107591],[32.044419,26.107889],[32.044841,26.108117],[32.044641,26.108323],[32.044728,26.108395],[32.044594,26.108599],[32.044394,26.108611],[32.045022,26.108915],[32.044688,26.109049],[32.044257,26.108709],[32.044131,26.1088],[32.044664,26.109291],[32.044837,26.109286],[32.044648,26.109393],[32.0444,26.109242],[32.044312,26.109323],[32.044643,26.109557],[32.044802,26.109429],[32.044373,26.110103],[32.044089,26.109943],[32.044014,26.110034],[32.044298,26.110227],[32.044206,26.110285],[32.043829,26.110141],[32.043708,26.110215],[32.044196,26.11066]]],[[[32.02959,26.139095],[32.029783,26.138721],[32.030038,26.138795],[32.029826,26.13864],[32.029932,26.137709],[32.030748,26.138319],[32.03081,26.138253],[32.031145,26.138521],[32.031262,26.13841],[32.031612,26.138699],[32.031726,26.138646],[32.032696,26.139386],[32.032998,26.139046],[32.032452,26.138556],[32.033284,26.137345],[32.033651,26.137749],[32.033224,26.138242],[32.03308,26.138957],[32.03425,26.137268],[32.034774,26.137558],[32.034389,26.137947],[32.034659,26.138195],[32.034368,26.138469],[32.034441,26.138711],[32.036485,26.13723],[32.036143,26.136934],[32.036233,26.136754],[32.035922,26.136517],[32.035753,26.136688],[32.035367,26.136555],[32.035276,26.13634],[32.035599,26.136049],[32.036176,26.136216],[32.036435,26.136552],[32.036818,26.136082],[32.036747,26.135992],[32.036438,26.136161],[32.036267,26.136111],[32.036769,26.135527],[32.037405,26.135042],[32.037449,26.135278],[32.037931,26.134931],[32.038119,26.135112],[32.037198,26.136092],[32.037427,26.136547],[32.039007,26.135402],[32.037908,26.134878],[32.033237,26.131854],[32.030635,26.127717],[32.030395,26.127849],[32.030527,26.12796],[32.030329,26.128162],[32.029891,26.127893],[32.029752,26.128007],[32.029906,26.128253],[32.029852,26.128389],[32.029265,26.12803],[32.029189,26.128139],[32.029846,26.128498],[32.029769,26.128639],[32.029487,26.12848],[32.02937,26.128673],[32.029891,26.128965],[32.029684,26.129378],[32.029409,26.12961],[32.02918,26.129442],[32.029061,26.129558],[32.028353,26.129226],[32.028263,26.129365],[32.028637,26.129799],[32.028302,26.130031],[32.027847,26.129489],[32.027633,26.129659],[32.028174,26.130116],[32.028005,26.130264],[32.02808,26.130378],[32.027894,26.130486],[32.027772,26.130327],[32.027557,26.130456],[32.027351,26.130266],[32.02716,26.130406],[32.026609,26.129714],[32.026485,26.129867],[32.026176,26.129565],[32.025995,26.129694],[32.026632,26.13037],[32.026445,26.130532],[32.025599,26.129685],[32.025499,26.129744],[32.025079,26.129474],[32.024896,26.129687],[32.024866,26.130385],[32.024298,26.131794],[32.024461,26.132362],[32.026197,26.134734],[32.02667,26.134189],[32.026497,26.134036],[32.026678,26.133922],[32.026513,26.133741],[32.026811,26.133569],[32.026961,26.13373],[32.02724,26.133542],[32.027358,26.134044],[32.026857,26.134652],[32.027413,26.135067],[32.027749,26.134691],[32.028021,26.134887],[32.027213,26.135947],[32.028057,26.136588],[32.027902,26.136698],[32.027386,26.136297],[32.027353,26.136389],[32.029334,26.139281],[32.030944,26.140509],[32.031148,26.140322],[32.02959,26.139095]],[[32.03575,26.13521],[32.035645,26.134826],[32.035172,26.135165],[32.034956,26.135017],[32.035229,26.134782],[32.035005,26.134577],[32.034415,26.134956],[32.03384,26.134463],[32.03474,26.133873],[32.035053,26.134243],[32.035835,26.133734],[32.036416,26.134118],[32.035997,26.134481],[32.036134,26.134639],[32.03629,26.134697],[32.03646,26.134421],[32.036782,26.134674],[32.036643,26.135336],[32.036379,26.135748],[32.036124,26.135881],[32.035894,26.13526],[32.03575,26.13521]]],[[[32.039088,26.135343],[32.037749,26.134674],[32.036194,26.133594],[32.036022,26.133609],[32.036128,26.133594],[32.033558,26.1319],[32.030635,26.127717],[32.033237,26.131854],[32.037908,26.134878],[32.039007,26.135402],[32.039088,26.135343]]],[[[32.03071,26.127704],[32.032717,26.13081],[32.033558,26.1319],[32.036128,26.133594],[32.036022,26.133609],[32.036194,26.133594],[32.037749,26.134674],[32.038422,26.135047],[32.039088,26.135343],[32.039867,26.134779],[32.039348,26.134253],[32.038845,26.134876],[32.03869,26.134786],[32.038474,26.135021],[32.037987,26.13479],[32.037638,26.134511],[32.037941,26.134152],[32.037723,26.13404],[32.03785,26.133904],[32.037736,26.133846],[32.037826,26.13372],[32.037066,26.133351],[32.035858,26.132423],[32.035701,26.132479],[32.035333,26.132158],[32.035678,26.131816],[32.035804,26.131932],[32.035967,26.131802],[32.036254,26.131998],[32.036944,26.131131],[32.035506,26.129955],[32.035544,26.129869],[32.036975,26.130937],[32.037458,26.130523],[32.036408,26.129687],[32.036787,26.129489],[32.037427,26.130048],[32.037674,26.129719],[32.0353,26.128517],[32.035187,26.128599],[32.035366,26.128727],[32.035279,26.128811],[32.036043,26.129314],[32.035363,26.129966],[32.034906,26.129921],[32.034263,26.129415],[32.033895,26.12982],[32.032112,26.128686],[32.032141,26.128582],[32.031526,26.128181],[32.031667,26.12791],[32.031581,26.127842],[32.031428,26.128076],[32.030876,26.127675],[32.03071,26.127704]]],[[[32.02492,26.12285],[32.024684,26.123134],[32.024913,26.123323],[32.02505,26.123157],[32.025401,26.123735],[32.026258,26.125476],[32.0268,26.127133],[32.027439,26.128389],[32.028263,26.129365],[32.028353,26.129226],[32.029061,26.129558],[32.02918,26.129442],[32.029409,26.12961],[32.029684,26.129378],[32.029891,26.128965],[32.02937,26.128673],[32.029487,26.12848],[32.029769,26.128639],[32.029846,26.128498],[32.029189,26.128139],[32.029265,26.12803],[32.029852,26.128389],[32.029906,26.128253],[32.029752,26.128007],[32.029891,26.127893],[32.030329,26.128162],[32.030527,26.12796],[32.030395,26.127849],[32.030635,26.127717],[32.030303,26.127211],[32.029951,26.1268],[32.027304,26.124882],[32.02492,26.12285]]],[[[32.027858,26.128982],[32.026735,26.12999],[32.02716,26.130406],[32.027351,26.130266],[32.027557,26.130456],[32.027772,26.130327],[32.027894,26.130486],[32.02808,26.130378],[32.028005,26.130264],[32.028174,26.130116],[32.027633,26.129659],[32.027847,26.129489],[32.028302,26.130031],[32.028637,26.129799],[32.027858,26.128982]]],[[[32.026788,26.129912],[32.027858,26.128982],[32.027236,26.128033],[32.025599,26.129685],[32.026445,26.130532],[32.026632,26.13037],[32.025995,26.129694],[32.026176,26.129565],[32.026485,26.129867],[32.026609,26.129714],[32.026788,26.129912]]],[[[32.024459,26.132358],[32.024334,26.131586],[32.024866,26.130385],[32.024896,26.129687],[32.025168,26.129475],[32.024766,26.129028],[32.025461,26.128254],[32.025344,26.128181],[32.024731,26.128765],[32.024433,26.128796],[32.024652,26.128557],[32.024617,26.128293],[32.025004,26.127937],[32.024872,26.127875],[32.024996,26.127769],[32.024898,26.127628],[32.024103,26.128239],[32.023808,26.127845],[32.024944,26.127024],[32.024802,26.126877],[32.024134,26.127416],[32.024056,26.127035],[32.023779,26.12677],[32.023033,26.127279],[32.024613,26.129406],[32.024761,26.12981],[32.024762,26.130147],[32.024161,26.131776],[32.024327,26.132537],[32.024459,26.132358]]],[[[32.026031,26.125017],[32.025558,26.124192],[32.023806,26.125721],[32.024467,26.126299],[32.024648,26.126294],[32.026031,26.125017]]],[[[32.020222,26.122856],[32.020392,26.122702],[32.02007,26.122493],[32.020145,26.122386],[32.020557,26.122629],[32.020675,26.122502],[32.02036,26.12236],[32.020504,26.122182],[32.019966,26.121893],[32.019884,26.122071],[32.019742,26.121975],[32.019815,26.122166],[32.019407,26.12269],[32.019547,26.122806],[32.019659,26.122736],[32.019867,26.122833],[32.019914,26.122707],[32.020222,26.122856]]],[[[32.025599,26.129685],[32.027236,26.128033],[32.026031,26.125017],[32.024648,26.126294],[32.024467,26.126299],[32.023806,26.125721],[32.025558,26.124192],[32.02505,26.123157],[32.024913,26.123323],[32.024684,26.123134],[32.02492,26.12285],[32.024767,26.122467],[32.02478,26.121981],[32.025367,26.12093],[32.025292,26.120408],[32.024533,26.119737],[32.020079,26.11718],[32.019273,26.118773],[32.018719,26.120839],[32.018681,26.121529],[32.019027,26.124722],[32.021829,26.126391],[32.023033,26.127279],[32.023779,26.12677],[32.024056,26.127035],[32.024134,26.127416],[32.024802,26.126877],[32.024944,26.127024],[32.023808,26.127845],[32.024103,26.128239],[32.024898,26.127628],[32.024996,26.127769],[32.024872,26.127875],[32.025004,26.127937],[32.024617,26.128293],[32.024652,26.128557],[32.024433,26.128796],[32.024731,26.128765],[32.025344,26.128181],[32.025461,26.128254],[32.024766,26.129028],[32.025355,26.129683],[32.025599,26.129685]],[[32.020222,26.122856],[32.019914,26.122707],[32.019867,26.122833],[32.019659,26.122736],[32.019547,26.122806],[32.019407,26.12269],[32.019815,26.122166],[32.019742,26.121975],[32.019884,26.122071],[32.019966,26.121893],[32.020504,26.122182],[32.02036,26.12236],[32.020675,26.122502],[32.020557,26.122629],[32.020145,26.122386],[32.02007,26.122493],[32.020392,26.122702],[32.020222,26.122856]]],[[[32.012475,26.115272],[32.012543,26.115324],[32.014256,26.113737],[32.014188,26.113687],[32.012475,26.115272]]],[[[32.011136,26.118984],[32.010022,26.118249],[32.0095,26.11965],[32.010032,26.119997],[32.011136,26.118984]]],[[[32.010737,26.116903],[32.010795,26.116956],[32.012543,26.115324],[32.012475,26.115272],[32.010737,26.116903]]],[[[32.010795,26.116956],[32.010737,26.116903],[32.010377,26.117266],[32.01006,26.117886],[32.009535,26.119275],[32.0095,26.11965],[32.010107,26.117964],[32.010482,26.117267],[32.010795,26.116956]]],[[[32.01216,26.118096],[32.010795,26.116956],[32.01035,26.117461],[32.010022,26.118249],[32.011136,26.118984],[32.01216,26.118096]]],[[[32.010795,26.116956],[32.01216,26.118096],[32.013463,26.116893],[32.012412,26.11625],[32.012922,26.11559],[32.012543,26.115324],[32.010795,26.116956]]],[[[32.010231,26.113998],[32.009031,26.112808],[32.008315,26.114579],[32.006895,26.116896],[32.006764,26.117399],[32.006867,26.117779],[32.007247,26.118218],[32.00946,26.119623],[32.010377,26.117266],[32.012443,26.115302],[32.010231,26.113998]]],[[[32.012525,26.112115],[32.010139,26.113926],[32.012443,26.115302],[32.014188,26.113687],[32.013283,26.11298],[32.012525,26.112115]]],[[[32.012525,26.112115],[32.011062,26.110372],[32.010195,26.111046],[32.00953,26.111787],[32.009031,26.112808],[32.010139,26.113926],[32.012525,26.112115]]],[[[32.015017,26.11782],[32.013463,26.116893],[32.010032,26.119997],[32.015942,26.12363],[32.019027,26.124722],[32.018681,26.121532],[32.015308,26.11952],[32.015362,26.118986],[32.015017,26.11782]]],[[[32.018681,26.121532],[32.015378,26.119546],[32.015409,26.118978],[32.01504,26.11781],[32.014099,26.117288],[32.015017,26.11782],[32.015362,26.118986],[32.015308,26.11952],[32.018681,26.121532]]],[[[32.012412,26.11625],[32.01504,26.11781],[32.015409,26.118978],[32.015378,26.119546],[32.018686,26.121457],[32.018976,26.119631],[32.019273,26.118773],[32.020079,26.11718],[32.014256,26.113737],[32.012543,26.115324],[32.012922,26.11559],[32.012412,26.11625]]],[[[32.031222,26.141037],[32.034441,26.138711],[32.034368,26.138469],[32.034659,26.138195],[32.034389,26.137947],[32.034774,26.137558],[32.03425,26.137268],[32.03308,26.138957],[32.033224,26.138242],[32.033651,26.137749],[32.033284,26.137345],[32.032452,26.138556],[32.032998,26.139046],[32.032696,26.139386],[32.031726,26.138646],[32.031612,26.138699],[32.031262,26.13841],[32.031145,26.138521],[32.03081,26.138253],[32.030748,26.138319],[32.029932,26.137709],[32.029826,26.13864],[32.030038,26.138795],[32.029783,26.138721],[32.02959,26.139095],[32.031148,26.140322],[32.030944,26.140509],[32.029334,26.139281],[32.027353,26.136389],[32.027386,26.136297],[32.027902,26.136698],[32.028057,26.136588],[32.027213,26.135947],[32.028021,26.134887],[32.027749,26.134691],[32.027413,26.135067],[32.026857,26.134652],[32.027358,26.134044],[32.02724,26.133542],[32.026961,26.13373],[32.026811,26.133569],[32.026513,26.133741],[32.026678,26.133922],[32.026497,26.134036],[32.02667,26.134189],[32.026197,26.134734],[32.025415,26.1337],[32.025287,26.133805],[32.025331,26.133911],[32.029442,26.13958],[32.031222,26.141037]]],[[[32.038474,26.135021],[32.03869,26.134786],[32.038845,26.134876],[32.039348,26.134253],[32.039867,26.134779],[32.050092,26.127441],[32.051349,26.127102],[32.046383,26.124247],[32.045825,26.123805],[32.043014,26.119457],[32.033499,26.112193],[32.03325,26.111884],[32.032779,26.11054],[32.032483,26.110101],[32.021363,26.103637],[32.017737,26.105807],[32.013014,26.108945],[32.011062,26.110372],[32.013159,26.112855],[32.014599,26.113988],[32.025064,26.120106],[32.025322,26.120479],[32.025376,26.120854],[32.024761,26.12206],[32.024787,26.122551],[32.024975,26.122928],[32.027304,26.124882],[32.030114,26.126937],[32.030635,26.127717],[32.030876,26.127675],[32.031428,26.128076],[32.031581,26.127842],[32.031667,26.12791],[32.031526,26.128181],[32.032141,26.128582],[32.032112,26.128686],[32.033895,26.12982],[32.034263,26.129415],[32.034906,26.129921],[32.035363,26.129966],[32.036043,26.129314],[32.035279,26.128811],[32.035366,26.128727],[32.035187,26.128599],[32.0353,26.128517],[32.037674,26.129719],[32.037427,26.130048],[32.036787,26.129489],[32.036408,26.129687],[32.037458,26.130523],[32.036975,26.130937],[32.035544,26.129869],[32.035506,26.129955],[32.036944,26.131131],[32.036254,26.131998],[32.035967,26.131802],[32.035804,26.131932],[32.035678,26.131816],[32.035333,26.132158],[32.035701,26.132479],[32.035858,26.132423],[32.037066,26.133351],[32.037826,26.13372],[32.037736,26.133846],[32.03785,26.133904],[32.037723,26.13404],[32.037941,26.134152],[32.037638,26.134511],[32.038474,26.135021]],[[32.037626,26.129198],[32.038103,26.128753],[32.038228,26.128881],[32.039283,26.127942],[32.039666,26.128643],[32.038943,26.12939],[32.03878,26.129463],[32.03869,26.129364],[32.038536,26.129461],[32.03841,26.129387],[32.038082,26.129703],[32.037606,26.129357],[32.0377,26.129255],[32.037626,26.129198]],[[32.037703,26.128359],[32.037589,26.128438],[32.037058,26.12807],[32.036965,26.128224],[32.037335,26.128631],[32.036998,26.128852],[32.036824,26.128671],[32.036711,26.12878],[32.036881,26.128908],[32.036822,26.128983],[32.036454,26.12877],[32.037015,26.127964],[32.037035,26.127322],[32.036726,26.127556],[32.03651,26.127384],[32.036692,26.12723],[32.036297,26.126923],[32.035972,26.126838],[32.036312,26.126492],[32.035776,26.126116],[32.035455,26.126515],[32.034927,26.125958],[32.034746,26.126067],[32.034337,26.125811],[32.0341,26.125915],[32.033768,26.125693],[32.033694,26.125856],[32.033874,26.126028],[32.033827,26.126225],[32.032781,26.125526],[32.032555,26.125889],[32.032349,26.125708],[32.032451,26.125591],[32.032042,26.125344],[32.032556,26.125415],[32.032616,26.125291],[32.032819,26.1254],[32.033082,26.125091],[32.032733,26.124879],[32.032466,26.12514],[32.032253,26.125013],[32.032047,26.125254],[32.031925,26.125183],[32.031827,26.125009],[32.031891,26.12385],[32.032438,26.124198],[32.03252,26.124037],[32.032837,26.124169],[32.032892,26.123851],[32.033295,26.124042],[32.033418,26.123708],[32.03297,26.123373],[32.032964,26.123249],[32.031833,26.122449],[32.031846,26.121993],[32.032064,26.121921],[32.032775,26.122225],[32.033023,26.12178],[32.032426,26.121436],[32.032707,26.121018],[32.032276,26.120758],[32.032164,26.120884],[32.031995,26.12074],[32.03207,26.12062],[32.032206,26.120709],[32.032425,26.120184],[32.031586,26.119631],[32.031668,26.119311],[32.03214,26.119638],[32.032329,26.119352],[32.031769,26.118999],[32.031999,26.118491],[32.033003,26.119246],[32.032906,26.119362],[32.033126,26.119558],[32.033044,26.119641],[32.033832,26.120089],[32.033969,26.11991],[32.033106,26.119334],[32.033271,26.119065],[32.033633,26.119163],[32.034153,26.118542],[32.034549,26.118902],[32.03431,26.119165],[32.034571,26.119447],[32.034869,26.119192],[32.034811,26.119084],[32.035054,26.118738],[32.035256,26.118884],[32.035567,26.118535],[32.035752,26.118539],[32.036344,26.119008],[32.036589,26.118846],[32.035744,26.118085],[32.035896,26.117904],[32.036822,26.118531],[32.037268,26.117688],[32.037585,26.11779],[32.038025,26.117145],[32.038187,26.117099],[32.038497,26.117342],[32.038369,26.117497],[32.038219,26.117397],[32.037647,26.118015],[32.038003,26.117683],[32.038141,26.117746],[32.038093,26.117934],[32.038342,26.118294],[32.038598,26.118325],[32.038957,26.117876],[32.039945,26.118673],[32.040061,26.118583],[32.040603,26.118949],[32.040426,26.119171],[32.040492,26.119402],[32.040254,26.119513],[32.041625,26.120673],[32.041348,26.120956],[32.040943,26.12058],[32.040813,26.120691],[32.03998,26.120027],[32.037756,26.121878],[32.037884,26.122018],[32.03738,26.122423],[32.037622,26.122954],[32.037539,26.123042],[32.037688,26.123169],[32.037235,26.123507],[32.03778,26.123856],[32.037568,26.124154],[32.036973,26.123741],[32.036833,26.123885],[32.036408,26.123632],[32.035733,26.124346],[32.036047,26.124588],[32.03523,26.125726],[32.036085,26.126213],[32.036663,26.125694],[32.037368,26.126208],[32.036941,26.126593],[32.037504,26.127029],[32.037259,26.127268],[32.038054,26.127879],[32.037623,26.128256],[32.037703,26.128359]]],[[[32.024597,26.132549],[32.024536,26.132787],[32.025053,26.133288],[32.025198,26.133633],[32.02531,26.133554],[32.024597,26.132549]]],[[[32.024597,26.132549],[32.024509,26.132425],[32.024493,26.132405],[32.024597,26.132549]]],[[[32.041272,26.117963],[32.041221,26.118023],[32.043014,26.119457],[32.045825,26.123805],[32.046383,26.124247],[32.051349,26.127102],[32.051468,26.127068],[32.046433,26.124173],[32.045961,26.123799],[32.043042,26.119297],[32.041272,26.117963]]],[[[32.033527,26.105167],[32.032082,26.104299],[32.031066,26.103866],[32.030102,26.103128],[32.027972,26.10189],[32.028753,26.103815],[32.02944,26.104564],[32.029653,26.105209],[32.030229,26.105437],[32.031502,26.105275],[32.032094,26.105371],[32.033527,26.105167]]],[[[32.052481,26.126778],[32.054053,26.124648],[32.056045,26.122424],[32.056483,26.121686],[32.056381,26.121178],[32.056036,26.120556],[32.055434,26.119902],[32.054047,26.118925],[32.050935,26.117241],[32.050557,26.117348],[32.049888,26.117768],[32.048072,26.119606],[32.045869,26.121508],[32.045012,26.122401],[32.04563,26.123417],[32.046433,26.124173],[32.051468,26.127068],[32.052481,26.126778]]],[[[32.029593,26.105605],[32.028035,26.107466],[32.032257,26.10988],[32.032274,26.109738],[32.031715,26.10892],[32.03079,26.108204],[32.030848,26.107507],[32.029868,26.10579],[32.029593,26.105605]]],[[[32.029727,26.108428],[32.027992,26.107509],[32.032257,26.10988],[32.029727,26.108428]]],[[[32.02968,26.105272],[32.029535,26.105537],[32.027965,26.107427],[32.028035,26.107466],[32.029593,26.105605],[32.02968,26.105272]]],[[[32.028035,26.107466],[32.027916,26.107467],[32.027992,26.107509],[32.028035,26.107466]]],[[[32.027605,26.101573],[32.023791,26.105026],[32.027965,26.107427],[32.02968,26.105272],[32.02944,26.104564],[32.028753,26.103815],[32.027972,26.10189],[32.027605,26.101573]]],[[[32.023791,26.105026],[32.023726,26.10508],[32.027965,26.107427],[32.026145,26.106394],[32.023791,26.105026]]],[[[32.027553,26.101512],[32.026837,26.102121],[32.023721,26.104986],[32.025143,26.103813],[32.027605,26.101573],[32.027553,26.101512]]],[[[32.027553,26.101512],[32.02667,26.100513],[32.024015,26.101744],[32.021421,26.103593],[32.023721,26.104986],[32.027553,26.101512]]],[[[32.023791,26.105026],[32.02365,26.105038],[32.023726,26.10508],[32.023791,26.105026]]],[[[32.023721,26.104986],[32.021363,26.103637],[32.023598,26.105008],[32.023721,26.104986]]],[[[32.028125,26.101845],[32.026818,26.100404],[32.02667,26.100513],[32.027929,26.101861],[32.030102,26.103128],[32.030942,26.103792],[32.032198,26.104367],[32.039136,26.108607],[32.039202,26.108502],[32.032758,26.104559],[32.030904,26.103673],[32.029999,26.102914],[32.028125,26.101845]]],[[[32.069111,26.12054],[32.070651,26.118765],[32.070361,26.118439],[32.070407,26.118082],[32.072846,26.115301],[32.073034,26.114493],[32.072723,26.113543],[32.063659,26.104319],[32.061465,26.10284],[32.058367,26.100179],[32.058073,26.099679],[32.057908,26.098583],[32.057623,26.098026],[32.048679,26.08799],[32.048082,26.087177],[32.048107,26.086888],[32.044566,26.087701],[32.040437,26.089809],[32.032105,26.09664],[32.028789,26.098903],[32.026818,26.100404],[32.028125,26.101845],[32.029999,26.102914],[32.030904,26.103673],[32.032127,26.10419],[32.03926,26.108535],[32.050747,26.117018],[32.054096,26.118849],[32.05565,26.11998],[32.056482,26.121111],[32.056753,26.122279],[32.056956,26.122673],[32.058187,26.123621],[32.058338,26.12383],[32.058098,26.124111],[32.059136,26.124784],[32.066987,26.122369],[32.069111,26.12054]],[[32.060142,26.120225],[32.061371,26.119388],[32.061495,26.119515],[32.060314,26.120323],[32.060142,26.120225]],[[32.057402,26.118533],[32.057677,26.118385],[32.058193,26.11877],[32.058547,26.118444],[32.057925,26.117891],[32.058387,26.117593],[32.058063,26.117047],[32.05782,26.116954],[32.057645,26.117147],[32.057401,26.117134],[32.057397,26.116946],[32.057703,26.116663],[32.057579,26.116473],[32.057303,26.116714],[32.05722,26.116665],[32.057454,26.116419],[32.057409,26.116182],[32.057676,26.116207],[32.058102,26.115934],[32.058406,26.116025],[32.058541,26.115882],[32.057796,26.115553],[32.058023,26.115352],[32.058073,26.115094],[32.057859,26.115081],[32.057831,26.114844],[32.057574,26.114832],[32.057588,26.114644],[32.057797,26.114618],[32.05884,26.115325],[32.058996,26.115229],[32.059023,26.11492],[32.058371,26.114522],[32.058622,26.114169],[32.059,26.114158],[32.059118,26.114041],[32.059065,26.113811],[32.058749,26.113649],[32.05876,26.113506],[32.058573,26.113538],[32.058533,26.113908],[32.058309,26.113915],[32.058293,26.113671],[32.058424,26.113529],[32.057972,26.113013],[32.058141,26.112812],[32.060293,26.115097],[32.059929,26.115474],[32.06024,26.115658],[32.060441,26.115422],[32.060619,26.115416],[32.061171,26.116032],[32.061691,26.117095],[32.061537,26.117292],[32.060878,26.117197],[32.061124,26.117407],[32.061174,26.117615],[32.061399,26.117741],[32.061517,26.117617],[32.061699,26.117696],[32.061589,26.117923],[32.061697,26.117986],[32.061286,26.118453],[32.061076,26.118569],[32.060944,26.1184],[32.06056,26.118667],[32.060322,26.118639],[32.059734,26.119135],[32.059616,26.118978],[32.060179,26.118638],[32.059826,26.118277],[32.059347,26.118584],[32.059532,26.118785],[32.059306,26.118952],[32.059141,26.119009],[32.058906,26.118811],[32.058167,26.119158],[32.057402,26.118533]],[[32.055473,26.116109],[32.055393,26.116003],[32.05549,26.115842],[32.05516,26.115814],[32.05532,26.115672],[32.05491,26.115408],[32.054476,26.115783],[32.054292,26.115644],[32.055896,26.114317],[32.056101,26.11447],[32.056337,26.114224],[32.056605,26.114408],[32.056251,26.114797],[32.056067,26.114713],[32.056091,26.115062],[32.055683,26.115428],[32.055833,26.115583],[32.056157,26.115226],[32.056384,26.115301],[32.056112,26.115666],[32.056479,26.115833],[32.056306,26.116073],[32.055754,26.115898],[32.055473,26.116109]],[[32.043708,26.110215],[32.043829,26.110141],[32.044206,26.110285],[32.044298,26.110227],[32.044014,26.110034],[32.044089,26.109943],[32.044373,26.110103],[32.044802,26.109429],[32.044643,26.109557],[32.044312,26.109323],[32.0444,26.109242],[32.044648,26.109393],[32.044837,26.109286],[32.044664,26.109291],[32.044131,26.1088],[32.044257,26.108709],[32.044688,26.109049],[32.045022,26.108915],[32.044394,26.108611],[32.044594,26.108599],[32.044728,26.108395],[32.044641,26.108323],[32.044841,26.108117],[32.044419,26.107889],[32.04467,26.107591],[32.044647,26.107425],[32.044219,26.10714],[32.043767,26.106478],[32.043852,26.10637],[32.043546,26.106066],[32.043735,26.106057],[32.044088,26.106301],[32.044251,26.10608],[32.043741,26.105677],[32.043889,26.105603],[32.044153,26.10565],[32.044299,26.105535],[32.044907,26.105829],[32.045059,26.105738],[32.044647,26.105272],[32.04475,26.105194],[32.0453,26.105533],[32.045549,26.105423],[32.045373,26.105193],[32.04529,26.105272],[32.044686,26.104868],[32.044882,26.104705],[32.045024,26.104636],[32.045546,26.105029],[32.045611,26.10496],[32.045758,26.105046],[32.04586,26.104807],[32.046026,26.104808],[32.045921,26.104637],[32.046156,26.10474],[32.046416,26.104624],[32.04712,26.105135],[32.047542,26.104831],[32.048169,26.105264],[32.047955,26.105529],[32.048553,26.106007],[32.049039,26.105622],[32.050447,26.1066],[32.050263,26.106791],[32.049595,26.10628],[32.049309,26.106534],[32.048946,26.106196],[32.048683,26.106706],[32.048326,26.106352],[32.048189,26.106521],[32.04824,26.106692],[32.047944,26.106909],[32.049058,26.10771],[32.048975,26.107762],[32.047643,26.106805],[32.047432,26.107363],[32.047165,26.107215],[32.047221,26.107297],[32.047057,26.10746],[32.046825,26.107257],[32.046557,26.107674],[32.046351,26.107506],[32.045827,26.107421],[32.045758,26.107488],[32.046667,26.108146],[32.046593,26.108269],[32.04613,26.107983],[32.046076,26.108052],[32.046281,26.108224],[32.045912,26.1086],[32.04608,26.108738],[32.045981,26.108867],[32.046502,26.109294],[32.046176,26.10956],[32.046263,26.109747],[32.046055,26.109922],[32.04616,26.110002],[32.046053,26.110103],[32.045332,26.109597],[32.045278,26.109714],[32.045654,26.109919],[32.04528,26.110135],[32.045715,26.110404],[32.045602,26.110531],[32.044669,26.109838],[32.044196,26.11066],[32.043708,26.110215]],[[32.050406,26.105763],[32.049286,26.104713],[32.049147,26.104824],[32.049021,26.104756],[32.048849,26.104946],[32.049269,26.105289],[32.049527,26.105108],[32.049661,26.105199],[32.049304,26.105494],[32.048226,26.104812],[32.046756,26.10361],[32.046872,26.103454],[32.04794,26.104186],[32.048473,26.103688],[32.048898,26.104076],[32.04899,26.104007],[32.049311,26.104097],[32.049418,26.104005],[32.049263,26.103895],[32.048974,26.10397],[32.048665,26.10366],[32.048784,26.103547],[32.049225,26.103831],[32.049353,26.103694],[32.049224,26.103619],[32.049471,26.103323],[32.049641,26.103334],[32.049725,26.103149],[32.049549,26.103058],[32.049831,26.103089],[32.049733,26.102918],[32.049877,26.102855],[32.049643,26.102724],[32.049676,26.102636],[32.049945,26.102803],[32.050011,26.102731],[32.049822,26.102483],[32.050203,26.102592],[32.050293,26.10234],[32.050704,26.102488],[32.051223,26.102256],[32.05144,26.102374],[32.051843,26.10208],[32.052112,26.102064],[32.052007,26.102549],[32.052359,26.102821],[32.052308,26.102912],[32.052148,26.102787],[32.052009,26.102873],[32.051859,26.102735],[32.051595,26.102893],[32.051982,26.103055],[32.051581,26.1031],[32.051999,26.103469],[32.052082,26.103404],[32.052225,26.103508],[32.052042,26.103661],[32.051913,26.103567],[32.051469,26.103955],[32.051242,26.10364],[32.050916,26.103887],[32.050623,26.103822],[32.050516,26.103911],[32.050934,26.104254],[32.050366,26.104643],[32.050126,26.104437],[32.049837,26.104528],[32.050151,26.104811],[32.049836,26.105087],[32.050498,26.105593],[32.050406,26.105763]]],[[[32.041272,26.117963],[32.033574,26.112148],[32.033294,26.111773],[32.032741,26.110273],[32.032257,26.10988],[32.032707,26.110378],[32.033216,26.111812],[32.033439,26.11214],[32.040597,26.117562],[32.041221,26.118023],[32.041272,26.117963]]],[[[32.047534,26.11465],[32.047418,26.114694],[32.050805,26.117172],[32.054047,26.118925],[32.055526,26.119978],[32.056036,26.120556],[32.056381,26.121178],[32.056838,26.122665],[32.058338,26.12383],[32.056956,26.122673],[32.056753,26.122279],[32.056482,26.121111],[32.05565,26.11998],[32.054096,26.118849],[32.050747,26.117018],[32.047534,26.11465]]],[[[32.056483,26.121686],[32.056045,26.122424],[32.054053,26.124648],[32.052481,26.126778],[32.059136,26.124784],[32.058098,26.124111],[32.058338,26.12383],[32.056888,26.122731],[32.056483,26.121686]]],[[[32.049488,26.116209],[32.049042,26.116765],[32.048977,26.11714],[32.047135,26.118992],[32.047983,26.119688],[32.049888,26.117768],[32.050557,26.117348],[32.050935,26.117241],[32.049488,26.116209]]],[[[32.048722,26.117316],[32.046022,26.117398],[32.045247,26.117233],[32.04306,26.119323],[32.045012,26.122401],[32.045869,26.121508],[32.047983,26.119688],[32.047135,26.118992],[32.048722,26.117316]]],[[[32.045247,26.117233],[32.045462,26.116668],[32.046059,26.11627],[32.047418,26.114694],[32.0438,26.112008],[32.043643,26.113181],[32.043358,26.11411],[32.042629,26.115828],[32.041272,26.117963],[32.04306,26.119323],[32.045247,26.117233]]],[[[32.039202,26.108502],[32.039136,26.108607],[32.0438,26.112008],[32.043696,26.111802],[32.039202,26.108502]]],[[[32.039136,26.108607],[32.037863,26.109742],[32.038023,26.109847],[32.038024,26.110245],[32.037872,26.111443],[32.037698,26.111907],[32.037767,26.112496],[32.038382,26.113658],[32.037966,26.114489],[32.037951,26.115455],[32.041272,26.117963],[32.042629,26.115828],[32.043358,26.11411],[32.043643,26.113181],[32.0438,26.112008],[32.039136,26.108607]]],[[[32.037863,26.109742],[32.034769,26.113054],[32.037951,26.115455],[32.037966,26.114489],[32.038382,26.113658],[32.037767,26.112496],[32.037698,26.111907],[32.037872,26.111443],[32.038024,26.110245],[32.038023,26.109847],[32.037863,26.109742]]],[[[32.037863,26.109742],[32.039136,26.108607],[32.033527,26.105167],[32.032094,26.105371],[32.031502,26.105275],[32.030229,26.105437],[32.029653,26.105209],[32.029616,26.1056],[32.029868,26.10579],[32.030848,26.107507],[32.03079,26.108204],[32.031715,26.10892],[32.032274,26.109738],[32.032257,26.10988],[32.032703,26.110215],[32.033461,26.112038],[32.034769,26.113054],[32.037863,26.109742]]],[[[32.101055,26.103778],[32.101372,26.104033],[32.101209,26.104165],[32.101426,26.104231],[32.101464,26.104061],[32.101542,26.104136],[32.101694,26.104033],[32.101982,26.104263],[32.102185,26.104115],[32.10238,26.104473],[32.102818,26.104302],[32.102769,26.104102],[32.102907,26.104062],[32.103075,26.104303],[32.103502,26.103837],[32.103771,26.1041],[32.103933,26.104002],[32.104097,26.104164],[32.104556,26.103644],[32.104088,26.1035],[32.104011,26.102774],[32.103386,26.102807],[32.102639,26.102496],[32.102541,26.102661],[32.102328,26.102639],[32.101928,26.102536],[32.101597,26.102268],[32.101401,26.102487],[32.101265,26.102402],[32.101302,26.10226],[32.101006,26.102491],[32.100878,26.102387],[32.101471,26.101826],[32.101299,26.101748],[32.100698,26.102386],[32.10109,26.102732],[32.100946,26.102867],[32.101105,26.103181],[32.100891,26.103261],[32.101055,26.103778]]],[[[32.072281,26.081341],[32.07156,26.08043],[32.068504,26.081282],[32.065133,26.082671],[32.065135,26.083826],[32.072281,26.081341]]],[[[32.074183,26.080705],[32.07369,26.079858],[32.07156,26.08043],[32.072281,26.081341],[32.074183,26.080705]]],[[[32.074373,26.080642],[32.073923,26.079793],[32.07369,26.079858],[32.074183,26.080705],[32.074373,26.080642]]],[[[32.074373,26.080642],[32.076726,26.079834],[32.075088,26.079709],[32.073923,26.079793],[32.074373,26.080642]]],[[[32.097885,26.101557],[32.098196,26.101783],[32.09833,26.10168],[32.098238,26.101617],[32.098386,26.101519],[32.098277,26.101406],[32.098564,26.101126],[32.098711,26.101135],[32.09878,26.100757],[32.097638,26.100411],[32.097542,26.100671],[32.097694,26.100738],[32.097596,26.100883],[32.097134,26.100644],[32.096924,26.100974],[32.097608,26.101107],[32.097232,26.101557],[32.097529,26.101825],[32.097885,26.101557]]],[[[32.090637,26.105142],[32.090776,26.105019],[32.090626,26.104825],[32.090987,26.104555],[32.091194,26.104764],[32.091302,26.104687],[32.091096,26.104459],[32.091341,26.104304],[32.091612,26.104527],[32.09206,26.104212],[32.092345,26.104486],[32.092518,26.104403],[32.092376,26.104188],[32.092984,26.103593],[32.09318,26.103772],[32.093291,26.103694],[32.093482,26.103911],[32.09339,26.103994],[32.093486,26.104102],[32.093629,26.104008],[32.0942,26.104389],[32.094353,26.104236],[32.093923,26.103997],[32.094062,26.103902],[32.093938,26.103777],[32.094481,26.103204],[32.094221,26.102962],[32.093943,26.102929],[32.093227,26.102269],[32.092813,26.102548],[32.092789,26.102706],[32.092647,26.102595],[32.092509,26.102704],[32.092431,26.1026],[32.092793,26.102226],[32.092555,26.102399],[32.092263,26.102067],[32.092127,26.102143],[32.091703,26.101688],[32.091957,26.101507],[32.091514,26.101073],[32.091607,26.101011],[32.091406,26.100857],[32.091508,26.100766],[32.091174,26.100465],[32.0911,26.100535],[32.090748,26.100297],[32.090601,26.10037],[32.090897,26.100696],[32.090642,26.100927],[32.090829,26.101119],[32.090977,26.101016],[32.091064,26.101074],[32.090902,26.101219],[32.091172,26.101374],[32.090649,26.101823],[32.090805,26.101928],[32.091281,26.101549],[32.09145,26.101708],[32.091265,26.101839],[32.091607,26.102177],[32.09151,26.102264],[32.091601,26.102389],[32.091342,26.102624],[32.09094,26.102298],[32.090833,26.102438],[32.090627,26.102296],[32.090438,26.102407],[32.090716,26.102695],[32.090522,26.102826],[32.090271,26.102588],[32.090169,26.102704],[32.089661,26.102447],[32.089795,26.10232],[32.089686,26.102207],[32.089899,26.102034],[32.089359,26.101699],[32.089077,26.101946],[32.089615,26.102443],[32.089379,26.102612],[32.089534,26.102766],[32.089252,26.102972],[32.088975,26.102642],[32.088762,26.102828],[32.08839,26.102577],[32.088169,26.102865],[32.088381,26.10329],[32.08864,26.103113],[32.08874,26.10323],[32.088916,26.103094],[32.089495,26.103658],[32.089375,26.103794],[32.089484,26.103932],[32.089636,26.103825],[32.089855,26.104071],[32.089301,26.104437],[32.089433,26.104583],[32.08996,26.104209],[32.09022,26.104472],[32.090044,26.104645],[32.090637,26.105142]]],[[[32.0869,26.113783],[32.082725,26.10908],[32.08089,26.107511],[32.076624,26.11243],[32.075855,26.1131],[32.075721,26.113439],[32.075956,26.113699],[32.076195,26.113553],[32.076268,26.11362],[32.075966,26.113904],[32.076086,26.114018],[32.076628,26.113625],[32.076701,26.113686],[32.076495,26.113964],[32.076593,26.11405],[32.076705,26.113909],[32.076788,26.113961],[32.076492,26.114272],[32.076689,26.114519],[32.077127,26.114101],[32.077258,26.114201],[32.07683,26.114567],[32.077225,26.115076],[32.077615,26.114752],[32.077693,26.114814],[32.077303,26.115128],[32.077391,26.115242],[32.077818,26.114871],[32.078212,26.115408],[32.078524,26.115103],[32.078829,26.11563],[32.078692,26.115686],[32.078432,26.115481],[32.078173,26.115678],[32.07847,26.115992],[32.078809,26.116145],[32.078687,26.11631],[32.078807,26.116401],[32.079066,26.116147],[32.07946,26.116285],[32.07984,26.116738],[32.080237,26.116786],[32.080068,26.117039],[32.08031,26.117237],[32.0869,26.113783]]],[[[32.087028,26.113712],[32.0829,26.109124],[32.080943,26.107452],[32.080994,26.107609],[32.082725,26.10908],[32.0869,26.113783],[32.087028,26.113712]]],[[[32.09973,26.105334],[32.101372,26.104033],[32.101055,26.103778],[32.100912,26.103463],[32.100891,26.103261],[32.101105,26.103181],[32.100946,26.102867],[32.10109,26.102732],[32.100698,26.102386],[32.101299,26.101748],[32.101471,26.101826],[32.100878,26.102387],[32.101006,26.102491],[32.101302,26.10226],[32.101265,26.102402],[32.101401,26.102487],[32.101597,26.102268],[32.101928,26.102536],[32.102541,26.102661],[32.102639,26.102496],[32.103026,26.10267],[32.103665,26.102135],[32.09878,26.100757],[32.098711,26.101135],[32.098564,26.101126],[32.098277,26.101406],[32.098386,26.101519],[32.098238,26.101617],[32.09833,26.10168],[32.098196,26.101783],[32.097954,26.101533],[32.097529,26.101825],[32.097232,26.101557],[32.097608,26.101107],[32.096924,26.100974],[32.097134,26.100644],[32.097596,26.100883],[32.097694,26.100738],[32.097542,26.100671],[32.097638,26.100411],[32.094275,26.099468],[32.091354,26.098087],[32.090543,26.098037],[32.089344,26.098165],[32.089491,26.098451],[32.089913,26.098648],[32.090738,26.098764],[32.090525,26.099352],[32.090029,26.099375],[32.089652,26.099885],[32.089552,26.099794],[32.089807,26.099315],[32.089262,26.099215],[32.088977,26.099426],[32.088834,26.099384],[32.088924,26.09914],[32.088654,26.09896],[32.088133,26.099422],[32.08789,26.099443],[32.086784,26.100707],[32.087053,26.100783],[32.08742,26.10063],[32.087689,26.100425],[32.08756,26.100321],[32.087764,26.100112],[32.08797,26.100215],[32.087892,26.100323],[32.088304,26.100748],[32.0882,26.100843],[32.088281,26.100952],[32.088545,26.100904],[32.088704,26.100672],[32.088804,26.100763],[32.088924,26.101159],[32.088778,26.10127],[32.088902,26.101389],[32.08822,26.1021],[32.088406,26.102237],[32.088102,26.102483],[32.08793,26.102339],[32.087249,26.102889],[32.087076,26.102759],[32.087298,26.102586],[32.086891,26.102243],[32.086725,26.102404],[32.086355,26.102057],[32.085989,26.102424],[32.085561,26.102096],[32.080943,26.107452],[32.0829,26.109124],[32.087028,26.113712],[32.0936,26.109725],[32.09973,26.105334]],[[32.090637,26.105142],[32.090044,26.104645],[32.09022,26.104472],[32.08996,26.104209],[32.089433,26.104583],[32.089301,26.104437],[32.089855,26.104071],[32.089636,26.103825],[32.089484,26.103932],[32.089375,26.103794],[32.089495,26.103658],[32.088916,26.103094],[32.08874,26.10323],[32.08864,26.103113],[32.088381,26.10329],[32.088169,26.102865],[32.08839,26.102577],[32.088762,26.102828],[32.088975,26.102642],[32.089252,26.102972],[32.089534,26.102766],[32.089379,26.102612],[32.089615,26.102443],[32.089077,26.101946],[32.089359,26.101699],[32.089899,26.102034],[32.089686,26.102207],[32.089795,26.10232],[32.089661,26.102447],[32.090169,26.102704],[32.090271,26.102588],[32.090522,26.102826],[32.090716,26.102695],[32.090438,26.102407],[32.090627,26.102296],[32.090833,26.102438],[32.09094,26.102298],[32.091342,26.102624],[32.091601,26.102389],[32.09151,26.102264],[32.091607,26.102177],[32.091265,26.101839],[32.09145,26.101708],[32.091281,26.101549],[32.090805,26.101928],[32.090649,26.101823],[32.091172,26.101374],[32.090902,26.101219],[32.091064,26.101074],[32.090977,26.101016],[32.090829,26.101119],[32.090642,26.100927],[32.090897,26.100696],[32.090601,26.10037],[32.090748,26.100297],[32.0911,26.100535],[32.091174,26.100465],[32.091508,26.100766],[32.091406,26.100857],[32.091607,26.101011],[32.091514,26.101073],[32.091957,26.101507],[32.091703,26.101688],[32.092127,26.102143],[32.092263,26.102067],[32.092555,26.102399],[32.092793,26.102226],[32.092431,26.1026],[32.092509,26.102704],[32.092647,26.102595],[32.092789,26.102706],[32.092813,26.102548],[32.093227,26.102269],[32.093943,26.102929],[32.094221,26.102962],[32.094481,26.103204],[32.093938,26.103777],[32.094062,26.103902],[32.093923,26.103997],[32.094353,26.104236],[32.0942,26.104389],[32.093629,26.104008],[32.093486,26.104102],[32.09339,26.103994],[32.093482,26.103911],[32.093291,26.103694],[32.09318,26.103772],[32.092984,26.103593],[32.092376,26.104188],[32.092518,26.104403],[32.092345,26.104486],[32.09206,26.104212],[32.091612,26.104527],[32.091341,26.104304],[32.091096,26.104459],[32.091302,26.104687],[32.091194,26.104764],[32.090987,26.104555],[32.090626,26.104825],[32.090776,26.105019],[32.090637,26.105142]]],[[[32.071481,26.118215],[32.073659,26.120018],[32.073787,26.119968],[32.073917,26.119349],[32.073338,26.119717],[32.072302,26.118793],[32.072538,26.118547],[32.072172,26.118223],[32.07191,26.118522],[32.071692,26.118339],[32.071829,26.118205],[32.071764,26.118109],[32.071481,26.118215]]],[[[32.070766,26.118843],[32.068545,26.121182],[32.068698,26.121282],[32.068182,26.121786],[32.068129,26.122002],[32.068655,26.121471],[32.068811,26.121714],[32.068971,26.121445],[32.068884,26.121393],[32.069139,26.121097],[32.069586,26.121508],[32.069749,26.121319],[32.069426,26.121095],[32.069576,26.121072],[32.069397,26.120944],[32.069406,26.120806],[32.069504,26.120739],[32.069621,26.120898],[32.069847,26.120618],[32.069934,26.120674],[32.07001,26.120588],[32.069752,26.120408],[32.070029,26.120194],[32.070634,26.120647],[32.070986,26.120389],[32.070475,26.119921],[32.070593,26.119823],[32.07036,26.119722],[32.070769,26.119242],[32.071294,26.119648],[32.071446,26.119506],[32.070893,26.119149],[32.070766,26.118843]]],[[[32.070902,26.118857],[32.070766,26.118843],[32.070819,26.118951],[32.070902,26.118857]]],[[[32.070766,26.118843],[32.070902,26.118857],[32.071402,26.118302],[32.071174,26.118304],[32.070766,26.118843]]],[[[32.071245,26.118251],[32.073552,26.12006],[32.073659,26.120018],[32.071481,26.118215],[32.07121,26.118134],[32.069111,26.12054],[32.066987,26.122369],[32.06743,26.122228],[32.068045,26.121562],[32.069092,26.120712],[32.071245,26.118251]]],[[[32.068576,26.096606],[32.060487,26.084223],[32.049644,26.086237],[32.048107,26.086888],[32.048766,26.087951],[32.057708,26.097946],[32.058021,26.098575],[32.058159,26.099648],[32.058453,26.100144],[32.061435,26.102687],[32.063871,26.104386],[32.072858,26.113593],[32.073141,26.11466],[32.073037,26.115163],[32.072703,26.115714],[32.070647,26.117921],[32.070809,26.118029],[32.071743,26.117178],[32.07203,26.117346],[32.072157,26.117233],[32.071745,26.116956],[32.071946,26.116726],[32.072402,26.116965],[32.072543,26.116804],[32.072447,26.116456],[32.072991,26.115753],[32.073074,26.115844],[32.073259,26.11566],[32.072999,26.115422],[32.073125,26.115333],[32.073532,26.115591],[32.073717,26.115417],[32.073182,26.114785],[32.073461,26.114659],[32.073762,26.115006],[32.074558,26.114325],[32.074454,26.11424],[32.074518,26.114127],[32.07523,26.113324],[32.074991,26.113107],[32.074853,26.113197],[32.074284,26.112555],[32.073968,26.112756],[32.07389,26.11268],[32.073743,26.112745],[32.073687,26.112584],[32.074024,26.112331],[32.073883,26.112249],[32.073869,26.112032],[32.073424,26.11193],[32.07392,26.11141],[32.074423,26.11094],[32.074767,26.110854],[32.075114,26.110479],[32.075293,26.110554],[32.074211,26.111811],[32.074406,26.111975],[32.07508,26.111706],[32.075394,26.112373],[32.074939,26.112946],[32.075119,26.112992],[32.075589,26.112535],[32.075778,26.112503],[32.075871,26.112702],[32.075512,26.11296],[32.075668,26.113093],[32.076629,26.112201],[32.07668,26.112278],[32.076193,26.112783],[32.076358,26.112701],[32.085561,26.102096],[32.085989,26.102424],[32.086355,26.102057],[32.086725,26.102404],[32.086891,26.102243],[32.087298,26.102586],[32.087076,26.102759],[32.087249,26.102889],[32.08793,26.102339],[32.088102,26.102483],[32.088406,26.102237],[32.08822,26.1021],[32.088902,26.101389],[32.088778,26.10127],[32.088924,26.101159],[32.088804,26.100763],[32.088704,26.100672],[32.088545,26.100904],[32.088281,26.100952],[32.0882,26.100843],[32.088304,26.100748],[32.087892,26.100323],[32.08797,26.100215],[32.087764,26.100112],[32.08756,26.100321],[32.087689,26.100425],[32.08742,26.10063],[32.087053,26.100783],[32.086784,26.100707],[32.08789,26.099443],[32.088133,26.099422],[32.088654,26.09896],[32.088924,26.09914],[32.088834,26.099384],[32.088977,26.099426],[32.089262,26.099215],[32.089807,26.099315],[32.089552,26.099794],[32.089652,26.099885],[32.090029,26.099375],[32.090525,26.099352],[32.090738,26.098764],[32.089913,26.098648],[32.089491,26.098451],[32.089344,26.098165],[32.088982,26.0979],[32.08597,26.09641],[32.085733,26.096164],[32.085756,26.09626],[32.082676,26.094702],[32.082569,26.094826],[32.082808,26.094987],[32.08264,26.095123],[32.082752,26.095246],[32.082657,26.095318],[32.082551,26.095178],[32.082331,26.095229],[32.082432,26.095099],[32.082285,26.095004],[32.082012,26.095301],[32.082155,26.095465],[32.081643,26.095919],[32.081472,26.095827],[32.081609,26.096059],[32.081349,26.096243],[32.081086,26.096025],[32.080526,26.096332],[32.080385,26.096165],[32.079904,26.096322],[32.079751,26.0961],[32.080131,26.095819],[32.08025,26.095538],[32.080379,26.095575],[32.080505,26.095275],[32.080067,26.094848],[32.080009,26.095298],[32.07993,26.095442],[32.0798,26.095404],[32.079936,26.094942],[32.079461,26.094851],[32.079518,26.094715],[32.079085,26.094533],[32.079023,26.094679],[32.078906,26.09463],[32.079068,26.094433],[32.078706,26.094136],[32.079142,26.093776],[32.07893,26.0936],[32.079047,26.09346],[32.07944,26.093788],[32.079952,26.093293],[32.076242,26.091374],[32.07506,26.093045],[32.073043,26.0949],[32.070043,26.096756],[32.069487,26.096857],[32.068833,26.096775],[32.068576,26.096606]],[[32.068563,26.096735],[32.069007,26.097444],[32.068048,26.097684],[32.068509,26.098457],[32.068545,26.098634],[32.06841,26.098734],[32.068263,26.098535],[32.068101,26.098654],[32.067755,26.098184],[32.067443,26.098307],[32.067399,26.098196],[32.067154,26.098175],[32.066946,26.097649],[32.067351,26.097384],[32.066809,26.096596],[32.068563,26.096735]],[[32.063944,26.097117],[32.064069,26.097346],[32.064237,26.097255],[32.064469,26.09768],[32.064843,26.097475],[32.064902,26.097584],[32.064433,26.09784],[32.064674,26.098167],[32.064193,26.098521],[32.064501,26.098939],[32.064362,26.099041],[32.064076,26.098651],[32.063952,26.098742],[32.064245,26.099275],[32.064131,26.099359],[32.063905,26.099052],[32.063589,26.099397],[32.063757,26.099585],[32.063599,26.099726],[32.063353,26.099453],[32.06292,26.099842],[32.062486,26.09936],[32.061907,26.099579],[32.061684,26.099325],[32.061374,26.099492],[32.061929,26.100201],[32.061793,26.10024],[32.061864,26.100324],[32.061718,26.100445],[32.061443,26.100117],[32.06129,26.100245],[32.060871,26.099744],[32.060783,26.099817],[32.060609,26.09961],[32.060509,26.099383],[32.060726,26.099378],[32.060842,26.099517],[32.060994,26.099457],[32.06085,26.099299],[32.060976,26.099226],[32.060459,26.09864],[32.060546,26.098525],[32.060787,26.098838],[32.06122,26.098695],[32.061683,26.098349],[32.061497,26.098106],[32.061337,26.098228],[32.061192,26.098047],[32.061697,26.097758],[32.061507,26.097543],[32.061361,26.097637],[32.061316,26.097554],[32.061443,26.097484],[32.061307,26.097314],[32.061627,26.097066],[32.061524,26.096932],[32.06171,26.096785],[32.061814,26.096916],[32.062027,26.0968],[32.061911,26.096648],[32.062275,26.096449],[32.062134,26.096246],[32.062802,26.095881],[32.063074,26.096228],[32.063321,26.096093],[32.064035,26.097067],[32.063944,26.097117]],[[32.066037,26.100431],[32.065642,26.099914],[32.065526,26.100011],[32.065346,26.099734],[32.06548,26.099605],[32.065296,26.099365],[32.065092,26.099452],[32.064908,26.099226],[32.065254,26.098893],[32.06518,26.098737],[32.065339,26.098662],[32.066107,26.099723],[32.066394,26.099537],[32.066856,26.100163],[32.067064,26.100009],[32.067322,26.100189],[32.067696,26.099978],[32.067901,26.100343],[32.06908,26.099605],[32.068807,26.099015],[32.068606,26.099141],[32.068491,26.098957],[32.068859,26.098834],[32.069306,26.09942],[32.069529,26.09928],[32.069948,26.099665],[32.069643,26.099957],[32.069548,26.099849],[32.069177,26.100306],[32.069052,26.1002],[32.068896,26.10038],[32.069551,26.100865],[32.070802,26.101492],[32.071272,26.100989],[32.071485,26.101192],[32.071079,26.101594],[32.071236,26.101743],[32.071129,26.101875],[32.071332,26.102083],[32.070899,26.102354],[32.070603,26.102069],[32.070483,26.102198],[32.071314,26.102955],[32.07106,26.103158],[32.070368,26.102618],[32.070211,26.102771],[32.070096,26.102665],[32.069829,26.102924],[32.070011,26.103076],[32.069598,26.103479],[32.069841,26.103727],[32.069708,26.103915],[32.070022,26.10422],[32.069746,26.104488],[32.069228,26.10398],[32.068854,26.104547],[32.068992,26.104704],[32.069251,26.104409],[32.069385,26.104506],[32.069114,26.104879],[32.06956,26.104572],[32.069699,26.104744],[32.069306,26.105113],[32.069496,26.105346],[32.069779,26.105101],[32.069846,26.10516],[32.069552,26.105428],[32.069621,26.105528],[32.07016,26.105249],[32.070361,26.10547],[32.069844,26.10591],[32.069732,26.105969],[32.069599,26.105769],[32.069127,26.106071],[32.068934,26.105848],[32.069215,26.105588],[32.068875,26.105382],[32.069146,26.10517],[32.069058,26.105063],[32.068316,26.1057],[32.068228,26.10563],[32.069004,26.104977],[32.06889,26.104803],[32.068601,26.105057],[32.06842,26.104936],[32.067983,26.105334],[32.067871,26.105228],[32.068707,26.104528],[32.068612,26.104398],[32.068424,26.104525],[32.068575,26.104339],[32.068346,26.103931],[32.067188,26.104908],[32.067095,26.10473],[32.067691,26.104289],[32.067645,26.104201],[32.067465,26.104358],[32.066645,26.103408],[32.067663,26.102922],[32.067434,26.102977],[32.067138,26.10259],[32.066624,26.10288],[32.066512,26.102705],[32.066243,26.102915],[32.06614,26.102762],[32.067317,26.101942],[32.067224,26.101793],[32.066667,26.102148],[32.066542,26.102008],[32.066849,26.101668],[32.066577,26.101494],[32.066468,26.101577],[32.066311,26.101403],[32.066403,26.101299],[32.066175,26.100942],[32.066282,26.100868],[32.065978,26.100558],[32.066037,26.100431]],[[32.065451,26.101176],[32.065856,26.101642],[32.065691,26.101786],[32.065841,26.101958],[32.065728,26.102143],[32.065546,26.101861],[32.065189,26.102141],[32.065015,26.101734],[32.064883,26.101836],[32.064778,26.101701],[32.065451,26.101176]],[[32.066411,26.103956],[32.066498,26.104078],[32.066647,26.103973],[32.066576,26.10407],[32.066796,26.10438],[32.066695,26.104452],[32.066199,26.103896],[32.06612,26.103966],[32.066638,26.104547],[32.066542,26.104632],[32.066281,26.10434],[32.066081,26.104448],[32.066036,26.104154],[32.065703,26.1042],[32.066542,26.105148],[32.066466,26.105215],[32.065542,26.10417],[32.065718,26.10407],[32.065632,26.103919],[32.065787,26.103831],[32.065921,26.10399],[32.06637,26.103716],[32.0665,26.103893],[32.066411,26.103956]],[[32.062173,26.095032],[32.061563,26.094335],[32.061302,26.094537],[32.061191,26.094392],[32.061452,26.094191],[32.060801,26.093346],[32.060555,26.09361],[32.0602,26.093279],[32.060896,26.092842],[32.061186,26.093223],[32.060999,26.093366],[32.06162,26.094181],[32.061807,26.094038],[32.061898,26.094158],[32.06171,26.0943],[32.061976,26.094649],[32.062163,26.094506],[32.062754,26.095283],[32.062293,26.095563],[32.061913,26.095172],[32.062173,26.095032]]],[[[32.048473,26.103688],[32.04794,26.104186],[32.046872,26.103454],[32.046756,26.10361],[32.048226,26.104812],[32.049304,26.105494],[32.049661,26.105199],[32.049527,26.105108],[32.049269,26.105289],[32.048849,26.104946],[32.049021,26.104756],[32.049147,26.104824],[32.049286,26.104713],[32.050406,26.105763],[32.050498,26.105593],[32.049836,26.105087],[32.050151,26.104811],[32.049837,26.104528],[32.050126,26.104437],[32.050366,26.104643],[32.050934,26.104254],[32.050516,26.103911],[32.050623,26.103822],[32.050916,26.103887],[32.051242,26.10364],[32.051469,26.103955],[32.051913,26.103567],[32.052042,26.103661],[32.052225,26.103508],[32.052082,26.103404],[32.051999,26.103469],[32.051581,26.1031],[32.051982,26.103055],[32.051595,26.102893],[32.051859,26.102735],[32.052009,26.102873],[32.052148,26.102787],[32.052308,26.102912],[32.052359,26.102821],[32.052007,26.102549],[32.052112,26.102064],[32.051843,26.10208],[32.05144,26.102374],[32.051223,26.102256],[32.050704,26.102488],[32.050293,26.10234],[32.050203,26.102592],[32.049822,26.102483],[32.050011,26.102731],[32.049945,26.102803],[32.049676,26.102636],[32.049643,26.102724],[32.049877,26.102855],[32.049733,26.102918],[32.049831,26.103089],[32.049549,26.103058],[32.049725,26.103149],[32.049641,26.103334],[32.049471,26.103323],[32.049224,26.103619],[32.049353,26.103694],[32.049225,26.103831],[32.048784,26.103547],[32.048665,26.10366],[32.048974,26.10397],[32.049263,26.103895],[32.049418,26.104005],[32.049311,26.104097],[32.04899,26.104007],[32.048898,26.104076],[32.048473,26.103688]]],[[[32.047534,26.11465],[32.04587,26.113453],[32.043837,26.111911],[32.0438,26.112008],[32.046186,26.113812],[32.047418,26.114694],[32.047534,26.11465]]],[[[32.047418,26.114694],[32.046059,26.11627],[32.045462,26.116668],[32.045247,26.117233],[32.046517,26.117401],[32.048722,26.117316],[32.048977,26.11714],[32.049042,26.116765],[32.049488,26.116209],[32.047418,26.114694]]],[[[32.138351,26.097169],[32.138074,26.088533],[32.128051,26.09896],[32.133017,26.098223],[32.138351,26.097169]]],[],[[[32.290559,26.027008],[32.289867,26.026812],[32.289334,26.026807],[32.289016,26.026629],[32.286033,26.026221],[32.284626,26.025883],[32.282586,26.025698],[32.28135,26.025793],[32.283569,26.026868],[32.283847,26.026909],[32.283794,26.027009],[32.28613,26.027943],[32.287322,26.028962],[32.287572,26.029497],[32.288539,26.030224],[32.288654,26.030496],[32.290231,26.032176],[32.289831,26.032047],[32.286517,26.028999],[32.285389,26.028198],[32.281608,26.026775],[32.278743,26.026081],[32.277567,26.02604],[32.276061,26.026169],[32.27603,26.026334],[32.275014,26.026568],[32.270226,26.028326],[32.266839,26.029727],[32.266568,26.029969],[32.262941,26.031899],[32.258467,26.03501],[32.257085,26.036172],[32.255032,26.0385],[32.254042,26.039837],[32.250827,26.045434],[32.253136,26.045858],[32.254253,26.044114],[32.25595,26.04199],[32.257111,26.039855],[32.259098,26.037225],[32.262396,26.034324],[32.266385,26.031952],[32.270075,26.030617],[32.270591,26.030212],[32.271001,26.029557],[32.271601,26.029136],[32.276479,26.027643],[32.277173,26.027586],[32.277846,26.027766],[32.282901,26.030304],[32.287044,26.032011],[32.289241,26.033082],[32.289699,26.033522],[32.290361,26.034652],[32.291955,26.035741],[32.295085,26.037397],[32.297969,26.039612],[32.300054,26.041782],[32.300823,26.042126],[32.3017,26.042172],[32.302455,26.042362],[32.303658,26.043068],[32.305737,26.045147],[32.307575,26.047421],[32.308927,26.049682],[32.310848,26.049584],[32.309996,26.046758],[32.30884,26.04383],[32.307505,26.041631],[32.305537,26.039258],[32.304952,26.038811],[32.304324,26.037906],[32.303801,26.037416],[32.3028,26.036736],[32.302955,26.035866],[32.300046,26.033803],[32.299507,26.033587],[32.298611,26.032273],[32.298249,26.032064],[32.297883,26.032049],[32.297104,26.031051],[32.296489,26.03048],[32.296139,26.030465],[32.295899,26.030295],[32.295425,26.029833],[32.295278,26.029522],[32.294143,26.029021],[32.293496,26.028405],[32.290559,26.027008]]],[[[32.273447,26.043171],[32.271218,26.04473],[32.263148,26.05171],[32.263326,26.051877],[32.27061,26.051571],[32.274849,26.048656],[32.276197,26.047905],[32.273447,26.043171]]],[[[32.284334,26.042126],[32.2806,26.037455],[32.273573,26.043009],[32.276354,26.047798],[32.277374,26.047138],[32.279171,26.046242],[32.280453,26.045298],[32.281746,26.044531],[32.284334,26.042126]]],[[[32.301933,26.042359],[32.300582,26.042237],[32.300131,26.042005],[32.298149,26.039986],[32.29505,26.037595],[32.292403,26.036124],[32.290247,26.034724],[32.28947,26.033476],[32.288989,26.033061],[32.282185,26.030106],[32.277381,26.027743],[32.276611,26.027727],[32.271831,26.02917],[32.271358,26.029468],[32.2707,26.030396],[32.270231,26.030715],[32.266449,26.032087],[32.264045,26.033431],[32.264574,26.034279],[32.264841,26.034203],[32.265142,26.034617],[32.265533,26.034829],[32.266124,26.035776],[32.266004,26.035981],[32.267257,26.037968],[32.269488,26.036904],[32.268964,26.036047],[32.269297,26.0359],[32.270128,26.037095],[32.273573,26.043009],[32.2806,26.037455],[32.284293,26.042071],[32.286555,26.042394],[32.289475,26.043162],[32.290889,26.044339],[32.293182,26.04662],[32.297485,26.047811],[32.297719,26.047939],[32.298582,26.048963],[32.300239,26.04993],[32.30065,26.050105],[32.308706,26.049694],[32.307181,26.04711],[32.304933,26.044562],[32.303223,26.042945],[32.301933,26.042359]]],[[[32.278039,26.051258],[32.276233,26.04797],[32.27526,26.048506],[32.276852,26.051309],[32.278039,26.051258]]],[[[32.275358,26.051372],[32.274139,26.049222],[32.273276,26.049814],[32.274273,26.051417],[32.275358,26.051372]]],[[[32.274273,26.051417],[32.273276,26.049814],[32.272379,26.050431],[32.273089,26.051467],[32.274273,26.051417]]],[[[32.271922,26.051516],[32.271555,26.051007],[32.270755,26.051565],[32.271922,26.051516]]],[[[32.273089,26.051467],[32.272379,26.050431],[32.271555,26.051007],[32.271922,26.051516],[32.273089,26.051467]]],[[[32.275767,26.051355],[32.275422,26.050821],[32.275124,26.050976],[32.275358,26.051372],[32.275767,26.051355]]],[[[32.276852,26.051309],[32.27526,26.048506],[32.274139,26.049222],[32.275124,26.050976],[32.275422,26.050821],[32.275767,26.051355],[32.276852,26.051309]]],[[[32.251807,26.053789],[32.252124,26.05368],[32.252744,26.053916],[32.253379,26.052295],[32.254242,26.051299],[32.253465,26.050801],[32.253829,26.050205],[32.254221,26.0504],[32.254303,26.050265],[32.254712,26.050468],[32.254822,26.050288],[32.254426,26.049973],[32.254349,26.050099],[32.253999,26.049925],[32.253893,26.049769],[32.253961,26.049678],[32.25417,26.049806],[32.254253,26.049696],[32.25457,26.049827],[32.25462,26.049728],[32.255715,26.050022],[32.256418,26.050412],[32.256089,26.050829],[32.256371,26.051002],[32.256228,26.051193],[32.256527,26.051419],[32.256727,26.051204],[32.256943,26.051421],[32.256554,26.051921],[32.256606,26.051996],[32.256969,26.051754],[32.257177,26.05182],[32.257107,26.051891],[32.257258,26.052011],[32.25744,26.051825],[32.257558,26.05192],[32.257771,26.05174],[32.257384,26.051419],[32.25725,26.051557],[32.257068,26.051412],[32.257336,26.051078],[32.257243,26.050962],[32.257519,26.05054],[32.257221,26.050274],[32.258581,26.050573],[32.258544,26.05103],[32.25872,26.051122],[32.258428,26.051421],[32.258705,26.051642],[32.259094,26.051293],[32.259228,26.051383],[32.258775,26.051783],[32.258876,26.051889],[32.258992,26.051916],[32.259264,26.051674],[32.259926,26.05202],[32.260487,26.051996],[32.257784,26.049172],[32.259701,26.046632],[32.269031,26.040052],[32.27161,26.039697],[32.270128,26.037095],[32.269297,26.0359],[32.268964,26.036047],[32.269488,26.036904],[32.267257,26.037968],[32.266004,26.035981],[32.266124,26.035776],[32.265533,26.034829],[32.265142,26.034617],[32.264841,26.034203],[32.264574,26.034279],[32.263968,26.033344],[32.262396,26.034324],[32.259098,26.037225],[32.257111,26.039855],[32.25595,26.04199],[32.254253,26.044114],[32.253136,26.045858],[32.250827,26.045434],[32.250563,26.045874],[32.250418,26.046501],[32.251816,26.046894],[32.251898,26.046779],[32.252176,26.046941],[32.252134,26.0472],[32.252284,26.047287],[32.252005,26.047489],[32.251473,26.047295],[32.251426,26.047402],[32.251958,26.047596],[32.251772,26.04784],[32.251152,26.047659],[32.251215,26.047482],[32.251084,26.047444],[32.251021,26.047621],[32.250908,26.047588],[32.250836,26.04779],[32.2517,26.048042],[32.251606,26.048304],[32.251765,26.04835],[32.251576,26.048878],[32.251362,26.048815],[32.251286,26.049027],[32.249914,26.048662],[32.249932,26.050398],[32.249689,26.053201],[32.249993,26.053266],[32.249921,26.053536],[32.250138,26.053627],[32.250238,26.053548],[32.25126,26.054051],[32.25113,26.054241],[32.252305,26.054729],[32.252577,26.054381],[32.252567,26.05418],[32.251928,26.053943],[32.251807,26.053789]]],[[[32.262099,26.051929],[32.260288,26.050175],[32.258352,26.048396],[32.257784,26.049172],[32.260487,26.051996],[32.262099,26.051929]]],[[[32.263326,26.051877],[32.263148,26.05171],[32.262942,26.051893],[32.263326,26.051877]]],[[[32.262999,26.05157],[32.262998,26.051569],[32.262891,26.051665],[32.262999,26.05157]]],[[[32.262998,26.051569],[32.258787,26.047802],[32.258352,26.048396],[32.262099,26.051929],[32.262616,26.051907],[32.262998,26.051569]]],[[[32.273483,26.042861],[32.27161,26.039697],[32.270295,26.03985],[32.272433,26.043638],[32.273483,26.042861]]],[[[32.272433,26.043638],[32.270295,26.03985],[32.269009,26.040068],[32.271331,26.044523],[32.272433,26.043638]]],[[[32.271331,26.044523],[32.269009,26.040068],[32.267757,26.040951],[32.270468,26.04525],[32.271331,26.044523]]],[[[32.270468,26.04525],[32.267757,26.040951],[32.266546,26.041805],[32.26949,26.046073],[32.270468,26.04525]]],[[[32.26949,26.046073],[32.266546,26.041805],[32.265395,26.042616],[32.268543,26.046869],[32.26949,26.046073]]],[[[32.268543,26.046869],[32.265395,26.042616],[32.264155,26.043491],[32.267567,26.047691],[32.268543,26.046869]]],[[[32.267567,26.047691],[32.264155,26.043491],[32.262988,26.044314],[32.266613,26.048494],[32.267567,26.047691]]],[[[32.266613,26.048494],[32.262988,26.044314],[32.261796,26.045155],[32.265676,26.049282],[32.266613,26.048494]]],[[[32.265676,26.049282],[32.261796,26.045155],[32.2606,26.045998],[32.264698,26.050105],[32.265676,26.049282]]],[[[32.264698,26.050105],[32.2606,26.045998],[32.25958,26.04678],[32.263861,26.050809],[32.264698,26.050105]]],[[[32.263861,26.050809],[32.25958,26.04678],[32.258787,26.047802],[32.262998,26.051569],[32.263861,26.050809]]],[[[32.27521,26.045749],[32.274796,26.045055],[32.276354,26.047798],[32.27521,26.045749]]],[[[32.286555,26.042394],[32.284391,26.042062],[32.284413,26.042234],[32.283912,26.042744],[32.282075,26.044416],[32.279322,26.046238],[32.277681,26.047077],[32.27641,26.047891],[32.278279,26.051246],[32.30065,26.050105],[32.298673,26.049031],[32.297719,26.047939],[32.297485,26.047811],[32.293182,26.04662],[32.290889,26.044339],[32.289475,26.043162],[32.286555,26.042394]]],[[[32.273447,26.043171],[32.273573,26.043009],[32.273483,26.042861],[32.273247,26.043033],[32.273447,26.043171]]],[[[32.259926,26.05202],[32.259264,26.051674],[32.258992,26.051916],[32.258876,26.051889],[32.258775,26.051783],[32.259228,26.051383],[32.259094,26.051293],[32.258705,26.051642],[32.258428,26.051421],[32.25872,26.051122],[32.258544,26.05103],[32.258581,26.050573],[32.257221,26.050274],[32.257519,26.05054],[32.257243,26.050962],[32.257336,26.051078],[32.257068,26.051412],[32.25725,26.051557],[32.257384,26.051419],[32.257771,26.05174],[32.257558,26.05192],[32.25744,26.051825],[32.257258,26.052011],[32.257107,26.051891],[32.257177,26.05182],[32.256969,26.051754],[32.256606,26.051996],[32.256554,26.051921],[32.256943,26.051421],[32.256727,26.051204],[32.256527,26.051419],[32.256228,26.051193],[32.256371,26.051002],[32.256089,26.050829],[32.256418,26.050412],[32.255715,26.050022],[32.25462,26.049728],[32.25457,26.049827],[32.254253,26.049696],[32.25417,26.049806],[32.253961,26.049678],[32.253893,26.049769],[32.254349,26.050099],[32.254426,26.049973],[32.254607,26.050063],[32.254552,26.050153],[32.254822,26.050288],[32.254712,26.050468],[32.254303,26.050265],[32.254221,26.0504],[32.253829,26.050205],[32.253465,26.050801],[32.254242,26.051299],[32.253463,26.052291],[32.259926,26.05202]]],[[[32.251286,26.049027],[32.251362,26.048815],[32.251576,26.048878],[32.251765,26.04835],[32.251606,26.048304],[32.2517,26.048042],[32.250836,26.04779],[32.250908,26.047588],[32.251021,26.047621],[32.251084,26.047444],[32.251215,26.047482],[32.251152,26.047659],[32.251772,26.04784],[32.251958,26.047596],[32.251426,26.047402],[32.251473,26.047295],[32.252005,26.047489],[32.252053,26.047383],[32.252205,26.047398],[32.252284,26.047287],[32.252094,26.047056],[32.252176,26.046941],[32.251898,26.046779],[32.251816,26.046894],[32.250418,26.046501],[32.249914,26.048662],[32.251286,26.049027]]],[[[32.38085,26.059681],[32.379599,26.059494],[32.379195,26.059815],[32.378539,26.059841],[32.393154,26.070276],[32.393086,26.070061],[32.392507,26.069534],[32.392516,26.069354],[32.392202,26.069105],[32.39224,26.068994],[32.39202,26.068735],[32.390898,26.067845],[32.390981,26.067581],[32.39079,26.067307],[32.390526,26.067099],[32.390105,26.067048],[32.389853,26.066153],[32.389301,26.065976],[32.389337,26.065789],[32.388565,26.065444],[32.388557,26.065252],[32.387571,26.064572],[32.386889,26.063746],[32.385331,26.062305],[32.382992,26.060659],[32.38085,26.059681]]],[[[32.000607,26.142017],[31.992973,26.137029],[31.993559,26.139962],[31.993084,26.142555],[31.993335,26.14335],[31.994606,26.144883],[32.001413,26.149881],[32.001825,26.150353],[32.004344,26.151912],[32.004741,26.152426],[32.005832,26.154533],[32.01201,26.151971],[32.000607,26.142017]]],[[[32.014053,26.150361],[32.014968,26.151147],[32.015125,26.151052],[32.015288,26.151257],[32.015112,26.151368],[32.015261,26.151571],[32.015369,26.151497],[32.015528,26.151651],[32.015321,26.152014],[32.015561,26.152323],[32.015341,26.152501],[32.015452,26.15259],[32.015314,26.152777],[32.015526,26.153051],[32.015719,26.152972],[32.015986,26.153203],[32.015888,26.153316],[32.016071,26.153537],[32.015798,26.153697],[32.015437,26.15336],[32.015215,26.15357],[32.015644,26.154051],[32.016378,26.153746],[32.0169,26.153253],[32.017064,26.153473],[32.017171,26.153372],[32.017306,26.153488],[32.017208,26.153615],[32.017838,26.154179],[32.018331,26.153908],[32.018463,26.153979],[32.018943,26.153451],[32.017834,26.152496],[32.018075,26.152138],[32.018423,26.151998],[32.017986,26.151622],[32.018231,26.151245],[32.01862,26.151397],[32.0187,26.151321],[32.018593,26.151147],[32.018719,26.151027],[32.018237,26.150772],[32.018135,26.150823],[32.01759,26.150436],[32.017713,26.15032],[32.017626,26.150246],[32.017463,26.150327],[32.017324,26.150207],[32.017386,26.150061],[32.017145,26.149933],[32.017012,26.150059],[32.016262,26.149414],[32.016479,26.149171],[32.016331,26.149082],[32.015861,26.149562],[32.015209,26.149061],[32.014591,26.149685],[32.014368,26.1494],[32.014918,26.148845],[32.014772,26.148738],[32.014208,26.149281],[32.013952,26.149024],[32.013803,26.149139],[32.013857,26.149231],[32.013745,26.14932],[32.01393,26.149521],[32.013807,26.149638],[32.014082,26.149856],[32.013945,26.149922],[32.014161,26.15012],[32.014053,26.150361]]],[[[32.010504,26.138214],[32.009196,26.137297],[32.009046,26.137543],[32.009445,26.137889],[32.009201,26.138172],[32.008908,26.137988],[32.008731,26.138194],[32.009226,26.138502],[32.009466,26.138223],[32.009864,26.138573],[32.009769,26.138682],[32.009897,26.138772],[32.009773,26.138955],[32.008968,26.138502],[32.008578,26.139164],[32.009628,26.139907],[32.00985,26.139417],[32.010064,26.139531],[32.010157,26.139443],[32.009893,26.139258],[32.010183,26.138949],[32.010379,26.138985],[32.010192,26.138854],[32.010504,26.138214]]],[[[32.013803,26.149139],[32.013952,26.149024],[32.014208,26.149281],[32.014772,26.148738],[32.014918,26.148845],[32.014368,26.1494],[32.014591,26.149685],[32.015209,26.149061],[32.015861,26.149562],[32.016331,26.149082],[32.016479,26.149171],[32.016262,26.149414],[32.016652,26.149749],[32.019956,26.148028],[32.017204,26.145967],[32.016918,26.145486],[32.016649,26.144376],[32.015336,26.143175],[32.014308,26.141539],[32.010533,26.138234],[32.010192,26.138854],[32.010379,26.138985],[32.010183,26.138949],[32.009893,26.139258],[32.010157,26.139443],[32.010064,26.139531],[32.00985,26.139417],[32.009628,26.139907],[32.008578,26.139164],[32.008968,26.138502],[32.009773,26.138955],[32.009864,26.138573],[32.009466,26.138223],[32.009226,26.138502],[32.008731,26.138194],[32.008908,26.137988],[32.009201,26.138172],[32.009445,26.137889],[32.009046,26.137543],[32.009196,26.137297],[32.007592,26.136168],[32.007217,26.135548],[32.006797,26.13433],[32.006426,26.133845],[31.999189,26.128816],[31.993374,26.134347],[31.993142,26.135114],[31.992973,26.137029],[32.000607,26.142017],[32.01201,26.151971],[32.014536,26.150791],[32.014053,26.150361],[32.014161,26.15012],[32.013945,26.149922],[32.014082,26.149856],[32.013807,26.149638],[32.01393,26.149521],[32.013745,26.14932],[32.013857,26.149231],[32.013803,26.149139]],[[32.010039,26.14096],[32.009443,26.140558],[32.009376,26.140677],[32.009239,26.140615],[32.009577,26.140075],[32.010455,26.140626],[32.010039,26.14096]],[[32.007131,26.14016],[32.006883,26.140073],[32.006739,26.140247],[32.006974,26.140405],[32.006839,26.140517],[32.006437,26.140364],[32.006143,26.140074],[32.006569,26.13976],[32.006222,26.139481],[32.006284,26.139396],[32.006155,26.139319],[32.006257,26.13918],[32.006466,26.139305],[32.006558,26.13918],[32.007248,26.13959],[32.006952,26.139995],[32.007131,26.14016]]],[[[32.010039,26.14096],[32.010455,26.140626],[32.009577,26.140075],[32.009239,26.140615],[32.009376,26.140677],[32.009443,26.140558],[32.010039,26.14096]]],[[[32.006974,26.140405],[32.006739,26.140247],[32.006883,26.140073],[32.007131,26.14016],[32.006952,26.139995],[32.007248,26.13959],[32.006558,26.13918],[32.006466,26.139305],[32.006257,26.13918],[32.006155,26.139319],[32.006284,26.139396],[32.006222,26.139481],[32.006569,26.13976],[32.006143,26.140074],[32.006437,26.140364],[32.006839,26.140517],[32.006974,26.140405]]],[[[32.155907,26.091849],[32.165184,26.087737],[32.191319,26.074935],[32.186901,26.073218],[32.182297,26.076914],[32.178249,26.079692],[32.177525,26.080146],[32.172047,26.082804],[32.171185,26.08312],[32.17072,26.083084],[32.170362,26.082916],[32.167864,26.080355],[32.167329,26.080002],[32.163371,26.077954],[32.162762,26.07784],[32.162065,26.07799],[32.155221,26.0829],[32.154209,26.083456],[32.153012,26.083612],[32.152128,26.08397],[32.14608,26.08851],[32.145303,26.088843],[32.144574,26.088862],[32.14382,26.08855],[32.141718,26.086222],[32.141215,26.08586],[32.1407,26.085689],[32.140259,26.086328],[32.138074,26.088533],[32.138351,26.097169],[32.144382,26.0957],[32.150199,26.093938],[32.155907,26.091849]]],[[[32.153186,26.083459],[32.154005,26.083393],[32.154886,26.08297],[32.15873,26.08022],[32.156199,26.077551],[32.149987,26.080213],[32.148604,26.080648],[32.140387,26.082303],[32.140849,26.083105],[32.141114,26.084046],[32.141027,26.084817],[32.140735,26.08562],[32.141435,26.085872],[32.141814,26.086203],[32.143819,26.088422],[32.14469,26.088778],[32.145303,26.088758],[32.14577,26.088583],[32.152341,26.083721],[32.153186,26.083459]]],[[[32.177615,26.080035],[32.183486,26.075946],[32.186792,26.073172],[32.183173,26.071732],[32.17115,26.072978],[32.164266,26.074041],[32.156404,26.077462],[32.158921,26.080116],[32.161992,26.07793],[32.16274,26.077765],[32.163343,26.077861],[32.167782,26.080167],[32.170387,26.082823],[32.170776,26.083023],[32.171209,26.083074],[32.177615,26.080035]]],[[[32.004602,26.121869],[32.010422,26.128107],[32.021095,26.139218],[32.025917,26.144552],[32.031059,26.141152],[32.029174,26.139528],[32.024211,26.132612],[32.024015,26.132138],[32.024005,26.131594],[32.024638,26.129984],[32.023049,26.127568],[32.022425,26.127011],[32.01882,26.12486],[32.015606,26.123703],[32.007744,26.118812],[32.007241,26.119477],[32.004602,26.121869]]],[[[32.257964,26.017516],[32.258017,26.01716],[32.258352,26.017145],[32.258347,26.01704],[32.258686,26.016993],[32.258668,26.016866],[32.259569,26.016673],[32.259536,26.016434],[32.259686,26.016413],[32.259627,26.016213],[32.259763,26.016172],[32.259803,26.016433],[32.259697,26.016449],[32.25981,26.016885],[32.261204,26.016492],[32.2632,26.01619],[32.265941,26.015582],[32.274318,26.014502],[32.276718,26.014486],[32.276773,26.013434],[32.276426,26.012526],[32.276283,26.011583],[32.266007,26.008261],[32.258812,26.008655],[32.258216,26.008853],[32.256826,26.009885],[32.256226,26.010144],[32.251293,26.010677],[32.250689,26.010709],[32.248637,26.010479],[32.233366,26.011678],[32.232413,26.011414],[32.231762,26.010807],[32.231459,26.010084],[32.230919,26.006708],[32.230476,26.005229],[32.231169,26.005267],[32.235395,26.004611],[32.238273,26.003728],[32.238701,26.0037],[32.241196,26.004058],[32.242329,26.004096],[32.24374,26.004434],[32.246309,26.004816],[32.25,26.005958],[32.250737,26.006092],[32.252336,26.006054],[32.254869,26.005481],[32.254879,26.001928],[32.254986,26.00082],[32.255354,25.999554],[32.253952,25.998944],[32.248405,25.998612],[32.24507,25.997981],[32.239749,25.997674],[32.23272,25.99817],[32.23063,25.998571],[32.227903,25.998513],[32.224095,25.998146],[32.22023,25.998191],[32.211555,25.999035],[32.205173,25.999435],[32.209526,26.005478],[32.210804,26.007486],[32.211482,26.00965],[32.211973,26.01009],[32.21228,26.010139],[32.217146,26.009392],[32.223109,26.011065],[32.225434,26.011508],[32.226451,26.011645],[32.228041,26.011263],[32.228436,26.011271],[32.228733,26.011382],[32.230378,26.012871],[32.235425,26.015444],[32.235436,26.014902],[32.235577,26.014878],[32.235859,26.015273],[32.237233,26.015095],[32.237139,26.014713],[32.237529,26.014644],[32.237574,26.0149],[32.237882,26.014846],[32.237847,26.014649],[32.238045,26.014614],[32.237858,26.013953],[32.238114,26.01388],[32.238029,26.01348],[32.23818,26.013422],[32.238004,26.012895],[32.23876,26.012784],[32.238607,26.012004],[32.238845,26.011957],[32.238912,26.012298],[32.239222,26.012123],[32.239398,26.012864],[32.239239,26.012902],[32.239307,26.01319],[32.239488,26.013147],[32.239533,26.012832],[32.239808,26.012957],[32.239602,26.011808],[32.239238,26.011824],[32.239204,26.011393],[32.240062,26.011329],[32.240192,26.012502],[32.240881,26.012379],[32.241046,26.013299],[32.240569,26.013386],[32.240601,26.013562],[32.241118,26.013453],[32.241185,26.013711],[32.241654,26.013506],[32.241726,26.013906],[32.242121,26.013835],[32.242205,26.013943],[32.242499,26.013891],[32.242498,26.013604],[32.242807,26.013615],[32.243005,26.014402],[32.242891,26.014414],[32.24286,26.01411],[32.242399,26.014241],[32.242581,26.014902],[32.242812,26.014864],[32.242931,26.015492],[32.24305,26.015482],[32.243063,26.015223],[32.243268,26.015223],[32.243188,26.015775],[32.242983,26.015796],[32.243018,26.016129],[32.243297,26.016143],[32.243454,26.016274],[32.243397,26.016532],[32.243945,26.016891],[32.243963,26.016474],[32.244127,26.016513],[32.244161,26.016339],[32.244995,26.016286],[32.245017,26.015994],[32.245165,26.016005],[32.245324,26.014988],[32.245441,26.014991],[32.245479,26.015217],[32.24561,26.0152],[32.245577,26.014941],[32.245704,26.014925],[32.24568,26.014733],[32.245827,26.014715],[32.245812,26.014599],[32.246488,26.014515],[32.24667,26.01519],[32.246899,26.015128],[32.246858,26.014973],[32.246992,26.014937],[32.24704,26.015118],[32.247416,26.015017],[32.247309,26.014725],[32.247485,26.014668],[32.247586,26.014943],[32.247864,26.014841],[32.24796,26.015102],[32.247819,26.015123],[32.247905,26.015358],[32.24808,26.015339],[32.248102,26.015508],[32.247765,26.015548],[32.24784,26.016165],[32.247933,26.016143],[32.247884,26.015961],[32.248181,26.015899],[32.248257,26.016176],[32.248491,26.016124],[32.248341,26.015494],[32.248621,26.015437],[32.248477,26.014719],[32.24892,26.014733],[32.249818,26.014206],[32.25073,26.014074],[32.251239,26.014378],[32.251909,26.015033],[32.252298,26.014852],[32.252717,26.015404],[32.253266,26.015461],[32.253652,26.01532],[32.25553,26.016057],[32.255507,26.015797],[32.255602,26.015817],[32.256335,26.016261],[32.256213,26.016172],[32.256179,26.015495],[32.256963,26.015479],[32.256883,26.015039],[32.257057,26.015007],[32.257089,26.015536],[32.2572,26.015515],[32.257169,26.015349],[32.257335,26.015319],[32.257369,26.015506],[32.257562,26.015483],[32.257409,26.014673],[32.257787,26.014604],[32.257842,26.014909],[32.258074,26.014866],[32.258178,26.015795],[32.258417,26.015752],[32.258444,26.015899],[32.258156,26.015952],[32.258147,26.015836],[32.258061,26.015863],[32.258308,26.016956],[32.257657,26.01708],[32.257723,26.017287],[32.257844,26.017278],[32.257862,26.017553],[32.257964,26.017516]],[[32.263232,26.014344],[32.263313,26.013434],[32.263504,26.013459],[32.26358,26.013333],[32.263777,26.013836],[32.263639,26.013923],[32.263791,26.013982],[32.263838,26.014243],[32.263668,26.014363],[32.263232,26.014344]],[[32.261112,26.01327],[32.261294,26.01344],[32.261948,26.013405],[32.261929,26.0135],[32.262591,26.013841],[32.262525,26.014023],[32.262725,26.014106],[32.26278,26.01387],[32.262911,26.013901],[32.262889,26.014202],[32.262377,26.01409],[32.262353,26.014294],[32.262259,26.014283],[32.262171,26.014066],[32.262332,26.014085],[32.262359,26.013886],[32.261929,26.013836],[32.261743,26.013971],[32.26118,26.014007],[32.261233,26.014257],[32.260979,26.01431],[32.2611,26.013768],[32.260945,26.013589],[32.260763,26.013583],[32.260767,26.013447],[32.261018,26.013296],[32.260962,26.013172],[32.260371,26.013274],[32.260295,26.013087],[32.261165,26.012863],[32.261017,26.012987],[32.261094,26.013189],[32.261217,26.013168],[32.261233,26.01327],[32.261112,26.01327]],[[32.267469,26.011719],[32.267447,26.012072],[32.267184,26.01215],[32.267081,26.010933],[32.266975,26.010791],[32.266825,26.010796],[32.266821,26.010337],[32.266409,26.010236],[32.266375,26.009893],[32.266409,26.00979],[32.26668,26.009841],[32.266801,26.009556],[32.266958,26.009562],[32.26702,26.009921],[32.267206,26.009924],[32.267256,26.009281],[32.267437,26.009295],[32.267519,26.008869],[32.267779,26.008956],[32.267732,26.009528],[32.268,26.00955],[32.267989,26.00968],[32.267722,26.009658],[32.267707,26.009833],[32.267989,26.009909],[32.267925,26.010146],[32.268117,26.010198],[32.268144,26.009897],[32.268277,26.009909],[32.268338,26.010075],[32.268392,26.010691],[32.268226,26.010676],[32.268246,26.010456],[32.268064,26.010364],[32.267998,26.011095],[32.268443,26.01121],[32.268425,26.011405],[32.267801,26.011372],[32.267836,26.011568],[32.267469,26.011719]],[[32.268754,26.011505],[32.268823,26.011662],[32.269136,26.01169],[32.2691,26.011903],[32.268793,26.01186],[32.268805,26.011699],[32.268421,26.01165],[32.26842,26.011462],[32.268754,26.011505]],[[32.221422,26.009695],[32.220458,26.00803],[32.22026,26.004955],[32.220123,26.004552],[32.219863,26.004261],[32.217554,26.002744],[32.215569,26.000411],[32.214382,25.998932],[32.214438,25.998875],[32.217603,26.002697],[32.219925,26.004249],[32.220222,26.004601],[32.220314,26.004834],[32.220534,26.008066],[32.221461,26.009663],[32.22152,26.010039],[32.221403,26.010425],[32.221422,26.009695]]],[[[32.190302,26.018871],[32.19061,26.019165],[32.190302,26.019488],[32.190622,26.019793],[32.190502,26.019918],[32.190711,26.020117],[32.190408,26.020369],[32.190203,26.020187],[32.189968,26.020312],[32.189371,26.019851],[32.184185,26.025397],[32.185479,26.026446],[32.184884,26.026976],[32.184231,26.026432],[32.183996,26.026586],[32.18384,26.026509],[32.18345,26.026953],[32.183606,26.02709],[32.183486,26.027227],[32.183718,26.027357],[32.183799,26.027214],[32.18489,26.028295],[32.184798,26.028379],[32.185122,26.028938],[32.184868,26.029085],[32.185161,26.02944],[32.185332,26.029299],[32.185468,26.029464],[32.185297,26.029605],[32.185614,26.029989],[32.185433,26.030269],[32.18496,26.030556],[32.179595,26.031371],[32.179299,26.031563],[32.177537,26.033992],[32.176872,26.034685],[32.177531,26.035306],[32.177453,26.035435],[32.16553,26.024407],[32.162801,26.021615],[32.157968,26.025031],[32.153251,26.028944],[32.15284,26.029562],[32.151917,26.032412],[32.151249,26.03342],[32.138383,26.043926],[32.137676,26.044933],[32.137399,26.046352],[32.139136,26.046488],[32.14263,26.045967],[32.150701,26.046115],[32.150313,26.045723],[32.150766,26.045274],[32.150208,26.044802],[32.15009,26.044942],[32.150202,26.045037],[32.149867,26.045301],[32.148302,26.043816],[32.147919,26.04422],[32.147319,26.043718],[32.147753,26.043316],[32.147463,26.043003],[32.148085,26.042527],[32.14797,26.042377],[32.147719,26.042569],[32.147079,26.04189],[32.147284,26.041697],[32.146612,26.040983],[32.146723,26.040878],[32.146895,26.041061],[32.147218,26.040861],[32.147619,26.041355],[32.147821,26.04119],[32.147598,26.040916],[32.147697,26.040835],[32.147839,26.041009],[32.148005,26.040874],[32.148082,26.040773],[32.147839,26.040474],[32.148108,26.040279],[32.149354,26.04153],[32.149779,26.041253],[32.150243,26.041823],[32.151823,26.040538],[32.151711,26.040401],[32.151978,26.040183],[32.151321,26.039485],[32.151607,26.039167],[32.152013,26.039504],[32.152753,26.038902],[32.153171,26.039296],[32.153787,26.038778],[32.151729,26.036393],[32.155596,26.040459],[32.155877,26.04033],[32.156479,26.041183],[32.156905,26.040821],[32.156802,26.0407],[32.158263,26.039455],[32.159017,26.040172],[32.158447,26.04068],[32.158737,26.041006],[32.159101,26.040681],[32.159415,26.040864],[32.159878,26.040456],[32.160112,26.040721],[32.159825,26.040974],[32.159727,26.040863],[32.159368,26.041181],[32.159512,26.041259],[32.159448,26.041378],[32.159627,26.041474],[32.159638,26.04163],[32.160103,26.041169],[32.160332,26.0414],[32.159759,26.0419],[32.160236,26.042348],[32.159891,26.042715],[32.159555,26.0424],[32.158879,26.042986],[32.159466,26.04357],[32.160211,26.042994],[32.160799,26.043559],[32.160469,26.043755],[32.160604,26.043983],[32.160173,26.044347],[32.160536,26.044726],[32.160658,26.044622],[32.161096,26.044926],[32.160747,26.045224],[32.160938,26.045447],[32.160306,26.04607],[32.160722,26.046556],[32.161789,26.045645],[32.162042,26.045913],[32.162294,26.045675],[32.163491,26.046223],[32.163697,26.045955],[32.164725,26.046541],[32.164949,26.046354],[32.162463,26.045008],[32.162646,26.044669],[32.165132,26.046015],[32.165516,26.045637],[32.166314,26.046235],[32.166775,26.045787],[32.167498,26.046348],[32.168495,26.04527],[32.16733,26.044422],[32.167571,26.044091],[32.167903,26.044333],[32.168122,26.044031],[32.168925,26.044709],[32.169459,26.044076],[32.170334,26.044814],[32.175499,26.037197],[32.17654,26.036183],[32.177652,26.035589],[32.183325,26.034106],[32.201308,26.028594],[32.202105,26.028318],[32.203309,26.027406],[32.204054,26.027075],[32.207671,26.026292],[32.224355,26.020716],[32.239849,26.019936],[32.239596,26.019249],[32.23889,26.018065],[32.237037,26.016326],[32.230281,26.012927],[32.228493,26.011379],[32.228127,26.011349],[32.226707,26.011727],[32.226124,26.011727],[32.223301,26.011223],[32.217055,26.009512],[32.212379,26.01025],[32.21174,26.010101],[32.211375,26.009662],[32.211066,26.008685],[32.211165,26.008658],[32.210638,26.007333],[32.208703,26.004409],[32.205145,25.999638],[32.205233,25.999586],[32.205173,25.999435],[32.198578,26.000281],[32.194322,26.001021],[32.193671,26.00126],[32.188543,26.004031],[32.195431,26.012604],[32.19686,26.014712],[32.202232,26.011954],[32.204006,26.011224],[32.206077,26.010666],[32.209864,26.009005],[32.210951,26.008706],[32.210984,26.008803],[32.209652,26.00915],[32.206119,26.010727],[32.204223,26.011219],[32.202895,26.01175],[32.194921,26.015721],[32.195273,26.016275],[32.194833,26.016555],[32.19473,26.016393],[32.194512,26.016531],[32.194614,26.016693],[32.194375,26.016778],[32.194695,26.017152],[32.193931,26.017671],[32.193893,26.017823],[32.194076,26.018092],[32.194254,26.017971],[32.194602,26.018361],[32.193751,26.018611],[32.193744,26.018758],[32.194531,26.019528],[32.194397,26.019599],[32.193908,26.019004],[32.193804,26.01909],[32.193691,26.018953],[32.193131,26.019413],[32.193484,26.019843],[32.193345,26.019957],[32.192899,26.019476],[32.192443,26.019857],[32.192891,26.020294],[32.193069,26.020156],[32.193369,26.020479],[32.193294,26.020549],[32.193406,26.020671],[32.192951,26.021004],[32.193749,26.021674],[32.193931,26.02154],[32.19404,26.021705],[32.193922,26.021814],[32.194194,26.022051],[32.194042,26.022124],[32.193724,26.021859],[32.19346,26.022103],[32.193342,26.021856],[32.19322,26.02197],[32.193117,26.021846],[32.19322,26.021744],[32.193086,26.0216],[32.192884,26.021787],[32.193086,26.022004],[32.192891,26.02218],[32.193069,26.022387],[32.192899,26.022499],[32.192754,26.022265],[32.192573,26.022413],[32.19231,26.022112],[32.192467,26.022003],[32.192075,26.021684],[32.192012,26.02175],[32.191804,26.021601],[32.191549,26.021871],[32.19143,26.021765],[32.191529,26.021624],[32.191372,26.021482],[32.191268,26.021541],[32.190969,26.021421],[32.191185,26.021017],[32.191143,26.020861],[32.191381,26.021007],[32.191498,26.020865],[32.191276,26.02067],[32.191419,26.020491],[32.191301,26.020349],[32.191804,26.019849],[32.191569,26.019613],[32.191658,26.019497],[32.190603,26.018556],[32.190302,26.018871]]],[[[32.243916,26.052709],[32.24488,26.050186],[32.246652,26.046941],[32.246763,26.046385],[32.247805,26.043822],[32.247906,26.042944],[32.248356,26.041422],[32.248729,26.038882],[32.248108,26.038526],[32.248034,26.038633],[32.247462,26.038242],[32.247073,26.038622],[32.246955,26.038501],[32.246741,26.038806],[32.246814,26.038902],[32.24657,26.039087],[32.246657,26.039172],[32.246522,26.03931],[32.247693,26.040461],[32.246907,26.041435],[32.246226,26.040886],[32.245355,26.041966],[32.246504,26.04278],[32.245874,26.042974],[32.241677,26.04162],[32.241965,26.041476],[32.240594,26.040941],[32.240539,26.041064],[32.240078,26.040858],[32.23993,26.04119],[32.239419,26.040961],[32.23951,26.040759],[32.239051,26.040553],[32.239708,26.03996],[32.241196,26.040648],[32.24156,26.04039],[32.241701,26.040583],[32.241911,26.040559],[32.241046,26.039492],[32.240333,26.040076],[32.239837,26.039365],[32.240144,26.039144],[32.240284,26.039257],[32.240629,26.039042],[32.24107,26.039472],[32.241333,26.039308],[32.240596,26.038589],[32.241047,26.038411],[32.240503,26.037881],[32.240489,26.037726],[32.240979,26.037351],[32.241703,26.037898],[32.241852,26.037745],[32.241504,26.037406],[32.241894,26.037163],[32.241658,26.036908],[32.242051,26.036377],[32.24302,26.037178],[32.243431,26.036846],[32.245261,26.038169],[32.245199,26.038264],[32.245408,26.038402],[32.245662,26.038127],[32.245323,26.037867],[32.245209,26.037971],[32.245082,26.037898],[32.245226,26.037795],[32.245109,26.037635],[32.244991,26.037786],[32.244893,26.037709],[32.244874,26.03752],[32.244977,26.037601],[32.245063,26.037433],[32.245237,26.037471],[32.244792,26.037097],[32.244575,26.037361],[32.244384,26.037411],[32.24391,26.037016],[32.244207,26.036508],[32.243992,26.036328],[32.243578,26.036825],[32.242963,26.036359],[32.243124,26.036214],[32.242835,26.035932],[32.242675,26.036075],[32.241652,26.035386],[32.241937,26.0351],[32.241829,26.03496],[32.241619,26.035148],[32.241528,26.035036],[32.241619,26.034933],[32.240947,26.034332],[32.239732,26.035324],[32.239249,26.035952],[32.239843,26.036441],[32.240031,26.036306],[32.240219,26.036446],[32.240671,26.036055],[32.240824,26.036232],[32.240605,26.036422],[32.240738,26.036575],[32.239754,26.037323],[32.239923,26.037554],[32.239802,26.037685],[32.239927,26.037799],[32.239795,26.037942],[32.239447,26.037622],[32.238627,26.038398],[32.238896,26.038612],[32.238779,26.038694],[32.238699,26.038581],[32.238527,26.038703],[32.238782,26.038899],[32.239113,26.038667],[32.23902,26.038534],[32.23938,26.038281],[32.239473,26.038414],[32.239579,26.03834],[32.239654,26.038447],[32.239351,26.038705],[32.239439,26.038808],[32.239768,26.038528],[32.239867,26.038644],[32.239722,26.038768],[32.239988,26.03896],[32.23973,26.039197],[32.239819,26.039294],[32.239659,26.039578],[32.239769,26.039697],[32.239482,26.039961],[32.239361,26.03983],[32.23925,26.039932],[32.239044,26.039708],[32.239247,26.039577],[32.239196,26.039497],[32.239056,26.039588],[32.238924,26.039384],[32.238764,26.039488],[32.23831,26.039098],[32.238425,26.038964],[32.238196,26.038701],[32.237711,26.038283],[32.237879,26.03815],[32.238158,26.03835],[32.238434,26.038229],[32.238307,26.038143],[32.238462,26.038009],[32.238355,26.037564],[32.238431,26.037492],[32.238508,26.037575],[32.238758,26.037254],[32.238435,26.037021],[32.236738,26.039252],[32.235876,26.041811],[32.23696,26.041519],[32.237884,26.042195],[32.237774,26.042345],[32.237894,26.042433],[32.239747,26.042887],[32.238915,26.043764],[32.239073,26.043907],[32.23876,26.044255],[32.237822,26.046074],[32.236429,26.049453],[32.236155,26.049107],[32.236045,26.049243],[32.235817,26.04923],[32.23573,26.050673],[32.234881,26.051274],[32.235507,26.05216],[32.236508,26.051648],[32.236509,26.053036],[32.243916,26.052709]]],[[[32.304127,26.036397],[32.304873,26.036348],[32.304895,26.035565],[32.305411,26.034392],[32.304461,26.034709],[32.303496,26.034413],[32.304069,26.032885],[32.303938,26.031561],[32.30347,26.031258],[32.302724,26.0322],[32.302244,26.031899],[32.30248,26.031158],[32.302484,26.030417],[32.298498,26.027464],[32.294967,26.025766],[32.29063,26.024832],[32.284499,26.024901],[32.285362,26.025134],[32.287196,26.025086],[32.293345,26.025802],[32.295952,26.02669],[32.296747,26.027466],[32.295446,26.02684],[32.293742,26.026356],[32.292941,26.026314],[32.292414,26.026444],[32.294223,26.026986],[32.295881,26.027984],[32.296216,26.028367],[32.296507,26.029035],[32.297452,26.029591],[32.297909,26.030047],[32.299277,26.031028],[32.299611,26.031658],[32.302197,26.034262],[32.302861,26.034339],[32.304127,26.036397]]],[[[32.293992,26.027684],[32.293855,26.027535],[32.293742,26.02773],[32.294004,26.028667],[32.294777,26.02917],[32.295492,26.029228],[32.29552,26.028949],[32.294628,26.027803],[32.293992,26.027684]]],[[[32.137659,26.081102],[32.13783,26.080944],[32.137602,26.081106],[32.137659,26.081102]]],[[[32.499944,26.111644],[32.500104,26.111252],[32.499929,26.111579],[32.499944,26.111644]]],[[[32.500104,26.111252],[32.499882,26.111028],[32.499388,26.111215],[32.499867,26.111071],[32.499917,26.111171],[32.500104,26.111252]]],[[[32.499538,26.111681],[32.499912,26.111599],[32.499697,26.111419],[32.499716,26.111517],[32.499504,26.111422],[32.499371,26.111506],[32.49941,26.111623],[32.499236,26.111669],[32.499436,26.1118],[32.499256,26.111849],[32.499304,26.112076],[32.499959,26.11194],[32.499538,26.111681]]],[[[32.497466,26.112551],[32.49913,26.112172],[32.499168,26.112074],[32.49892,26.111896],[32.498902,26.11156],[32.498662,26.111422],[32.498352,26.11156],[32.498029,26.11149],[32.497691,26.111856],[32.497623,26.111578],[32.497374,26.111575],[32.49724,26.111708],[32.496836,26.111678],[32.49668,26.111934],[32.497103,26.111998],[32.497071,26.112123],[32.495466,26.112448],[32.495332,26.11279],[32.495633,26.113102],[32.497466,26.112551]]],[[[32.495522,26.113019],[32.495144,26.112487],[32.49502,26.112629],[32.494707,26.112637],[32.493683,26.113009],[32.493835,26.113443],[32.495522,26.113019]]],[[[32.488974,26.114451],[32.493734,26.113477],[32.493671,26.113161],[32.493471,26.113071],[32.493033,26.113308],[32.492024,26.113367],[32.491938,26.113537],[32.490569,26.113736],[32.489991,26.114031],[32.489055,26.114284],[32.488974,26.114451]]],[[[32.530117,26.110874],[32.519826,26.11076],[32.516355,26.111067],[32.509316,26.112642],[32.498595,26.1157],[32.511927,26.115087],[32.518576,26.114366],[32.522608,26.113397],[32.533507,26.111816],[32.533585,26.111376],[32.530117,26.110874]]],[[[32.559181,26.116965],[32.559132,26.116956],[32.559114,26.116966],[32.559181,26.116965]]],[[[32.604153,26.130478],[32.603131,26.129975],[32.608123,26.135611],[32.609663,26.136191],[32.611741,26.13798],[32.611994,26.137959],[32.611927,26.137297],[32.610776,26.135265],[32.609321,26.13407],[32.604153,26.130478]]],[[[32.609589,26.136582],[32.608591,26.136146],[32.611786,26.142634],[32.613778,26.145053],[32.616324,26.147322],[32.616487,26.147313],[32.616691,26.145876],[32.616527,26.145112],[32.614919,26.142523],[32.613156,26.140082],[32.611727,26.13848],[32.609589,26.136582]]],[[[32.62723,26.168573],[32.62718,26.168495],[32.627162,26.16851],[32.62723,26.168573]]],[[[32.646262,26.176759],[32.64541,26.176682],[32.641477,26.177748],[32.64025,26.178401],[32.640686,26.178563],[32.644786,26.178039],[32.64593,26.17734],[32.646262,26.176759]]],[[[32.423586,26.091921],[32.424599,26.092638],[32.425365,26.091763],[32.425723,26.091866],[32.425915,26.091644],[32.425504,26.091353],[32.42575,26.090866],[32.426259,26.090688],[32.426578,26.090321],[32.426325,26.090142],[32.426135,26.09018],[32.42566,26.089843],[32.42581,26.0895],[32.425525,26.089298],[32.42523,26.089862],[32.423586,26.091921]]],[[[32.417199,26.087395],[32.423586,26.091921],[32.42523,26.089862],[32.425525,26.089298],[32.42581,26.0895],[32.42566,26.089843],[32.426135,26.09018],[32.426325,26.090142],[32.426578,26.090321],[32.426259,26.090688],[32.42575,26.090866],[32.425504,26.091353],[32.425915,26.091644],[32.425723,26.091866],[32.425365,26.091763],[32.424599,26.092638],[32.426665,26.094102],[32.427396,26.093262],[32.428618,26.093678],[32.429345,26.093786],[32.429706,26.093371],[32.429255,26.093051],[32.429536,26.092727],[32.430127,26.093146],[32.430727,26.092456],[32.430587,26.092357],[32.430902,26.091994],[32.431156,26.091971],[32.431931,26.090881],[32.432639,26.090395],[32.430805,26.089367],[32.430946,26.088794],[32.431133,26.088579],[32.430937,26.088364],[32.43032,26.089155],[32.429769,26.088765],[32.42922,26.088738],[32.428491,26.088068],[32.428346,26.088212],[32.428415,26.08769],[32.428284,26.087555],[32.428051,26.087703],[32.427936,26.087598],[32.427226,26.087766],[32.426921,26.087364],[32.426255,26.087179],[32.426097,26.087007],[32.426257,26.086663],[32.426618,26.086416],[32.427306,26.086381],[32.427647,26.085849],[32.427533,26.08556],[32.427788,26.085265],[32.427429,26.085139],[32.427897,26.084701],[32.427435,26.084067],[32.428287,26.083404],[32.428695,26.08372],[32.428567,26.083987],[32.428735,26.084131],[32.429214,26.083617],[32.429478,26.08379],[32.429818,26.083409],[32.429692,26.083304],[32.429884,26.083027],[32.429824,26.082895],[32.430412,26.082337],[32.429724,26.081963],[32.430616,26.08087],[32.430716,26.080942],[32.430962,26.080726],[32.430369,26.080192],[32.430163,26.080427],[32.429293,26.079838],[32.428862,26.080332],[32.429224,26.080558],[32.429057,26.080676],[32.428644,26.080381],[32.427971,26.081322],[32.427779,26.081186],[32.428554,26.080131],[32.428443,26.080073],[32.42825,26.080227],[32.42806,26.080129],[32.427437,26.080938],[32.427015,26.080668],[32.427321,26.080218],[32.427048,26.080077],[32.427515,26.079503],[32.427402,26.079433],[32.427516,26.079347],[32.427261,26.079196],[32.426918,26.079802],[32.426633,26.079677],[32.426256,26.080133],[32.42606,26.079976],[32.425767,26.080362],[32.426004,26.080546],[32.425518,26.081232],[32.425322,26.081172],[32.425173,26.08137],[32.423873,26.080602],[32.423059,26.081523],[32.422466,26.08116],[32.422622,26.080917],[32.422498,26.080799],[32.422373,26.080876],[32.422234,26.080755],[32.422081,26.080943],[32.421945,26.080874],[32.422205,26.08056],[32.421551,26.080314],[32.42137,26.080554],[32.421196,26.080462],[32.421268,26.080341],[32.421138,26.08026],[32.420943,26.080482],[32.42063,26.080308],[32.420101,26.079694],[32.419174,26.07914],[32.419496,26.07866],[32.419388,26.078634],[32.419217,26.078852],[32.419129,26.078784],[32.419207,26.078674],[32.418966,26.078578],[32.419254,26.078175],[32.418943,26.077997],[32.418738,26.078314],[32.418502,26.078094],[32.418156,26.078081],[32.417944,26.078334],[32.417964,26.078675],[32.41786,26.078651],[32.41782,26.078784],[32.418127,26.078926],[32.418079,26.079012],[32.41759,26.078834],[32.41721,26.079435],[32.417444,26.079541],[32.417231,26.079693],[32.417563,26.079926],[32.417467,26.080054],[32.416793,26.079695],[32.416575,26.079961],[32.416817,26.080052],[32.416781,26.080251],[32.417288,26.080465],[32.417196,26.080574],[32.417585,26.080822],[32.416902,26.08182],[32.417544,26.082315],[32.418276,26.081452],[32.418424,26.081617],[32.417776,26.082361],[32.41794,26.082556],[32.417623,26.083107],[32.418135,26.083333],[32.418474,26.083335],[32.418354,26.083975],[32.41869,26.084023],[32.418324,26.085896],[32.417199,26.087395]]],[[[32.224458,26.020886],[32.224697,26.021159],[32.22445,26.02134],[32.224596,26.021496],[32.224883,26.021291],[32.225092,26.021456],[32.224929,26.021646],[32.225046,26.021747],[32.224905,26.021875],[32.225015,26.022021],[32.225216,26.021871],[32.225388,26.02202],[32.225376,26.022198],[32.225456,26.022131],[32.225988,26.022716],[32.225119,26.022641],[32.224794,26.022892],[32.224605,26.02269],[32.224406,26.022808],[32.223861,26.023311],[32.223755,26.02325],[32.22354,26.023378],[32.223646,26.023556],[32.223983,26.023355],[32.224058,26.023481],[32.223502,26.024251],[32.224607,26.024819],[32.225311,26.025778],[32.22575,26.026473],[32.225677,26.026761],[32.22597,26.027736],[32.226691,26.029231],[32.227061,26.029484],[32.229178,26.030372],[32.229578,26.030617],[32.229905,26.031065],[32.230328,26.032591],[32.230709,26.032973],[32.22985,26.033477],[32.230598,26.034728],[32.232879,26.037276],[32.235652,26.039418],[32.238903,26.036108],[32.23983,26.034925],[32.246587,26.02947],[32.250165,26.034059],[32.2511,26.034594],[32.253181,26.032647],[32.254011,26.032057],[32.260899,26.027663],[32.262907,26.026212],[32.265313,26.025214],[32.268124,26.024446],[32.269782,26.023863],[32.271077,26.02353],[32.27176,26.023576],[32.275791,26.022937],[32.276705,26.022882],[32.277441,26.022968],[32.277779,26.022789],[32.27815,26.022812],[32.278225,26.022704],[32.279029,26.022847],[32.279857,26.022743],[32.280958,26.022831],[32.282627,26.022576],[32.283317,26.022652],[32.283477,26.022632],[32.28338,26.022533],[32.285139,26.022496],[32.285516,26.022333],[32.285824,26.022453],[32.286401,26.022275],[32.287216,26.022604],[32.287776,26.022431],[32.288598,26.022399],[32.288679,26.022302],[32.28909,26.022299],[32.28946,26.022502],[32.289969,26.022308],[32.291265,26.022216],[32.293444,26.022543],[32.294779,26.022977],[32.2988,26.024769],[32.299281,26.02486],[32.300081,26.025372],[32.302278,26.02639],[32.303035,26.026571],[32.304137,26.027196],[32.306079,26.029188],[32.310844,26.033329],[32.313046,26.036587],[32.313493,26.037926],[32.314362,26.041911],[32.315498,26.045946],[32.315861,26.049314],[32.320934,26.048855],[32.326031,26.048153],[32.331089,26.047213],[32.335387,26.046219],[32.362152,26.048121],[32.375058,26.057352],[32.376665,26.056926],[32.377464,26.057063],[32.377749,26.057362],[32.378365,26.057274],[32.379595,26.057383],[32.380752,26.057879],[32.381166,26.057893],[32.381891,26.057631],[32.382325,26.058105],[32.383731,26.057984],[32.38487,26.058504],[32.387336,26.059956],[32.388648,26.061247],[32.389999,26.062882],[32.390667,26.063358],[32.39097,26.063338],[32.392663,26.065362],[32.400375,26.073774],[32.400442,26.074392],[32.400902,26.074755],[32.401063,26.075126],[32.401402,26.075193],[32.401699,26.075521],[32.401698,26.075834],[32.401525,26.075956],[32.402082,26.076208],[32.402975,26.077238],[32.403488,26.077642],[32.417199,26.087395],[32.418324,26.085896],[32.41869,26.084023],[32.418354,26.083975],[32.418474,26.083335],[32.418135,26.083333],[32.417623,26.083107],[32.41794,26.082556],[32.417776,26.082361],[32.418424,26.081617],[32.418276,26.081452],[32.417544,26.082315],[32.416902,26.08182],[32.417585,26.080822],[32.417196,26.080574],[32.417288,26.080465],[32.416781,26.080251],[32.416817,26.080052],[32.416575,26.079961],[32.416793,26.079695],[32.417467,26.080054],[32.417563,26.079926],[32.417231,26.079693],[32.417444,26.079541],[32.41721,26.079435],[32.41759,26.078834],[32.418079,26.079012],[32.418127,26.078926],[32.41782,26.078784],[32.41786,26.078651],[32.417964,26.078675],[32.417944,26.078334],[32.418156,26.078081],[32.418502,26.078094],[32.418738,26.078314],[32.418943,26.077997],[32.419254,26.078175],[32.418966,26.078578],[32.419207,26.078674],[32.419129,26.078784],[32.419217,26.078852],[32.419388,26.078634],[32.419496,26.07866],[32.419174,26.07914],[32.420101,26.079694],[32.42063,26.080308],[32.420943,26.080482],[32.421138,26.08026],[32.421268,26.080341],[32.421196,26.080462],[32.42137,26.080554],[32.421551,26.080314],[32.422205,26.08056],[32.421945,26.080874],[32.422081,26.080943],[32.422234,26.080755],[32.422373,26.080876],[32.422498,26.080799],[32.422622,26.080917],[32.422466,26.08116],[32.423059,26.081523],[32.423873,26.080602],[32.425173,26.08137],[32.425322,26.081172],[32.425518,26.081232],[32.426004,26.080546],[32.425767,26.080362],[32.42606,26.079976],[32.426256,26.080133],[32.426633,26.079677],[32.426918,26.079802],[32.427261,26.079196],[32.427516,26.079347],[32.427402,26.079433],[32.427515,26.079503],[32.427048,26.080077],[32.427321,26.080218],[32.427015,26.080668],[32.427437,26.080938],[32.42806,26.080129],[32.42825,26.080227],[32.428443,26.080073],[32.428554,26.080131],[32.427779,26.081186],[32.427971,26.081322],[32.428644,26.080381],[32.429057,26.080676],[32.429224,26.080558],[32.428862,26.080332],[32.429293,26.079838],[32.430163,26.080427],[32.430369,26.080192],[32.430962,26.080726],[32.430716,26.080942],[32.430616,26.08087],[32.429724,26.081963],[32.430412,26.082337],[32.429824,26.082895],[32.429884,26.083027],[32.429692,26.083304],[32.429818,26.083409],[32.429478,26.08379],[32.429214,26.083617],[32.428735,26.084131],[32.428567,26.083987],[32.428695,26.08372],[32.428287,26.083404],[32.427435,26.084067],[32.427897,26.084701],[32.427429,26.085139],[32.427788,26.085265],[32.427533,26.08556],[32.427647,26.085849],[32.427306,26.086381],[32.426618,26.086416],[32.426257,26.086663],[32.426097,26.087007],[32.426255,26.087179],[32.426921,26.087364],[32.427226,26.087766],[32.427936,26.087598],[32.428051,26.087703],[32.428284,26.087555],[32.428415,26.08769],[32.428346,26.088212],[32.428491,26.088068],[32.42922,26.088738],[32.429769,26.088765],[32.43032,26.089155],[32.430937,26.088364],[32.431133,26.088579],[32.430946,26.088794],[32.430805,26.089367],[32.432639,26.090395],[32.431931,26.090881],[32.431156,26.091971],[32.430902,26.091994],[32.430587,26.092357],[32.430727,26.092456],[32.430127,26.093146],[32.429536,26.092727],[32.429255,26.093051],[32.429706,26.093371],[32.429345,26.093786],[32.428618,26.093678],[32.427396,26.093262],[32.426665,26.094102],[32.452133,26.112139],[32.458754,26.112988],[32.462703,26.113683],[32.466444,26.114682],[32.469693,26.116036],[32.473001,26.117067],[32.476087,26.117147],[32.479268,26.116988],[32.481452,26.116707],[32.485213,26.115571],[32.485457,26.115181],[32.486567,26.114709],[32.486843,26.114824],[32.488087,26.114353],[32.491874,26.113313],[32.493375,26.112323],[32.49203,26.112141],[32.490825,26.112306],[32.489711,26.112634],[32.489506,26.112568],[32.488,26.112693],[32.486023,26.113034],[32.484638,26.112997],[32.483831,26.113211],[32.483871,26.113],[32.481736,26.112899],[32.481112,26.112538],[32.481064,26.112342],[32.481234,26.112169],[32.481852,26.112451],[32.482099,26.112327],[32.483039,26.112393],[32.483085,26.112491],[32.483316,26.112484],[32.483293,26.112603],[32.483887,26.112424],[32.484465,26.112475],[32.484617,26.112371],[32.485621,26.112388],[32.486038,26.112285],[32.48728,26.112386],[32.488608,26.112066],[32.492623,26.111662],[32.493233,26.111757],[32.494527,26.111643],[32.495004,26.111452],[32.499388,26.111215],[32.499882,26.111028],[32.500104,26.111252],[32.499944,26.111644],[32.501323,26.111449],[32.501191,26.11124],[32.501587,26.111037],[32.501778,26.111064],[32.501704,26.11117],[32.501876,26.111461],[32.502545,26.111416],[32.500312,26.111799],[32.500262,26.112082],[32.503643,26.111514],[32.503644,26.111343],[32.50664,26.111144],[32.507651,26.110861],[32.497324,26.103075],[32.496891,26.102909],[32.491243,26.101887],[32.489972,26.101761],[32.482632,26.100532],[32.479968,26.099541],[32.476983,26.098965],[32.471912,26.097361],[32.465817,26.094905],[32.465021,26.094465],[32.461461,26.091763],[32.460742,26.091329],[32.460388,26.090902],[32.457932,26.089884],[32.452254,26.085797],[32.447975,26.082118],[32.444647,26.079824],[32.434982,26.073417],[32.428585,26.06948],[32.414453,26.060009],[32.406678,26.05435],[32.406194,26.053892],[32.404961,26.051984],[32.404578,26.051619],[32.403097,26.050782],[32.400209,26.048726],[32.395576,26.045821],[32.392762,26.043565],[32.390635,26.041657],[32.386019,26.039291],[32.377711,26.034551],[32.373882,26.033114],[32.371121,26.031549],[32.367216,26.029625],[32.365314,26.028873],[32.363546,26.02844],[32.360511,26.027191],[32.359207,26.026924],[32.357769,26.026466],[32.356308,26.025793],[32.355339,26.025563],[32.350576,26.025045],[32.343818,26.024025],[32.342355,26.023751],[32.339308,26.022763],[32.337942,26.022634],[32.337079,26.022717],[32.335786,26.022558],[32.333775,26.021877],[32.328606,26.020767],[32.326528,26.020182],[32.318582,26.017715],[32.308278,26.014857],[32.297818,26.011648],[32.297529,26.011478],[32.295115,26.011025],[32.292904,26.010357],[32.291558,26.010075],[32.290814,26.010179],[32.289511,26.010864],[32.284396,26.014151],[32.283407,26.014377],[32.279007,26.014617],[32.276383,26.014919],[32.274296,26.014896],[32.265588,26.016075],[32.259196,26.017441],[32.254155,26.019334],[32.253359,26.019458],[32.225339,26.020761],[32.224458,26.020886]]],[[[32.17115,26.072978],[32.183173,26.071732],[32.183739,26.071905],[32.191319,26.074935],[32.201832,26.069786],[32.201264,26.069704],[32.197986,26.07041],[32.196702,26.070384],[32.193969,26.069964],[32.19218,26.069549],[32.190602,26.068991],[32.187108,26.066968],[32.185509,26.066563],[32.184184,26.066425],[32.180864,26.066539],[32.178662,26.066152],[32.177792,26.065662],[32.175368,26.063485],[32.173784,26.062374],[32.171824,26.059718],[32.170798,26.058625],[32.170404,26.058475],[32.167181,26.060168],[32.161104,26.063644],[32.153402,26.070397],[32.152913,26.071096],[32.152736,26.071836],[32.152953,26.072531],[32.156404,26.077462],[32.164266,26.074041],[32.165038,26.07386],[32.17115,26.072978]]],[[[32.082676,26.094702],[32.079952,26.093293],[32.07944,26.093788],[32.079047,26.09346],[32.07893,26.0936],[32.079142,26.093776],[32.078706,26.094136],[32.079068,26.094433],[32.078906,26.09463],[32.079023,26.094679],[32.079085,26.094533],[32.079518,26.094715],[32.079461,26.094851],[32.079936,26.094942],[32.0798,26.095404],[32.07993,26.095442],[32.080009,26.095298],[32.080067,26.094848],[32.080505,26.095275],[32.080379,26.095575],[32.08025,26.095538],[32.080131,26.095819],[32.079751,26.0961],[32.079904,26.096322],[32.080385,26.096165],[32.080526,26.096332],[32.081086,26.096025],[32.081349,26.096243],[32.081609,26.096059],[32.081472,26.095827],[32.081643,26.095919],[32.082155,26.095465],[32.082012,26.095301],[32.082285,26.095004],[32.082432,26.095099],[32.082331,26.095229],[32.082551,26.095178],[32.082657,26.095318],[32.082752,26.095246],[32.08264,26.095123],[32.082808,26.094987],[32.082569,26.094826],[32.082676,26.094702]]],[[[32.079174,26.092819],[32.089164,26.097916],[32.091485,26.095218],[32.091335,26.09507],[32.090782,26.09552],[32.09086,26.095589],[32.090428,26.09586],[32.090584,26.096016],[32.090483,26.096173],[32.090361,26.096114],[32.089907,26.096421],[32.08972,26.096144],[32.089427,26.096342],[32.089649,26.096558],[32.089503,26.096708],[32.089621,26.096875],[32.088813,26.09745],[32.088508,26.097183],[32.088764,26.096967],[32.088669,26.096854],[32.088129,26.09722],[32.087774,26.096913],[32.08771,26.096986],[32.087727,26.096722],[32.087629,26.096637],[32.087507,26.096704],[32.087306,26.09651],[32.087467,26.096343],[32.087086,26.095975],[32.087372,26.095678],[32.087307,26.095615],[32.087707,26.095494],[32.087637,26.095391],[32.087999,26.095146],[32.088225,26.095417],[32.088451,26.095228],[32.088225,26.094957],[32.08848,26.094745],[32.088385,26.094631],[32.087786,26.095077],[32.087595,26.09482],[32.087269,26.095063],[32.087147,26.094963],[32.087056,26.095074],[32.086986,26.095016],[32.085673,26.095916],[32.085154,26.095536],[32.085454,26.095302],[32.085232,26.095098],[32.085363,26.094955],[32.085526,26.095056],[32.085805,26.095005],[32.08518,26.094428],[32.085529,26.09397],[32.085421,26.093815],[32.085027,26.094082],[32.084867,26.093946],[32.084375,26.094393],[32.084159,26.09419],[32.084408,26.094016],[32.084164,26.093726],[32.083591,26.094171],[32.083183,26.093838],[32.083108,26.093951],[32.083413,26.094181],[32.08297,26.094601],[32.083037,26.094484],[32.082677,26.094185],[32.082991,26.093876],[32.082879,26.093726],[32.082438,26.09404],[32.082381,26.09397],[32.082255,26.094049],[32.082039,26.093876],[32.08225,26.093669],[32.082114,26.093557],[32.081894,26.093749],[32.081678,26.09358],[32.081575,26.093707],[32.081134,26.093458],[32.08141,26.093153],[32.081509,26.093257],[32.081908,26.09297],[32.081739,26.092791],[32.082009,26.092566],[32.081842,26.092356],[32.081504,26.092544],[32.080879,26.093227],[32.080137,26.092449],[32.080013,26.092525],[32.080271,26.092811],[32.080088,26.092905],[32.080341,26.093093],[32.080285,26.093153],[32.079679,26.092509],[32.079174,26.092819]]],[[[32.091372,26.094955],[32.091486,26.094862],[32.091604,26.094947],[32.093239,26.094],[32.092869,26.093509],[32.092515,26.093721],[32.092342,26.093612],[32.092716,26.093353],[32.092683,26.093164],[32.092577,26.09305],[32.092457,26.093153],[32.091883,26.092534],[32.092225,26.092329],[32.092146,26.092196],[32.092511,26.091976],[32.092277,26.091674],[32.091488,26.092068],[32.091303,26.09176],[32.091797,26.091504],[32.091699,26.091315],[32.091401,26.091445],[32.091334,26.0913],[32.091528,26.091186],[32.091474,26.091],[32.091055,26.090762],[32.090343,26.091084],[32.090401,26.091178],[32.08986,26.091657],[32.090054,26.091905],[32.089801,26.092125],[32.089648,26.091998],[32.089366,26.092175],[32.089531,26.09245],[32.089224,26.092712],[32.089524,26.092911],[32.089765,26.092756],[32.090165,26.093125],[32.089922,26.093268],[32.090002,26.09336],[32.090235,26.093237],[32.090336,26.093312],[32.090039,26.093498],[32.090253,26.09371],[32.090538,26.093569],[32.090605,26.093739],[32.090277,26.093904],[32.090776,26.094511],[32.090966,26.094412],[32.091045,26.094594],[32.091318,26.094426],[32.091204,26.094227],[32.091039,26.094321],[32.09074,26.0938],[32.090963,26.093672],[32.091088,26.09389],[32.091314,26.09376],[32.091222,26.093601],[32.091393,26.093503],[32.091334,26.093399],[32.091623,26.093233],[32.09208,26.093756],[32.092182,26.093667],[32.092721,26.094144],[32.091312,26.094832],[32.091372,26.094955]]],[[[32.093117,26.093837],[32.093294,26.093991],[32.094143,26.093494],[32.094032,26.093306],[32.093687,26.093508],[32.093496,26.093182],[32.093368,26.093257],[32.09348,26.093575],[32.093117,26.093837]]],[[[32.119034,26.089902],[32.120228,26.091204],[32.120396,26.091001],[32.119855,26.090368],[32.120071,26.090108],[32.120952,26.090901],[32.121049,26.090785],[32.120361,26.090214],[32.120568,26.090075],[32.120691,26.090178],[32.120782,26.090068],[32.121489,26.090829],[32.12161,26.090755],[32.121504,26.090536],[32.121741,26.090327],[32.121844,26.090413],[32.122174,26.09021],[32.122018,26.090037],[32.122102,26.089936],[32.122442,26.090171],[32.122511,26.090088],[32.122225,26.089851],[32.122291,26.089789],[32.121975,26.089421],[32.122057,26.08935],[32.12253,26.089882],[32.122654,26.089733],[32.123005,26.090088],[32.123144,26.089996],[32.122964,26.089769],[32.123071,26.089506],[32.122957,26.089589],[32.122764,26.089396],[32.122952,26.089259],[32.122798,26.089101],[32.122895,26.089033],[32.123442,26.089635],[32.123885,26.089323],[32.124258,26.08974],[32.124026,26.089919],[32.124189,26.090033],[32.124079,26.090145],[32.124299,26.090298],[32.124368,26.090229],[32.124474,26.090322],[32.124929,26.090015],[32.124763,26.08982],[32.124483,26.090018],[32.124367,26.089853],[32.124517,26.089738],[32.124478,26.089504],[32.124239,26.089672],[32.124083,26.089435],[32.124341,26.089228],[32.124206,26.089036],[32.124475,26.08877],[32.124251,26.088524],[32.123676,26.08895],[32.123559,26.088767],[32.123734,26.088597],[32.123639,26.088494],[32.123487,26.088665],[32.123564,26.088414],[32.123408,26.088258],[32.123527,26.088139],[32.123315,26.087949],[32.123408,26.087839],[32.122874,26.088134],[32.122391,26.08778],[32.122187,26.087944],[32.121948,26.087676],[32.122323,26.087342],[32.122138,26.087169],[32.121823,26.087424],[32.121736,26.087301],[32.122109,26.086939],[32.121957,26.086801],[32.121802,26.08691],[32.121714,26.086815],[32.12201,26.086607],[32.12214,26.086762],[32.122619,26.086355],[32.122517,26.086303],[32.122761,26.086055],[32.123492,26.086431],[32.123706,26.086232],[32.123412,26.085958],[32.123603,26.085772],[32.123534,26.085669],[32.123157,26.086034],[32.122727,26.085737],[32.123127,26.085326],[32.123054,26.085242],[32.12275,26.085528],[32.122609,26.085429],[32.122936,26.08514],[32.122632,26.08493],[32.122409,26.085145],[32.121714,26.084538],[32.12163,26.084629],[32.12206,26.085006],[32.121775,26.085212],[32.121386,26.084808],[32.121234,26.084934],[32.121082,26.084728],[32.121451,26.084302],[32.12096,26.083963],[32.120473,26.084423],[32.12032,26.084264],[32.120558,26.083978],[32.120393,26.083876],[32.120697,26.083444],[32.119961,26.082847],[32.119791,26.083052],[32.119523,26.082833],[32.119264,26.083089],[32.119096,26.082968],[32.118701,26.083333],[32.118614,26.083259],[32.118906,26.082958],[32.118775,26.082844],[32.118367,26.083119],[32.118273,26.083045],[32.118093,26.083267],[32.117788,26.083015],[32.117968,26.082804],[32.11758,26.082483],[32.117811,26.082111],[32.117178,26.081682],[32.116141,26.082553],[32.11602,26.082453],[32.116148,26.082319],[32.115903,26.082111],[32.116024,26.081987],[32.115813,26.081833],[32.116104,26.081495],[32.115907,26.081284],[32.115806,26.081365],[32.115933,26.081465],[32.115826,26.081549],[32.115893,26.081626],[32.115743,26.081776],[32.115358,26.081465],[32.115234,26.081549],[32.115194,26.081479],[32.115103,26.081582],[32.115361,26.081807],[32.115129,26.082028],[32.114197,26.081475],[32.113731,26.082121],[32.114319,26.082252],[32.113854,26.082701],[32.114246,26.082962],[32.114573,26.082895],[32.114777,26.083136],[32.11496,26.082995],[32.115096,26.083157],[32.115337,26.082995],[32.115405,26.083063],[32.115253,26.083173],[32.115374,26.083392],[32.115614,26.083209],[32.115798,26.08329],[32.116068,26.083215],[32.116184,26.083371],[32.1154,26.083889],[32.115468,26.083994],[32.116229,26.083483],[32.11632,26.083575],[32.116163,26.08368],[32.116289,26.083743],[32.115944,26.084036],[32.116411,26.084458],[32.116828,26.084074],[32.117253,26.084335],[32.117114,26.084458],[32.117245,26.084556],[32.117098,26.084703],[32.117212,26.08476],[32.116207,26.085684],[32.116819,26.086236],[32.11768,26.085605],[32.117821,26.085725],[32.118397,26.085423],[32.118777,26.085803],[32.11905,26.085631],[32.119578,26.086253],[32.119214,26.086547],[32.119463,26.086849],[32.119673,26.086698],[32.119809,26.086828],[32.120316,26.086457],[32.120243,26.0863],[32.12041,26.086279],[32.120755,26.086849],[32.120022,26.087421],[32.120253,26.087592],[32.120091,26.087759],[32.120258,26.087932],[32.120462,26.08778],[32.120703,26.087979],[32.120609,26.088047],[32.12075,26.088293],[32.120326,26.088659],[32.120488,26.088837],[32.119034,26.089902]]],[[[32.115521,26.08552],[32.115304,26.085254],[32.115068,26.085447],[32.115254,26.085709],[32.115521,26.08552]]],[[[32.116385,26.086429],[32.116114,26.086131],[32.115984,26.086249],[32.115683,26.085918],[32.115577,26.086014],[32.116129,26.08662],[32.116385,26.086429]]],[[[32.114514,26.083577],[32.114183,26.083119],[32.113768,26.083306],[32.114156,26.083791],[32.114514,26.083577]]],[[[32.113499,26.083524],[32.113863,26.084088],[32.114092,26.083885],[32.113696,26.083436],[32.113499,26.083524]]],[[[32.123736,26.086563],[32.122761,26.086055],[32.122329,26.086594],[32.122538,26.08671],[32.122757,26.08649],[32.123058,26.086692],[32.123211,26.086569],[32.124196,26.087332],[32.124499,26.087116],[32.124581,26.08723],[32.124197,26.087601],[32.124254,26.087718],[32.124027,26.087912],[32.124108,26.088008],[32.124642,26.087448],[32.124777,26.087674],[32.125244,26.087425],[32.125417,26.087531],[32.12579,26.087213],[32.125686,26.087092],[32.125844,26.086925],[32.126328,26.087297],[32.126568,26.08712],[32.12612,26.086248],[32.125814,26.086451],[32.125944,26.086627],[32.125446,26.087031],[32.125342,26.086901],[32.124914,26.087227],[32.124456,26.086933],[32.124426,26.086573],[32.124304,26.0867],[32.123937,26.086406],[32.123736,26.086563]]],[[[32.110928,26.099715],[32.111874,26.100353],[32.112265,26.099938],[32.111934,26.09966],[32.111682,26.099818],[32.111448,26.099623],[32.111687,26.099418],[32.111606,26.099309],[32.112403,26.098712],[32.112496,26.098824],[32.112871,26.098512],[32.113326,26.098773],[32.11349,26.098636],[32.112874,26.098194],[32.112144,26.09872],[32.11186,26.09878],[32.111656,26.098536],[32.111522,26.098613],[32.111354,26.098495],[32.111225,26.098586],[32.111036,26.098281],[32.110791,26.098365],[32.110722,26.098288],[32.110588,26.098408],[32.110461,26.098315],[32.110265,26.098442],[32.10989,26.098781],[32.110113,26.099028],[32.109702,26.099399],[32.109801,26.09956],[32.110146,26.099347],[32.110815,26.099861],[32.110928,26.099715]]],[[[32.112874,26.098194],[32.113058,26.097992],[32.112933,26.097865],[32.113046,26.097648],[32.113297,26.097663],[32.112899,26.096842],[32.113251,26.096579],[32.113159,26.096499],[32.112926,26.096685],[32.112759,26.096459],[32.112861,26.096348],[32.112794,26.096259],[32.11257,26.096426],[32.112427,26.096235],[32.112698,26.096033],[32.112568,26.095928],[32.112357,26.096105],[32.112281,26.096014],[32.112461,26.095862],[32.112335,26.095677],[32.11221,26.095762],[32.112067,26.095618],[32.111565,26.09611],[32.111204,26.095752],[32.110892,26.096008],[32.110808,26.095906],[32.110992,26.095755],[32.110769,26.095481],[32.110309,26.095927],[32.110381,26.095988],[32.109778,26.096396],[32.110079,26.09661],[32.110319,26.096448],[32.110595,26.096908],[32.110842,26.096762],[32.111078,26.097032],[32.110926,26.097166],[32.111415,26.097725],[32.111571,26.097633],[32.112874,26.098194]]],[[[32.110227,26.095646],[32.110018,26.09551],[32.109743,26.095749],[32.109899,26.095929],[32.110227,26.095646]]],[[[32.110269,26.095559],[32.11062,26.095258],[32.110516,26.095137],[32.110603,26.095062],[32.11048,26.09492],[32.11008,26.095263],[32.109851,26.094996],[32.109748,26.095278],[32.110269,26.095559]]],[[[32.109643,26.095404],[32.109562,26.095291],[32.109249,26.095515],[32.10933,26.095627],[32.109643,26.095404]]],[[[32.109471,26.095251],[32.1092,26.095088],[32.109016,26.095239],[32.109181,26.095458],[32.109471,26.095251]]],[[[32.108328,26.09545],[32.108837,26.095097],[32.108905,26.095195],[32.10906,26.095088],[32.108618,26.094827],[32.108237,26.095109],[32.108328,26.09545]]],[[[32.109278,26.095083],[32.10986,26.094622],[32.109666,26.094426],[32.108941,26.09482],[32.108821,26.094735],[32.108995,26.094596],[32.108795,26.094403],[32.108642,26.094502],[32.108389,26.094329],[32.108548,26.094539],[32.108446,26.094683],[32.109278,26.095083]]],[[[32.091489,26.09801],[32.093955,26.099235],[32.097626,26.100315],[32.097783,26.100095],[32.096972,26.099681],[32.097539,26.099318],[32.097294,26.099078],[32.097512,26.098951],[32.097381,26.098725],[32.097557,26.098623],[32.097873,26.098861],[32.098016,26.098737],[32.097833,26.098527],[32.098051,26.098337],[32.097834,26.097968],[32.097108,26.098412],[32.096835,26.097967],[32.096589,26.098181],[32.096241,26.097782],[32.097339,26.097029],[32.097581,26.097349],[32.097732,26.097168],[32.097473,26.096869],[32.09687,26.097248],[32.096724,26.097069],[32.096483,26.097266],[32.096122,26.096824],[32.096505,26.096581],[32.096279,26.096248],[32.095817,26.096527],[32.095956,26.09671],[32.095598,26.096982],[32.095679,26.097088],[32.095466,26.097171],[32.095643,26.097358],[32.095021,26.097687],[32.094863,26.097691],[32.094412,26.097337],[32.093916,26.097451],[32.093813,26.097318],[32.093572,26.097506],[32.093023,26.09694],[32.092833,26.09705],[32.092687,26.096865],[32.092865,26.096726],[32.092939,26.096822],[32.093751,26.096283],[32.093639,26.096114],[32.092558,26.09673],[32.092415,26.096516],[32.092564,26.096417],[32.092397,26.096167],[32.092237,26.096267],[32.092143,26.096117],[32.092461,26.09594],[32.09237,26.095824],[32.092102,26.095811],[32.091937,26.095565],[32.092024,26.095491],[32.09171,26.095141],[32.091545,26.095332],[32.091837,26.095857],[32.091706,26.095933],[32.091923,26.096125],[32.091837,26.096221],[32.092191,26.096418],[32.092108,26.096464],[32.092352,26.096819],[32.092132,26.096987],[32.092195,26.097087],[32.091791,26.097217],[32.091929,26.097353],[32.091489,26.09801]]],[[[32.090927,26.09792],[32.091366,26.097979],[32.091558,26.097431],[32.091419,26.097351],[32.090927,26.09792]]],[[[32.090647,26.097922],[32.090801,26.0977],[32.090478,26.097561],[32.090316,26.097549],[32.090096,26.097876],[32.089721,26.097823],[32.090523,26.096807],[32.090587,26.096864],[32.091125,26.096451],[32.090834,26.096176],[32.091016,26.095983],[32.091261,26.096316],[32.091369,26.096236],[32.091213,26.096023],[32.091431,26.095863],[32.091252,26.095567],[32.08922,26.097946],[32.089468,26.098066],[32.090647,26.097922]]],[[[32.061929,26.100201],[32.061374,26.099492],[32.061684,26.099325],[32.061907,26.099579],[32.062486,26.09936],[32.06292,26.099842],[32.063353,26.099453],[32.063599,26.099726],[32.063757,26.099585],[32.063589,26.099397],[32.063756,26.099142],[32.063905,26.099052],[32.064131,26.099359],[32.064245,26.099275],[32.063952,26.098742],[32.064076,26.098651],[32.064362,26.099041],[32.064501,26.098939],[32.064193,26.098521],[32.064674,26.098167],[32.064433,26.09784],[32.064902,26.097584],[32.064843,26.097475],[32.064469,26.09768],[32.064237,26.097255],[32.064069,26.097346],[32.063944,26.097117],[32.064035,26.097067],[32.063321,26.096093],[32.063074,26.096228],[32.062802,26.095881],[32.062134,26.096246],[32.062275,26.096449],[32.061911,26.096648],[32.062027,26.0968],[32.061814,26.096916],[32.06171,26.096785],[32.061524,26.096932],[32.061627,26.097066],[32.061307,26.097314],[32.061443,26.097484],[32.061316,26.097554],[32.061361,26.097637],[32.061507,26.097543],[32.061697,26.097758],[32.061192,26.098047],[32.061337,26.098228],[32.061497,26.098106],[32.061683,26.098349],[32.06186,26.098222],[32.062198,26.098693],[32.062021,26.09882],[32.062123,26.099052],[32.061848,26.099211],[32.061703,26.098961],[32.061524,26.099065],[32.06122,26.098695],[32.060787,26.098838],[32.060546,26.098525],[32.060459,26.09864],[32.060976,26.099226],[32.06085,26.099299],[32.060994,26.099457],[32.060842,26.099517],[32.060726,26.099378],[32.060509,26.099383],[32.060783,26.099817],[32.060871,26.099744],[32.06129,26.100245],[32.061443,26.100117],[32.061718,26.100445],[32.061864,26.100324],[32.061793,26.10024],[32.061929,26.100201]],[[32.062605,26.098089],[32.062752,26.098259],[32.062356,26.098561],[32.061984,26.098074],[32.062278,26.09785],[32.062391,26.097997],[32.062631,26.09787],[32.062728,26.097982],[32.062605,26.098089]]],[[[32.069127,26.106071],[32.069599,26.105769],[32.069732,26.105969],[32.070361,26.10547],[32.07016,26.105249],[32.069621,26.105528],[32.069552,26.105428],[32.069846,26.10516],[32.069779,26.105101],[32.069496,26.105346],[32.069306,26.105113],[32.069699,26.104744],[32.06956,26.104572],[32.069114,26.104879],[32.069385,26.104506],[32.069251,26.104409],[32.068992,26.104704],[32.068854,26.104547],[32.069103,26.104304],[32.069004,26.104198],[32.069228,26.10398],[32.069746,26.104488],[32.070022,26.10422],[32.069708,26.103915],[32.069841,26.103727],[32.069598,26.103479],[32.070011,26.103076],[32.069829,26.102924],[32.070096,26.102665],[32.070211,26.102771],[32.070368,26.102618],[32.07106,26.103158],[32.071314,26.102955],[32.070483,26.102198],[32.070603,26.102069],[32.070899,26.102354],[32.071332,26.102083],[32.071129,26.101875],[32.071236,26.101743],[32.071079,26.101594],[32.071485,26.101192],[32.071272,26.100989],[32.070802,26.101492],[32.069551,26.100865],[32.068896,26.10038],[32.069052,26.1002],[32.069177,26.100306],[32.069548,26.099849],[32.069643,26.099957],[32.069948,26.099665],[32.069529,26.09928],[32.069306,26.09942],[32.068859,26.098834],[32.068491,26.098957],[32.068606,26.099141],[32.068807,26.099015],[32.06908,26.099605],[32.067901,26.100343],[32.067696,26.099978],[32.067322,26.100189],[32.067064,26.100009],[32.066856,26.100163],[32.066394,26.099537],[32.066107,26.099723],[32.065339,26.098662],[32.06518,26.098737],[32.065254,26.098893],[32.064908,26.099226],[32.065092,26.099452],[32.065296,26.099365],[32.06548,26.099605],[32.065346,26.099734],[32.065526,26.100011],[32.065642,26.099914],[32.066037,26.100431],[32.065978,26.100558],[32.066282,26.100868],[32.066175,26.100942],[32.066403,26.101299],[32.066311,26.101403],[32.066468,26.101577],[32.066778,26.101545],[32.066849,26.101668],[32.066542,26.102008],[32.066667,26.102148],[32.067224,26.101793],[32.067317,26.101942],[32.06614,26.102762],[32.066243,26.102915],[32.066512,26.102705],[32.066624,26.10288],[32.067138,26.10259],[32.067434,26.102977],[32.067663,26.102922],[32.066645,26.103408],[32.067465,26.104358],[32.067645,26.104201],[32.067691,26.104289],[32.067095,26.10473],[32.067188,26.104908],[32.068346,26.103931],[32.068575,26.104339],[32.068424,26.104525],[32.068612,26.104398],[32.068707,26.104528],[32.067871,26.105228],[32.067983,26.105334],[32.06842,26.104936],[32.068601,26.105057],[32.06889,26.104803],[32.069004,26.104977],[32.068228,26.10563],[32.068316,26.1057],[32.069058,26.105063],[32.069146,26.10517],[32.068875,26.105382],[32.069215,26.105588],[32.068934,26.105848],[32.069127,26.106071]]],[[[32.065189,26.102141],[32.065546,26.101861],[32.065728,26.102143],[32.065841,26.101958],[32.065691,26.101786],[32.065856,26.101642],[32.065451,26.101176],[32.064778,26.101701],[32.064883,26.101836],[32.065015,26.101734],[32.065189,26.102141]]],[[[32.065703,26.1042],[32.066036,26.104154],[32.066081,26.104448],[32.066281,26.10434],[32.066542,26.104632],[32.066638,26.104547],[32.06612,26.103966],[32.066199,26.103896],[32.066695,26.104452],[32.066796,26.10438],[32.066576,26.10407],[32.066647,26.103973],[32.066498,26.104078],[32.06637,26.103716],[32.065921,26.10399],[32.065787,26.103831],[32.065632,26.103919],[32.065718,26.10407],[32.065542,26.10417],[32.066466,26.105215],[32.066542,26.105148],[32.065703,26.1042]]],[[[32.071012,26.096124],[32.070742,26.095696],[32.071421,26.095459],[32.071606,26.095766],[32.072995,26.094887],[32.074638,26.093376],[32.074514,26.093242],[32.07475,26.092979],[32.074963,26.093073],[32.076242,26.091374],[32.063527,26.084884],[32.062945,26.084733],[32.061479,26.085362],[32.061398,26.085246],[32.065135,26.083826],[32.065133,26.082671],[32.063582,26.083314],[32.062028,26.083687],[32.060701,26.084178],[32.068314,26.096151],[32.06868,26.095991],[32.06855,26.095791],[32.069262,26.09543],[32.069386,26.095569],[32.069732,26.095371],[32.069869,26.09561],[32.070222,26.095442],[32.070401,26.095819],[32.070077,26.095973],[32.070381,26.096493],[32.071012,26.096124]],[[32.072768,26.093835],[32.072657,26.093706],[32.072463,26.093766],[32.07238,26.093665],[32.072399,26.093324],[32.072069,26.092821],[32.072358,26.092521],[32.072064,26.092351],[32.072181,26.092208],[32.072033,26.092205],[32.07185,26.091859],[32.07195,26.091794],[32.072482,26.092231],[32.07257,26.092122],[32.072902,26.092191],[32.073427,26.09178],[32.073529,26.091935],[32.073669,26.091853],[32.07388,26.092137],[32.074,26.092068],[32.073786,26.091811],[32.073995,26.091615],[32.074305,26.091948],[32.074193,26.092021],[32.074332,26.092188],[32.074563,26.092036],[32.074669,26.09223],[32.075062,26.092174],[32.075145,26.092298],[32.074908,26.092437],[32.07501,26.09255],[32.074603,26.092857],[32.074685,26.092925],[32.07439,26.093197],[32.073811,26.092728],[32.073971,26.092558],[32.07364,26.092382],[32.072782,26.093503],[32.072897,26.093789],[32.072768,26.093835]]],[[[32.070381,26.096493],[32.070077,26.095973],[32.070401,26.095819],[32.070222,26.095442],[32.069869,26.09561],[32.069732,26.095371],[32.069386,26.095569],[32.069262,26.09543],[32.06855,26.095791],[32.06868,26.095991],[32.068314,26.096151],[32.068627,26.096694],[32.068816,26.096769],[32.069014,26.096753],[32.06895,26.096601],[32.069289,26.096461],[32.069189,26.096231],[32.069412,26.096135],[32.069652,26.096455],[32.069519,26.096514],[32.069716,26.096802],[32.070381,26.096493]]],[[[32.068971,26.096637],[32.069014,26.096753],[32.069716,26.096802],[32.069519,26.096514],[32.069652,26.096455],[32.069412,26.096135],[32.069189,26.096231],[32.069289,26.096461],[32.068971,26.096637]]],[[[32.071606,26.095766],[32.071421,26.095459],[32.070742,26.095696],[32.071012,26.096124],[32.071606,26.095766]]],[[[32.072897,26.093789],[32.072782,26.093503],[32.07364,26.092382],[32.073971,26.092558],[32.073811,26.092728],[32.07439,26.093197],[32.074685,26.092925],[32.074603,26.092857],[32.07501,26.09255],[32.074908,26.092437],[32.075145,26.092298],[32.075062,26.092174],[32.074669,26.09223],[32.074563,26.092036],[32.074332,26.092188],[32.074193,26.092021],[32.074305,26.091948],[32.073995,26.091615],[32.073786,26.091811],[32.074,26.092068],[32.07388,26.092137],[32.073669,26.091853],[32.073529,26.091935],[32.073427,26.09178],[32.072902,26.092191],[32.07257,26.092122],[32.072482,26.092231],[32.07195,26.091794],[32.07185,26.091859],[32.072033,26.092205],[32.072181,26.092208],[32.072064,26.092351],[32.072358,26.092521],[32.072069,26.092821],[32.072399,26.093324],[32.07238,26.093665],[32.072463,26.093766],[32.072897,26.093789]]],[[[32.074963,26.093073],[32.07475,26.092979],[32.074514,26.093242],[32.074638,26.093376],[32.074963,26.093073]]],[[[32.068545,26.098634],[32.068048,26.097684],[32.069007,26.097444],[32.068563,26.096735],[32.066809,26.096596],[32.067351,26.097384],[32.066946,26.097649],[32.067154,26.098175],[32.067399,26.098196],[32.067443,26.098307],[32.067755,26.098184],[32.068101,26.098654],[32.068263,26.098535],[32.06841,26.098734],[32.068545,26.098634]]],[[[32.158588,26.044118],[32.158456,26.044329],[32.158599,26.044826],[32.157924,26.045338],[32.157724,26.045144],[32.158228,26.044627],[32.157913,26.043937],[32.158222,26.04369],[32.155109,26.040053],[32.153985,26.040925],[32.153921,26.040842],[32.15312,26.041367],[32.15233,26.040533],[32.152564,26.040312],[32.152895,26.040662],[32.153533,26.040169],[32.153893,26.040635],[32.154835,26.039791],[32.153787,26.038778],[32.153171,26.039296],[32.152753,26.038902],[32.152013,26.039504],[32.151607,26.039167],[32.151321,26.039485],[32.151978,26.040183],[32.151711,26.040401],[32.151823,26.040538],[32.150243,26.041823],[32.149779,26.041253],[32.149354,26.04153],[32.148108,26.040279],[32.147839,26.040474],[32.148082,26.040773],[32.148005,26.040874],[32.147839,26.041009],[32.147697,26.040835],[32.147598,26.040916],[32.147821,26.04119],[32.147619,26.041355],[32.147218,26.040861],[32.146895,26.041061],[32.146723,26.040878],[32.146612,26.040983],[32.147284,26.041697],[32.147079,26.04189],[32.147719,26.042569],[32.14797,26.042377],[32.148085,26.042527],[32.147463,26.043003],[32.147753,26.043316],[32.147319,26.043718],[32.147919,26.04422],[32.148302,26.043816],[32.149867,26.045301],[32.150202,26.045037],[32.15009,26.044942],[32.150208,26.044802],[32.150766,26.045274],[32.150313,26.045723],[32.150701,26.046115],[32.152516,26.046478],[32.153082,26.045909],[32.152667,26.045399],[32.153032,26.045102],[32.152845,26.044873],[32.152922,26.044811],[32.152179,26.044123],[32.152481,26.043796],[32.153332,26.044583],[32.153247,26.044676],[32.15343,26.044845],[32.153675,26.044706],[32.152541,26.043656],[32.152887,26.043399],[32.153885,26.044302],[32.154253,26.044039],[32.154426,26.044282],[32.154059,26.044545],[32.154468,26.044874],[32.154699,26.044769],[32.154899,26.044937],[32.154731,26.045026],[32.154878,26.045163],[32.154691,26.045364],[32.154864,26.045525],[32.155041,26.045335],[32.15545,26.045715],[32.155273,26.045905],[32.155549,26.046161],[32.155744,26.046066],[32.156085,26.046313],[32.15555,26.046786],[32.155429,26.046649],[32.155035,26.046997],[32.160119,26.047934],[32.161637,26.047994],[32.161634,26.047674],[32.160699,26.046611],[32.160358,26.046916],[32.159852,26.04643],[32.160216,26.046048],[32.160038,26.04584],[32.159656,26.046167],[32.158966,26.045437],[32.159436,26.045107],[32.158588,26.044118]],[[32.152803,26.0428],[32.151659,26.043787],[32.151359,26.043561],[32.152483,26.042522],[32.152803,26.0428]],[[32.152472,26.041682],[32.151199,26.042875],[32.150994,26.042675],[32.151766,26.041881],[32.151443,26.041566],[32.150869,26.042157],[32.150635,26.04193],[32.151311,26.041235],[32.151892,26.041851],[32.152321,26.041522],[32.152472,26.041682]]],[[[32.154606,26.046907],[32.155107,26.04634],[32.155273,26.046487],[32.154745,26.046934],[32.155035,26.046997],[32.155429,26.046649],[32.15555,26.046786],[32.156085,26.046313],[32.155744,26.046066],[32.155549,26.046161],[32.155273,26.045905],[32.15545,26.045715],[32.155041,26.045335],[32.154864,26.045525],[32.154691,26.045364],[32.154878,26.045163],[32.154731,26.045026],[32.154899,26.044937],[32.154699,26.044769],[32.154468,26.044874],[32.154059,26.044545],[32.154426,26.044282],[32.154253,26.044039],[32.153885,26.044302],[32.152887,26.043399],[32.152541,26.043656],[32.153675,26.044706],[32.15343,26.044845],[32.153247,26.044676],[32.153332,26.044583],[32.152481,26.043796],[32.152179,26.044123],[32.152922,26.044811],[32.152845,26.044873],[32.153032,26.045102],[32.152667,26.045399],[32.153082,26.045909],[32.152516,26.046478],[32.153895,26.046759],[32.154153,26.046471],[32.154261,26.046515],[32.154606,26.046065],[32.15478,26.046218],[32.154238,26.046834],[32.154606,26.046907]]],[[[32.153895,26.046759],[32.154238,26.046834],[32.15478,26.046218],[32.154606,26.046065],[32.154261,26.046515],[32.154153,26.046471],[32.153895,26.046759]]],[[[32.154606,26.046907],[32.154745,26.046934],[32.155273,26.046487],[32.155107,26.04634],[32.154606,26.046907]]],[[[32.151199,26.042875],[32.152472,26.041682],[32.152321,26.041522],[32.151892,26.041851],[32.151311,26.041235],[32.150635,26.04193],[32.150869,26.042157],[32.151443,26.041566],[32.151766,26.041881],[32.150994,26.042675],[32.151199,26.042875]]],[[[32.155109,26.040053],[32.154835,26.039791],[32.153893,26.040635],[32.153533,26.040169],[32.152895,26.040662],[32.152564,26.040312],[32.15233,26.040533],[32.15312,26.041367],[32.153921,26.040842],[32.153985,26.040925],[32.155109,26.040053]]],[[[32.152803,26.0428],[32.152483,26.042522],[32.151359,26.043561],[32.151659,26.043787],[32.152803,26.0428]]],[[[32.221589,26.060044],[32.220529,26.059664],[32.219632,26.059151],[32.214662,26.055223],[32.210756,26.052695],[32.210173,26.05243],[32.209561,26.052459],[32.202217,26.055375],[32.202414,26.055582],[32.205538,26.056217],[32.206537,26.057211],[32.206652,26.057674],[32.206426,26.058266],[32.205023,26.059446],[32.206308,26.059926],[32.206017,26.060279],[32.206142,26.060456],[32.205216,26.061108],[32.205036,26.060887],[32.204521,26.061142],[32.204634,26.061315],[32.20429,26.061432],[32.204498,26.061661],[32.203895,26.062209],[32.205617,26.063902],[32.205743,26.063728],[32.206519,26.064292],[32.206375,26.064544],[32.206791,26.064781],[32.207329,26.063841],[32.207524,26.063984],[32.208137,26.063153],[32.209138,26.063586],[32.209237,26.063355],[32.210125,26.063738],[32.209796,26.064497],[32.211265,26.065132],[32.221589,26.060044]]],[[[32.18519,26.066397],[32.185371,26.066169],[32.185134,26.065981],[32.185012,26.066135],[32.184884,26.066093],[32.185133,26.065792],[32.185086,26.065638],[32.184973,26.065558],[32.184755,26.065768],[32.184791,26.06555],[32.184122,26.064921],[32.18391,26.065706],[32.183697,26.065572],[32.183521,26.065755],[32.183525,26.066059],[32.182852,26.066155],[32.182708,26.06583],[32.182397,26.066022],[32.182658,26.066396],[32.18519,26.066397]]],[[[32.190613,26.063053],[32.191642,26.062231],[32.190598,26.061063],[32.191699,26.060494],[32.191394,26.060151],[32.192103,26.059804],[32.191911,26.059411],[32.1923,26.059221],[32.191942,26.058489],[32.192176,26.058374],[32.192011,26.058037],[32.192188,26.05795],[32.192201,26.057774],[32.192387,26.058153],[32.193118,26.057795],[32.192933,26.057416],[32.192341,26.057706],[32.192063,26.057137],[32.192641,26.056938],[32.192576,26.056747],[32.188619,26.056509],[32.185701,26.056476],[32.185957,26.056787],[32.185828,26.056894],[32.185961,26.057024],[32.18608,26.056928],[32.186661,26.057379],[32.186447,26.057616],[32.186286,26.057471],[32.185504,26.058157],[32.184908,26.059242],[32.185547,26.059622],[32.185721,26.059389],[32.185857,26.059531],[32.185941,26.059449],[32.186209,26.059726],[32.186686,26.059372],[32.18701,26.059698],[32.186723,26.059982],[32.186993,26.060255],[32.18661,26.060635],[32.186733,26.060822],[32.186877,26.060696],[32.187721,26.061319],[32.187534,26.061691],[32.187949,26.062137],[32.187765,26.062271],[32.187643,26.062103],[32.187495,26.062211],[32.187654,26.062428],[32.187402,26.062611],[32.187565,26.062837],[32.18934,26.061546],[32.189703,26.062045],[32.189897,26.061944],[32.190039,26.062054],[32.189944,26.062177],[32.190066,26.062417],[32.189673,26.062726],[32.18988,26.063052],[32.190366,26.062745],[32.190613,26.063053]]],[[[32.169234,26.048779],[32.167842,26.048651],[32.169574,26.051493],[32.170086,26.051131],[32.169371,26.050301],[32.169674,26.049985],[32.169497,26.049815],[32.169916,26.049377],[32.169423,26.049066],[32.169499,26.048946],[32.169234,26.048779]]],[[[32.169574,26.051493],[32.167687,26.048326],[32.16756,26.048376],[32.169227,26.051034],[32.170209,26.053195],[32.170316,26.053945],[32.170452,26.053956],[32.170262,26.052969],[32.169574,26.051493]]],[[[32.182252,26.056404],[32.182401,26.056037],[32.180329,26.056014],[32.18032,26.055837],[32.180436,26.055865],[32.180593,26.055452],[32.174588,26.054986],[32.174558,26.054833],[32.175038,26.054407],[32.174852,26.054105],[32.17476,26.053979],[32.174655,26.054031],[32.174621,26.053776],[32.174324,26.053426],[32.173979,26.053634],[32.173777,26.053431],[32.174043,26.053248],[32.173885,26.053019],[32.173683,26.053069],[32.173904,26.052917],[32.173864,26.052824],[32.17359,26.052677],[32.173079,26.052961],[32.172947,26.05286],[32.173094,26.052741],[32.172996,26.052621],[32.173065,26.052322],[32.172896,26.052178],[32.172617,26.05233],[32.17246,26.052044],[32.172633,26.051949],[32.172519,26.05174],[32.172198,26.051915],[32.172437,26.052351],[32.171689,26.052439],[32.171738,26.052638],[32.171467,26.052706],[32.171382,26.052575],[32.17035,26.053245],[32.170485,26.053962],[32.170316,26.054748],[32.169753,26.055577],[32.169745,26.055827],[32.170667,26.055571],[32.176303,26.055367],[32.180414,26.056411],[32.182252,26.056404]]],[[[32.189684,26.056402],[32.189748,26.056144],[32.183461,26.055733],[32.18306,26.056391],[32.189684,26.056402]]],[[[32.168197,26.048685],[32.168186,26.048683],[32.168185,26.048683],[32.168197,26.048685]]],[[[32.169671,26.048439],[32.169662,26.04854],[32.184247,26.049901],[32.192295,26.05523],[32.192539,26.055579],[32.192484,26.056591],[32.192633,26.056603],[32.192697,26.05564],[32.192465,26.055228],[32.184232,26.049782],[32.169671,26.048439]]],[[[32.136349,26.083681],[32.136246,26.08329],[32.135301,26.084208],[32.136173,26.083969],[32.136349,26.083681]]],[[[32.115357,26.099901],[32.116403,26.099861],[32.11713,26.10092],[32.116685,26.101026],[32.116769,26.101169],[32.116612,26.101261],[32.11672,26.101446],[32.117593,26.101153],[32.117632,26.101238],[32.117431,26.10133],[32.117609,26.101493],[32.117852,26.101366],[32.117747,26.10157],[32.118017,26.101709],[32.118122,26.101504],[32.118805,26.101855],[32.118967,26.101538],[32.119496,26.10181],[32.119618,26.101573],[32.119464,26.101422],[32.119657,26.101223],[32.119461,26.101032],[32.119765,26.100576],[32.119481,26.100299],[32.119705,26.10007],[32.119451,26.099822],[32.119545,26.099563],[32.119454,26.099445],[32.119854,26.099136],[32.119733,26.098979],[32.119818,26.098914],[32.119347,26.098527],[32.119501,26.098338],[32.119378,26.09816],[32.119622,26.097935],[32.119841,26.098172],[32.119985,26.097867],[32.120218,26.098049],[32.120235,26.097784],[32.12004,26.09758],[32.120307,26.097325],[32.120419,26.097442],[32.120524,26.097341],[32.12101,26.097856],[32.120823,26.098014],[32.121092,26.098228],[32.121338,26.098015],[32.121238,26.0979],[32.121526,26.097754],[32.121184,26.097536],[32.121319,26.097398],[32.120259,26.096359],[32.121136,26.095572],[32.120986,26.095404],[32.118786,26.095894],[32.116958,26.097251],[32.116473,26.097699],[32.115357,26.099901]],[[32.119635,26.096994],[32.120025,26.096686],[32.120317,26.097124],[32.119999,26.097422],[32.119635,26.096994]]],[[[32.120823,26.098014],[32.120575,26.097772],[32.120361,26.097953],[32.12057,26.098332],[32.120823,26.098014]]],[[[32.12035,26.096447],[32.124223,26.093275],[32.124204,26.092684],[32.122472,26.094334],[32.122336,26.094377],[32.122278,26.094287],[32.122729,26.093913],[32.121044,26.095108],[32.118782,26.095671],[32.117522,26.09646],[32.116373,26.097431],[32.11508,26.099912],[32.115257,26.099905],[32.116238,26.097784],[32.11692,26.097074],[32.118455,26.095936],[32.11898,26.095701],[32.120839,26.095324],[32.122198,26.094423],[32.12227,26.094503],[32.120986,26.095404],[32.121136,26.095572],[32.120259,26.096359],[32.12035,26.096447]]],[[[32.103184,26.101898],[32.105338,26.102438],[32.1058,26.102102],[32.105716,26.101992],[32.105992,26.101845],[32.10643,26.102076],[32.107149,26.101125],[32.107013,26.101052],[32.10726,26.1008],[32.106955,26.100542],[32.106724,26.100674],[32.106803,26.100548],[32.106713,26.100422],[32.106824,26.100364],[32.106398,26.100054],[32.105731,26.100667],[32.105523,26.100455],[32.10536,26.100571],[32.104759,26.10004],[32.105098,26.099612],[32.104971,26.099511],[32.104397,26.100006],[32.104283,26.099874],[32.104058,26.100068],[32.104255,26.100297],[32.104131,26.100404],[32.104385,26.100555],[32.104335,26.10064],[32.104595,26.100902],[32.104096,26.101395],[32.10392,26.101218],[32.103184,26.101898]]],[[[32.062754,26.095283],[32.062163,26.094506],[32.061976,26.094649],[32.06171,26.0943],[32.061898,26.094158],[32.061807,26.094038],[32.06162,26.094181],[32.060999,26.093366],[32.061186,26.093223],[32.060896,26.092842],[32.0602,26.093279],[32.060555,26.09361],[32.060801,26.093346],[32.061452,26.094191],[32.061191,26.094392],[32.061302,26.094537],[32.061563,26.094335],[32.062173,26.095032],[32.061913,26.095172],[32.062293,26.095563],[32.062754,26.095283]]],[[[32.160306,26.04607],[32.160938,26.045447],[32.160747,26.045224],[32.161096,26.044926],[32.160658,26.044622],[32.160536,26.044726],[32.160173,26.044347],[32.160604,26.043983],[32.160469,26.043755],[32.160799,26.043559],[32.160211,26.042994],[32.159466,26.04357],[32.158879,26.042986],[32.159555,26.0424],[32.159891,26.042715],[32.160236,26.042348],[32.159759,26.0419],[32.160332,26.0414],[32.160103,26.041169],[32.159638,26.04163],[32.159627,26.041474],[32.159448,26.041378],[32.159512,26.041259],[32.159368,26.041181],[32.159727,26.040863],[32.159825,26.040974],[32.160112,26.040721],[32.159878,26.040456],[32.159415,26.040864],[32.159101,26.040681],[32.158737,26.041006],[32.158447,26.04068],[32.159017,26.040172],[32.158263,26.039455],[32.156802,26.0407],[32.156905,26.040821],[32.156479,26.041183],[32.155877,26.04033],[32.155596,26.040459],[32.160306,26.04607]],[[32.160706,26.045134],[32.160185,26.045676],[32.159978,26.045482],[32.160189,26.045256],[32.159756,26.04485],[32.160122,26.044573],[32.160706,26.045134]]],[[[32.160706,26.045134],[32.160122,26.044573],[32.159756,26.04485],[32.160189,26.045256],[32.159978,26.045482],[32.160185,26.045676],[32.160706,26.045134]]],[[[32.248729,26.038882],[32.248971,26.038042],[32.24976,26.036412],[32.250898,26.034819],[32.249893,26.034021],[32.24822,26.035531],[32.245039,26.038871],[32.245307,26.039068],[32.245074,26.039385],[32.244717,26.039123],[32.244266,26.039388],[32.242789,26.040692],[32.242597,26.041384],[32.241677,26.04162],[32.245874,26.042974],[32.246504,26.04278],[32.245355,26.041966],[32.246226,26.040886],[32.246907,26.041435],[32.247693,26.040461],[32.246522,26.03931],[32.246657,26.039172],[32.24657,26.039087],[32.246814,26.038902],[32.246741,26.038806],[32.246955,26.038501],[32.247073,26.038622],[32.247462,26.038242],[32.248034,26.038633],[32.248108,26.038526],[32.248729,26.038882]]],[[[32.245039,26.038871],[32.244717,26.039123],[32.245074,26.039385],[32.245307,26.039068],[32.245039,26.038871]]],[[[32.24962,26.033705],[32.248889,26.034552],[32.24881,26.034469],[32.248517,26.034645],[32.24832,26.034491],[32.248099,26.034826],[32.248012,26.034732],[32.248205,26.034552],[32.24771,26.034153],[32.247777,26.034091],[32.247663,26.033968],[32.24749,26.034128],[32.247042,26.033646],[32.24727,26.033508],[32.247053,26.033283],[32.246868,26.033422],[32.246553,26.033005],[32.246371,26.033143],[32.246188,26.032981],[32.246319,26.032674],[32.246026,26.032275],[32.246143,26.032219],[32.246049,26.032023],[32.246173,26.031963],[32.246268,26.032158],[32.246391,26.032099],[32.246233,26.031771],[32.246405,26.031713],[32.246336,26.031592],[32.246815,26.031515],[32.246576,26.031207],[32.246698,26.031113],[32.246184,26.030451],[32.245698,26.030829],[32.245874,26.031056],[32.245965,26.030985],[32.246143,26.031147],[32.246022,26.031223],[32.246075,26.031306],[32.245708,26.031397],[32.245592,26.031265],[32.244847,26.03183],[32.245226,26.032422],[32.245543,26.032319],[32.246126,26.032922],[32.245798,26.033239],[32.245986,26.033433],[32.245852,26.033562],[32.245957,26.03367],[32.246338,26.03351],[32.246549,26.033829],[32.246285,26.034072],[32.246336,26.034545],[32.246694,26.034969],[32.246443,26.035155],[32.246422,26.035455],[32.247504,26.034948],[32.247639,26.035117],[32.247818,26.035017],[32.248032,26.035314],[32.247901,26.035417],[32.248053,26.035595],[32.249831,26.033949],[32.24962,26.033705]]],[[[32.245927,26.03784],[32.245692,26.037674],[32.245742,26.037603],[32.245354,26.03723],[32.245235,26.037353],[32.245493,26.037601],[32.245428,26.037669],[32.245776,26.038004],[32.245927,26.03784]]],[[[32.245261,26.038169],[32.243431,26.036846],[32.24302,26.037178],[32.242051,26.036377],[32.241658,26.036908],[32.241894,26.037163],[32.241504,26.037406],[32.241852,26.037745],[32.241703,26.037898],[32.240979,26.037351],[32.240489,26.037726],[32.240503,26.037881],[32.241047,26.038411],[32.240596,26.038589],[32.241333,26.039308],[32.241046,26.039492],[32.242342,26.041048],[32.243544,26.039869],[32.245408,26.038402],[32.245199,26.038264],[32.245261,26.038169]]],[[[32.180638,26.025352],[32.179595,26.024425],[32.179041,26.02499],[32.179138,26.025077],[32.178892,26.025351],[32.179061,26.025294],[32.179148,26.025396],[32.178223,26.026115],[32.178444,26.026341],[32.178772,26.02602],[32.178863,26.026149],[32.179068,26.026005],[32.179525,26.026374],[32.180638,26.025352]]],[[[32.19686,26.014712],[32.195431,26.012604],[32.189122,26.004707],[32.188485,26.004064],[32.19494,26.012095],[32.19686,26.014712]]],[[[32.203358,26.055846],[32.202333,26.055646],[32.202217,26.055375],[32.201954,26.055482],[32.202135,26.055642],[32.20194,26.055807],[32.202029,26.055912],[32.202308,26.055676],[32.202392,26.055751],[32.201575,26.056667],[32.201971,26.056902],[32.202503,26.056271],[32.202788,26.056448],[32.203358,26.055846]]],[[[32.205748,26.058764],[32.205562,26.058636],[32.205054,26.059028],[32.204905,26.058941],[32.204553,26.05921],[32.204988,26.059368],[32.205748,26.058764]]],[[[32.206532,26.057873],[32.206194,26.057605],[32.205918,26.057832],[32.205707,26.057576],[32.205198,26.057995],[32.20476,26.057742],[32.204323,26.058311],[32.204738,26.058651],[32.205284,26.058189],[32.205281,26.058029],[32.205858,26.058676],[32.206241,26.058373],[32.206532,26.057873]]],[[[32.205008,26.056135],[32.204462,26.056027],[32.203804,26.056452],[32.204424,26.057021],[32.204802,26.056671],[32.20463,26.056485],[32.205008,26.056135]]],[[[32.203164,26.058697],[32.203871,26.058962],[32.204088,26.058652],[32.203807,26.058532],[32.203881,26.058359],[32.203293,26.058234],[32.203242,26.058355],[32.20337,26.058475],[32.203164,26.058697]]],[[[32.20476,26.057742],[32.204469,26.057455],[32.204654,26.057307],[32.204424,26.057021],[32.203865,26.057542],[32.204208,26.057818],[32.203993,26.058085],[32.204323,26.058311],[32.20476,26.057742]]],[[[32.201702,26.061937],[32.200696,26.060972],[32.200398,26.061128],[32.200576,26.061289],[32.20048,26.061395],[32.200691,26.061409],[32.200885,26.061669],[32.200349,26.061999],[32.200698,26.062661],[32.201702,26.061937]]],[[[32.202148,26.061786],[32.201387,26.062268],[32.201603,26.06261],[32.202012,26.062525],[32.202134,26.062713],[32.202541,26.062577],[32.202479,26.062459],[32.202612,26.062389],[32.202674,26.062507],[32.202941,26.062366],[32.203251,26.062704],[32.203486,26.062572],[32.203084,26.062157],[32.20312,26.062006],[32.202941,26.062069],[32.202984,26.062192],[32.202536,26.062348],[32.202148,26.061786]]],[[[32.200696,26.062763],[32.200342,26.062973],[32.1988,26.063453],[32.199494,26.064362],[32.199838,26.064099],[32.199952,26.064248],[32.200201,26.064058],[32.199997,26.063791],[32.200662,26.063444],[32.200512,26.063156],[32.200808,26.063001],[32.200696,26.062763]]],[[[32.184854,26.059618],[32.184833,26.059918],[32.184943,26.060333],[32.185315,26.060007],[32.184854,26.059618]]],[[[32.185256,26.06055],[32.184943,26.060333],[32.185009,26.060813],[32.185256,26.06055]]],[[[32.186282,26.061428],[32.185754,26.060872],[32.18532,26.061206],[32.185532,26.061464],[32.186282,26.061428]]],[[[32.191276,26.06274],[32.190336,26.063434],[32.19078,26.064063],[32.19051,26.064361],[32.191492,26.065249],[32.191595,26.065115],[32.19171,26.065204],[32.191681,26.065499],[32.19183,26.065514],[32.191846,26.065355],[32.192114,26.065506],[32.192815,26.064504],[32.192945,26.064665],[32.193186,26.06447],[32.192843,26.064046],[32.192407,26.064308],[32.191852,26.063828],[32.191478,26.063722],[32.191129,26.063305],[32.191429,26.062958],[32.191276,26.06274]]],[[[32.189446,26.066238],[32.189241,26.065779],[32.187845,26.066402],[32.187941,26.066636],[32.188504,26.066659],[32.189446,26.066238]]],[[[32.213416,26.031312],[32.213548,26.030771],[32.213792,26.0304],[32.214634,26.029818],[32.214532,26.029671],[32.213883,26.03012],[32.213739,26.029912],[32.213547,26.030045],[32.213392,26.02967],[32.213934,26.029296],[32.213594,26.028925],[32.213212,26.029213],[32.213043,26.028991],[32.213177,26.02889],[32.212988,26.028641],[32.213361,26.028359],[32.212845,26.027676],[32.213416,26.027246],[32.213644,26.027606],[32.213739,26.027513],[32.214329,26.028111],[32.214532,26.028043],[32.215519,26.028857],[32.215912,26.028554],[32.215737,26.028326],[32.215442,26.02847],[32.214752,26.027648],[32.215539,26.027204],[32.215418,26.027034],[32.215643,26.026873],[32.215585,26.026751],[32.21529,26.026891],[32.215052,26.026655],[32.214665,26.026854],[32.214752,26.027022],[32.214612,26.027094],[32.214022,26.026635],[32.214273,26.026388],[32.213729,26.025553],[32.215197,26.024924],[32.214519,26.024277],[32.212129,26.024954],[32.20858,26.026205],[32.206159,26.026791],[32.206521,26.027262],[32.206336,26.027418],[32.206498,26.027585],[32.206005,26.027768],[32.206117,26.027946],[32.206022,26.028052],[32.206378,26.02837],[32.206576,26.028234],[32.206332,26.027921],[32.206548,26.028081],[32.206842,26.027647],[32.207796,26.028789],[32.208055,26.028674],[32.207776,26.028404],[32.207883,26.028313],[32.206998,26.027272],[32.208213,26.027023],[32.208628,26.027529],[32.208837,26.027391],[32.208577,26.027001],[32.210119,26.026851],[32.210219,26.027151],[32.210015,26.027219],[32.210103,26.027481],[32.210353,26.027397],[32.210453,26.027696],[32.210634,26.027636],[32.210502,26.028085],[32.210965,26.028545],[32.210863,26.028733],[32.211131,26.029009],[32.210396,26.029543],[32.21047,26.029645],[32.210076,26.029931],[32.210197,26.030139],[32.211287,26.029507],[32.211441,26.029877],[32.211614,26.029805],[32.211796,26.030241],[32.211261,26.030575],[32.211389,26.03078],[32.211696,26.030588],[32.21177,26.030794],[32.211609,26.030961],[32.211941,26.031283],[32.212037,26.031783],[32.212207,26.03175],[32.212111,26.03125],[32.212293,26.031215],[32.212205,26.031043],[32.21243,26.031007],[32.212359,26.030824],[32.212466,26.030782],[32.212407,26.03063],[32.2123,26.030672],[32.212038,26.029993],[32.212393,26.02982],[32.212473,26.029985],[32.212618,26.029915],[32.212748,26.030183],[32.212545,26.030282],[32.212578,26.030523],[32.212829,26.030386],[32.212929,26.030499],[32.212797,26.030616],[32.213416,26.031312]]],[[[32.161344,26.06334],[32.160919,26.062954],[32.160331,26.063359],[32.160178,26.063282],[32.160132,26.063153],[32.160435,26.062811],[32.160001,26.062136],[32.160552,26.061782],[32.1604,26.061546],[32.159378,26.062296],[32.159199,26.062052],[32.158825,26.06223],[32.158633,26.061984],[32.158945,26.061589],[32.158778,26.061479],[32.158828,26.061404],[32.15905,26.061551],[32.159212,26.061305],[32.159054,26.061062],[32.159263,26.060981],[32.158685,26.0603],[32.154865,26.064395],[32.153006,26.066874],[32.143093,26.074562],[32.139809,26.078868],[32.138284,26.080678],[32.131651,26.086749],[32.127705,26.090067],[32.126576,26.090698],[32.124668,26.092178],[32.124204,26.092684],[32.124223,26.093275],[32.132514,26.08638],[32.135301,26.084208],[32.136689,26.082927],[32.140034,26.082298],[32.139687,26.081857],[32.138463,26.081047],[32.138508,26.080895],[32.139521,26.081443],[32.140387,26.082303],[32.148604,26.080648],[32.149987,26.080213],[32.156199,26.077551],[32.152729,26.072475],[32.152535,26.071881],[32.152632,26.071202],[32.153165,26.070408],[32.160887,26.063575],[32.161344,26.06334]]],[[[32.170673,26.058406],[32.169444,26.056881],[32.169812,26.05671],[32.169698,26.056465],[32.170499,26.056092],[32.170403,26.055755],[32.16968,26.056003],[32.168737,26.056606],[32.167987,26.056066],[32.168085,26.055934],[32.168676,26.056447],[32.169745,26.055827],[32.169753,26.055577],[32.170316,26.054748],[32.170485,26.053962],[32.170316,26.053945],[32.170209,26.053195],[32.169227,26.051034],[32.16756,26.048376],[32.160914,26.048049],[32.160104,26.050474],[32.154618,26.055195],[32.155476,26.05588],[32.156363,26.056803],[32.156574,26.056671],[32.156979,26.057316],[32.15736,26.057241],[32.156533,26.057592],[32.153696,26.059648],[32.15232,26.059977],[32.151814,26.060288],[32.151218,26.060948],[32.150911,26.062097],[32.151431,26.061617],[32.151836,26.061441],[32.152924,26.062175],[32.152821,26.062351],[32.153395,26.062688],[32.153552,26.062421],[32.15371,26.062514],[32.153775,26.062403],[32.153888,26.062469],[32.153786,26.062643],[32.154001,26.06277],[32.154104,26.062596],[32.154578,26.062875],[32.154717,26.06264],[32.154961,26.062783],[32.154704,26.06322],[32.154913,26.063343],[32.1554,26.062513],[32.156131,26.062797],[32.159862,26.058957],[32.163201,26.058181],[32.165012,26.057557],[32.16574,26.05714],[32.165821,26.057272],[32.16457,26.05785],[32.16177,26.058708],[32.160032,26.059018],[32.158685,26.0603],[32.159263,26.060981],[32.159054,26.061062],[32.159212,26.061305],[32.15905,26.061551],[32.158828,26.061404],[32.158778,26.061479],[32.158945,26.061589],[32.158633,26.061984],[32.158825,26.06223],[32.159199,26.062052],[32.159378,26.062296],[32.1604,26.061546],[32.160552,26.061782],[32.160001,26.062136],[32.160435,26.062811],[32.160132,26.063153],[32.160178,26.063282],[32.160331,26.063359],[32.160919,26.062954],[32.161344,26.06334],[32.169913,26.058521],[32.170267,26.058363],[32.170673,26.058406]]],[[[32.171893,26.05566],[32.171671,26.055629],[32.170635,26.055689],[32.170902,26.056244],[32.171196,26.056102],[32.171356,26.056435],[32.171679,26.056279],[32.171777,26.056482],[32.172276,26.056241],[32.171893,26.05566]]],[[[32.171481,26.059213],[32.173236,26.061471],[32.173563,26.061374],[32.173734,26.061529],[32.173975,26.061365],[32.174479,26.06177],[32.174563,26.061665],[32.174018,26.061124],[32.173964,26.060708],[32.173641,26.060686],[32.173629,26.060858],[32.173175,26.060827],[32.172923,26.06045],[32.173045,26.060368],[32.172786,26.060165],[32.173137,26.059979],[32.173298,26.060283],[32.173462,26.060196],[32.1733,26.059892],[32.173503,26.059784],[32.173761,26.060111],[32.173873,26.060022],[32.173615,26.059695],[32.173876,26.059579],[32.173957,26.05976],[32.174331,26.059593],[32.174632,26.059831],[32.174786,26.059637],[32.174605,26.05936],[32.174827,26.059214],[32.174846,26.05906],[32.175163,26.059382],[32.17602,26.058891],[32.176164,26.059041],[32.176559,26.05886],[32.176461,26.058745],[32.176353,26.058837],[32.176092,26.058487],[32.175979,26.058592],[32.175933,26.058507],[32.175796,26.058588],[32.175639,26.058521],[32.175601,26.058442],[32.17592,26.0582],[32.175859,26.05812],[32.175464,26.058373],[32.174947,26.057943],[32.174449,26.058249],[32.174336,26.058137],[32.174238,26.058235],[32.174483,26.058534],[32.173745,26.058971],[32.173838,26.059114],[32.173646,26.059245],[32.173712,26.059468],[32.173385,26.059635],[32.173254,26.059537],[32.173005,26.059688],[32.172658,26.059486],[32.17254,26.059582],[32.171926,26.058927],[32.171481,26.059213]]],[[[32.148797,26.063708],[32.148659,26.063583],[32.148248,26.063868],[32.14747,26.063183],[32.147092,26.063419],[32.146342,26.062729],[32.146263,26.062815],[32.146672,26.063191],[32.146525,26.063352],[32.146271,26.063119],[32.146181,26.063217],[32.146435,26.063449],[32.146203,26.063702],[32.14572,26.063405],[32.145877,26.063326],[32.145793,26.063162],[32.146123,26.062909],[32.145816,26.06269],[32.145663,26.062904],[32.145517,26.0628],[32.145175,26.063139],[32.145735,26.063702],[32.145581,26.063736],[32.145915,26.064103],[32.145729,26.06441],[32.144014,26.06567],[32.144459,26.066274],[32.14504,26.066114],[32.145838,26.066026],[32.145972,26.066098],[32.14689,26.065871],[32.148123,26.065018],[32.148797,26.063708]]],[[[32.145841,26.047892],[32.145154,26.047371],[32.145277,26.047209],[32.145144,26.047108],[32.1452,26.047034],[32.144329,26.046338],[32.144225,26.046097],[32.14283,26.046046],[32.141503,26.046295],[32.143001,26.047279],[32.144748,26.04794],[32.144474,26.048378],[32.14485,26.048613],[32.145841,26.047892]]],[[[32.180767,26.031184],[32.181292,26.030458],[32.181832,26.030121],[32.181702,26.030038],[32.181927,26.029843],[32.182023,26.029954],[32.182219,26.029783],[32.182561,26.030001],[32.182681,26.029814],[32.182897,26.03003],[32.183004,26.029922],[32.183229,26.030146],[32.183319,26.029918],[32.183211,26.029837],[32.183335,26.029669],[32.183846,26.030048],[32.183789,26.030125],[32.184029,26.030444],[32.184221,26.030186],[32.184052,26.030003],[32.184142,26.029919],[32.184311,26.030102],[32.184592,26.029842],[32.185175,26.030471],[32.185614,26.029989],[32.185297,26.029605],[32.185468,26.029464],[32.185332,26.029299],[32.185161,26.02944],[32.184868,26.029085],[32.185122,26.028938],[32.184798,26.028379],[32.18489,26.028295],[32.183799,26.027214],[32.183718,26.027357],[32.183486,26.027227],[32.183606,26.02709],[32.18345,26.026953],[32.18384,26.026509],[32.183996,26.026586],[32.184231,26.026432],[32.184884,26.026976],[32.185479,26.026446],[32.184185,26.025397],[32.183134,26.026508],[32.182646,26.026836],[32.182139,26.026684],[32.180765,26.025465],[32.180596,26.025824],[32.180727,26.025924],[32.180532,26.026086],[32.180757,26.026219],[32.180969,26.026017],[32.181119,26.026174],[32.180576,26.026692],[32.180695,26.026738],[32.18089,26.026556],[32.181041,26.026719],[32.180433,26.027285],[32.180843,26.027533],[32.180648,26.027774],[32.180787,26.027886],[32.180625,26.028087],[32.180486,26.027975],[32.180329,26.028169],[32.180041,26.027935],[32.179943,26.028056],[32.179763,26.02791],[32.179934,26.027788],[32.179624,26.027535],[32.179222,26.028027],[32.17871,26.027609],[32.178647,26.027686],[32.1791,26.028056],[32.179004,26.028174],[32.178741,26.027959],[32.17842,26.028352],[32.178883,26.02873],[32.178471,26.029153],[32.1789,26.029572],[32.179099,26.029369],[32.180199,26.030216],[32.179534,26.031079],[32.179595,26.031371],[32.180767,26.031184]]],[[[32.185175,26.030471],[32.184592,26.029842],[32.184311,26.030102],[32.184142,26.029919],[32.184052,26.030003],[32.184221,26.030186],[32.184029,26.030444],[32.183789,26.030125],[32.183846,26.030048],[32.183335,26.029669],[32.183211,26.029837],[32.183319,26.029918],[32.183229,26.030146],[32.183004,26.029922],[32.182897,26.03003],[32.182681,26.029814],[32.182561,26.030001],[32.182219,26.029783],[32.182023,26.029954],[32.181927,26.029843],[32.181702,26.030038],[32.181832,26.030121],[32.181292,26.030458],[32.180767,26.031184],[32.185175,26.030471]]],[[[32.161637,26.047994],[32.166923,26.048268],[32.167547,26.048142],[32.168115,26.047868],[32.168915,26.047],[32.170334,26.044814],[32.169459,26.044076],[32.168925,26.044709],[32.168122,26.044031],[32.167903,26.044333],[32.167571,26.044091],[32.16733,26.044422],[32.168495,26.04527],[32.167498,26.046348],[32.166775,26.045787],[32.166314,26.046235],[32.165516,26.045637],[32.165132,26.046015],[32.162646,26.044669],[32.162463,26.045008],[32.164949,26.046354],[32.164725,26.046541],[32.163697,26.045955],[32.163491,26.046223],[32.162294,26.045675],[32.162042,26.045913],[32.161789,26.045645],[32.160722,26.046556],[32.161681,26.04765],[32.161637,26.047994]],[[32.166274,26.046867],[32.166083,26.047098],[32.166367,26.047332],[32.165953,26.047831],[32.165553,26.047499],[32.165656,26.047376],[32.165091,26.046908],[32.165673,26.046369],[32.166274,26.046867]],[[32.163146,26.047894],[32.163499,26.047237],[32.162396,26.046644],[32.162618,26.04632],[32.163215,26.04673],[32.163402,26.046457],[32.164483,26.047198],[32.163875,26.048085],[32.163146,26.047894]]],[[[32.163875,26.048085],[32.164483,26.047198],[32.163402,26.046457],[32.163215,26.04673],[32.162618,26.04632],[32.162396,26.046644],[32.163499,26.047237],[32.163146,26.047894],[32.163875,26.048085]]],[[[32.166274,26.046867],[32.165673,26.046369],[32.165091,26.046908],[32.165656,26.047376],[32.165553,26.047499],[32.165953,26.047831],[32.166367,26.047332],[32.166083,26.047098],[32.166274,26.046867]]],[[[32.160699,26.046611],[32.160216,26.046048],[32.159852,26.04643],[32.160358,26.046916],[32.160699,26.046611]]],[[[32.160038,26.04584],[32.159436,26.045107],[32.158966,26.045437],[32.159656,26.046167],[32.160038,26.04584]]],[[[32.158588,26.044118],[32.158222,26.04369],[32.157913,26.043937],[32.158228,26.044627],[32.157724,26.045144],[32.157924,26.045338],[32.158599,26.044826],[32.158456,26.044329],[32.158588,26.044118]]],[[[32.210991,26.039195],[32.210932,26.039299],[32.226085,26.044003],[32.226982,26.044883],[32.226167,26.043968],[32.210991,26.039195]]],[[[32.211263,26.036428],[32.210873,26.035803],[32.210753,26.035729],[32.210636,26.035867],[32.210528,26.035781],[32.21041,26.036003],[32.210087,26.035629],[32.210186,26.035545],[32.209818,26.03523],[32.210137,26.034858],[32.209639,26.035257],[32.20977,26.035443],[32.209441,26.035565],[32.209624,26.035722],[32.209628,26.035895],[32.209328,26.036021],[32.209396,26.036123],[32.209257,26.036286],[32.208983,26.03599],[32.208881,26.036086],[32.2091,26.036321],[32.208989,26.03642],[32.208709,26.036128],[32.20865,26.036203],[32.20895,26.036531],[32.208699,26.036724],[32.208966,26.036952],[32.208515,26.03735],[32.208548,26.037464],[32.208366,26.037456],[32.208552,26.03766],[32.208291,26.03775],[32.208453,26.037872],[32.208347,26.038012],[32.208147,26.037862],[32.208021,26.037958],[32.208583,26.038687],[32.208375,26.038848],[32.208523,26.039221],[32.208087,26.039558],[32.208368,26.039923],[32.209851,26.038925],[32.21023,26.038923],[32.210958,26.039254],[32.210694,26.038927],[32.210964,26.037114],[32.211263,26.036428]]],[[[32.204042,26.038611],[32.206766,26.039438],[32.207179,26.039107],[32.207208,26.038939],[32.206719,26.038477],[32.206351,26.038895],[32.206452,26.039074],[32.206531,26.039],[32.206651,26.039128],[32.206503,26.039267],[32.206037,26.039128],[32.20623,26.038962],[32.206176,26.038724],[32.205095,26.037473],[32.205304,26.037902],[32.205078,26.038065],[32.204831,26.037725],[32.204696,26.037823],[32.204942,26.038164],[32.204042,26.038611]]],[[[32.15442,26.046978],[32.150344,26.04614],[32.150041,26.046152],[32.150336,26.046397],[32.150188,26.046501],[32.150511,26.046959],[32.150942,26.046655],[32.151521,26.047],[32.151412,26.047183],[32.151619,26.047439],[32.151247,26.04774],[32.151361,26.047936],[32.151036,26.048242],[32.151337,26.048561],[32.151615,26.048412],[32.151767,26.048565],[32.152436,26.047899],[32.153068,26.048471],[32.15442,26.046978]]],[[[32.147422,26.046992],[32.148228,26.047593],[32.148343,26.04744],[32.148529,26.047579],[32.148415,26.047733],[32.148908,26.048101],[32.148328,26.048733],[32.148145,26.048566],[32.148437,26.048346],[32.148348,26.048228],[32.148507,26.048108],[32.14842,26.047992],[32.148116,26.04822],[32.147988,26.048142],[32.147876,26.048476],[32.146927,26.047721],[32.145778,26.04798],[32.144393,26.049044],[32.145234,26.049873],[32.145377,26.049679],[32.145602,26.049811],[32.144964,26.050454],[32.145379,26.050798],[32.145558,26.050615],[32.145945,26.050864],[32.146089,26.050691],[32.146409,26.050852],[32.145725,26.05172],[32.145834,26.051808],[32.146899,26.050485],[32.147032,26.050587],[32.146317,26.051613],[32.146429,26.051857],[32.146521,26.05173],[32.146664,26.051822],[32.147006,26.051378],[32.147144,26.051465],[32.147412,26.051184],[32.147582,26.051274],[32.147496,26.051459],[32.147781,26.051784],[32.147929,26.051578],[32.148093,26.051694],[32.148149,26.051572],[32.148431,26.051741],[32.148602,26.051386],[32.148528,26.051326],[32.148802,26.050985],[32.148721,26.050944],[32.148425,26.051281],[32.148251,26.051204],[32.148384,26.051046],[32.14818,26.050883],[32.148411,26.05068],[32.148256,26.050592],[32.14799,26.050923],[32.147649,26.050709],[32.147508,26.050853],[32.147292,26.050687],[32.147588,26.050301],[32.147235,26.050168],[32.14728,26.049927],[32.146985,26.050311],[32.14673,26.050107],[32.146868,26.049939],[32.146751,26.049842],[32.146603,26.050015],[32.146269,26.049833],[32.146669,26.049312],[32.146528,26.049204],[32.146149,26.049598],[32.145891,26.04943],[32.146505,26.048731],[32.14632,26.048535],[32.14648,26.048326],[32.146788,26.048562],[32.14671,26.048637],[32.146999,26.048937],[32.14723,26.048714],[32.147498,26.048991],[32.147776,26.048622],[32.149035,26.049572],[32.149708,26.048825],[32.149043,26.048225],[32.149229,26.048019],[32.148612,26.047463],[32.148731,26.047331],[32.147932,26.04661],[32.147782,26.046688],[32.14819,26.046174],[32.147533,26.046163],[32.147422,26.046992]]],[[[32.147422,26.046992],[32.146927,26.047721],[32.147876,26.048476],[32.147988,26.048142],[32.148116,26.04822],[32.14842,26.047992],[32.148507,26.048108],[32.148348,26.048228],[32.148437,26.048346],[32.148145,26.048566],[32.148328,26.048733],[32.148908,26.048101],[32.148415,26.047733],[32.148529,26.047579],[32.148343,26.04744],[32.148228,26.047593],[32.147422,26.046992]]],[[[32.154404,26.055302],[32.155179,26.054661],[32.154799,26.054455],[32.154518,26.054735],[32.154241,26.054545],[32.154164,26.054599],[32.154063,26.054527],[32.154227,26.054234],[32.15383,26.054139],[32.153161,26.054842],[32.153018,26.05476],[32.153226,26.054552],[32.153114,26.054469],[32.1529,26.054691],[32.152617,26.054533],[32.152824,26.054281],[32.152714,26.054172],[32.153079,26.053829],[32.152236,26.053408],[32.152096,26.053622],[32.152243,26.053655],[32.151948,26.054207],[32.151815,26.054117],[32.151691,26.054298],[32.151456,26.054134],[32.151393,26.054358],[32.151242,26.054264],[32.151179,26.054361],[32.151667,26.05477],[32.151607,26.05485],[32.151778,26.055014],[32.151888,26.05489],[32.152246,26.055134],[32.152427,26.054984],[32.152601,26.055171],[32.152795,26.054997],[32.152979,26.055164],[32.153126,26.055031],[32.153399,26.055319],[32.153612,26.055368],[32.154022,26.055081],[32.154404,26.055302]]],[[[32.158746,26.051594],[32.157336,26.050406],[32.157472,26.050246],[32.158894,26.051468],[32.159921,26.050569],[32.159662,26.050328],[32.158938,26.051106],[32.157465,26.049734],[32.156639,26.050659],[32.156516,26.050532],[32.156066,26.050971],[32.157746,26.052451],[32.158176,26.052082],[32.156871,26.050929],[32.157105,26.050664],[32.158558,26.051755],[32.158746,26.051594]]],[[[32.158558,26.051755],[32.157105,26.050664],[32.156871,26.050929],[32.158176,26.052082],[32.158558,26.051755]]],[[[32.158746,26.051594],[32.158856,26.051412],[32.157472,26.050246],[32.157336,26.050406],[32.158746,26.051594]]],[[[32.152648,26.053565],[32.152954,26.053781],[32.153784,26.05403],[32.154618,26.05299],[32.154802,26.053189],[32.155011,26.052995],[32.154828,26.052797],[32.154889,26.052685],[32.154529,26.052489],[32.15432,26.052692],[32.153093,26.052062],[32.15295,26.052341],[32.15409,26.052927],[32.153792,26.05323],[32.153342,26.052966],[32.153236,26.053098],[32.153107,26.052995],[32.152648,26.053565]]],[[[32.140814,26.077337],[32.140416,26.077008],[32.139988,26.077439],[32.140412,26.077861],[32.140814,26.077337]]],[[[32.141632,26.076283],[32.141462,26.07606],[32.141263,26.076211],[32.141116,26.076072],[32.140924,26.076275],[32.140686,26.076049],[32.14056,26.076182],[32.141222,26.07681],[32.141632,26.076283]]],[[[32.145211,26.072818],[32.144901,26.072602],[32.144503,26.072912],[32.144313,26.072799],[32.143735,26.073304],[32.143555,26.073098],[32.143371,26.073259],[32.143016,26.072855],[32.142284,26.073625],[32.141552,26.07306],[32.141403,26.073126],[32.142088,26.073637],[32.14191,26.073874],[32.142207,26.073988],[32.142125,26.074038],[32.142327,26.074164],[32.14254,26.073932],[32.142978,26.074236],[32.14265,26.074579],[32.142822,26.074743],[32.143502,26.074055],[32.145211,26.072818]]],[[[32.14243,26.075252],[32.141811,26.074593],[32.1417,26.07473],[32.14157,26.074625],[32.14163,26.074399],[32.141493,26.074477],[32.140796,26.073968],[32.14069,26.074113],[32.141642,26.074809],[32.141468,26.075002],[32.141586,26.075109],[32.14176,26.074916],[32.142309,26.075413],[32.14243,26.075252]]],[[[32.148057,26.070576],[32.147189,26.069713],[32.146564,26.070117],[32.146758,26.070395],[32.146374,26.070616],[32.146379,26.070747],[32.145373,26.071716],[32.144695,26.071123],[32.144817,26.071053],[32.144695,26.070951],[32.144821,26.070833],[32.144927,26.070939],[32.144996,26.070874],[32.144821,26.07073],[32.1449,26.070642],[32.144761,26.070541],[32.144638,26.070673],[32.144421,26.070665],[32.144235,26.070545],[32.144482,26.07028],[32.144598,26.070389],[32.144638,26.0703],[32.144809,26.070322],[32.144661,26.070086],[32.144763,26.069892],[32.144452,26.069633],[32.144387,26.069694],[32.143828,26.069098],[32.143941,26.069016],[32.143678,26.068653],[32.143425,26.068883],[32.143188,26.068621],[32.143035,26.06876],[32.143272,26.069022],[32.143043,26.06923],[32.142894,26.069066],[32.142524,26.069325],[32.142849,26.069657],[32.142621,26.06988],[32.142879,26.070143],[32.142484,26.070529],[32.142586,26.070646],[32.142818,26.070444],[32.143031,26.070589],[32.14326,26.070269],[32.143637,26.070551],[32.143351,26.071011],[32.143425,26.071083],[32.1437,26.070803],[32.144017,26.071114],[32.143589,26.07155],[32.143866,26.071821],[32.14434,26.071338],[32.144888,26.071719],[32.144304,26.072185],[32.145211,26.072818],[32.148057,26.070576]]],[[[32.150821,26.068449],[32.150482,26.06811],[32.150206,26.068386],[32.150077,26.068257],[32.149934,26.0684],[32.150347,26.068813],[32.150821,26.068449]]],[[[32.149774,26.067863],[32.149566,26.067627],[32.149301,26.06786],[32.149549,26.068061],[32.149774,26.067863]]],[[[32.146165,26.068803],[32.145475,26.068178],[32.145171,26.068445],[32.145829,26.069173],[32.146165,26.068803]]],[[[32.148956,26.069306],[32.148489,26.068753],[32.14827,26.068938],[32.148846,26.069434],[32.148956,26.069306]]],[[[32.201753,26.055073],[32.201473,26.05455],[32.201181,26.054256],[32.198712,26.053237],[32.196504,26.051431],[32.193853,26.048746],[32.191185,26.045711],[32.191011,26.045121],[32.190999,26.045455],[32.191211,26.045815],[32.193835,26.04878],[32.196383,26.051393],[32.198561,26.053215],[32.201099,26.054258],[32.201753,26.055073]]],[[[32.197512,26.052254],[32.19851,26.052355],[32.198628,26.052272],[32.19893,26.052406],[32.199394,26.053043],[32.199246,26.05315],[32.199528,26.05337],[32.199465,26.053451],[32.199782,26.053706],[32.201181,26.054256],[32.20173,26.055028],[32.202069,26.054782],[32.201874,26.054514],[32.202112,26.054455],[32.201937,26.054215],[32.202213,26.054136],[32.202276,26.054222],[32.202168,26.054301],[32.202336,26.054533],[32.202527,26.054492],[32.202963,26.054175],[32.202872,26.05405],[32.20307,26.053907],[32.203194,26.053973],[32.203444,26.053716],[32.20304,26.053348],[32.203372,26.053106],[32.203006,26.052741],[32.202158,26.053423],[32.202044,26.053265],[32.201897,26.053376],[32.201884,26.053576],[32.201291,26.054229],[32.201156,26.054138],[32.201581,26.053632],[32.201509,26.053557],[32.201225,26.053869],[32.201116,26.053751],[32.2013,26.053566],[32.200866,26.053266],[32.201032,26.053018],[32.200388,26.052498],[32.200162,26.052648],[32.19974,26.052282],[32.199897,26.052163],[32.19955,26.051863],[32.199341,26.052013],[32.199066,26.051732],[32.19876,26.052014],[32.198178,26.051613],[32.19771,26.052166],[32.197578,26.05212],[32.197831,26.051785],[32.197597,26.05167],[32.197441,26.05186],[32.197278,26.05176],[32.197105,26.051946],[32.197512,26.052254]]],[[[32.197512,26.052254],[32.19859,26.053163],[32.199782,26.053706],[32.199246,26.05315],[32.199394,26.053043],[32.19893,26.052406],[32.198628,26.052272],[32.19851,26.052355],[32.197512,26.052254]]],[[[32.193962,26.048855],[32.195862,26.050803],[32.196061,26.050574],[32.196497,26.048909],[32.197217,26.047251],[32.197034,26.047154],[32.196725,26.047739],[32.196263,26.047922],[32.196525,26.048295],[32.196354,26.048352],[32.195779,26.047768],[32.196154,26.04751],[32.195901,26.047349],[32.195483,26.047691],[32.196296,26.048685],[32.195853,26.049105],[32.196029,26.04929],[32.195855,26.049456],[32.194698,26.048238],[32.193962,26.048855]]],[[[32.199106,26.046349],[32.198733,26.045992],[32.19912,26.045735],[32.198985,26.045566],[32.197979,26.046122],[32.197235,26.04696],[32.197599,26.047416],[32.197849,26.047217],[32.198365,26.047866],[32.198709,26.047592],[32.198192,26.046944],[32.198479,26.046715],[32.198062,26.046322],[32.198332,26.046035],[32.198798,26.046594],[32.199106,26.046349]]],[[[32.198798,26.046594],[32.198755,26.046629],[32.198755,26.04663],[32.198798,26.046594]]],[[[32.198562,26.046819],[32.198798,26.046594],[32.198332,26.046035],[32.198062,26.046322],[32.198562,26.046819]]],[[[32.198755,26.046629],[32.198562,26.046819],[32.198755,26.047062],[32.198966,26.046894],[32.198755,26.046629]]],[[[32.19912,26.045735],[32.198733,26.045992],[32.199106,26.046349],[32.199414,26.046104],[32.19912,26.045735]]],[[[32.186224,26.021626],[32.186878,26.020935],[32.186677,26.020723],[32.18682,26.020587],[32.187326,26.020969],[32.186775,26.021496],[32.186928,26.021655],[32.187493,26.021108],[32.1877,26.021322],[32.186515,26.022468],[32.186674,26.02267],[32.188848,26.020366],[32.187965,26.019671],[32.188385,26.019275],[32.187991,26.018935],[32.188252,26.018596],[32.188783,26.019097],[32.188912,26.018975],[32.189119,26.019097],[32.189213,26.019034],[32.188257,26.018118],[32.188395,26.018005],[32.188612,26.018197],[32.188705,26.018083],[32.18908,26.018433],[32.189341,26.0183],[32.188922,26.01796],[32.189154,26.017749],[32.189311,26.017906],[32.189459,26.017783],[32.189161,26.017467],[32.189056,26.01757],[32.188799,26.017192],[32.18872,26.017251],[32.188533,26.017094],[32.18812,26.017305],[32.18794,26.017122],[32.188577,26.016738],[32.188329,26.016507],[32.188153,26.016681],[32.187907,26.016456],[32.188119,26.016246],[32.187578,26.01536],[32.187479,26.015483],[32.187656,26.015715],[32.187607,26.015805],[32.187292,26.015498],[32.187203,26.015577],[32.187489,26.015926],[32.187307,26.01607],[32.186923,26.01568],[32.186814,26.015779],[32.186511,26.015473],[32.18643,26.015552],[32.186341,26.015472],[32.186071,26.015739],[32.185844,26.015572],[32.186397,26.015026],[32.1861,26.014725],[32.186302,26.014562],[32.185677,26.013927],[32.185534,26.014089],[32.185923,26.014557],[32.185096,26.015266],[32.184849,26.015015],[32.184595,26.01519],[32.184311,26.014902],[32.184618,26.014651],[32.18447,26.014552],[32.184175,26.014764],[32.184027,26.014592],[32.184347,26.014321],[32.184111,26.014099],[32.184908,26.013479],[32.184682,26.013213],[32.183445,26.014179],[32.183617,26.014354],[32.182899,26.014799],[32.183057,26.014907],[32.183726,26.014439],[32.184249,26.015048],[32.183136,26.016061],[32.18331,26.016237],[32.184445,26.015228],[32.184753,26.01554],[32.184486,26.015803],[32.184605,26.015924],[32.18435,26.01611],[32.184526,26.01635],[32.18432,26.016576],[32.184581,26.016608],[32.184717,26.01649],[32.184859,26.016784],[32.185121,26.016556],[32.185261,26.016565],[32.185555,26.017138],[32.185239,26.017449],[32.184833,26.017198],[32.184724,26.017293],[32.185667,26.017906],[32.18543,26.018407],[32.185266,26.018292],[32.185289,26.018496],[32.185084,26.018625],[32.184377,26.01809],[32.184149,26.018311],[32.184363,26.018462],[32.184272,26.018536],[32.184564,26.018896],[32.184418,26.019015],[32.184639,26.019287],[32.184734,26.01921],[32.184856,26.019361],[32.184958,26.019316],[32.184889,26.019159],[32.185153,26.018916],[32.185385,26.019167],[32.185537,26.019055],[32.185766,26.019241],[32.185665,26.01934],[32.185889,26.019569],[32.185488,26.019961],[32.185358,26.019828],[32.185067,26.020113],[32.1853,26.020259],[32.18519,26.020384],[32.18549,26.020651],[32.185632,26.020443],[32.185907,26.020698],[32.185517,26.021025],[32.18591,26.021352],[32.185778,26.021471],[32.185961,26.021553],[32.186036,26.021465],[32.186224,26.021626]],[[32.187602,26.020886],[32.188159,26.020295],[32.188503,26.020536],[32.187967,26.021171],[32.187602,26.020886]]],[[[32.180052,26.011494],[32.180251,26.011369],[32.180338,26.011509],[32.180653,26.011312],[32.180438,26.010967],[32.181308,26.010312],[32.180891,26.009757],[32.181037,26.009588],[32.180904,26.009472],[32.180691,26.009604],[32.180746,26.009693],[32.17972,26.01033],[32.179614,26.010159],[32.179314,26.010346],[32.179385,26.010427],[32.179219,26.010571],[32.179337,26.010706],[32.179196,26.010829],[32.179601,26.011294],[32.17953,26.011371],[32.179846,26.011657],[32.180107,26.011582],[32.180052,26.011494]]],[[[32.153678,26.01435],[32.153528,26.014196],[32.154387,26.013507],[32.154479,26.013622],[32.154581,26.01354],[32.154489,26.013425],[32.154613,26.013326],[32.154705,26.013441],[32.155176,26.01301],[32.155117,26.012921],[32.155562,26.012627],[32.155826,26.012877],[32.15688,26.012189],[32.157016,26.011946],[32.157456,26.01165],[32.15794,26.011436],[32.158283,26.011806],[32.158846,26.011328],[32.158901,26.011404],[32.159597,26.010941],[32.159467,26.010844],[32.159307,26.010951],[32.159039,26.010678],[32.160121,26.010104],[32.160325,26.010365],[32.160674,26.010037],[32.161262,26.010513],[32.161516,26.010199],[32.161841,26.010376],[32.161842,26.010518],[32.161902,26.010409],[32.16215,26.010402],[32.162369,26.010542],[32.162282,26.010713],[32.16275,26.010888],[32.162895,26.010621],[32.163129,26.010612],[32.164328,26.011669],[32.164673,26.011207],[32.164881,26.0112],[32.164766,26.011351],[32.165111,26.011542],[32.165833,26.010899],[32.16563,26.010782],[32.165975,26.010401],[32.165383,26.010062],[32.165517,26.009935],[32.165381,26.009839],[32.165149,26.010053],[32.164964,26.009913],[32.165121,26.009764],[32.164993,26.009514],[32.164797,26.009686],[32.164591,26.009534],[32.164448,26.009689],[32.164312,26.009562],[32.164398,26.00924],[32.164122,26.008953],[32.164431,26.008746],[32.163663,26.007947],[32.163769,26.007851],[32.164316,26.008452],[32.164425,26.008377],[32.163868,26.007801],[32.164211,26.00747],[32.164383,26.007623],[32.164651,26.007519],[32.164795,26.007635],[32.164946,26.007448],[32.165471,26.007871],[32.165597,26.007811],[32.165721,26.007925],[32.16581,26.007867],[32.165683,26.007736],[32.165822,26.007601],[32.165953,26.00771],[32.166107,26.007578],[32.16598,26.007455],[32.166109,26.007359],[32.166191,26.007432],[32.166536,26.007175],[32.166725,26.007307],[32.167315,26.006789],[32.167113,26.00656],[32.167275,26.006367],[32.167533,26.006675],[32.167768,26.006543],[32.167222,26.005826],[32.167068,26.005941],[32.166984,26.005773],[32.167597,26.005467],[32.167666,26.005568],[32.167965,26.005359],[32.168132,26.0056],[32.168667,26.005227],[32.168961,26.005532],[32.169179,26.00537],[32.168894,26.005087],[32.169056,26.00504],[32.16898,26.004953],[32.169263,26.004819],[32.169694,26.005126],[32.17038,26.004723],[32.170234,26.004551],[32.17162,26.004089],[32.171575,26.003822],[32.170988,26.003737],[32.17005,26.00392],[32.169802,26.003763],[32.169195,26.003924],[32.168512,26.003471],[32.167938,26.003496],[32.167037,26.002631],[32.166814,26.002854],[32.165796,26.001246],[32.165446,26.001437],[32.164677,25.999746],[32.166551,25.999491],[32.166398,25.999002],[32.166001,25.999115],[32.165695,25.998605],[32.163821,25.999257],[32.163454,25.998952],[32.162864,25.999115],[32.162762,25.998829],[32.162416,25.998921],[32.162232,25.998758],[32.161662,25.998982],[32.161458,25.998717],[32.160633,25.999074],[32.160409,25.998646],[32.159961,25.998666],[32.159481,25.998272],[32.159126,25.998493],[32.158861,25.998249],[32.156467,25.99997],[32.157761,26.000866],[32.156905,26.001457],[32.15716,26.001661],[32.15772,26.001101],[32.158413,26.001702],[32.157924,26.00216],[32.157741,26.001987],[32.15715,26.002537],[32.156905,26.002302],[32.156448,26.00257],[32.156325,26.002496],[32.156019,26.00271],[32.156325,26.003107],[32.155773,26.003589],[32.155131,26.002946],[32.154893,26.003076],[32.15441,26.002781],[32.152842,26.004217],[32.152526,26.004024],[32.152332,26.004339],[32.152169,26.004207],[32.150733,26.005776],[32.150312,26.005675],[32.149525,26.006596],[32.149726,26.006741],[32.149512,26.006909],[32.149911,26.007222],[32.14898,26.007867],[32.149331,26.00808],[32.149403,26.007955],[32.150169,26.008615],[32.149971,26.008812],[32.150376,26.009081],[32.151112,26.009272],[32.151626,26.00963],[32.152368,26.00914],[32.153109,26.009813],[32.153505,26.009536],[32.153794,26.009812],[32.154066,26.00968],[32.154513,26.010115],[32.154296,26.010324],[32.154451,26.010616],[32.15425,26.010749],[32.154382,26.010881],[32.154108,26.011107],[32.154292,26.011294],[32.153481,26.012015],[32.153357,26.011997],[32.152878,26.012363],[32.151488,26.011259],[32.151388,26.011392],[32.152394,26.012299],[32.152251,26.012357],[32.152083,26.012185],[32.15184,26.012363],[32.151501,26.012071],[32.151162,26.01233],[32.150975,26.012157],[32.151226,26.011907],[32.15059,26.011259],[32.150221,26.010605],[32.149311,26.011307],[32.149086,26.011571],[32.149188,26.011673],[32.148916,26.011963],[32.149065,26.012069],[32.148882,26.012239],[32.149175,26.012469],[32.149307,26.012312],[32.149465,26.012495],[32.149535,26.01241],[32.149951,26.012929],[32.149878,26.012994],[32.150031,26.013288],[32.15033,26.013062],[32.150417,26.013183],[32.150709,26.012949],[32.151288,26.01366],[32.150645,26.014285],[32.150789,26.014542],[32.150516,26.014772],[32.150329,26.014538],[32.149822,26.015006],[32.150029,26.015244],[32.149801,26.015426],[32.149628,26.015211],[32.149225,26.015694],[32.148487,26.015091],[32.148708,26.014937],[32.148468,26.014638],[32.148754,26.014339],[32.148401,26.014053],[32.148168,26.014252],[32.147603,26.013733],[32.147277,26.014006],[32.14677,26.013488],[32.145691,26.014353],[32.144266,26.013559],[32.143273,26.014133],[32.14314,26.013906],[32.142838,26.013954],[32.142121,26.013058],[32.143576,26.011892],[32.142887,26.011033],[32.143384,26.010545],[32.143081,26.010167],[32.142967,26.010374],[32.141903,26.009184],[32.141637,26.009337],[32.141983,26.009649],[32.141657,26.009798],[32.141783,26.009955],[32.141071,26.010401],[32.140602,26.010016],[32.140114,26.010408],[32.140655,26.011123],[32.140054,26.011605],[32.140393,26.011906],[32.140095,26.012145],[32.1406,26.012776],[32.140223,26.013078],[32.139795,26.012623],[32.13961,26.012771],[32.139341,26.012563],[32.139462,26.012466],[32.139342,26.012317],[32.139144,26.012445],[32.139251,26.012579],[32.139166,26.012648],[32.139469,26.013027],[32.139122,26.013305],[32.139675,26.014199],[32.142269,26.017385],[32.142123,26.017477],[32.14173,26.018942],[32.142448,26.019673],[32.143266,26.021103],[32.145256,26.019803],[32.145566,26.020156],[32.146398,26.019723],[32.14606,26.019216],[32.146426,26.019066],[32.146892,26.019669],[32.147324,26.019253],[32.146979,26.018894],[32.149136,26.017114],[32.151614,26.015196],[32.152352,26.014837],[32.152543,26.015028],[32.153678,26.01435]]],[[[32.169862,26.016233],[32.171228,26.015159],[32.169447,26.014472],[32.168921,26.015196],[32.168693,26.015105],[32.168497,26.015398],[32.168956,26.015571],[32.168383,26.015964],[32.16853,26.016178],[32.169039,26.015829],[32.169342,26.016113],[32.169558,26.015959],[32.169862,26.016233]]],[[[32.191241,26.019125],[32.191498,26.018885],[32.192009,26.019251],[32.191569,26.019613],[32.191804,26.019849],[32.191301,26.020349],[32.191419,26.020491],[32.191276,26.02067],[32.191498,26.020865],[32.191381,26.021007],[32.191143,26.020861],[32.191185,26.021017],[32.190969,26.021421],[32.191268,26.021541],[32.191372,26.021482],[32.191529,26.021624],[32.19143,26.021765],[32.191549,26.021871],[32.191804,26.021601],[32.192012,26.02175],[32.192075,26.021684],[32.192467,26.022003],[32.19231,26.022112],[32.192573,26.022413],[32.192754,26.022265],[32.192899,26.022499],[32.193069,26.022387],[32.192891,26.02218],[32.193086,26.022004],[32.192884,26.021787],[32.193086,26.0216],[32.19322,26.021744],[32.193117,26.021846],[32.19322,26.02197],[32.193342,26.021856],[32.19346,26.022103],[32.193724,26.021859],[32.194042,26.022124],[32.194194,26.022051],[32.193922,26.021814],[32.19404,26.021705],[32.193931,26.02154],[32.193749,26.021674],[32.192951,26.021004],[32.193406,26.020671],[32.193294,26.020549],[32.193369,26.020479],[32.193069,26.020156],[32.192891,26.020294],[32.192443,26.019857],[32.192899,26.019476],[32.193345,26.019957],[32.193484,26.019843],[32.193131,26.019413],[32.193691,26.018953],[32.193804,26.01909],[32.193908,26.019004],[32.194397,26.019599],[32.194531,26.019528],[32.193744,26.018758],[32.193751,26.018611],[32.194602,26.018361],[32.194254,26.017971],[32.194076,26.018092],[32.193893,26.017823],[32.193931,26.017671],[32.194695,26.017152],[32.194375,26.016778],[32.194614,26.016693],[32.194512,26.016531],[32.19473,26.016393],[32.194833,26.016555],[32.195273,26.016275],[32.194921,26.015721],[32.192654,26.016821],[32.191302,26.017822],[32.190603,26.018556],[32.191241,26.019125]]],[[[32.191241,26.019125],[32.191749,26.019545],[32.192009,26.019251],[32.191498,26.018885],[32.191241,26.019125]]],[[[32.190302,26.018871],[32.189371,26.019851],[32.189968,26.020312],[32.190203,26.020187],[32.190408,26.020369],[32.190711,26.020117],[32.190502,26.019918],[32.190622,26.019793],[32.190302,26.019488],[32.19061,26.019165],[32.190302,26.018871]]],[[[32.055473,26.116109],[32.055754,26.115898],[32.056306,26.116073],[32.056479,26.115833],[32.056112,26.115666],[32.056384,26.115301],[32.056157,26.115226],[32.055833,26.115583],[32.055683,26.115428],[32.056091,26.115062],[32.056067,26.114713],[32.056251,26.114797],[32.056605,26.114408],[32.056337,26.114224],[32.056101,26.11447],[32.055896,26.114317],[32.054292,26.115644],[32.054476,26.115783],[32.05491,26.115408],[32.05532,26.115672],[32.05516,26.115814],[32.05549,26.115842],[32.055393,26.116003],[32.055473,26.116109]]],[[[32.245373,26.017652],[32.245365,26.017202],[32.245525,26.017236],[32.245549,26.016839],[32.245135,26.016781],[32.24507,26.017085],[32.24489,26.017046],[32.244845,26.017258],[32.244473,26.017114],[32.244678,26.016636],[32.244415,26.016579],[32.244392,26.016315],[32.244161,26.016339],[32.244127,26.016513],[32.243963,26.016474],[32.243945,26.016891],[32.243397,26.016532],[32.243454,26.016274],[32.243297,26.016143],[32.243018,26.016129],[32.242983,26.015796],[32.243188,26.015775],[32.243268,26.015223],[32.243063,26.015223],[32.24305,26.015482],[32.242931,26.015492],[32.242812,26.014864],[32.242581,26.014902],[32.242399,26.014241],[32.24286,26.01411],[32.242891,26.014414],[32.243005,26.014402],[32.242807,26.013615],[32.242498,26.013604],[32.242499,26.013891],[32.242205,26.013943],[32.242121,26.013835],[32.241726,26.013906],[32.241654,26.013506],[32.241185,26.013711],[32.241118,26.013453],[32.240601,26.013562],[32.240569,26.013386],[32.241046,26.013299],[32.240881,26.012379],[32.240192,26.012502],[32.240062,26.011329],[32.239204,26.011393],[32.239238,26.011824],[32.239602,26.011808],[32.239808,26.012957],[32.239533,26.012832],[32.239488,26.013147],[32.239307,26.01319],[32.239239,26.012902],[32.239398,26.012864],[32.239222,26.012123],[32.238912,26.012298],[32.238845,26.011957],[32.238607,26.012004],[32.23876,26.012784],[32.238004,26.012895],[32.23818,26.013422],[32.238029,26.01348],[32.238114,26.01388],[32.237858,26.013953],[32.238045,26.014614],[32.237847,26.014649],[32.237882,26.014846],[32.237574,26.0149],[32.237529,26.014644],[32.237139,26.014713],[32.237233,26.015095],[32.23682,26.015198],[32.235859,26.015273],[32.235577,26.014878],[32.235436,26.014902],[32.235463,26.015062],[32.235362,26.01508],[32.235425,26.015444],[32.237242,26.016358],[32.238924,26.017955],[32.23964,26.019078],[32.239849,26.019936],[32.240498,26.019905],[32.240318,26.019431],[32.240137,26.0195],[32.240235,26.019759],[32.239971,26.019792],[32.23992,26.019378],[32.2407,26.018964],[32.240809,26.019233],[32.240662,26.019292],[32.240903,26.019886],[32.245273,26.019676],[32.245184,26.01935],[32.245521,26.019278],[32.245355,26.019024],[32.245087,26.019163],[32.245053,26.019052],[32.244781,26.01915],[32.244636,26.018695],[32.245082,26.018572],[32.244944,26.018328],[32.244338,26.018415],[32.24461,26.019222],[32.244321,26.019286],[32.244355,26.019414],[32.244185,26.019431],[32.244207,26.019572],[32.243241,26.019619],[32.242901,26.018925],[32.243154,26.018801],[32.243038,26.018564],[32.242737,26.018712],[32.242632,26.018599],[32.242422,26.018694],[32.242602,26.018956],[32.242411,26.019013],[32.242475,26.019221],[32.242354,26.019258],[32.242238,26.01903],[32.241868,26.019219],[32.24173,26.018947],[32.2413,26.019119],[32.240987,26.018612],[32.241181,26.018459],[32.240112,26.01691],[32.240306,26.016547],[32.240536,26.016769],[32.240704,26.016611],[32.241009,26.016867],[32.241293,26.016648],[32.24145,26.016711],[32.241692,26.016461],[32.242244,26.016858],[32.242165,26.016919],[32.242409,26.01714],[32.242515,26.017068],[32.242706,26.01717],[32.243161,26.016821],[32.243544,26.017264],[32.243659,26.017226],[32.243879,26.017405],[32.244102,26.017234],[32.244255,26.017432],[32.244467,26.017323],[32.245373,26.017652]],[[32.239443,26.016967],[32.23987,26.017482],[32.239983,26.017414],[32.240061,26.017797],[32.240246,26.017684],[32.240297,26.017769],[32.240083,26.017898],[32.240144,26.017998],[32.240432,26.017823],[32.240539,26.018],[32.240334,26.018082],[32.240367,26.018164],[32.240587,26.018076],[32.240769,26.018362],[32.240004,26.018715],[32.239783,26.018384],[32.23988,26.018057],[32.239677,26.017958],[32.239816,26.017879],[32.239707,26.017691],[32.239488,26.017776],[32.239209,26.017058],[32.239443,26.016967]]],[[[32.245631,26.016264],[32.245667,26.015599],[32.245813,26.015607],[32.245825,26.015374],[32.246284,26.015399],[32.246327,26.015596],[32.246778,26.015498],[32.246749,26.015365],[32.24693,26.015325],[32.246974,26.01553],[32.247325,26.015454],[32.247436,26.015968],[32.247034,26.016017],[32.247094,26.016214],[32.24784,26.016165],[32.247765,26.015548],[32.248102,26.015508],[32.24808,26.015339],[32.247905,26.015358],[32.247819,26.015123],[32.24796,26.015102],[32.247864,26.014841],[32.247586,26.014943],[32.247485,26.014668],[32.247309,26.014725],[32.247416,26.015017],[32.24704,26.015118],[32.246992,26.014937],[32.246858,26.014973],[32.246899,26.015128],[32.24667,26.01519],[32.246488,26.014515],[32.245812,26.014599],[32.245827,26.014715],[32.24568,26.014733],[32.245704,26.014925],[32.245577,26.014941],[32.24561,26.0152],[32.245479,26.015217],[32.245441,26.014991],[32.245324,26.014988],[32.245165,26.016005],[32.245017,26.015994],[32.244995,26.016286],[32.245631,26.016264]]],[[[32.247094,26.016214],[32.247034,26.016017],[32.247436,26.015968],[32.247325,26.015454],[32.246974,26.01553],[32.24693,26.015325],[32.246749,26.015365],[32.246778,26.015498],[32.246327,26.015596],[32.246284,26.015399],[32.245825,26.015374],[32.245813,26.015607],[32.245667,26.015599],[32.245631,26.016264],[32.247094,26.016214]]],[[[32.249112,26.014625],[32.24892,26.014733],[32.248964,26.015034],[32.248754,26.015065],[32.248816,26.015235],[32.249002,26.015168],[32.249122,26.015761],[32.249561,26.015708],[32.24953,26.015454],[32.249298,26.015482],[32.249112,26.014625]]],[[[32.253343,26.015444],[32.252717,26.015404],[32.252298,26.014852],[32.251909,26.015033],[32.251239,26.014378],[32.25073,26.014074],[32.250124,26.014118],[32.249614,26.014318],[32.249762,26.014984],[32.249465,26.01505],[32.249502,26.015215],[32.249671,26.015178],[32.249717,26.015384],[32.249897,26.015344],[32.249978,26.015492],[32.250294,26.015402],[32.25035,26.0156],[32.249853,26.015819],[32.249903,26.015995],[32.249806,26.016023],[32.250071,26.016585],[32.249728,26.016719],[32.249737,26.017134],[32.249904,26.017421],[32.250473,26.017387],[32.25038,26.016769],[32.250925,26.016687],[32.251014,26.016954],[32.251191,26.016966],[32.251386,26.01721],[32.251735,26.017022],[32.251662,26.016887],[32.251746,26.016842],[32.251868,26.016957],[32.252134,26.016831],[32.25286,26.016849],[32.252856,26.01666],[32.253094,26.01642],[32.253404,26.016544],[32.253343,26.015444]]],[[[32.254984,26.015858],[32.254486,26.015671],[32.254022,26.015466],[32.254037,26.016255],[32.254343,26.01657],[32.254422,26.016493],[32.254509,26.016582],[32.255027,26.016538],[32.254984,26.015858]]],[[[32.250375,26.019086],[32.250344,26.01871],[32.250874,26.018666],[32.250933,26.018376],[32.250785,26.017545],[32.250057,26.017536],[32.250105,26.017819],[32.249729,26.017882],[32.24945,26.01775],[32.249416,26.018426],[32.249199,26.018433],[32.249202,26.01855],[32.24966,26.018643],[32.24967,26.018766],[32.249563,26.018775],[32.249677,26.018843],[32.249701,26.019142],[32.250375,26.019086]]],[[[32.252774,26.016851],[32.25293,26.017346],[32.253245,26.017239],[32.253212,26.016961],[32.253474,26.01685],[32.253497,26.017045],[32.253632,26.017029],[32.253668,26.01733],[32.253796,26.017342],[32.253808,26.017208],[32.25442,26.017347],[32.254478,26.01757],[32.254132,26.017596],[32.254046,26.017474],[32.25408,26.018334],[32.254183,26.018446],[32.253859,26.018423],[32.253888,26.018778],[32.253749,26.018803],[32.253827,26.019235],[32.255633,26.018679],[32.259473,26.017225],[32.261403,26.016721],[32.263084,26.016498],[32.265102,26.015995],[32.273596,26.014814],[32.27655,26.014776],[32.283219,26.014168],[32.283001,26.013987],[32.278945,26.014262],[32.276645,26.014554],[32.274451,26.014553],[32.26571,26.01567],[32.262725,26.016348],[32.261224,26.016568],[32.259066,26.017176],[32.257009,26.017912],[32.256651,26.017668],[32.256484,26.016527],[32.256292,26.016287],[32.25561,26.015899],[32.25553,26.016057],[32.254984,26.015858],[32.255027,26.016538],[32.254509,26.016582],[32.254422,26.016493],[32.254343,26.01657],[32.254037,26.016255],[32.254022,26.015466],[32.253652,26.01532],[32.253343,26.015444],[32.253404,26.016544],[32.253094,26.01642],[32.252774,26.016851]]],[[[32.252858,26.019322],[32.252698,26.018411],[32.252439,26.018278],[32.252473,26.0185],[32.252302,26.018525],[32.25237,26.018798],[32.252497,26.018766],[32.252637,26.019326],[32.252858,26.019322]]],[[[32.253827,26.019235],[32.253749,26.018803],[32.253888,26.018778],[32.253859,26.018423],[32.254183,26.018446],[32.25408,26.018334],[32.254046,26.017474],[32.254132,26.017596],[32.254478,26.01757],[32.25442,26.017347],[32.253808,26.017208],[32.253796,26.017342],[32.253668,26.01733],[32.253632,26.017029],[32.253497,26.017045],[32.253474,26.01685],[32.253212,26.016961],[32.253245,26.017239],[32.25293,26.017346],[32.252774,26.016851],[32.252134,26.016831],[32.251868,26.016957],[32.251662,26.016887],[32.251735,26.017022],[32.251273,26.017344],[32.251313,26.017495],[32.251194,26.017526],[32.251145,26.017342],[32.250894,26.017409],[32.251039,26.017956],[32.251427,26.017878],[32.251589,26.018577],[32.251134,26.018627],[32.251197,26.018806],[32.251055,26.018819],[32.251055,26.018962],[32.251298,26.018927],[32.251415,26.019361],[32.252637,26.019326],[32.252497,26.018766],[32.25237,26.018798],[32.252302,26.018525],[32.252473,26.0185],[32.252439,26.018278],[32.25256,26.01826],[32.252698,26.018411],[32.252858,26.019322],[32.253827,26.019235]]],[[[32.240769,26.018362],[32.240587,26.018076],[32.240367,26.018164],[32.240334,26.018082],[32.240539,26.018],[32.240432,26.017823],[32.240144,26.017998],[32.240083,26.017898],[32.240297,26.017769],[32.240246,26.017684],[32.240061,26.017797],[32.239945,26.017606],[32.240058,26.017537],[32.239983,26.017414],[32.23987,26.017482],[32.23966,26.017136],[32.239443,26.016967],[32.239209,26.017058],[32.239488,26.017776],[32.239707,26.017691],[32.239816,26.017879],[32.239677,26.017958],[32.23988,26.018057],[32.239783,26.018384],[32.240004,26.018715],[32.240769,26.018362]]],[[[32.240903,26.019886],[32.240662,26.019292],[32.240809,26.019233],[32.2407,26.018964],[32.23992,26.019378],[32.239971,26.019792],[32.240235,26.019759],[32.240137,26.0195],[32.240318,26.019431],[32.240498,26.019905],[32.240903,26.019886]]],[[[32.244995,26.016286],[32.244394,26.016298],[32.244392,26.016315],[32.244521,26.016302],[32.244995,26.016286]]],[[[32.245112,26.017564],[32.245378,26.018074],[32.245123,26.018204],[32.244907,26.017593],[32.244592,26.01756],[32.244467,26.017323],[32.244255,26.017432],[32.244102,26.017234],[32.243879,26.017405],[32.243659,26.017226],[32.243544,26.017264],[32.243161,26.016821],[32.242706,26.01717],[32.242515,26.017068],[32.242409,26.01714],[32.242165,26.016919],[32.242244,26.016858],[32.241692,26.016461],[32.24145,26.016711],[32.241293,26.016648],[32.241009,26.016867],[32.240704,26.016611],[32.240536,26.016769],[32.240306,26.016547],[32.240112,26.01691],[32.241181,26.018459],[32.240987,26.018612],[32.2413,26.019119],[32.24173,26.018947],[32.241868,26.019219],[32.242238,26.01903],[32.242354,26.019258],[32.242475,26.019221],[32.242411,26.019013],[32.242602,26.018956],[32.242422,26.018694],[32.242632,26.018599],[32.242737,26.018712],[32.243038,26.018564],[32.243154,26.018801],[32.242901,26.018925],[32.243241,26.019619],[32.244207,26.019572],[32.244185,26.019431],[32.244355,26.019414],[32.244321,26.019286],[32.24461,26.019222],[32.244338,26.018415],[32.244649,26.018343],[32.244944,26.018328],[32.245082,26.018572],[32.244636,26.018695],[32.244781,26.01915],[32.245053,26.019052],[32.245087,26.019163],[32.245355,26.019024],[32.245521,26.019278],[32.245184,26.01935],[32.245273,26.019676],[32.246202,26.019631],[32.246048,26.019287],[32.246203,26.019249],[32.246158,26.019064],[32.246493,26.018983],[32.246493,26.018879],[32.248036,26.018819],[32.24778,26.017817],[32.247609,26.017819],[32.247611,26.017991],[32.247447,26.017993],[32.247445,26.017821],[32.247222,26.017824],[32.24732,26.018235],[32.246985,26.018278],[32.246864,26.017843],[32.24609,26.017901],[32.245112,26.017564]]],[[[32.246864,26.017843],[32.246985,26.018278],[32.24732,26.018235],[32.247222,26.017824],[32.247445,26.017821],[32.247447,26.017993],[32.247611,26.017991],[32.247609,26.017819],[32.24778,26.017817],[32.248036,26.018819],[32.246493,26.018879],[32.246493,26.018983],[32.246158,26.019064],[32.246203,26.019249],[32.246048,26.019287],[32.246202,26.019631],[32.251415,26.019361],[32.251298,26.018927],[32.251055,26.018962],[32.251055,26.018819],[32.251197,26.018806],[32.251134,26.018627],[32.251589,26.018577],[32.251427,26.017878],[32.251039,26.017956],[32.250894,26.017409],[32.251145,26.017342],[32.251194,26.017526],[32.251313,26.017495],[32.251273,26.017344],[32.251457,26.017295],[32.251339,26.017076],[32.251014,26.016954],[32.250925,26.016687],[32.25038,26.016769],[32.250473,26.017387],[32.249904,26.017421],[32.249737,26.017134],[32.249728,26.016719],[32.250071,26.016585],[32.249806,26.016023],[32.249903,26.015995],[32.249853,26.015819],[32.25035,26.0156],[32.250294,26.015402],[32.249978,26.015492],[32.249897,26.015344],[32.249717,26.015384],[32.249671,26.015178],[32.249502,26.015215],[32.249465,26.01505],[32.249762,26.014984],[32.249614,26.014318],[32.249112,26.014625],[32.249298,26.015482],[32.24953,26.015454],[32.249561,26.015708],[32.249122,26.015761],[32.249002,26.015168],[32.248816,26.015235],[32.248754,26.015065],[32.248964,26.015034],[32.24892,26.014733],[32.248477,26.014719],[32.248621,26.015437],[32.248341,26.015494],[32.248491,26.016124],[32.248257,26.016176],[32.248181,26.015899],[32.247884,26.015961],[32.247933,26.016143],[32.247391,26.016212],[32.247402,26.016572],[32.247741,26.016559],[32.247804,26.016946],[32.247644,26.01697],[32.247606,26.017316],[32.247187,26.017332],[32.247252,26.017628],[32.247061,26.017625],[32.247064,26.017819],[32.246864,26.017843]],[[32.24945,26.01775],[32.249729,26.017882],[32.250105,26.017819],[32.250057,26.017536],[32.250785,26.017545],[32.250933,26.018376],[32.250874,26.018666],[32.250344,26.01871],[32.250375,26.019086],[32.249701,26.019142],[32.249677,26.018843],[32.249563,26.018775],[32.24967,26.018766],[32.24966,26.018643],[32.249202,26.01855],[32.249199,26.018433],[32.249416,26.018426],[32.24945,26.01775]]],[[[32.245112,26.017564],[32.244467,26.017323],[32.244592,26.01756],[32.244907,26.017593],[32.245123,26.018204],[32.245378,26.018074],[32.245112,26.017564]]],[[[32.244392,26.016315],[32.244415,26.016579],[32.244678,26.016636],[32.244473,26.017114],[32.244845,26.017258],[32.24489,26.017046],[32.24507,26.017085],[32.245135,26.016781],[32.245549,26.016839],[32.245525,26.017236],[32.245365,26.017202],[32.245373,26.017652],[32.24609,26.017901],[32.247064,26.017819],[32.247061,26.017625],[32.247252,26.017628],[32.247187,26.017332],[32.247606,26.017316],[32.247644,26.01697],[32.247804,26.016946],[32.247741,26.016559],[32.247402,26.016572],[32.247391,26.016212],[32.244392,26.016315]]],[[[32.257584,26.017671],[32.25752,26.017318],[32.257318,26.017335],[32.257341,26.017593],[32.257234,26.017602],[32.257174,26.016907],[32.256615,26.016955],[32.256672,26.017582],[32.256819,26.01779],[32.257022,26.017865],[32.257584,26.017671]]],[[[32.256547,26.01654],[32.256274,26.016213],[32.255507,26.015797],[32.25553,26.015942],[32.25561,26.015899],[32.256395,26.016368],[32.25656,26.01696],[32.256547,26.01654]]],[[[32.257584,26.017671],[32.257022,26.017865],[32.256819,26.01779],[32.25656,26.01696],[32.256622,26.017587],[32.256782,26.017824],[32.257064,26.017903],[32.257584,26.017671]]],[[[32.256213,26.016172],[32.256547,26.01654],[32.256615,26.016955],[32.257174,26.016907],[32.257234,26.017602],[32.257341,26.017593],[32.257318,26.017335],[32.25752,26.017318],[32.257584,26.017671],[32.257862,26.017553],[32.257844,26.017278],[32.257723,26.017287],[32.257657,26.01708],[32.258308,26.016956],[32.258061,26.015863],[32.258147,26.015836],[32.258156,26.015952],[32.258444,26.015899],[32.258417,26.015752],[32.258178,26.015795],[32.258074,26.014866],[32.257842,26.014909],[32.257787,26.014604],[32.257409,26.014673],[32.257562,26.015483],[32.257369,26.015506],[32.257335,26.015319],[32.257169,26.015349],[32.2572,26.015515],[32.257089,26.015536],[32.257057,26.015007],[32.256883,26.015039],[32.256963,26.015479],[32.256179,26.015495],[32.256213,26.016172]]],[],[[[32.276718,26.014486],[32.274318,26.014502],[32.265941,26.015582],[32.2632,26.01619],[32.261204,26.016492],[32.25898,26.017126],[32.257592,26.017719],[32.261224,26.016568],[32.262725,26.016348],[32.26571,26.01567],[32.274069,26.014589],[32.276645,26.014554],[32.278945,26.014262],[32.283085,26.014],[32.279086,26.014191],[32.276718,26.014486]]],[[[32.25981,26.016885],[32.259697,26.016449],[32.259803,26.016433],[32.259763,26.016172],[32.259627,26.016213],[32.259686,26.016413],[32.259536,26.016434],[32.259569,26.016673],[32.258668,26.016866],[32.258686,26.016993],[32.258347,26.01704],[32.258352,26.017145],[32.258017,26.01716],[32.257964,26.017516],[32.25981,26.016885]]],[[[32.263777,26.013836],[32.26358,26.013333],[32.263504,26.013459],[32.263313,26.013434],[32.263232,26.014344],[32.263668,26.014363],[32.263838,26.014243],[32.263791,26.013982],[32.263639,26.013923],[32.263777,26.013836]]],[[[32.261743,26.013971],[32.261929,26.013836],[32.262359,26.013886],[32.262332,26.014085],[32.262171,26.014066],[32.262259,26.014283],[32.262353,26.014294],[32.262377,26.01409],[32.262889,26.014202],[32.262911,26.013901],[32.26278,26.01387],[32.262725,26.014106],[32.262525,26.014023],[32.262591,26.013841],[32.261929,26.0135],[32.261948,26.013405],[32.261722,26.013486],[32.261133,26.013393],[32.261217,26.013168],[32.261094,26.013189],[32.261017,26.012987],[32.261165,26.012863],[32.260295,26.013087],[32.260371,26.013274],[32.260962,26.013172],[32.261018,26.013296],[32.260767,26.013447],[32.260763,26.013583],[32.260945,26.013589],[32.2611,26.013768],[32.260979,26.01431],[32.261233,26.014257],[32.26118,26.014007],[32.261743,26.013971]]],[[[32.268754,26.011505],[32.26842,26.011462],[32.268421,26.01165],[32.268805,26.011699],[32.268793,26.01186],[32.2691,26.011903],[32.269136,26.01169],[32.268823,26.011662],[32.268754,26.011505]]],[[[32.267447,26.012072],[32.267469,26.011719],[32.267836,26.011568],[32.267801,26.011372],[32.268425,26.011405],[32.268443,26.01121],[32.267998,26.011095],[32.268064,26.010364],[32.268246,26.010456],[32.268226,26.010676],[32.268392,26.010691],[32.268338,26.010075],[32.268277,26.009909],[32.268144,26.009897],[32.268117,26.010198],[32.267925,26.010146],[32.267989,26.009909],[32.267707,26.009833],[32.267722,26.009658],[32.267989,26.00968],[32.268,26.00955],[32.267732,26.009528],[32.267779,26.008956],[32.267519,26.008869],[32.267437,26.009295],[32.267256,26.009281],[32.267206,26.009924],[32.26702,26.009921],[32.266958,26.009562],[32.266801,26.009556],[32.26668,26.009841],[32.266409,26.00979],[32.266375,26.009893],[32.266409,26.010236],[32.266821,26.010337],[32.266825,26.010796],[32.266975,26.010791],[32.267081,26.010933],[32.267184,26.01215],[32.267447,26.012072]]],[[[32.275202,26.000621],[32.275405,25.999735],[32.27451,25.999697],[32.274467,26.000372],[32.274341,26.000354],[32.274418,25.999223],[32.274114,25.999204],[32.274157,25.998556],[32.274007,25.998565],[32.273984,25.998798],[32.273833,25.998797],[32.273816,25.999033],[32.273983,25.999015],[32.273944,25.999208],[32.273415,25.999164],[32.273422,25.99932],[32.273132,25.999344],[32.273122,25.999252],[32.272769,25.999276],[32.272773,26.000377],[32.272607,26.00032],[32.272619,26.000224],[32.272242,26.000219],[32.272053,25.997177],[32.271836,25.997186],[32.271594,25.997767],[32.27141,25.997753],[32.270858,25.998915],[32.270767,25.998889],[32.270641,25.999329],[32.270395,25.999411],[32.270027,25.999963],[32.269844,25.999885],[32.269883,25.999599],[32.269602,25.999479],[32.26951,25.999837],[32.269312,25.999832],[32.26938,25.999568],[32.269046,25.999586],[32.26903,25.999282],[32.268881,25.999262],[32.269075,25.998449],[32.268867,25.998323],[32.268698,25.998624],[32.268485,25.998599],[32.268524,25.998253],[32.268645,25.9981],[32.268843,25.998178],[32.268945,25.99792],[32.268795,25.997875],[32.26891,25.997498],[32.26836,25.99733],[32.268427,25.99711],[32.268712,25.997197],[32.268809,25.997047],[32.269504,25.997211],[32.269505,25.997324],[32.269931,25.997322],[32.269934,25.998056],[32.270129,25.998096],[32.270279,25.997371],[32.270492,25.997458],[32.270712,25.997255],[32.270767,25.996873],[32.269631,25.996708],[32.26964,25.996491],[32.269336,25.996394],[32.269217,25.996521],[32.268843,25.996496],[32.268862,25.99621],[32.268699,25.996162],[32.268746,25.996001],[32.26891,25.99605],[32.268986,25.995793],[32.269302,25.995886],[32.26964,25.994745],[32.269944,25.994798],[32.270313,25.994068],[32.271004,25.994329],[32.271304,25.993977],[32.271419,25.994028],[32.271599,25.993618],[32.271435,25.993546],[32.271676,25.992996],[32.272895,25.992356],[32.273077,25.992046],[32.27336,25.99215],[32.273495,25.991786],[32.273374,25.991741],[32.273054,25.990432],[32.270903,25.989977],[32.270845,25.989806],[32.27009,25.989629],[32.26755,26.000476],[32.26275,25.999552],[32.262605,25.999397],[32.257604,25.998649],[32.257381,25.998693],[32.256889,25.999073],[32.256792,25.999315],[32.258862,26.000113],[32.259512,26.000257],[32.260013,26.000229],[32.26038,26.000533],[32.262609,26.000983],[32.262481,26.001562],[32.262942,26.001664],[32.262972,26.001878],[32.263217,26.001853],[32.263363,26.001196],[32.265334,26.001878],[32.265445,26.001757],[32.266394,26.002018],[32.26647,26.001803],[32.266832,26.00185],[32.266689,26.002141],[32.266943,26.002311],[32.268787,26.002701],[32.268955,26.002636],[32.268787,26.002203],[32.268877,26.002153],[32.269122,26.002194],[32.26932,26.00246],[32.269533,26.002411],[32.269507,26.000906],[32.269239,26.000883],[32.269205,26.00034],[32.268924,26.000355],[32.26893,26.000099],[32.268737,26.000015],[32.268903,25.999743],[32.270298,26.000156],[32.271841,26.000408],[32.275202,26.000621]]],[[[32.03552,26.093603],[32.040307,26.0897],[32.041099,26.089276],[32.04008,26.088726],[32.040156,26.08857],[32.03999,26.088426],[32.040523,26.08801],[32.040174,26.087463],[32.040242,26.087123],[32.04057,26.086807],[32.04018,26.086569],[32.04031,26.086332],[32.040067,26.086258],[32.039289,26.085218],[32.039484,26.085094],[32.039168,26.084596],[32.039017,26.084592],[32.037873,26.08333],[32.037782,26.083396],[32.037206,26.082691],[32.036736,26.083335],[32.035809,26.082651],[32.035634,26.082928],[32.035391,26.082634],[32.035871,26.081905],[32.035487,26.081701],[32.03495,26.082352],[32.03437,26.081985],[32.033954,26.082383],[32.034186,26.082567],[32.033827,26.082976],[32.034059,26.083121],[32.033838,26.083291],[32.033704,26.083125],[32.033346,26.083331],[32.033047,26.083774],[32.032952,26.083657],[32.032666,26.083639],[32.032514,26.083852],[32.030947,26.082401],[32.030571,26.082694],[32.031027,26.08307],[32.030607,26.083483],[32.031457,26.084123],[32.030763,26.084471],[32.03014,26.083888],[32.02989,26.08422],[32.029525,26.083971],[32.029315,26.084196],[32.030408,26.084854],[32.030408,26.085082],[32.030596,26.085231],[32.030082,26.085975],[32.030488,26.086279],[32.030235,26.086635],[32.030379,26.086812],[32.02982,26.087382],[32.030043,26.087601],[32.02984,26.087807],[32.029529,26.087644],[32.029187,26.088226],[32.029593,26.088477],[32.029203,26.08911],[32.029275,26.089186],[32.029119,26.089536],[32.029543,26.089985],[32.029218,26.090293],[32.028932,26.090206],[32.028341,26.090481],[32.028736,26.090785],[32.028385,26.090977],[32.028783,26.091451],[32.029413,26.091132],[32.030115,26.092193],[32.029304,26.093086],[32.029536,26.093332],[32.030296,26.092435],[32.03065,26.092811],[32.030169,26.093173],[32.030699,26.093687],[32.030354,26.094197],[32.030878,26.094552],[32.03128,26.094342],[32.031816,26.094584],[32.032251,26.094143],[32.032513,26.094434],[32.034232,26.092885],[32.03552,26.093603]]],[[[32.085339,26.075685],[32.087666,26.074186],[32.089437,26.07286],[32.093314,26.06966],[32.092634,26.069158],[32.093514,26.06877],[32.093623,26.068959],[32.093792,26.068908],[32.093709,26.068778],[32.09388,26.068704],[32.093855,26.068562],[32.093996,26.068526],[32.09413,26.068683],[32.094098,26.068485],[32.094235,26.068444],[32.094485,26.068688],[32.094547,26.068623],[32.094325,26.068355],[32.095098,26.067844],[32.095282,26.06803],[32.095491,26.067985],[32.095327,26.067776],[32.095921,26.067346],[32.095672,26.067143],[32.094023,26.068182],[32.093501,26.067787],[32.092969,26.06816],[32.092206,26.067324],[32.09194,26.067459],[32.091376,26.066391],[32.089922,26.065271],[32.089255,26.064519],[32.087757,26.065006],[32.087655,26.064898],[32.086665,26.064949],[32.086399,26.064485],[32.086069,26.064589],[32.086114,26.064719],[32.085749,26.064774],[32.085116,26.065102],[32.08554,26.065565],[32.085099,26.065933],[32.083467,26.064016],[32.083749,26.063813],[32.083864,26.06398],[32.084555,26.063569],[32.084952,26.063044],[32.083791,26.061638],[32.083527,26.061729],[32.082886,26.060082],[32.082564,26.06043],[32.082319,26.060017],[32.082152,26.060047],[32.082141,26.060253],[32.08193,26.060341],[32.081743,26.060057],[32.081645,26.060126],[32.081743,26.060426],[32.081312,26.060687],[32.08111,26.060386],[32.08077,26.060517],[32.081146,26.061497],[32.080871,26.061628],[32.081,26.061915],[32.080668,26.062076],[32.08023,26.061523],[32.079586,26.061863],[32.079988,26.0625],[32.079702,26.062677],[32.080016,26.063213],[32.078807,26.064158],[32.078648,26.06409],[32.078455,26.064477],[32.079369,26.065189],[32.07884,26.065571],[32.078603,26.065379],[32.077785,26.066023],[32.077853,26.066074],[32.077631,26.066368],[32.077331,26.066142],[32.077659,26.065667],[32.077517,26.065543],[32.077732,26.065379],[32.076828,26.064932],[32.076534,26.065362],[32.076036,26.06539],[32.076138,26.065639],[32.075284,26.065633],[32.074107,26.065828],[32.075711,26.067027],[32.075913,26.066794],[32.076686,26.067288],[32.07663,26.067366],[32.076836,26.067515],[32.076554,26.067772],[32.076901,26.068078],[32.076757,26.0683],[32.076974,26.068441],[32.077198,26.068322],[32.078208,26.068977],[32.07841,26.068832],[32.078834,26.069172],[32.079452,26.068711],[32.080661,26.069411],[32.081121,26.070319],[32.079449,26.071546],[32.079571,26.071975],[32.0792,26.072196],[32.079981,26.073507],[32.079999,26.073366],[32.081099,26.074563],[32.082223,26.073501],[32.081922,26.073084],[32.082202,26.072881],[32.082464,26.073188],[32.082322,26.073359],[32.083066,26.073979],[32.083187,26.073887],[32.083534,26.074343],[32.083154,26.074516],[32.083288,26.074672],[32.08281,26.074933],[32.08344,26.075837],[32.084537,26.0753],[32.084645,26.075461],[32.084968,26.075244],[32.085339,26.075685]]],[[[32.007818,26.115005],[32.007922,26.114837],[32.007199,26.114308],[32.007248,26.114223],[32.007375,26.114295],[32.008185,26.112871],[32.008663,26.113219],[32.009423,26.111538],[32.01166,26.109592],[32.01904,26.104785],[32.020084,26.104178],[32.02025,26.104192],[32.023323,26.101879],[32.026641,26.100292],[32.026458,26.100099],[32.026741,26.099748],[32.026739,26.099357],[32.027001,26.098632],[32.026737,26.098472],[32.026567,26.097767],[32.026379,26.097487],[32.026271,26.09756],[32.02643,26.097906],[32.026283,26.097973],[32.025847,26.097634],[32.026039,26.097413],[32.025593,26.097114],[32.025429,26.09721],[32.024892,26.096752],[32.02462,26.097119],[32.024394,26.096916],[32.023774,26.097543],[32.023467,26.096978],[32.022907,26.096935],[32.022398,26.096571],[32.022257,26.096774],[32.022907,26.097402],[32.022811,26.097509],[32.023122,26.098024],[32.022369,26.099243],[32.019617,26.097312],[32.019436,26.097425],[32.019006,26.097215],[32.018904,26.097351],[32.018648,26.097126],[32.018286,26.097421],[32.019571,26.098489],[32.018402,26.099408],[32.018862,26.099675],[32.019637,26.100467],[32.019322,26.100704],[32.019502,26.100873],[32.019209,26.100938],[32.018359,26.10189],[32.017447,26.102516],[32.015562,26.100685],[32.015211,26.099592],[32.015453,26.0994],[32.015314,26.099098],[32.015037,26.099307],[32.01444,26.098741],[32.01411,26.099279],[32.013772,26.099072],[32.013355,26.099516],[32.013505,26.099658],[32.013149,26.100037],[32.013454,26.10041],[32.012617,26.1008],[32.012199,26.100138],[32.011631,26.100648],[32.011505,26.100531],[32.011215,26.100845],[32.010503,26.100189],[32.010073,26.100421],[32.01091,26.101105],[32.009718,26.101929],[32.009395,26.101721],[32.009068,26.102231],[32.007868,26.103231],[32.004696,26.106783],[32.003639,26.10774],[32.004148,26.108303],[32.00177,26.11074],[32.002022,26.11105],[32.002746,26.110462],[32.003541,26.111016],[32.003664,26.110835],[32.005083,26.111823],[32.005535,26.111903],[32.007325,26.112627],[32.007392,26.112528],[32.007635,26.112693],[32.007721,26.112878],[32.007448,26.113309],[32.007181,26.113221],[32.006975,26.113527],[32.007302,26.113666],[32.007047,26.114008],[32.007214,26.114119],[32.007116,26.114212],[32.006836,26.114031],[32.006563,26.114263],[32.006267,26.114166],[32.006657,26.114577],[32.006292,26.114849],[32.006387,26.114976],[32.006203,26.115274],[32.006751,26.115553],[32.006908,26.115027],[32.007146,26.115168],[32.007255,26.114984],[32.006857,26.114749],[32.006993,26.114518],[32.007818,26.115005]]],[[[32.079999,26.073366],[32.077551,26.074425],[32.077246,26.073775],[32.075861,26.074278],[32.074935,26.072396],[32.074321,26.072627],[32.074045,26.072185],[32.073712,26.072372],[32.073828,26.072629],[32.073592,26.072787],[32.073669,26.072924],[32.073346,26.073134],[32.073457,26.073554],[32.073168,26.07366],[32.073013,26.073303],[32.072709,26.073401],[32.072773,26.073574],[32.071389,26.074071],[32.071095,26.073618],[32.070356,26.073818],[32.070088,26.073401],[32.069896,26.073511],[32.070028,26.073686],[32.0694,26.073892],[32.06871,26.072831],[32.068513,26.072949],[32.068833,26.07357],[32.067522,26.074198],[32.067262,26.073909],[32.067088,26.074046],[32.066529,26.073144],[32.066281,26.073255],[32.066022,26.072898],[32.06591,26.072986],[32.066218,26.073371],[32.065845,26.073472],[32.065984,26.073741],[32.065769,26.073875],[32.065628,26.073697],[32.065401,26.073841],[32.065637,26.074269],[32.065469,26.074398],[32.065685,26.07473],[32.065537,26.074843],[32.065616,26.075092],[32.065469,26.075222],[32.064972,26.074719],[32.064553,26.074922],[32.063451,26.073973],[32.062377,26.074421],[32.062642,26.075041],[32.062247,26.075308],[32.061963,26.074934],[32.061704,26.074934],[32.061195,26.07412],[32.059857,26.074107],[32.059663,26.073673],[32.058956,26.073933],[32.058882,26.073779],[32.058683,26.073883],[32.058731,26.074059],[32.058405,26.074103],[32.058643,26.074629],[32.058024,26.075041],[32.057756,26.074947],[32.057449,26.074574],[32.055594,26.075526],[32.055241,26.075889],[32.055739,26.076189],[32.055852,26.076042],[32.056066,26.076189],[32.055643,26.076581],[32.056191,26.077173],[32.055999,26.077382],[32.056061,26.077625],[32.05588,26.077642],[32.055662,26.077353],[32.055179,26.0778],[32.053466,26.076245],[32.052025,26.077285],[32.052362,26.077726],[32.052216,26.077864],[32.052408,26.078135],[32.052145,26.078255],[32.051865,26.077954],[32.051717,26.078091],[32.051806,26.078659],[32.051243,26.078978],[32.051118,26.078756],[32.051256,26.0787],[32.051138,26.078414],[32.049969,26.078812],[32.050071,26.079141],[32.049756,26.079122],[32.04965,26.079608],[32.050302,26.079901],[32.049268,26.08086],[32.049344,26.081023],[32.049079,26.081147],[32.048458,26.08032],[32.048342,26.080426],[32.048225,26.080299],[32.047948,26.080554],[32.047558,26.080627],[32.047326,26.080392],[32.04739,26.080082],[32.047211,26.079979],[32.047296,26.079832],[32.04697,26.079643],[32.046814,26.080499],[32.046552,26.080499],[32.046004,26.080849],[32.045878,26.080712],[32.044641,26.081854],[32.044341,26.081667],[32.044086,26.081944],[32.044139,26.082079],[32.04395,26.082313],[32.044109,26.082442],[32.043917,26.082679],[32.044183,26.082894],[32.044041,26.082951],[32.043391,26.08277],[32.043691,26.082425],[32.043403,26.082247],[32.043108,26.082511],[32.043315,26.082741],[32.043123,26.083177],[32.042844,26.082898],[32.042684,26.083058],[32.042893,26.083267],[32.042707,26.083341],[32.042475,26.083132],[32.042232,26.083286],[32.042388,26.083436],[32.042284,26.083543],[32.042365,26.083621],[32.042595,26.083439],[32.042993,26.083942],[32.04343,26.083597],[32.043813,26.083743],[32.043854,26.08366],[32.04418,26.083822],[32.044028,26.084029],[32.044879,26.084653],[32.045349,26.084257],[32.045732,26.084713],[32.045349,26.084919],[32.045667,26.085145],[32.045805,26.085024],[32.04613,26.085393],[32.046438,26.085191],[32.047227,26.085831],[32.04802,26.086788],[32.049503,26.086112],[32.0547,26.085034],[32.058999,26.084291],[32.059513,26.084299],[32.060988,26.083973],[32.061575,26.083682],[32.063613,26.083083],[32.065718,26.082265],[32.067292,26.081519],[32.073652,26.079641],[32.0748,26.079522],[32.076661,26.079681],[32.077849,26.079579],[32.081457,26.078405],[32.083084,26.077413],[32.085339,26.075685],[32.084968,26.075244],[32.084645,26.075461],[32.084537,26.0753],[32.08344,26.075837],[32.08281,26.074933],[32.083288,26.074672],[32.083154,26.074516],[32.083534,26.074343],[32.083187,26.073887],[32.083066,26.073979],[32.082322,26.073359],[32.082464,26.073188],[32.082202,26.072881],[32.081922,26.073084],[32.082223,26.073501],[32.081099,26.074563],[32.079999,26.073366]]],[[[32.113091,26.047063],[32.112094,26.046458],[32.112383,26.046033],[32.113502,26.04504],[32.112811,26.044266],[32.113115,26.043932],[32.112971,26.0438],[32.112699,26.044077],[32.112399,26.043874],[32.113737,26.042631],[32.113317,26.042294],[32.112916,26.042643],[32.112312,26.042137],[32.112088,26.042467],[32.111838,26.042298],[32.111412,26.042592],[32.11106,26.0423],[32.110544,26.041552],[32.109928,26.042026],[32.109187,26.042332],[32.109075,26.042219],[32.108632,26.042536],[32.10802,26.042071],[32.107096,26.042767],[32.105977,26.0414],[32.105367,26.040898],[32.105734,26.040527],[32.105289,26.040153],[32.105174,26.040264],[32.105359,26.040437],[32.105164,26.040696],[32.105267,26.040846],[32.105025,26.041012],[32.1051,26.04112],[32.104931,26.04126],[32.103807,26.040198],[32.10356,26.040391],[32.104316,26.04128],[32.103783,26.041647],[32.103354,26.04122],[32.103201,26.041325],[32.102785,26.040896],[32.103046,26.04068],[32.102695,26.040321],[32.102508,26.040519],[32.102342,26.040356],[32.102421,26.040219],[32.101814,26.03942],[32.100753,26.040263],[32.101162,26.040648],[32.101849,26.040124],[32.102111,26.040387],[32.101434,26.041071],[32.10186,26.041688],[32.102547,26.041215],[32.10342,26.041818],[32.103354,26.041905],[32.103662,26.04229],[32.103401,26.042424],[32.103939,26.042814],[32.103676,26.043043],[32.103519,26.042952],[32.103486,26.043446],[32.104396,26.044056],[32.104173,26.044356],[32.104484,26.044611],[32.104416,26.04478],[32.1048,26.04505],[32.105071,26.044864],[32.105279,26.045166],[32.10514,26.045261],[32.105369,26.045455],[32.105125,26.045622],[32.105319,26.045904],[32.105566,26.045734],[32.105648,26.045853],[32.107331,26.044858],[32.10765,26.045502],[32.1075,26.045606],[32.107588,26.045733],[32.107788,26.045595],[32.108401,26.046485],[32.107776,26.046962],[32.107549,26.046666],[32.107372,26.046861],[32.107463,26.046979],[32.107261,26.047135],[32.107105,26.047025],[32.106862,26.04723],[32.107232,26.04767],[32.108603,26.046687],[32.111255,26.04929],[32.112551,26.048331],[32.113214,26.047349],[32.113091,26.047063]]],[[[32.123455,26.034913],[32.123745,26.034358],[32.123594,26.033978],[32.124052,26.033545],[32.123497,26.033176],[32.122032,26.033025],[32.121399,26.032452],[32.121061,26.032561],[32.12085,26.032211],[32.119945,26.032621],[32.120752,26.033721],[32.120583,26.033846],[32.120464,26.033683],[32.120342,26.033772],[32.120461,26.033935],[32.120349,26.034231],[32.120578,26.034478],[32.120827,26.034248],[32.121192,26.034641],[32.120567,26.03522],[32.121097,26.035449],[32.121161,26.035302],[32.120997,26.035232],[32.121086,26.035026],[32.121488,26.035334],[32.121557,26.035174],[32.122442,26.03472],[32.122491,26.034816],[32.122658,26.03473],[32.122882,26.034997],[32.122665,26.035262],[32.122801,26.035374],[32.122712,26.035483],[32.122894,26.035787],[32.123388,26.035491],[32.123455,26.034913]]],[[[32.120345,26.035491],[32.119799,26.034771],[32.119512,26.034888],[32.119358,26.03469],[32.119448,26.03462],[32.119285,26.034412],[32.119372,26.034285],[32.119276,26.034151],[32.119376,26.03408],[32.119087,26.033916],[32.119341,26.033734],[32.11927,26.033634],[32.118615,26.034102],[32.11851,26.033996],[32.118358,26.034145],[32.118076,26.034014],[32.11784,26.034521],[32.118838,26.034802],[32.118449,26.035177],[32.118781,26.035522],[32.119312,26.035009],[32.119559,26.035419],[32.120114,26.035739],[32.120345,26.035491]]],[[[32.121266,26.039478],[32.120995,26.039188],[32.12073,26.039267],[32.120458,26.038827],[32.120663,26.0387],[32.120077,26.038159],[32.121285,26.03726],[32.121123,26.036944],[32.121343,26.036674],[32.121617,26.036847],[32.121847,26.036656],[32.121949,26.036747],[32.122107,26.036569],[32.121508,26.036303],[32.121621,26.036226],[32.121211,26.035628],[32.120729,26.035716],[32.120371,26.035572],[32.120175,26.035757],[32.120385,26.035979],[32.119675,26.036736],[32.119826,26.036923],[32.119373,26.03729],[32.119503,26.037451],[32.119224,26.037677],[32.1193,26.037771],[32.119197,26.037952],[32.119737,26.038552],[32.119294,26.038893],[32.119535,26.039206],[32.118938,26.040015],[32.118419,26.041016],[32.117805,26.041533],[32.117979,26.041854],[32.120747,26.039964],[32.121266,26.039478]]],[[[32.115133,26.038894],[32.115527,26.038521],[32.115674,26.038676],[32.116031,26.038338],[32.115271,26.037536],[32.115516,26.037261],[32.115434,26.037144],[32.115754,26.036921],[32.115673,26.036705],[32.11578,26.03659],[32.114988,26.035847],[32.115231,26.035457],[32.115049,26.035143],[32.115204,26.035054],[32.11499,26.034685],[32.114694,26.034856],[32.114979,26.035345],[32.114415,26.035672],[32.114556,26.036134],[32.114156,26.036541],[32.114331,26.036698],[32.114869,26.03638],[32.115066,26.036535],[32.114867,26.036788],[32.114896,26.036919],[32.114464,26.037342],[32.11328,26.036136],[32.113865,26.035562],[32.113744,26.035439],[32.114094,26.035095],[32.113921,26.034919],[32.112897,26.035923],[32.113124,26.036191],[32.112238,26.036945],[32.112598,26.037369],[32.112703,26.037259],[32.113707,26.038214],[32.113963,26.037946],[32.114428,26.038389],[32.114614,26.038242],[32.115133,26.038894]]],[[[32.108441,26.041485],[32.108988,26.041077],[32.10984,26.042071],[32.1117,26.040509],[32.112265,26.039796],[32.11152,26.038916],[32.110918,26.039136],[32.11026,26.03673],[32.109968,26.036822],[32.109694,26.036303],[32.10942,26.036585],[32.109057,26.035987],[32.108455,26.036352],[32.109567,26.038186],[32.108644,26.038947],[32.10821,26.038421],[32.107582,26.039056],[32.107033,26.038646],[32.106492,26.039257],[32.10672,26.039611],[32.107298,26.039157],[32.10776,26.039696],[32.10683,26.040495],[32.106321,26.039981],[32.106027,26.040254],[32.106889,26.040937],[32.106615,26.041151],[32.107003,26.041516],[32.107188,26.04132],[32.10802,26.042071],[32.108567,26.041649],[32.108441,26.041485]],[[32.108232,26.040993],[32.107876,26.041326],[32.107696,26.040894],[32.108471,26.040333],[32.108537,26.040433],[32.108736,26.040124],[32.10915,26.040425],[32.108887,26.040595],[32.108985,26.040746],[32.108791,26.040819],[32.108742,26.040689],[32.108648,26.040911],[32.108358,26.041121],[32.108232,26.040993]],[[32.109864,26.04051],[32.109347,26.039912],[32.109046,26.040136],[32.108776,26.039939],[32.10916,26.039546],[32.109336,26.039763],[32.109625,26.03953],[32.109851,26.039809],[32.110199,26.039609],[32.110493,26.04012],[32.109864,26.04051]],[[32.107821,26.039915],[32.108116,26.040128],[32.107923,26.040248],[32.108019,26.040403],[32.107448,26.040819],[32.107158,26.040479],[32.107821,26.039915]]],[[[32.098345,26.066119],[32.099523,26.064923],[32.099084,26.064673],[32.099165,26.064532],[32.098801,26.064324],[32.098955,26.064056],[32.098415,26.063782],[32.098536,26.063269],[32.098831,26.063429],[32.098952,26.063299],[32.098608,26.06298],[32.097909,26.062626],[32.097388,26.063467],[32.097215,26.06336],[32.097028,26.063661],[32.097047,26.063872],[32.096787,26.06418],[32.096037,26.064743],[32.096941,26.066365],[32.098017,26.065766],[32.098345,26.066119]]],[[[32.180896,26.001788],[32.181584,26.001624],[32.186629,26.001834],[32.18632,26.00096],[32.186783,26.000709],[32.186486,26.000169],[32.185957,25.999296],[32.185505,25.999416],[32.184298,25.997919],[32.184396,25.997709],[32.185035,25.997281],[32.18571,25.998692],[32.186561,25.998354],[32.186255,25.997691],[32.186675,25.997388],[32.186368,25.997034],[32.185903,25.997251],[32.185523,25.996919],[32.185915,25.996678],[32.187327,25.996503],[32.187725,25.996207],[32.187278,25.995731],[32.186983,25.995942],[32.186874,25.995809],[32.187116,25.995659],[32.187079,25.995363],[32.187737,25.995387],[32.188056,25.995833],[32.188267,25.995683],[32.189226,25.995429],[32.189106,25.995208],[32.189269,25.995068],[32.189088,25.994676],[32.188696,25.99485],[32.188084,25.99403],[32.188424,25.993735],[32.188672,25.993892],[32.189304,25.993501],[32.18907,25.993144],[32.188786,25.993204],[32.188635,25.992902],[32.188056,25.993294],[32.187875,25.992981],[32.18741,25.993229],[32.187085,25.992951],[32.186573,25.993572],[32.186651,25.993783],[32.18711,25.993506],[32.187278,25.993729],[32.187729,25.993459],[32.18792,25.993841],[32.186247,25.995061],[32.185493,25.99546],[32.18529,25.995171],[32.18585,25.994685],[32.185201,25.994149],[32.185337,25.994078],[32.184981,25.993548],[32.184812,25.993626],[32.184584,25.99324],[32.183955,25.993469],[32.184269,25.993994],[32.18452,25.99389],[32.184661,25.994277],[32.184354,25.994459],[32.184215,25.994078],[32.183959,25.994236],[32.18413,25.994706],[32.18366,25.995025],[32.18399,25.995596],[32.18372,25.995695],[32.184293,25.99671],[32.183919,25.996847],[32.183684,25.996503],[32.183401,25.996714],[32.182985,25.996328],[32.182611,25.996648],[32.183009,25.997323],[32.18287,25.99748],[32.183198,25.997749],[32.183473,25.997649],[32.183781,25.998179],[32.182972,25.998475],[32.182376,25.997861],[32.18131,25.998597],[32.181758,25.999246],[32.18148,25.99942],[32.181303,25.999327],[32.180975,25.99952],[32.181337,25.999976],[32.181191,26.000312],[32.180291,26.000833],[32.180295,26.00106],[32.180681,26.001238],[32.180832,26.001458],[32.180896,26.001788]]],[[[32.21503,25.998542],[32.21519,25.998096],[32.215069,25.997239],[32.214413,25.99564],[32.215069,25.993547],[32.21443,25.993489],[32.214299,25.992967],[32.21434,25.992299],[32.214039,25.991597],[32.213234,25.991942],[32.213096,25.991729],[32.212751,25.991862],[32.21236,25.991154],[32.212182,25.990407],[32.211854,25.990056],[32.211766,25.989182],[32.210755,25.989178],[32.210655,25.988829],[32.21028,25.988878],[32.210185,25.988594],[32.209884,25.988694],[32.209791,25.98835],[32.209312,25.988329],[32.20926,25.988056],[32.207954,25.988302],[32.208157,25.989085],[32.20718,25.989338],[32.206921,25.988524],[32.207397,25.988379],[32.20715,25.987855],[32.206685,25.987985],[32.206794,25.988361],[32.206303,25.988504],[32.20328,25.988736],[32.202975,25.987988],[32.202095,25.988188],[32.203808,25.991612],[32.204434,25.993163],[32.204638,25.99391],[32.204028,25.994186],[32.204434,25.995082],[32.204105,25.995178],[32.203577,25.994078],[32.203322,25.994144],[32.20318,25.993853],[32.202808,25.993982],[32.202651,25.99353],[32.20247,25.993632],[32.201666,25.992916],[32.201547,25.993145],[32.201315,25.993256],[32.201076,25.992758],[32.200874,25.992792],[32.200566,25.99221],[32.20005,25.992483],[32.199947,25.992323],[32.199578,25.992558],[32.199389,25.99226],[32.198741,25.992534],[32.199011,25.993013],[32.198339,25.993306],[32.197854,25.9927],[32.197672,25.992789],[32.197928,25.993317],[32.198003,25.993264],[32.198285,25.993661],[32.197984,25.993796],[32.19787,25.993661],[32.197679,25.993741],[32.197616,25.993592],[32.197101,25.993807],[32.197371,25.994451],[32.197046,25.994588],[32.197233,25.995034],[32.197567,25.996861],[32.198222,25.996611],[32.198481,25.997289],[32.198216,25.99739],[32.19835,25.997743],[32.198077,25.997906],[32.198135,25.998004],[32.197308,25.998446],[32.197451,25.99866],[32.197259,25.998788],[32.197651,25.999373],[32.198035,25.999266],[32.197838,25.998891],[32.19861,25.998487],[32.198831,25.998846],[32.198497,25.99895],[32.198613,25.999324],[32.19921,25.999138],[32.199188,25.998938],[32.199366,25.998918],[32.199725,25.999351],[32.199818,25.999304],[32.200057,25.999779],[32.200512,25.999671],[32.200076,25.999088],[32.200551,25.999088],[32.200689,25.999797],[32.205397,25.99922],[32.210616,25.998931],[32.21503,25.998542]]],[[[32.220861,25.996872],[32.220835,25.996597],[32.22062,25.996617],[32.220581,25.996217],[32.220999,25.996146],[32.220947,25.995842],[32.221844,25.995876],[32.221326,25.993944],[32.223265,25.993654],[32.223236,25.993259],[32.222764,25.993294],[32.222551,25.992437],[32.221407,25.992471],[32.221364,25.992673],[32.221171,25.992713],[32.22128,25.993248],[32.219303,25.993265],[32.21929,25.993453],[32.218911,25.993426],[32.218873,25.993957],[32.217989,25.9941],[32.217891,25.993493],[32.217153,25.993612],[32.217208,25.993955],[32.216639,25.994047],[32.216633,25.994352],[32.215983,25.994473],[32.215868,25.994145],[32.214866,25.994141],[32.214413,25.99564],[32.215069,25.997239],[32.21519,25.998096],[32.21503,25.998542],[32.21605,25.998367],[32.216243,25.998242],[32.219405,25.99774],[32.220765,25.997748],[32.220602,25.996897],[32.220861,25.996872]]],[[[31.985062,26.140943],[31.985389,26.140454],[31.985751,26.140404],[31.985692,26.140326],[31.985892,26.140194],[31.986305,26.140455],[31.986451,26.140315],[31.986125,26.140014],[31.986215,26.139758],[31.98606,26.139675],[31.986119,26.139586],[31.986395,26.139753],[31.986491,26.139604],[31.98622,26.139435],[31.986343,26.139428],[31.986611,26.139027],[31.986957,26.139236],[31.987031,26.139155],[31.986739,26.138953],[31.986863,26.138797],[31.987236,26.139023],[31.987398,26.138802],[31.987247,26.138574],[31.988062,26.137617],[31.988286,26.13778],[31.988615,26.137389],[31.989217,26.137791],[31.989385,26.137555],[31.988998,26.137299],[31.98915,26.137107],[31.989076,26.137055],[31.989261,26.136888],[31.989436,26.136903],[31.989342,26.13663],[31.98979,26.136141],[31.989677,26.136056],[31.989771,26.135948],[31.989918,26.136052],[31.990141,26.135807],[31.989741,26.135517],[31.989643,26.135653],[31.988644,26.134625],[31.988991,26.134248],[31.990082,26.134897],[31.991468,26.133318],[31.991925,26.133593],[31.992015,26.133453],[31.992195,26.133579],[31.992362,26.133465],[31.992183,26.133301],[31.992508,26.132828],[31.992431,26.132727],[31.99256,26.132539],[31.99288,26.132575],[31.992695,26.132471],[31.992898,26.131552],[31.994348,26.130239],[31.994479,26.130296],[31.99483,26.129899],[31.994803,26.1297],[31.995471,26.129016],[31.994925,26.12863],[31.994549,26.12773],[31.99501,26.127376],[31.994716,26.127102],[31.995032,26.126775],[31.991301,26.123452],[31.990749,26.123927],[31.989864,26.125228],[31.989403,26.124877],[31.989038,26.125593],[31.988788,26.125483],[31.987568,26.126947],[31.987937,26.127186],[31.987707,26.127396],[31.987998,26.12767],[31.987615,26.127389],[31.987177,26.12787],[31.987679,26.128551],[31.986939,26.129097],[31.986676,26.12893],[31.986474,26.128513],[31.986149,26.128785],[31.986141,26.128946],[31.985819,26.129137],[31.985978,26.129403],[31.984519,26.130603],[31.984779,26.131416],[31.98352,26.132253],[31.983776,26.132793],[31.983949,26.132562],[31.984467,26.132948],[31.984761,26.132808],[31.986223,26.133849],[31.986095,26.134131],[31.986285,26.134345],[31.986008,26.134591],[31.985407,26.134336],[31.984945,26.134859],[31.984717,26.135636],[31.983505,26.137147],[31.982139,26.136444],[31.982144,26.136281],[31.981867,26.13605],[31.982127,26.135488],[31.981841,26.135355],[31.982113,26.134766],[31.98206,26.13446],[31.981832,26.134398],[31.981996,26.133795],[31.981741,26.133674],[31.981314,26.134278],[31.981094,26.13414],[31.981002,26.134241],[31.981058,26.134416],[31.980721,26.135023],[31.980544,26.134974],[31.979487,26.136408],[31.982118,26.137829],[31.982019,26.137973],[31.981888,26.137883],[31.981667,26.138206],[31.979711,26.136866],[31.979511,26.137296],[31.98053,26.137914],[31.980407,26.138117],[31.980154,26.137963],[31.98008,26.138086],[31.980168,26.13835],[31.980752,26.138723],[31.98058,26.138921],[31.979972,26.138612],[31.979874,26.138763],[31.980712,26.13931],[31.98063,26.139437],[31.979791,26.13889],[31.979595,26.139191],[31.979735,26.139282],[31.979461,26.139702],[31.979265,26.139664],[31.979162,26.139834],[31.979644,26.140126],[31.97957,26.140295],[31.978657,26.1399],[31.977704,26.141323],[31.976777,26.142368],[31.974142,26.141112],[31.973613,26.142051],[31.973927,26.142267],[31.973637,26.142689],[31.973347,26.143615],[31.975073,26.144761],[31.976303,26.145376],[31.9777,26.145583],[31.978424,26.145517],[31.981081,26.14661],[31.981279,26.146355],[31.981854,26.146553],[31.983612,26.143546],[31.983883,26.143769],[31.983966,26.143598],[31.983742,26.143505],[31.984032,26.142917],[31.984309,26.142961],[31.98444,26.142535],[31.98426,26.142465],[31.984335,26.142118],[31.984734,26.141435],[31.984915,26.141358],[31.985077,26.141463],[31.985235,26.141138],[31.985062,26.140943]],[[31.991869,26.129156],[31.991788,26.128162],[31.992019,26.128008],[31.992319,26.12846],[31.992459,26.129102],[31.992791,26.129552],[31.992062,26.130582],[31.991054,26.129638],[31.991869,26.129156]],[[31.994384,26.129851],[31.993691,26.12929],[31.993319,26.12975],[31.992952,26.129453],[31.993238,26.128828],[31.993012,26.128492],[31.993472,26.128019],[31.993657,26.128198],[31.99387,26.127979],[31.994295,26.128391],[31.994048,26.128856],[31.994645,26.129528],[31.994384,26.129851]]],[[[32.334565,26.01849],[32.334619,26.017547],[32.335241,26.016314],[32.335563,26.01631],[32.3358,26.015577],[32.335294,26.015413],[32.334904,26.01553],[32.333911,26.015209],[32.333354,26.015445],[32.328733,26.013215],[32.329451,26.012047],[32.329387,26.011939],[32.327607,26.010996],[32.327275,26.011178],[32.327081,26.010964],[32.327267,26.010386],[32.32721,26.009656],[32.329044,26.009323],[32.32854,26.007823],[32.325527,26.008584],[32.325141,26.006182],[32.327929,26.005757],[32.327929,26.005024],[32.326226,26.005334],[32.326031,26.004628],[32.325834,26.004759],[32.325698,26.004715],[32.325849,26.005432],[32.324683,26.005425],[32.324883,26.00613],[32.323683,26.006493],[32.323147,26.005046],[32.32245,26.004821],[32.31859,26.005185],[32.315127,26.005753],[32.315192,26.00719],[32.313347,26.008103],[32.311662,26.009123],[32.311868,26.009463],[32.311028,26.009971],[32.309951,26.009806],[32.309985,26.009299],[32.308586,26.009841],[32.308325,26.010479],[32.307707,26.010451],[32.307193,26.011783],[32.306623,26.011858],[32.306616,26.012153],[32.306806,26.012431],[32.307268,26.012386],[32.308499,26.013343],[32.308793,26.013466],[32.308841,26.013255],[32.308929,26.01329],[32.308855,26.013453],[32.310014,26.013883],[32.310039,26.014033],[32.310463,26.01417],[32.311028,26.014238],[32.311061,26.014041],[32.311385,26.0141],[32.311438,26.01399],[32.312874,26.014325],[32.313026,26.014586],[32.313953,26.014594],[32.313924,26.014756],[32.314673,26.014784],[32.314954,26.014849],[32.314989,26.014967],[32.315499,26.015051],[32.315837,26.014933],[32.316513,26.014941],[32.316493,26.015129],[32.316645,26.0152],[32.316728,26.014976],[32.317492,26.015113],[32.318142,26.015354],[32.31892,26.015957],[32.318876,26.016158],[32.319081,26.016261],[32.319078,26.016048],[32.319447,26.016254],[32.319389,26.016452],[32.320066,26.016508],[32.320514,26.016369],[32.321554,26.016483],[32.321453,26.01686],[32.321849,26.016887],[32.322012,26.016589],[32.322885,26.017019],[32.32285,26.017256],[32.324226,26.017541],[32.324185,26.01773],[32.324339,26.017769],[32.324238,26.018217],[32.324031,26.018213],[32.323974,26.018793],[32.32447,26.018793],[32.324441,26.018511],[32.32458,26.01798],[32.32469,26.018007],[32.324738,26.017537],[32.324968,26.01765],[32.325081,26.017497],[32.325603,26.018064],[32.32583,26.018075],[32.325855,26.017713],[32.326113,26.018015],[32.326578,26.017866],[32.326562,26.018209],[32.326697,26.018191],[32.326802,26.018327],[32.327935,26.017484],[32.328194,26.017739],[32.328102,26.017901],[32.328234,26.018037],[32.328168,26.018393],[32.328265,26.018441],[32.328664,26.018108],[32.329165,26.018538],[32.33003,26.018964],[32.330526,26.019052],[32.330596,26.018411],[32.331349,26.018104],[32.333557,26.019112],[32.334203,26.018835],[32.334565,26.01849]]],[[[32.298775,26.008655],[32.297749,26.011102],[32.298262,26.011239],[32.29831,26.010998],[32.298499,26.011007],[32.298533,26.010535],[32.299032,26.010762],[32.299197,26.010679],[32.299329,26.010756],[32.299324,26.010544],[32.29936,26.010647],[32.300032,26.010748],[32.300049,26.010633],[32.300119,26.010835],[32.300594,26.010971],[32.300539,26.011164],[32.301358,26.011336],[32.301393,26.011173],[32.301436,26.01127],[32.301846,26.011357],[32.301907,26.011068],[32.302074,26.011103],[32.3021,26.011245],[32.302492,26.011298],[32.302511,26.011158],[32.302728,26.011187],[32.302702,26.011384],[32.302943,26.011355],[32.302786,26.012595],[32.302935,26.012614],[32.303094,26.011355],[32.303738,26.01156],[32.303826,26.011283],[32.304792,26.011403],[32.304833,26.01127],[32.305152,26.011446],[32.305177,26.011238],[32.305029,26.011112],[32.305674,26.010356],[32.305854,26.01037],[32.306126,26.010095],[32.305606,26.00989],[32.305508,26.010106],[32.305353,26.010064],[32.305207,26.010303],[32.30451,26.01028],[32.304403,26.010514],[32.304049,26.010449],[32.303703,26.010164],[32.303725,26.009849],[32.303619,26.009842],[32.303597,26.010157],[32.303479,26.010137],[32.303439,26.009896],[32.30276,26.010005],[32.302625,26.009799],[32.302636,26.009171],[32.301859,26.009158],[32.301876,26.009017],[32.301499,26.008688],[32.301174,26.008644],[32.301077,26.009206],[32.300915,26.009298],[32.300542,26.009078],[32.299097,26.0095],[32.298775,26.008655]]],[[[32.296393,26.006758],[32.299436,26.007079],[32.299679,26.006533],[32.299858,26.005628],[32.299659,26.003754],[32.298931,26.002938],[32.298485,26.002945],[32.298122,26.004276],[32.296441,26.00418],[32.29656,26.00517],[32.296393,26.006758]]],[[[32.298938,26.000072],[32.298481,25.999945],[32.298292,26.00113],[32.298528,26.001167],[32.298512,26.001262],[32.299479,26.001433],[32.299651,26.000589],[32.29935,26.000506],[32.299396,26.00034],[32.298902,26.000203],[32.298938,26.000072]]],[[[32.273299,26.004398],[32.273915,26.00469],[32.273978,26.004575],[32.27413,26.004641],[32.274628,26.004483],[32.274723,26.004306],[32.275009,26.004355],[32.275194,26.00426],[32.274278,26.003958],[32.274043,26.003774],[32.274043,26.003868],[32.273721,26.003772],[32.274177,26.002464],[32.272717,26.002597],[32.271418,26.002439],[32.27134,26.002312],[32.270385,26.002109],[32.270326,26.002837],[32.270529,26.003011],[32.272926,26.003616],[32.273379,26.003856],[32.273341,26.004027],[32.273685,26.004104],[32.273631,26.004345],[32.273299,26.004398]]],[[[32.292561,26.006278],[32.289732,26.006851],[32.288951,26.00688],[32.288358,26.006818],[32.288341,26.006576],[32.288592,26.006559],[32.288656,26.006093],[32.288365,26.006108],[32.2883,26.006379],[32.287614,26.006349],[32.287598,26.006464],[32.286982,26.006379],[32.28667,26.006211],[32.286204,26.006352],[32.285733,26.006665],[32.285729,26.007037],[32.28601,26.006911],[32.286989,26.007147],[32.286944,26.007328],[32.287235,26.007469],[32.287265,26.007313],[32.287531,26.007469],[32.288087,26.007555],[32.289189,26.008073],[32.29099,26.00846],[32.291179,26.008612],[32.291146,26.008748],[32.29164,26.008592],[32.291649,26.008741],[32.292109,26.008713],[32.292125,26.008569],[32.2924,26.0086],[32.292367,26.008891],[32.292606,26.008872],[32.292671,26.008398],[32.293494,26.008468],[32.293473,26.008709],[32.294201,26.008768],[32.294226,26.009111],[32.294361,26.009173],[32.294389,26.008981],[32.29469,26.009097],[32.294637,26.009558],[32.294977,26.009597],[32.295005,26.009743],[32.29515,26.009745],[32.295147,26.009929],[32.295328,26.009932],[32.29533,26.0098],[32.295542,26.009865],[32.295595,26.00969],[32.295821,26.009759],[32.295809,26.009889],[32.296027,26.009909],[32.295992,26.010295],[32.296133,26.010356],[32.296147,26.010572],[32.296336,26.010559],[32.296341,26.009855],[32.296942,26.009932],[32.296965,26.009845],[32.297595,26.010015],[32.29759,26.010225],[32.297757,26.010229],[32.29781,26.010594],[32.297939,26.010648],[32.299436,26.007079],[32.292561,26.006278]]],[[[32.650667,26.166776],[32.650675,26.166572],[32.650517,26.166591],[32.650564,26.165974],[32.650394,26.166172],[32.650256,26.166137],[32.650234,26.1664],[32.649976,26.166404],[32.649917,26.166947],[32.649772,26.166972],[32.649686,26.16659],[32.649528,26.166612],[32.649491,26.165424],[32.645576,26.167096],[32.647171,26.167366],[32.647161,26.167636],[32.647436,26.167614],[32.64775,26.168022],[32.648918,26.167545],[32.648728,26.168464],[32.64887,26.168918],[32.64924,26.168837],[32.650145,26.16889],[32.65029,26.167841],[32.650597,26.167829],[32.650602,26.167574],[32.650752,26.167588],[32.650694,26.167825],[32.650901,26.167897],[32.651012,26.167603],[32.651293,26.167677],[32.651302,26.167907],[32.651659,26.167878],[32.651597,26.168086],[32.652002,26.168071],[32.651915,26.16921],[32.652016,26.169221],[32.652036,26.169736],[32.651939,26.169741],[32.651944,26.1699],[32.651659,26.16991],[32.651627,26.170018],[32.651843,26.17005],[32.651823,26.17018],[32.650974,26.170247],[32.650467,26.170484],[32.650604,26.169003],[32.649928,26.169027],[32.649933,26.169168],[32.649664,26.169178],[32.64963,26.169267],[32.649897,26.169236],[32.649893,26.169338],[32.650051,26.169344],[32.650143,26.169904],[32.649927,26.169919],[32.649782,26.170206],[32.649717,26.170843],[32.649485,26.170843],[32.649485,26.171115],[32.649596,26.171093],[32.649637,26.171295],[32.650097,26.171284],[32.650093,26.171141],[32.65044,26.171133],[32.650433,26.17087],[32.650648,26.170639],[32.650659,26.171041],[32.650901,26.171034],[32.650934,26.170473],[32.651322,26.170478],[32.65132,26.170651],[32.651796,26.170657],[32.652673,26.170389],[32.652773,26.170601],[32.652951,26.17058],[32.652985,26.170864],[32.653234,26.170788],[32.653259,26.171062],[32.654662,26.170933],[32.658051,26.170139],[32.663043,26.167634],[32.662644,26.166555],[32.664161,26.165803],[32.662639,26.160023],[32.660343,26.160972],[32.660364,26.161439],[32.660707,26.161424],[32.660759,26.162555],[32.66106,26.162666],[32.661049,26.162003],[32.661261,26.161999],[32.661249,26.161309],[32.660889,26.161237],[32.660803,26.160975],[32.661441,26.160671],[32.66149,26.160775],[32.661343,26.160845],[32.66141,26.160986],[32.661649,26.160957],[32.661723,26.161555],[32.661565,26.161574],[32.661545,26.162174],[32.661794,26.163513],[32.661961,26.163492],[32.661803,26.162822],[32.661941,26.162742],[32.662142,26.163034],[32.662301,26.163014],[32.662368,26.163563],[32.662497,26.163547],[32.662552,26.163992],[32.661225,26.164971],[32.656758,26.164409],[32.656105,26.164424],[32.655972,26.163581],[32.655089,26.16369],[32.655148,26.164821],[32.655766,26.164566],[32.6558,26.164694],[32.649929,26.167157],[32.650667,26.166776]]],[[[32.622232,26.150481],[32.62113,26.151017],[32.621185,26.150747],[32.621466,26.150714],[32.621337,26.150447],[32.620818,26.150698],[32.620767,26.150544],[32.620598,26.150601],[32.620441,26.150136],[32.620657,26.150025],[32.620527,26.149771],[32.620345,26.149827],[32.620242,26.149493],[32.620401,26.149401],[32.620262,26.149163],[32.620085,26.149183],[32.620088,26.149681],[32.619705,26.149934],[32.619741,26.150084],[32.620045,26.150151],[32.620235,26.150582],[32.62042,26.150475],[32.620539,26.150779],[32.620345,26.150953],[32.620438,26.151169],[32.620614,26.151162],[32.620843,26.152055],[32.621075,26.15208],[32.621036,26.15196],[32.621589,26.151843],[32.621763,26.151672],[32.621965,26.152035],[32.621951,26.15221],[32.621538,26.152426],[32.621736,26.152863],[32.621416,26.153044],[32.621493,26.153228],[32.621615,26.15318],[32.621731,26.153518],[32.621094,26.153763],[32.621142,26.153899],[32.62143,26.153823],[32.621561,26.154119],[32.621277,26.154211],[32.62136,26.154397],[32.621538,26.154334],[32.621738,26.154717],[32.621506,26.154867],[32.621791,26.154792],[32.622095,26.155571],[32.622395,26.155463],[32.622474,26.155846],[32.622154,26.156028],[32.622178,26.156135],[32.622502,26.156016],[32.622675,26.156392],[32.623013,26.156206],[32.623164,26.156682],[32.622968,26.156779],[32.623083,26.15695],[32.62284,26.157067],[32.622946,26.157206],[32.62307,26.157145],[32.623139,26.157346],[32.622951,26.157456],[32.623218,26.158],[32.62349,26.157843],[32.623576,26.157992],[32.623371,26.158176],[32.623535,26.158469],[32.62346,26.158515],[32.623546,26.158654],[32.623831,26.158525],[32.623945,26.158705],[32.623821,26.158788],[32.623887,26.158907],[32.624193,26.158742],[32.62438,26.159048],[32.624013,26.159256],[32.6242,26.159575],[32.624464,26.159425],[32.624816,26.160061],[32.624899,26.159998],[32.625006,26.160191],[32.624828,26.160317],[32.624875,26.160519],[32.624707,26.160624],[32.624848,26.160905],[32.625168,26.160728],[32.625239,26.160839],[32.624212,26.161637],[32.624358,26.161822],[32.624623,26.16166],[32.624895,26.162079],[32.625211,26.161874],[32.625355,26.162029],[32.625899,26.161644],[32.626447,26.162391],[32.627036,26.161968],[32.627107,26.162079],[32.626897,26.162285],[32.627033,26.162467],[32.626274,26.162983],[32.626345,26.163114],[32.627395,26.162367],[32.627561,26.162506],[32.62721,26.162727],[32.627364,26.162916],[32.627755,26.162656],[32.628256,26.163149],[32.627881,26.163489],[32.627972,26.163584],[32.628214,26.163415],[32.62873,26.163746],[32.62847,26.163947],[32.628695,26.164216],[32.628047,26.164725],[32.628177,26.164867],[32.628845,26.164307],[32.628967,26.164374],[32.629315,26.164077],[32.629824,26.164571],[32.630724,26.165079],[32.629673,26.166133],[32.629433,26.166049],[32.62917,26.166352],[32.628916,26.166131],[32.629199,26.165805],[32.628865,26.165389],[32.628624,26.165582],[32.628331,26.165401],[32.627565,26.165878],[32.62763,26.165929],[32.627433,26.166101],[32.627714,26.166323],[32.627855,26.166227],[32.628649,26.166925],[32.629112,26.167167],[32.628995,26.167269],[32.629081,26.167384],[32.630309,26.168047],[32.630471,26.167789],[32.63058,26.167911],[32.631543,26.167047],[32.63207,26.167367],[32.633109,26.166594],[32.63324,26.166769],[32.632493,26.167325],[32.632641,26.167466],[32.632567,26.167565],[32.632955,26.16783],[32.633024,26.167689],[32.633418,26.167881],[32.634307,26.167103],[32.634653,26.167207],[32.635066,26.166634],[32.634974,26.16651],[32.634437,26.166909],[32.633521,26.166202],[32.63377,26.166021],[32.633932,26.166115],[32.63424,26.165961],[32.634019,26.165618],[32.633525,26.16595],[32.633176,26.165613],[32.632682,26.165912],[32.632589,26.165757],[32.632351,26.165901],[32.632273,26.165772],[32.632423,26.165681],[32.632186,26.165448],[32.632004,26.165563],[32.631266,26.165089],[32.631523,26.164907],[32.631309,26.164694],[32.630756,26.165033],[32.630445,26.164756],[32.630584,26.164669],[32.630523,26.16457],[32.63148,26.163975],[32.631412,26.163867],[32.631599,26.163751],[32.631525,26.163633],[32.630243,26.164431],[32.629889,26.163862],[32.629672,26.163997],[32.629212,26.163872],[32.629793,26.163485],[32.629695,26.163285],[32.629991,26.162995],[32.629824,26.162826],[32.630025,26.162629],[32.63106,26.163548],[32.632042,26.162909],[32.630075,26.160369],[32.629846,26.16057],[32.630041,26.160794],[32.629749,26.161048],[32.630104,26.161324],[32.630445,26.161094],[32.630673,26.161431],[32.629655,26.16212],[32.629731,26.162189],[32.629525,26.162418],[32.629748,26.162619],[32.629167,26.16298],[32.628799,26.162808],[32.628471,26.163186],[32.628082,26.162849],[32.628264,26.16264],[32.627968,26.162284],[32.627802,26.162423],[32.627668,26.162344],[32.627913,26.162122],[32.627714,26.161967],[32.627885,26.16181],[32.627628,26.16153],[32.627285,26.161763],[32.627517,26.161408],[32.627396,26.161285],[32.627166,26.16151],[32.626953,26.161293],[32.627735,26.160736],[32.627537,26.160495],[32.626612,26.161071],[32.626156,26.160524],[32.626395,26.160324],[32.626254,26.160155],[32.626393,26.160039],[32.626364,26.159725],[32.6258,26.159994],[32.625547,26.159658],[32.626012,26.159308],[32.625879,26.159058],[32.625559,26.159227],[32.625075,26.158742],[32.624959,26.158815],[32.624704,26.15841],[32.624527,26.158521],[32.624465,26.158422],[32.624773,26.158115],[32.624686,26.157979],[32.624176,26.158307],[32.623888,26.157707],[32.624275,26.157422],[32.623828,26.156684],[32.623476,26.156802],[32.623381,26.156519],[32.623252,26.156563],[32.623036,26.155919],[32.623319,26.155678],[32.623036,26.154854],[32.623525,26.15488],[32.623133,26.15368],[32.622768,26.15385],[32.622607,26.153657],[32.622255,26.153818],[32.622208,26.153716],[32.62371,26.152913],[32.624405,26.15403],[32.624803,26.153773],[32.622232,26.150481]]],[[[32.633555,26.168106],[32.633075,26.168645],[32.632904,26.168574],[32.632422,26.169116],[32.632657,26.169222],[32.632586,26.169379],[32.632931,26.169534],[32.633189,26.169276],[32.633455,26.169384],[32.63324,26.169734],[32.633461,26.169869],[32.633697,26.169483],[32.633846,26.169575],[32.633725,26.169977],[32.633856,26.170017],[32.634125,26.169632],[32.634796,26.169894],[32.634542,26.170327],[32.637076,26.171088],[32.637833,26.17015],[32.638044,26.170195],[32.63816,26.169998],[32.63683,26.169725],[32.634222,26.168407],[32.633673,26.16896],[32.633218,26.168626],[32.633709,26.168175],[32.633555,26.168106]]],[[[32.643138,26.167978],[32.642805,26.168934],[32.642594,26.168861],[32.642474,26.169207],[32.642352,26.169165],[32.6424,26.169027],[32.642213,26.168962],[32.642247,26.168864],[32.641969,26.168768],[32.641747,26.16926],[32.641365,26.169209],[32.641537,26.168814],[32.641215,26.168613],[32.641008,26.168944],[32.640928,26.168894],[32.641082,26.168562],[32.640817,26.168438],[32.640739,26.168606],[32.640542,26.168403],[32.6402,26.16881],[32.640036,26.168673],[32.639887,26.168917],[32.639674,26.168787],[32.639619,26.168878],[32.63946,26.168781],[32.639417,26.168852],[32.639232,26.168692],[32.638865,26.169202],[32.639099,26.169371],[32.63883,26.169744],[32.638991,26.169805],[32.638812,26.17002],[32.642624,26.170654],[32.643409,26.170566],[32.644109,26.170165],[32.643555,26.169989],[32.643633,26.169745],[32.643234,26.169513],[32.643321,26.169364],[32.642986,26.169168],[32.643371,26.168313],[32.644498,26.168677],[32.644708,26.168026],[32.644897,26.16803],[32.644901,26.167798],[32.645055,26.167801],[32.645222,26.167357],[32.645518,26.167254],[32.645417,26.167167],[32.643788,26.167867],[32.643138,26.167978]]],[[[32.63675,26.169551],[32.638126,26.169901],[32.638035,26.169719],[32.638228,26.169324],[32.638451,26.16935],[32.638747,26.168939],[32.638082,26.168682],[32.637735,26.169333],[32.63747,26.169192],[32.637548,26.169045],[32.637118,26.168922],[32.63675,26.169551]]],[[[32.635613,26.168948],[32.636267,26.169288],[32.636544,26.169012],[32.636416,26.168716],[32.636544,26.168519],[32.636438,26.16845],[32.636085,26.16884],[32.635847,26.168805],[32.635613,26.168948]]],[[[32.637633,26.168456],[32.63734,26.168168],[32.636986,26.168675],[32.637282,26.168895],[32.637633,26.168456]]],[[[32.644967,26.169758],[32.644418,26.170081],[32.644185,26.170807],[32.644374,26.1709],[32.644429,26.170713],[32.644615,26.170817],[32.64481,26.170341],[32.644463,26.171502],[32.644618,26.171549],[32.644965,26.170387],[32.645107,26.170559],[32.645313,26.170531],[32.645198,26.171235],[32.645485,26.171282],[32.645534,26.170977],[32.645936,26.171043],[32.645895,26.171291],[32.646529,26.171527],[32.646645,26.171034],[32.646856,26.171005],[32.646829,26.17118],[32.647632,26.171303],[32.64765,26.171064],[32.648366,26.171117],[32.648343,26.171428],[32.648779,26.17146],[32.648829,26.170782],[32.647434,26.170679],[32.64741,26.170197],[32.647245,26.170623],[32.647134,26.170623],[32.647055,26.170137],[32.64702,26.170533],[32.646801,26.170513],[32.646788,26.170662],[32.646684,26.170653],[32.646764,26.169749],[32.646619,26.169708],[32.64638,26.170566],[32.646101,26.170488],[32.64626,26.169916],[32.645976,26.169838],[32.645882,26.170178],[32.645765,26.170146],[32.645732,26.170473],[32.644961,26.170259],[32.644967,26.169758]]],[[[32.475334,26.093999],[32.475037,26.094531],[32.475367,26.094717],[32.475353,26.095121],[32.475247,26.095118],[32.474994,26.09564],[32.474878,26.095584],[32.474795,26.095756],[32.475062,26.095978],[32.474781,26.096917],[32.474255,26.096793],[32.474174,26.097032],[32.473921,26.096947],[32.474126,26.096337],[32.473092,26.095919],[32.472451,26.097063],[32.476543,26.098388],[32.476569,26.098042],[32.47684,26.098122],[32.476918,26.097859],[32.477295,26.097971],[32.477196,26.098307],[32.477586,26.098335],[32.477657,26.098015],[32.478364,26.098086],[32.478192,26.098746],[32.478447,26.098796],[32.478706,26.098122],[32.480198,26.098326],[32.480173,26.09851],[32.480389,26.098624],[32.480454,26.098501],[32.480578,26.098566],[32.480239,26.09921],[32.482239,26.099773],[32.482299,26.099135],[32.484498,26.099534],[32.484604,26.098717],[32.484696,26.098729],[32.484643,26.099132],[32.484827,26.099046],[32.485435,26.09909],[32.485555,26.098957],[32.48607,26.099073],[32.486338,26.097879],[32.485519,26.097758],[32.485569,26.097422],[32.485443,26.097746],[32.485248,26.097682],[32.485141,26.098009],[32.483725,26.097433],[32.483858,26.096914],[32.483585,26.096844],[32.483556,26.096727],[32.483378,26.096696],[32.483317,26.097045],[32.483257,26.096675],[32.483233,26.096807],[32.48245,26.096678],[32.482414,26.0969],[32.48161,26.096768],[32.481649,26.09653],[32.481277,26.096416],[32.481158,26.096576],[32.480971,26.096541],[32.48097,26.096435],[32.480749,26.096367],[32.480781,26.096265],[32.480475,26.096171],[32.480511,26.096055],[32.479695,26.095805],[32.479598,26.095959],[32.47838,26.095423],[32.478145,26.095203],[32.478221,26.095066],[32.477878,26.094925],[32.477819,26.095068],[32.477704,26.09501],[32.47765,26.095101],[32.477088,26.094767],[32.477579,26.093455],[32.477815,26.093543],[32.478011,26.093159],[32.47605,26.092156],[32.475962,26.091705],[32.47629,26.091579],[32.47625,26.091311],[32.475885,26.091309],[32.475815,26.091008],[32.47531,26.090891],[32.475264,26.091033],[32.475643,26.091245],[32.475153,26.092241],[32.47534,26.092299],[32.475237,26.092499],[32.475512,26.092622],[32.475386,26.093596],[32.475968,26.093893],[32.475794,26.094234],[32.475334,26.093999]]],[[[32.46732,26.094364],[32.471197,26.095908],[32.471336,26.095589],[32.471213,26.095272],[32.470967,26.095327],[32.471088,26.095029],[32.471361,26.095106],[32.471466,26.094462],[32.470954,26.094289],[32.471002,26.094145],[32.470209,26.093808],[32.470238,26.09367],[32.469976,26.093441],[32.47004,26.093299],[32.469852,26.093259],[32.46986,26.092941],[32.469674,26.093211],[32.469511,26.093182],[32.469421,26.09344],[32.469157,26.093348],[32.469179,26.093216],[32.469043,26.093156],[32.468758,26.093329],[32.468512,26.093207],[32.468451,26.093329],[32.468691,26.093417],[32.468574,26.093778],[32.468455,26.093717],[32.468414,26.093796],[32.468107,26.093603],[32.468011,26.093743],[32.46789,26.093697],[32.467724,26.09398],[32.467528,26.093893],[32.46732,26.094364]]],[[[32.516753,26.105291],[32.516336,26.104502],[32.515819,26.10423],[32.515653,26.104724],[32.514757,26.104453],[32.513865,26.104361],[32.514025,26.104037],[32.513349,26.103767],[32.513246,26.103788],[32.513132,26.104186],[32.512835,26.104088],[32.512833,26.103671],[32.512688,26.103582],[32.512873,26.103018],[32.51314,26.1031],[32.513411,26.102483],[32.513308,26.102449],[32.513437,26.102057],[32.513759,26.102182],[32.513609,26.102501],[32.513909,26.102613],[32.514066,26.102253],[32.514642,26.102396],[32.515283,26.100597],[32.514996,26.100544],[32.514422,26.10211],[32.513879,26.10192],[32.51411,26.101463],[32.513714,26.101351],[32.513528,26.101914],[32.513143,26.101783],[32.51387,26.099576],[32.513657,26.09948],[32.512945,26.101503],[32.512589,26.10139],[32.512483,26.101779],[32.511415,26.101487],[32.511634,26.100929],[32.51129,26.100803],[32.511713,26.099594],[32.511454,26.099474],[32.511165,26.099881],[32.511024,26.099812],[32.51088,26.100154],[32.510603,26.10004],[32.510486,26.099929],[32.510535,26.099709],[32.510197,26.099517],[32.51029,26.099136],[32.509963,26.099064],[32.509853,26.099812],[32.509598,26.0998],[32.509412,26.099618],[32.509311,26.099929],[32.509064,26.099764],[32.509117,26.099505],[32.508963,26.099447],[32.509108,26.098953],[32.508968,26.098927],[32.508919,26.099186],[32.508813,26.099178],[32.508847,26.099025],[32.50865,26.098963],[32.508621,26.099126],[32.508413,26.099046],[32.508347,26.099194],[32.508166,26.099139],[32.50807,26.099353],[32.506881,26.099126],[32.506673,26.099925],[32.506167,26.099849],[32.506151,26.100338],[32.506017,26.100455],[32.505807,26.100419],[32.505622,26.100979],[32.504967,26.100808],[32.503576,26.100903],[32.501495,26.100294],[32.501707,26.099321],[32.501244,26.099225],[32.501192,26.099339],[32.501021,26.099305],[32.500943,26.099875],[32.500666,26.099833],[32.500692,26.099517],[32.500443,26.099484],[32.500332,26.100069],[32.499464,26.099838],[32.499431,26.099372],[32.499321,26.09982],[32.498794,26.099611],[32.498835,26.099297],[32.498741,26.099274],[32.498641,26.099612],[32.498133,26.099479],[32.498663,26.098294],[32.498398,26.098275],[32.498497,26.097976],[32.498358,26.09791],[32.498459,26.097623],[32.49837,26.097566],[32.498297,26.097781],[32.498087,26.097736],[32.497329,26.099632],[32.496204,26.09948],[32.496078,26.099771],[32.497541,26.099944],[32.497629,26.099755],[32.498435,26.099933],[32.498362,26.100273],[32.498803,26.10037],[32.498738,26.100544],[32.500781,26.101325],[32.501016,26.100779],[32.501583,26.100929],[32.501518,26.101034],[32.501716,26.101131],[32.501113,26.102179],[32.501959,26.102086],[32.501834,26.102527],[32.50289,26.102798],[32.503076,26.102689],[32.50365,26.102851],[32.503897,26.102568],[32.503367,26.102386],[32.503522,26.101914],[32.505713,26.101604],[32.505529,26.102575],[32.505084,26.102612],[32.504594,26.102869],[32.504588,26.103261],[32.505119,26.103096],[32.506415,26.103373],[32.506639,26.103276],[32.507047,26.10336],[32.507226,26.103208],[32.507342,26.103228],[32.507329,26.103337],[32.507643,26.103283],[32.50807,26.103526],[32.507971,26.103793],[32.508153,26.103847],[32.508249,26.103596],[32.508646,26.103745],[32.508583,26.103881],[32.508937,26.103963],[32.508985,26.103852],[32.509213,26.103949],[32.50927,26.103706],[32.509398,26.103792],[32.509583,26.103656],[32.509569,26.103393],[32.509847,26.103086],[32.509959,26.103148],[32.510326,26.102489],[32.510704,26.102767],[32.510783,26.10266],[32.511247,26.102913],[32.511571,26.102632],[32.511873,26.102735],[32.5117,26.103244],[32.511414,26.103194],[32.511397,26.103671],[32.511582,26.103713],[32.511302,26.104324],[32.511819,26.104457],[32.512208,26.103652],[32.512756,26.104036],[32.512771,26.104703],[32.513797,26.105124],[32.515258,26.105408],[32.516304,26.105751],[32.516753,26.105291]]],[[[32.492976,26.098691],[32.49345,26.097732],[32.493261,26.097639],[32.492754,26.098392],[32.491973,26.098149],[32.4919,26.098383],[32.491721,26.098327],[32.491794,26.098093],[32.491089,26.097874],[32.491159,26.097485],[32.491357,26.097521],[32.491387,26.097355],[32.491862,26.097441],[32.491943,26.096989],[32.490421,26.096714],[32.490647,26.095463],[32.488206,26.095408],[32.48819,26.096139],[32.488396,26.096144],[32.488162,26.097059],[32.487593,26.097008],[32.487578,26.097085],[32.489748,26.098163],[32.490876,26.098529],[32.492976,26.098691]]],[[[32.471657,26.092461],[32.470843,26.09197],[32.47105,26.091591],[32.471772,26.091985],[32.472096,26.09139],[32.471239,26.091011],[32.471862,26.089863],[32.471595,26.089757],[32.47111,26.090433],[32.470969,26.090332],[32.47077,26.090712],[32.470452,26.090546],[32.470209,26.091012],[32.469794,26.090795],[32.469974,26.090451],[32.469893,26.090409],[32.470329,26.089822],[32.470394,26.08987],[32.470513,26.08971],[32.470652,26.089813],[32.47085,26.089547],[32.470559,26.089332],[32.470211,26.089801],[32.470073,26.089698],[32.469951,26.089862],[32.469629,26.089684],[32.46933,26.089996],[32.469198,26.089869],[32.468893,26.090275],[32.469204,26.090627],[32.469083,26.090914],[32.469342,26.090765],[32.46949,26.090832],[32.469251,26.091207],[32.46972,26.091282],[32.469559,26.091583],[32.469899,26.091764],[32.469802,26.091947],[32.47002,26.092072],[32.469925,26.092235],[32.470142,26.092331],[32.470208,26.092182],[32.470386,26.092165],[32.470523,26.092225],[32.470471,26.092417],[32.471457,26.092783],[32.471657,26.092461]]],[[[32.472659,26.090244],[32.471772,26.091985],[32.473149,26.092581],[32.473497,26.092023],[32.473051,26.091745],[32.473412,26.091084],[32.474205,26.09142],[32.474306,26.091182],[32.474019,26.090987],[32.474185,26.090574],[32.47378,26.090411],[32.473898,26.090247],[32.473651,26.09015],[32.473564,26.090371],[32.473085,26.090275],[32.47247,26.089802],[32.472374,26.090009],[32.472659,26.090244]]],[[[32.462638,26.092105],[32.462872,26.092279],[32.463311,26.091567],[32.463412,26.09163],[32.463507,26.091476],[32.463903,26.09166],[32.464032,26.091485],[32.464223,26.091506],[32.464553,26.090943],[32.464347,26.090822],[32.464496,26.090569],[32.464334,26.090474],[32.464481,26.090223],[32.464245,26.090508],[32.464131,26.090442],[32.464226,26.090206],[32.463978,26.090172],[32.463785,26.090253],[32.463554,26.090647],[32.463173,26.090505],[32.463027,26.090715],[32.462921,26.090701],[32.4628,26.090946],[32.463051,26.09107],[32.462942,26.091195],[32.46312,26.091302],[32.462638,26.092105]]],[[[32.454596,26.081391],[32.454316,26.081011],[32.454118,26.081156],[32.45391,26.081001],[32.454054,26.080856],[32.453793,26.080597],[32.45392,26.080442],[32.453481,26.080084],[32.453287,26.080348],[32.453044,26.080198],[32.452882,26.080369],[32.45347,26.081043],[32.453987,26.081277],[32.454484,26.081749],[32.454587,26.081641],[32.454442,26.081504],[32.454596,26.081391]]],[[[32.479156,26.090721],[32.479087,26.089804],[32.478945,26.089843],[32.478895,26.08966],[32.4787,26.089582],[32.478711,26.08916],[32.478256,26.088971],[32.477656,26.090599],[32.479156,26.090721]]],[[[32.477117,26.089819],[32.477331,26.089641],[32.477798,26.089685],[32.477569,26.089171],[32.477655,26.088847],[32.476776,26.088613],[32.476532,26.089594],[32.477117,26.089819]]],[[[32.481493,26.089004],[32.481603,26.088464],[32.481764,26.088535],[32.481958,26.088093],[32.481682,26.087828],[32.481371,26.088152],[32.481047,26.08802],[32.48122,26.087596],[32.480961,26.087491],[32.481094,26.087164],[32.480006,26.086722],[32.479836,26.086475],[32.479087,26.085985],[32.479146,26.085836],[32.478862,26.085723],[32.478669,26.086004],[32.478698,26.085705],[32.478219,26.085578],[32.478175,26.085741],[32.477654,26.085603],[32.477958,26.084464],[32.477496,26.084193],[32.477218,26.084882],[32.47753,26.084923],[32.477439,26.085179],[32.476655,26.084901],[32.476233,26.08563],[32.477268,26.08601],[32.478755,26.087196],[32.478426,26.087693],[32.478911,26.087883],[32.478573,26.08847],[32.478905,26.088661],[32.479097,26.088328],[32.479335,26.088465],[32.479692,26.088013],[32.480097,26.088346],[32.480203,26.08818],[32.481493,26.089004]]],[[[32.480754,26.088532],[32.480588,26.088426],[32.480319,26.088948],[32.479928,26.088845],[32.479822,26.089073],[32.480437,26.089361],[32.480754,26.088532]]],[[[32.482529,26.089114],[32.482739,26.088693],[32.482116,26.088357],[32.481804,26.08917],[32.482464,26.089425],[32.482577,26.089324],[32.482529,26.089114]]],[[[32.484635,26.090717],[32.485926,26.0883],[32.485459,26.088051],[32.485378,26.088202],[32.485039,26.088021],[32.484274,26.089453],[32.484931,26.089655],[32.484579,26.090361],[32.483932,26.089921],[32.483622,26.090377],[32.483414,26.090268],[32.483092,26.090888],[32.483307,26.090945],[32.483395,26.091444],[32.484482,26.09173],[32.484635,26.090717]]],[[[32.499733,26.094714],[32.501777,26.09505],[32.501951,26.094503],[32.499867,26.094119],[32.499733,26.094714]]],[[[32.485905,26.095642],[32.485905,26.095402],[32.4855,26.095295],[32.48533,26.094678],[32.48545,26.0947],[32.485602,26.093903],[32.485179,26.093888],[32.485186,26.093693],[32.484926,26.093684],[32.484919,26.093878],[32.483857,26.093841],[32.483787,26.094315],[32.48486,26.094588],[32.484872,26.095191],[32.485089,26.095187],[32.485096,26.09551],[32.485766,26.096003],[32.485766,26.095642],[32.485905,26.095642]]],[[[32.545348,26.107927],[32.545095,26.108893],[32.545963,26.10907],[32.546037,26.108707],[32.546347,26.108771],[32.546452,26.108255],[32.54624,26.108234],[32.546262,26.108018],[32.545348,26.107927]]],[[[32.648844,26.191577],[32.648971,26.192045],[32.648648,26.192475],[32.648497,26.193151],[32.648378,26.193213],[32.648282,26.192829],[32.647909,26.192962],[32.647891,26.193466],[32.648598,26.193411],[32.648831,26.193921],[32.648577,26.194152],[32.648707,26.194254],[32.648819,26.194135],[32.648815,26.194212],[32.64856,26.194435],[32.648852,26.194852],[32.64769,26.195232],[32.647504,26.194835],[32.647186,26.195009],[32.647298,26.195299],[32.646823,26.195603],[32.647161,26.196253],[32.645352,26.197048],[32.643239,26.198474],[32.640673,26.199809],[32.640398,26.199335],[32.639918,26.199614],[32.639525,26.199513],[32.638554,26.19993],[32.638477,26.200249],[32.638,26.200537],[32.63746,26.20059],[32.637496,26.200742],[32.6363,26.201026],[32.636332,26.201131],[32.635504,26.20139],[32.635561,26.201738],[32.633608,26.20115],[32.633531,26.200535],[32.632956,26.200511],[32.632983,26.199863],[32.633797,26.199898],[32.633817,26.199422],[32.626405,26.201482],[32.632519,26.204968],[32.639429,26.208359],[32.6457,26.211026],[32.651317,26.213027],[32.657861,26.214925],[32.664673,26.216493],[32.671536,26.217625],[32.677975,26.218287],[32.669919,26.1877],[32.669449,26.187582],[32.668026,26.188031],[32.667177,26.188151],[32.666927,26.188495],[32.666251,26.18896],[32.664192,26.190174],[32.6584,26.191284],[32.65785,26.191334],[32.657046,26.191227],[32.654503,26.190442],[32.653537,26.190323],[32.652869,26.190425],[32.648844,26.191577]]],[[[32.648844,26.191577],[32.647511,26.191955],[32.647528,26.192739],[32.647292,26.193511],[32.646799,26.194255],[32.646222,26.194714],[32.642723,26.195898],[32.638096,26.198216],[32.633817,26.199422],[32.633797,26.199898],[32.632983,26.199863],[32.632956,26.200511],[32.633531,26.200535],[32.633608,26.20115],[32.635561,26.201738],[32.635504,26.20139],[32.636332,26.201131],[32.6363,26.201026],[32.637496,26.200742],[32.63746,26.20059],[32.638,26.200537],[32.638477,26.200249],[32.638554,26.19993],[32.639525,26.199513],[32.639918,26.199614],[32.640398,26.199335],[32.640673,26.199809],[32.643239,26.198474],[32.645352,26.197048],[32.647161,26.196253],[32.646823,26.195603],[32.647298,26.195299],[32.647186,26.195009],[32.647504,26.194835],[32.64769,26.195232],[32.648852,26.194852],[32.64856,26.194435],[32.648815,26.194212],[32.648819,26.194135],[32.648707,26.194254],[32.648577,26.194152],[32.648831,26.193921],[32.648598,26.193411],[32.647891,26.193466],[32.647909,26.192962],[32.648282,26.192829],[32.648378,26.193213],[32.648497,26.193151],[32.648648,26.192475],[32.648971,26.192045],[32.648844,26.191577]]],[[[32.517386,26.121367],[32.497637,26.125509],[32.48793,26.127429],[32.486555,26.127482],[32.483481,26.12725],[32.474204,26.126245],[32.4747,26.12649],[32.476572,26.126731],[32.486582,26.127679],[32.487921,26.127654],[32.517413,26.121506],[32.517386,26.121367]]],[[[32.517413,26.121506],[32.487921,26.127654],[32.486582,26.127679],[32.4747,26.12649],[32.475328,26.126795],[32.486002,26.127864],[32.487713,26.127911],[32.513804,26.122489],[32.516932,26.121762],[32.517358,26.121625],[32.517413,26.121506]]],[[[32.520879,26.120884],[32.519679,26.120925],[32.517386,26.121367],[32.517498,26.121673],[32.517355,26.121739],[32.517436,26.121915],[32.517767,26.121876],[32.517778,26.122881],[32.517549,26.122884],[32.517465,26.124079],[32.518866,26.124155],[32.519772,26.123914],[32.519744,26.124285],[32.519964,26.124301],[32.519978,26.12412],[32.520177,26.124135],[32.520189,26.12397],[32.51999,26.123955],[32.520112,26.123354],[32.520546,26.123348],[32.520497,26.124062],[32.520919,26.124091],[32.521057,26.123255],[32.52126,26.123405],[32.521302,26.123149],[32.521741,26.123117],[32.521909,26.1228],[32.522145,26.122808],[32.522165,26.122685],[32.5217,26.122669],[32.521684,26.122322],[32.52134,26.122338],[32.521297,26.121962],[32.520884,26.121943],[32.520879,26.120884]]],[[[32.539178,26.120473],[32.533868,26.120573],[32.533925,26.121035],[32.534071,26.121047],[32.534111,26.121771],[32.53426,26.121749],[32.534323,26.122173],[32.534673,26.12216],[32.534621,26.121785],[32.534761,26.121766],[32.53472,26.121297],[32.534555,26.121311],[32.534535,26.121084],[32.534882,26.121054],[32.534899,26.121242],[32.535548,26.121117],[32.535548,26.121551],[32.535412,26.121585],[32.535515,26.121865],[32.535751,26.121806],[32.535862,26.122251],[32.535291,26.122351],[32.535262,26.122637],[32.534972,26.122686],[32.535,26.122851],[32.535245,26.122809],[32.535327,26.123285],[32.5349,26.123358],[32.53499,26.123883],[32.535965,26.123841],[32.535985,26.124311],[32.536402,26.124293],[32.536423,26.124774],[32.536064,26.124885],[32.536111,26.125036],[32.537737,26.124999],[32.537723,26.124373],[32.538154,26.124363],[32.538184,26.123629],[32.538416,26.123589],[32.538442,26.123364],[32.537557,26.12336],[32.537514,26.122916],[32.537741,26.122161],[32.538576,26.121435],[32.538643,26.120957],[32.539108,26.120967],[32.539178,26.120473]]],[[[32.529677,26.126567],[32.529815,26.126468],[32.52989,26.126615],[32.530066,26.12656],[32.530063,26.126448],[32.530251,26.126384],[32.530243,26.126131],[32.530855,26.125977],[32.531664,26.126346],[32.53168,26.126842],[32.532838,26.126736],[32.532432,26.126002],[32.532629,26.125793],[32.53304,26.126107],[32.53356,26.126141],[32.533744,26.125897],[32.534389,26.125877],[32.534382,26.125683],[32.53483,26.125591],[32.534755,26.125046],[32.535208,26.125032],[32.535262,26.124426],[32.534902,26.124392],[32.534864,26.124157],[32.534654,26.124153],[32.534684,26.124342],[32.534503,26.124375],[32.534512,26.124568],[32.534331,26.124539],[32.534294,26.123922],[32.533644,26.124191],[32.533579,26.124035],[32.533142,26.124299],[32.532696,26.124321],[32.532759,26.124603],[32.53169,26.125008],[32.531654,26.124913],[32.531249,26.124945],[32.53127,26.125356],[32.530808,26.12538],[32.530245,26.125237],[32.529962,26.125373],[32.529689,26.125717],[32.529576,26.125528],[32.529286,26.125528],[32.529135,26.125101],[32.52895,26.125166],[32.528717,26.124617],[32.528158,26.124715],[32.527996,26.124256],[32.527551,26.124345],[32.527407,26.124182],[32.526929,26.124094],[32.526921,26.124274],[32.52672,26.124346],[32.526728,26.124698],[32.526472,26.124788],[32.526526,26.125063],[32.526735,26.12499],[32.527135,26.125461],[32.527915,26.125373],[32.528372,26.12578],[32.52849,26.126113],[32.528249,26.126372],[32.528695,26.127428],[32.52914,26.127414],[32.529106,26.127168],[32.529689,26.12695],[32.529677,26.126567]]],[[[32.532289,26.124082],[32.532163,26.123113],[32.531818,26.123158],[32.531847,26.122902],[32.532092,26.122833],[32.532201,26.122396],[32.53213,26.122236],[32.531643,26.12227],[32.531588,26.121953],[32.531341,26.121995],[32.531184,26.121737],[32.53108,26.121755],[32.531058,26.122084],[32.530475,26.122228],[32.530514,26.122687],[32.530349,26.122701],[32.530361,26.122845],[32.530526,26.122831],[32.53059,26.123075],[32.53029,26.123154],[32.530293,26.123373],[32.530091,26.123427],[32.530129,26.123567],[32.530343,26.12357],[32.530385,26.123784],[32.531362,26.123738],[32.531433,26.12409],[32.532289,26.124082]]],[[[32.526635,26.127652],[32.526507,26.127668],[32.526488,26.127524],[32.526504,26.127324],[32.526663,26.127257],[32.526793,26.127551],[32.52695,26.127449],[32.527191,26.127759],[32.527504,26.127556],[32.527289,26.127169],[32.527208,26.126638],[32.526487,26.126827],[32.526434,26.126731],[32.526106,26.127094],[32.526063,26.12699],[32.525543,26.127217],[32.525438,26.127118],[32.52514,26.127285],[32.525117,26.127198],[32.52482,26.127238],[32.524784,26.12734],[32.523938,26.127553],[32.523932,26.127689],[32.523571,26.127674],[32.523564,26.127839],[32.523138,26.127898],[32.523299,26.128493],[32.523666,26.128457],[32.52369,26.128698],[32.523918,26.128641],[32.523941,26.128732],[32.52356,26.128828],[32.523597,26.128976],[32.523917,26.128896],[32.52399,26.129331],[32.523886,26.129424],[32.524135,26.129758],[32.524305,26.12967],[32.524258,26.129314],[32.524715,26.129255],[32.524734,26.129398],[32.524899,26.129377],[32.524889,26.129677],[32.524089,26.129917],[32.524181,26.1301],[32.524284,26.130048],[32.524367,26.130358],[32.524547,26.13031],[32.524475,26.130043],[32.524834,26.129879],[32.524932,26.129849],[32.525003,26.130116],[32.525146,26.130105],[32.525073,26.129746],[32.525455,26.129514],[32.525384,26.129347],[32.525159,26.129451],[32.525066,26.12908],[32.5256,26.128838],[32.525537,26.128673],[32.525704,26.12866],[32.525649,26.128342],[32.525469,26.128364],[32.525469,26.128087],[32.52573,26.127996],[32.525758,26.128206],[32.526173,26.128129],[32.526121,26.127843],[32.526509,26.127701],[32.526553,26.128044],[32.526665,26.128033],[32.526635,26.127652]]],[[[32.551524,26.124316],[32.551438,26.12443],[32.551,26.124288],[32.550951,26.124439],[32.550085,26.12408],[32.549843,26.124083],[32.549808,26.12428],[32.549666,26.124255],[32.549559,26.124177],[32.54969,26.123437],[32.551212,26.124033],[32.552464,26.125064],[32.55295,26.125745],[32.554837,26.129018],[32.555196,26.128855],[32.553017,26.125124],[32.552093,26.124181],[32.551033,26.123471],[32.550145,26.123118],[32.546338,26.122133],[32.539178,26.120473],[32.539108,26.120967],[32.538643,26.120957],[32.538576,26.121435],[32.537741,26.122161],[32.537514,26.122916],[32.537557,26.12336],[32.538442,26.123364],[32.538416,26.123589],[32.538184,26.123629],[32.538154,26.124363],[32.537723,26.124373],[32.537737,26.124999],[32.536111,26.125036],[32.536064,26.124885],[32.536423,26.124774],[32.536402,26.124293],[32.535985,26.124311],[32.535965,26.123841],[32.53499,26.123883],[32.535082,26.124409],[32.535262,26.124426],[32.535269,26.124653],[32.535208,26.125032],[32.534755,26.125046],[32.53483,26.125591],[32.534382,26.125683],[32.534389,26.125877],[32.533744,26.125897],[32.53356,26.126141],[32.53304,26.126107],[32.532629,26.125793],[32.532432,26.126002],[32.532932,26.126975],[32.533213,26.130679],[32.533178,26.132713],[32.533611,26.132779],[32.533474,26.133866],[32.53377,26.134011],[32.533734,26.134332],[32.534027,26.134403],[32.534081,26.134184],[32.534468,26.134447],[32.534504,26.134296],[32.534811,26.134332],[32.534704,26.134965],[32.534092,26.136387],[32.535326,26.136483],[32.535302,26.136795],[32.537155,26.136939],[32.537142,26.136364],[32.537423,26.136386],[32.537424,26.137131],[32.542255,26.137643],[32.546579,26.137884],[32.549992,26.139084],[32.553624,26.141603],[32.562218,26.145712],[32.565113,26.146495],[32.565106,26.146392],[32.564815,26.146303],[32.562366,26.145654],[32.554032,26.141669],[32.550073,26.138996],[32.546322,26.137707],[32.543512,26.137567],[32.543787,26.136195],[32.544656,26.13598],[32.545785,26.135923],[32.54695,26.136294],[32.546954,26.136153],[32.547136,26.136177],[32.547155,26.136086],[32.547379,26.13611],[32.547363,26.136265],[32.547666,26.136314],[32.547717,26.136095],[32.547907,26.136378],[32.548214,26.136372],[32.548259,26.135852],[32.54862,26.135841],[32.548636,26.136394],[32.549453,26.136255],[32.553937,26.136413],[32.556534,26.136321],[32.556235,26.134884],[32.556348,26.134825],[32.556888,26.135866],[32.557282,26.135662],[32.557418,26.135382],[32.557301,26.135215],[32.557436,26.135121],[32.556955,26.134435],[32.556772,26.134488],[32.556553,26.134142],[32.556401,26.134194],[32.556526,26.134564],[32.55636,26.13462],[32.55611,26.134462],[32.555475,26.134606],[32.555333,26.135141],[32.555051,26.13517],[32.554955,26.134797],[32.554675,26.134758],[32.554573,26.135021],[32.554441,26.13497],[32.55445,26.134749],[32.553896,26.134727],[32.5533,26.133497],[32.552362,26.133787],[32.552363,26.133684],[32.552167,26.133681],[32.55217,26.133431],[32.552503,26.133436],[32.552539,26.132895],[32.55473,26.132339],[32.554133,26.131363],[32.555179,26.131244],[32.555176,26.131005],[32.555402,26.130919],[32.555045,26.129979],[32.55491,26.130007],[32.554994,26.130412],[32.554476,26.13052],[32.554287,26.130274],[32.55401,26.1303],[32.553852,26.130001],[32.554936,26.129646],[32.554652,26.129171],[32.554802,26.129081],[32.552752,26.125558],[32.551524,26.124316]]],[[[32.61766,26.184562],[32.616697,26.184082],[32.61658,26.184524],[32.616003,26.184281],[32.615954,26.184513],[32.616823,26.184833],[32.616622,26.185129],[32.616953,26.185269],[32.61766,26.184562]]],[[[32.61766,26.184562],[32.617782,26.184613],[32.617874,26.18465],[32.61766,26.184562]]],[[[32.610347,26.191462],[32.61153,26.192197],[32.611863,26.191182],[32.611472,26.191073],[32.611482,26.190908],[32.611066,26.190872],[32.611018,26.191037],[32.61056,26.190915],[32.610347,26.191462]]],[[[32.635983,26.18984],[32.626771,26.187484],[32.618768,26.184945],[32.618592,26.18525],[32.617769,26.185769],[32.617472,26.18558],[32.617342,26.185783],[32.61724,26.185718],[32.617043,26.186135],[32.616404,26.186578],[32.616604,26.186729],[32.61651,26.186971],[32.616823,26.18714],[32.61678,26.187219],[32.616302,26.186962],[32.616161,26.187119],[32.616538,26.187323],[32.616372,26.187467],[32.616104,26.187392],[32.615789,26.187724],[32.615539,26.18759],[32.615092,26.188142],[32.614945,26.188055],[32.614779,26.188134],[32.614727,26.188227],[32.615029,26.188361],[32.614946,26.188433],[32.614417,26.188382],[32.61434,26.18854],[32.614498,26.188575],[32.61441,26.188712],[32.614044,26.188648],[32.614033,26.188762],[32.614512,26.188934],[32.614336,26.189356],[32.614156,26.189369],[32.614143,26.189486],[32.614288,26.18952],[32.614125,26.190056],[32.613847,26.189982],[32.613376,26.190893],[32.618953,26.194951],[32.619223,26.195681],[32.618921,26.196814],[32.626176,26.20134],[32.634002,26.19916],[32.634124,26.198651],[32.635299,26.196501],[32.635983,26.18984]],[[32.622586,26.191333],[32.622232,26.191411],[32.621839,26.191692],[32.622026,26.191844],[32.621667,26.192542],[32.620935,26.192275],[32.620895,26.192364],[32.620619,26.19224],[32.620536,26.192424],[32.62034,26.192335],[32.620644,26.192006],[32.619868,26.191539],[32.619943,26.191335],[32.619593,26.191146],[32.61946,26.191392],[32.619116,26.191343],[32.618546,26.192419],[32.618339,26.19235],[32.618167,26.192512],[32.617715,26.192301],[32.618275,26.191544],[32.617862,26.191406],[32.617995,26.191166],[32.617636,26.191112],[32.617853,26.190718],[32.617541,26.190643],[32.617597,26.190502],[32.617867,26.19061],[32.618226,26.189696],[32.618703,26.189861],[32.6188,26.189602],[32.618382,26.189445],[32.618404,26.189335],[32.617932,26.18908],[32.61851,26.188396],[32.618796,26.188658],[32.618906,26.188539],[32.618772,26.188416],[32.618958,26.188053],[32.619055,26.188143],[32.619137,26.188054],[32.619379,26.188278],[32.619147,26.188459],[32.619275,26.18858],[32.619643,26.188331],[32.619785,26.188416],[32.619628,26.188588],[32.620383,26.189],[32.621112,26.188231],[32.621514,26.188449],[32.620875,26.189307],[32.62121,26.189494],[32.62104,26.189702],[32.621149,26.18979],[32.62139,26.189493],[32.621465,26.189554],[32.62109,26.190149],[32.621452,26.190525],[32.621562,26.19022],[32.622051,26.190396],[32.622133,26.190167],[32.622328,26.190237],[32.62222,26.190539],[32.622443,26.19062],[32.622261,26.190959],[32.622586,26.191333]]],[[[32.619373,26.185102],[32.61942,26.185118],[32.619421,26.185115],[32.619373,26.185102]]],[],[[[32.557775,26.159759],[32.55764,26.158791],[32.557051,26.158814],[32.556681,26.155908],[32.557713,26.155888],[32.557713,26.155803],[32.556134,26.155727],[32.556227,26.155028],[32.55678,26.155025],[32.556776,26.154234],[32.556407,26.154166],[32.556404,26.153581],[32.556773,26.153579],[32.556988,26.15277],[32.556753,26.152771],[32.556752,26.152444],[32.554253,26.151541],[32.554119,26.151867],[32.553849,26.151777],[32.553847,26.151374],[32.553479,26.151317],[32.553384,26.151895],[32.553149,26.151816],[32.553146,26.151377],[32.552532,26.151155],[32.552616,26.150689],[32.544834,26.148977],[32.53233,26.144648],[32.530763,26.144011],[32.512314,26.13776],[32.512318,26.141793],[32.557775,26.159759]]],[[[32.574716,26.162472],[32.574721,26.162374],[32.574933,26.162383],[32.57494,26.162231],[32.575032,26.162235],[32.575081,26.161141],[32.575289,26.161168],[32.57532,26.160929],[32.572984,26.160741],[32.572926,26.161745],[32.574066,26.161864],[32.574056,26.162079],[32.574665,26.162106],[32.574649,26.162469],[32.57404,26.162442],[32.574028,26.162712],[32.575425,26.162774],[32.575432,26.16262],[32.574716,26.162472]]],[[[32.566491,26.158439],[32.566649,26.158481],[32.566668,26.15792],[32.566815,26.157925],[32.566845,26.15847],[32.566649,26.158486],[32.566491,26.158439],[32.566499,26.158893],[32.566413,26.158868],[32.566413,26.159032],[32.566195,26.159028],[32.566177,26.159531],[32.566558,26.159499],[32.566564,26.159369],[32.566672,26.159387],[32.566671,26.159925],[32.567111,26.15996],[32.567145,26.159756],[32.567007,26.159736],[32.567065,26.159221],[32.567328,26.15918],[32.567411,26.158828],[32.567639,26.15888],[32.567588,26.159536],[32.567707,26.159555],[32.567688,26.159744],[32.568088,26.159783],[32.568131,26.159044],[32.568393,26.159086],[32.568404,26.159298],[32.568666,26.159305],[32.568662,26.159436],[32.569,26.159472],[32.569016,26.159271],[32.569155,26.159282],[32.569205,26.159094],[32.56931,26.159098],[32.569226,26.160172],[32.569666,26.160206],[32.569641,26.158967],[32.569907,26.159028],[32.569893,26.159983],[32.57002,26.160019],[32.570002,26.16025],[32.570334,26.160275],[32.570341,26.160056],[32.570473,26.160064],[32.570508,26.159619],[32.570677,26.159632],[32.570664,26.159795],[32.570977,26.15982],[32.570977,26.159652],[32.571228,26.159647],[32.571359,26.160051],[32.571945,26.160087],[32.571949,26.160206],[32.572249,26.160257],[32.57223,26.16051],[32.572472,26.160564],[32.572458,26.160273],[32.573094,26.160323],[32.57328,26.15911],[32.57311,26.159095],[32.573123,26.158666],[32.573278,26.158656],[32.573323,26.159124],[32.573688,26.159301],[32.574693,26.159421],[32.574686,26.159336],[32.574881,26.159351],[32.574839,26.159498],[32.575005,26.159502],[32.574955,26.159759],[32.575074,26.159767],[32.575061,26.160497],[32.575498,26.160456],[32.57547,26.160815],[32.575588,26.160824],[32.575632,26.160258],[32.576101,26.160294],[32.576128,26.160114],[32.576382,26.160167],[32.576413,26.160033],[32.576748,26.159993],[32.576898,26.158074],[32.565309,26.155524],[32.565437,26.156509],[32.565932,26.158354],[32.566491,26.158439]]],[[[32.566649,26.158481],[32.566491,26.158439],[32.566649,26.158486],[32.566649,26.158481]]],[[[32.566649,26.158481],[32.566845,26.15847],[32.566815,26.157925],[32.566668,26.15792],[32.566649,26.158481]]],[[[32.566491,26.158439],[32.565932,26.158354],[32.565947,26.159513],[32.566177,26.159531],[32.566195,26.159028],[32.566413,26.159032],[32.566413,26.158868],[32.566499,26.158893],[32.566491,26.158439]]],[[[32.565854,26.159579],[32.565868,26.158359],[32.565452,26.156793],[32.565102,26.156869],[32.565102,26.157108],[32.564298,26.157213],[32.564269,26.15745],[32.564723,26.157506],[32.564509,26.158049],[32.564681,26.15807],[32.564634,26.158447],[32.5644,26.158418],[32.564145,26.159286],[32.564374,26.159352],[32.564565,26.158617],[32.564802,26.158646],[32.564712,26.15913],[32.564951,26.159045],[32.564941,26.159362],[32.565291,26.159366],[32.565274,26.159508],[32.565854,26.159579]]],[[[32.565259,26.155991],[32.565309,26.155524],[32.565204,26.155471],[32.563663,26.155115],[32.562837,26.155255],[32.562849,26.156235],[32.563308,26.156135],[32.563308,26.156492],[32.563845,26.156567],[32.56386,26.156305],[32.564063,26.156301],[32.564066,26.155809],[32.564299,26.155802],[32.5643,26.156352],[32.564619,26.156513],[32.564641,26.156341],[32.56483,26.156299],[32.56483,26.156512],[32.56503,26.156468],[32.564936,26.15604],[32.565259,26.155991]]],[[[32.562715,26.160277],[32.562718,26.160174],[32.562906,26.160179],[32.562921,26.159548],[32.563088,26.159466],[32.56307,26.159249],[32.562402,26.159304],[32.562483,26.160296],[32.562715,26.160277]]],[[[32.560522,26.159317],[32.560457,26.159072],[32.559432,26.15931],[32.559448,26.159704],[32.560138,26.159757],[32.560136,26.159919],[32.560373,26.159886],[32.560522,26.159317]]],[[[32.575588,26.160824],[32.577139,26.161038],[32.577191,26.160379],[32.576721,26.160343],[32.576748,26.159993],[32.576413,26.160033],[32.576382,26.160167],[32.576128,26.160114],[32.576101,26.160294],[32.575632,26.160258],[32.575588,26.160824]]],[[[32.537155,26.136939],[32.533746,26.136702],[32.533714,26.137198],[32.53325,26.137145],[32.533165,26.136611],[32.532573,26.13651],[32.532578,26.136691],[32.530957,26.136467],[32.526336,26.13467],[32.523898,26.132973],[32.518408,26.133356],[32.513624,26.133431],[32.512815,26.13375],[32.512324,26.13439],[32.512313,26.137691],[32.51491,26.138492],[32.545025,26.148869],[32.564913,26.153213],[32.565587,26.150548],[32.565383,26.150217],[32.565767,26.147957],[32.565675,26.147952],[32.565718,26.146572],[32.564973,26.146492],[32.562218,26.145712],[32.553624,26.141603],[32.549992,26.139084],[32.546579,26.137884],[32.542255,26.137643],[32.537424,26.137131],[32.537423,26.136386],[32.537142,26.136364],[32.537155,26.136939]]],[[[32.533178,26.132713],[32.532871,26.134023],[32.532467,26.133928],[32.532365,26.134363],[32.531661,26.134197],[32.531474,26.134992],[32.531631,26.135028],[32.531716,26.134668],[32.531909,26.134713],[32.531969,26.134455],[32.532324,26.134539],[32.532364,26.135156],[32.532007,26.13523],[32.531946,26.135658],[32.532471,26.135733],[32.53253,26.136217],[32.532333,26.136185],[32.53228,26.13651],[32.533165,26.136611],[32.53325,26.137145],[32.533714,26.137198],[32.533746,26.136702],[32.535302,26.136795],[32.535326,26.136483],[32.534092,26.136387],[32.534704,26.134965],[32.534811,26.134332],[32.534504,26.134296],[32.534468,26.134447],[32.534081,26.134184],[32.534027,26.134403],[32.533734,26.134332],[32.53377,26.134011],[32.533474,26.133866],[32.533611,26.132779],[32.533178,26.132713]]],[[[32.523658,26.132831],[32.523866,26.132807],[32.526692,26.134672],[32.530487,26.136115],[32.531426,26.136419],[32.53228,26.13651],[32.532333,26.136185],[32.53253,26.136217],[32.532471,26.135733],[32.531946,26.135658],[32.532007,26.13523],[32.532364,26.135156],[32.532324,26.134539],[32.531969,26.134455],[32.531909,26.134713],[32.531716,26.134668],[32.531631,26.135028],[32.531474,26.134992],[32.531661,26.134197],[32.532365,26.134363],[32.532467,26.133928],[32.532871,26.134023],[32.533178,26.132713],[32.533213,26.130679],[32.532838,26.126736],[32.53168,26.126842],[32.531664,26.126346],[32.530855,26.125977],[32.530243,26.126131],[32.530251,26.126384],[32.530063,26.126448],[32.530066,26.12656],[32.52989,26.126615],[32.529815,26.126468],[32.529677,26.126567],[32.529689,26.12695],[32.529106,26.127168],[32.52914,26.127414],[32.528695,26.127428],[32.528678,26.127193],[32.528355,26.126778],[32.528277,26.126303],[32.527568,26.126534],[32.527515,26.126455],[32.527208,26.126638],[32.527289,26.127169],[32.527504,26.127556],[32.527331,26.127587],[32.527331,26.127731],[32.527191,26.127759],[32.52695,26.127449],[32.526635,26.127652],[32.526665,26.128033],[32.526553,26.128044],[32.526509,26.127701],[32.526121,26.127843],[32.526173,26.128129],[32.525758,26.128206],[32.52573,26.127996],[32.525469,26.128087],[32.525469,26.128364],[32.525649,26.128342],[32.525704,26.12866],[32.525537,26.128673],[32.5256,26.128838],[32.525066,26.12908],[32.525159,26.129451],[32.525384,26.129347],[32.525455,26.129514],[32.525073,26.129746],[32.525146,26.130105],[32.525003,26.130116],[32.524932,26.129849],[32.524475,26.130043],[32.524547,26.13031],[32.524367,26.130358],[32.524284,26.130048],[32.523738,26.130324],[32.523658,26.132831]]],[[[32.51311,26.122777],[32.517498,26.121673],[32.517385,26.121565],[32.516932,26.121762],[32.513804,26.122489],[32.487713,26.127911],[32.486002,26.127864],[32.475328,26.126795],[32.476185,26.126997],[32.480252,26.127428],[32.486642,26.128029],[32.487655,26.128032],[32.51311,26.122777]]],[[[32.501061,26.125275],[32.499142,26.125669],[32.499044,26.126444],[32.499241,26.12655],[32.49918,26.126856],[32.499586,26.127],[32.499644,26.126707],[32.499825,26.126743],[32.499862,26.126556],[32.499682,26.12652],[32.499736,26.126251],[32.500054,26.126315],[32.500086,26.126157],[32.500541,26.126183],[32.500549,26.126049],[32.500371,26.126039],[32.50038,26.125879],[32.500144,26.125866],[32.500225,26.125678],[32.50136,26.125676],[32.50135,26.125569],[32.501092,26.125594],[32.501061,26.125275]]],[[[32.498948,26.127353],[32.498636,26.127755],[32.498112,26.12762],[32.498085,26.127726],[32.497303,26.127691],[32.497284,26.127303],[32.497448,26.127377],[32.497696,26.127106],[32.497508,26.12697],[32.493847,26.130546],[32.494081,26.130708],[32.495105,26.129749],[32.495436,26.129913],[32.495254,26.130485],[32.495399,26.130508],[32.495365,26.130624],[32.495691,26.13069],[32.49552,26.131202],[32.495717,26.131252],[32.495743,26.131083],[32.496085,26.131205],[32.496034,26.131393],[32.496392,26.131464],[32.496506,26.131131],[32.496756,26.131181],[32.496792,26.131015],[32.496906,26.131092],[32.496978,26.130963],[32.497096,26.131048],[32.497003,26.131213],[32.497116,26.131286],[32.497108,26.131541],[32.497547,26.131745],[32.497508,26.131937],[32.497677,26.131981],[32.497719,26.132167],[32.498025,26.132228],[32.498567,26.132682],[32.499018,26.132654],[32.498878,26.131986],[32.498168,26.132031],[32.497978,26.130865],[32.49837,26.12951],[32.499641,26.12953],[32.49949,26.12909],[32.499862,26.129067],[32.499847,26.128822],[32.498803,26.128855],[32.498928,26.128401],[32.499058,26.128409],[32.499089,26.127951],[32.498985,26.127972],[32.498957,26.127835],[32.499203,26.127472],[32.498948,26.127353]]],[[[32.49549,26.135106],[32.503328,26.135269],[32.503354,26.135184],[32.49549,26.135106]]],[],[[[32.49551,26.135105],[32.49549,26.135106],[32.495492,26.135106],[32.49551,26.135105]]],[[[32.497515,26.126004],[32.49687,26.126138],[32.496926,26.126536],[32.497127,26.126508],[32.497159,26.126735],[32.497492,26.126803],[32.497515,26.126004]]],[],[],[[[32.485773,26.131218],[32.486882,26.131256],[32.486901,26.131071],[32.487114,26.131093],[32.48717,26.130562],[32.486877,26.130483],[32.486865,26.130189],[32.48669,26.130196],[32.4867,26.130445],[32.486348,26.130369],[32.486252,26.130814],[32.485808,26.130951],[32.485773,26.131218]]],[[[32.483474,26.127725],[32.483301,26.128705],[32.483541,26.128748],[32.483759,26.127912],[32.484075,26.127995],[32.485094,26.129106],[32.483872,26.129635],[32.483881,26.130012],[32.483326,26.130274],[32.483658,26.130406],[32.484113,26.13027],[32.484091,26.130176],[32.48508,26.129946],[32.48499,26.129559],[32.485311,26.129437],[32.485515,26.129604],[32.485856,26.129381],[32.485938,26.129441],[32.485916,26.128852],[32.48537,26.128886],[32.485122,26.128547],[32.484944,26.128562],[32.484621,26.127904],[32.483474,26.127725]]],[[[32.482441,26.129916],[32.482799,26.130063],[32.48339,26.129975],[32.483716,26.129682],[32.483639,26.129383],[32.483404,26.129344],[32.48344,26.129127],[32.48327,26.129099],[32.483178,26.129654],[32.482474,26.129705],[32.482441,26.129916]]],[[[32.481611,26.129047],[32.480964,26.129042],[32.480924,26.128689],[32.480684,26.128664],[32.480658,26.128922],[32.480096,26.128864],[32.48147,26.129519],[32.481611,26.129047]]],[[[32.481182,26.127514],[32.481161,26.127751],[32.481859,26.127929],[32.481611,26.129047],[32.481778,26.129074],[32.481719,26.129442],[32.482041,26.129493],[32.482339,26.127621],[32.481182,26.127514]]],[[[32.479962,26.127394],[32.478348,26.127201],[32.478274,26.127682],[32.479176,26.12782],[32.479204,26.127639],[32.479478,26.127681],[32.479403,26.128174],[32.479567,26.128221],[32.479725,26.127662],[32.479875,26.127705],[32.479962,26.127394]]],[[[32.594026,26.171477],[32.593786,26.171155],[32.593448,26.17138],[32.591359,26.173139],[32.588402,26.176472],[32.587272,26.177053],[32.587764,26.17736],[32.588361,26.177091],[32.5889,26.17666],[32.591713,26.173419],[32.593951,26.171661],[32.594026,26.171477]]],[[[32.607296,26.182521],[32.608103,26.180384],[32.604772,26.177353],[32.604034,26.176866],[32.601334,26.176629],[32.600292,26.176358],[32.598707,26.175427],[32.595127,26.172678],[32.594745,26.173348],[32.594488,26.173258],[32.594857,26.172473],[32.594425,26.172191],[32.594009,26.172511],[32.593424,26.172075],[32.591713,26.173419],[32.5889,26.17666],[32.588361,26.177091],[32.587764,26.17736],[32.596514,26.182825],[32.597373,26.181105],[32.597862,26.180767],[32.598675,26.18061],[32.607296,26.182521]]],[[[32.587326,26.177032],[32.587272,26.177052],[32.587272,26.177053],[32.587326,26.177032]]],[[[32.61331,26.181509],[32.613036,26.182079],[32.613228,26.18216],[32.613008,26.1823],[32.613177,26.182346],[32.612981,26.182661],[32.613191,26.182721],[32.613045,26.183227],[32.612797,26.183194],[32.612673,26.183511],[32.612792,26.183537],[32.61272,26.183874],[32.612113,26.183743],[32.612081,26.183892],[32.611764,26.183823],[32.611697,26.184134],[32.611363,26.184062],[32.610948,26.183911],[32.611049,26.183444],[32.610805,26.183391],[32.610621,26.184243],[32.610767,26.184291],[32.610678,26.184561],[32.610964,26.184587],[32.610746,26.185651],[32.610487,26.185552],[32.61032,26.185987],[32.610181,26.185958],[32.610145,26.186131],[32.609945,26.186089],[32.609785,26.186422],[32.609539,26.186304],[32.609328,26.186744],[32.609497,26.186785],[32.609417,26.187112],[32.609942,26.18724],[32.609511,26.188585],[32.609006,26.188529],[32.608827,26.188894],[32.608503,26.188735],[32.608111,26.189704],[32.60794,26.18967],[32.607924,26.189312],[32.607753,26.189279],[32.607654,26.189781],[32.610347,26.191462],[32.61056,26.190915],[32.611018,26.191037],[32.611066,26.190872],[32.611482,26.190908],[32.611472,26.191073],[32.611863,26.191182],[32.61153,26.192197],[32.612158,26.192411],[32.612371,26.191675],[32.612548,26.191699],[32.612727,26.191236],[32.612825,26.191283],[32.612886,26.191161],[32.613136,26.191286],[32.613303,26.191056],[32.612608,26.19062],[32.611703,26.19035],[32.612515,26.190404],[32.613376,26.190893],[32.613847,26.189982],[32.614125,26.190056],[32.614288,26.18952],[32.614143,26.189486],[32.614156,26.189369],[32.614336,26.189356],[32.614512,26.188934],[32.614033,26.188762],[32.614044,26.188648],[32.61441,26.188712],[32.614498,26.188575],[32.61434,26.18854],[32.614417,26.188382],[32.614946,26.188433],[32.615029,26.188361],[32.614727,26.188227],[32.614779,26.188134],[32.614945,26.188055],[32.615092,26.188142],[32.615539,26.18759],[32.615789,26.187724],[32.616104,26.187392],[32.616372,26.187467],[32.616538,26.187323],[32.616161,26.187119],[32.616302,26.186962],[32.61678,26.187219],[32.616823,26.18714],[32.61651,26.186971],[32.616604,26.186729],[32.616404,26.186578],[32.617043,26.186135],[32.61724,26.185718],[32.617342,26.185783],[32.617472,26.18558],[32.617769,26.185769],[32.618592,26.18525],[32.618768,26.184945],[32.617648,26.184557],[32.616953,26.185269],[32.616622,26.185129],[32.616823,26.184833],[32.615954,26.184513],[32.616003,26.184281],[32.61658,26.184524],[32.616697,26.184082],[32.6155,26.183316],[32.61331,26.181509]]],[[[32.603352,26.187297],[32.603592,26.186878],[32.604047,26.186993],[32.60407,26.186773],[32.604436,26.186878],[32.604622,26.186056],[32.604889,26.186116],[32.604839,26.186336],[32.605134,26.186403],[32.605279,26.185761],[32.605636,26.185888],[32.605708,26.185683],[32.6054,26.185574],[32.605577,26.185554],[32.605663,26.185414],[32.605408,26.185297],[32.60545,26.185129],[32.605735,26.185243],[32.606218,26.18423],[32.60645,26.184263],[32.606498,26.183926],[32.606169,26.183879],[32.605891,26.184074],[32.605686,26.183921],[32.605774,26.183822],[32.605639,26.183818],[32.605586,26.18399],[32.605467,26.183953],[32.60553,26.183426],[32.605238,26.183335],[32.605083,26.183769],[32.60477,26.183716],[32.605072,26.182646],[32.604646,26.182476],[32.604678,26.182281],[32.604466,26.182245],[32.604161,26.183297],[32.60399,26.183247],[32.603774,26.18399],[32.603524,26.183884],[32.603675,26.183528],[32.603473,26.183479],[32.603638,26.183056],[32.603222,26.182894],[32.60357,26.181774],[32.603398,26.181743],[32.603288,26.182206],[32.603043,26.182217],[32.60291,26.182542],[32.602781,26.18249],[32.602838,26.182352],[32.60264,26.182271],[32.602852,26.181634],[32.602682,26.181593],[32.602498,26.182344],[32.602246,26.182304],[32.602045,26.182644],[32.601756,26.182598],[32.601666,26.18237],[32.601542,26.182351],[32.60129,26.18291],[32.601106,26.18288],[32.60094,26.183181],[32.600683,26.18314],[32.600797,26.182855],[32.600602,26.182786],[32.600368,26.183431],[32.600101,26.183353],[32.600152,26.183104],[32.599952,26.183067],[32.600098,26.182834],[32.599531,26.182645],[32.599264,26.183134],[32.598868,26.182991],[32.59876,26.183164],[32.59831,26.183092],[32.598187,26.18353],[32.598922,26.183659],[32.598525,26.184586],[32.598222,26.184511],[32.59818,26.184679],[32.598428,26.184741],[32.59833,26.18486],[32.5986,26.184914],[32.598625,26.184791],[32.599436,26.185036],[32.599384,26.185208],[32.599901,26.185242],[32.599893,26.185362],[32.600148,26.185503],[32.600045,26.185965],[32.600397,26.186044],[32.600347,26.186268],[32.600193,26.186234],[32.600105,26.186629],[32.600259,26.186663],[32.600298,26.186488],[32.600451,26.186522],[32.600412,26.186697],[32.601004,26.186742],[32.600985,26.186986],[32.601505,26.18714],[32.601592,26.186845],[32.602001,26.186875],[32.601988,26.187062],[32.602225,26.187079],[32.602051,26.188153],[32.603156,26.188561],[32.603314,26.187986],[32.602856,26.18786],[32.603034,26.18721],[32.603352,26.187297]]],[[[32.595349,26.172361],[32.595127,26.172678],[32.598707,26.175427],[32.600292,26.176358],[32.601334,26.176629],[32.603948,26.176853],[32.604271,26.176965],[32.605792,26.178195],[32.608103,26.180384],[32.607046,26.183393],[32.606951,26.183775],[32.607028,26.184238],[32.60952,26.186343],[32.609785,26.186422],[32.609945,26.186089],[32.610145,26.186131],[32.610181,26.185958],[32.61032,26.185987],[32.610487,26.185552],[32.610746,26.185651],[32.610964,26.184587],[32.610678,26.184561],[32.610767,26.184291],[32.610621,26.184243],[32.610805,26.183391],[32.611049,26.183444],[32.610948,26.183911],[32.611363,26.184062],[32.611697,26.184134],[32.611764,26.183823],[32.612081,26.183892],[32.612113,26.183743],[32.61272,26.183874],[32.612792,26.183537],[32.612673,26.183511],[32.612797,26.183194],[32.613045,26.183227],[32.613191,26.182721],[32.612981,26.182661],[32.613177,26.182346],[32.613008,26.1823],[32.613228,26.18216],[32.613036,26.182079],[32.61331,26.181509],[32.609224,26.178249],[32.607858,26.177525],[32.595349,26.172361]]],[[[32.594745,26.173348],[32.595349,26.172361],[32.59406,26.171393],[32.593951,26.171661],[32.593424,26.172075],[32.594009,26.172511],[32.594425,26.172191],[32.594857,26.172473],[32.594488,26.173258],[32.594745,26.173348]]],[[[32.621667,26.192542],[32.622026,26.191844],[32.621839,26.191692],[32.622232,26.191411],[32.622586,26.191333],[32.622261,26.190959],[32.622443,26.19062],[32.62222,26.190539],[32.622328,26.190237],[32.622133,26.190167],[32.622051,26.190396],[32.621562,26.19022],[32.621452,26.190525],[32.62109,26.190149],[32.621465,26.189554],[32.62139,26.189493],[32.621149,26.18979],[32.62104,26.189702],[32.62121,26.189494],[32.620875,26.189307],[32.621514,26.188449],[32.621112,26.188231],[32.620383,26.189],[32.619628,26.188588],[32.619785,26.188416],[32.619643,26.188331],[32.619275,26.18858],[32.619147,26.188459],[32.619379,26.188278],[32.619137,26.188054],[32.619055,26.188143],[32.618958,26.188053],[32.618772,26.188416],[32.618906,26.188539],[32.618796,26.188658],[32.61851,26.188396],[32.617932,26.18908],[32.618404,26.189335],[32.618382,26.189445],[32.6188,26.189602],[32.618703,26.189861],[32.618226,26.189696],[32.617867,26.19061],[32.617597,26.190502],[32.617541,26.190643],[32.617853,26.190718],[32.617636,26.191112],[32.617995,26.191166],[32.617862,26.191406],[32.618275,26.191544],[32.617715,26.192301],[32.618167,26.192512],[32.618339,26.19235],[32.618546,26.192419],[32.619116,26.191343],[32.61946,26.191392],[32.619593,26.191146],[32.619943,26.191335],[32.619868,26.191539],[32.620644,26.192006],[32.62034,26.192335],[32.620536,26.192424],[32.620619,26.19224],[32.620895,26.192364],[32.620935,26.192275],[32.621667,26.192542]]],[[[32.613303,26.191056],[32.613136,26.191286],[32.612886,26.191161],[32.612825,26.191283],[32.612727,26.191236],[32.612548,26.191699],[32.612371,26.191675],[32.612158,26.192411],[32.611792,26.192361],[32.611162,26.19197],[32.618839,26.196763],[32.619125,26.195665],[32.61888,26.195034],[32.613303,26.191056]]],[[[32.646744,26.189296],[32.647511,26.191955],[32.652869,26.190425],[32.653537,26.190323],[32.654503,26.190442],[32.656852,26.191185],[32.658127,26.191324],[32.664192,26.190174],[32.666927,26.188495],[32.667177,26.188151],[32.667272,26.187522],[32.667165,26.187057],[32.664793,26.187032],[32.661322,26.186332],[32.660502,26.186323],[32.653811,26.187573],[32.646744,26.189296]]],[[[32.64625,26.189432],[32.642613,26.190614],[32.640945,26.190901],[32.63954,26.190733],[32.635983,26.18984],[32.635299,26.196501],[32.634124,26.198651],[32.634002,26.19916],[32.638678,26.197768],[32.64229,26.195762],[32.645544,26.194719],[32.646352,26.194294],[32.647042,26.193498],[32.647299,26.192381],[32.647141,26.191401],[32.646642,26.190011],[32.64625,26.189432]]],[[[32.669616,26.186553],[32.668033,26.18697],[32.667165,26.187057],[32.667276,26.187628],[32.667177,26.188151],[32.668026,26.188031],[32.669449,26.187582],[32.669919,26.1877],[32.669616,26.186553]]],[[[32.473715,26.126],[32.482624,26.126959],[32.482623,26.124734],[32.482121,26.124722],[32.482143,26.125132],[32.482017,26.125147],[32.481967,26.12473],[32.48153,26.124681],[32.481616,26.125412],[32.481949,26.125438],[32.482104,26.125662],[32.482519,26.125694],[32.482503,26.125905],[32.482383,26.125896],[32.482477,26.12624],[32.48205,26.126355],[32.481975,26.126613],[32.481766,26.126552],[32.481811,26.126395],[32.481548,26.126381],[32.481555,26.126241],[32.481819,26.126255],[32.481757,26.125699],[32.481854,26.125583],[32.480945,26.125584],[32.481037,26.125256],[32.480905,26.125202],[32.480736,26.125614],[32.480373,26.125222],[32.480191,26.125177],[32.480246,26.124954],[32.479919,26.124873],[32.479958,26.124714],[32.479736,26.124659],[32.479665,26.124947],[32.479475,26.124797],[32.479519,26.124543],[32.479781,26.124588],[32.479826,26.124453],[32.479579,26.12437],[32.479597,26.124203],[32.479784,26.124281],[32.479856,26.124108],[32.480023,26.124127],[32.480124,26.123694],[32.480383,26.123723],[32.480309,26.124724],[32.480555,26.124752],[32.480541,26.124882],[32.480683,26.124898],[32.480727,26.124499],[32.48099,26.124528],[32.48096,26.124797],[32.481063,26.124808],[32.48112,26.12429],[32.482015,26.124303],[32.482024,26.124083],[32.482288,26.123989],[32.482293,26.123875],[32.482275,26.12429],[32.482623,26.124305],[32.482556,26.122179],[32.48218,26.122251],[32.482223,26.121947],[32.48194,26.121983],[32.481945,26.121796],[32.482204,26.121757],[32.48217,26.121295],[32.481897,26.121288],[32.481901,26.121116],[32.482143,26.121076],[32.482122,26.120949],[32.48188,26.12099],[32.481882,26.120839],[32.481567,26.12079],[32.481556,26.121067],[32.481695,26.121072],[32.481738,26.121326],[32.481858,26.121336],[32.48191,26.121649],[32.481559,26.121787],[32.481559,26.122282],[32.481317,26.122322],[32.481339,26.122457],[32.480865,26.122536],[32.48078,26.12284],[32.480643,26.122836],[32.480627,26.121991],[32.480383,26.121983],[32.480365,26.122999],[32.479939,26.122944],[32.479927,26.122181],[32.479783,26.122084],[32.479663,26.122074],[32.479691,26.122573],[32.479526,26.122554],[32.479549,26.121686],[32.479429,26.121693],[32.479421,26.121918],[32.479339,26.121877],[32.479324,26.120922],[32.479067,26.120926],[32.478991,26.120547],[32.478871,26.120532],[32.478755,26.122521],[32.478672,26.122502],[32.478669,26.122846],[32.47835,26.122832],[32.478347,26.12239],[32.477965,26.122355],[32.477965,26.122182],[32.477848,26.122182],[32.477848,26.121404],[32.477683,26.121372],[32.47768,26.121641],[32.477834,26.121643],[32.477742,26.121712],[32.477828,26.122182],[32.477584,26.122179],[32.477678,26.121815],[32.477474,26.121812],[32.477528,26.122178],[32.477308,26.122176],[32.477284,26.122265],[32.477157,26.12223],[32.477157,26.121712],[32.476852,26.121712],[32.476852,26.121505],[32.476666,26.121505],[32.476666,26.121297],[32.47645,26.121297],[32.47645,26.121022],[32.476666,26.121022],[32.476666,26.120385],[32.472588,26.120306],[32.470311,26.119912],[32.467081,26.118837],[32.464053,26.117293],[32.4622,26.116776],[32.458809,26.116368],[32.454813,26.116181],[32.454857,26.116376],[32.454442,26.118009],[32.454142,26.117986],[32.453972,26.118617],[32.454117,26.118656],[32.453705,26.120184],[32.453274,26.120068],[32.453323,26.120379],[32.452638,26.120622],[32.452671,26.120918],[32.452523,26.12115],[32.4546,26.121935],[32.473715,26.126]],[[32.475771,26.125142],[32.475951,26.125064],[32.476054,26.1247],[32.476435,26.124767],[32.476375,26.124976],[32.476558,26.125033],[32.476408,26.125135],[32.476427,26.125391],[32.475557,26.125273],[32.475507,26.125467],[32.475318,26.125418],[32.47528,26.125565],[32.475512,26.12558],[32.475458,26.125788],[32.474816,26.125627],[32.475005,26.124875],[32.475301,26.125009],[32.475514,26.124606],[32.475911,26.124686],[32.475706,26.124931],[32.475628,26.124891],[32.475589,26.12504],[32.475771,26.125142]]],[[[32.498801,26.123044],[32.497995,26.12249],[32.497029,26.122548],[32.497102,26.123149],[32.498801,26.123044]]],[[[32.478083,26.120295],[32.476666,26.120385],[32.476666,26.121022],[32.47645,26.121022],[32.47645,26.121297],[32.476666,26.121297],[32.476666,26.121505],[32.476852,26.121505],[32.476852,26.121712],[32.477157,26.121712],[32.477157,26.12223],[32.477528,26.122178],[32.477474,26.121812],[32.477678,26.121815],[32.477584,26.122179],[32.477828,26.122182],[32.477742,26.121712],[32.477834,26.121643],[32.47768,26.121641],[32.477683,26.121372],[32.477848,26.121404],[32.477848,26.122182],[32.477965,26.122182],[32.477965,26.122355],[32.478303,26.122355],[32.478303,26.121649],[32.478196,26.121461],[32.478303,26.121461],[32.478303,26.121022],[32.478199,26.12099],[32.478083,26.120295]]],[[[32.482556,26.122179],[32.48248,26.119923],[32.480595,26.120263],[32.480334,26.120157],[32.478083,26.120295],[32.478199,26.12099],[32.478303,26.121022],[32.478303,26.121461],[32.478196,26.121461],[32.478303,26.121649],[32.47835,26.122832],[32.478669,26.122846],[32.478672,26.122502],[32.478755,26.122521],[32.478871,26.120532],[32.478991,26.120547],[32.479067,26.120926],[32.479324,26.120922],[32.479339,26.121877],[32.479421,26.121918],[32.479429,26.121693],[32.479549,26.121686],[32.479526,26.122554],[32.479691,26.122573],[32.479663,26.122074],[32.479927,26.122181],[32.479939,26.122944],[32.480365,26.122999],[32.480383,26.121983],[32.480627,26.121991],[32.480643,26.122836],[32.480893,26.122704],[32.480865,26.122536],[32.481339,26.122457],[32.481317,26.122322],[32.481559,26.122282],[32.481559,26.121787],[32.48191,26.121649],[32.481858,26.121336],[32.481738,26.121326],[32.481695,26.121072],[32.481556,26.121067],[32.481567,26.12079],[32.481882,26.120839],[32.48188,26.12099],[32.482122,26.120949],[32.482143,26.121076],[32.481901,26.121116],[32.481897,26.121288],[32.48217,26.121295],[32.482204,26.121757],[32.481945,26.121796],[32.48194,26.121983],[32.482223,26.121947],[32.48218,26.122251],[32.482556,26.122179]]],[[[32.482623,26.124734],[32.482623,26.124305],[32.482275,26.12429],[32.482293,26.123875],[32.482288,26.123989],[32.482024,26.124083],[32.482015,26.124303],[32.48112,26.12429],[32.481063,26.124808],[32.48096,26.124797],[32.48099,26.124528],[32.480727,26.124499],[32.480683,26.124898],[32.480541,26.124882],[32.480555,26.124752],[32.480309,26.124724],[32.480383,26.123723],[32.480124,26.123694],[32.480023,26.124127],[32.479856,26.124108],[32.479784,26.124281],[32.479597,26.124203],[32.479579,26.12437],[32.479826,26.124453],[32.479781,26.124588],[32.479519,26.124543],[32.479475,26.124797],[32.479665,26.124947],[32.479736,26.124659],[32.479958,26.124714],[32.479919,26.124873],[32.480246,26.124954],[32.480191,26.125177],[32.480373,26.125222],[32.480736,26.125614],[32.480905,26.125202],[32.481037,26.125256],[32.480945,26.125584],[32.481571,26.125624],[32.481668,26.125173],[32.48153,26.124681],[32.481967,26.12473],[32.482017,26.125147],[32.482143,26.125132],[32.482121,26.124722],[32.482623,26.124734]]],[[[32.47528,26.125565],[32.475318,26.125418],[32.475507,26.125467],[32.475557,26.125273],[32.475738,26.125271],[32.475628,26.124891],[32.475706,26.124931],[32.475911,26.124686],[32.475514,26.124606],[32.475301,26.125009],[32.475005,26.124875],[32.474816,26.125627],[32.475458,26.125788],[32.475512,26.12558],[32.47528,26.125565]]],[[[32.475951,26.125064],[32.475738,26.125271],[32.476427,26.125391],[32.476408,26.125135],[32.476558,26.125033],[32.476375,26.124976],[32.476435,26.124767],[32.476054,26.1247],[32.475951,26.125064]]],[[[32.498818,26.125735],[32.497627,26.12598],[32.497736,26.126469],[32.497508,26.12697],[32.497602,26.127038],[32.498818,26.125735]]],[[[32.508428,26.123758],[32.506473,26.124171],[32.506684,26.125185],[32.507159,26.125085],[32.507205,26.125305],[32.50796,26.125241],[32.507914,26.125022],[32.508771,26.124842],[32.5087,26.124502],[32.509047,26.124429],[32.509046,26.125127],[32.509493,26.125127],[32.509375,26.124195],[32.508577,26.124295],[32.508428,26.123758]]],[[[32.51068,26.1262],[32.51098,26.126191],[32.510973,26.125952],[32.511138,26.125947],[32.511066,26.125695],[32.510846,26.125757],[32.510758,26.12557],[32.510327,26.125684],[32.510238,26.125937],[32.510513,26.12643],[32.510686,26.126401],[32.51068,26.1262]]],[[[32.512555,26.12572],[32.512488,26.125263],[32.512673,26.12527],[32.512687,26.124866],[32.512223,26.124941],[32.512241,26.12536],[32.51197,26.125413],[32.511884,26.124978],[32.511762,26.125002],[32.511983,26.125629],[32.512294,26.125584],[32.512319,26.125754],[32.512555,26.12572]]],[[[32.515456,26.122252],[32.508428,26.123758],[32.508577,26.124295],[32.509375,26.124195],[32.509493,26.125127],[32.509046,26.125127],[32.509047,26.124429],[32.5087,26.124502],[32.508771,26.124842],[32.507914,26.125022],[32.50796,26.125241],[32.507205,26.125305],[32.507159,26.125085],[32.506684,26.125185],[32.506473,26.124171],[32.501061,26.125275],[32.501092,26.125594],[32.50135,26.125569],[32.50136,26.125676],[32.500225,26.125678],[32.500144,26.125866],[32.50038,26.125879],[32.500371,26.126039],[32.500549,26.126049],[32.500541,26.126183],[32.500086,26.126157],[32.500054,26.126315],[32.499736,26.126251],[32.499682,26.12652],[32.499862,26.126556],[32.499825,26.126743],[32.499644,26.126707],[32.499586,26.127],[32.49918,26.126856],[32.498948,26.127353],[32.499203,26.127472],[32.498957,26.127835],[32.498985,26.127972],[32.499089,26.127951],[32.499058,26.128409],[32.498928,26.128401],[32.498803,26.128855],[32.499847,26.128822],[32.499862,26.129067],[32.49949,26.12909],[32.499641,26.12953],[32.49837,26.12951],[32.497978,26.130865],[32.498168,26.132031],[32.498878,26.131986],[32.499018,26.132654],[32.498567,26.132682],[32.498809,26.132936],[32.50001,26.132974],[32.502979,26.133694],[32.502868,26.134497],[32.503127,26.134533],[32.503238,26.13373],[32.503595,26.133865],[32.503356,26.134724],[32.503354,26.135259],[32.495652,26.135171],[32.512202,26.141747],[32.512177,26.135086],[32.512205,26.134375],[32.512418,26.133965],[32.512769,26.133628],[32.513505,26.133277],[32.518279,26.133275],[32.516655,26.12638],[32.515456,26.122252]],[[32.512687,26.124866],[32.512673,26.12527],[32.512488,26.125263],[32.512555,26.12572],[32.512319,26.125754],[32.512294,26.125584],[32.511983,26.125629],[32.511762,26.125002],[32.511884,26.124978],[32.51197,26.125413],[32.512241,26.12536],[32.512223,26.124941],[32.512687,26.124866]],[[32.510758,26.12557],[32.510846,26.125757],[32.511066,26.125695],[32.511138,26.125947],[32.510973,26.125952],[32.51098,26.126191],[32.51068,26.1262],[32.510686,26.126401],[32.510513,26.12643],[32.510238,26.125937],[32.510327,26.125684],[32.510758,26.12557]]],[[[32.55776,26.159642],[32.557775,26.159759],[32.557777,26.15976],[32.55776,26.159642]]],[[[32.591017,26.168295],[32.59033,26.167196],[32.589406,26.165316],[32.587938,26.16321],[32.587366,26.163475],[32.586948,26.163491],[32.581755,26.161815],[32.578734,26.161269],[32.576719,26.161088],[32.576509,26.16351],[32.577404,26.163598],[32.577476,26.162866],[32.577601,26.162871],[32.577557,26.163352],[32.577972,26.16341],[32.57794,26.163646],[32.578359,26.163704],[32.578551,26.163393],[32.578755,26.163413],[32.578778,26.163613],[32.579151,26.163719],[32.579406,26.163237],[32.579497,26.163264],[32.579339,26.163807],[32.579442,26.163857],[32.5796,26.163527],[32.579744,26.163519],[32.579734,26.163323],[32.579886,26.163358],[32.579837,26.163565],[32.57998,26.163576],[32.579968,26.163739],[32.580217,26.163758],[32.580251,26.16392],[32.579579,26.164061],[32.579418,26.16483],[32.578983,26.164893],[32.579041,26.165133],[32.578625,26.165141],[32.578521,26.165435],[32.578298,26.165401],[32.578193,26.166087],[32.578633,26.166154],[32.578633,26.166322],[32.578307,26.166322],[32.578307,26.166675],[32.577946,26.166676],[32.577946,26.166841],[32.572591,26.166408],[32.572025,26.166561],[32.571284,26.16707],[32.582599,26.174135],[32.5827,26.173788],[32.584023,26.173673],[32.590198,26.170295],[32.59052,26.17007],[32.591017,26.168295]],[[32.579243,26.168478],[32.579248,26.168865],[32.57954,26.168862],[32.579544,26.169181],[32.579987,26.169168],[32.579931,26.169435],[32.580288,26.169511],[32.580263,26.168808],[32.580359,26.169397],[32.580479,26.169393],[32.580488,26.168784],[32.580893,26.168751],[32.581028,26.169011],[32.581456,26.168976],[32.581688,26.168802],[32.58208,26.168805],[32.582179,26.168682],[32.582535,26.168757],[32.58261,26.169339],[32.58293,26.169298],[32.582972,26.169625],[32.583161,26.1696],[32.583103,26.169151],[32.583252,26.169165],[32.583236,26.16934],[32.583384,26.169348],[32.583507,26.169621],[32.58372,26.169621],[32.583699,26.168819],[32.583884,26.168809],[32.583876,26.168508],[32.584018,26.168506],[32.584024,26.168795],[32.58416,26.168799],[32.584178,26.168573],[32.584408,26.168688],[32.584421,26.168857],[32.584615,26.168772],[32.584651,26.168609],[32.585477,26.168792],[32.585255,26.169192],[32.585401,26.169228],[32.585401,26.169414],[32.586061,26.169504],[32.586036,26.169688],[32.585821,26.169863],[32.585356,26.169866],[32.585347,26.170183],[32.585052,26.170158],[32.585019,26.170444],[32.584467,26.170672],[32.584462,26.170453],[32.584334,26.170453],[32.584314,26.170329],[32.583994,26.170347],[32.583906,26.170451],[32.583873,26.170246],[32.583633,26.170314],[32.583684,26.170666],[32.582267,26.170916],[32.582109,26.171096],[32.582194,26.171626],[32.581963,26.171641],[32.581891,26.171187],[32.581792,26.171197],[32.581757,26.171718],[32.581556,26.171682],[32.581497,26.171262],[32.581637,26.171239],[32.581558,26.171027],[32.581699,26.170983],[32.581642,26.170759],[32.581422,26.170665],[32.581312,26.170368],[32.581022,26.170407],[32.581049,26.170563],[32.580825,26.170579],[32.580816,26.171215],[32.580212,26.171312],[32.580131,26.170917],[32.579865,26.170957],[32.579781,26.170514],[32.579308,26.170724],[32.579255,26.170448],[32.578913,26.170513],[32.578877,26.170325],[32.578739,26.170352],[32.578789,26.169554],[32.57868,26.169547],[32.578644,26.169147],[32.579193,26.169186],[32.579243,26.168478]]],[[[32.523656,26.132836],[32.523658,26.132831],[32.523565,26.132849],[32.523656,26.132836]]],[[[32.569077,26.160983],[32.56931,26.159098],[32.569205,26.159094],[32.569155,26.159282],[32.569016,26.159271],[32.569,26.159472],[32.568662,26.159436],[32.568666,26.159305],[32.568404,26.159298],[32.568393,26.159086],[32.568131,26.159044],[32.568088,26.159783],[32.567688,26.159744],[32.567707,26.159555],[32.567588,26.159536],[32.567639,26.15888],[32.567411,26.158828],[32.567328,26.15918],[32.567065,26.159221],[32.567007,26.159736],[32.567145,26.159756],[32.567111,26.15996],[32.566671,26.159925],[32.566672,26.159387],[32.566329,26.159543],[32.565947,26.159513],[32.565932,26.158354],[32.565298,26.155774],[32.565259,26.155991],[32.564936,26.15604],[32.56503,26.156468],[32.56483,26.156512],[32.56483,26.156299],[32.564641,26.156341],[32.564619,26.156513],[32.5643,26.156352],[32.564299,26.155802],[32.564066,26.155809],[32.564063,26.156301],[32.56386,26.156305],[32.563845,26.156567],[32.563308,26.156492],[32.563308,26.156135],[32.562849,26.156235],[32.562837,26.155255],[32.56128,26.15592],[32.561241,26.155835],[32.560907,26.155905],[32.560883,26.155184],[32.560799,26.155184],[32.560714,26.155945],[32.560086,26.155881],[32.560036,26.154923],[32.559747,26.154965],[32.559747,26.154444],[32.559285,26.154387],[32.559249,26.153067],[32.557641,26.15258],[32.557832,26.151894],[32.552616,26.150689],[32.552532,26.151155],[32.553146,26.151377],[32.553149,26.151816],[32.553384,26.151895],[32.553479,26.151317],[32.553847,26.151374],[32.553849,26.151777],[32.554119,26.151867],[32.554253,26.151541],[32.556752,26.152444],[32.556753,26.152771],[32.556988,26.15277],[32.556773,26.153579],[32.556404,26.153581],[32.556407,26.154166],[32.556776,26.154234],[32.55678,26.155025],[32.556227,26.155028],[32.556134,26.155727],[32.557713,26.155803],[32.557713,26.155888],[32.556681,26.155908],[32.557042,26.158765],[32.55764,26.158791],[32.557777,26.15976],[32.557987,26.159843],[32.557775,26.15976],[32.562642,26.161674],[32.567832,26.164916],[32.568189,26.164521],[32.568032,26.164527],[32.56806,26.164395],[32.567671,26.164363],[32.567659,26.164112],[32.567455,26.164128],[32.567447,26.163872],[32.568185,26.163884],[32.568138,26.164088],[32.568354,26.164092],[32.568495,26.16284],[32.567726,26.162789],[32.567763,26.162612],[32.567627,26.162565],[32.567655,26.162785],[32.567482,26.162797],[32.567535,26.162613],[32.567424,26.162589],[32.567408,26.162816],[32.567015,26.162808],[32.566968,26.162396],[32.567274,26.162431],[32.567349,26.162235],[32.567687,26.16238],[32.567695,26.162149],[32.568075,26.162223],[32.568032,26.161737],[32.568264,26.161764],[32.568213,26.161434],[32.568359,26.161095],[32.568507,26.161117],[32.568539,26.160903],[32.569077,26.160983]],[[32.562715,26.160277],[32.562483,26.160296],[32.562402,26.159304],[32.56307,26.159249],[32.563088,26.159466],[32.562921,26.159548],[32.562906,26.160179],[32.562718,26.160174],[32.562715,26.160277]],[[32.564941,26.159362],[32.564951,26.159045],[32.564712,26.15913],[32.564802,26.158646],[32.564565,26.158617],[32.564374,26.159352],[32.564145,26.159286],[32.5644,26.158418],[32.564634,26.158447],[32.564681,26.15807],[32.564509,26.158049],[32.564723,26.157506],[32.564269,26.15745],[32.564298,26.157213],[32.565102,26.157108],[32.565102,26.156869],[32.565452,26.156793],[32.565868,26.158359],[32.565854,26.159579],[32.565274,26.159508],[32.565291,26.159366],[32.564941,26.159362]],[[32.560457,26.159072],[32.560522,26.159317],[32.560373,26.159886],[32.560136,26.159919],[32.560138,26.159757],[32.559448,26.159704],[32.559432,26.15931],[32.560457,26.159072]]],[[[32.575588,26.160824],[32.57547,26.160815],[32.575588,26.160826],[32.575588,26.160824]]],[[[32.575588,26.160824],[32.575588,26.160826],[32.575696,26.160832],[32.575588,26.160824]]],[[[32.578193,26.166087],[32.578298,26.165401],[32.578521,26.165435],[32.578625,26.165141],[32.579041,26.165133],[32.578983,26.164893],[32.579418,26.16483],[32.579579,26.164061],[32.580251,26.16392],[32.580217,26.163758],[32.579968,26.163739],[32.57998,26.163576],[32.579837,26.163565],[32.579886,26.163358],[32.579734,26.163323],[32.579744,26.163519],[32.5796,26.163527],[32.579442,26.163857],[32.579339,26.163807],[32.579497,26.163264],[32.579406,26.163237],[32.579151,26.163719],[32.578778,26.163613],[32.578755,26.163413],[32.578551,26.163393],[32.578359,26.163704],[32.57794,26.163646],[32.577972,26.16341],[32.577557,26.163352],[32.577601,26.162871],[32.577476,26.162866],[32.577404,26.163598],[32.576509,26.16351],[32.576644,26.164638],[32.576526,26.164652],[32.576555,26.164894],[32.575595,26.16492],[32.5755,26.163905],[32.57536,26.163918],[32.575347,26.164239],[32.574969,26.164284],[32.574998,26.1644],[32.574623,26.164251],[32.574532,26.164029],[32.57417,26.163963],[32.574114,26.164498],[32.573985,26.164527],[32.573938,26.16432],[32.57382,26.164305],[32.573783,26.164618],[32.574948,26.164803],[32.57503,26.164988],[32.575636,26.165075],[32.575755,26.165309],[32.57559,26.165342],[32.575673,26.165754],[32.575846,26.165824],[32.575733,26.166057],[32.574995,26.165994],[32.574981,26.166635],[32.577946,26.166841],[32.577946,26.166676],[32.578307,26.166675],[32.578307,26.166322],[32.578633,26.166322],[32.578633,26.166154],[32.578193,26.166087]]],[[[32.571856,26.165328],[32.572003,26.164315],[32.572479,26.164433],[32.572419,26.164742],[32.572583,26.164757],[32.572634,26.164428],[32.572892,26.164484],[32.572939,26.163964],[32.572744,26.163924],[32.572737,26.163393],[32.571931,26.163271],[32.571869,26.163826],[32.570789,26.163839],[32.570794,26.164261],[32.571782,26.164339],[32.571688,26.16533],[32.571856,26.165328]]],[[[32.570362,26.166495],[32.570525,26.166597],[32.570741,26.16529],[32.570886,26.165342],[32.570957,26.165144],[32.570803,26.165089],[32.570915,26.164777],[32.570685,26.164803],[32.570661,26.164587],[32.570564,26.164573],[32.570503,26.165003],[32.570328,26.165001],[32.57033,26.1648],[32.570167,26.164798],[32.570165,26.165],[32.56986,26.164997],[32.569821,26.165245],[32.570349,26.165328],[32.570214,26.166192],[32.570404,26.166222],[32.570362,26.166495]]],[[[32.581792,26.171197],[32.581891,26.171187],[32.581963,26.171641],[32.582194,26.171626],[32.582109,26.171096],[32.582267,26.170916],[32.583684,26.170666],[32.583633,26.170314],[32.583873,26.170246],[32.583906,26.170451],[32.583994,26.170347],[32.584314,26.170329],[32.584334,26.170453],[32.584462,26.170453],[32.584467,26.170672],[32.584859,26.170537],[32.585019,26.170444],[32.585052,26.170158],[32.585347,26.170183],[32.585356,26.169866],[32.585821,26.169863],[32.586036,26.169688],[32.586061,26.169504],[32.585401,26.169414],[32.585401,26.169228],[32.585255,26.169192],[32.585477,26.168792],[32.584651,26.168609],[32.584615,26.168772],[32.584421,26.168857],[32.584408,26.168688],[32.584178,26.168573],[32.58416,26.168799],[32.584024,26.168795],[32.584018,26.168506],[32.583876,26.168508],[32.583884,26.168809],[32.583699,26.168819],[32.58372,26.169621],[32.583507,26.169621],[32.583384,26.169348],[32.583236,26.16934],[32.583252,26.169165],[32.583103,26.169151],[32.583161,26.1696],[32.582972,26.169625],[32.58293,26.169298],[32.58261,26.169339],[32.582535,26.168757],[32.582179,26.168682],[32.58208,26.168805],[32.581688,26.168802],[32.581456,26.168976],[32.581028,26.169011],[32.580893,26.168751],[32.580488,26.168784],[32.580479,26.169393],[32.580359,26.169397],[32.580263,26.168808],[32.580288,26.169511],[32.579931,26.169435],[32.579987,26.169168],[32.579544,26.169181],[32.57954,26.168862],[32.579248,26.168865],[32.579184,26.168478],[32.579193,26.169186],[32.578644,26.169147],[32.57868,26.169547],[32.578789,26.169554],[32.578739,26.170352],[32.578877,26.170325],[32.578913,26.170513],[32.579255,26.170448],[32.579308,26.170724],[32.579781,26.170514],[32.579865,26.170957],[32.580131,26.170917],[32.580212,26.171312],[32.580816,26.171215],[32.580825,26.170579],[32.581049,26.170563],[32.581022,26.170407],[32.581312,26.170368],[32.581699,26.170983],[32.581558,26.171027],[32.581637,26.171239],[32.581497,26.171262],[32.581556,26.171682],[32.581757,26.171718],[32.581792,26.171197]]],[[[32.591017,26.168295],[32.59052,26.17007],[32.590198,26.170295],[32.584023,26.173673],[32.5827,26.173788],[32.582599,26.174135],[32.587272,26.177053],[32.58808,26.176708],[32.588705,26.176182],[32.591359,26.173139],[32.593786,26.171155],[32.591017,26.168295]]],[[[32.574358,26.1466],[32.572583,26.145603],[32.570776,26.144764],[32.570551,26.145409],[32.570141,26.145426],[32.570171,26.145264],[32.570004,26.145233],[32.569898,26.145807],[32.569765,26.145801],[32.569805,26.146247],[32.570049,26.146412],[32.570057,26.146262],[32.570179,26.146269],[32.570169,26.146446],[32.570353,26.146457],[32.570361,26.146312],[32.570606,26.146326],[32.570655,26.14615],[32.571034,26.146174],[32.571182,26.146394],[32.571035,26.14723],[32.571182,26.147276],[32.571249,26.147065],[32.571679,26.14713],[32.571685,26.147605],[32.571787,26.147125],[32.571958,26.147147],[32.572,26.14738],[32.57214,26.146976],[32.572151,26.147069],[32.572483,26.147139],[32.572445,26.147316],[32.572576,26.147344],[32.572649,26.146997],[32.573754,26.147133],[32.573815,26.146633],[32.57431,26.14677],[32.574358,26.1466]]],[[[32.555196,26.128855],[32.554837,26.129018],[32.556677,26.132139],[32.557592,26.133456],[32.566595,26.142209],[32.56809,26.143295],[32.576281,26.147452],[32.577615,26.14826],[32.578113,26.148724],[32.580999,26.152698],[32.580583,26.152445],[32.578075,26.148868],[32.576974,26.147939],[32.574358,26.1466],[32.57431,26.14677],[32.573815,26.146633],[32.573754,26.147133],[32.572649,26.146997],[32.572576,26.147344],[32.572445,26.147316],[32.572483,26.147139],[32.572151,26.147069],[32.57214,26.146976],[32.572,26.14738],[32.571958,26.147147],[32.571787,26.147125],[32.571685,26.147605],[32.571679,26.14713],[32.571249,26.147065],[32.571182,26.147276],[32.571035,26.14723],[32.571182,26.146394],[32.571034,26.146174],[32.570655,26.14615],[32.570606,26.146326],[32.570361,26.146312],[32.570353,26.146457],[32.570169,26.146446],[32.570179,26.146269],[32.570057,26.146262],[32.570049,26.146412],[32.569886,26.146352],[32.56975,26.146111],[32.569765,26.145801],[32.569898,26.145807],[32.570004,26.145233],[32.570171,26.145264],[32.570141,26.145426],[32.570551,26.145409],[32.570776,26.144764],[32.567334,26.142937],[32.558427,26.134507],[32.557147,26.133028],[32.554802,26.129081],[32.554652,26.129171],[32.554936,26.129646],[32.553852,26.130001],[32.55401,26.1303],[32.554287,26.130274],[32.554476,26.13052],[32.554994,26.130412],[32.55491,26.130007],[32.555045,26.129979],[32.555402,26.130919],[32.555176,26.131005],[32.555179,26.131244],[32.554133,26.131363],[32.55473,26.132339],[32.552539,26.132895],[32.552503,26.133436],[32.55217,26.133431],[32.552167,26.133681],[32.552363,26.133684],[32.552362,26.133787],[32.5533,26.133497],[32.553896,26.134727],[32.55445,26.134749],[32.554441,26.13497],[32.554573,26.135021],[32.554675,26.134758],[32.554955,26.134797],[32.555051,26.13517],[32.555333,26.135141],[32.555475,26.134606],[32.55611,26.134462],[32.55636,26.13462],[32.556526,26.134564],[32.556401,26.134194],[32.556553,26.134142],[32.556772,26.134488],[32.556955,26.134435],[32.557436,26.135121],[32.557301,26.135215],[32.557418,26.135382],[32.557282,26.135662],[32.556888,26.135866],[32.556348,26.134825],[32.556235,26.134884],[32.556534,26.136321],[32.553937,26.136413],[32.549453,26.136255],[32.548636,26.136394],[32.54862,26.135841],[32.548259,26.135852],[32.548214,26.136372],[32.547907,26.136378],[32.547717,26.136095],[32.547666,26.136314],[32.547363,26.136265],[32.547379,26.13611],[32.547155,26.136086],[32.547136,26.136177],[32.546954,26.136153],[32.54695,26.136294],[32.546194,26.136013],[32.545271,26.135899],[32.543787,26.136195],[32.543512,26.137567],[32.546322,26.137707],[32.550073,26.138996],[32.554032,26.141669],[32.562366,26.145654],[32.565718,26.146572],[32.565675,26.147952],[32.565767,26.147957],[32.565383,26.150217],[32.565587,26.150548],[32.564913,26.153213],[32.581931,26.156888],[32.582507,26.156832],[32.583259,26.156409],[32.582472,26.155118],[32.581085,26.152347],[32.57821,26.148252],[32.577261,26.147536],[32.570704,26.144237],[32.568023,26.142786],[32.566993,26.142056],[32.560029,26.13539],[32.557544,26.132852],[32.555196,26.128855]]],[[[32.551524,26.124316],[32.550249,26.123634],[32.54969,26.123437],[32.549559,26.124177],[32.549666,26.124255],[32.549808,26.12428],[32.549843,26.124083],[32.550085,26.12408],[32.550951,26.124439],[32.551,26.124288],[32.551438,26.12443],[32.551524,26.124316]]],[[[32.606602,26.141017],[32.606639,26.140687],[32.604874,26.137322],[32.603068,26.135262],[32.601137,26.133588],[32.594472,26.129863],[32.588456,26.127042],[32.586423,26.126407],[32.585013,26.126121],[32.586391,26.12892],[32.587852,26.13063],[32.587567,26.130873],[32.587858,26.131213],[32.588142,26.13097],[32.589042,26.132023],[32.588757,26.132266],[32.590003,26.133725],[32.590974,26.13449],[32.591631,26.134581],[32.593914,26.136313],[32.594305,26.13634],[32.594844,26.136699],[32.594873,26.136882],[32.595766,26.137147],[32.596987,26.137859],[32.597183,26.13809],[32.597071,26.138184],[32.597502,26.138321],[32.597671,26.138117],[32.598186,26.138241],[32.59919,26.138765],[32.59887,26.139174],[32.599936,26.139591],[32.601746,26.139934],[32.602646,26.140328],[32.602736,26.140122],[32.602899,26.140193],[32.602769,26.140491],[32.603143,26.140719],[32.603344,26.140389],[32.603729,26.140444],[32.603696,26.140676],[32.604399,26.140977],[32.604733,26.140479],[32.604733,26.140746],[32.60521,26.140937],[32.60496,26.141559],[32.606638,26.141994],[32.606847,26.141918],[32.606824,26.141108],[32.606602,26.141017]],[[32.596115,26.13621],[32.596288,26.13628],[32.596252,26.136369],[32.596583,26.136458],[32.596538,26.136626],[32.595971,26.136474],[32.595379,26.136138],[32.595302,26.136229],[32.595262,26.136065],[32.594478,26.135702],[32.591919,26.133489],[32.591783,26.133639],[32.591227,26.133137],[32.591118,26.132885],[32.592214,26.132061],[32.592201,26.132194],[32.592559,26.132412],[32.592246,26.132725],[32.592583,26.133062],[32.593192,26.132321],[32.593264,26.13238],[32.592904,26.132892],[32.593083,26.133067],[32.59357,26.132376],[32.593858,26.13251],[32.59329,26.133187],[32.593431,26.133305],[32.593223,26.133553],[32.594742,26.134437],[32.594453,26.134932],[32.595,26.135217],[32.59635,26.135225],[32.596208,26.135861],[32.596401,26.135904],[32.596328,26.136054],[32.59615,26.136021],[32.596115,26.13621]]],[[[32.596115,26.13621],[32.59615,26.136021],[32.596328,26.136054],[32.596401,26.135904],[32.596208,26.135861],[32.59635,26.135225],[32.595,26.135217],[32.594453,26.134932],[32.594742,26.134437],[32.593223,26.133553],[32.593431,26.133305],[32.59329,26.133187],[32.593858,26.13251],[32.59357,26.132376],[32.593083,26.133067],[32.592904,26.132892],[32.593264,26.13238],[32.593192,26.132321],[32.592583,26.133062],[32.592246,26.132725],[32.592559,26.132412],[32.592201,26.132194],[32.592214,26.132061],[32.591118,26.132885],[32.591227,26.133137],[32.591783,26.133639],[32.591919,26.133489],[32.594478,26.135702],[32.595262,26.136065],[32.595302,26.136229],[32.595379,26.136138],[32.595971,26.136474],[32.596538,26.136626],[32.596583,26.136458],[32.596252,26.136369],[32.596288,26.13628],[32.596115,26.13621]]],[[[32.583225,26.134311],[32.583289,26.134482],[32.582294,26.135418],[32.582362,26.135497],[32.583356,26.134582],[32.583536,26.134701],[32.583005,26.135305],[32.583114,26.135403],[32.582979,26.135548],[32.583081,26.135628],[32.58287,26.135854],[32.583005,26.135992],[32.583452,26.135472],[32.583649,26.135585],[32.583201,26.136],[32.58347,26.136218],[32.583717,26.13591],[32.583894,26.136052],[32.584102,26.135889],[32.584472,26.135947],[32.583976,26.136513],[32.584232,26.136573],[32.584324,26.13632],[32.584502,26.136496],[32.584181,26.13682],[32.584263,26.136929],[32.584079,26.137145],[32.584418,26.137332],[32.584381,26.137402],[32.584693,26.13748],[32.584289,26.137949],[32.585061,26.138429],[32.586073,26.137199],[32.586317,26.137348],[32.586324,26.137574],[32.586531,26.137701],[32.586777,26.137336],[32.586873,26.137394],[32.586167,26.13855],[32.586255,26.138604],[32.58678,26.137827],[32.586887,26.137892],[32.58664,26.138258],[32.586756,26.138329],[32.586525,26.138671],[32.586718,26.138788],[32.587173,26.138115],[32.587266,26.138178],[32.587129,26.138438],[32.587208,26.138466],[32.587624,26.137903],[32.587908,26.138066],[32.588002,26.137894],[32.588115,26.137959],[32.587025,26.139591],[32.587983,26.140207],[32.588748,26.138812],[32.588862,26.138875],[32.588982,26.138656],[32.589726,26.138993],[32.589781,26.138828],[32.589967,26.13889],[32.589784,26.139437],[32.589987,26.139505],[32.589867,26.139865],[32.59001,26.139913],[32.590258,26.13917],[32.590567,26.139273],[32.590463,26.13976],[32.590558,26.139998],[32.590778,26.139172],[32.589587,26.138534],[32.590207,26.13702],[32.59053,26.137062],[32.590632,26.136838],[32.5908,26.136915],[32.590874,26.136755],[32.591219,26.136913],[32.591498,26.136304],[32.590439,26.135539],[32.588602,26.133933],[32.588495,26.133657],[32.588401,26.13375],[32.588039,26.133417],[32.587913,26.133646],[32.587738,26.133576],[32.58785,26.133321],[32.587714,26.133275],[32.587469,26.133735],[32.58733,26.133666],[32.58687,26.134387],[32.586248,26.134156],[32.586139,26.134328],[32.585541,26.133831],[32.585609,26.133732],[32.585493,26.133676],[32.585374,26.133818],[32.585063,26.133564],[32.585132,26.133407],[32.585025,26.13334],[32.58449,26.133917],[32.58403,26.133617],[32.583881,26.133887],[32.583756,26.133753],[32.583225,26.134311]]],[[[32.577983,26.128503],[32.578892,26.129402],[32.579852,26.129985],[32.579467,26.128321],[32.5792,26.128444],[32.579241,26.128584],[32.578546,26.128791],[32.57838,26.12838],[32.577983,26.128503]]],[[[32.579748,26.13005],[32.578842,26.129488],[32.57805,26.128779],[32.577678,26.129645],[32.577295,26.129558],[32.577156,26.13017],[32.577749,26.130304],[32.577935,26.129874],[32.578444,26.129992],[32.578444,26.130178],[32.578997,26.130178],[32.579104,26.130289],[32.579748,26.13005]]],[[[32.57694,26.134349],[32.576944,26.134148],[32.578003,26.134301],[32.578049,26.134041],[32.578511,26.133898],[32.579005,26.133875],[32.57893,26.134112],[32.580446,26.134123],[32.580083,26.133019],[32.579143,26.132973],[32.579088,26.133101],[32.578515,26.133097],[32.577816,26.132895],[32.577864,26.13273],[32.577725,26.132627],[32.577627,26.132758],[32.577086,26.13265],[32.576746,26.133768],[32.576734,26.134345],[32.57694,26.134349]]],[[[32.58207,26.132805],[32.58263,26.13359],[32.583223,26.132986],[32.583481,26.133006],[32.583632,26.132822],[32.583684,26.132917],[32.583514,26.133114],[32.583622,26.133208],[32.584123,26.132629],[32.584076,26.132375],[32.584374,26.131942],[32.584046,26.132259],[32.583929,26.132179],[32.583863,26.132274],[32.583673,26.132144],[32.583905,26.131664],[32.583536,26.132085],[32.583158,26.131796],[32.582757,26.132321],[32.58207,26.132805]]],[[[32.585907,26.142836],[32.586188,26.142538],[32.586165,26.142664],[32.586473,26.142777],[32.586977,26.142222],[32.586724,26.142101],[32.586769,26.141886],[32.587265,26.141909],[32.587298,26.141353],[32.587836,26.141603],[32.58774,26.141937],[32.588003,26.141969],[32.588172,26.141449],[32.588799,26.141663],[32.588931,26.141476],[32.587601,26.140849],[32.585048,26.139377],[32.584365,26.138914],[32.584617,26.138689],[32.583871,26.138192],[32.583709,26.138369],[32.58338,26.138165],[32.583203,26.138418],[32.583051,26.138312],[32.582783,26.13863],[32.58293,26.138688],[32.582849,26.138812],[32.583306,26.139068],[32.583337,26.13898],[32.583605,26.139075],[32.582968,26.140008],[32.583162,26.140068],[32.583109,26.140238],[32.583314,26.140263],[32.58321,26.14064],[32.583514,26.140609],[32.583544,26.140746],[32.583735,26.140784],[32.58333,26.141729],[32.583516,26.141809],[32.583409,26.14206],[32.583661,26.142169],[32.583222,26.142939],[32.583861,26.143097],[32.584181,26.142113],[32.584189,26.142252],[32.584426,26.142323],[32.584339,26.142528],[32.584439,26.142561],[32.584545,26.142391],[32.584735,26.14246],[32.584638,26.142686],[32.584526,26.142638],[32.584436,26.142953],[32.585253,26.142836],[32.58542,26.142432],[32.585621,26.142434],[32.585432,26.14362],[32.585586,26.143633],[32.585725,26.142844],[32.585907,26.142836]]],[[[32.611876,26.14825],[32.610735,26.146691],[32.610696,26.146459],[32.609762,26.145466],[32.608273,26.143342],[32.607863,26.143204],[32.607721,26.143019],[32.607366,26.142373],[32.607518,26.142317],[32.607483,26.142067],[32.607023,26.141086],[32.606931,26.141096],[32.607131,26.141705],[32.606996,26.141843],[32.60698,26.142176],[32.606452,26.142152],[32.60637,26.142485],[32.605834,26.142176],[32.605541,26.142327],[32.602979,26.140977],[32.602609,26.140481],[32.601553,26.140133],[32.601419,26.140358],[32.598684,26.139458],[32.59832,26.139431],[32.597778,26.139129],[32.597742,26.13888],[32.597343,26.138756],[32.59707,26.138483],[32.596969,26.138658],[32.596667,26.138312],[32.596081,26.138063],[32.595619,26.138028],[32.594816,26.137619],[32.594909,26.137299],[32.594571,26.137202],[32.593923,26.136553],[32.593425,26.136331],[32.593062,26.136416],[32.591009,26.135008],[32.590403,26.134868],[32.590439,26.135539],[32.591498,26.136304],[32.591219,26.136913],[32.590874,26.136755],[32.5908,26.136915],[32.590632,26.136838],[32.59053,26.137062],[32.590207,26.13702],[32.589587,26.138534],[32.589823,26.13866],[32.589876,26.138578],[32.591157,26.139268],[32.594627,26.140782],[32.59567,26.14141],[32.598488,26.142252],[32.603276,26.143924],[32.605084,26.145277],[32.608076,26.146985],[32.608423,26.146694],[32.60861,26.146873],[32.608923,26.146674],[32.609201,26.146887],[32.609394,26.146641],[32.609157,26.146489],[32.609365,26.146252],[32.609286,26.146172],[32.609328,26.146103],[32.6096,26.146209],[32.609359,26.14652],[32.609851,26.146994],[32.609446,26.147373],[32.60929,26.147247],[32.609181,26.147369],[32.609052,26.147307],[32.608702,26.147739],[32.608864,26.148061],[32.609062,26.148093],[32.609149,26.147909],[32.609583,26.14795],[32.609518,26.148087],[32.609408,26.148035],[32.609106,26.148773],[32.609333,26.148818],[32.609248,26.148999],[32.609146,26.148921],[32.609061,26.149346],[32.609719,26.149422],[32.609752,26.149247],[32.609958,26.149286],[32.610195,26.148758],[32.610543,26.149008],[32.610643,26.148785],[32.61077,26.148809],[32.611011,26.148206],[32.611127,26.148462],[32.610945,26.148868],[32.611097,26.148936],[32.611317,26.148448],[32.611578,26.148601],[32.611876,26.14825]]],[[[32.608076,26.146985],[32.608702,26.147739],[32.609052,26.147307],[32.609181,26.147369],[32.60929,26.147247],[32.609446,26.147373],[32.609851,26.146994],[32.609359,26.14652],[32.6096,26.146209],[32.609328,26.146103],[32.609365,26.146252],[32.609157,26.146489],[32.609394,26.146641],[32.609201,26.146887],[32.608923,26.146674],[32.60861,26.146873],[32.608423,26.146694],[32.608076,26.146985]]],[[[32.621936,26.174923],[32.619639,26.173872],[32.617762,26.173568],[32.611829,26.171839],[32.589653,26.164452],[32.587962,26.158936],[32.587588,26.158095],[32.586143,26.156704],[32.584203,26.152588],[32.581836,26.152126],[32.581753,26.151977],[32.581378,26.152185],[32.581946,26.15309],[32.582852,26.155104],[32.583732,26.156532],[32.587114,26.16158],[32.588992,26.16405],[32.589391,26.164229],[32.589413,26.164399],[32.589058,26.164257],[32.589177,26.16461],[32.58963,26.165042],[32.590719,26.167255],[32.59132,26.168161],[32.594196,26.171194],[32.595646,26.172232],[32.606892,26.176831],[32.609014,26.177796],[32.611829,26.179932],[32.615817,26.183231],[32.617802,26.184333],[32.621981,26.185701],[32.622355,26.185487],[32.626081,26.186687],[32.631944,26.188234],[32.63969,26.190153],[32.640527,26.19027],[32.641949,26.190156],[32.648149,26.188284],[32.653214,26.187019],[32.655586,26.18657],[32.655991,26.186544],[32.656098,26.186765],[32.660151,26.185956],[32.661249,26.185902],[32.664258,26.186523],[32.666085,26.186711],[32.667995,26.186595],[32.669522,26.186193],[32.665796,26.172024],[32.664942,26.172175],[32.664584,26.172012],[32.663504,26.172441],[32.655557,26.176637],[32.65405,26.177214],[32.652975,26.177799],[32.650329,26.178243],[32.650578,26.17828],[32.650203,26.178588],[32.649651,26.178767],[32.649423,26.178695],[32.64763,26.179746],[32.644652,26.180837],[32.642453,26.181299],[32.64082,26.181373],[32.637304,26.181272],[32.635232,26.181111],[32.633145,26.18073],[32.630754,26.179789],[32.630252,26.17949],[32.629666,26.178915],[32.628865,26.178821],[32.626192,26.177844],[32.623092,26.176187],[32.621967,26.17511],[32.621936,26.174923]]],[[[32.499521,26.123129],[32.497617,26.12307],[32.497941,26.124687],[32.499531,26.124336],[32.499828,26.124016],[32.500104,26.123378],[32.499521,26.123129]]],[[[32.497965,26.121213],[32.497941,26.121059],[32.497818,26.121077],[32.497732,26.120941],[32.497857,26.120649],[32.497587,26.120649],[32.497511,26.120311],[32.497212,26.120378],[32.497159,26.120588],[32.497431,26.121523],[32.497688,26.121523],[32.497648,26.12126],[32.497965,26.121213]]],[[[32.499525,26.120977],[32.499476,26.120782],[32.498986,26.120855],[32.49889,26.120582],[32.498666,26.120595],[32.49871,26.121372],[32.499083,26.121302],[32.499051,26.121037],[32.499525,26.120977]]],[[[32.498578,26.11965],[32.498477,26.119179],[32.498807,26.119213],[32.498749,26.118947],[32.498972,26.118945],[32.498744,26.118347],[32.498641,26.118368],[32.498695,26.118634],[32.49822,26.118785],[32.497971,26.118764],[32.497922,26.118659],[32.49776,26.118735],[32.497904,26.11907],[32.498325,26.118979],[32.498386,26.119077],[32.498267,26.119148],[32.498422,26.119274],[32.498082,26.119303],[32.498163,26.119677],[32.498578,26.11965]]],[[[32.50456,26.119157],[32.504392,26.11889],[32.503968,26.118972],[32.504007,26.119221],[32.50456,26.119157]]],[[[32.505254,26.119142],[32.505223,26.118874],[32.504787,26.118846],[32.504831,26.119151],[32.505254,26.119142]]],[[[32.504007,26.119221],[32.503968,26.118972],[32.504248,26.118899],[32.50455,26.119005],[32.50456,26.119157],[32.504831,26.119151],[32.504787,26.118846],[32.504993,26.118816],[32.505009,26.118931],[32.505223,26.118874],[32.505254,26.119142],[32.506297,26.118924],[32.509179,26.118728],[32.509168,26.118406],[32.509488,26.118395],[32.50948,26.118173],[32.50399,26.117941],[32.499813,26.118231],[32.498985,26.11813],[32.496713,26.11756],[32.496653,26.117734],[32.496785,26.119064],[32.497814,26.118965],[32.49776,26.118735],[32.497922,26.118659],[32.497971,26.118764],[32.49822,26.118785],[32.498695,26.118634],[32.498641,26.118368],[32.498877,26.118476],[32.498972,26.118945],[32.498749,26.118947],[32.498807,26.119213],[32.498477,26.119179],[32.498612,26.119784],[32.50159,26.119586],[32.504007,26.119221]]],[[[32.537232,26.119462],[32.537233,26.119321],[32.537354,26.119322],[32.537457,26.117939],[32.538225,26.117945],[32.538268,26.119008],[32.538473,26.11901],[32.538534,26.117842],[32.537458,26.117732],[32.537459,26.117626],[32.537329,26.117612],[32.537376,26.117396],[32.537221,26.117378],[32.53722,26.117541],[32.537041,26.117475],[32.536994,26.117756],[32.53685,26.117717],[32.536872,26.117472],[32.536181,26.117439],[32.53618,26.117651],[32.535911,26.117616],[32.535809,26.117087],[32.535706,26.117086],[32.535692,26.117518],[32.535026,26.117403],[32.535041,26.117177],[32.534792,26.117306],[32.534824,26.117175],[32.534413,26.1171],[32.533771,26.117144],[32.533763,26.117335],[32.533198,26.117238],[32.533195,26.117091],[32.532778,26.117155],[32.532768,26.117024],[32.532551,26.116914],[32.532425,26.116914],[32.532432,26.117191],[32.532227,26.11722],[32.532277,26.11736],[32.532662,26.117378],[32.532804,26.118951],[32.533181,26.11894],[32.533207,26.119131],[32.532813,26.119266],[32.532847,26.119428],[32.534259,26.119326],[32.534287,26.118753],[32.534604,26.118768],[32.534612,26.118608],[32.533913,26.118573],[32.53389,26.11832],[32.533591,26.11829],[32.533705,26.117414],[32.533981,26.117416],[32.533986,26.117645],[32.534206,26.117646],[32.534207,26.117553],[32.534515,26.117639],[32.534569,26.117522],[32.535022,26.117626],[32.535112,26.118055],[32.535318,26.118056],[32.535318,26.117743],[32.535533,26.117745],[32.535571,26.118056],[32.537174,26.118067],[32.537168,26.1189],[32.536998,26.118899],[32.536994,26.11946],[32.537232,26.119462]]],[[[32.531404,26.119059],[32.531572,26.119019],[32.531623,26.119228],[32.531824,26.119224],[32.531828,26.119069],[32.532162,26.118992],[32.532182,26.119189],[32.53234,26.119172],[32.532313,26.118911],[32.53249,26.118893],[32.532522,26.118738],[32.532368,26.118771],[32.532383,26.118646],[32.532248,26.11863],[32.53222,26.118868],[32.531971,26.118839],[32.531964,26.118674],[32.531683,26.118687],[32.531671,26.118423],[32.531202,26.118444],[32.531195,26.118271],[32.530951,26.118282],[32.530965,26.118607],[32.530691,26.11862],[32.53073,26.119515],[32.531058,26.11953],[32.531079,26.119296],[32.531342,26.119246],[32.531404,26.119059]]],[[[32.528706,26.119528],[32.529348,26.119479],[32.529339,26.119565],[32.529543,26.119587],[32.529569,26.119348],[32.529939,26.1193],[32.530018,26.118922],[32.530216,26.118897],[32.530225,26.118768],[32.529969,26.118644],[32.529951,26.118877],[32.529688,26.118857],[32.529714,26.118529],[32.529575,26.118519],[32.52955,26.118846],[32.528239,26.118995],[32.528254,26.119141],[32.528406,26.1192],[32.528206,26.119202],[32.528259,26.119681],[32.528658,26.119677],[32.528706,26.119528]]],[[[32.527741,26.119469],[32.527683,26.11926],[32.527334,26.118959],[32.527276,26.118619],[32.526841,26.118602],[32.526824,26.118791],[32.52659,26.118832],[32.526775,26.119057],[32.526604,26.119087],[32.52665,26.119354],[32.527552,26.119372],[32.527561,26.119553],[32.527741,26.119469]]],[[[32.525786,26.119269],[32.525765,26.119141],[32.524855,26.11929],[32.524866,26.119422],[32.524247,26.119472],[32.524323,26.119771],[32.524046,26.119785],[32.52411,26.120023],[32.524952,26.119972],[32.524995,26.119792],[32.525513,26.119703],[32.525525,26.119312],[32.525786,26.119269]]],[[[32.517408,26.119228],[32.517798,26.119349],[32.517791,26.119202],[32.517991,26.119193],[32.517997,26.119339],[32.518235,26.119328],[32.518228,26.119182],[32.518552,26.119166],[32.518541,26.118936],[32.516836,26.119142],[32.516866,26.119485],[32.51742,26.119366],[32.517408,26.119228]]],[[[32.574734,26.125418],[32.574185,26.124977],[32.573671,26.125452],[32.573257,26.125675],[32.573181,26.125531],[32.572958,26.125689],[32.573188,26.125866],[32.573537,26.125736],[32.573864,26.126016],[32.57398,26.12584],[32.574102,26.125898],[32.574402,26.125646],[32.574508,26.125772],[32.574612,26.125685],[32.57453,26.125589],[32.574734,26.125418]]],[[[32.574846,26.125529],[32.574734,26.125418],[32.57453,26.125589],[32.574612,26.125685],[32.574508,26.125772],[32.574402,26.125646],[32.574102,26.125898],[32.57398,26.12584],[32.573864,26.126016],[32.573537,26.125736],[32.573188,26.125866],[32.572958,26.125689],[32.573181,26.125531],[32.573167,26.125124],[32.572617,26.125144],[32.572588,26.125596],[32.572403,26.125584],[32.57242,26.125327],[32.572246,26.125316],[32.57223,26.125565],[32.571876,26.125542],[32.571898,26.125204],[32.571736,26.125194],[32.571743,26.125088],[32.571228,26.125099],[32.571119,26.125216],[32.571162,26.125452],[32.572034,26.125756],[32.571312,26.125557],[32.571342,26.125729],[32.571462,26.125708],[32.571434,26.126027],[32.571054,26.125993],[32.571,26.126608],[32.570636,26.12682],[32.57065,26.126665],[32.570541,26.126657],[32.570521,26.126888],[32.57022,26.127067],[32.570486,26.125938],[32.570048,26.125862],[32.569815,26.12731],[32.569296,26.127596],[32.569284,26.12708],[32.569011,26.127794],[32.569087,26.127862],[32.569346,26.127683],[32.569465,26.127819],[32.57008,26.127283],[32.570172,26.127496],[32.57026,26.127428],[32.570153,26.127223],[32.570397,26.127128],[32.570548,26.127272],[32.571285,26.126844],[32.57118,26.126643],[32.571674,26.126481],[32.57162,26.126359],[32.572123,26.125999],[32.572159,26.126078],[32.572379,26.126038],[32.572433,26.126204],[32.572618,26.126185],[32.572052,26.126463],[32.57194,26.126744],[32.572832,26.126851],[32.572984,26.126214],[32.573621,26.126309],[32.57356,26.126587],[32.574515,26.126771],[32.57461,26.126469],[32.574325,26.126405],[32.574435,26.126165],[32.574282,26.126066],[32.574846,26.125529]]],[[[32.564694,26.124052],[32.564731,26.123547],[32.564568,26.123474],[32.564627,26.123213],[32.564496,26.123138],[32.564197,26.123623],[32.563965,26.123545],[32.564142,26.122785],[32.563919,26.122792],[32.563735,26.123273],[32.563505,26.123222],[32.563638,26.122896],[32.563324,26.122826],[32.563378,26.122586],[32.563165,26.12257],[32.563019,26.122767],[32.562783,26.122621],[32.562475,26.122958],[32.562284,26.122891],[32.562506,26.122251],[32.562376,26.122176],[32.562026,26.122606],[32.562118,26.122688],[32.561985,26.123011],[32.561471,26.122863],[32.561566,26.122364],[32.561473,26.122306],[32.561292,26.12261],[32.561172,26.122569],[32.561131,26.122753],[32.561014,26.122726],[32.56099,26.122488],[32.560891,26.122746],[32.561021,26.122821],[32.562472,26.123183],[32.562418,26.123423],[32.562788,26.123506],[32.562726,26.123682],[32.562596,26.123667],[32.562431,26.124165],[32.562582,26.124176],[32.562827,26.123736],[32.562974,26.123797],[32.563098,26.123444],[32.563492,26.123516],[32.563431,26.123772],[32.563851,26.123894],[32.563956,26.123653],[32.564284,26.123725],[32.564222,26.124024],[32.564428,26.124096],[32.564439,26.123988],[32.564694,26.124052]]],[[[32.572034,26.125756],[32.565844,26.124054],[32.564754,26.123814],[32.572034,26.125756]]],[[[32.569621,26.124487],[32.569587,26.124092],[32.569326,26.124115],[32.569338,26.124007],[32.569159,26.123988],[32.56905,26.124911],[32.569472,26.124989],[32.569503,26.124497],[32.569621,26.124487]]],[[[32.56819,26.124681],[32.568575,26.124776],[32.568616,26.124438],[32.56844,26.124417],[32.568484,26.124047],[32.568322,26.124028],[32.568368,26.123644],[32.568158,26.123619],[32.568047,26.124131],[32.567885,26.124096],[32.567837,26.124317],[32.568268,26.124336],[32.56819,26.124681]]],[[[32.557854,26.122131],[32.558104,26.122054],[32.560891,26.122746],[32.56099,26.122488],[32.561014,26.122726],[32.561131,26.122753],[32.561172,26.122569],[32.561292,26.12261],[32.561473,26.122306],[32.561566,26.122364],[32.561471,26.122863],[32.561985,26.123011],[32.562118,26.122688],[32.562026,26.122606],[32.562376,26.122176],[32.562506,26.122251],[32.562284,26.122891],[32.562475,26.122958],[32.562783,26.122621],[32.563019,26.122767],[32.563165,26.12257],[32.563378,26.122586],[32.563324,26.122826],[32.563638,26.122896],[32.563505,26.123222],[32.563735,26.123273],[32.563919,26.122792],[32.564142,26.122785],[32.563965,26.123545],[32.564197,26.123623],[32.564496,26.123138],[32.564627,26.123213],[32.564568,26.123474],[32.564731,26.123547],[32.564675,26.123797],[32.56819,26.124681],[32.568268,26.124336],[32.567837,26.124317],[32.567885,26.124096],[32.568047,26.124131],[32.568158,26.123619],[32.568368,26.123644],[32.568322,26.124028],[32.568484,26.124047],[32.56844,26.124417],[32.568616,26.124438],[32.568575,26.124776],[32.56905,26.124911],[32.569159,26.123988],[32.569338,26.124007],[32.569326,26.124115],[32.569587,26.124092],[32.569621,26.124487],[32.569503,26.124497],[32.569472,26.124989],[32.571162,26.125452],[32.571119,26.125216],[32.571228,26.125099],[32.571743,26.125088],[32.571736,26.125194],[32.571898,26.125204],[32.571876,26.125542],[32.57223,26.125565],[32.572246,26.125316],[32.57242,26.125327],[32.572403,26.125584],[32.572588,26.125596],[32.572617,26.125144],[32.573167,26.125124],[32.573257,26.125675],[32.573969,26.12525],[32.573902,26.125168],[32.574185,26.124977],[32.574478,26.125165],[32.574543,26.1251],[32.577983,26.128503],[32.57838,26.12838],[32.578546,26.128791],[32.579241,26.128584],[32.5792,26.128444],[32.579467,26.128321],[32.579852,26.129985],[32.580521,26.130352],[32.581083,26.130839],[32.58207,26.132805],[32.582757,26.132321],[32.583158,26.131796],[32.583536,26.132085],[32.583905,26.131664],[32.583673,26.132144],[32.583863,26.132274],[32.583929,26.132179],[32.584046,26.132259],[32.584374,26.131942],[32.584076,26.132375],[32.584123,26.132629],[32.583622,26.133208],[32.583514,26.133114],[32.583684,26.132917],[32.583632,26.132822],[32.583481,26.133006],[32.583223,26.132986],[32.58263,26.13359],[32.583225,26.134311],[32.583756,26.133753],[32.583881,26.133887],[32.58403,26.133617],[32.58449,26.133917],[32.585025,26.13334],[32.585132,26.133407],[32.585063,26.133564],[32.585374,26.133818],[32.585493,26.133676],[32.585609,26.133732],[32.585541,26.133831],[32.586139,26.134328],[32.586248,26.134156],[32.58687,26.134387],[32.58733,26.133666],[32.587469,26.133735],[32.587714,26.133275],[32.58785,26.133321],[32.587738,26.133576],[32.587913,26.133646],[32.588039,26.133417],[32.588401,26.13375],[32.588495,26.133657],[32.585955,26.129927],[32.585084,26.128301],[32.584969,26.127742],[32.584587,26.127511],[32.583793,26.126676],[32.582575,26.125865],[32.58079,26.124993],[32.580476,26.124971],[32.575512,26.123183],[32.568396,26.12099],[32.559628,26.119241],[32.557048,26.118584],[32.556482,26.118566],[32.548213,26.116628],[32.537028,26.115572],[32.530861,26.115366],[32.528495,26.115463],[32.525656,26.115752],[32.524763,26.115701],[32.523192,26.115921],[32.523191,26.11605],[32.523765,26.11603],[32.514927,26.117755],[32.512266,26.118053],[32.50948,26.118173],[32.509488,26.118395],[32.509168,26.118406],[32.509179,26.118728],[32.506297,26.118924],[32.50159,26.119586],[32.498612,26.119784],[32.498578,26.11965],[32.498163,26.119677],[32.498082,26.119303],[32.498422,26.119274],[32.498285,26.119231],[32.498325,26.118979],[32.496785,26.119064],[32.497029,26.122548],[32.497995,26.12249],[32.498708,26.123003],[32.499091,26.12305],[32.498897,26.122841],[32.498666,26.120595],[32.49889,26.120582],[32.498986,26.120855],[32.499476,26.120782],[32.499525,26.120977],[32.501981,26.120665],[32.503548,26.120715],[32.504082,26.120272],[32.504538,26.120385],[32.507017,26.120161],[32.530166,26.117537],[32.530813,26.117372],[32.532089,26.116676],[32.532973,26.116543],[32.535054,26.116814],[32.538547,26.11705],[32.53916,26.117249],[32.540223,26.118011],[32.544027,26.118366],[32.55731,26.121856],[32.557854,26.122131]],[[32.497511,26.120311],[32.497587,26.120649],[32.497857,26.120649],[32.497732,26.120941],[32.497818,26.121077],[32.497941,26.121059],[32.497965,26.121213],[32.497648,26.12126],[32.497688,26.121523],[32.497431,26.121523],[32.497159,26.120588],[32.497212,26.120378],[32.497511,26.120311]]],[[[32.518541,26.118936],[32.518552,26.119166],[32.518228,26.119182],[32.518235,26.119328],[32.517997,26.119339],[32.517991,26.119193],[32.517791,26.119202],[32.517798,26.119349],[32.517408,26.119228],[32.51742,26.119366],[32.517176,26.119458],[32.516866,26.119485],[32.516836,26.119142],[32.515285,26.119277],[32.504707,26.120457],[32.504721,26.120377],[32.504082,26.120272],[32.503548,26.120715],[32.501583,26.120691],[32.499051,26.121037],[32.499083,26.121302],[32.49871,26.121372],[32.498897,26.122841],[32.499091,26.12305],[32.500019,26.123201],[32.500104,26.123378],[32.499828,26.124016],[32.499531,26.124336],[32.497941,26.124687],[32.498065,26.125249],[32.517952,26.121024],[32.520064,26.120736],[32.538467,26.120308],[32.54017,26.120511],[32.54988,26.122822],[32.551712,26.123639],[32.552743,26.124495],[32.554009,26.126368],[32.557598,26.132634],[32.557976,26.13309],[32.567268,26.14198],[32.567911,26.142484],[32.577886,26.147671],[32.578778,26.148611],[32.581378,26.152185],[32.581753,26.151977],[32.581836,26.152126],[32.584203,26.152588],[32.582343,26.149845],[32.580297,26.14771],[32.559751,26.129801],[32.559317,26.129073],[32.559126,26.128336],[32.55924,26.124797],[32.559157,26.123906],[32.558845,26.12318],[32.558479,26.122693],[32.557763,26.122172],[32.554737,26.121262],[32.544551,26.118561],[32.540269,26.118094],[32.539838,26.117905],[32.539335,26.117437],[32.538693,26.117151],[32.53276,26.116636],[32.532139,26.116781],[32.530423,26.117617],[32.518541,26.118936]],[[32.52955,26.118846],[32.529575,26.118519],[32.529714,26.118529],[32.529688,26.118857],[32.529951,26.118877],[32.529969,26.118644],[32.530225,26.118768],[32.530216,26.118897],[32.530018,26.118922],[32.529939,26.1193],[32.529569,26.119348],[32.529543,26.119587],[32.529339,26.119565],[32.529348,26.119479],[32.528259,26.119681],[32.528206,26.119202],[32.528406,26.1192],[32.528254,26.119141],[32.528239,26.118995],[32.52955,26.118846]],[[32.527683,26.11926],[32.527733,26.119544],[32.527561,26.119553],[32.527552,26.119372],[32.52665,26.119354],[32.526604,26.119087],[32.526775,26.119057],[32.52659,26.118832],[32.526824,26.118791],[32.526841,26.118602],[32.527276,26.118619],[32.527442,26.119145],[32.527683,26.11926]],[[32.525525,26.119312],[32.525513,26.119703],[32.524995,26.119792],[32.524952,26.119972],[32.52411,26.120023],[32.524046,26.119785],[32.524323,26.119771],[32.524247,26.119472],[32.524866,26.119422],[32.524855,26.11929],[32.525765,26.119141],[32.525786,26.119269],[32.525525,26.119312]],[[32.53073,26.119515],[32.530691,26.11862],[32.530965,26.118607],[32.530951,26.118282],[32.531195,26.118271],[32.531202,26.118444],[32.531671,26.118423],[32.531683,26.118687],[32.531964,26.118674],[32.531971,26.118839],[32.53222,26.118868],[32.532248,26.11863],[32.532383,26.118646],[32.532368,26.118771],[32.532522,26.118738],[32.53249,26.118893],[32.532313,26.118911],[32.53234,26.119172],[32.532182,26.119189],[32.532162,26.118992],[32.531828,26.119069],[32.531824,26.119224],[32.531623,26.119228],[32.531572,26.119019],[32.531404,26.119059],[32.531342,26.119246],[32.531079,26.119296],[32.531058,26.11953],[32.53073,26.119515]],[[32.536994,26.11946],[32.536998,26.118899],[32.537168,26.1189],[32.537174,26.118067],[32.535571,26.118056],[32.535533,26.117745],[32.535318,26.117743],[32.535318,26.118056],[32.535112,26.118055],[32.535022,26.117626],[32.534569,26.117522],[32.534515,26.117639],[32.534207,26.117553],[32.534206,26.117646],[32.533986,26.117645],[32.533981,26.117416],[32.533705,26.117414],[32.533591,26.11829],[32.53389,26.11832],[32.533913,26.118573],[32.534612,26.118608],[32.534604,26.118768],[32.534287,26.118753],[32.534259,26.119326],[32.532847,26.119428],[32.532813,26.119266],[32.533207,26.119131],[32.533181,26.11894],[32.532804,26.118951],[32.532662,26.117378],[32.532277,26.11736],[32.532227,26.11722],[32.532432,26.117191],[32.532425,26.116914],[32.532551,26.116914],[32.532768,26.117024],[32.532778,26.117155],[32.533195,26.117091],[32.533198,26.117238],[32.533763,26.117335],[32.533771,26.117144],[32.534413,26.1171],[32.534824,26.117175],[32.534792,26.117306],[32.535041,26.117177],[32.535026,26.117403],[32.535692,26.117518],[32.535706,26.117086],[32.535809,26.117087],[32.535911,26.117616],[32.53618,26.117651],[32.536181,26.117439],[32.536872,26.117472],[32.53685,26.117717],[32.536994,26.117756],[32.537041,26.117475],[32.53722,26.117541],[32.537221,26.117378],[32.537376,26.117396],[32.537329,26.117612],[32.537459,26.117626],[32.537458,26.117732],[32.538534,26.117842],[32.538473,26.11901],[32.538268,26.119008],[32.538225,26.117945],[32.537457,26.117939],[32.537354,26.119322],[32.537233,26.119321],[32.537232,26.119462],[32.536994,26.11946]]],[[[32.601217,26.145817],[32.601122,26.145814],[32.601111,26.145441],[32.601439,26.145434],[32.601408,26.145785],[32.601513,26.145782],[32.601585,26.145494],[32.60187,26.145463],[32.602004,26.145837],[32.602507,26.145902],[32.602571,26.145021],[32.602417,26.145085],[32.602387,26.145271],[32.602219,26.145254],[32.602029,26.144495],[32.602281,26.144495],[32.602277,26.144693],[32.602784,26.144654],[32.602759,26.14501],[32.603065,26.145003],[32.603072,26.14488],[32.60325,26.144854],[32.603263,26.144596],[32.603821,26.144727],[32.603755,26.14541],[32.604026,26.145438],[32.603868,26.146007],[32.604008,26.14605],[32.604159,26.145445],[32.604304,26.145447],[32.604479,26.144926],[32.603138,26.143952],[32.59556,26.141473],[32.59605,26.142446],[32.596018,26.14274],[32.595489,26.142815],[32.595438,26.142459],[32.595145,26.142501],[32.595276,26.142829],[32.595136,26.142885],[32.595029,26.142616],[32.594839,26.142692],[32.594295,26.141864],[32.594096,26.141944],[32.594454,26.142409],[32.594256,26.142488],[32.593857,26.141872],[32.593607,26.141865],[32.594029,26.142499],[32.594101,26.142681],[32.593955,26.142739],[32.59406,26.143002],[32.593067,26.143305],[32.592956,26.143841],[32.592587,26.143689],[32.592576,26.143505],[32.592212,26.143518],[32.592207,26.143673],[32.59234,26.143715],[32.592146,26.144108],[32.592809,26.144369],[32.592706,26.144529],[32.592889,26.14457],[32.592989,26.144464],[32.59324,26.144609],[32.59285,26.144926],[32.592948,26.145004],[32.592235,26.145549],[32.592,26.145669],[32.591858,26.145606],[32.591638,26.145834],[32.591011,26.145731],[32.591092,26.145512],[32.590869,26.145478],[32.590599,26.146145],[32.590767,26.146158],[32.590642,26.146697],[32.590347,26.146625],[32.590022,26.147318],[32.590206,26.147338],[32.590239,26.147629],[32.589947,26.147758],[32.590149,26.147996],[32.590435,26.147796],[32.590339,26.147737],[32.590652,26.147579],[32.590817,26.147732],[32.590688,26.147772],[32.591059,26.148161],[32.5913,26.148273],[32.591832,26.148154],[32.591709,26.148459],[32.592032,26.148503],[32.592145,26.148205],[32.592073,26.147978],[32.592207,26.148051],[32.592307,26.147805],[32.59252,26.14811],[32.59302,26.148283],[32.593214,26.1476],[32.593887,26.147615],[32.593516,26.148608],[32.593603,26.148647],[32.593843,26.148058],[32.593959,26.1481],[32.594371,26.146833],[32.5945,26.146792],[32.594461,26.146953],[32.594786,26.14699],[32.59461,26.147653],[32.594804,26.147683],[32.594949,26.14702],[32.595133,26.14708],[32.595234,26.146722],[32.595428,26.146728],[32.595386,26.146891],[32.595644,26.146995],[32.59569,26.147488],[32.59579,26.147278],[32.596068,26.147324],[32.596135,26.147124],[32.596275,26.147131],[32.596327,26.146817],[32.596481,26.146848],[32.596441,26.147397],[32.596592,26.14728],[32.596488,26.148219],[32.596592,26.148237],[32.596686,26.14769],[32.596819,26.147705],[32.596675,26.148259],[32.596952,26.148277],[32.59719,26.148708],[32.597344,26.148079],[32.597513,26.148104],[32.597247,26.148971],[32.597406,26.149176],[32.597827,26.14745],[32.597981,26.147514],[32.598125,26.147154],[32.598237,26.147165],[32.59809,26.147642],[32.598204,26.14764],[32.598276,26.147394],[32.598435,26.14742],[32.598435,26.147561],[32.598794,26.147589],[32.598938,26.147733],[32.599003,26.147528],[32.599287,26.147579],[32.599415,26.147079],[32.599701,26.147122],[32.59978,26.146863],[32.599985,26.146891],[32.599899,26.147132],[32.600007,26.147147],[32.599953,26.147366],[32.600136,26.147402],[32.600021,26.147852],[32.600151,26.147888],[32.600438,26.14692],[32.600942,26.146891],[32.600942,26.147118],[32.601118,26.147168],[32.601208,26.146881],[32.601434,26.146938],[32.601334,26.147132],[32.601417,26.147179],[32.601495,26.146953],[32.601946,26.146902],[32.601842,26.147118],[32.601967,26.147165],[32.601872,26.147489],[32.601975,26.147521],[32.602209,26.146945],[32.603137,26.147017],[32.603328,26.147075],[32.603202,26.14741],[32.603284,26.147427],[32.603439,26.146672],[32.603115,26.146607],[32.603187,26.146388],[32.60291,26.146247],[32.602738,26.146881],[32.6025,26.146823],[32.602597,26.146485],[32.60232,26.146276],[32.602011,26.146776],[32.601896,26.146748],[32.60195,26.146542],[32.601816,26.146532],[32.601324,26.146521],[32.601266,26.146762],[32.60114,26.146726],[32.601217,26.145817]]],[[[31.978438,26.152051],[31.978689,26.152163],[31.978589,26.152104],[31.978438,26.152051]]],[[[31.985417,26.158524],[31.985417,26.158523],[31.985289,26.158608],[31.985417,26.158524]]],[[[31.98406,26.160275],[31.984177,26.159955],[31.984068,26.159819],[31.984253,26.159664],[31.983858,26.159393],[31.983459,26.159653],[31.983793,26.159977],[31.983636,26.160123],[31.983552,26.160042],[31.983436,26.160151],[31.983138,26.159862],[31.98177,26.160753],[31.984167,26.160375],[31.98406,26.160275]]]]}},{"type":"Feature","properties":{"landuse_value":8,"landuse_code":8,"landuse_label":null,"source_feature_count":132,"area_km2":8145729.25891},"geometry":{"type":"MultiPolygon","coordinates":[[[[32.009189,26.077195],[32.00783,26.074081],[32.009021,26.073657],[32.00947,26.074684],[32.012336,26.073256],[32.011779,26.072345],[32.013142,26.071421],[32.012588,26.070755],[32.013257,26.070302],[32.014161,26.070814],[32.015851,26.069843],[32.01676,26.070631],[32.017867,26.06979],[32.015835,26.067397],[32.014922,26.068029],[32.014302,26.067298],[32.013532,26.067831],[32.010668,26.065113],[32.012699,26.063706],[32.012361,26.063308],[32.012701,26.063072],[32.01072,26.061309],[32.011393,26.060842],[32.008614,26.059171],[32.012736,26.053592],[32.011486,26.05212],[32.013133,26.050034],[32.012163,26.048024],[32.011331,26.048601],[32.010873,26.048061],[32.009641,26.049997],[32.008173,26.048269],[32.010142,26.045833],[32.008329,26.042323],[32.01022,26.041012],[32.014123,26.041057],[32.015954,26.045896],[32.016831,26.045288],[32.016457,26.044661],[32.017566,26.042223],[32.021653,26.047243],[32.022055,26.046964],[32.021714,26.044997],[32.022198,26.044661],[32.021968,26.043626],[32.023816,26.042891],[32.023104,26.041432],[32.024475,26.040886],[32.024271,26.040146],[32.025548,26.039786],[32.02618,26.041142],[32.027561,26.040068],[32.027072,26.039446],[32.029452,26.038606],[32.032208,26.0403],[32.031145,26.042251],[32.033547,26.043768],[32.035085,26.042295],[32.038503,26.045911],[32.040927,26.044782],[32.043743,26.046663],[32.04635,26.051549],[32.050527,26.04868],[32.053166,26.052166],[32.052432,26.052542],[32.054698,26.055235],[32.055014,26.056384],[32.056717,26.059475],[32.059649,26.057919],[32.060157,26.058528],[32.061018,26.058277],[32.060219,26.056788],[32.059256,26.055374],[32.060923,26.054512],[32.063057,26.056999],[32.06399,26.056307],[32.064332,26.056989],[32.066663,26.055451],[32.063687,26.050738],[32.062039,26.051355],[32.058398,26.041789],[32.060602,26.041295],[32.059506,26.039498],[32.057654,26.040475],[32.056183,26.039429],[32.05934,26.037214],[32.056593,26.03346],[32.057042,26.02881],[32.058013,26.025745],[32.060307,26.023893],[32.061775,26.027141],[32.063078,26.026413],[32.062443,26.02518],[32.062363,26.023809],[32.063951,26.022874],[32.064204,26.023396],[32.069726,26.021629],[32.069973,26.022261],[32.071201,26.021415],[32.071622,26.021976],[32.070202,26.022845],[32.069406,26.02369],[32.07365,26.026928],[32.074233,26.026373],[32.077037,26.028503],[32.079774,26.031714],[32.078691,26.032915],[32.08061,26.034597],[32.08277,26.037478],[32.086372,26.035274],[32.086723,26.034847],[32.086339,26.03453],[32.088649,26.033079],[32.088921,26.033442],[32.090002,26.032948],[32.091163,26.03207],[32.093281,26.033614],[32.094096,26.033166],[32.091281,26.030169],[32.090994,26.03041],[32.090432,26.029844],[32.089578,26.030415],[32.08835,26.029325],[32.087824,26.029898],[32.087344,26.029458],[32.086914,26.030171],[32.085802,26.02903],[32.086715,26.02846],[32.086274,26.028003],[32.086624,26.027639],[32.085761,26.026831],[32.086327,26.026189],[32.087668,26.027593],[32.088427,26.026813],[32.089097,26.027637],[32.090903,26.02644],[32.090557,26.026111],[32.091374,26.025365],[32.091399,26.024702],[32.092398,26.025354],[32.09265,26.025199],[32.095856,26.027901],[32.095428,26.028183],[32.09604,26.029024],[32.095203,26.029805],[32.098719,26.032374],[32.096479,26.034699],[32.097017,26.035086],[32.096783,26.035486],[32.097377,26.036083],[32.098114,26.035617],[32.098979,26.036181],[32.099852,26.035715],[32.099828,26.033812],[32.099464,26.033409],[32.10026,26.032873],[32.097817,26.029036],[32.099001,26.028293],[32.099556,26.028959],[32.10008,26.028683],[32.102821,26.03144],[32.104369,26.030184],[32.102838,26.029224],[32.103579,26.028321],[32.100391,26.025858],[32.099906,26.026134],[32.099068,26.025299],[32.102792,26.022557],[32.104096,26.021221],[32.098845,26.015883],[32.099898,26.014529],[32.099132,26.013616],[32.099431,26.012501],[32.100924,26.011743],[32.099747,26.009852],[32.104434,26.009523],[32.113911,26.009336],[32.117997,26.007671],[32.124118,26.016461],[32.124594,26.017364],[32.125065,26.018948],[32.125026,26.020202],[32.126052,26.024299],[32.125445,26.024704],[32.123665,26.028702],[32.124557,26.030507],[32.125468,26.029776],[32.126962,26.031776],[32.1289,26.030969],[32.129556,26.031447],[32.131385,26.02966],[32.131815,26.029565],[32.132852,26.028565],[32.135934,26.026202],[32.138927,26.024381],[32.140212,26.023919],[32.140333,26.024056],[32.140628,26.023836],[32.140853,26.022999],[32.141166,26.022524],[32.143266,26.021103],[32.142448,26.019673],[32.14173,26.018942],[32.142123,26.017477],[32.142269,26.017385],[32.140566,26.015356],[32.139122,26.013305],[32.139469,26.013027],[32.139166,26.012648],[32.139251,26.012579],[32.139144,26.012445],[32.139342,26.012317],[32.139462,26.012466],[32.139341,26.012563],[32.13961,26.012771],[32.139795,26.012623],[32.140223,26.013078],[32.1406,26.012776],[32.140095,26.012145],[32.140393,26.011906],[32.140054,26.011605],[32.140655,26.011123],[32.140114,26.010408],[32.140602,26.010016],[32.141071,26.010401],[32.141783,26.009955],[32.141657,26.009798],[32.141983,26.009649],[32.141637,26.009337],[32.141903,26.009184],[32.142967,26.010374],[32.143081,26.010167],[32.143384,26.010545],[32.142887,26.011033],[32.143576,26.011892],[32.142121,26.013058],[32.142838,26.013954],[32.14314,26.013906],[32.143273,26.014133],[32.144266,26.013559],[32.145691,26.014353],[32.14677,26.013488],[32.147277,26.014006],[32.147603,26.013733],[32.148168,26.014252],[32.148401,26.014053],[32.148754,26.014339],[32.148468,26.014638],[32.148708,26.014937],[32.148487,26.015091],[32.149225,26.015694],[32.149628,26.015211],[32.149801,26.015426],[32.150029,26.015244],[32.149822,26.015006],[32.150329,26.014538],[32.150516,26.014772],[32.150789,26.014542],[32.150645,26.014285],[32.151288,26.01366],[32.150709,26.012949],[32.150417,26.013183],[32.15033,26.013062],[32.150031,26.013288],[32.149878,26.012994],[32.149951,26.012929],[32.149535,26.01241],[32.149465,26.012495],[32.149307,26.012312],[32.149175,26.012469],[32.148882,26.012239],[32.149065,26.012069],[32.148916,26.011963],[32.149188,26.011673],[32.149086,26.011571],[32.149311,26.011307],[32.150221,26.010605],[32.15059,26.011259],[32.151226,26.011907],[32.150975,26.012157],[32.151162,26.01233],[32.151501,26.012071],[32.15184,26.012363],[32.152083,26.012185],[32.152251,26.012357],[32.152394,26.012299],[32.151388,26.011392],[32.151488,26.011259],[32.152878,26.012363],[32.153357,26.011997],[32.153481,26.012015],[32.154292,26.011294],[32.154108,26.011107],[32.154382,26.010881],[32.15425,26.010749],[32.154451,26.010616],[32.154296,26.010324],[32.154513,26.010115],[32.154066,26.00968],[32.153794,26.009812],[32.153505,26.009536],[32.153109,26.009813],[32.152368,26.00914],[32.151626,26.00963],[32.151112,26.009272],[32.150376,26.009081],[32.149971,26.008812],[32.150169,26.008615],[32.149403,26.007955],[32.149331,26.00808],[32.14898,26.007867],[32.149911,26.007222],[32.149512,26.006909],[32.149726,26.006741],[32.149525,26.006596],[32.150312,26.005675],[32.150733,26.005776],[32.152169,26.004207],[32.152332,26.004339],[32.152526,26.004024],[32.152842,26.004217],[32.15441,26.002781],[32.154893,26.003076],[32.155131,26.002946],[32.155773,26.003589],[32.156325,26.003107],[32.156019,26.00271],[32.156905,26.002302],[32.15715,26.002537],[32.157741,26.001987],[32.157924,26.00216],[32.158413,26.001702],[32.15772,26.001101],[32.15716,26.001661],[32.156905,26.001457],[32.157761,26.000866],[32.156467,25.99997],[32.158861,25.998249],[32.159126,25.998493],[32.159481,25.998272],[32.159961,25.998666],[32.160409,25.998646],[32.160633,25.999074],[32.161458,25.998717],[32.161662,25.998982],[32.162232,25.998758],[32.162416,25.998921],[32.162762,25.998829],[32.162864,25.999115],[32.163454,25.998952],[32.163821,25.999257],[32.165695,25.998605],[32.166001,25.999115],[32.166398,25.999002],[32.166551,25.999491],[32.164677,25.999746],[32.165446,26.001437],[32.165796,26.001246],[32.166814,26.002854],[32.167037,26.002631],[32.167938,26.003496],[32.168512,26.003471],[32.169195,26.003924],[32.169802,26.003763],[32.17005,26.00392],[32.170988,26.003737],[32.171575,26.003822],[32.17162,26.004089],[32.174756,26.003157],[32.175082,26.003177],[32.180896,26.001788],[32.180832,26.001458],[32.180681,26.001238],[32.180295,26.00106],[32.180291,26.000833],[32.181191,26.000312],[32.181337,25.999976],[32.180975,25.99952],[32.181303,25.999327],[32.18148,25.99942],[32.181758,25.999246],[32.18131,25.998597],[32.182376,25.997861],[32.182972,25.998475],[32.183781,25.998179],[32.183473,25.997649],[32.183198,25.997749],[32.18287,25.99748],[32.183009,25.997323],[32.182611,25.996648],[32.182985,25.996328],[32.183401,25.996714],[32.183684,25.996503],[32.183919,25.996847],[32.184293,25.99671],[32.18372,25.995695],[32.18399,25.995596],[32.18366,25.995025],[32.18413,25.994706],[32.183959,25.994236],[32.184215,25.994078],[32.184354,25.994459],[32.184661,25.994277],[32.18452,25.99389],[32.184269,25.993994],[32.183955,25.993469],[32.184584,25.99324],[32.184812,25.993626],[32.184981,25.993548],[32.185337,25.994078],[32.185201,25.994149],[32.18585,25.994685],[32.18529,25.995171],[32.185493,25.99546],[32.186247,25.995061],[32.18792,25.993841],[32.187729,25.993459],[32.187278,25.993729],[32.18711,25.993506],[32.186651,25.993783],[32.186573,25.993572],[32.187085,25.992951],[32.18741,25.993229],[32.187875,25.992981],[32.188056,25.993294],[32.188635,25.992902],[32.188786,25.993204],[32.18907,25.993144],[32.189304,25.993501],[32.188672,25.993892],[32.188424,25.993735],[32.188084,25.99403],[32.188696,25.99485],[32.189088,25.994676],[32.189269,25.995068],[32.189106,25.995208],[32.189226,25.995429],[32.188267,25.995683],[32.188056,25.995833],[32.187737,25.995387],[32.187079,25.995363],[32.187116,25.995659],[32.186874,25.995809],[32.186983,25.995942],[32.187278,25.995731],[32.187725,25.996207],[32.187327,25.996503],[32.185915,25.996678],[32.185523,25.996919],[32.185903,25.997251],[32.186368,25.997034],[32.186675,25.997388],[32.186255,25.997691],[32.186561,25.998354],[32.18571,25.998692],[32.185035,25.997281],[32.184396,25.997709],[32.184298,25.997919],[32.185505,25.999416],[32.185957,25.999296],[32.186783,26.000709],[32.18632,26.00096],[32.186629,26.001834],[32.187263,26.002303],[32.188397,26.003885],[32.193278,26.001214],[32.193889,26.000977],[32.197136,26.000302],[32.200689,25.999797],[32.200551,25.999088],[32.200076,25.999088],[32.200512,25.999671],[32.200057,25.999779],[32.199818,25.999304],[32.199725,25.999351],[32.199366,25.998918],[32.199188,25.998938],[32.19921,25.999138],[32.198613,25.999324],[32.198497,25.99895],[32.198831,25.998846],[32.19861,25.998487],[32.197838,25.998891],[32.198035,25.999266],[32.197651,25.999373],[32.197259,25.998788],[32.197451,25.99866],[32.197308,25.998446],[32.198135,25.998004],[32.198077,25.997906],[32.19835,25.997743],[32.198216,25.99739],[32.198481,25.997289],[32.198222,25.996611],[32.197567,25.996861],[32.197233,25.995034],[32.197046,25.994588],[32.197371,25.994451],[32.197101,25.993807],[32.197616,25.993592],[32.197679,25.993741],[32.19787,25.993661],[32.197984,25.993796],[32.198285,25.993661],[32.198003,25.993264],[32.197928,25.993317],[32.197672,25.992789],[32.197854,25.9927],[32.198339,25.993306],[32.199011,25.993013],[32.198741,25.992534],[32.199389,25.99226],[32.199578,25.992558],[32.199947,25.992323],[32.20005,25.992483],[32.200566,25.99221],[32.200874,25.992792],[32.201076,25.992758],[32.201315,25.993256],[32.201547,25.993145],[32.201666,25.992916],[32.20247,25.993632],[32.202651,25.99353],[32.202808,25.993982],[32.20318,25.993853],[32.203322,25.994144],[32.203577,25.994078],[32.204105,25.995178],[32.204434,25.995082],[32.204028,25.994186],[32.204638,25.99391],[32.204434,25.993163],[32.203808,25.991612],[32.202095,25.988188],[32.202975,25.987988],[32.20328,25.988736],[32.206303,25.988504],[32.206794,25.988361],[32.206685,25.987985],[32.20715,25.987855],[32.207397,25.988379],[32.206921,25.988524],[32.20718,25.989338],[32.208157,25.989085],[32.207954,25.988302],[32.20926,25.988056],[32.209312,25.988329],[32.209791,25.98835],[32.209884,25.988694],[32.210185,25.988594],[32.21028,25.988878],[32.210655,25.988829],[32.210755,25.989178],[32.211766,25.989182],[32.211854,25.990056],[32.212182,25.990407],[32.21236,25.991154],[32.212751,25.991862],[32.213096,25.991729],[32.213234,25.991942],[32.214039,25.991597],[32.21434,25.992299],[32.214299,25.992967],[32.21443,25.993489],[32.215069,25.993547],[32.214866,25.994141],[32.215868,25.994145],[32.215983,25.994473],[32.216633,25.994352],[32.216639,25.994047],[32.217208,25.993955],[32.217153,25.993612],[32.217891,25.993493],[32.217989,25.9941],[32.218873,25.993957],[32.218911,25.993426],[32.21929,25.993453],[32.219303,25.993265],[32.22128,25.993248],[32.221171,25.992713],[32.221364,25.992673],[32.221407,25.992471],[32.222551,25.992437],[32.222764,25.993294],[32.223236,25.993259],[32.223265,25.993654],[32.221326,25.993944],[32.221844,25.995876],[32.220947,25.995842],[32.220999,25.996146],[32.220581,25.996217],[32.22062,25.996617],[32.220835,25.996597],[32.220861,25.996872],[32.222507,25.996713],[32.222396,25.996225],[32.222841,25.996239],[32.222812,25.996056],[32.223213,25.996012],[32.2233,25.996225],[32.223711,25.996138],[32.223963,25.996713],[32.225573,25.996747],[32.227865,25.997047],[32.22919,25.99682],[32.231148,25.997173],[32.236459,25.996722],[32.23831,25.997052],[32.24053,25.996834],[32.242655,25.996932],[32.245279,25.996756],[32.245437,25.99631],[32.245236,25.995468],[32.245412,25.99523],[32.24596,25.994942],[32.246929,25.995094],[32.248968,25.995697],[32.249408,25.995846],[32.249875,25.99619],[32.250655,25.99605],[32.251429,25.996183],[32.251432,25.996914],[32.251119,25.996987],[32.250975,25.998362],[32.254107,25.998654],[32.255624,25.999095],[32.255652,25.999001],[32.256512,25.99917],[32.256584,25.998844],[32.257169,25.998594],[32.257604,25.998649],[32.262605,25.999397],[32.26275,25.999552],[32.26755,26.000476],[32.27009,25.989629],[32.270845,25.989806],[32.270903,25.989977],[32.273054,25.990432],[32.273374,25.991741],[32.273495,25.991786],[32.27336,25.99215],[32.273077,25.992046],[32.272895,25.992356],[32.271676,25.992996],[32.271435,25.993546],[32.271599,25.993618],[32.271419,25.994028],[32.271304,25.993977],[32.271004,25.994329],[32.270313,25.994068],[32.269944,25.994798],[32.26964,25.994745],[32.269302,25.995886],[32.268986,25.995793],[32.26891,25.99605],[32.268746,25.996001],[32.268843,25.996496],[32.269217,25.996521],[32.269336,25.996394],[32.26964,25.996491],[32.269631,25.996708],[32.270767,25.996873],[32.270712,25.997255],[32.270492,25.997458],[32.270279,25.997371],[32.270129,25.998096],[32.269934,25.998056],[32.269931,25.997322],[32.269505,25.997324],[32.269504,25.997211],[32.268809,25.997047],[32.268712,25.997197],[32.268427,25.99711],[32.26836,25.99733],[32.26891,25.997498],[32.268795,25.997875],[32.268945,25.99792],[32.268843,25.998178],[32.268645,25.9981],[32.268524,25.998253],[32.268485,25.998599],[32.268698,25.998624],[32.268867,25.998323],[32.269075,25.998449],[32.268881,25.999262],[32.26903,25.999282],[32.269046,25.999586],[32.26938,25.999568],[32.269312,25.999832],[32.26951,25.999837],[32.269602,25.999479],[32.269883,25.999599],[32.269844,25.999885],[32.270027,25.999963],[32.270395,25.999411],[32.270641,25.999329],[32.270767,25.998889],[32.270858,25.998915],[32.27141,25.997753],[32.271594,25.997767],[32.271836,25.997186],[32.272053,25.997177],[32.272242,26.000219],[32.272619,26.000224],[32.272607,26.00032],[32.272773,26.000377],[32.272769,25.999276],[32.273122,25.999252],[32.273132,25.999344],[32.273422,25.99932],[32.273415,25.999164],[32.273944,25.999208],[32.273983,25.999015],[32.273816,25.999033],[32.273833,25.998797],[32.273984,25.998798],[32.274007,25.998565],[32.274157,25.998556],[32.274114,25.999204],[32.274418,25.999223],[32.274341,26.000354],[32.274467,26.000372],[32.27451,25.999697],[32.275405,25.999735],[32.275202,26.000621],[32.27745,26.000819],[32.280366,26.000553],[32.284274,25.999801],[32.284525,25.999837],[32.284921,26.00102],[32.285737,26.00173],[32.288298,26.003581],[32.292658,26.006339],[32.296393,26.006758],[32.29656,26.00517],[32.296441,26.00418],[32.298122,26.004276],[32.298485,26.002945],[32.298931,26.002938],[32.299659,26.003754],[32.299858,26.005628],[32.299679,26.006533],[32.298775,26.008655],[32.299097,26.0095],[32.300542,26.009078],[32.300915,26.009298],[32.301077,26.009206],[32.301174,26.008644],[32.301499,26.008688],[32.301876,26.009017],[32.301859,26.009158],[32.302636,26.009171],[32.302625,26.009799],[32.30276,26.010005],[32.303439,26.009896],[32.303479,26.010137],[32.303597,26.010157],[32.303619,26.009842],[32.303725,26.009849],[32.303703,26.010164],[32.304049,26.010449],[32.304403,26.010514],[32.30451,26.01028],[32.305207,26.010303],[32.305353,26.010064],[32.305508,26.010106],[32.305606,26.00989],[32.306126,26.010095],[32.305854,26.01037],[32.305674,26.010356],[32.305029,26.011112],[32.305177,26.011238],[32.305152,26.011446],[32.304833,26.01127],[32.304792,26.011403],[32.303826,26.011283],[32.303738,26.01156],[32.303094,26.011355],[32.302935,26.012614],[32.302786,26.012595],[32.302943,26.011355],[32.302702,26.011384],[32.302728,26.011187],[32.302511,26.011158],[32.302492,26.011298],[32.3021,26.011245],[32.302074,26.011103],[32.301907,26.011068],[32.301846,26.011357],[32.301436,26.01127],[32.301393,26.011173],[32.301358,26.011336],[32.300539,26.011164],[32.300594,26.010971],[32.300119,26.010835],[32.300049,26.010633],[32.300032,26.010748],[32.29936,26.010647],[32.299324,26.010544],[32.299329,26.010756],[32.299197,26.010679],[32.299032,26.010762],[32.298533,26.010535],[32.298499,26.011007],[32.29831,26.010998],[32.298262,26.011239],[32.297749,26.011102],[32.29766,26.011312],[32.30966,26.014997],[32.317009,26.017001],[32.328644,26.020597],[32.333922,26.021677],[32.336183,26.022346],[32.339028,26.022472],[32.343191,26.023709],[32.350585,26.024826],[32.355779,26.025437],[32.359148,26.026735],[32.361468,26.027298],[32.36383,26.028302],[32.365859,26.02885],[32.368642,26.030199],[32.370814,26.031097],[32.373846,26.032837],[32.377251,26.034076],[32.378857,26.034885],[32.385485,26.038703],[32.390169,26.041122],[32.391619,26.042148],[32.396366,26.046116],[32.400225,26.048434],[32.403021,26.050471],[32.404585,26.051263],[32.405097,26.051652],[32.406398,26.053749],[32.40691,26.054216],[32.414234,26.059536],[32.422338,26.065005],[32.42256,26.064782],[32.429791,26.069643],[32.436263,26.073673],[32.441693,26.077317],[32.444135,26.073926],[32.454633,26.078917],[32.455068,26.079333],[32.455454,26.079981],[32.455623,26.079947],[32.456948,26.081893],[32.457712,26.082421],[32.459517,26.084153],[32.460157,26.084646],[32.461121,26.085164],[32.463262,26.087407],[32.466175,26.092138],[32.46732,26.094364],[32.467528,26.093893],[32.467724,26.09398],[32.46789,26.093697],[32.468011,26.093743],[32.468107,26.093603],[32.468414,26.093796],[32.468455,26.093717],[32.468574,26.093778],[32.468691,26.093417],[32.468451,26.093329],[32.468512,26.093207],[32.468758,26.093329],[32.469043,26.093156],[32.469179,26.093216],[32.469157,26.093348],[32.469421,26.09344],[32.469511,26.093182],[32.469674,26.093211],[32.46986,26.092941],[32.469852,26.093259],[32.47004,26.093299],[32.469976,26.093441],[32.470238,26.09367],[32.470209,26.093808],[32.471002,26.094145],[32.470954,26.094289],[32.471466,26.094462],[32.471361,26.095106],[32.471088,26.095029],[32.470967,26.095327],[32.471213,26.095272],[32.471307,26.095415],[32.471197,26.095908],[32.471526,26.096051],[32.471665,26.095732],[32.47192,26.095843],[32.471787,26.096149],[32.472073,26.096258],[32.472167,26.095961],[32.472394,26.096046],[32.472285,26.096335],[32.472756,26.096533],[32.473092,26.095919],[32.473225,26.095928],[32.473307,26.095546],[32.473081,26.095357],[32.473193,26.095188],[32.473423,26.095299],[32.473547,26.094976],[32.472247,26.094257],[32.472475,26.093413],[32.473758,26.094156],[32.474787,26.094382],[32.474891,26.09391],[32.475247,26.094159],[32.475334,26.093999],[32.475794,26.094234],[32.475968,26.093893],[32.475386,26.093596],[32.475512,26.092622],[32.475237,26.092499],[32.47534,26.092299],[32.475153,26.092241],[32.475643,26.091245],[32.475264,26.091033],[32.47531,26.090891],[32.475815,26.091008],[32.475885,26.091309],[32.47625,26.091311],[32.47629,26.091579],[32.475962,26.091705],[32.47605,26.092156],[32.478011,26.093159],[32.477815,26.093543],[32.477579,26.093455],[32.477088,26.094767],[32.47765,26.095101],[32.477704,26.09501],[32.477819,26.095068],[32.477878,26.094925],[32.478221,26.095066],[32.478145,26.095203],[32.47838,26.095423],[32.479598,26.095959],[32.479695,26.095805],[32.480511,26.096055],[32.480475,26.096171],[32.480781,26.096265],[32.480749,26.096367],[32.48097,26.096435],[32.480971,26.096541],[32.481158,26.096576],[32.481277,26.096416],[32.481649,26.09653],[32.48161,26.096768],[32.482414,26.0969],[32.48245,26.096678],[32.483233,26.096807],[32.483257,26.096675],[32.483317,26.097045],[32.483378,26.096696],[32.483556,26.096727],[32.483585,26.096844],[32.483858,26.096914],[32.483725,26.097433],[32.485141,26.098009],[32.485248,26.097682],[32.485443,26.097746],[32.485493,26.097411],[32.485519,26.097758],[32.486338,26.097879],[32.48607,26.099073],[32.485555,26.098957],[32.485435,26.09909],[32.484827,26.099046],[32.484643,26.099132],[32.484696,26.098729],[32.484604,26.098717],[32.484498,26.099534],[32.482299,26.099135],[32.482239,26.099773],[32.483656,26.100135],[32.487592,26.100704],[32.494704,26.101988],[32.494637,26.102219],[32.497108,26.102791],[32.498523,26.103566],[32.505062,26.108456],[32.508387,26.104971],[32.513831,26.105925],[32.515015,26.106225],[32.516514,26.105942],[32.517435,26.105986],[32.51759,26.105428],[32.518055,26.105501],[32.518015,26.10576],[32.518224,26.105793],[32.518179,26.106082],[32.520819,26.106424],[32.520971,26.105932],[32.520823,26.105914],[32.520823,26.105558],[32.52037,26.105505],[32.519584,26.104728],[32.519661,26.103683],[32.521238,26.104088],[32.521262,26.10424],[32.52282,26.104495],[32.522676,26.105139],[32.522344,26.105093],[32.522114,26.106577],[32.522823,26.106567],[32.525552,26.106969],[32.52933,26.107841],[32.536599,26.108369],[32.536568,26.108578],[32.535125,26.108362],[32.529543,26.108081],[32.525411,26.1071],[32.522984,26.10673],[32.521396,26.106639],[32.5169,26.106089],[32.515101,26.106378],[32.508535,26.105107],[32.505285,26.108618],[32.505661,26.108891],[32.50641,26.108889],[32.506989,26.109259],[32.507104,26.109982],[32.508159,26.110821],[32.509736,26.110388],[32.511502,26.110139],[32.512031,26.109898],[32.512594,26.109944],[32.519097,26.10835],[32.52074,26.108245],[32.521439,26.108081],[32.526293,26.108053],[32.530569,26.108686],[32.538092,26.109275],[32.545367,26.110836],[32.549403,26.1112],[32.549374,26.111466],[32.550259,26.111546],[32.550425,26.111927],[32.552528,26.112117],[32.553114,26.11253],[32.55449,26.11272],[32.556027,26.11332],[32.554201,26.113468],[32.552866,26.113328],[32.550499,26.112216],[32.549952,26.112503],[32.549107,26.112076],[32.54847,26.111928],[32.548147,26.11209],[32.5495,26.112672],[32.550795,26.113491],[32.553556,26.11491],[32.556938,26.116296],[32.559006,26.116931],[32.560527,26.116499],[32.561117,26.116512],[32.563612,26.115748],[32.564058,26.116021],[32.564141,26.11626],[32.563322,26.116493],[32.56273,26.116843],[32.559181,26.116965],[32.559909,26.117104],[32.562656,26.117146],[32.564578,26.116643],[32.565463,26.116526],[32.567043,26.116548],[32.571538,26.117343],[32.57536,26.118571],[32.576552,26.11915],[32.579345,26.120161],[32.581354,26.120738],[32.585045,26.122253],[32.592675,26.125906],[32.595432,26.126519],[32.600922,26.128505],[32.60316,26.129584],[32.60732,26.132064],[32.607564,26.131751],[32.608275,26.132107],[32.61065,26.13354],[32.613695,26.135624],[32.613898,26.135306],[32.613641,26.13498],[32.613855,26.134861],[32.613684,26.134556],[32.614432,26.133901],[32.614502,26.134092],[32.615257,26.133819],[32.61528,26.133953],[32.615532,26.133909],[32.615467,26.133533],[32.615972,26.133354],[32.616356,26.134437],[32.616691,26.134434],[32.616689,26.1341],[32.616929,26.134147],[32.616862,26.134489],[32.617509,26.134422],[32.61779,26.134846],[32.617521,26.134891],[32.617631,26.135538],[32.618101,26.135819],[32.617863,26.135989],[32.61762,26.135849],[32.616966,26.136368],[32.617253,26.136666],[32.616746,26.136752],[32.616356,26.136624],[32.616108,26.136742],[32.618177,26.140869],[32.619008,26.143206],[32.620125,26.147424],[32.621278,26.149008],[32.621585,26.148848],[32.62309,26.148667],[32.628692,26.150325],[32.632742,26.150773],[32.633417,26.151166],[32.638322,26.155708],[32.6425,26.157249],[32.65066,26.157989],[32.65562,26.158725],[32.661992,26.157566],[32.658419,26.143993],[32.658168,26.143993],[32.658168,26.144418],[32.655962,26.143656],[32.655982,26.14423],[32.655392,26.14425],[32.655347,26.144161],[32.655152,26.14424],[32.655128,26.144058],[32.654786,26.144059],[32.654743,26.143849],[32.654472,26.143904],[32.654476,26.144067],[32.654043,26.14423],[32.654012,26.143889],[32.652136,26.143825],[32.651978,26.143544],[32.651758,26.143615],[32.6517,26.143437],[32.651315,26.14343],[32.651161,26.142994],[32.651247,26.142933],[32.651456,26.143224],[32.651679,26.143151],[32.651451,26.142713],[32.65117,26.142859],[32.651045,26.14262],[32.651152,26.142565],[32.651025,26.142321],[32.651262,26.142305],[32.651248,26.142109],[32.65164,26.142082],[32.651489,26.141755],[32.651843,26.141798],[32.652444,26.142881],[32.652708,26.142724],[32.653158,26.142906],[32.653307,26.142538],[32.653811,26.142742],[32.65402,26.143069],[32.654604,26.142892],[32.654352,26.14235],[32.654783,26.14206],[32.654635,26.141566],[32.654326,26.141659],[32.654216,26.141292],[32.654793,26.141238],[32.654679,26.140024],[32.653822,26.140054],[32.653484,26.137744],[32.655505,26.137448],[32.655962,26.138983],[32.657046,26.138775],[32.616924,25.986107],[32.574061,25.96911],[32.535928,25.942113],[32.464267,25.891008],[32.459394,25.88775],[32.455073,25.885186],[32.449327,25.882132],[32.444675,25.879915],[32.438947,25.877526],[32.433301,25.875511],[32.42755,25.873815],[32.421353,25.872341],[32.416411,25.871398],[32.410424,25.87052],[32.404684,25.869978],[32.345703,25.865856],[32.326633,25.864617],[32.319809,25.864068],[32.314712,25.863834],[32.30952,25.863831],[32.305198,25.864017],[32.300887,25.864373],[32.295737,25.865024],[32.291472,25.865753],[32.28724,25.866649],[32.282315,25.867894],[32.277555,25.869317],[32.273643,25.870672],[32.202641,25.873746],[32.198238,25.874121],[32.193854,25.874673],[32.189496,25.875401],[32.18517,25.876304],[32.178769,25.877909],[32.172652,25.879795],[32.166952,25.881858],[32.162168,25.883885],[32.157997,25.885834],[32.088139,25.920118],[32.083221,25.920139],[32.078568,25.920301],[32.070152,25.920966],[32.066136,25.921484],[32.061727,25.922212],[32.054111,25.923856],[32.047491,25.925725],[32.041218,25.927884],[32.013831,25.938864],[31.999892,25.944881],[31.995424,25.947006],[31.988926,25.950588],[31.983058,25.95436],[31.977737,25.955858],[31.971701,25.957912],[31.966235,25.960117],[31.960901,25.962626],[31.955726,25.965408],[31.950771,25.968394],[31.947247,25.970748],[31.938284,25.977172],[31.933347,25.97686],[31.928121,25.976765],[31.922882,25.976881],[31.917576,25.977216],[31.913266,25.977635],[31.908121,25.978362],[31.902715,25.97939],[31.898459,25.980357],[31.890911,25.982534],[31.886113,25.984168],[31.882202,25.985685],[31.878354,25.987359],[31.855773,25.997775],[31.948521,26.160891],[31.955746,26.161699],[31.956598,26.161018],[31.957079,26.161561],[31.95757,26.161167],[31.958193,26.161869],[31.963668,26.162052],[31.964608,26.161452],[31.963964,26.160793],[31.964348,26.160651],[31.964256,26.160534],[31.964273,26.158762],[31.964731,26.158271],[31.965329,26.158941],[31.965525,26.160006],[31.965057,26.16023],[31.965529,26.16074],[31.965866,26.160355],[31.966413,26.159324],[31.96685,26.159056],[31.967221,26.159602],[31.968367,26.158899],[31.967929,26.158234],[31.968518,26.1578],[31.968203,26.157354],[31.967773,26.157648],[31.96756,26.157282],[31.967406,26.157357],[31.967303,26.157166],[31.966829,26.157397],[31.966545,26.157084],[31.964942,26.158208],[31.964217,26.157275],[31.964804,26.156864],[31.964128,26.155783],[31.967125,26.153683],[31.968971,26.155729],[31.969923,26.157236],[31.971053,26.158304],[31.971633,26.158426],[31.971941,26.159127],[31.974099,26.15741],[31.975394,26.156152],[31.975737,26.156297],[31.975173,26.155845],[31.975284,26.155749],[31.975425,26.155807],[31.975564,26.155487],[31.975439,26.155383],[31.975514,26.15529],[31.975065,26.154986],[31.975443,26.154561],[31.975176,26.154289],[31.97525,26.154152],[31.974839,26.153771],[31.976049,26.152622],[31.975775,26.152198],[31.975281,26.151937],[31.975006,26.151614],[31.974828,26.15166],[31.974931,26.151424],[31.974318,26.150814],[31.974698,26.15031],[31.975432,26.149773],[31.975742,26.150046],[31.975631,26.150129],[31.975739,26.150313],[31.975971,26.150262],[31.976333,26.150578],[31.976123,26.150887],[31.976802,26.151136],[31.97672,26.151225],[31.976988,26.151431],[31.977078,26.151345],[31.978589,26.152104],[31.979742,26.14977],[31.981362,26.150402],[31.984931,26.153075],[31.988052,26.154972],[31.989936,26.155538],[31.993597,26.155933],[31.996284,26.156447],[31.997708,26.157288],[32.001659,26.156039],[32.005755,26.154563],[32.004328,26.152009],[32.00181,26.150428],[32.001359,26.149973],[31.997889,26.147344],[31.994516,26.144929],[31.993178,26.143343],[31.992923,26.142635],[31.993434,26.139891],[31.992795,26.137008],[31.993037,26.13493],[31.993409,26.134152],[31.999148,26.128691],[32.001093,26.125453],[32.003338,26.122905],[32.006391,26.120068],[32.007619,26.118732],[32.006857,26.118162],[32.006529,26.117408],[32.006704,26.116786],[32.007818,26.115005],[32.006993,26.114518],[32.006857,26.114749],[32.007255,26.114984],[32.007146,26.115168],[32.006908,26.115027],[32.006751,26.115553],[32.006203,26.115274],[32.006387,26.114976],[32.006292,26.114849],[32.006657,26.114577],[32.006267,26.114166],[32.006563,26.114263],[32.006836,26.114031],[32.007116,26.114212],[32.007214,26.114119],[32.007047,26.114008],[32.007302,26.113666],[32.006975,26.113527],[32.007181,26.113221],[32.007448,26.113309],[32.007721,26.112878],[32.007635,26.112693],[32.007392,26.112528],[32.007325,26.112627],[32.005535,26.111903],[32.005083,26.111823],[32.003664,26.110835],[32.003541,26.111016],[32.002746,26.110462],[32.002022,26.11105],[32.00177,26.11074],[32.004148,26.108303],[32.003639,26.10774],[32.004696,26.106783],[32.007868,26.103231],[32.006441,26.102642],[32.007082,26.10175],[32.005884,26.101096],[32.005965,26.100948],[32.005269,26.100567],[32.005974,26.099277],[32.005052,26.098773],[32.005471,26.098447],[32.003844,26.097139],[32.002485,26.096423],[32.002877,26.096022],[32.003353,26.096162],[32.003904,26.09548],[32.003627,26.095256],[32.004037,26.094747],[32.005159,26.095478],[32.005562,26.094861],[32.004439,26.09413],[32.004821,26.093544],[32.003881,26.092931],[32.004438,26.092077],[32.004027,26.091618],[32.004566,26.091136],[32.00492,26.091531],[32.007629,26.088926],[32.008823,26.089577],[32.009528,26.08857],[32.007402,26.087084],[32.008075,26.086121],[32.003828,26.084765],[32.00415,26.083757],[32.004896,26.083995],[32.005232,26.082943],[32.004438,26.082371],[32.004855,26.081792],[32.005961,26.082414],[32.006941,26.08137],[32.007811,26.08174],[32.008067,26.081138],[32.006947,26.080662],[32.006427,26.079381],[32.004919,26.077525],[32.009189,26.077195]],[[31.980911,26.105571],[31.980236,26.107639],[31.976253,26.105462],[31.975862,26.106659],[31.980413,26.109147],[31.980149,26.111121],[31.974904,26.107595],[31.974491,26.113907],[31.977842,26.115452],[31.977139,26.116739],[31.976465,26.11637],[31.976297,26.118456],[31.974265,26.117345],[31.974181,26.116766],[31.973986,26.116659],[31.973976,26.116891],[31.971334,26.115868],[31.971635,26.114718],[31.970604,26.114448],[31.97071,26.114045],[31.969877,26.113827],[31.970345,26.112039],[31.969617,26.111769],[31.969924,26.11094],[31.969195,26.11067],[31.969501,26.109843],[31.968262,26.109383],[31.967582,26.110378],[31.966919,26.110062],[31.967196,26.109482],[31.965838,26.108834],[31.966674,26.107083],[31.967496,26.107475],[31.968616,26.105127],[31.964933,26.103442],[31.966225,26.101663],[31.967503,26.102878],[31.97193,26.104667],[31.97259,26.103775],[31.97185,26.10319],[31.972253,26.102497],[31.972075,26.102403],[31.973407,26.100115],[31.975393,26.101082],[31.975318,26.102328],[31.97695,26.103047],[31.980911,26.105571]],[[31.964466,26.103539],[31.96433,26.104708],[31.963529,26.104615],[31.96336,26.106072],[31.96511,26.106572],[31.964697,26.107247],[31.961933,26.10629],[31.962281,26.103286],[31.964466,26.103539]],[[31.970032,26.115889],[31.974042,26.117643],[31.973642,26.122286],[31.973346,26.123563],[31.970866,26.122602],[31.96868,26.121432],[31.970001,26.118963],[31.970472,26.117265],[31.969709,26.117052],[31.970032,26.115889]],[[31.982943,26.118531],[31.98187,26.116947],[31.983211,26.116038],[31.981639,26.113717],[31.983294,26.112597],[31.982815,26.11189],[31.983501,26.111056],[31.984227,26.111653],[31.984828,26.110555],[31.986481,26.11125],[31.987484,26.109787],[31.988909,26.110765],[31.990792,26.108596],[31.990263,26.108138],[31.990731,26.107599],[31.992623,26.108798],[31.993389,26.107963],[31.994406,26.109356],[31.996579,26.110999],[31.995111,26.112941],[31.998641,26.115345],[31.996315,26.11834],[31.992414,26.122115],[31.991301,26.123452],[31.995032,26.126775],[31.994716,26.127102],[31.99501,26.127376],[31.994549,26.12773],[31.994925,26.12863],[31.995471,26.129016],[31.994803,26.1297],[31.99483,26.129899],[31.994479,26.130296],[31.994348,26.130239],[31.992898,26.131552],[31.992695,26.132471],[31.99288,26.132575],[31.99256,26.132539],[31.992431,26.132727],[31.992508,26.132828],[31.992183,26.133301],[31.992362,26.133465],[31.992195,26.133579],[31.992015,26.133453],[31.991925,26.133593],[31.991468,26.133318],[31.989903,26.135113],[31.989741,26.135517],[31.990141,26.135807],[31.989918,26.136052],[31.989771,26.135948],[31.989677,26.136056],[31.98979,26.136141],[31.989342,26.13663],[31.989436,26.136903],[31.989261,26.136888],[31.989076,26.137055],[31.98915,26.137107],[31.988998,26.137299],[31.989385,26.137555],[31.989217,26.137791],[31.988615,26.137389],[31.988286,26.13778],[31.988062,26.137617],[31.987247,26.138574],[31.987398,26.138802],[31.987236,26.139023],[31.986863,26.138797],[31.986739,26.138953],[31.987031,26.139155],[31.986957,26.139236],[31.986611,26.139027],[31.986343,26.139428],[31.98622,26.139435],[31.986491,26.139604],[31.986395,26.139753],[31.986119,26.139586],[31.98606,26.139675],[31.986215,26.139758],[31.986125,26.140014],[31.986451,26.140315],[31.986305,26.140455],[31.985892,26.140194],[31.985692,26.140326],[31.985751,26.140404],[31.985389,26.140454],[31.985062,26.140943],[31.985235,26.141138],[31.985077,26.141463],[31.984915,26.141358],[31.984734,26.141435],[31.984335,26.142118],[31.98426,26.142465],[31.98444,26.142535],[31.984309,26.142961],[31.984032,26.142917],[31.983742,26.143505],[31.983966,26.143598],[31.983883,26.143769],[31.983612,26.143546],[31.981854,26.146553],[31.981279,26.146355],[31.981081,26.14661],[31.978424,26.145517],[31.9777,26.145583],[31.976303,26.145376],[31.975073,26.144761],[31.973347,26.143615],[31.973637,26.142689],[31.973927,26.142267],[31.973613,26.142051],[31.974142,26.141112],[31.976777,26.142368],[31.977704,26.141323],[31.976307,26.140388],[31.977684,26.139082],[31.976625,26.138674],[31.976901,26.138261],[31.977314,26.13844],[31.977398,26.138245],[31.978498,26.138721],[31.978615,26.13845],[31.979791,26.13889],[31.98063,26.139437],[31.980712,26.13931],[31.979874,26.138763],[31.979972,26.138612],[31.98058,26.138921],[31.980752,26.138723],[31.980168,26.13835],[31.98008,26.138086],[31.980154,26.137963],[31.980407,26.138117],[31.98053,26.137914],[31.979511,26.137296],[31.979711,26.136866],[31.981667,26.138206],[31.981888,26.137883],[31.982019,26.137973],[31.982118,26.137829],[31.980094,26.136771],[31.980139,26.136685],[31.976781,26.135078],[31.977565,26.133854],[31.98015,26.135508],[31.980544,26.134974],[31.980721,26.135023],[31.981094,26.13414],[31.981314,26.134278],[31.981741,26.133674],[31.981996,26.133795],[31.982201,26.133071],[31.982991,26.13247],[31.983687,26.132161],[31.983388,26.131642],[31.983967,26.13131],[31.979112,26.126084],[31.980923,26.124608],[31.980449,26.123619],[31.981703,26.122797],[31.981173,26.121989],[31.983173,26.120678],[31.982218,26.118925],[31.982943,26.118531]],[[31.975421,26.133217],[31.97661,26.133878],[31.976059,26.13487],[31.974712,26.134493],[31.975421,26.133217]],[[31.969861,26.137705],[31.971969,26.139256],[31.971694,26.139992],[31.969277,26.138497],[31.969861,26.137705]],[[31.993504,26.132733],[31.992991,26.132465],[31.993095,26.132313],[31.993496,26.132588],[31.993619,26.1325],[31.994211,26.132904],[31.993917,26.133256],[31.99339,26.132918],[31.993504,26.132733]],[[31.989919,26.147976],[31.991155,26.148941],[31.991574,26.1484],[31.992049,26.148747],[31.991955,26.148866],[31.992052,26.149],[31.991923,26.149098],[31.992097,26.149292],[31.99194,26.149423],[31.991856,26.1492],[31.991544,26.149418],[31.991409,26.149227],[31.991186,26.149326],[31.991652,26.14989],[31.991787,26.149694],[31.992119,26.150004],[31.991724,26.150318],[31.992344,26.150837],[31.991981,26.151176],[31.992121,26.15129],[31.991946,26.151433],[31.991798,26.151355],[31.991563,26.151617],[31.991293,26.151492],[31.99113,26.151571],[31.992424,26.152676],[31.992304,26.152822],[31.992001,26.152726],[31.991691,26.153058],[31.991544,26.15292],[31.991421,26.153056],[31.991167,26.152797],[31.991463,26.152452],[31.991154,26.152176],[31.991341,26.152013],[31.991263,26.151969],[31.991024,26.152218],[31.99045,26.151817],[31.990361,26.151893],[31.990251,26.151792],[31.990041,26.152098],[31.990453,26.152415],[31.990313,26.152833],[31.990399,26.152891],[31.990539,26.15272],[31.990658,26.152987],[31.990408,26.153173],[31.990195,26.153015],[31.989933,26.153216],[31.990239,26.153339],[31.989625,26.153979],[31.989494,26.154082],[31.989224,26.154007],[31.989001,26.154212],[31.988842,26.154108],[31.988874,26.153864],[31.988756,26.15376],[31.989201,26.153302],[31.989044,26.15301],[31.989243,26.152761],[31.988964,26.152458],[31.988855,26.152571],[31.988649,26.152412],[31.98827,26.152657],[31.987968,26.152391],[31.987583,26.152849],[31.987464,26.152932],[31.987369,26.152834],[31.98726,26.15295],[31.987047,26.152825],[31.987215,26.152596],[31.986814,26.152356],[31.986878,26.152246],[31.98725,26.152469],[31.987518,26.152207],[31.987338,26.152099],[31.98754,26.151826],[31.987658,26.151891],[31.987553,26.152037],[31.987849,26.152079],[31.987969,26.151926],[31.987896,26.151819],[31.988817,26.151023],[31.988698,26.150642],[31.988398,26.150663],[31.988325,26.150485],[31.989078,26.150354],[31.989429,26.149992],[31.989566,26.149986],[31.989628,26.149623],[31.98981,26.149637],[31.989631,26.149458],[31.990322,26.148811],[31.989758,26.148302],[31.989919,26.147976]],[[31.971797,26.149424],[31.972806,26.150199],[31.972414,26.150643],[31.973051,26.151206],[31.972594,26.151593],[31.973157,26.152258],[31.972801,26.15256],[31.971931,26.151715],[31.971348,26.152506],[31.97107,26.152301],[31.970337,26.152703],[31.970118,26.152245],[31.970014,26.15232],[31.969366,26.151432],[31.969467,26.151351],[31.969294,26.151158],[31.969468,26.151018],[31.968638,26.150204],[31.968382,26.150412],[31.968867,26.150953],[31.968251,26.15173],[31.96747,26.151111],[31.967876,26.150815],[31.967217,26.150277],[31.966786,26.150597],[31.96624,26.149936],[31.967558,26.148926],[31.967319,26.148636],[31.967936,26.148176],[31.96948,26.149943],[31.969836,26.149632],[31.969564,26.149441],[31.970087,26.148699],[31.970359,26.14889],[31.971404,26.148194],[31.972227,26.148963],[31.971797,26.149424]],[[31.989023,26.154823],[31.989642,26.154175],[31.989894,26.15498],[31.989721,26.155053],[31.989023,26.154823]],[[32.317923,25.999763],[32.31996,25.984637],[32.324508,25.984877],[32.32436,25.983662],[32.322869,25.983404],[32.322722,25.97939],[32.323838,25.979349],[32.324195,25.980127],[32.327932,25.980458],[32.328024,25.979422],[32.329718,25.979372],[32.329534,25.98044],[32.333658,25.980826],[32.333934,25.98125],[32.333584,25.983551],[32.339414,25.983951],[32.33884,25.992316],[32.338255,25.992276],[32.337845,25.998249],[32.336356,25.998146],[32.335662,26.003515],[32.33489,26.003415],[32.335635,25.997648],[32.328981,25.996788],[32.329066,25.996131],[32.325465,25.996347],[32.318542,26.000703],[32.318601,25.999808],[32.317923,25.999763]],[[32.304105,26.002142],[32.304106,26.002305],[32.302932,26.002245],[32.302915,26.002575],[32.302035,26.00253],[32.302061,26.002026],[32.301307,26.001987],[32.301333,25.99889],[32.305882,25.998814],[32.305866,25.99782],[32.307585,25.99781],[32.307675,25.997459],[32.307998,25.997529],[32.307978,25.997813],[32.308771,25.997799],[32.308765,25.997453],[32.309302,25.997444],[32.309319,25.998381],[32.308996,25.998386],[32.309013,25.999381],[32.308639,25.999387],[32.308634,26.002108],[32.304105,26.002142]],[[32.299651,26.000589],[32.299479,26.001433],[32.298512,26.001262],[32.298528,26.001167],[32.298292,26.00113],[32.298481,25.999945],[32.298938,26.000072],[32.298902,26.000203],[32.299396,26.00034],[32.29935,26.000506],[32.299651,26.000589]],[[32.315219,25.970513],[32.312624,25.982664],[32.312997,25.982713],[32.312717,25.984096],[32.312077,25.983967],[32.312113,25.983788],[32.310931,25.983549],[32.31083,25.98405],[32.310605,25.984004],[32.310565,25.9842],[32.310265,25.984139],[32.309976,25.984003],[32.30999,25.983391],[32.308854,25.983168],[32.308696,25.983973],[32.308362,25.983907],[32.308407,25.983147],[32.30812,25.983129],[32.308242,25.982535],[32.307566,25.982305],[32.307825,25.98178],[32.308069,25.981772],[32.308336,25.979765],[32.31094,25.96685],[32.311496,25.962661],[32.313277,25.962898],[32.313868,25.958436],[32.317301,25.95828],[32.319443,25.958564],[32.318238,25.968661],[32.316749,25.968464],[32.315907,25.969196],[32.316777,25.969311],[32.316593,25.970695],[32.315219,25.970513]],[[32.326031,26.004628],[32.326226,26.005334],[32.327929,26.005024],[32.327929,26.005757],[32.325141,26.006182],[32.325527,26.008584],[32.32854,26.007823],[32.329044,26.009323],[32.32721,26.009656],[32.327267,26.010386],[32.327081,26.010964],[32.327275,26.011178],[32.327607,26.010996],[32.329387,26.011939],[32.329451,26.012047],[32.328733,26.013215],[32.333354,26.015445],[32.333911,26.015209],[32.334904,26.01553],[32.335294,26.015413],[32.3358,26.015577],[32.335563,26.01631],[32.335241,26.016314],[32.334619,26.017547],[32.334565,26.01849],[32.334203,26.018835],[32.333557,26.019112],[32.331349,26.018104],[32.330596,26.018411],[32.330526,26.019052],[32.33003,26.018964],[32.329165,26.018538],[32.328664,26.018108],[32.328265,26.018441],[32.328168,26.018393],[32.328234,26.018037],[32.328102,26.017901],[32.328194,26.017739],[32.327935,26.017484],[32.326802,26.018327],[32.326697,26.018191],[32.326562,26.018209],[32.326578,26.017866],[32.326482,26.017827],[32.326113,26.018015],[32.325855,26.017713],[32.32583,26.018075],[32.325603,26.018064],[32.325081,26.017497],[32.324968,26.01765],[32.324738,26.017537],[32.32469,26.018007],[32.32458,26.01798],[32.324441,26.018511],[32.32447,26.018793],[32.323974,26.018793],[32.324031,26.018213],[32.324238,26.018217],[32.324339,26.017769],[32.324185,26.01773],[32.324226,26.017541],[32.32285,26.017256],[32.322885,26.017019],[32.322012,26.016589],[32.321849,26.016887],[32.321453,26.01686],[32.321554,26.016483],[32.320514,26.016369],[32.320066,26.016508],[32.319389,26.016452],[32.319447,26.016254],[32.319078,26.016048],[32.319081,26.016261],[32.318876,26.016158],[32.31892,26.015957],[32.318142,26.015354],[32.317492,26.015113],[32.316728,26.014976],[32.316645,26.0152],[32.316493,26.015129],[32.316513,26.014941],[32.315837,26.014933],[32.315499,26.015051],[32.314989,26.014967],[32.314954,26.014849],[32.314673,26.014784],[32.313924,26.014756],[32.313953,26.014594],[32.313026,26.014586],[32.312874,26.014325],[32.311438,26.01399],[32.311385,26.0141],[32.311061,26.014041],[32.311028,26.014238],[32.310463,26.01417],[32.310039,26.014033],[32.310014,26.013883],[32.308855,26.013453],[32.308929,26.01329],[32.308841,26.013255],[32.308793,26.013466],[32.308499,26.013343],[32.307268,26.012386],[32.306806,26.012431],[32.306616,26.012153],[32.306623,26.011858],[32.307193,26.011783],[32.307707,26.010451],[32.308325,26.010479],[32.308586,26.009841],[32.309985,26.009299],[32.309951,26.009806],[32.311028,26.009971],[32.311868,26.009463],[32.311662,26.009123],[32.313347,26.008103],[32.315192,26.00719],[32.315127,26.005753],[32.31859,26.005185],[32.32245,26.004821],[32.323147,26.005046],[32.323683,26.006493],[32.324883,26.00613],[32.324683,26.005425],[32.325849,26.005432],[32.325698,26.004715],[32.325834,26.004759],[32.326031,26.004628]],[[32.477958,26.084464],[32.477654,26.085603],[32.478175,26.085741],[32.478219,26.085578],[32.478698,26.085705],[32.478669,26.086004],[32.478862,26.085723],[32.479146,26.085836],[32.479087,26.085985],[32.479836,26.086475],[32.480006,26.086722],[32.481094,26.087164],[32.480961,26.087491],[32.48122,26.087596],[32.481047,26.08802],[32.481371,26.088152],[32.481682,26.087828],[32.481958,26.088093],[32.481764,26.088535],[32.481603,26.088464],[32.481493,26.089004],[32.480754,26.088532],[32.480437,26.089361],[32.479822,26.089073],[32.479928,26.088845],[32.480319,26.088948],[32.480588,26.088426],[32.480203,26.08818],[32.480097,26.088346],[32.479692,26.088013],[32.479335,26.088465],[32.479097,26.088328],[32.478905,26.088661],[32.478573,26.08847],[32.478911,26.087883],[32.478426,26.087693],[32.478755,26.087196],[32.477268,26.08601],[32.476233,26.08563],[32.476655,26.084901],[32.477439,26.085179],[32.47753,26.084923],[32.477218,26.084882],[32.477496,26.084193],[32.477958,26.084464]],[[32.476776,26.088613],[32.477655,26.088847],[32.477569,26.089171],[32.477798,26.089685],[32.477331,26.089641],[32.477117,26.089819],[32.476532,26.089594],[32.476776,26.088613]],[[32.47085,26.089547],[32.470652,26.089813],[32.470513,26.08971],[32.470394,26.08987],[32.470329,26.089822],[32.469893,26.090409],[32.469974,26.090451],[32.469794,26.090795],[32.470209,26.091012],[32.470452,26.090546],[32.47077,26.090712],[32.470969,26.090332],[32.47111,26.090433],[32.471595,26.089757],[32.471862,26.089863],[32.471239,26.091011],[32.472096,26.09139],[32.472659,26.090244],[32.472374,26.090009],[32.47247,26.089802],[32.473085,26.090275],[32.473564,26.090371],[32.473651,26.09015],[32.473898,26.090247],[32.47378,26.090411],[32.474185,26.090574],[32.474019,26.090987],[32.474306,26.091182],[32.474205,26.09142],[32.473412,26.091084],[32.473051,26.091745],[32.473497,26.092023],[32.473149,26.092581],[32.47105,26.091591],[32.470843,26.09197],[32.4716,26.092383],[32.471657,26.092461],[32.471457,26.092783],[32.470471,26.092417],[32.470523,26.092225],[32.470386,26.092165],[32.470208,26.092182],[32.470142,26.092331],[32.469925,26.092235],[32.47002,26.092072],[32.469802,26.091947],[32.469899,26.091764],[32.469559,26.091583],[32.46972,26.091282],[32.469251,26.091207],[32.46949,26.090832],[32.469342,26.090765],[32.469083,26.090914],[32.469204,26.090627],[32.468893,26.090275],[32.469198,26.089869],[32.46933,26.089996],[32.469629,26.089684],[32.469951,26.089862],[32.470073,26.089698],[32.470211,26.089801],[32.470559,26.089332],[32.47085,26.089547]],[[32.483092,26.090888],[32.483414,26.090268],[32.483622,26.090377],[32.483932,26.089921],[32.484579,26.090361],[32.484931,26.089655],[32.484274,26.089453],[32.485039,26.088021],[32.485378,26.088202],[32.485459,26.088051],[32.485926,26.0883],[32.484635,26.090717],[32.484482,26.09173],[32.483395,26.091444],[32.483307,26.090945],[32.483092,26.090888]],[[32.482577,26.089324],[32.482464,26.089425],[32.481804,26.08917],[32.482116,26.088357],[32.482739,26.088693],[32.482529,26.089114],[32.482577,26.089324]],[[32.478711,26.08916],[32.4787,26.089582],[32.478895,26.08966],[32.478945,26.089843],[32.479087,26.089804],[32.479156,26.090721],[32.477656,26.090599],[32.478256,26.088971],[32.478711,26.08916]],[[32.485602,26.093903],[32.48545,26.0947],[32.48533,26.094678],[32.4855,26.095295],[32.485905,26.095402],[32.485905,26.095642],[32.485766,26.095642],[32.485766,26.096003],[32.485096,26.09551],[32.485089,26.095187],[32.484872,26.095191],[32.48486,26.094588],[32.483787,26.094315],[32.483857,26.093841],[32.484919,26.093878],[32.484926,26.093684],[32.485186,26.093693],[32.485179,26.093888],[32.485602,26.093903]],[[32.48819,26.096139],[32.488206,26.095408],[32.490647,26.095463],[32.490421,26.096714],[32.491943,26.096989],[32.491862,26.097441],[32.491387,26.097355],[32.491357,26.097521],[32.491159,26.097485],[32.491089,26.097874],[32.491794,26.098093],[32.491721,26.098327],[32.4919,26.098383],[32.491973,26.098149],[32.492754,26.098392],[32.493261,26.097639],[32.49345,26.097732],[32.492976,26.098691],[32.490876,26.098529],[32.489748,26.098163],[32.487578,26.097085],[32.487593,26.097008],[32.488162,26.097059],[32.488396,26.096144],[32.48819,26.096139]],[[32.497329,26.099632],[32.498087,26.097736],[32.498297,26.097781],[32.49837,26.097566],[32.498459,26.097623],[32.498358,26.09791],[32.498497,26.097976],[32.498398,26.098275],[32.498663,26.098294],[32.498133,26.099479],[32.498641,26.099612],[32.498741,26.099274],[32.498835,26.099297],[32.498794,26.099611],[32.499321,26.09982],[32.499431,26.099372],[32.499464,26.099838],[32.500332,26.100069],[32.500443,26.099484],[32.500692,26.099517],[32.500666,26.099833],[32.500943,26.099875],[32.501021,26.099305],[32.501192,26.099339],[32.501244,26.099225],[32.501707,26.099321],[32.501495,26.100294],[32.503576,26.100903],[32.504967,26.100808],[32.505622,26.100979],[32.505807,26.100419],[32.506017,26.100455],[32.506151,26.100338],[32.506167,26.099849],[32.506673,26.099925],[32.506881,26.099126],[32.50807,26.099353],[32.508166,26.099139],[32.508347,26.099194],[32.508413,26.099046],[32.508621,26.099126],[32.50865,26.098963],[32.508847,26.099025],[32.508813,26.099178],[32.508919,26.099186],[32.508968,26.098927],[32.509108,26.098953],[32.508963,26.099447],[32.509117,26.099505],[32.509064,26.099764],[32.509311,26.099929],[32.509412,26.099618],[32.509598,26.0998],[32.509853,26.099812],[32.509963,26.099064],[32.51029,26.099136],[32.510197,26.099517],[32.510535,26.099709],[32.510486,26.099929],[32.510603,26.10004],[32.51088,26.100154],[32.511024,26.099812],[32.511165,26.099881],[32.511454,26.099474],[32.511713,26.099594],[32.51129,26.100803],[32.511634,26.100929],[32.511415,26.101487],[32.512483,26.101779],[32.512589,26.10139],[32.512945,26.101503],[32.513657,26.09948],[32.51387,26.099576],[32.513143,26.101783],[32.513528,26.101914],[32.513714,26.101351],[32.51411,26.101463],[32.513879,26.10192],[32.514422,26.10211],[32.514996,26.100544],[32.515283,26.100597],[32.514642,26.102396],[32.514066,26.102253],[32.513909,26.102613],[32.513609,26.102501],[32.513759,26.102182],[32.513437,26.102057],[32.513308,26.102449],[32.513411,26.102483],[32.51314,26.1031],[32.512873,26.103018],[32.512688,26.103582],[32.512833,26.103671],[32.512835,26.104088],[32.513132,26.104186],[32.513246,26.103788],[32.513349,26.103767],[32.514025,26.104037],[32.513865,26.104361],[32.514757,26.104453],[32.515653,26.104724],[32.515819,26.10423],[32.516336,26.104502],[32.516753,26.105291],[32.516304,26.105751],[32.515258,26.105408],[32.513797,26.105124],[32.512771,26.104703],[32.512756,26.104036],[32.512208,26.103652],[32.511819,26.104457],[32.511302,26.104324],[32.511582,26.103713],[32.511397,26.103671],[32.511414,26.103194],[32.5117,26.103244],[32.511873,26.102735],[32.511571,26.102632],[32.511247,26.102913],[32.510783,26.10266],[32.510704,26.102767],[32.510326,26.102489],[32.509959,26.103148],[32.509847,26.103086],[32.509569,26.103393],[32.509583,26.103656],[32.509398,26.103792],[32.50927,26.103706],[32.509213,26.103949],[32.508985,26.103852],[32.508937,26.103963],[32.508583,26.103881],[32.508646,26.103745],[32.508249,26.103596],[32.508153,26.103847],[32.507971,26.103793],[32.50807,26.103526],[32.507643,26.103283],[32.507329,26.103337],[32.507342,26.103228],[32.507226,26.103208],[32.507047,26.10336],[32.506639,26.103276],[32.506415,26.103373],[32.505119,26.103096],[32.504588,26.103261],[32.504594,26.102869],[32.505084,26.102612],[32.505529,26.102575],[32.505713,26.101604],[32.503522,26.101914],[32.503367,26.102386],[32.503897,26.102568],[32.50365,26.102851],[32.503076,26.102689],[32.50289,26.102798],[32.501834,26.102527],[32.501959,26.102086],[32.501113,26.102179],[32.501716,26.101131],[32.501518,26.101034],[32.501583,26.100929],[32.501016,26.100779],[32.500781,26.101325],[32.498738,26.100544],[32.498803,26.10037],[32.498362,26.100273],[32.498435,26.099933],[32.497629,26.099755],[32.497541,26.099944],[32.496078,26.099771],[32.496204,26.09948],[32.497329,26.099632]],[[32.501201,26.095043],[32.499733,26.094714],[32.499867,26.094119],[32.501951,26.094503],[32.501777,26.09505],[32.501201,26.095043]],[[32.546452,26.108255],[32.546347,26.108771],[32.546037,26.108707],[32.545963,26.10907],[32.545095,26.108893],[32.544924,26.109545],[32.543502,26.109305],[32.543407,26.107743],[32.546262,26.108018],[32.54624,26.108234],[32.546452,26.108255]],[[32.559171,26.115344],[32.558987,26.115929],[32.558681,26.116381],[32.558505,26.116047],[32.558395,26.116094],[32.558446,26.115618],[32.557657,26.115373],[32.557376,26.115174],[32.55745,26.114804],[32.55833,26.114513],[32.55886,26.114635],[32.559171,26.115344]],[[32.621114,26.137764],[32.6213,26.138862],[32.621876,26.1391],[32.621806,26.139297],[32.621532,26.139199],[32.621333,26.139521],[32.620524,26.138851],[32.620394,26.138557],[32.620574,26.138478],[32.62029,26.138149],[32.62054,26.137795],[32.620725,26.137925],[32.620847,26.137752],[32.621114,26.137764]],[[32.622654,26.139482],[32.622236,26.139314],[32.622065,26.139356],[32.622181,26.138313],[32.622621,26.138362],[32.62256,26.138045],[32.623075,26.137946],[32.623141,26.138291],[32.623711,26.138498],[32.624225,26.138258],[32.624416,26.138668],[32.624516,26.139974],[32.624664,26.139962],[32.624756,26.140265],[32.625122,26.140247],[32.625329,26.139192],[32.625621,26.139249],[32.625701,26.139509],[32.625463,26.140448],[32.625714,26.140512],[32.625639,26.140807],[32.626139,26.140933],[32.626244,26.141277],[32.625945,26.141601],[32.624036,26.140607],[32.62393,26.140811],[32.623778,26.140732],[32.623884,26.140528],[32.622431,26.139814],[32.622654,26.139482]],[[32.629108,26.141723],[32.629099,26.141478],[32.628812,26.141388],[32.628783,26.141092],[32.628946,26.141076],[32.628912,26.140725],[32.628526,26.140749],[32.628544,26.140465],[32.62893,26.14049],[32.628981,26.140378],[32.629246,26.14036],[32.629256,26.140502],[32.629556,26.140482],[32.629669,26.140863],[32.629928,26.140821],[32.630121,26.141379],[32.630447,26.141388],[32.630281,26.140896],[32.630807,26.140782],[32.631194,26.140834],[32.631208,26.14097],[32.63178,26.14099],[32.631795,26.141249],[32.63137,26.141274],[32.631388,26.141584],[32.631701,26.141611],[32.631704,26.141988],[32.631831,26.142079],[32.631608,26.142305],[32.630926,26.142208],[32.630747,26.142527],[32.630871,26.142597],[32.630827,26.142876],[32.630712,26.142879],[32.630705,26.142656],[32.630296,26.142613],[32.630248,26.142929],[32.63006,26.143031],[32.630017,26.142801],[32.629868,26.142774],[32.629758,26.142516],[32.629427,26.142575],[32.6294,26.142427],[32.628996,26.142356],[32.62897,26.142503],[32.628743,26.142407],[32.629108,26.141723]],[[32.632179,26.143092],[32.632371,26.142844],[32.632553,26.14287],[32.632677,26.142597],[32.632672,26.14274],[32.632861,26.142825],[32.632937,26.142656],[32.633282,26.142688],[32.633266,26.142863],[32.633553,26.142889],[32.633695,26.142693],[32.63369,26.143031],[32.634092,26.143108],[32.633963,26.143455],[32.63436,26.143514],[32.634456,26.142866],[32.634642,26.142893],[32.634607,26.143551],[32.635464,26.143598],[32.635593,26.143547],[32.635631,26.142849],[32.63602,26.14287],[32.636057,26.143639],[32.637149,26.143699],[32.637185,26.143841],[32.63688,26.144414],[32.636773,26.145256],[32.635397,26.145081],[32.635293,26.14531],[32.635116,26.145154],[32.635127,26.144983],[32.634356,26.144555],[32.633722,26.144586],[32.63266,26.14432],[32.633023,26.143695],[32.633041,26.143428],[32.632714,26.143117],[32.632655,26.143272],[32.632179,26.143092]],[[32.645565,26.144704],[32.645453,26.144489],[32.644879,26.144409],[32.644026,26.14464],[32.643716,26.14457],[32.643667,26.144393],[32.642734,26.144522],[32.642803,26.143609],[32.643249,26.143492],[32.643362,26.143732],[32.643595,26.143722],[32.643586,26.143516],[32.64395,26.1435],[32.643959,26.143706],[32.64446,26.143639],[32.644511,26.143317],[32.644841,26.143228],[32.645002,26.143591],[32.645431,26.143574],[32.646014,26.143427],[32.645906,26.142998],[32.646112,26.142946],[32.646141,26.1426],[32.646691,26.142645],[32.646945,26.143127],[32.647033,26.143081],[32.647146,26.144166],[32.646002,26.144284],[32.645919,26.144682],[32.645565,26.144704]],[[32.649346,26.144183],[32.649331,26.143675],[32.649081,26.143683],[32.649092,26.144022],[32.64891,26.144027],[32.648761,26.143784],[32.648513,26.143791],[32.648518,26.143949],[32.64805,26.143999],[32.647937,26.143367],[32.648362,26.143406],[32.648411,26.142878],[32.648595,26.142894],[32.648614,26.142686],[32.648362,26.142663],[32.648447,26.141738],[32.648889,26.141673],[32.649095,26.143067],[32.649259,26.143043],[32.64924,26.142913],[32.649578,26.14295],[32.649681,26.143648],[32.649502,26.143617],[32.649565,26.144261],[32.649346,26.144183]]],[[[32.276197,26.047905],[32.274849,26.048656],[32.27061,26.051571],[32.270755,26.051565],[32.274721,26.048823],[32.276233,26.04797],[32.276197,26.047905]]],[[[32.284391,26.042062],[32.281746,26.044531],[32.280453,26.045298],[32.279171,26.046242],[32.276673,26.047566],[32.276354,26.047798],[32.27641,26.047891],[32.277681,26.047077],[32.279322,26.046238],[32.282075,26.044416],[32.283912,26.042744],[32.284413,26.042234],[32.284391,26.042062]]],[[[32.273573,26.043009],[32.273447,26.043171],[32.275027,26.045776],[32.278039,26.051258],[32.278279,26.051246],[32.273573,26.043009]]],[[[32.273382,26.043154],[32.273247,26.043033],[32.272006,26.043955],[32.262616,26.051907],[32.262942,26.051893],[32.271218,26.04473],[32.273382,26.043154]]],[[[32.264045,26.033431],[32.266449,26.032087],[32.270231,26.030715],[32.2707,26.030396],[32.271292,26.029527],[32.271831,26.02917],[32.276611,26.027727],[32.277598,26.027804],[32.282185,26.030106],[32.288989,26.033061],[32.289475,26.033482],[32.290247,26.034724],[32.292403,26.036124],[32.29505,26.037595],[32.298149,26.039986],[32.299601,26.041552],[32.30027,26.042103],[32.30075,26.042268],[32.302089,26.042401],[32.303234,26.042951],[32.304933,26.044562],[32.307181,26.04711],[32.308706,26.049694],[32.308927,26.049682],[32.307575,26.047421],[32.306872,26.046544],[32.305737,26.045147],[32.303415,26.042874],[32.302307,26.042312],[32.300823,26.042126],[32.300054,26.041782],[32.297969,26.039612],[32.295085,26.037397],[32.291955,26.035741],[32.290361,26.034652],[32.289699,26.033522],[32.28915,26.033026],[32.285145,26.031183],[32.282901,26.030304],[32.277738,26.027721],[32.277173,26.027586],[32.276593,26.027617],[32.271712,26.029086],[32.271001,26.029557],[32.270591,26.030212],[32.270075,26.030617],[32.266385,26.031952],[32.263968,26.033344],[32.264045,26.033431]]],[[[32.025415,26.1337],[32.02531,26.133554],[32.025198,26.133633],[32.025053,26.133288],[32.024536,26.132787],[32.024597,26.132549],[32.024459,26.132358],[32.024327,26.132537],[32.024326,26.132216],[32.024164,26.132056],[32.024196,26.13164],[32.024762,26.130147],[32.024742,26.129745],[32.023681,26.128053],[32.023015,26.127258],[32.021829,26.126391],[32.018992,26.124701],[32.015765,26.12353],[32.007325,26.118277],[32.006919,26.117861],[32.006764,26.117399],[32.00686,26.116962],[32.008315,26.114579],[32.009481,26.11187],[32.010195,26.111046],[32.013014,26.108945],[32.017737,26.105807],[32.021372,26.103632],[32.024015,26.101744],[32.02667,26.100513],[32.028789,26.098903],[32.032105,26.09664],[32.040437,26.089809],[32.044566,26.087701],[32.048035,26.086919],[32.049644,26.086237],[32.060797,26.084158],[32.062028,26.083687],[32.063955,26.083183],[32.068504,26.081282],[32.074157,26.079728],[32.075088,26.079709],[32.075953,26.079831],[32.078128,26.079787],[32.081415,26.07856],[32.082677,26.07786],[32.086923,26.074797],[32.087924,26.074287],[32.089171,26.073378],[32.091647,26.071166],[32.093335,26.069874],[32.097425,26.067114],[32.098344,26.066379],[32.100788,26.063838],[32.114836,26.047823],[32.116147,26.046024],[32.116938,26.045464],[32.117612,26.045288],[32.118254,26.045361],[32.118328,26.045259],[32.117546,26.045231],[32.116657,26.045533],[32.116207,26.045869],[32.115432,26.046982],[32.11284,26.049969],[32.106133,26.057329],[32.098551,26.065975],[32.093401,26.069589],[32.087666,26.074186],[32.085527,26.075541],[32.083084,26.077413],[32.081457,26.078405],[32.077653,26.079612],[32.076462,26.079676],[32.0748,26.079522],[32.073652,26.079641],[32.067292,26.081519],[32.065718,26.082265],[32.063613,26.083083],[32.061575,26.083682],[32.060988,26.083973],[32.059513,26.084299],[32.058999,26.084291],[32.0547,26.085034],[32.049503,26.086112],[32.048107,26.08677],[32.044609,26.087396],[32.040307,26.0897],[32.031816,26.096622],[32.028567,26.098831],[32.026641,26.100292],[32.023323,26.101879],[32.02025,26.104192],[32.020084,26.104178],[32.01904,26.104785],[32.01166,26.109592],[32.009423,26.111538],[32.007957,26.114782],[32.006657,26.116889],[32.006524,26.117515],[32.006787,26.118072],[32.007165,26.118445],[32.015606,26.123703],[32.018959,26.12493],[32.022425,26.127011],[32.023049,26.127568],[32.024638,26.129984],[32.023999,26.131632],[32.024158,26.132522],[32.029174,26.139528],[32.031059,26.141152],[32.031222,26.141037],[32.029442,26.13958],[32.025331,26.133911],[32.025287,26.133805],[32.025415,26.1337]]],[[[32.138583,26.080883],[32.138463,26.081047],[32.139687,26.081857],[32.140208,26.082447],[32.140772,26.083484],[32.140882,26.084268],[32.140716,26.085023],[32.140288,26.085847],[32.138062,26.08817],[32.138074,26.088533],[32.140452,26.086084],[32.140892,26.085264],[32.141111,26.084201],[32.14091,26.083256],[32.140356,26.082261],[32.139521,26.081443],[32.138583,26.080883]]],[[[32.138074,26.088533],[32.138062,26.08817],[32.12747,26.099031],[32.128051,26.09896],[32.138074,26.088533]]],[[[32.209457,25.999207],[32.22023,25.998191],[32.222609,25.998116],[32.224095,25.998146],[32.227903,25.998513],[32.23063,25.998571],[32.23272,25.99817],[32.240262,25.997679],[32.24507,25.997981],[32.248405,25.998612],[32.253952,25.998944],[32.2552,25.999512],[32.255354,25.999554],[32.255399,25.999421],[32.253915,25.998806],[32.248079,25.998422],[32.245238,25.997805],[32.240107,25.997488],[32.232776,25.998012],[32.230672,25.998441],[32.221903,25.997892],[32.215896,25.998366],[32.212849,25.998757],[32.204459,25.99931],[32.198168,26.00013],[32.194731,26.000742],[32.193683,26.00105],[32.178773,26.009078],[32.170056,26.016095],[32.161176,26.02242],[32.156337,26.026047],[32.153143,26.028684],[32.15255,26.02952],[32.151724,26.032098],[32.151239,26.033],[32.138084,26.043815],[32.137549,26.044458],[32.137177,26.045505],[32.136536,26.05075],[32.135745,26.077388],[32.135763,26.078134],[32.135983,26.078909],[32.136441,26.079631],[32.137009,26.080189],[32.137822,26.08069],[32.13797,26.080606],[32.137961,26.080469],[32.137071,26.079892],[32.136493,26.079223],[32.136172,26.078564],[32.136002,26.077654],[32.136832,26.050842],[32.137512,26.045458],[32.137752,26.044765],[32.138274,26.044033],[32.146815,26.036953],[32.151009,26.03367],[32.151917,26.032412],[32.152836,26.029568],[32.153333,26.028869],[32.157968,26.025031],[32.168726,26.017318],[32.178876,26.009293],[32.193671,26.00126],[32.194318,26.001022],[32.198578,26.000281],[32.2045,25.999461],[32.209457,25.999207]]],[[[32.004033,26.122203],[32.001093,26.125453],[31.999148,26.128691],[31.99348,26.134066],[31.993204,26.134475],[31.993014,26.135049],[31.992795,26.137008],[31.993434,26.139891],[31.992923,26.142635],[31.993177,26.143341],[31.994516,26.144929],[31.997889,26.147344],[32.001359,26.149973],[32.00181,26.150428],[32.004328,26.152009],[32.005755,26.154563],[32.005832,26.154533],[32.004741,26.152426],[32.004344,26.151912],[32.001825,26.150353],[32.001413,26.149881],[31.994606,26.144883],[31.993335,26.14335],[31.993086,26.142649],[31.993559,26.139962],[31.992973,26.137029],[31.993142,26.135114],[31.993331,26.134409],[31.999189,26.128816],[32.001091,26.125659],[32.002213,26.124312],[32.003676,26.122709],[32.007241,26.119477],[32.007744,26.118812],[32.007619,26.118732],[32.006391,26.120068],[32.004033,26.122203]]],[[[32.11508,26.099912],[32.116373,26.097431],[32.117522,26.09646],[32.118779,26.095672],[32.121044,26.095108],[32.122348,26.094182],[32.121904,26.094244],[32.120607,26.095177],[32.118564,26.095629],[32.116522,26.097056],[32.116571,26.097133],[32.116129,26.097508],[32.115586,26.098559],[32.114935,26.099917],[32.11508,26.099912]]],[[[32.115357,26.099901],[32.116473,26.097699],[32.116958,26.097251],[32.118786,26.095894],[32.120507,26.095583],[32.121072,26.095372],[32.12227,26.094503],[32.122198,26.094423],[32.120873,26.09531],[32.11898,26.095701],[32.118455,26.095936],[32.11692,26.097074],[32.116238,26.097784],[32.115257,26.099905],[32.115357,26.099901]]],[[[32.165821,26.057272],[32.16574,26.05714],[32.165012,26.057557],[32.163201,26.058181],[32.159862,26.058957],[32.154635,26.064385],[32.15265,26.067007],[32.143502,26.074055],[32.14302,26.074497],[32.13997,26.07846],[32.13783,26.080944],[32.135171,26.083262],[32.131566,26.086688],[32.127583,26.08995],[32.125939,26.090901],[32.122298,26.094355],[32.122472,26.094334],[32.122926,26.093958],[32.125179,26.091743],[32.126576,26.090698],[32.127705,26.090067],[32.131651,26.086749],[32.138284,26.080678],[32.139809,26.078868],[32.143093,26.074562],[32.143542,26.074151],[32.144292,26.073709],[32.153006,26.066874],[32.154865,26.064395],[32.159812,26.059138],[32.160362,26.058903],[32.16177,26.058708],[32.16324,26.058284],[32.165161,26.05763],[32.165821,26.057272]]],[[[32.298611,26.032273],[32.299507,26.033587],[32.300046,26.033803],[32.302955,26.035866],[32.3028,26.036736],[32.304324,26.037906],[32.304952,26.038811],[32.305537,26.039258],[32.307505,26.041631],[32.30884,26.04383],[32.309996,26.046758],[32.310848,26.049584],[32.315861,26.049314],[32.315498,26.045946],[32.314362,26.041911],[32.313493,26.037926],[32.313046,26.036587],[32.310844,26.033329],[32.306079,26.029188],[32.304137,26.027196],[32.303035,26.026571],[32.302278,26.02639],[32.300081,26.025372],[32.299281,26.02486],[32.2988,26.024769],[32.294779,26.022977],[32.293444,26.022543],[32.291265,26.022216],[32.289969,26.022308],[32.28946,26.022502],[32.28909,26.022299],[32.288679,26.022302],[32.288598,26.022399],[32.287776,26.022431],[32.287216,26.022604],[32.286401,26.022275],[32.285824,26.022453],[32.285516,26.022333],[32.285139,26.022496],[32.28338,26.022533],[32.283477,26.022632],[32.283317,26.022652],[32.282627,26.022576],[32.280958,26.022831],[32.279857,26.022743],[32.279029,26.022847],[32.278225,26.022704],[32.27815,26.022812],[32.277779,26.022789],[32.277441,26.022968],[32.276705,26.022882],[32.275791,26.022937],[32.27176,26.023576],[32.271077,26.02353],[32.265313,26.025214],[32.262907,26.026212],[32.260899,26.027663],[32.253181,26.032647],[32.250774,26.034958],[32.24976,26.036412],[32.248971,26.038042],[32.248661,26.039118],[32.248356,26.041422],[32.247906,26.042944],[32.247805,26.043822],[32.246763,26.046385],[32.246652,26.046941],[32.24488,26.050186],[32.243916,26.052709],[32.249716,26.052454],[32.249932,26.050398],[32.249912,26.048478],[32.250563,26.045874],[32.254229,26.039561],[32.256257,26.037047],[32.257757,26.035568],[32.262941,26.031899],[32.266568,26.029969],[32.266839,26.029727],[32.270226,26.028326],[32.275014,26.026568],[32.27603,26.026334],[32.276061,26.026169],[32.278038,26.026035],[32.279442,26.026189],[32.281608,26.026775],[32.283876,26.027685],[32.284906,26.027967],[32.285695,26.028383],[32.286517,26.028999],[32.289831,26.032047],[32.290231,26.032176],[32.288654,26.030496],[32.288539,26.030224],[32.287572,26.029497],[32.287322,26.028962],[32.28613,26.027943],[32.283794,26.027009],[32.283847,26.026909],[32.283569,26.026868],[32.28135,26.025793],[32.282586,26.025698],[32.284626,26.025883],[32.286033,26.026221],[32.289016,26.026629],[32.289334,26.026807],[32.289867,26.026812],[32.290464,26.026975],[32.291173,26.027308],[32.29133,26.027548],[32.291426,26.027446],[32.292428,26.02778],[32.292382,26.02786],[32.292579,26.027998],[32.292626,26.027912],[32.292784,26.028092],[32.293496,26.028405],[32.294143,26.029021],[32.295278,26.029522],[32.295425,26.029833],[32.295899,26.030295],[32.296139,26.030465],[32.296489,26.03048],[32.297104,26.031051],[32.297883,26.032049],[32.298249,26.032064],[32.298611,26.032273]],[[32.293345,26.025802],[32.287196,26.025086],[32.285362,26.025134],[32.284499,26.024901],[32.29063,26.024832],[32.294967,26.025766],[32.298498,26.027464],[32.302484,26.030417],[32.30248,26.031158],[32.302244,26.031899],[32.302724,26.0322],[32.30347,26.031258],[32.303938,26.031561],[32.304069,26.032885],[32.303496,26.034413],[32.304461,26.034709],[32.305411,26.034392],[32.304895,26.035565],[32.304873,26.036348],[32.304127,26.036397],[32.302861,26.034339],[32.302197,26.034262],[32.299611,26.031658],[32.299277,26.031028],[32.297909,26.030047],[32.297452,26.029591],[32.296507,26.029035],[32.296216,26.028367],[32.295881,26.027984],[32.294223,26.026986],[32.292414,26.026444],[32.292941,26.026314],[32.293742,26.026356],[32.295446,26.02684],[32.296747,26.027466],[32.295952,26.02669],[32.293345,26.025802]],[[32.293992,26.027684],[32.294628,26.027803],[32.29552,26.028949],[32.295492,26.029228],[32.294777,26.02917],[32.294004,26.028667],[32.293742,26.02773],[32.293855,26.027535],[32.293992,26.027684]]],[[[32.378539,26.059841],[32.379195,26.059815],[32.379599,26.059494],[32.38085,26.059681],[32.382992,26.060659],[32.385331,26.062305],[32.386889,26.063746],[32.387571,26.064572],[32.388557,26.065252],[32.388565,26.065444],[32.389337,26.065789],[32.389301,26.065976],[32.389853,26.066153],[32.390105,26.067048],[32.390526,26.067099],[32.39079,26.067307],[32.390981,26.067581],[32.390898,26.067845],[32.39202,26.068735],[32.39224,26.068994],[32.392202,26.069105],[32.392516,26.069354],[32.392507,26.069534],[32.393086,26.070061],[32.393154,26.070276],[32.403488,26.077642],[32.402975,26.077238],[32.402082,26.076208],[32.401525,26.075956],[32.401698,26.075834],[32.401699,26.075521],[32.401402,26.075193],[32.401063,26.075126],[32.400902,26.074755],[32.400442,26.074392],[32.400375,26.073774],[32.392663,26.065362],[32.39097,26.063338],[32.390667,26.063358],[32.389999,26.062882],[32.388648,26.061247],[32.387336,26.059956],[32.38487,26.058504],[32.383731,26.057984],[32.382325,26.058105],[32.381891,26.057631],[32.381166,26.057893],[32.380752,26.057879],[32.379595,26.057383],[32.378365,26.057274],[32.377749,26.057362],[32.377464,26.057063],[32.376665,26.056926],[32.375058,26.057352],[32.378539,26.059841]]],[[[32.170586,26.055587],[32.170635,26.055689],[32.176181,26.055527],[32.180547,26.056608],[32.18557,26.056469],[32.188619,26.056509],[32.198179,26.057168],[32.20079,26.056343],[32.201513,26.055664],[32.20956,26.05246],[32.210021,26.052402],[32.210758,26.052696],[32.214662,26.055223],[32.219806,26.059262],[32.221341,26.059982],[32.221589,26.060044],[32.221848,26.059916],[32.220968,26.05968],[32.220067,26.059197],[32.215019,26.055236],[32.210566,26.052363],[32.210027,26.052203],[32.209466,26.052287],[32.201518,26.055467],[32.20042,26.056317],[32.19793,26.057019],[32.188741,26.056337],[32.180414,26.056411],[32.176303,26.055367],[32.170586,26.055587]]],[[[32.506989,26.109259],[32.50641,26.108889],[32.505661,26.108891],[32.498523,26.103566],[32.496918,26.102721],[32.494669,26.102155],[32.489365,26.101187],[32.483194,26.100222],[32.480364,26.099403],[32.476653,26.098581],[32.471062,26.096717],[32.465521,26.094418],[32.460591,26.090738],[32.458601,26.089865],[32.457424,26.089106],[32.452318,26.085395],[32.44883,26.082421],[32.444662,26.079467],[32.436734,26.07418],[32.430477,26.070285],[32.422404,26.064945],[32.422338,26.065005],[32.414234,26.059536],[32.40691,26.054216],[32.406398,26.053749],[32.405097,26.051652],[32.404585,26.051263],[32.403021,26.050471],[32.400225,26.048434],[32.396366,26.046116],[32.391619,26.042148],[32.390169,26.041122],[32.385485,26.038703],[32.381079,26.036096],[32.377686,26.034273],[32.373846,26.032837],[32.370814,26.031097],[32.368642,26.030199],[32.365859,26.02885],[32.36383,26.028302],[32.361468,26.027298],[32.359148,26.026735],[32.355779,26.025437],[32.350585,26.024826],[32.343191,26.023709],[32.339028,26.022472],[32.336183,26.022346],[32.333922,26.021677],[32.328644,26.020597],[32.317009,26.017001],[32.30966,26.014997],[32.29716,26.011163],[32.295271,26.010827],[32.292115,26.009911],[32.291107,26.009897],[32.290147,26.010205],[32.28396,26.014108],[32.27655,26.014776],[32.273596,26.014814],[32.265102,26.015995],[32.263084,26.016498],[32.261403,26.016721],[32.259473,26.017225],[32.253921,26.019226],[32.224355,26.020716],[32.207671,26.026292],[32.204054,26.027075],[32.203309,26.027406],[32.202105,26.028318],[32.201308,26.028594],[32.183325,26.034106],[32.178363,26.035363],[32.177211,26.035774],[32.176302,26.036371],[32.175496,26.0372],[32.168649,26.047366],[32.168115,26.047868],[32.167548,26.048142],[32.166923,26.048268],[32.160119,26.047934],[32.151466,26.046273],[32.151419,26.046369],[32.159825,26.048],[32.167497,26.048399],[32.168328,26.047951],[32.168998,26.047233],[32.175915,26.037047],[32.176528,26.036453],[32.177496,26.035854],[32.178094,26.035612],[32.183449,26.034241],[32.201759,26.028649],[32.202497,26.028274],[32.20367,26.027372],[32.20858,26.026205],[32.212129,26.024954],[32.215557,26.023937],[32.224255,26.020932],[32.225339,26.020761],[32.243395,26.019967],[32.253359,26.019458],[32.254155,26.019334],[32.259196,26.017441],[32.265588,26.016075],[32.274296,26.014896],[32.276383,26.014919],[32.279007,26.014617],[32.283407,26.014377],[32.284396,26.014151],[32.290279,26.010427],[32.291057,26.010117],[32.291934,26.010116],[32.295115,26.011025],[32.297529,26.011478],[32.297818,26.011648],[32.308278,26.014857],[32.315257,26.016746],[32.328606,26.020767],[32.333775,26.021877],[32.336398,26.022673],[32.337942,26.022634],[32.339308,26.022763],[32.342355,26.023751],[32.343818,26.024025],[32.350576,26.025045],[32.355883,26.025673],[32.35842,26.026694],[32.360511,26.027191],[32.363546,26.02844],[32.365314,26.028873],[32.367216,26.029625],[32.371121,26.031549],[32.373882,26.033114],[32.377711,26.034551],[32.386019,26.039291],[32.390635,26.041657],[32.392762,26.043565],[32.395576,26.045821],[32.400209,26.048726],[32.403097,26.050782],[32.404578,26.051619],[32.404961,26.051984],[32.406194,26.053892],[32.406678,26.05435],[32.414453,26.060009],[32.428585,26.06948],[32.434982,26.073417],[32.444647,26.079824],[32.447975,26.082118],[32.452254,26.085797],[32.457932,26.089884],[32.460388,26.090902],[32.460742,26.091329],[32.461461,26.091763],[32.465021,26.094465],[32.465817,26.094905],[32.471912,26.097361],[32.476983,26.098965],[32.479968,26.099541],[32.482632,26.100532],[32.489972,26.101761],[32.491243,26.101887],[32.496891,26.102909],[32.497324,26.103075],[32.499699,26.104778],[32.507651,26.110861],[32.508159,26.110821],[32.507104,26.109982],[32.506989,26.109259]]],[[[32.072858,26.113593],[32.063871,26.104386],[32.061435,26.102687],[32.058453,26.100144],[32.058131,26.099555],[32.058021,26.098575],[32.057641,26.097862],[32.048766,26.087951],[32.048152,26.087044],[32.048059,26.087059],[32.048679,26.08799],[32.057623,26.098026],[32.057908,26.098583],[32.058073,26.099679],[32.058367,26.100179],[32.061465,26.10284],[32.063659,26.104319],[32.072661,26.113449],[32.073025,26.114381],[32.072897,26.115188],[32.072725,26.115519],[32.070407,26.118082],[32.070361,26.118439],[32.070651,26.118765],[32.070418,26.118399],[32.070459,26.118121],[32.072703,26.115714],[32.073037,26.115163],[32.073141,26.11466],[32.072858,26.113593]]],[[[32.103722,26.102087],[32.093955,26.099235],[32.091489,26.09801],[32.090736,26.097917],[32.089468,26.098066],[32.063313,26.084655],[32.064242,26.084221],[32.076811,26.07983],[32.064701,26.083976],[32.061398,26.085246],[32.061479,26.085362],[32.062945,26.084733],[32.063527,26.084884],[32.084358,26.095592],[32.085756,26.09626],[32.085733,26.096164],[32.08597,26.09641],[32.08858,26.09768],[32.089344,26.098165],[32.090543,26.098037],[32.091354,26.098087],[32.094275,26.099468],[32.103722,26.102087]]],[[[32.234768,26.040526],[32.236056,26.039363],[32.237626,26.037649],[32.238487,26.036943],[32.239732,26.035324],[32.246714,26.029647],[32.246587,26.02947],[32.23983,26.034925],[32.238903,26.036108],[32.23645,26.038649],[32.233516,26.041221],[32.231457,26.042228],[32.229278,26.043802],[32.226865,26.044938],[32.22714,26.048961],[32.227278,26.049208],[32.227365,26.057201],[32.22759,26.057091],[32.227551,26.051633],[32.227251,26.045876],[32.226969,26.04514],[32.227542,26.044758],[32.229501,26.043918],[32.231676,26.042345],[32.23351,26.041431],[32.234768,26.040526]]],[[[32.140212,26.023919],[32.138373,26.024683],[32.135107,26.026822],[32.131998,26.029328],[32.13083,26.030749],[32.129343,26.032243],[32.12814,26.034095],[32.126558,26.036062],[32.12584,26.037786],[32.125108,26.039002],[32.1186,26.045179],[32.117095,26.046311],[32.116955,26.046671],[32.116991,26.047051],[32.118012,26.048278],[32.118038,26.048761],[32.117841,26.04906],[32.115291,26.051379],[32.114956,26.052149],[32.11507,26.052535],[32.115387,26.052966],[32.117863,26.055149],[32.11901,26.056855],[32.130229,26.066716],[32.130685,26.067386],[32.130983,26.068351],[32.131428,26.06894],[32.133459,26.070453],[32.135912,26.072014],[32.135914,26.071876],[32.134301,26.070871],[32.131556,26.068889],[32.131094,26.068215],[32.130753,26.067245],[32.130402,26.066734],[32.121955,26.059143],[32.118991,26.056646],[32.117997,26.055064],[32.115405,26.052738],[32.115107,26.052126],[32.115454,26.051402],[32.117894,26.049194],[32.118161,26.048811],[32.118082,26.048074],[32.117124,26.047005],[32.117104,26.046658],[32.117272,26.046316],[32.11856,26.045411],[32.125248,26.039041],[32.12602,26.037734],[32.126661,26.036129],[32.128272,26.034143],[32.129366,26.032385],[32.132817,26.02875],[32.136126,26.026198],[32.138843,26.02456],[32.140284,26.024093],[32.140212,26.023919]]],[[[32.118972,26.045255],[32.118985,26.045393],[32.119228,26.045411],[32.126368,26.045758],[32.137058,26.046471],[32.137075,26.046334],[32.118972,26.045255]]],[[[32.151419,26.046369],[32.151466,26.046273],[32.15045,26.04606],[32.14263,26.045967],[32.139136,26.046488],[32.137399,26.046352],[32.137383,26.046477],[32.138939,26.046637],[32.139733,26.046582],[32.14283,26.046046],[32.144723,26.046149],[32.150344,26.04614],[32.151419,26.046369]]],[[[32.151705,26.03647],[32.153813,26.038807],[32.155737,26.040696],[32.161614,26.047645],[32.161683,26.047875],[32.161681,26.04765],[32.155774,26.040657],[32.151752,26.036398],[32.151705,26.03647]]],[[[32.164653,26.023365],[32.162945,26.021502],[32.162801,26.021615],[32.16553,26.024407],[32.177379,26.035412],[32.17751,26.035413],[32.177509,26.03528],[32.164653,26.023365]]],[[[32.202249,26.055409],[32.202197,26.055501],[32.202333,26.055646],[32.204887,26.056104],[32.205669,26.056359],[32.206479,26.057257],[32.206583,26.057605],[32.20645,26.058091],[32.204988,26.059368],[32.206426,26.058266],[32.206643,26.057754],[32.206577,26.057303],[32.205684,26.056294],[32.204842,26.056031],[32.202414,26.055582],[32.202249,26.055409]]],[[[32.157339,26.057182],[32.156467,26.057555],[32.153586,26.059625],[32.152369,26.059895],[32.151767,26.06021],[32.151227,26.060813],[32.150708,26.062266],[32.148886,26.063552],[32.148123,26.065018],[32.147624,26.065446],[32.14689,26.065871],[32.145972,26.066098],[32.145838,26.066026],[32.14504,26.066114],[32.14439,26.066301],[32.143016,26.067235],[32.140006,26.069933],[32.138506,26.0726],[32.136567,26.076755],[32.136411,26.076886],[32.136638,26.076832],[32.140066,26.069947],[32.143122,26.06734],[32.144388,26.066454],[32.144959,26.066234],[32.146539,26.066083],[32.147818,26.065436],[32.148263,26.064955],[32.14894,26.06366],[32.150481,26.062653],[32.150759,26.062359],[32.151218,26.060948],[32.15169,26.060387],[32.15232,26.059977],[32.153696,26.059648],[32.156533,26.057592],[32.157339,26.057182]]],[[[32.154455,26.055331],[32.142429,26.064311],[32.139633,26.070194],[32.142513,26.064333],[32.150602,26.058348],[32.154455,26.055331]]],[[[32.151331,26.052836],[32.15143,26.052896],[32.155761,26.048131],[32.15626,26.04779],[32.156808,26.047674],[32.159541,26.048148],[32.160622,26.048257],[32.160653,26.048168],[32.157561,26.047648],[32.156713,26.0476],[32.156148,26.047722],[32.155681,26.048084],[32.151331,26.052836]]],[[[32.169913,26.058521],[32.160887,26.063575],[32.153165,26.070408],[32.152632,26.071202],[32.152535,26.071881],[32.152729,26.072475],[32.156199,26.077551],[32.156404,26.077462],[32.152862,26.07237],[32.152758,26.071561],[32.153161,26.070674],[32.161104,26.063644],[32.170343,26.058479],[32.170798,26.058625],[32.171824,26.059718],[32.173784,26.062374],[32.175368,26.063485],[32.177792,26.065662],[32.178662,26.066152],[32.180864,26.066539],[32.184184,26.066425],[32.185509,26.066563],[32.187108,26.066968],[32.190329,26.068864],[32.191413,26.069302],[32.193969,26.069964],[32.196702,26.070384],[32.19855,26.07036],[32.201264,26.069704],[32.201832,26.069786],[32.202275,26.069568],[32.200637,26.069641],[32.198297,26.070233],[32.196873,26.070205],[32.195137,26.070007],[32.192453,26.069459],[32.190891,26.069016],[32.18721,26.066882],[32.186713,26.066695],[32.185568,26.066435],[32.184414,26.06633],[32.180698,26.066374],[32.178835,26.066035],[32.177541,26.065284],[32.175953,26.063737],[32.174139,26.062464],[32.173549,26.061882],[32.171074,26.058697],[32.170514,26.058357],[32.169913,26.058521]]],[[[32.158921,26.080116],[32.156404,26.077462],[32.156199,26.077551],[32.15873,26.08022],[32.158921,26.080116]]],[[[32.161992,26.07793],[32.154886,26.08297],[32.154005,26.083393],[32.152963,26.083489],[32.152341,26.083721],[32.149624,26.085654],[32.147616,26.087276],[32.14577,26.088583],[32.145401,26.088734],[32.14469,26.088778],[32.14399,26.088541],[32.141435,26.085872],[32.140921,26.085652],[32.1407,26.085689],[32.141215,26.08586],[32.141718,26.086222],[32.143916,26.088615],[32.144692,26.08888],[32.14554,26.088779],[32.14608,26.08851],[32.152128,26.08397],[32.152878,26.083646],[32.153969,26.083534],[32.154615,26.08326],[32.162065,26.07799],[32.162658,26.077846],[32.163464,26.077996],[32.167469,26.080082],[32.167864,26.080355],[32.170362,26.082916],[32.1708,26.083099],[32.171375,26.083089],[32.177525,26.080146],[32.178249,26.079692],[32.182297,26.076914],[32.186901,26.073218],[32.186719,26.073221],[32.183486,26.075946],[32.177615,26.080035],[32.171209,26.083074],[32.170776,26.083023],[32.170387,26.082823],[32.167782,26.080167],[32.165284,26.078795],[32.163151,26.077804],[32.16263,26.077771],[32.161992,26.07793]]],[[[32.21113,26.008548],[32.210804,26.007486],[32.209526,26.005478],[32.205233,25.999586],[32.205145,25.999638],[32.205324,25.999888],[32.209346,26.005326],[32.210638,26.007333],[32.21113,26.008548]]],[[[32.211165,26.008658],[32.211066,26.008685],[32.211462,26.009837],[32.21174,26.010101],[32.212117,26.010232],[32.217055,26.009512],[32.223301,26.011223],[32.226124,26.011727],[32.226821,26.011706],[32.228127,26.011349],[32.228562,26.011405],[32.230281,26.012927],[32.237037,26.016326],[32.23889,26.018065],[32.239596,26.019249],[32.239698,26.019735],[32.239811,26.019738],[32.23964,26.019078],[32.239075,26.018152],[32.237242,26.016358],[32.230378,26.012871],[32.228589,26.011315],[32.228041,26.011263],[32.226451,26.011645],[32.225434,26.011508],[32.223109,26.011065],[32.217146,26.009392],[32.212157,26.010137],[32.211742,26.009966],[32.211482,26.00965],[32.211165,26.008658]]],[[[32.182781,26.026816],[32.185371,26.024145],[32.186674,26.02267],[32.182949,26.026591],[32.18264,26.026751],[32.18235,26.026719],[32.170293,26.016116],[32.170211,26.016179],[32.182139,26.026684],[32.182442,26.026822],[32.182781,26.026816]]],[[[32.214438,25.998875],[32.214382,25.998932],[32.215569,26.000411],[32.217554,26.002744],[32.219863,26.004261],[32.220175,26.004633],[32.220458,26.00803],[32.221422,26.009695],[32.221403,26.010425],[32.22152,26.010039],[32.221461,26.009663],[32.220534,26.008066],[32.220256,26.004655],[32.219925,26.004249],[32.217603,26.002697],[32.214438,25.998875]]],[[[32.069714,26.096855],[32.070043,26.096756],[32.073043,26.0949],[32.07506,26.093045],[32.076036,26.091672],[32.074963,26.093073],[32.072995,26.094887],[32.070097,26.096679],[32.06964,26.096806],[32.068819,26.096737],[32.069714,26.096855]]],[[[32.168185,26.048683],[32.172676,26.049136],[32.17276,26.049047],[32.171566,26.048834],[32.168209,26.048565],[32.168185,26.048683]]],[[[32.173311,26.049026],[32.173278,26.049101],[32.173751,26.049338],[32.176984,26.052621],[32.173909,26.049316],[32.173311,26.049026]]],[[[32.124131,26.09938],[32.128407,26.094131],[32.130673,26.091894],[32.130546,26.091841],[32.128326,26.094114],[32.12401,26.09939],[32.124131,26.09938]]],[[[32.140023,26.0833],[32.135485,26.086939],[32.130546,26.091841],[32.130673,26.091894],[32.134889,26.087607],[32.140035,26.083408],[32.140023,26.0833]]],[[[32.068521,26.096641],[32.060701,26.084178],[32.060487,26.084223],[32.068521,26.096641]]],[[[32.246514,26.029806],[32.250011,26.034158],[32.250898,26.034819],[32.2511,26.034594],[32.250165,26.034059],[32.246714,26.029647],[32.246514,26.029806]]],[[[32.244717,26.039123],[32.246215,26.037699],[32.24822,26.035531],[32.249373,26.034576],[32.249893,26.034021],[32.249831,26.033949],[32.247797,26.035818],[32.245241,26.038582],[32.242774,26.040571],[32.242638,26.041013],[32.242723,26.041018],[32.242789,26.040692],[32.243337,26.040178],[32.244717,26.039123]]],[[[32.254847,26.005565],[32.25483,26.00549],[32.252336,26.006054],[32.250737,26.006092],[32.25,26.005958],[32.246309,26.004816],[32.24374,26.004434],[32.242329,26.004096],[32.241196,26.004058],[32.238701,26.0037],[32.238273,26.003728],[32.235395,26.004611],[32.231169,26.005267],[32.230476,26.005229],[32.230432,26.005312],[32.231063,26.005385],[32.235309,26.004751],[32.238566,26.003819],[32.241314,26.004196],[32.242398,26.004208],[32.246181,26.004902],[32.250582,26.006168],[32.252435,26.006131],[32.254847,26.005565]]],[[[32.244922,26.00745],[32.249535,26.006273],[32.250534,26.00621],[32.249575,26.006225],[32.244922,26.00745]]],[[[32.205023,26.059446],[32.20493,26.059424],[32.202993,26.061076],[32.200654,26.062699],[32.195872,26.064307],[32.191914,26.069315],[32.192019,26.069343],[32.19281,26.068371],[32.195922,26.064383],[32.200342,26.062973],[32.203007,26.061212],[32.205023,26.059446]]],[[[32.197577,26.058803],[32.191642,26.062231],[32.186944,26.065697],[32.186592,26.066131],[32.186428,26.06663],[32.18655,26.066658],[32.187085,26.065807],[32.192745,26.061676],[32.194088,26.061018],[32.197649,26.058886],[32.197577,26.058803]]],[[[32.170635,26.055689],[32.170586,26.055587],[32.169711,26.055839],[32.168676,26.056447],[32.168085,26.055934],[32.167987,26.056066],[32.16856,26.056568],[32.168783,26.0566],[32.16968,26.056003],[32.170635,26.055689]]],[[[32.212742,26.033122],[32.206705,26.033677],[32.192009,26.03383],[32.19163,26.03395],[32.18714,26.036482],[32.183859,26.0391],[32.182891,26.039434],[32.182021,26.03935],[32.181343,26.039022],[32.17772,26.035764],[32.177588,26.035817],[32.177731,26.036147],[32.181381,26.039283],[32.182054,26.03956],[32.182791,26.039625],[32.183777,26.039351],[32.187303,26.036615],[32.191482,26.034214],[32.19217,26.033965],[32.205309,26.033874],[32.209588,26.033662],[32.212716,26.03328],[32.212742,26.033122]]],[[[32.154404,26.055302],[32.15573,26.054261],[32.160104,26.050474],[32.160321,26.050071],[32.160914,26.048049],[32.160051,26.050448],[32.154404,26.055302]]],[[[32.188878,26.02039],[32.18748,26.021807],[32.186701,26.022704],[32.188336,26.020981],[32.188878,26.02039]]],[[[32.188848,26.020366],[32.191302,26.017822],[32.192654,26.016821],[32.198542,26.013986],[32.199786,26.013237],[32.202282,26.012016],[32.204223,26.011219],[32.206119,26.010727],[32.209652,26.00915],[32.210984,26.008803],[32.210951,26.008706],[32.20939,26.00918],[32.206077,26.010666],[32.204006,26.011224],[32.202232,26.011954],[32.200063,26.01299],[32.198438,26.013971],[32.192855,26.016649],[32.191226,26.017822],[32.188848,26.020366]]],[[[32.152665,26.029289],[32.148002,26.024288],[32.14565,26.022276],[32.145491,26.021951],[32.145496,26.021479],[32.145613,26.021181],[32.146437,26.020321],[32.149301,26.017562],[32.15284,26.015034],[32.156088,26.013261],[32.156009,26.013112],[32.151962,26.01538],[32.149643,26.017023],[32.146269,26.020267],[32.145363,26.021279],[32.145286,26.0215],[32.145287,26.021962],[32.145541,26.022448],[32.147825,26.02438],[32.152578,26.029462],[32.152665,26.029289]]],[[[32.28662,26.007289],[32.277189,26.004907],[32.275637,26.005035],[32.274072,26.004752],[32.273488,26.004522],[32.272363,26.003808],[32.27156,26.003493],[32.265912,26.002213],[32.26334,26.001857],[32.261482,26.002253],[32.259428,26.002188],[32.259102,26.002534],[32.258812,26.004094],[32.258364,26.004634],[32.257861,26.004863],[32.25635,26.005091],[32.25483,26.00549],[32.25485,26.005602],[32.258382,26.004792],[32.258862,26.004243],[32.259172,26.002633],[32.259535,26.002257],[32.261543,26.002349],[32.263387,26.001944],[32.266201,26.002374],[32.271861,26.003686],[32.273998,26.004834],[32.275568,26.005121],[32.277129,26.00499],[32.286593,26.007349],[32.287749,26.008444],[32.289464,26.010394],[32.289555,26.010317],[32.286941,26.007489],[32.28662,26.007289]]],[[[32.663043,26.167634],[32.66229,26.167964],[32.661752,26.16824],[32.663043,26.167634]]],[[[32.64339,26.170646],[32.648889,26.167684],[32.648918,26.167545],[32.64775,26.168022],[32.643409,26.170566],[32.642862,26.170661],[32.642098,26.17058],[32.642715,26.170725],[32.64339,26.170646]]],[[[32.617017,26.146054],[32.617097,26.146356],[32.617959,26.145901],[32.618998,26.14612],[32.619448,26.146029],[32.61935,26.145701],[32.618805,26.145864],[32.617814,26.145784],[32.617017,26.146054]]],[[[32.63683,26.169725],[32.641892,26.170536],[32.637146,26.169703],[32.633024,26.167689],[32.632955,26.16783],[32.63683,26.169725]]],[[[32.662012,26.157641],[32.655578,26.158807],[32.650561,26.158065],[32.64252,26.157351],[32.638279,26.155799],[32.6334,26.151272],[32.632876,26.150899],[32.631925,26.150681],[32.628168,26.150317],[32.623058,26.148739],[32.621588,26.148972],[32.621368,26.14912],[32.632698,26.163395],[32.633234,26.163753],[32.642549,26.167764],[32.643249,26.167812],[32.643934,26.167677],[32.662588,26.159829],[32.662012,26.157641]]],[[[32.661992,26.157566],[32.65562,26.158725],[32.65066,26.157989],[32.6425,26.157249],[32.638322,26.155708],[32.633417,26.151166],[32.632742,26.150773],[32.631945,26.150626],[32.628692,26.150325],[32.62309,26.148667],[32.621585,26.148848],[32.621278,26.149008],[32.621368,26.14912],[32.621588,26.148972],[32.623058,26.148739],[32.628168,26.150317],[32.631925,26.150681],[32.632876,26.150899],[32.6334,26.151272],[32.638279,26.155799],[32.64252,26.157351],[32.650561,26.158065],[32.655578,26.158807],[32.662012,26.157641],[32.661992,26.157566]]],[[[32.630248,26.142929],[32.630296,26.142613],[32.630705,26.142656],[32.630712,26.142879],[32.630827,26.142876],[32.630871,26.142597],[32.630747,26.142527],[32.630926,26.142208],[32.631608,26.142305],[32.631831,26.142079],[32.631704,26.141988],[32.631701,26.141611],[32.631388,26.141584],[32.63137,26.141274],[32.631795,26.141249],[32.63178,26.14099],[32.631208,26.14097],[32.631194,26.140834],[32.630807,26.140782],[32.630281,26.140896],[32.630447,26.141388],[32.630121,26.141379],[32.629928,26.140821],[32.629669,26.140863],[32.629556,26.140482],[32.629256,26.140502],[32.629246,26.14036],[32.628981,26.140378],[32.62893,26.14049],[32.628544,26.140465],[32.628526,26.140749],[32.628912,26.140725],[32.628946,26.141076],[32.628783,26.141092],[32.628812,26.141388],[32.629099,26.141478],[32.629108,26.141723],[32.628743,26.142407],[32.62897,26.142503],[32.628996,26.142356],[32.6294,26.142427],[32.629427,26.142575],[32.629758,26.142516],[32.629868,26.142774],[32.630017,26.142801],[32.629969,26.142972],[32.630248,26.142929]]],[[[32.635293,26.14531],[32.635397,26.145081],[32.636773,26.145256],[32.63688,26.144414],[32.637185,26.143841],[32.637149,26.143699],[32.636057,26.143639],[32.63602,26.14287],[32.635631,26.142849],[32.635593,26.143547],[32.635464,26.143598],[32.634607,26.143551],[32.634642,26.142893],[32.634456,26.142866],[32.63436,26.143514],[32.633963,26.143455],[32.634092,26.143108],[32.63369,26.143031],[32.633695,26.142693],[32.633553,26.142889],[32.633266,26.142863],[32.633282,26.142688],[32.632937,26.142656],[32.632861,26.142825],[32.632672,26.14274],[32.632677,26.142597],[32.632553,26.14287],[32.632371,26.142844],[32.632179,26.143092],[32.632655,26.143272],[32.632714,26.143117],[32.633041,26.143428],[32.633023,26.143695],[32.63266,26.14432],[32.633722,26.144586],[32.634356,26.144555],[32.635127,26.144983],[32.635116,26.145154],[32.635293,26.14531]]],[[[32.645919,26.144682],[32.646002,26.144284],[32.647146,26.144166],[32.647033,26.143081],[32.646945,26.143127],[32.646691,26.142645],[32.646141,26.1426],[32.646112,26.142946],[32.645906,26.142998],[32.646014,26.143427],[32.645431,26.143574],[32.645002,26.143591],[32.644841,26.143228],[32.644511,26.143317],[32.64446,26.143639],[32.643959,26.143706],[32.64395,26.1435],[32.643586,26.143516],[32.643595,26.143722],[32.643362,26.143732],[32.643249,26.143492],[32.642803,26.143609],[32.642734,26.144522],[32.643667,26.144393],[32.643716,26.14457],[32.644026,26.14464],[32.644879,26.144409],[32.645453,26.144489],[32.645565,26.144704],[32.645919,26.144682]]],[[[32.658316,26.143598],[32.656929,26.143023],[32.656662,26.142667],[32.656687,26.142097],[32.656312,26.14208],[32.656159,26.141862],[32.656236,26.141809],[32.656031,26.141514],[32.656134,26.141234],[32.655779,26.140809],[32.656237,26.140408],[32.655844,26.139887],[32.654679,26.140024],[32.654793,26.141238],[32.654216,26.141292],[32.654326,26.141659],[32.654635,26.141566],[32.654783,26.14206],[32.654352,26.14235],[32.654604,26.142892],[32.65402,26.143069],[32.653811,26.142742],[32.653307,26.142538],[32.653158,26.142906],[32.652708,26.142724],[32.652444,26.142881],[32.651843,26.141798],[32.651489,26.141755],[32.65164,26.142082],[32.651248,26.142109],[32.651262,26.142305],[32.651025,26.142321],[32.65117,26.142859],[32.651451,26.142713],[32.651679,26.143151],[32.651456,26.143224],[32.651247,26.142933],[32.651161,26.142994],[32.651315,26.14343],[32.6517,26.143437],[32.651758,26.143615],[32.651978,26.143544],[32.652136,26.143825],[32.654012,26.143889],[32.654043,26.14423],[32.654476,26.144067],[32.654472,26.143904],[32.654743,26.143849],[32.654786,26.144059],[32.655128,26.144058],[32.655152,26.14424],[32.655347,26.144161],[32.655392,26.14425],[32.655982,26.14423],[32.655962,26.143656],[32.658168,26.144418],[32.658168,26.143993],[32.659438,26.143886],[32.659409,26.143607],[32.658316,26.143598]]],[[[32.655962,26.138983],[32.655505,26.137448],[32.653484,26.137744],[32.653822,26.140054],[32.655844,26.139887],[32.657017,26.141145],[32.657651,26.140204],[32.657549,26.13907],[32.657311,26.138655],[32.655962,26.138983]]],[[[32.657487,26.140448],[32.657017,26.141145],[32.656237,26.140408],[32.655779,26.140809],[32.656134,26.141234],[32.656031,26.141514],[32.656312,26.14208],[32.656687,26.142097],[32.656662,26.142667],[32.656929,26.143023],[32.658316,26.143598],[32.657487,26.140448]]],[[[32.649565,26.144261],[32.649502,26.143617],[32.649681,26.143648],[32.649578,26.14295],[32.64924,26.142913],[32.649259,26.143043],[32.649095,26.143067],[32.648889,26.141673],[32.648447,26.141738],[32.648362,26.142663],[32.648614,26.142686],[32.648595,26.142894],[32.648411,26.142878],[32.648362,26.143406],[32.647937,26.143367],[32.64805,26.143999],[32.648518,26.143949],[32.648513,26.143791],[32.648761,26.143784],[32.64891,26.144027],[32.649092,26.144022],[32.649081,26.143683],[32.649331,26.143675],[32.649346,26.144183],[32.649565,26.144261]]],[[[32.625945,26.141601],[32.626244,26.141277],[32.626139,26.140933],[32.625639,26.140807],[32.625714,26.140512],[32.625463,26.140448],[32.625701,26.139509],[32.625621,26.139249],[32.625329,26.139192],[32.625122,26.140247],[32.624756,26.140265],[32.624664,26.139962],[32.624516,26.139974],[32.624416,26.138668],[32.624225,26.138258],[32.623711,26.138498],[32.623141,26.138291],[32.623075,26.137946],[32.62256,26.138045],[32.622621,26.138362],[32.622181,26.138313],[32.622065,26.139356],[32.622236,26.139314],[32.622654,26.139482],[32.622431,26.139814],[32.623884,26.140528],[32.623778,26.140732],[32.62393,26.140811],[32.624036,26.140607],[32.625945,26.141601]]],[[[32.621333,26.139521],[32.621532,26.139199],[32.621806,26.139297],[32.621876,26.1391],[32.6213,26.138862],[32.621114,26.137764],[32.620847,26.137752],[32.620725,26.137925],[32.62054,26.137795],[32.62029,26.138149],[32.620574,26.138478],[32.620394,26.138557],[32.620524,26.138851],[32.621333,26.139521]]],[[[32.613764,26.135657],[32.613769,26.135665],[32.614057,26.135796],[32.613764,26.135657]]],[[[32.613764,26.135657],[32.613695,26.135624],[32.613769,26.135665],[32.613764,26.135657]]],[[[32.613695,26.135624],[32.615777,26.136499],[32.616108,26.136742],[32.616356,26.136624],[32.616746,26.136752],[32.617253,26.136666],[32.616966,26.136368],[32.61762,26.135849],[32.617863,26.135989],[32.618101,26.135819],[32.617631,26.135538],[32.617521,26.134891],[32.61779,26.134846],[32.617509,26.134422],[32.616862,26.134489],[32.616929,26.134147],[32.616689,26.1341],[32.616691,26.134434],[32.616356,26.134437],[32.615972,26.133354],[32.615467,26.133533],[32.615532,26.133909],[32.61528,26.133953],[32.615257,26.133819],[32.614502,26.134092],[32.614432,26.133901],[32.613684,26.134556],[32.613855,26.134861],[32.613641,26.13498],[32.613898,26.135306],[32.613695,26.135624]]],[[[32.505062,26.108456],[32.505285,26.108618],[32.508356,26.105189],[32.508553,26.105106],[32.515101,26.106378],[32.5169,26.106089],[32.521396,26.106639],[32.522984,26.10673],[32.525411,26.1071],[32.529543,26.108081],[32.535125,26.108362],[32.536568,26.108578],[32.536599,26.108369],[32.52933,26.107841],[32.525552,26.106969],[32.522823,26.106567],[32.521688,26.106543],[32.516814,26.10592],[32.515015,26.106225],[32.508613,26.104959],[32.508387,26.104971],[32.508094,26.105191],[32.507149,26.106344],[32.505062,26.108456]]],[[[32.483656,26.100135],[32.476363,26.098341],[32.47253,26.097093],[32.465865,26.094431],[32.460524,26.09053],[32.458283,26.089515],[32.452396,26.085267],[32.448812,26.082172],[32.446513,26.080507],[32.436263,26.073673],[32.429791,26.069643],[32.42256,26.064782],[32.422404,26.064945],[32.430477,26.070285],[32.436734,26.07418],[32.444662,26.079467],[32.44883,26.082421],[32.452318,26.085395],[32.457586,26.089222],[32.458601,26.089865],[32.460591,26.090738],[32.464983,26.094068],[32.465901,26.094622],[32.471062,26.096717],[32.476653,26.098581],[32.480364,26.099403],[32.483194,26.100222],[32.489365,26.101187],[32.494669,26.102155],[32.494704,26.101988],[32.493265,26.101719],[32.487592,26.100704],[32.483656,26.100135]]],[[[32.476543,26.098388],[32.478192,26.098746],[32.478364,26.098086],[32.477657,26.098015],[32.477586,26.098335],[32.477196,26.098307],[32.477295,26.097971],[32.476918,26.097859],[32.47684,26.098122],[32.476569,26.098042],[32.476543,26.098388]]],[[[32.478447,26.098796],[32.478337,26.098784],[32.478481,26.098821],[32.478447,26.098796]]],[[[32.478447,26.098796],[32.480239,26.09921],[32.480578,26.098566],[32.480454,26.098501],[32.480389,26.098624],[32.480173,26.09851],[32.480198,26.098326],[32.478706,26.098122],[32.478447,26.098796]]],[[[32.478337,26.098784],[32.478447,26.098796],[32.478192,26.098746],[32.478337,26.098784]]],[[[32.47335,26.093885],[32.472475,26.093413],[32.472247,26.094257],[32.473046,26.09469],[32.473113,26.094527],[32.472935,26.094389],[32.47335,26.093885]]],[[[32.472699,26.096502],[32.472445,26.096395],[32.472408,26.096483],[32.468728,26.095079],[32.467203,26.094379],[32.466285,26.092488],[32.463247,26.087497],[32.462243,26.086324],[32.461079,26.085206],[32.459838,26.084492],[32.457632,26.082432],[32.456921,26.081955],[32.454753,26.079011],[32.444135,26.073926],[32.441693,26.077317],[32.448016,26.081573],[32.452396,26.085267],[32.458283,26.089515],[32.460524,26.09053],[32.462638,26.092105],[32.46312,26.091302],[32.462942,26.091195],[32.463051,26.09107],[32.4628,26.090946],[32.462921,26.090701],[32.463027,26.090715],[32.463173,26.090505],[32.463554,26.090647],[32.463785,26.090253],[32.463978,26.090172],[32.464226,26.090206],[32.464131,26.090442],[32.464245,26.090508],[32.464481,26.090223],[32.464334,26.090474],[32.464496,26.090569],[32.464347,26.090822],[32.464553,26.090943],[32.464223,26.091506],[32.464032,26.091485],[32.463903,26.09166],[32.463507,26.091476],[32.463412,26.09163],[32.463311,26.091567],[32.462872,26.092279],[32.465865,26.094431],[32.472451,26.097063],[32.472699,26.096502]],[[32.454596,26.081391],[32.454442,26.081504],[32.454587,26.081641],[32.454484,26.081749],[32.453987,26.081277],[32.45347,26.081043],[32.452882,26.080369],[32.453044,26.080198],[32.453287,26.080348],[32.453481,26.080084],[32.45392,26.080442],[32.453793,26.080597],[32.454054,26.080856],[32.45391,26.081001],[32.454118,26.081156],[32.454316,26.081011],[32.454596,26.081391]]],[[[32.522155,26.106079],[32.520971,26.105932],[32.520819,26.106424],[32.522114,26.106577],[32.522155,26.106079]]],[[[32.517435,26.105986],[32.518179,26.106082],[32.518224,26.105793],[32.518015,26.10576],[32.518055,26.105501],[32.51759,26.105428],[32.517435,26.105986]]],[[[32.456948,26.081893],[32.455623,26.079947],[32.455519,26.079993],[32.456921,26.081955],[32.457632,26.082432],[32.459838,26.084492],[32.461079,26.085206],[32.462243,26.086324],[32.462779,26.087053],[32.463247,26.087497],[32.466285,26.092488],[32.467203,26.094379],[32.468728,26.095079],[32.472408,26.096483],[32.472445,26.096395],[32.46732,26.094364],[32.466175,26.092138],[32.463262,26.087407],[32.462317,26.086309],[32.461121,26.085164],[32.460157,26.084646],[32.459517,26.084153],[32.457712,26.082421],[32.456948,26.081893]]],[[[32.472073,26.096258],[32.472285,26.096335],[32.472394,26.096046],[32.472167,26.095961],[32.472073,26.096258]]],[[[32.471747,26.096137],[32.47192,26.095843],[32.471665,26.095732],[32.471526,26.096051],[32.471747,26.096137]]],[[[32.471787,26.096149],[32.47185,26.096176],[32.471865,26.096182],[32.471787,26.096149]]],[[[32.574566,26.157427],[32.563715,26.155032],[32.563286,26.155034],[32.562395,26.155303],[32.561241,26.155835],[32.56128,26.15592],[32.563187,26.155128],[32.563604,26.155104],[32.576898,26.158074],[32.576906,26.157976],[32.574566,26.157427]]],[[[32.581931,26.156888],[32.545025,26.148869],[32.51491,26.138492],[32.512313,26.137691],[32.530763,26.144011],[32.53233,26.144648],[32.544834,26.148977],[32.557832,26.151894],[32.557852,26.151818],[32.581865,26.157009],[32.582591,26.156944],[32.583318,26.156506],[32.583259,26.156409],[32.582507,26.156832],[32.581931,26.156888]]],[[[32.497492,26.126803],[32.494169,26.130128],[32.490427,26.133095],[32.490528,26.133135],[32.493847,26.130546],[32.49515,26.129336],[32.497571,26.126912],[32.497736,26.126469],[32.497627,26.12598],[32.497515,26.126004],[32.497492,26.126803]]],[[[32.485773,26.131218],[32.487402,26.131377],[32.487754,26.131359],[32.487805,26.131176],[32.49085,26.132114],[32.491535,26.132217],[32.487806,26.131111],[32.48772,26.131327],[32.485773,26.131218]]],[[[32.48577,26.131245],[32.485737,26.131222],[32.485716,26.131224],[32.48577,26.131245]]],[[[32.607296,26.182521],[32.598675,26.18061],[32.597862,26.180767],[32.597373,26.181105],[32.596514,26.182825],[32.59662,26.182891],[32.596886,26.182484],[32.597469,26.181235],[32.59808,26.180867],[32.598682,26.180757],[32.607268,26.182606],[32.607296,26.182521]]],[[[32.613376,26.190893],[32.612515,26.190404],[32.611703,26.19035],[32.612608,26.19062],[32.61369,26.191265],[32.618832,26.194989],[32.619126,26.195602],[32.618839,26.196763],[32.618921,26.196814],[32.619223,26.195681],[32.618953,26.194951],[32.613376,26.190893]]],[[[32.647511,26.191955],[32.646744,26.189296],[32.64625,26.189432],[32.646642,26.190011],[32.647141,26.191401],[32.647295,26.192545],[32.646953,26.193647],[32.646049,26.194494],[32.64229,26.195762],[32.638678,26.197768],[32.637618,26.198144],[32.626176,26.20134],[32.626405,26.201482],[32.638096,26.198216],[32.642723,26.195898],[32.645886,26.194886],[32.646668,26.194383],[32.647216,26.193671],[32.647528,26.192739],[32.647511,26.191955]]],[[[32.642934,26.190512],[32.648302,26.188866],[32.653811,26.187573],[32.660502,26.186323],[32.661322,26.186332],[32.665598,26.187107],[32.668033,26.18697],[32.669616,26.186553],[32.669522,26.186193],[32.667995,26.186595],[32.665702,26.186697],[32.664258,26.186523],[32.661249,26.185902],[32.660151,26.185956],[32.656098,26.186765],[32.655991,26.186544],[32.655586,26.18657],[32.653214,26.187019],[32.646039,26.188853],[32.642192,26.190094],[32.640527,26.19027],[32.63969,26.190153],[32.631944,26.188234],[32.626081,26.186687],[32.622355,26.185487],[32.621981,26.185701],[32.617128,26.184033],[32.615651,26.183106],[32.611829,26.179932],[32.609014,26.177796],[32.606892,26.176831],[32.595646,26.172232],[32.594196,26.171194],[32.59132,26.168161],[32.590719,26.167255],[32.58963,26.165042],[32.589177,26.16461],[32.589058,26.164257],[32.589413,26.164399],[32.589391,26.164229],[32.588992,26.16405],[32.587114,26.16158],[32.582852,26.155104],[32.581946,26.15309],[32.581417,26.152234],[32.578174,26.147897],[32.577415,26.147378],[32.567911,26.142484],[32.567268,26.14198],[32.557976,26.13309],[32.557598,26.132634],[32.554009,26.126368],[32.552974,26.124765],[32.551712,26.123639],[32.550399,26.122995],[32.542048,26.120931],[32.539296,26.120368],[32.535524,26.120352],[32.520064,26.120736],[32.517952,26.121024],[32.498065,26.125249],[32.48779,26.127246],[32.486443,26.127308],[32.48376,26.127095],[32.473715,26.126],[32.474204,26.126245],[32.475991,26.126506],[32.483481,26.12725],[32.486555,26.127482],[32.48793,26.127429],[32.497637,26.125509],[32.513879,26.122052],[32.520283,26.120872],[32.538972,26.120428],[32.540551,26.12072],[32.55045,26.123218],[32.551825,26.123978],[32.553017,26.125124],[32.557544,26.132852],[32.560029,26.13539],[32.566755,26.141853],[32.568298,26.142947],[32.573489,26.145691],[32.577261,26.147536],[32.578369,26.148424],[32.581085,26.152347],[32.582472,26.155118],[32.583686,26.157112],[32.589406,26.165316],[32.590866,26.168083],[32.591383,26.168757],[32.594026,26.171477],[32.59406,26.171393],[32.595096,26.172235],[32.596111,26.172741],[32.608562,26.177855],[32.609837,26.178704],[32.6155,26.183316],[32.61683,26.184158],[32.617906,26.184662],[32.626771,26.187484],[32.63954,26.190733],[32.640945,26.190901],[32.642934,26.190512]]],[[[32.587938,26.16321],[32.587843,26.163074],[32.587339,26.163352],[32.586814,26.163364],[32.583252,26.162105],[32.580117,26.161327],[32.574094,26.160707],[32.574085,26.16083],[32.578734,26.161269],[32.581755,26.161815],[32.586948,26.163491],[32.587366,26.163475],[32.587938,26.16321]]],[[[32.552638,26.125266],[32.551212,26.124033],[32.552752,26.125558],[32.556599,26.132183],[32.557147,26.133028],[32.558427,26.134507],[32.567334,26.142937],[32.570308,26.144545],[32.572583,26.145603],[32.577401,26.148225],[32.578075,26.148868],[32.580583,26.152445],[32.580999,26.152698],[32.578113,26.148724],[32.577615,26.14826],[32.576281,26.147452],[32.567685,26.143052],[32.566595,26.142209],[32.558654,26.134583],[32.557592,26.133456],[32.556677,26.132139],[32.552638,26.125266]]],[[[32.583225,26.134311],[32.582083,26.132831],[32.581083,26.130839],[32.580521,26.130352],[32.578892,26.129402],[32.574543,26.1251],[32.574478,26.125165],[32.578518,26.12923],[32.580848,26.130749],[32.582024,26.132927],[32.582818,26.134063],[32.583185,26.134401],[32.583225,26.134311]]],[[[32.608864,26.148061],[32.608455,26.147369],[32.607831,26.146765],[32.605084,26.145277],[32.603276,26.143924],[32.598488,26.142252],[32.59567,26.14141],[32.594627,26.140782],[32.591157,26.139268],[32.589846,26.138568],[32.589823,26.13866],[32.590778,26.139172],[32.594629,26.1409],[32.59556,26.141473],[32.598461,26.14235],[32.603411,26.144071],[32.605106,26.145429],[32.607987,26.147035],[32.608527,26.147727],[32.608718,26.148214],[32.608692,26.149293],[32.608814,26.149314],[32.608864,26.148061]]],[[[32.499603,26.123061],[32.498214,26.123049],[32.497907,26.123065],[32.499521,26.123129],[32.500082,26.123264],[32.499603,26.123061]]],[[[32.504721,26.120377],[32.504707,26.120457],[32.507129,26.120217],[32.530423,26.117617],[32.532139,26.116781],[32.53276,26.116636],[32.538693,26.117151],[32.539335,26.117437],[32.539838,26.117905],[32.540269,26.118094],[32.544551,26.118561],[32.554737,26.121262],[32.557763,26.122172],[32.558479,26.122693],[32.558845,26.12318],[32.559157,26.123906],[32.55924,26.124797],[32.559126,26.128336],[32.559317,26.129073],[32.559621,26.12963],[32.5624,26.132198],[32.580297,26.14771],[32.58179,26.14918],[32.583142,26.150898],[32.584203,26.152588],[32.586143,26.156704],[32.587588,26.158095],[32.587962,26.158936],[32.589653,26.164452],[32.611829,26.171839],[32.617762,26.173568],[32.619639,26.173872],[32.621936,26.174923],[32.621917,26.174806],[32.621611,26.174734],[32.621044,26.174271],[32.620715,26.174256],[32.619885,26.173764],[32.618213,26.173574],[32.611752,26.171621],[32.606603,26.169819],[32.608514,26.165834],[32.608399,26.16506],[32.606591,26.161581],[32.606446,26.16001],[32.608709,26.149632],[32.60861,26.149605],[32.607248,26.155843],[32.606525,26.159224],[32.606382,26.160373],[32.606539,26.161781],[32.608288,26.165105],[32.608404,26.165682],[32.606516,26.169788],[32.594542,26.165928],[32.589773,26.164277],[32.589316,26.163163],[32.587991,26.158722],[32.587677,26.15806],[32.586147,26.156546],[32.584365,26.15268],[32.583367,26.151028],[32.581848,26.149055],[32.579639,26.146937],[32.559846,26.129668],[32.559463,26.129048],[32.559268,26.128445],[32.559371,26.125694],[32.559225,26.123718],[32.558519,26.122592],[32.557791,26.122067],[32.55731,26.121856],[32.544027,26.118366],[32.540223,26.118011],[32.53916,26.117249],[32.538547,26.11705],[32.535054,26.116814],[32.532973,26.116543],[32.532089,26.116676],[32.530813,26.117372],[32.530166,26.117537],[32.504721,26.120377]]],[[[31.970564,26.161195],[31.970665,26.161076],[31.970504,26.160827],[31.970379,26.160908],[31.970145,26.160582],[31.970234,26.160525],[31.970315,26.160637],[31.970774,26.160341],[31.970585,26.160343],[31.970336,26.159928],[31.970392,26.159796],[31.970608,26.159849],[31.971066,26.15949],[31.970685,26.159215],[31.970463,26.159198],[31.970077,26.159405],[31.970088,26.159493],[31.969963,26.15944],[31.969212,26.159794],[31.969098,26.159579],[31.967992,26.160381],[31.966606,26.160669],[31.965994,26.160918],[31.966066,26.161077],[31.965454,26.161411],[31.965681,26.161659],[31.965583,26.16174],[31.965339,26.161493],[31.965177,26.161627],[31.964896,26.16132],[31.964227,26.161627],[31.963668,26.162052],[31.97127,26.161856],[31.971289,26.161742],[31.970852,26.161254],[31.970674,26.16132],[31.970564,26.161195]]],[[[31.970755,26.160289],[31.970754,26.160287],[31.970718,26.160299],[31.970755,26.160289]]],[[[31.964333,26.161159],[31.965291,26.160595],[31.965057,26.16023],[31.965525,26.160006],[31.96529,26.158838],[31.964731,26.158271],[31.964273,26.158762],[31.964256,26.160534],[31.964348,26.160651],[31.963964,26.160793],[31.964333,26.161159]]],[[[31.989379,26.159393],[31.990761,26.159093],[31.991067,26.158778],[31.991364,26.158955],[31.991835,26.158845],[31.991152,26.158305],[31.991873,26.157641],[31.992216,26.157924],[31.99186,26.158193],[31.991945,26.158311],[31.991779,26.158512],[31.992045,26.158654],[31.992193,26.158507],[31.992459,26.158697],[31.997708,26.157288],[31.996284,26.156447],[31.993597,26.155933],[31.989936,26.155538],[31.988052,26.154972],[31.984931,26.153075],[31.981362,26.150402],[31.979742,26.14977],[31.978589,26.152104],[31.978972,26.152321],[31.978953,26.152434],[31.978647,26.152672],[31.978297,26.15255],[31.97806,26.152922],[31.978402,26.153096],[31.978256,26.153296],[31.978012,26.153191],[31.977853,26.153397],[31.978181,26.153577],[31.977935,26.153931],[31.977632,26.15377],[31.977443,26.154075],[31.977549,26.154152],[31.977475,26.154382],[31.977154,26.154462],[31.977556,26.154705],[31.977324,26.154989],[31.977938,26.155447],[31.97777,26.155617],[31.977285,26.155216],[31.976989,26.155538],[31.976787,26.155419],[31.976211,26.156057],[31.976008,26.155958],[31.975737,26.156297],[31.97689,26.157189],[31.977196,26.156853],[31.97789,26.157097],[31.978474,26.156528],[31.978207,26.156329],[31.978371,26.156183],[31.978234,26.156019],[31.97852,26.155795],[31.978849,26.156082],[31.979207,26.15575],[31.979349,26.155851],[31.979113,26.156069],[31.979441,26.156122],[31.979152,26.156466],[31.979488,26.156715],[31.979429,26.156788],[31.979616,26.156904],[31.97982,26.156691],[31.980406,26.157108],[31.980253,26.157276],[31.981793,26.158635],[31.982846,26.158542],[31.983624,26.15914],[31.983332,26.15933],[31.983421,26.159403],[31.983229,26.159569],[31.983311,26.159664],[31.987089,26.157436],[31.989379,26.159393]],[[31.990249,26.157627],[31.990669,26.157371],[31.990838,26.157483],[31.990499,26.157823],[31.990249,26.157627]]],[[[31.989314,26.159406],[31.987107,26.157527],[31.985417,26.158524],[31.98552,26.158647],[31.985376,26.158766],[31.986148,26.159355],[31.986448,26.158949],[31.986828,26.159217],[31.98701,26.159257],[31.987172,26.159146],[31.987329,26.159275],[31.986981,26.159509],[31.987143,26.159625],[31.987086,26.159691],[31.986999,26.159643],[31.986965,26.159796],[31.986874,26.159741],[31.986735,26.159861],[31.986621,26.159813],[31.98656,26.159948],[31.989314,26.159406]]],[[[31.983858,26.159393],[31.984328,26.159702],[31.984802,26.159108],[31.984721,26.158913],[31.983858,26.159393]]],[[[31.989379,26.159393],[31.987089,26.157436],[31.984056,26.159174],[31.981564,26.160783],[31.98177,26.160753],[31.983858,26.159393],[31.987107,26.157527],[31.989379,26.159393]]],[[[31.983459,26.159653],[31.983138,26.159862],[31.983436,26.160151],[31.983793,26.159977],[31.983459,26.159653]]],[[[31.984253,26.159664],[31.984068,26.159819],[31.984287,26.159687],[31.984253,26.159664]]],[[[31.979958,26.157008],[31.978981,26.157926],[31.978421,26.157602],[31.978376,26.157727],[31.978488,26.157794],[31.978357,26.158026],[31.978555,26.158232],[31.978466,26.158352],[31.979198,26.158694],[31.978982,26.158899],[31.979469,26.159191],[31.979627,26.159092],[31.97974,26.159157],[31.979665,26.159254],[31.981136,26.158005],[31.979958,26.157008]]],[[[31.981144,26.158099],[31.980113,26.158847],[31.979665,26.159254],[31.979693,26.159274],[31.981144,26.158099]]],[[[31.965994,26.160918],[31.965847,26.160977],[31.964896,26.16132],[31.965177,26.161627],[31.965339,26.161493],[31.965583,26.16174],[31.965681,26.161659],[31.965454,26.161411],[31.966066,26.161077],[31.965994,26.160918]]],[[[31.955746,26.161699],[31.957088,26.1618],[31.958193,26.161869],[31.95757,26.161167],[31.957079,26.161561],[31.956598,26.161018],[31.955746,26.161699]]],[[[31.978779,26.160171],[31.977948,26.160968],[31.977385,26.161316],[31.978097,26.160916],[31.978779,26.160171]]],[[[31.975238,26.161545],[31.975719,26.16109],[31.976302,26.160258],[31.97625,26.160212],[31.975238,26.161545]]],[[[31.979088,26.157802],[31.978726,26.157556],[31.978593,26.1577],[31.978981,26.157926],[31.979088,26.157802]]],[[[31.979232,26.157529],[31.978641,26.157162],[31.978421,26.157602],[31.978981,26.157926],[31.978593,26.1577],[31.978726,26.157556],[31.979088,26.157802],[31.979232,26.157529]]],[[[31.979415,26.157264],[31.979188,26.157484],[31.979104,26.157654],[31.97919,26.157709],[31.97956,26.157371],[31.979415,26.157264]]],[[[31.979328,26.157195],[31.979085,26.157427],[31.979188,26.157484],[31.979415,26.157264],[31.979328,26.157195]]],[[[31.978898,26.157316],[31.979085,26.157427],[31.979328,26.157195],[31.979091,26.15712],[31.978898,26.157316]]],[[[31.970337,26.152703],[31.97107,26.152301],[31.971348,26.152506],[31.971931,26.151715],[31.972801,26.15256],[31.973157,26.152258],[31.972594,26.151593],[31.973051,26.151206],[31.972414,26.150643],[31.972806,26.150199],[31.971797,26.149424],[31.972227,26.148963],[31.971404,26.148194],[31.970359,26.14889],[31.970087,26.148699],[31.969564,26.149441],[31.969836,26.149632],[31.96948,26.149943],[31.967936,26.148176],[31.967319,26.148636],[31.967558,26.148926],[31.96624,26.149936],[31.966786,26.150597],[31.967217,26.150277],[31.967876,26.150815],[31.96747,26.151111],[31.968251,26.15173],[31.968867,26.150953],[31.968382,26.150412],[31.968638,26.150204],[31.969468,26.151018],[31.969294,26.151158],[31.969467,26.151351],[31.969366,26.151432],[31.970014,26.15232],[31.970118,26.152245],[31.970337,26.152703]]],[[[31.96336,26.106072],[31.963529,26.104615],[31.96433,26.104708],[31.964466,26.103539],[31.962281,26.103286],[31.961933,26.10629],[31.964697,26.107247],[31.96511,26.106572],[31.96336,26.106072]]],[[[31.986337,26.12732],[31.986853,26.126751],[31.986326,26.126271],[31.98755,26.124925],[31.988494,26.125869],[31.988788,26.125483],[31.988528,26.125179],[31.989167,26.124206],[31.988717,26.12382],[31.988081,26.124564],[31.987498,26.124065],[31.988841,26.122496],[31.988614,26.122258],[31.990059,26.120877],[31.989406,26.120194],[31.989044,26.120541],[31.988423,26.119891],[31.988152,26.120053],[31.987884,26.119605],[31.987052,26.120484],[31.986787,26.120233],[31.984586,26.12256],[31.983665,26.121689],[31.982832,26.122345],[31.983681,26.123424],[31.982636,26.124246],[31.983556,26.125012],[31.985074,26.123842],[31.986177,26.12501],[31.985241,26.125611],[31.986337,26.12732]]],[[[32.04697,26.079643],[32.046853,26.079496],[32.045898,26.079263],[32.045798,26.079691],[32.044951,26.079488],[32.044045,26.078707],[32.043821,26.078885],[32.043605,26.078682],[32.042798,26.07949],[32.041479,26.078775],[32.040854,26.078261],[32.04095,26.078171],[32.036253,26.077534],[32.02462,26.076286],[32.022855,26.076375],[32.022552,26.07904],[32.02224,26.079352],[32.020484,26.080894],[32.019432,26.080743],[32.018888,26.080752],[32.018221,26.081082],[32.017888,26.080934],[32.017017,26.082023],[32.014603,26.080383],[32.012402,26.07867],[32.012039,26.078876],[32.009039,26.077542],[32.009189,26.077195],[32.004919,26.077525],[32.006427,26.079381],[32.006947,26.080662],[32.008067,26.081138],[32.007811,26.08174],[32.006941,26.08137],[32.005961,26.082414],[32.004855,26.081792],[32.004438,26.082371],[32.005232,26.082943],[32.004896,26.083995],[32.00415,26.083757],[32.003828,26.084765],[32.008075,26.086121],[32.007402,26.087084],[32.009528,26.08857],[32.008823,26.089577],[32.007629,26.088926],[32.00492,26.091531],[32.004566,26.091136],[32.004027,26.091618],[32.004438,26.092077],[32.003881,26.092931],[32.004821,26.093544],[32.004439,26.09413],[32.005562,26.094861],[32.005159,26.095478],[32.004037,26.094747],[32.003627,26.095256],[32.003904,26.09548],[32.003353,26.096162],[32.002877,26.096022],[32.002485,26.096423],[32.003844,26.097139],[32.005471,26.098447],[32.005052,26.098773],[32.005974,26.099277],[32.005269,26.100567],[32.005965,26.100948],[32.005884,26.101096],[32.007082,26.10175],[32.006441,26.102642],[32.007868,26.103231],[32.009068,26.102231],[32.009395,26.101721],[32.009718,26.101929],[32.01091,26.101105],[32.010073,26.100421],[32.010503,26.100189],[32.011215,26.100845],[32.011505,26.100531],[32.011631,26.100648],[32.012199,26.100138],[32.012617,26.1008],[32.013454,26.10041],[32.013149,26.100037],[32.013505,26.099658],[32.013355,26.099516],[32.013772,26.099072],[32.01411,26.099279],[32.01444,26.098741],[32.015037,26.099307],[32.015314,26.099098],[32.015453,26.0994],[32.015211,26.099592],[32.015562,26.100685],[32.017447,26.102516],[32.018359,26.10189],[32.019209,26.100938],[32.019502,26.100873],[32.019322,26.100704],[32.019637,26.100467],[32.018862,26.099675],[32.018402,26.099408],[32.019571,26.098489],[32.018286,26.097421],[32.018648,26.097126],[32.018904,26.097351],[32.019006,26.097215],[32.019436,26.097425],[32.019617,26.097312],[32.022369,26.099243],[32.023122,26.098024],[32.022811,26.097509],[32.022907,26.097402],[32.022257,26.096774],[32.022398,26.096571],[32.022907,26.096935],[32.023467,26.096978],[32.023774,26.097543],[32.024394,26.096916],[32.02462,26.097119],[32.024892,26.096752],[32.025429,26.09721],[32.025593,26.097114],[32.026039,26.097413],[32.025847,26.097634],[32.026283,26.097973],[32.02643,26.097906],[32.026271,26.09756],[32.026379,26.097487],[32.026567,26.097767],[32.026737,26.098472],[32.027001,26.098632],[32.026739,26.099357],[32.026741,26.099748],[32.026458,26.100099],[32.026641,26.100292],[32.028567,26.098831],[32.031816,26.096622],[32.03552,26.093603],[32.034232,26.092885],[32.032513,26.094434],[32.032251,26.094143],[32.031816,26.094584],[32.03128,26.094342],[32.030878,26.094552],[32.030354,26.094197],[32.030699,26.093687],[32.030169,26.093173],[32.03065,26.092811],[32.030296,26.092435],[32.029536,26.093332],[32.029304,26.093086],[32.030115,26.092193],[32.029413,26.091132],[32.028783,26.091451],[32.028385,26.090977],[32.028736,26.090785],[32.028341,26.090481],[32.028932,26.090206],[32.029218,26.090293],[32.029543,26.089985],[32.029119,26.089536],[32.029275,26.089186],[32.029203,26.08911],[32.029593,26.088477],[32.029187,26.088226],[32.029529,26.087644],[32.02984,26.087807],[32.030043,26.087601],[32.02982,26.087382],[32.030379,26.086812],[32.030235,26.086635],[32.030488,26.086279],[32.030082,26.085975],[32.030596,26.085231],[32.030408,26.085082],[32.030408,26.084854],[32.029315,26.084196],[32.029525,26.083971],[32.02989,26.08422],[32.03014,26.083888],[32.030763,26.084471],[32.031457,26.084123],[32.030607,26.083483],[32.031027,26.08307],[32.030571,26.082694],[32.030947,26.082401],[32.032514,26.083852],[32.032666,26.083639],[32.032952,26.083657],[32.033047,26.083774],[32.033346,26.083331],[32.033704,26.083125],[32.033838,26.083291],[32.034059,26.083121],[32.033827,26.082976],[32.034186,26.082567],[32.033954,26.082383],[32.03437,26.081985],[32.03495,26.082352],[32.035487,26.081701],[32.035871,26.081905],[32.035391,26.082634],[32.035634,26.082928],[32.035809,26.082651],[32.036736,26.083335],[32.037206,26.082691],[32.037782,26.083396],[32.037873,26.08333],[32.039017,26.084592],[32.039168,26.084596],[32.039484,26.085094],[32.040399,26.084796],[32.039679,26.083539],[32.040025,26.08334],[32.040214,26.083588],[32.040098,26.083676],[32.040127,26.083845],[32.040482,26.083711],[32.040572,26.08395],[32.040754,26.083881],[32.040685,26.083699],[32.041325,26.083414],[32.040627,26.082701],[32.040883,26.08235],[32.041015,26.082447],[32.040883,26.082628],[32.041806,26.083399],[32.04203,26.083298],[32.042284,26.083543],[32.042388,26.083436],[32.042232,26.083286],[32.042475,26.083132],[32.042707,26.083341],[32.042893,26.083267],[32.042684,26.083058],[32.042844,26.082898],[32.043123,26.083177],[32.043315,26.082741],[32.043108,26.082511],[32.043403,26.082247],[32.043691,26.082425],[32.043391,26.08277],[32.044041,26.082951],[32.044183,26.082894],[32.043917,26.082679],[32.044109,26.082442],[32.04395,26.082313],[32.044139,26.082079],[32.044086,26.081944],[32.044341,26.081667],[32.044641,26.081854],[32.045878,26.080712],[32.046004,26.080849],[32.046552,26.080499],[32.046814,26.080499],[32.04697,26.079643]]],[[[32.045798,26.079691],[32.045898,26.079263],[32.046679,26.079467],[32.0467,26.078345],[32.04686,26.078411],[32.047037,26.078178],[32.046664,26.07781],[32.046455,26.077968],[32.046054,26.077192],[32.046149,26.076996],[32.045745,26.076689],[32.045524,26.076882],[32.045087,26.076539],[32.044999,26.076636],[32.044803,26.07653],[32.044752,26.076623],[32.044432,26.07645],[32.044771,26.076065],[32.044643,26.075952],[32.045293,26.075216],[32.044456,26.074594],[32.043913,26.074838],[32.043186,26.075417],[32.043312,26.075632],[32.043112,26.075895],[32.044262,26.07677],[32.043511,26.077758],[32.042839,26.077178],[32.042184,26.077604],[32.042251,26.077707],[32.04191,26.077929],[32.041672,26.077814],[32.040854,26.078261],[32.041479,26.078775],[32.042798,26.07949],[32.043605,26.078682],[32.043821,26.078885],[32.044045,26.078707],[32.044951,26.079488],[32.045798,26.079691]],[[32.046221,26.078107],[32.046105,26.078238],[32.046217,26.078337],[32.04609,26.078658],[32.045032,26.078491],[32.045801,26.077735],[32.046221,26.078107]]],[[[32.046221,26.078107],[32.045801,26.077735],[32.045032,26.078491],[32.04609,26.078658],[32.046217,26.078337],[32.046105,26.078238],[32.046221,26.078107]]],[[[32.017017,26.082023],[32.017888,26.080934],[32.018221,26.081082],[32.018888,26.080752],[32.019432,26.080743],[32.020484,26.080894],[32.02224,26.079352],[32.022552,26.07904],[32.022855,26.076375],[32.02462,26.076286],[32.036253,26.077534],[32.04095,26.078171],[32.041672,26.077814],[32.04191,26.077929],[32.042251,26.077707],[32.042184,26.077604],[32.042839,26.077178],[32.043511,26.077758],[32.044262,26.07677],[32.043112,26.075895],[32.043312,26.075632],[32.043186,26.075417],[32.043913,26.074838],[32.044456,26.074594],[32.045293,26.075216],[32.044643,26.075952],[32.044771,26.076065],[32.044432,26.07645],[32.044752,26.076623],[32.044803,26.07653],[32.044999,26.076636],[32.045087,26.076539],[32.045524,26.076882],[32.045745,26.076689],[32.046149,26.076996],[32.046054,26.077192],[32.046455,26.077968],[32.046664,26.07781],[32.047037,26.078178],[32.04686,26.078411],[32.0467,26.078345],[32.046679,26.079467],[32.047296,26.079832],[32.047211,26.079979],[32.04739,26.080082],[32.047326,26.080392],[32.047558,26.080627],[32.047948,26.080554],[32.048225,26.080299],[32.048342,26.080426],[32.048458,26.08032],[32.049079,26.081147],[32.049344,26.081023],[32.049268,26.08086],[32.050302,26.079901],[32.04965,26.079608],[32.049756,26.079122],[32.050071,26.079141],[32.049969,26.078812],[32.051138,26.078414],[32.051256,26.0787],[32.051118,26.078756],[32.051243,26.078978],[32.051806,26.078659],[32.051717,26.078091],[32.051865,26.077954],[32.052145,26.078255],[32.052408,26.078135],[32.052216,26.077864],[32.052362,26.077726],[32.052025,26.077285],[32.053466,26.076245],[32.055179,26.0778],[32.055662,26.077353],[32.05588,26.077642],[32.056061,26.077625],[32.055999,26.077382],[32.056191,26.077173],[32.055643,26.076581],[32.056066,26.076189],[32.055852,26.076042],[32.055739,26.076189],[32.055241,26.075889],[32.055594,26.075526],[32.057449,26.074574],[32.057756,26.074947],[32.058024,26.075041],[32.058643,26.074629],[32.058405,26.074103],[32.058731,26.074059],[32.058683,26.073883],[32.058882,26.073779],[32.058956,26.073933],[32.059663,26.073673],[32.059857,26.074107],[32.061195,26.07412],[32.061704,26.074934],[32.061963,26.074934],[32.062247,26.075308],[32.062642,26.075041],[32.062377,26.074421],[32.063451,26.073973],[32.064553,26.074922],[32.064972,26.074719],[32.065469,26.075222],[32.065616,26.075092],[32.065537,26.074843],[32.065685,26.07473],[32.065469,26.074398],[32.065637,26.074269],[32.065401,26.073841],[32.065628,26.073697],[32.065769,26.073875],[32.065984,26.073741],[32.065845,26.073472],[32.066218,26.073371],[32.06591,26.072986],[32.066022,26.072898],[32.066281,26.073255],[32.066529,26.073144],[32.067088,26.074046],[32.067262,26.073909],[32.067522,26.074198],[32.068833,26.07357],[32.068513,26.072949],[32.06871,26.072831],[32.0694,26.073892],[32.070028,26.073686],[32.069896,26.073511],[32.070088,26.073401],[32.070356,26.073818],[32.071095,26.073618],[32.071389,26.074071],[32.072773,26.073574],[32.072709,26.073401],[32.073013,26.073303],[32.073168,26.07366],[32.073457,26.073554],[32.073346,26.073134],[32.073669,26.072924],[32.073592,26.072787],[32.073828,26.072629],[32.073712,26.072372],[32.074045,26.072185],[32.074321,26.072627],[32.074935,26.072396],[32.075861,26.074278],[32.077246,26.073775],[32.077551,26.074425],[32.079948,26.073452],[32.0792,26.072196],[32.079571,26.071975],[32.079449,26.071546],[32.081121,26.070319],[32.080661,26.069411],[32.079452,26.068711],[32.078834,26.069172],[32.07841,26.068832],[32.078208,26.068977],[32.077198,26.068322],[32.076974,26.068441],[32.076757,26.0683],[32.076901,26.068078],[32.076554,26.067772],[32.076836,26.067515],[32.07663,26.067366],[32.076686,26.067288],[32.075913,26.066794],[32.075711,26.067027],[32.074107,26.065828],[32.075284,26.065633],[32.076138,26.065639],[32.076036,26.06539],[32.076534,26.065362],[32.076828,26.064932],[32.077732,26.065379],[32.077517,26.065543],[32.077659,26.065667],[32.077331,26.066142],[32.077631,26.066368],[32.077853,26.066074],[32.077785,26.066023],[32.078603,26.065379],[32.07884,26.065571],[32.079369,26.065189],[32.078455,26.064477],[32.078648,26.06409],[32.078807,26.064158],[32.080016,26.063213],[32.079702,26.062677],[32.079988,26.0625],[32.079586,26.061863],[32.08023,26.061523],[32.080668,26.062076],[32.081,26.061915],[32.080871,26.061628],[32.081146,26.061497],[32.08077,26.060517],[32.08111,26.060386],[32.081312,26.060687],[32.081743,26.060426],[32.081645,26.060126],[32.081743,26.060057],[32.08193,26.060341],[32.082141,26.060253],[32.082152,26.060047],[32.082319,26.060017],[32.082564,26.06043],[32.082886,26.060082],[32.083527,26.061729],[32.083791,26.061638],[32.084952,26.063044],[32.084555,26.063569],[32.083864,26.06398],[32.083749,26.063813],[32.083467,26.064016],[32.085099,26.065933],[32.08554,26.065565],[32.085116,26.065102],[32.085749,26.064774],[32.086114,26.064719],[32.086069,26.064589],[32.086399,26.064485],[32.086665,26.064949],[32.087655,26.064898],[32.087757,26.065006],[32.089255,26.064519],[32.089922,26.065271],[32.091376,26.066391],[32.09194,26.067459],[32.092206,26.067324],[32.092969,26.06816],[32.093501,26.067787],[32.094023,26.068182],[32.095672,26.067143],[32.095921,26.067346],[32.095327,26.067776],[32.095491,26.067985],[32.095282,26.06803],[32.095098,26.067844],[32.094325,26.068355],[32.094547,26.068623],[32.094485,26.068688],[32.094235,26.068444],[32.094098,26.068485],[32.09413,26.068683],[32.093996,26.068526],[32.093855,26.068562],[32.09388,26.068704],[32.093709,26.068778],[32.093792,26.068908],[32.093623,26.068959],[32.093514,26.06877],[32.092634,26.069158],[32.093314,26.06966],[32.098345,26.066119],[32.098017,26.065766],[32.096941,26.066365],[32.096037,26.064743],[32.096787,26.06418],[32.097047,26.063872],[32.097028,26.063661],[32.097215,26.06336],[32.097388,26.063467],[32.097909,26.062626],[32.098608,26.06298],[32.098952,26.063299],[32.098831,26.063429],[32.098536,26.063269],[32.098415,26.063782],[32.098955,26.064056],[32.098801,26.064324],[32.099165,26.064532],[32.099084,26.064673],[32.099523,26.064923],[32.106133,26.057329],[32.114985,26.04752],[32.116207,26.045869],[32.116657,26.045533],[32.117546,26.045231],[32.118387,26.045287],[32.1186,26.045179],[32.125108,26.039002],[32.12584,26.037786],[32.126558,26.036062],[32.12814,26.034095],[32.129343,26.032243],[32.13083,26.030749],[32.131815,26.029565],[32.131385,26.02966],[32.129556,26.031447],[32.1289,26.030969],[32.126962,26.031776],[32.125468,26.029776],[32.124557,26.030507],[32.123665,26.028702],[32.125445,26.024704],[32.126052,26.024299],[32.125026,26.020202],[32.125065,26.018948],[32.124594,26.017364],[32.124118,26.016461],[32.117997,26.007671],[32.113911,26.009336],[32.104434,26.009523],[32.099747,26.009852],[32.100924,26.011743],[32.099431,26.012501],[32.099132,26.013616],[32.099898,26.014529],[32.098845,26.015883],[32.104096,26.021221],[32.102792,26.022557],[32.099068,26.025299],[32.099906,26.026134],[32.100391,26.025858],[32.103579,26.028321],[32.102838,26.029224],[32.104369,26.030184],[32.102821,26.03144],[32.10008,26.028683],[32.099556,26.028959],[32.099001,26.028293],[32.097817,26.029036],[32.10026,26.032873],[32.099464,26.033409],[32.099828,26.033812],[32.099852,26.035715],[32.098979,26.036181],[32.098114,26.035617],[32.097377,26.036083],[32.096783,26.035486],[32.097017,26.035086],[32.096479,26.034699],[32.098719,26.032374],[32.095203,26.029805],[32.09604,26.029024],[32.095428,26.028183],[32.095856,26.027901],[32.09265,26.025199],[32.092398,26.025354],[32.091399,26.024702],[32.091374,26.025365],[32.090557,26.026111],[32.090903,26.02644],[32.089097,26.027637],[32.088427,26.026813],[32.087668,26.027593],[32.086327,26.026189],[32.085761,26.026831],[32.086624,26.027639],[32.086274,26.028003],[32.086715,26.02846],[32.085802,26.02903],[32.086914,26.030171],[32.087344,26.029458],[32.087824,26.029898],[32.08835,26.029325],[32.089578,26.030415],[32.090432,26.029844],[32.090994,26.03041],[32.091281,26.030169],[32.094096,26.033166],[32.093281,26.033614],[32.091163,26.03207],[32.090002,26.032948],[32.088921,26.033442],[32.088649,26.033079],[32.086339,26.03453],[32.086723,26.034847],[32.086372,26.035274],[32.08277,26.037478],[32.08061,26.034597],[32.078691,26.032915],[32.079774,26.031714],[32.077037,26.028503],[32.074233,26.026373],[32.07365,26.026928],[32.069406,26.02369],[32.070202,26.022845],[32.071622,26.021976],[32.071201,26.021415],[32.069973,26.022261],[32.069726,26.021629],[32.064204,26.023396],[32.063951,26.022874],[32.062363,26.023809],[32.062443,26.02518],[32.063078,26.026413],[32.061775,26.027141],[32.060307,26.023893],[32.058013,26.025745],[32.057042,26.02881],[32.056593,26.03346],[32.05934,26.037214],[32.056183,26.039429],[32.057654,26.040475],[32.059506,26.039498],[32.060602,26.041295],[32.058398,26.041789],[32.062039,26.051355],[32.063687,26.050738],[32.066663,26.055451],[32.064332,26.056989],[32.06399,26.056307],[32.063057,26.056999],[32.060923,26.054512],[32.059256,26.055374],[32.060219,26.056788],[32.061018,26.058277],[32.060157,26.058528],[32.059649,26.057919],[32.056717,26.059475],[32.055014,26.056384],[32.054698,26.055235],[32.052432,26.052542],[32.053166,26.052166],[32.050527,26.04868],[32.04635,26.051549],[32.043743,26.046663],[32.040927,26.044782],[32.038503,26.045911],[32.035085,26.042295],[32.033547,26.043768],[32.031145,26.042251],[32.032208,26.0403],[32.029452,26.038606],[32.027072,26.039446],[32.027561,26.040068],[32.02618,26.041142],[32.025548,26.039786],[32.024271,26.040146],[32.024475,26.040886],[32.023104,26.041432],[32.023816,26.042891],[32.021968,26.043626],[32.022198,26.044661],[32.021714,26.044997],[32.022055,26.046964],[32.021653,26.047243],[32.017566,26.042223],[32.016457,26.044661],[32.016831,26.045288],[32.015954,26.045896],[32.014123,26.041057],[32.01022,26.041012],[32.008329,26.042323],[32.010142,26.045833],[32.008173,26.048269],[32.009641,26.049997],[32.010873,26.048061],[32.011331,26.048601],[32.012163,26.048024],[32.013133,26.050034],[32.011486,26.05212],[32.012736,26.053592],[32.008614,26.059171],[32.011393,26.060842],[32.01072,26.061309],[32.012701,26.063072],[32.012361,26.063308],[32.012699,26.063706],[32.010668,26.065113],[32.013532,26.067831],[32.014302,26.067298],[32.014922,26.068029],[32.015835,26.067397],[32.017867,26.06979],[32.01676,26.070631],[32.015851,26.069843],[32.014161,26.070814],[32.013257,26.070302],[32.012588,26.070755],[32.013142,26.071421],[32.011779,26.072345],[32.012336,26.073256],[32.00947,26.074684],[32.009021,26.073657],[32.00783,26.074081],[32.009189,26.077195],[32.009039,26.077542],[32.012039,26.078876],[32.012402,26.07867],[32.014603,26.080383],[32.017017,26.082023]],[[32.098354,26.060395],[32.0972,26.059573],[32.097772,26.059091],[32.097611,26.0589],[32.096878,26.059518],[32.096428,26.059048],[32.096573,26.058926],[32.096726,26.059033],[32.096857,26.058922],[32.096938,26.059018],[32.09708,26.058898],[32.097224,26.058959],[32.097324,26.058569],[32.097688,26.058262],[32.098011,26.058542],[32.097716,26.058792],[32.097877,26.058982],[32.098201,26.058708],[32.098531,26.059098],[32.09886,26.058762],[32.099285,26.058998],[32.098354,26.060395]],[[32.111255,26.04929],[32.108603,26.046687],[32.107232,26.04767],[32.106862,26.04723],[32.107105,26.047025],[32.107261,26.047135],[32.107463,26.046979],[32.107372,26.046861],[32.107549,26.046666],[32.107776,26.046962],[32.108401,26.046485],[32.107788,26.045595],[32.107588,26.045733],[32.1075,26.045606],[32.10765,26.045502],[32.107331,26.044858],[32.105648,26.045853],[32.105566,26.045734],[32.105319,26.045904],[32.105125,26.045622],[32.105369,26.045455],[32.10514,26.045261],[32.105279,26.045166],[32.105071,26.044864],[32.1048,26.04505],[32.104416,26.04478],[32.104484,26.044611],[32.104173,26.044356],[32.104396,26.044056],[32.103486,26.043446],[32.103519,26.042952],[32.103676,26.043043],[32.103939,26.042814],[32.103401,26.042424],[32.103662,26.04229],[32.103354,26.041905],[32.10342,26.041818],[32.102547,26.041215],[32.10186,26.041688],[32.101434,26.041071],[32.102111,26.040387],[32.101849,26.040124],[32.101162,26.040648],[32.100753,26.040263],[32.101814,26.03942],[32.102421,26.040219],[32.102342,26.040356],[32.102508,26.040519],[32.102695,26.040321],[32.103046,26.04068],[32.102785,26.040896],[32.103201,26.041325],[32.103354,26.04122],[32.103783,26.041647],[32.104316,26.04128],[32.10356,26.040391],[32.103807,26.040198],[32.104931,26.04126],[32.1051,26.04112],[32.105025,26.041012],[32.105267,26.040846],[32.105164,26.040696],[32.105359,26.040437],[32.105174,26.040264],[32.105289,26.040153],[32.105734,26.040527],[32.10672,26.039611],[32.106492,26.039257],[32.107033,26.038646],[32.107582,26.039056],[32.10821,26.038421],[32.108644,26.038947],[32.109567,26.038186],[32.108455,26.036352],[32.109057,26.035987],[32.10942,26.036585],[32.109694,26.036303],[32.109968,26.036822],[32.11026,26.03673],[32.110918,26.039136],[32.11152,26.038916],[32.112265,26.039796],[32.1117,26.040509],[32.110544,26.041552],[32.11106,26.0423],[32.111412,26.042592],[32.111838,26.042298],[32.112088,26.042467],[32.112312,26.042137],[32.112916,26.042643],[32.113317,26.042294],[32.113737,26.042631],[32.112399,26.043874],[32.112699,26.044077],[32.112971,26.0438],[32.113115,26.043932],[32.112811,26.044266],[32.113502,26.04504],[32.112383,26.046033],[32.112094,26.046458],[32.113091,26.047063],[32.113214,26.047349],[32.112551,26.048331],[32.111255,26.04929]],[[32.119535,26.039206],[32.119294,26.038893],[32.119737,26.038552],[32.119197,26.037952],[32.1193,26.037771],[32.119224,26.037677],[32.119503,26.037451],[32.119373,26.03729],[32.119826,26.036923],[32.119675,26.036736],[32.120385,26.035979],[32.120175,26.035757],[32.120371,26.035572],[32.120729,26.035716],[32.121211,26.035628],[32.121621,26.036226],[32.121508,26.036303],[32.122107,26.036569],[32.121949,26.036747],[32.121847,26.036656],[32.121617,26.036847],[32.121343,26.036674],[32.121123,26.036944],[32.121285,26.03726],[32.120077,26.038159],[32.120663,26.0387],[32.120458,26.038827],[32.12073,26.039267],[32.120995,26.039188],[32.121266,26.039478],[32.120747,26.039964],[32.117979,26.041854],[32.117805,26.041533],[32.118419,26.041016],[32.118938,26.040015],[32.119535,26.039206]],[[32.122894,26.035787],[32.122712,26.035483],[32.122801,26.035374],[32.122665,26.035262],[32.122882,26.034997],[32.122658,26.03473],[32.122491,26.034816],[32.122442,26.03472],[32.121557,26.035174],[32.121488,26.035334],[32.121086,26.035026],[32.120997,26.035232],[32.121161,26.035302],[32.121097,26.035449],[32.120567,26.03522],[32.121192,26.034641],[32.120827,26.034248],[32.120578,26.034478],[32.120349,26.034231],[32.120461,26.033935],[32.120342,26.033772],[32.120464,26.033683],[32.120583,26.033846],[32.120752,26.033721],[32.119945,26.032621],[32.12085,26.032211],[32.121061,26.032561],[32.121399,26.032452],[32.122032,26.033025],[32.123497,26.033176],[32.124052,26.033545],[32.123594,26.033978],[32.123745,26.034358],[32.123455,26.034913],[32.123388,26.035491],[32.122894,26.035787]],[[32.11927,26.033634],[32.119341,26.033734],[32.119087,26.033916],[32.119376,26.03408],[32.119276,26.034151],[32.119372,26.034285],[32.119285,26.034412],[32.119448,26.03462],[32.119358,26.03469],[32.119512,26.034888],[32.119799,26.034771],[32.120345,26.035491],[32.120114,26.035739],[32.119559,26.035419],[32.119312,26.035009],[32.118781,26.035522],[32.118449,26.035177],[32.118838,26.034802],[32.11784,26.034521],[32.118076,26.034014],[32.118358,26.034145],[32.11851,26.033996],[32.118615,26.034102],[32.11927,26.033634]],[[32.115231,26.035457],[32.114988,26.035847],[32.11578,26.03659],[32.115673,26.036705],[32.115754,26.036921],[32.115434,26.037144],[32.115516,26.037261],[32.115271,26.037536],[32.116031,26.038338],[32.115674,26.038676],[32.115527,26.038521],[32.115133,26.038894],[32.114614,26.038242],[32.114428,26.038389],[32.113963,26.037946],[32.113707,26.038214],[32.112703,26.037259],[32.112598,26.037369],[32.112238,26.036945],[32.113124,26.036191],[32.112897,26.035923],[32.113921,26.034919],[32.114094,26.035095],[32.113744,26.035439],[32.113865,26.035562],[32.11328,26.036136],[32.114464,26.037342],[32.114896,26.036919],[32.114867,26.036788],[32.115066,26.036535],[32.114869,26.03638],[32.114331,26.036698],[32.114156,26.036541],[32.114556,26.036134],[32.114415,26.035672],[32.114979,26.035345],[32.114694,26.034856],[32.11499,26.034685],[32.115204,26.035054],[32.115049,26.035143],[32.115231,26.035457]],[[32.066442,26.03583],[32.068863,26.038695],[32.067484,26.039645],[32.067077,26.039345],[32.066141,26.039809],[32.060508,26.030527],[32.065944,26.026739],[32.071913,26.035018],[32.07107,26.03562],[32.069136,26.033408],[32.066893,26.033708],[32.066442,26.03583]],[[32.103156,26.044891],[32.103692,26.045474],[32.103418,26.045767],[32.103523,26.045865],[32.102739,26.046624],[32.103272,26.047095],[32.103696,26.046678],[32.10465,26.047311],[32.104476,26.04745],[32.104074,26.047156],[32.103865,26.047443],[32.103352,26.047068],[32.102328,26.048648],[32.101856,26.048363],[32.101716,26.048631],[32.101585,26.048535],[32.101425,26.048754],[32.101172,26.04855],[32.101832,26.047959],[32.101474,26.047559],[32.101222,26.047785],[32.100296,26.046929],[32.098588,26.047865],[32.098234,26.047475],[32.097978,26.04761],[32.097882,26.047681],[32.098246,26.048092],[32.097573,26.048519],[32.096156,26.047907],[32.098532,26.045934],[32.098988,26.046182],[32.099772,26.045517],[32.100011,26.045747],[32.098248,26.047016],[32.098633,26.047338],[32.100354,26.046077],[32.100844,26.046483],[32.101064,26.046303],[32.101681,26.046894],[32.101795,26.046776],[32.102063,26.047032],[32.102523,26.046724],[32.102412,26.046559],[32.102843,26.046203],[32.102697,26.046099],[32.103017,26.045755],[32.102816,26.045568],[32.103172,26.045288],[32.102847,26.045007],[32.102949,26.044889],[32.103156,26.044891]]],[[[32.066141,26.039809],[32.067077,26.039345],[32.067484,26.039645],[32.068863,26.038695],[32.066442,26.03583],[32.066893,26.033708],[32.069136,26.033408],[32.07107,26.03562],[32.071913,26.035018],[32.065944,26.026739],[32.060508,26.030527],[32.066141,26.039809]]],[[[32.097882,26.047681],[32.098234,26.047475],[32.098588,26.047865],[32.100296,26.046929],[32.100844,26.046483],[32.100354,26.046077],[32.098633,26.047338],[32.098248,26.047016],[32.100011,26.045747],[32.099772,26.045517],[32.098988,26.046182],[32.098532,26.045934],[32.096156,26.047907],[32.097573,26.048519],[32.098246,26.048092],[32.097882,26.047681]]]]}},{"type":"Feature","properties":{"landuse_value":0,"landuse_code":0,"landuse_label":null,"source_feature_count":143,"area_km2":14830305.084463},"geometry":{"type":"MultiPolygon","coordinates":[[[[32.10621,26.100255],[32.106398,26.100054],[32.106696,26.100236],[32.111372,26.100055],[32.110928,26.099715],[32.110815,26.099861],[32.110146,26.099347],[32.109801,26.09956],[32.109702,26.099399],[32.110113,26.099028],[32.10989,26.098781],[32.110461,26.098315],[32.110588,26.098408],[32.110896,26.09827],[32.11118,26.098385],[32.1111,26.098497],[32.111225,26.098586],[32.111354,26.098495],[32.111522,26.098613],[32.111656,26.098536],[32.11186,26.09878],[32.112144,26.09872],[32.112821,26.098233],[32.111571,26.097633],[32.111415,26.097725],[32.110926,26.097166],[32.111078,26.097032],[32.110842,26.096762],[32.110595,26.096908],[32.110319,26.096448],[32.110079,26.09661],[32.109981,26.096466],[32.109874,26.096538],[32.109778,26.096396],[32.110381,26.095988],[32.110309,26.095927],[32.110769,26.095481],[32.110992,26.095755],[32.110808,26.095906],[32.110892,26.096008],[32.111204,26.095752],[32.111565,26.09611],[32.112067,26.095618],[32.11221,26.095762],[32.112335,26.095677],[32.112461,26.095862],[32.112281,26.096014],[32.112357,26.096105],[32.112568,26.095928],[32.112698,26.096033],[32.112427,26.096235],[32.11257,26.096426],[32.112794,26.096259],[32.112861,26.096348],[32.112759,26.096459],[32.112926,26.096685],[32.113159,26.096499],[32.113251,26.096579],[32.112899,26.096842],[32.113297,26.097663],[32.113046,26.097648],[32.112933,26.097865],[32.113058,26.097992],[32.112874,26.098194],[32.11349,26.098636],[32.113326,26.098773],[32.112871,26.098512],[32.112496,26.098824],[32.112403,26.098712],[32.111606,26.099309],[32.111687,26.099418],[32.111448,26.099623],[32.111682,26.099818],[32.111934,26.09966],[32.112265,26.099938],[32.112164,26.100025],[32.114935,26.099917],[32.116129,26.097508],[32.116571,26.097133],[32.115593,26.095586],[32.115621,26.09546],[32.116242,26.095117],[32.115848,26.094646],[32.114422,26.092177],[32.108656,26.085845],[32.107003,26.084901],[32.106298,26.084667],[32.105723,26.084751],[32.104543,26.085289],[32.103688,26.085321],[32.099621,26.083341],[32.098918,26.082772],[32.098151,26.080795],[32.097919,26.080493],[32.089925,26.076414],[32.087924,26.074287],[32.086923,26.074797],[32.082677,26.07786],[32.081415,26.07856],[32.078128,26.079787],[32.076811,26.07983],[32.063329,26.084584],[32.063581,26.084839],[32.079174,26.092819],[32.079679,26.092509],[32.080285,26.093153],[32.080341,26.093093],[32.080088,26.092905],[32.080271,26.092811],[32.080013,26.092525],[32.080137,26.092449],[32.080879,26.093227],[32.081504,26.092544],[32.081842,26.092356],[32.082009,26.092566],[32.081739,26.092791],[32.081908,26.09297],[32.081509,26.093257],[32.08141,26.093153],[32.081134,26.093458],[32.081575,26.093707],[32.081678,26.09358],[32.081894,26.093749],[32.082114,26.093557],[32.08225,26.093669],[32.082039,26.093876],[32.082255,26.094049],[32.082381,26.09397],[32.082438,26.09404],[32.082879,26.093726],[32.082991,26.093876],[32.082677,26.094185],[32.083037,26.094484],[32.082925,26.094589],[32.083413,26.094181],[32.083108,26.093951],[32.083183,26.093838],[32.083591,26.094171],[32.084164,26.093726],[32.084408,26.094016],[32.084159,26.09419],[32.084375,26.094393],[32.084867,26.093946],[32.085027,26.094082],[32.085421,26.093815],[32.085529,26.09397],[32.08518,26.094428],[32.085805,26.095005],[32.085526,26.095056],[32.085363,26.094955],[32.085232,26.095098],[32.085454,26.095302],[32.085154,26.095536],[32.085673,26.095916],[32.086986,26.095016],[32.087056,26.095074],[32.087147,26.094963],[32.087269,26.095063],[32.087595,26.09482],[32.087786,26.095077],[32.088385,26.094631],[32.08848,26.094745],[32.088225,26.094957],[32.088451,26.095228],[32.088225,26.095417],[32.087999,26.095146],[32.087637,26.095391],[32.087707,26.095494],[32.087307,26.095615],[32.087372,26.095678],[32.087086,26.095975],[32.087467,26.096343],[32.087306,26.09651],[32.087507,26.096704],[32.087629,26.096637],[32.087727,26.096722],[32.087645,26.096929],[32.087774,26.096913],[32.088129,26.09722],[32.088669,26.096854],[32.088764,26.096967],[32.088508,26.097183],[32.088813,26.09745],[32.089621,26.096875],[32.089503,26.096708],[32.089649,26.096558],[32.089427,26.096342],[32.08972,26.096144],[32.089907,26.096421],[32.090361,26.096114],[32.090483,26.096173],[32.090584,26.096016],[32.090428,26.09586],[32.09086,26.095589],[32.090782,26.09552],[32.091335,26.09507],[32.091485,26.095218],[32.089885,26.096995],[32.08922,26.097946],[32.091252,26.095567],[32.091431,26.095863],[32.091213,26.096023],[32.091369,26.096236],[32.091261,26.096316],[32.091016,26.095983],[32.090834,26.096176],[32.091125,26.096451],[32.090587,26.096864],[32.090523,26.096807],[32.089721,26.097823],[32.090096,26.097876],[32.090316,26.097549],[32.090478,26.097561],[32.090801,26.0977],[32.090647,26.097922],[32.090927,26.09792],[32.091419,26.097351],[32.091584,26.097571],[32.091416,26.097719],[32.091506,26.097784],[32.091366,26.097979],[32.091489,26.09801],[32.091929,26.097353],[32.091791,26.097217],[32.092195,26.097087],[32.092132,26.096987],[32.092352,26.096819],[32.092108,26.096464],[32.092191,26.096418],[32.091837,26.096221],[32.091923,26.096125],[32.091706,26.095933],[32.091837,26.095857],[32.091545,26.095332],[32.09171,26.095141],[32.092024,26.095491],[32.091937,26.095565],[32.092102,26.095811],[32.09237,26.095824],[32.092461,26.09594],[32.092143,26.096117],[32.092237,26.096267],[32.092397,26.096167],[32.092564,26.096417],[32.092415,26.096516],[32.092558,26.09673],[32.093639,26.096114],[32.093751,26.096283],[32.092939,26.096822],[32.092865,26.096726],[32.092687,26.096865],[32.092833,26.09705],[32.093023,26.09694],[32.093572,26.097506],[32.093813,26.097318],[32.093916,26.097451],[32.094412,26.097337],[32.094863,26.097691],[32.095021,26.097687],[32.095643,26.097358],[32.095466,26.097171],[32.095679,26.097088],[32.095598,26.096982],[32.095956,26.09671],[32.095817,26.096527],[32.096279,26.096248],[32.096505,26.096581],[32.096122,26.096824],[32.096483,26.097266],[32.096724,26.097069],[32.09687,26.097248],[32.097473,26.096869],[32.097732,26.097168],[32.097581,26.097349],[32.097339,26.097029],[32.096241,26.097782],[32.096589,26.098181],[32.096835,26.097967],[32.097108,26.098412],[32.097834,26.097968],[32.098051,26.098337],[32.097833,26.098527],[32.098016,26.098737],[32.097873,26.098861],[32.097557,26.098623],[32.097381,26.098725],[32.097512,26.098951],[32.097294,26.099078],[32.097539,26.099318],[32.096972,26.099681],[32.097783,26.100095],[32.097626,26.100315],[32.103184,26.101898],[32.10392,26.101218],[32.104096,26.101395],[32.104595,26.100902],[32.104335,26.10064],[32.104385,26.100555],[32.104131,26.100404],[32.104255,26.100297],[32.104058,26.100068],[32.104283,26.099874],[32.104397,26.100006],[32.104971,26.099511],[32.105098,26.099612],[32.104759,26.10004],[32.10536,26.100571],[32.105806,26.10027],[32.10621,26.100255]],[[32.109899,26.095929],[32.109743,26.095749],[32.110018,26.09551],[32.110227,26.095646],[32.109899,26.095929]],[[32.110269,26.095559],[32.109748,26.095278],[32.109851,26.094996],[32.11008,26.095263],[32.11048,26.09492],[32.110603,26.095062],[32.110516,26.095137],[32.11062,26.095258],[32.110269,26.095559]],[[32.10986,26.094622],[32.109278,26.095083],[32.108446,26.094683],[32.108548,26.094539],[32.10835,26.094377],[32.108642,26.094502],[32.108795,26.094403],[32.108995,26.094596],[32.108821,26.094735],[32.108941,26.09482],[32.109666,26.094426],[32.10986,26.094622]],[[32.094143,26.093494],[32.091604,26.094947],[32.091486,26.094862],[32.091372,26.094955],[32.091312,26.094832],[32.092721,26.094144],[32.092182,26.093667],[32.09208,26.093756],[32.091623,26.093233],[32.091334,26.093399],[32.091393,26.093503],[32.091222,26.093601],[32.091314,26.09376],[32.091088,26.09389],[32.090963,26.093672],[32.09074,26.0938],[32.091039,26.094321],[32.091204,26.094227],[32.091318,26.094426],[32.091045,26.094594],[32.090966,26.094412],[32.090776,26.094511],[32.090277,26.093904],[32.090605,26.093739],[32.090538,26.093569],[32.090253,26.09371],[32.090039,26.093498],[32.090336,26.093312],[32.090235,26.093237],[32.090002,26.09336],[32.089922,26.093268],[32.090165,26.093125],[32.089765,26.092756],[32.089524,26.092911],[32.089224,26.092712],[32.089531,26.09245],[32.089366,26.092175],[32.089648,26.091998],[32.089801,26.092125],[32.090054,26.091905],[32.08986,26.091657],[32.090401,26.091178],[32.090343,26.091084],[32.091055,26.090762],[32.091135,26.090891],[32.091404,26.090912],[32.091528,26.091186],[32.091334,26.0913],[32.091401,26.091445],[32.091699,26.091315],[32.091797,26.091504],[32.091303,26.09176],[32.091488,26.092068],[32.092277,26.091674],[32.092511,26.091976],[32.092146,26.092196],[32.092225,26.092329],[32.091883,26.092534],[32.092457,26.093153],[32.092577,26.09305],[32.092683,26.093164],[32.092716,26.093353],[32.092342,26.093612],[32.092515,26.093721],[32.092869,26.093509],[32.093117,26.093837],[32.09348,26.093575],[32.093368,26.093257],[32.093496,26.093182],[32.093687,26.093508],[32.094032,26.093306],[32.094143,26.093494]],[[32.108237,26.095109],[32.108618,26.094827],[32.10906,26.095088],[32.108905,26.095195],[32.108837,26.095097],[32.108328,26.09545],[32.108237,26.095109]],[[32.109016,26.095239],[32.1092,26.095088],[32.109471,26.095251],[32.109181,26.095458],[32.109016,26.095239]],[[32.109249,26.095515],[32.109562,26.095291],[32.109643,26.095404],[32.10933,26.095627],[32.109249,26.095515]]],[[[32.124223,26.093275],[32.12035,26.096447],[32.121319,26.097398],[32.121184,26.097536],[32.121526,26.097754],[32.121238,26.0979],[32.121338,26.098015],[32.121092,26.098228],[32.120823,26.098014],[32.119733,26.098979],[32.119854,26.099136],[32.119454,26.099445],[32.119545,26.099563],[32.119443,26.099707],[32.122921,26.099481],[32.124362,26.095176],[32.124223,26.093275]]],[[[32.122539,26.094047],[32.125939,26.090901],[32.127583,26.08995],[32.131566,26.086688],[32.135171,26.083262],[32.13783,26.080944],[32.137822,26.08069],[32.137135,26.080286],[32.136545,26.079752],[32.136104,26.07915],[32.135812,26.078399],[32.135745,26.077388],[32.135912,26.072014],[32.133459,26.070453],[32.131428,26.06894],[32.130983,26.068351],[32.130685,26.067386],[32.130229,26.066716],[32.11901,26.056855],[32.117863,26.055149],[32.115467,26.053041],[32.11507,26.052535],[32.114967,26.052056],[32.115229,26.051454],[32.118012,26.048827],[32.118012,26.048278],[32.117096,26.04726],[32.116955,26.046671],[32.117328,26.046059],[32.118575,26.045162],[32.118254,26.045361],[32.117612,26.045288],[32.116938,26.045464],[32.116147,26.046024],[32.114836,26.047823],[32.099226,26.065548],[32.097425,26.067114],[32.092807,26.070278],[32.092977,26.0705],[32.1112,26.080147],[32.113499,26.083524],[32.113696,26.083436],[32.114092,26.083885],[32.113863,26.084088],[32.114544,26.085073],[32.119034,26.089902],[32.120488,26.088837],[32.120326,26.088659],[32.12075,26.088293],[32.120609,26.088047],[32.120703,26.087979],[32.120462,26.08778],[32.120258,26.087932],[32.120091,26.087759],[32.120253,26.087592],[32.120022,26.087421],[32.120755,26.086849],[32.12041,26.086279],[32.120243,26.0863],[32.120316,26.086457],[32.119809,26.086828],[32.119673,26.086698],[32.119463,26.086849],[32.119214,26.086547],[32.119578,26.086253],[32.11905,26.085631],[32.118777,26.085803],[32.118397,26.085423],[32.117821,26.085725],[32.11768,26.085605],[32.116819,26.086236],[32.116207,26.085684],[32.117212,26.08476],[32.117098,26.084703],[32.117245,26.084556],[32.117114,26.084458],[32.117253,26.084335],[32.116828,26.084074],[32.116411,26.084458],[32.115944,26.084036],[32.116289,26.083743],[32.116163,26.08368],[32.11632,26.083575],[32.116229,26.083483],[32.115468,26.083994],[32.1154,26.083889],[32.116184,26.083371],[32.116068,26.083215],[32.115798,26.08329],[32.115614,26.083209],[32.115374,26.083392],[32.115253,26.083173],[32.115405,26.083063],[32.115337,26.082995],[32.115096,26.083157],[32.11496,26.082995],[32.114777,26.083136],[32.114573,26.082895],[32.114246,26.082962],[32.113854,26.082701],[32.114319,26.082252],[32.113731,26.082121],[32.114197,26.081475],[32.115129,26.082028],[32.115361,26.081807],[32.115103,26.081582],[32.115194,26.081479],[32.115234,26.081549],[32.115358,26.081465],[32.115743,26.081776],[32.115893,26.081626],[32.115826,26.081549],[32.115933,26.081465],[32.115806,26.081365],[32.115907,26.081284],[32.116104,26.081495],[32.115813,26.081833],[32.116024,26.081987],[32.115903,26.082111],[32.116148,26.082319],[32.11602,26.082453],[32.116141,26.082553],[32.117178,26.081682],[32.117811,26.082111],[32.11758,26.082483],[32.117968,26.082804],[32.117788,26.083015],[32.118093,26.083267],[32.118273,26.083045],[32.118367,26.083119],[32.118775,26.082844],[32.118906,26.082958],[32.118614,26.083259],[32.118701,26.083333],[32.119096,26.082968],[32.119264,26.083089],[32.119523,26.082833],[32.119791,26.083052],[32.119961,26.082847],[32.120697,26.083444],[32.120393,26.083876],[32.120558,26.083978],[32.12032,26.084264],[32.120473,26.084423],[32.12096,26.083963],[32.121451,26.084302],[32.121082,26.084728],[32.121234,26.084934],[32.121386,26.084808],[32.121775,26.085212],[32.12206,26.085006],[32.12163,26.084629],[32.121714,26.084538],[32.122409,26.085145],[32.122632,26.08493],[32.122936,26.08514],[32.122609,26.085429],[32.12275,26.085528],[32.123054,26.085242],[32.123127,26.085326],[32.122727,26.085737],[32.123157,26.086034],[32.123534,26.085669],[32.123603,26.085772],[32.123412,26.085958],[32.123706,26.086232],[32.123492,26.086431],[32.123736,26.086563],[32.123937,26.086406],[32.124304,26.0867],[32.124426,26.086573],[32.124456,26.086933],[32.124914,26.087227],[32.125342,26.086901],[32.125446,26.087031],[32.125944,26.086627],[32.125814,26.086451],[32.12612,26.086248],[32.126568,26.08712],[32.126328,26.087297],[32.125844,26.086925],[32.125686,26.087092],[32.12579,26.087213],[32.125417,26.087531],[32.125244,26.087425],[32.124777,26.087674],[32.124642,26.087448],[32.124108,26.088008],[32.124027,26.087912],[32.124254,26.087718],[32.124197,26.087601],[32.124581,26.08723],[32.124499,26.087116],[32.124196,26.087332],[32.123211,26.086569],[32.123058,26.086692],[32.122757,26.08649],[32.122538,26.08671],[32.122329,26.086594],[32.12214,26.086762],[32.12201,26.086607],[32.121714,26.086815],[32.121802,26.08691],[32.121957,26.086801],[32.122109,26.086939],[32.121736,26.087301],[32.121823,26.087424],[32.122138,26.087169],[32.122323,26.087342],[32.121948,26.087676],[32.122187,26.087944],[32.122391,26.08778],[32.122874,26.088134],[32.123349,26.087795],[32.123315,26.087949],[32.123527,26.088139],[32.123408,26.088258],[32.123564,26.088414],[32.123487,26.088665],[32.123639,26.088494],[32.123734,26.088597],[32.123559,26.088767],[32.123676,26.08895],[32.124251,26.088524],[32.124475,26.08877],[32.124206,26.089036],[32.124341,26.089228],[32.124083,26.089435],[32.124239,26.089672],[32.124478,26.089504],[32.124517,26.089738],[32.124367,26.089853],[32.124483,26.090018],[32.124763,26.08982],[32.124929,26.090015],[32.124474,26.090322],[32.124079,26.090145],[32.124189,26.090033],[32.124026,26.089919],[32.124258,26.08974],[32.123885,26.089323],[32.123442,26.089635],[32.122895,26.089033],[32.122798,26.089101],[32.122952,26.089259],[32.122764,26.089396],[32.122957,26.089589],[32.123071,26.089506],[32.122964,26.089769],[32.123144,26.089996],[32.123005,26.090088],[32.122654,26.089733],[32.12253,26.089882],[32.122057,26.08935],[32.121975,26.089421],[32.122291,26.089789],[32.122225,26.089851],[32.122511,26.090088],[32.122442,26.090171],[32.122102,26.089936],[32.122018,26.090037],[32.122174,26.09021],[32.121844,26.090413],[32.121741,26.090327],[32.121504,26.090536],[32.12161,26.090755],[32.121489,26.090829],[32.120782,26.090068],[32.120691,26.090178],[32.120568,26.090075],[32.120361,26.090214],[32.121049,26.090785],[32.120952,26.090901],[32.120071,26.090108],[32.119855,26.090368],[32.120396,26.091001],[32.120228,26.091204],[32.121182,26.092735],[32.122539,26.094047]],[[32.114183,26.083119],[32.114514,26.083577],[32.114156,26.083791],[32.113768,26.083306],[32.114183,26.083119]],[[32.115521,26.08552],[32.115254,26.085709],[32.115068,26.085447],[32.115304,26.085254],[32.115521,26.08552]],[[32.115683,26.085918],[32.115984,26.086249],[32.116114,26.086131],[32.116385,26.086429],[32.116129,26.08662],[32.115577,26.086014],[32.115683,26.085918]]],[[[32.118797,26.045277],[32.117439,26.046149],[32.117089,26.046732],[32.117224,26.047191],[32.11812,26.048152],[32.118131,26.048882],[32.115386,26.051481],[32.115107,26.052126],[32.11529,26.052576],[32.117821,26.054871],[32.118991,26.056646],[32.119387,26.057023],[32.121955,26.059143],[32.130402,26.066734],[32.130753,26.067245],[32.131094,26.068215],[32.131556,26.068889],[32.134301,26.070871],[32.135914,26.071876],[32.136536,26.05075],[32.137058,26.046471],[32.126368,26.045758],[32.119228,26.045411],[32.118797,26.045277]]],[[[32.122539,26.094047],[32.121182,26.092735],[32.120147,26.09109],[32.114544,26.085073],[32.111474,26.08045],[32.111001,26.080026],[32.092977,26.0705],[32.092807,26.070278],[32.091647,26.071166],[32.089171,26.073378],[32.087924,26.074287],[32.089925,26.076414],[32.097919,26.080493],[32.098151,26.080795],[32.098918,26.082772],[32.099621,26.083341],[32.103688,26.085321],[32.104543,26.085289],[32.105723,26.084751],[32.106298,26.084667],[32.107003,26.084901],[32.108656,26.085845],[32.11453,26.092331],[32.115848,26.094646],[32.116242,26.095117],[32.115621,26.09546],[32.115593,26.095586],[32.116522,26.097056],[32.118442,26.09569],[32.119078,26.095448],[32.120607,26.095177],[32.121904,26.094244],[32.122539,26.094047]]],[[[32.021095,26.139218],[32.004602,26.121869],[32.003676,26.122709],[32.001091,26.125659],[31.999189,26.128816],[32.006426,26.133845],[32.006797,26.13433],[32.007281,26.135678],[32.007779,26.13639],[32.010533,26.138234],[32.014308,26.141539],[32.015336,26.143175],[32.016649,26.144376],[32.016918,26.145486],[32.017204,26.145967],[32.019956,26.148028],[32.025917,26.144552],[32.021095,26.139218]]],[[[32.06186,26.098222],[32.06122,26.098695],[32.061524,26.099065],[32.061703,26.098961],[32.061848,26.099211],[32.062123,26.099052],[32.062021,26.09882],[32.062198,26.098693],[32.06186,26.098222]]],[[[32.062605,26.098089],[32.062728,26.097982],[32.062631,26.09787],[32.062391,26.097997],[32.062278,26.09785],[32.061984,26.098074],[32.062356,26.098561],[32.062752,26.098259],[32.062605,26.098089]]],[[[32.191914,26.069315],[32.195986,26.06423],[32.200221,26.062922],[32.200698,26.062661],[32.200349,26.061999],[32.200885,26.061669],[32.200691,26.061409],[32.20048,26.061395],[32.200576,26.061289],[32.200398,26.061128],[32.200696,26.060972],[32.201702,26.061937],[32.202993,26.061076],[32.205052,26.059392],[32.198616,26.05702],[32.197914,26.057184],[32.195959,26.057047],[32.197649,26.058886],[32.194088,26.061018],[32.192745,26.061676],[32.191276,26.06274],[32.191429,26.062958],[32.191129,26.063305],[32.191478,26.063722],[32.191852,26.063828],[32.192407,26.064308],[32.192843,26.064046],[32.193186,26.06447],[32.192945,26.064665],[32.192815,26.064504],[32.192114,26.065506],[32.191846,26.065355],[32.19183,26.065514],[32.191681,26.065499],[32.19171,26.065204],[32.191595,26.065115],[32.191492,26.065249],[32.19051,26.064361],[32.19078,26.064063],[32.190336,26.063434],[32.187085,26.065807],[32.18655,26.066658],[32.18721,26.066882],[32.190604,26.068885],[32.191914,26.069315]],[[32.189446,26.066238],[32.188504,26.066659],[32.187941,26.066636],[32.187845,26.066402],[32.189241,26.065779],[32.189446,26.066238]]],[[[32.140412,26.077861],[32.139988,26.077439],[32.140416,26.077008],[32.140814,26.077337],[32.141222,26.07681],[32.14056,26.076182],[32.140686,26.076049],[32.140924,26.076275],[32.141116,26.076072],[32.141263,26.076211],[32.141462,26.07606],[32.141632,26.076283],[32.142309,26.075413],[32.14176,26.074916],[32.141586,26.075109],[32.141468,26.075002],[32.141642,26.074809],[32.14069,26.074113],[32.140796,26.073968],[32.141493,26.074477],[32.14163,26.074399],[32.14157,26.074625],[32.1417,26.07473],[32.141811,26.074593],[32.14243,26.075252],[32.142822,26.074743],[32.14265,26.074579],[32.142978,26.074236],[32.14254,26.073932],[32.142327,26.074164],[32.142125,26.074038],[32.142207,26.073988],[32.14191,26.073874],[32.142088,26.073637],[32.141403,26.073126],[32.141552,26.07306],[32.142284,26.073625],[32.143016,26.072855],[32.143371,26.073259],[32.143555,26.073098],[32.143735,26.073304],[32.144313,26.072799],[32.144503,26.072912],[32.144901,26.072602],[32.144304,26.072185],[32.144888,26.071719],[32.14434,26.071338],[32.143866,26.071821],[32.143589,26.07155],[32.144017,26.071114],[32.1437,26.070803],[32.143425,26.071083],[32.143351,26.071011],[32.143637,26.070551],[32.14326,26.070269],[32.143031,26.070589],[32.142818,26.070444],[32.142586,26.070646],[32.142484,26.070529],[32.142879,26.070143],[32.142621,26.06988],[32.142849,26.069657],[32.142524,26.069325],[32.142894,26.069066],[32.143043,26.06923],[32.143272,26.069022],[32.143035,26.06876],[32.143188,26.068621],[32.143425,26.068883],[32.143678,26.068653],[32.143941,26.069016],[32.143828,26.069098],[32.144387,26.069694],[32.144452,26.069633],[32.144763,26.069892],[32.144661,26.070086],[32.144809,26.070322],[32.144638,26.0703],[32.144598,26.070389],[32.144482,26.07028],[32.144235,26.070545],[32.144421,26.070665],[32.144638,26.070673],[32.144761,26.070541],[32.1449,26.070642],[32.144821,26.07073],[32.144996,26.070874],[32.144927,26.070939],[32.144821,26.070833],[32.144695,26.070951],[32.144817,26.071053],[32.144695,26.071123],[32.145373,26.071716],[32.146379,26.070747],[32.146374,26.070616],[32.146758,26.070395],[32.146564,26.070117],[32.147189,26.069713],[32.148057,26.070576],[32.150347,26.068813],[32.149934,26.0684],[32.150077,26.068257],[32.150206,26.068386],[32.150482,26.06811],[32.150821,26.068449],[32.151959,26.067573],[32.15265,26.067007],[32.154635,26.064385],[32.156131,26.062797],[32.1554,26.062513],[32.154913,26.063343],[32.154704,26.06322],[32.154961,26.062783],[32.154717,26.06264],[32.154578,26.062875],[32.154104,26.062596],[32.154001,26.06277],[32.153786,26.062643],[32.153888,26.062469],[32.153775,26.062403],[32.15371,26.062514],[32.153552,26.062421],[32.153395,26.062688],[32.152821,26.062351],[32.152924,26.062175],[32.151836,26.061441],[32.151431,26.061617],[32.150481,26.062653],[32.14894,26.06366],[32.148204,26.065045],[32.147726,26.0655],[32.146539,26.066083],[32.144662,26.066321],[32.143122,26.06734],[32.140066,26.069947],[32.136638,26.076832],[32.136411,26.076886],[32.136567,26.076755],[32.138506,26.0726],[32.140006,26.069933],[32.143016,26.067235],[32.144459,26.066274],[32.144014,26.06567],[32.145729,26.06441],[32.145915,26.064103],[32.145581,26.063736],[32.145735,26.063702],[32.145175,26.063139],[32.145517,26.0628],[32.145663,26.062904],[32.145816,26.06269],[32.146123,26.062909],[32.145793,26.063162],[32.145877,26.063326],[32.14572,26.063405],[32.146203,26.063702],[32.146435,26.063449],[32.146181,26.063217],[32.146271,26.063119],[32.146525,26.063352],[32.146672,26.063191],[32.146263,26.062815],[32.146342,26.062729],[32.147092,26.063419],[32.14747,26.063183],[32.148248,26.063868],[32.148659,26.063583],[32.148797,26.063708],[32.149068,26.063397],[32.150708,26.062266],[32.151227,26.060813],[32.151767,26.06021],[32.152369,26.059895],[32.153586,26.059625],[32.15596,26.057893],[32.156979,26.057316],[32.156574,26.056671],[32.156363,26.056803],[32.155476,26.05588],[32.154618,26.055195],[32.153517,26.056145],[32.150602,26.058348],[32.142583,26.064272],[32.142338,26.064545],[32.139643,26.0702],[32.142303,26.064485],[32.14336,26.063599],[32.153194,26.056351],[32.154404,26.055302],[32.154022,26.055081],[32.153612,26.055368],[32.153399,26.055319],[32.153126,26.055031],[32.152979,26.055164],[32.152795,26.054997],[32.152601,26.055171],[32.152427,26.054984],[32.152246,26.055134],[32.151888,26.05489],[32.151778,26.055014],[32.151607,26.05485],[32.151667,26.05477],[32.151179,26.054361],[32.151242,26.054264],[32.151393,26.054358],[32.151456,26.054134],[32.151691,26.054298],[32.151815,26.054117],[32.151948,26.054207],[32.152243,26.053655],[32.152096,26.053622],[32.152236,26.053408],[32.152648,26.053565],[32.153107,26.052995],[32.153236,26.053098],[32.153342,26.052966],[32.153792,26.05323],[32.15409,26.052927],[32.15295,26.052341],[32.153093,26.052062],[32.15432,26.052692],[32.154529,26.052489],[32.154889,26.052685],[32.154828,26.052797],[32.155011,26.052995],[32.154802,26.053189],[32.154618,26.05299],[32.153784,26.05403],[32.153079,26.053829],[32.152714,26.054172],[32.152824,26.054281],[32.152617,26.054533],[32.1529,26.054691],[32.153114,26.054469],[32.153226,26.054552],[32.153018,26.05476],[32.153161,26.054842],[32.15383,26.054139],[32.154227,26.054234],[32.154063,26.054527],[32.154164,26.054599],[32.154241,26.054545],[32.154518,26.054735],[32.154799,26.054455],[32.155179,26.054661],[32.157746,26.052451],[32.156066,26.050971],[32.156516,26.050532],[32.156639,26.050659],[32.157465,26.049734],[32.158938,26.051106],[32.159662,26.050328],[32.159921,26.050569],[32.160268,26.050077],[32.160833,26.048045],[32.159825,26.048],[32.15442,26.046978],[32.153068,26.048471],[32.152436,26.047899],[32.151767,26.048565],[32.151615,26.048412],[32.151337,26.048561],[32.151036,26.048242],[32.151361,26.047936],[32.151247,26.04774],[32.151619,26.047439],[32.151412,26.047183],[32.151521,26.047],[32.150942,26.046655],[32.150511,26.046959],[32.150188,26.046501],[32.150336,26.046397],[32.150041,26.046152],[32.14819,26.046174],[32.147782,26.046688],[32.147932,26.04661],[32.148731,26.047331],[32.148612,26.047463],[32.149229,26.048019],[32.149043,26.048225],[32.149708,26.048825],[32.149035,26.049572],[32.147776,26.048622],[32.147498,26.048991],[32.14723,26.048714],[32.146999,26.048937],[32.14671,26.048637],[32.146788,26.048562],[32.14648,26.048326],[32.14632,26.048535],[32.146505,26.048731],[32.145891,26.04943],[32.146149,26.049598],[32.146528,26.049204],[32.146669,26.049312],[32.146269,26.049833],[32.146603,26.050015],[32.146751,26.049842],[32.146868,26.049939],[32.14673,26.050107],[32.146985,26.050311],[32.14728,26.049927],[32.147235,26.050168],[32.147588,26.050301],[32.147292,26.050687],[32.147508,26.050853],[32.147649,26.050709],[32.14799,26.050923],[32.148256,26.050592],[32.148411,26.05068],[32.14818,26.050883],[32.148384,26.051046],[32.148251,26.051204],[32.148425,26.051281],[32.148721,26.050944],[32.148802,26.050985],[32.148528,26.051326],[32.148602,26.051386],[32.148431,26.051741],[32.148149,26.051572],[32.148093,26.051694],[32.147929,26.051578],[32.147781,26.051784],[32.147496,26.051459],[32.147582,26.051274],[32.147412,26.051184],[32.147144,26.051465],[32.147006,26.051378],[32.146664,26.051822],[32.146521,26.05173],[32.146429,26.051857],[32.146317,26.051613],[32.147032,26.050587],[32.146899,26.050485],[32.145834,26.051808],[32.145725,26.05172],[32.146409,26.050852],[32.146089,26.050691],[32.145945,26.050864],[32.145558,26.050615],[32.145379,26.050798],[32.144964,26.050454],[32.145602,26.049811],[32.145377,26.049679],[32.145234,26.049873],[32.144393,26.049044],[32.145778,26.04798],[32.146608,26.047856],[32.147002,26.047674],[32.147226,26.04741],[32.147422,26.046992],[32.147519,26.046309],[32.147312,26.047126],[32.14698,26.047619],[32.146757,26.047755],[32.145616,26.047988],[32.14485,26.048613],[32.144474,26.048378],[32.144748,26.04794],[32.143001,26.047279],[32.141503,26.046295],[32.138939,26.046637],[32.137383,26.046477],[32.136832,26.050842],[32.136,26.07755],[32.136089,26.078274],[32.136349,26.078976],[32.137071,26.079892],[32.137961,26.080469],[32.13783,26.080944],[32.140412,26.077861]],[[32.155681,26.048084],[32.156148,26.047722],[32.156713,26.0476],[32.157561,26.047648],[32.160653,26.048168],[32.160622,26.048257],[32.159541,26.048148],[32.156808,26.047674],[32.156332,26.047755],[32.155761,26.048131],[32.15143,26.052896],[32.151331,26.052836],[32.155681,26.048084]],[[32.145475,26.068178],[32.146165,26.068803],[32.145829,26.069173],[32.145171,26.068445],[32.145475,26.068178]],[[32.148846,26.069434],[32.14827,26.068938],[32.148489,26.068753],[32.148956,26.069306],[32.148846,26.069434]],[[32.149566,26.067627],[32.149774,26.067863],[32.149549,26.068061],[32.149301,26.06786],[32.149566,26.067627]]],[[[32.192167,26.055152],[32.184178,26.049879],[32.169662,26.04854],[32.169694,26.048349],[32.168937,26.048315],[32.168982,26.0479],[32.168565,26.047697],[32.167687,26.048326],[32.167842,26.048651],[32.168185,26.048683],[32.168209,26.048565],[32.171566,26.048834],[32.17276,26.049047],[32.172676,26.049136],[32.169234,26.048779],[32.169499,26.048946],[32.169423,26.049066],[32.169916,26.049377],[32.169497,26.049815],[32.169674,26.049985],[32.169371,26.050301],[32.170086,26.051131],[32.169574,26.051493],[32.17035,26.053245],[32.171382,26.052575],[32.171467,26.052706],[32.171738,26.052638],[32.171689,26.052439],[32.172437,26.052351],[32.172198,26.051915],[32.172519,26.05174],[32.172633,26.051949],[32.17246,26.052044],[32.172617,26.05233],[32.172896,26.052178],[32.173065,26.052322],[32.172996,26.052621],[32.173094,26.052741],[32.172947,26.05286],[32.173079,26.052961],[32.17359,26.052677],[32.173864,26.052824],[32.173904,26.052917],[32.173683,26.053069],[32.173885,26.053019],[32.174043,26.053248],[32.173777,26.053431],[32.173979,26.053634],[32.174324,26.053426],[32.174621,26.053776],[32.174655,26.054031],[32.17476,26.053979],[32.174852,26.054105],[32.175038,26.054407],[32.174558,26.054833],[32.174588,26.054986],[32.180593,26.055452],[32.180436,26.055865],[32.18032,26.055837],[32.180329,26.056014],[32.182401,26.056037],[32.182252,26.056404],[32.18306,26.056391],[32.183461,26.055733],[32.189748,26.056144],[32.189684,26.056402],[32.192484,26.056591],[32.19255,26.055624],[32.192167,26.055152]],[[32.173954,26.049363],[32.176469,26.05198],[32.176984,26.052621],[32.173751,26.049338],[32.173278,26.049101],[32.173311,26.049026],[32.173954,26.049363]]],[[[32.12401,26.09939],[32.128326,26.094114],[32.130546,26.091841],[32.129037,26.091243],[32.127755,26.091177],[32.12633,26.091557],[32.124223,26.093275],[32.124362,26.095176],[32.122921,26.099481],[32.12401,26.09939]]],[[[32.130673,26.091894],[32.128407,26.094131],[32.124131,26.09938],[32.12747,26.099031],[32.133307,26.092996],[32.130673,26.091894]]],[[[32.140043,26.08222],[32.14072,26.084075],[32.14042,26.085324],[32.140192,26.085735],[32.13317,26.092938],[32.133307,26.092996],[32.140288,26.085847],[32.14076,26.084894],[32.140882,26.084041],[32.140684,26.083273],[32.140043,26.08222]]],[[[32.140023,26.0833],[32.140035,26.083408],[32.134889,26.087607],[32.130673,26.091894],[32.13317,26.092938],[32.140192,26.085735],[32.14042,26.085324],[32.14072,26.084075],[32.140405,26.083054],[32.140023,26.0833]]],[[[32.140034,26.082298],[32.136689,26.082927],[32.136302,26.083356],[32.136349,26.083681],[32.136173,26.083969],[32.135301,26.084208],[32.132514,26.08638],[32.12633,26.091557],[32.127755,26.091177],[32.1284,26.091147],[32.129242,26.091302],[32.130546,26.091841],[32.135485,26.086939],[32.140405,26.083054],[32.140034,26.082298]]],[[[32.120317,26.097124],[32.120025,26.096686],[32.119635,26.096994],[32.119999,26.097422],[32.120317,26.097124]]],[[[32.12057,26.098332],[32.120361,26.097953],[32.120575,26.097772],[32.120823,26.098014],[32.12101,26.097856],[32.120524,26.097341],[32.120419,26.097442],[32.120307,26.097325],[32.12004,26.09758],[32.120235,26.097784],[32.120218,26.098049],[32.119985,26.097867],[32.119841,26.098172],[32.119622,26.097935],[32.119378,26.09816],[32.119501,26.098338],[32.119347,26.098527],[32.119818,26.098914],[32.12057,26.098332]]],[[[32.236509,26.053036],[32.236508,26.051648],[32.235507,26.05216],[32.234881,26.051274],[32.23573,26.050673],[32.235817,26.04923],[32.236045,26.049243],[32.236155,26.049107],[32.236429,26.049453],[32.237822,26.046074],[32.23876,26.044255],[32.239073,26.043907],[32.238915,26.043764],[32.239747,26.042887],[32.237894,26.042433],[32.237774,26.042345],[32.237884,26.042195],[32.23696,26.041519],[32.235876,26.041811],[32.236738,26.039252],[32.238487,26.036943],[32.237626,26.037649],[32.236056,26.039363],[32.233757,26.041277],[32.231676,26.042345],[32.229501,26.043918],[32.227542,26.044758],[32.226969,26.04514],[32.227251,26.045876],[32.227409,26.048607],[32.22759,26.057091],[32.235838,26.053066],[32.236509,26.053036]]],[[[32.242648,26.040827],[32.242342,26.041048],[32.241911,26.040559],[32.241701,26.040583],[32.24156,26.04039],[32.241196,26.040648],[32.239708,26.03996],[32.239051,26.040553],[32.23951,26.040759],[32.239419,26.040961],[32.23993,26.04119],[32.240078,26.040858],[32.240539,26.041064],[32.240594,26.040941],[32.241965,26.041476],[32.242597,26.041384],[32.242706,26.041249],[32.242648,26.040827]]],[[[32.24107,26.039472],[32.240629,26.039042],[32.240284,26.039257],[32.240144,26.039144],[32.239837,26.039365],[32.240333,26.040076],[32.24107,26.039472]]],[[[32.242963,26.036359],[32.243578,26.036825],[32.243992,26.036328],[32.244207,26.036508],[32.24391,26.037016],[32.244384,26.037411],[32.244575,26.037361],[32.244792,26.037097],[32.245237,26.037471],[32.245063,26.037433],[32.244977,26.037601],[32.244874,26.03752],[32.244893,26.037709],[32.244991,26.037786],[32.245109,26.037635],[32.245226,26.037795],[32.245082,26.037898],[32.245209,26.037971],[32.245323,26.037867],[32.245662,26.038127],[32.245776,26.038004],[32.245235,26.037353],[32.245354,26.03723],[32.245927,26.03784],[32.248053,26.035595],[32.247901,26.035417],[32.248032,26.035314],[32.247818,26.035017],[32.247639,26.035117],[32.247504,26.034948],[32.246422,26.035455],[32.246443,26.035155],[32.246694,26.034969],[32.246336,26.034545],[32.246285,26.034072],[32.246549,26.033829],[32.246338,26.03351],[32.245957,26.03367],[32.245852,26.033562],[32.245986,26.033433],[32.245798,26.033239],[32.246126,26.032922],[32.245543,26.032319],[32.245226,26.032422],[32.244847,26.03183],[32.245592,26.031265],[32.245708,26.031397],[32.246075,26.031306],[32.246022,26.031223],[32.246143,26.031147],[32.245965,26.030985],[32.245874,26.031056],[32.245698,26.030829],[32.246184,26.030451],[32.246698,26.031113],[32.246576,26.031207],[32.246815,26.031515],[32.246336,26.031592],[32.246405,26.031713],[32.246233,26.031771],[32.246391,26.032099],[32.246268,26.032158],[32.246173,26.031963],[32.246049,26.032023],[32.246143,26.032219],[32.246026,26.032275],[32.246319,26.032674],[32.246188,26.032981],[32.246371,26.033143],[32.246553,26.033005],[32.246868,26.033422],[32.247053,26.033283],[32.24727,26.033508],[32.247042,26.033646],[32.24749,26.034128],[32.247663,26.033968],[32.247777,26.034091],[32.24771,26.034153],[32.248205,26.034552],[32.248012,26.034732],[32.248099,26.034826],[32.24832,26.034491],[32.248517,26.034645],[32.24881,26.034469],[32.248889,26.034552],[32.24962,26.033705],[32.246514,26.029806],[32.240947,26.034332],[32.241619,26.034933],[32.241528,26.035036],[32.241619,26.035148],[32.241829,26.03496],[32.241937,26.0351],[32.241652,26.035386],[32.242675,26.036075],[32.242835,26.035932],[32.243124,26.036214],[32.242963,26.036359]]],[[[32.239249,26.035952],[32.238435,26.037021],[32.238758,26.037254],[32.238508,26.037575],[32.238431,26.037492],[32.238355,26.037564],[32.238455,26.037811],[32.238359,26.037894],[32.238462,26.038009],[32.238307,26.038143],[32.238386,26.038308],[32.238257,26.038241],[32.238158,26.03835],[32.237879,26.03815],[32.237711,26.038283],[32.238425,26.038964],[32.23831,26.039098],[32.238764,26.039488],[32.238924,26.039384],[32.239056,26.039588],[32.239196,26.039497],[32.239247,26.039577],[32.239044,26.039708],[32.23925,26.039932],[32.239361,26.03983],[32.239482,26.039961],[32.239769,26.039697],[32.239659,26.039578],[32.239819,26.039294],[32.23973,26.039197],[32.239988,26.03896],[32.239722,26.038768],[32.239867,26.038644],[32.239768,26.038528],[32.239439,26.038808],[32.239351,26.038705],[32.239654,26.038447],[32.23938,26.038281],[32.23902,26.038534],[32.239113,26.038667],[32.238782,26.038899],[32.238527,26.038703],[32.238699,26.038581],[32.238779,26.038694],[32.238896,26.038612],[32.238627,26.038398],[32.239447,26.037622],[32.239795,26.037942],[32.239927,26.037799],[32.239802,26.037685],[32.239923,26.037554],[32.239754,26.037323],[32.240738,26.036575],[32.240605,26.036422],[32.240824,26.036232],[32.240671,26.036055],[32.240219,26.036446],[32.240031,26.036306],[32.239843,26.036441],[32.239249,26.035952]]],[[[32.227365,26.057201],[32.227278,26.049208],[32.22714,26.048961],[32.22693,26.04545],[32.221641,26.047498],[32.220729,26.047226],[32.21987,26.046763],[32.219096,26.046522],[32.218447,26.046097],[32.217126,26.045604],[32.215825,26.044728],[32.214269,26.043917],[32.208238,26.04407],[32.195807,26.045628],[32.195027,26.045636],[32.19044,26.044858],[32.187175,26.043499],[32.183744,26.040378],[32.183428,26.039501],[32.18325,26.039553],[32.183573,26.040409],[32.186909,26.043474],[32.190515,26.045034],[32.191095,26.045136],[32.191162,26.045683],[32.193962,26.048855],[32.194698,26.048238],[32.195855,26.049456],[32.196029,26.04929],[32.195853,26.049105],[32.196296,26.048685],[32.195483,26.047691],[32.195901,26.047349],[32.196154,26.04751],[32.195779,26.047768],[32.196354,26.048352],[32.196525,26.048295],[32.196263,26.047922],[32.196725,26.047739],[32.197034,26.047154],[32.197217,26.047251],[32.196497,26.048909],[32.196061,26.050574],[32.195862,26.050803],[32.197105,26.051946],[32.197278,26.05176],[32.197441,26.05186],[32.197597,26.05167],[32.197753,26.051707],[32.197831,26.051785],[32.197578,26.05212],[32.19771,26.052166],[32.198178,26.051613],[32.19876,26.052014],[32.199066,26.051732],[32.199341,26.052013],[32.19955,26.051863],[32.199897,26.052163],[32.19974,26.052282],[32.200162,26.052648],[32.200388,26.052498],[32.201032,26.053018],[32.200866,26.053266],[32.2013,26.053566],[32.201116,26.053751],[32.201225,26.053869],[32.201509,26.053557],[32.201581,26.053632],[32.201156,26.054138],[32.201291,26.054229],[32.201884,26.053576],[32.201897,26.053376],[32.202044,26.053265],[32.202158,26.053423],[32.203006,26.052741],[32.203372,26.053106],[32.20304,26.053348],[32.203444,26.053716],[32.203194,26.053973],[32.20307,26.053907],[32.202872,26.05405],[32.202963,26.054175],[32.202527,26.054492],[32.202336,26.054533],[32.202168,26.054301],[32.202276,26.054222],[32.202213,26.054136],[32.201937,26.054215],[32.202112,26.054455],[32.201874,26.054514],[32.202069,26.054782],[32.20173,26.055028],[32.201944,26.055295],[32.209466,26.052287],[32.210215,26.05223],[32.215019,26.055236],[32.219889,26.059081],[32.220835,26.059623],[32.221848,26.059916],[32.227365,26.057201]],[[32.198798,26.046594],[32.198966,26.046894],[32.198755,26.047062],[32.198479,26.046715],[32.198192,26.046944],[32.198709,26.047592],[32.198365,26.047866],[32.197849,26.047217],[32.197599,26.047416],[32.197235,26.04696],[32.197979,26.046122],[32.198985,26.045566],[32.199414,26.046104],[32.198798,26.046594]]],[[[32.180638,26.025352],[32.179525,26.026374],[32.179068,26.026005],[32.178863,26.026149],[32.178772,26.02602],[32.178444,26.026341],[32.178223,26.026115],[32.179148,26.025396],[32.179061,26.025294],[32.178892,26.025351],[32.179138,26.025077],[32.179041,26.02499],[32.179595,26.024425],[32.170211,26.016179],[32.162945,26.021502],[32.164653,26.023365],[32.176872,26.034685],[32.177537,26.033992],[32.179299,26.031563],[32.179595,26.031371],[32.179534,26.031079],[32.180199,26.030216],[32.179099,26.029369],[32.1789,26.029572],[32.178471,26.029153],[32.178883,26.02873],[32.17842,26.028352],[32.178741,26.027959],[32.179004,26.028174],[32.1791,26.028056],[32.178647,26.027686],[32.17871,26.027609],[32.179222,26.028027],[32.179624,26.027535],[32.179934,26.027788],[32.179763,26.02791],[32.179943,26.028056],[32.180041,26.027935],[32.180329,26.028169],[32.180486,26.027975],[32.180625,26.028087],[32.180787,26.027886],[32.180648,26.027774],[32.180843,26.027533],[32.180433,26.027285],[32.181041,26.026719],[32.18089,26.026556],[32.180695,26.026738],[32.180576,26.026692],[32.181119,26.026174],[32.180969,26.026017],[32.180757,26.026219],[32.180532,26.026086],[32.180727,26.025924],[32.180596,26.025824],[32.180765,26.025465],[32.180638,26.025352]]],[[[32.191795,26.008179],[32.173961,26.019316],[32.18235,26.026719],[32.18264,26.026751],[32.182949,26.026591],[32.186674,26.02267],[32.186515,26.022468],[32.1877,26.021322],[32.187493,26.021108],[32.186928,26.021655],[32.186542,26.021255],[32.186224,26.021626],[32.186036,26.021465],[32.185961,26.021553],[32.185778,26.021471],[32.18591,26.021352],[32.185517,26.021025],[32.185907,26.020698],[32.185632,26.020443],[32.18549,26.020651],[32.18519,26.020384],[32.1853,26.020259],[32.185067,26.020113],[32.185358,26.019828],[32.185488,26.019961],[32.185889,26.019569],[32.185665,26.01934],[32.185766,26.019241],[32.185537,26.019055],[32.185385,26.019167],[32.185153,26.018916],[32.184889,26.019159],[32.184958,26.019316],[32.184856,26.019361],[32.184734,26.01921],[32.184639,26.019287],[32.184418,26.019015],[32.184564,26.018896],[32.184272,26.018536],[32.184363,26.018462],[32.184149,26.018311],[32.184377,26.01809],[32.185084,26.018625],[32.185289,26.018496],[32.185266,26.018292],[32.18543,26.018407],[32.185667,26.017906],[32.184724,26.017293],[32.184833,26.017198],[32.185239,26.017449],[32.185555,26.017138],[32.18542,26.017034],[32.185519,26.016904],[32.185261,26.016565],[32.185121,26.016556],[32.184859,26.016784],[32.184717,26.01649],[32.184581,26.016608],[32.18432,26.016576],[32.184526,26.01635],[32.18435,26.01611],[32.184605,26.015924],[32.184486,26.015803],[32.184753,26.01554],[32.184445,26.015228],[32.18331,26.016237],[32.183136,26.016061],[32.184249,26.015048],[32.183726,26.014439],[32.183057,26.014907],[32.182899,26.014799],[32.183617,26.014354],[32.183445,26.014179],[32.184682,26.013213],[32.184908,26.013479],[32.184111,26.014099],[32.184347,26.014321],[32.184027,26.014592],[32.184175,26.014764],[32.18447,26.014552],[32.184618,26.014651],[32.184311,26.014902],[32.184595,26.01519],[32.184849,26.015015],[32.185096,26.015266],[32.185923,26.014557],[32.185534,26.014089],[32.185677,26.013927],[32.186302,26.014562],[32.1861,26.014725],[32.186397,26.015026],[32.185844,26.015572],[32.186071,26.015739],[32.186341,26.015472],[32.18643,26.015552],[32.186511,26.015473],[32.186814,26.015779],[32.186923,26.01568],[32.187307,26.01607],[32.187489,26.015926],[32.187203,26.015577],[32.187292,26.015498],[32.187607,26.015805],[32.187656,26.015715],[32.187479,26.015483],[32.187578,26.01536],[32.188119,26.016246],[32.187907,26.016456],[32.188153,26.016681],[32.188329,26.016507],[32.188577,26.016738],[32.18794,26.017122],[32.18812,26.017305],[32.188533,26.017094],[32.18872,26.017251],[32.188799,26.017192],[32.189056,26.01757],[32.189161,26.017467],[32.189459,26.017783],[32.189311,26.017906],[32.189154,26.017749],[32.188922,26.01796],[32.189341,26.0183],[32.18908,26.018433],[32.188705,26.018083],[32.188612,26.018197],[32.188395,26.018005],[32.188257,26.018118],[32.189213,26.019034],[32.189119,26.019097],[32.188912,26.018975],[32.188783,26.019097],[32.188252,26.018596],[32.187991,26.018935],[32.188385,26.019275],[32.187965,26.019671],[32.188848,26.020366],[32.190017,26.019086],[32.189447,26.018567],[32.189979,26.018154],[32.189855,26.017994],[32.190093,26.017964],[32.190581,26.017601],[32.191077,26.017984],[32.191226,26.017822],[32.190093,26.017058],[32.190364,26.016819],[32.191462,26.017637],[32.192112,26.017125],[32.191384,26.01638],[32.191634,26.016136],[32.192377,26.016926],[32.196807,26.014744],[32.195654,26.013004],[32.191795,26.008179]]],[[[32.253651,26.00583],[32.252568,26.007071],[32.252324,26.007532],[32.251769,26.007908],[32.250763,26.008084],[32.249922,26.008489],[32.249378,26.009067],[32.249019,26.009208],[32.248038,26.009135],[32.246089,26.008598],[32.245797,26.0082],[32.245219,26.007874],[32.245006,26.007627],[32.244595,26.006511],[32.244096,26.006425],[32.243466,26.006008],[32.243268,26.005742],[32.243138,26.005026],[32.242208,26.004206],[32.241314,26.004196],[32.238366,26.003829],[32.235309,26.004751],[32.231063,26.005385],[32.230432,26.005312],[32.230919,26.006708],[32.231597,26.010512],[32.231898,26.010986],[32.232318,26.011356],[32.232819,26.011591],[32.233366,26.011678],[32.248637,26.010479],[32.250689,26.010709],[32.254551,26.010298],[32.254417,26.009308],[32.25497,26.008559],[32.255093,26.008175],[32.254847,26.005565],[32.253651,26.00583]]],[[[32.250462,26.008227],[32.251769,26.007908],[32.252324,26.007532],[32.252568,26.007071],[32.253651,26.00583],[32.252435,26.006131],[32.250582,26.006168],[32.246659,26.005008],[32.242208,26.004206],[32.243138,26.005026],[32.243268,26.005742],[32.243466,26.006008],[32.244096,26.006425],[32.244595,26.006511],[32.244922,26.00745],[32.249575,26.006225],[32.250534,26.00621],[32.249535,26.006273],[32.244948,26.007504],[32.245219,26.007874],[32.245797,26.0082],[32.246089,26.008598],[32.248038,26.009135],[32.249019,26.009208],[32.249378,26.009067],[32.249922,26.008489],[32.250462,26.008227]]],[[[32.204738,26.058651],[32.203993,26.058085],[32.204208,26.057818],[32.203865,26.057542],[32.204424,26.057021],[32.203804,26.056452],[32.204462,26.056027],[32.203358,26.055846],[32.202788,26.056448],[32.202503,26.056271],[32.201971,26.056902],[32.201575,26.056667],[32.202392,26.055751],[32.202308,26.055676],[32.202029,26.055912],[32.20194,26.055807],[32.202135,26.055642],[32.201954,26.055482],[32.201513,26.055664],[32.20079,26.056343],[32.198616,26.05702],[32.203164,26.058697],[32.20337,26.058475],[32.203242,26.058355],[32.203293,26.058234],[32.203631,26.058378],[32.203676,26.058271],[32.203881,26.058359],[32.203807,26.058532],[32.204088,26.058652],[32.203871,26.058962],[32.204553,26.05921],[32.204905,26.058941],[32.205054,26.059028],[32.205562,26.058636],[32.205748,26.058764],[32.205858,26.058676],[32.205281,26.058029],[32.205284,26.058189],[32.204738,26.058651]]],[[[32.200696,26.062763],[32.200808,26.063001],[32.200512,26.063156],[32.200662,26.063444],[32.199997,26.063791],[32.200201,26.064058],[32.199952,26.064248],[32.199838,26.064099],[32.199494,26.064362],[32.1988,26.063453],[32.195922,26.064383],[32.192019,26.069343],[32.195137,26.070007],[32.197791,26.07025],[32.198297,26.070233],[32.200637,26.069641],[32.202275,26.069568],[32.221589,26.060044],[32.211265,26.065132],[32.209796,26.064497],[32.210125,26.063738],[32.209237,26.063355],[32.209138,26.063586],[32.208137,26.063153],[32.207524,26.063984],[32.207329,26.063841],[32.206791,26.064781],[32.206375,26.064544],[32.206519,26.064292],[32.205743,26.063728],[32.205617,26.063902],[32.203895,26.062209],[32.204498,26.061661],[32.20429,26.061432],[32.204634,26.061315],[32.204521,26.061142],[32.205036,26.060887],[32.205216,26.061108],[32.206142,26.060456],[32.206017,26.060279],[32.206308,26.059926],[32.205023,26.059446],[32.203007,26.061212],[32.202148,26.061786],[32.202536,26.062348],[32.202984,26.062192],[32.202941,26.062069],[32.20312,26.062006],[32.203084,26.062157],[32.203486,26.062572],[32.203251,26.062704],[32.202941,26.062366],[32.202674,26.062507],[32.202612,26.062389],[32.202479,26.062459],[32.202541,26.062577],[32.202134,26.062713],[32.202012,26.062525],[32.201603,26.06261],[32.201387,26.062268],[32.200696,26.062763]]],[[[32.204424,26.057021],[32.204654,26.057307],[32.204469,26.057455],[32.205198,26.057995],[32.205707,26.057576],[32.205918,26.057832],[32.206194,26.057605],[32.206532,26.057873],[32.206479,26.057257],[32.205837,26.056485],[32.205322,26.056217],[32.205008,26.056135],[32.20463,26.056485],[32.204802,26.056671],[32.204424,26.057021]]],[[[32.197577,26.058803],[32.195959,26.057047],[32.192576,26.056747],[32.192641,26.056938],[32.192063,26.057137],[32.192341,26.057706],[32.192933,26.057416],[32.193118,26.057795],[32.192387,26.058153],[32.192201,26.057774],[32.192121,26.057813],[32.192188,26.05795],[32.192011,26.058037],[32.192176,26.058374],[32.191942,26.058489],[32.1923,26.059221],[32.191911,26.059411],[32.192103,26.059804],[32.191394,26.060151],[32.191699,26.060494],[32.190598,26.061063],[32.191642,26.062231],[32.197577,26.058803]]],[[[32.186944,26.065697],[32.190613,26.063053],[32.190366,26.062745],[32.18988,26.063052],[32.189673,26.062726],[32.190066,26.062417],[32.189944,26.062177],[32.190039,26.062054],[32.189897,26.061944],[32.189703,26.062045],[32.18934,26.061546],[32.187565,26.062837],[32.187402,26.062611],[32.187654,26.062428],[32.187495,26.062211],[32.187643,26.062103],[32.187765,26.062271],[32.187949,26.062137],[32.187534,26.061691],[32.187721,26.061319],[32.186877,26.060696],[32.186733,26.060822],[32.18661,26.060635],[32.186993,26.060255],[32.186723,26.059982],[32.18701,26.059698],[32.186686,26.059372],[32.186209,26.059726],[32.185941,26.059449],[32.185857,26.059531],[32.185721,26.059389],[32.185547,26.059622],[32.184908,26.059242],[32.184854,26.059618],[32.185315,26.060007],[32.184981,26.0603],[32.185256,26.06055],[32.185009,26.060813],[32.185022,26.060976],[32.184539,26.061628],[32.184325,26.06214],[32.184172,26.062803],[32.184187,26.063432],[32.184411,26.064264],[32.184122,26.064921],[32.184791,26.06555],[32.184755,26.065768],[32.184973,26.065558],[32.185086,26.065638],[32.185133,26.065792],[32.184884,26.066093],[32.185012,26.066135],[32.185134,26.065981],[32.185371,26.066169],[32.18519,26.066397],[32.186428,26.06663],[32.186592,26.066131],[32.186944,26.065697]],[[32.186282,26.061428],[32.185532,26.061464],[32.18532,26.061206],[32.185754,26.060872],[32.186282,26.061428]]],[[[32.213416,26.031312],[32.212797,26.030616],[32.212929,26.030499],[32.212829,26.030386],[32.212578,26.030523],[32.212545,26.030282],[32.212748,26.030183],[32.212618,26.029915],[32.212473,26.029985],[32.212393,26.02982],[32.212038,26.029993],[32.2123,26.030672],[32.212407,26.03063],[32.212466,26.030782],[32.212359,26.030824],[32.21243,26.031007],[32.212205,26.031043],[32.212293,26.031215],[32.212111,26.03125],[32.212207,26.03175],[32.212037,26.031783],[32.211941,26.031283],[32.211609,26.030961],[32.21177,26.030794],[32.211696,26.030588],[32.211389,26.03078],[32.211261,26.030575],[32.211796,26.030241],[32.211614,26.029805],[32.211441,26.029877],[32.211287,26.029507],[32.210197,26.030139],[32.210076,26.029931],[32.21047,26.029645],[32.210396,26.029543],[32.211131,26.029009],[32.210863,26.028733],[32.210965,26.028545],[32.210502,26.028085],[32.210634,26.027636],[32.210453,26.027696],[32.210353,26.027397],[32.210103,26.027481],[32.210015,26.027219],[32.210219,26.027151],[32.210119,26.026851],[32.208577,26.027001],[32.208837,26.027391],[32.208628,26.027529],[32.208213,26.027023],[32.206998,26.027272],[32.207883,26.028313],[32.207776,26.028404],[32.208055,26.028674],[32.207796,26.028789],[32.206842,26.027647],[32.206548,26.028081],[32.206332,26.027921],[32.206576,26.028234],[32.206378,26.02837],[32.206022,26.028052],[32.206117,26.027946],[32.206005,26.027768],[32.206498,26.027585],[32.206336,26.027418],[32.206521,26.027262],[32.206159,26.026791],[32.20367,26.027372],[32.202497,26.028274],[32.201759,26.028649],[32.183449,26.034241],[32.17772,26.035764],[32.181343,26.039022],[32.18217,26.039387],[32.183021,26.039419],[32.183859,26.0391],[32.18714,26.036482],[32.19188,26.033863],[32.192539,26.033769],[32.205381,26.033715],[32.211397,26.033312],[32.212859,26.03311],[32.213237,26.032289],[32.213416,26.031312]]],[[[32.171481,26.059213],[32.171926,26.058927],[32.17254,26.059582],[32.172658,26.059486],[32.173005,26.059688],[32.173254,26.059537],[32.173385,26.059635],[32.173712,26.059468],[32.173646,26.059245],[32.173838,26.059114],[32.173745,26.058971],[32.174483,26.058534],[32.174238,26.058235],[32.174336,26.058137],[32.174449,26.058249],[32.174947,26.057943],[32.175464,26.058373],[32.175859,26.05812],[32.17592,26.0582],[32.175601,26.058442],[32.175639,26.058521],[32.175796,26.058588],[32.175933,26.058507],[32.175979,26.058592],[32.176092,26.058487],[32.176353,26.058837],[32.176461,26.058745],[32.176559,26.05886],[32.176406,26.05899],[32.176292,26.058919],[32.176164,26.059041],[32.17602,26.058891],[32.175163,26.059382],[32.174846,26.05906],[32.174827,26.059214],[32.174605,26.05936],[32.174786,26.059637],[32.174632,26.059831],[32.174331,26.059593],[32.173957,26.05976],[32.173876,26.059579],[32.173615,26.059695],[32.173873,26.060022],[32.173761,26.060111],[32.173503,26.059784],[32.1733,26.059892],[32.173462,26.060196],[32.173298,26.060283],[32.173137,26.059979],[32.172786,26.060165],[32.173045,26.060368],[32.172923,26.06045],[32.173175,26.060827],[32.173629,26.060858],[32.173641,26.060686],[32.173964,26.060708],[32.174018,26.061124],[32.174563,26.061665],[32.174479,26.06177],[32.173975,26.061365],[32.173734,26.061529],[32.173563,26.061374],[32.173367,26.061403],[32.173236,26.061471],[32.173549,26.061882],[32.174139,26.062464],[32.1766,26.064283],[32.177541,26.065284],[32.178573,26.065919],[32.180698,26.066374],[32.182658,26.066396],[32.182397,26.066022],[32.182708,26.06583],[32.182852,26.066155],[32.182967,26.066143],[32.183525,26.066059],[32.183521,26.065755],[32.183697,26.065572],[32.18391,26.065706],[32.184411,26.064264],[32.184187,26.063432],[32.184172,26.062803],[32.184325,26.06214],[32.184539,26.061628],[32.185022,26.060976],[32.184833,26.059918],[32.184875,26.059318],[32.185504,26.058157],[32.186286,26.057471],[32.186447,26.057616],[32.186661,26.057379],[32.18608,26.056928],[32.185961,26.057024],[32.185828,26.056894],[32.185957,26.056787],[32.185701,26.056476],[32.180547,26.056608],[32.175875,26.055508],[32.171893,26.05566],[32.172276,26.056241],[32.171777,26.056482],[32.171679,26.056279],[32.171356,26.056435],[32.171196,26.056102],[32.170902,26.056244],[32.170635,26.055689],[32.170403,26.055755],[32.170499,26.056092],[32.169698,26.056465],[32.169812,26.05671],[32.169444,26.056881],[32.170673,26.058406],[32.171018,26.058635],[32.171481,26.059213]]],[[[32.144225,26.046097],[32.144329,26.046338],[32.1452,26.047034],[32.145144,26.047108],[32.145277,26.047209],[32.145154,26.047371],[32.145841,26.047892],[32.146757,26.047755],[32.147073,26.047532],[32.147406,26.046871],[32.147533,26.046163],[32.144225,26.046097]]],[[[32.213237,26.032289],[32.210964,26.037114],[32.210694,26.038927],[32.210767,26.039071],[32.226167,26.043968],[32.226982,26.044883],[32.227857,26.04439],[32.229278,26.043802],[32.231457,26.042228],[32.233516,26.041221],[32.235652,26.039418],[32.232879,26.037276],[32.230598,26.034728],[32.22985,26.033477],[32.230709,26.032973],[32.230328,26.032591],[32.229905,26.031065],[32.229578,26.030617],[32.229178,26.030372],[32.227061,26.029484],[32.226691,26.029231],[32.22597,26.027736],[32.225677,26.026761],[32.22575,26.026473],[32.225311,26.025778],[32.224607,26.024819],[32.223502,26.024251],[32.224058,26.023481],[32.223983,26.023355],[32.223646,26.023556],[32.22354,26.023378],[32.223755,26.02325],[32.223861,26.023311],[32.224406,26.022808],[32.224605,26.02269],[32.224794,26.022892],[32.225119,26.022641],[32.225988,26.022716],[32.225456,26.022131],[32.225376,26.022198],[32.225388,26.02202],[32.225216,26.021871],[32.225015,26.022021],[32.224905,26.021875],[32.225046,26.021747],[32.224929,26.021646],[32.225092,26.021456],[32.224883,26.021291],[32.224596,26.021496],[32.22445,26.02134],[32.224697,26.021159],[32.224458,26.020886],[32.214519,26.024277],[32.215197,26.024924],[32.213729,26.025553],[32.214273,26.026388],[32.214022,26.026635],[32.214612,26.027094],[32.214752,26.027022],[32.214665,26.026854],[32.215052,26.026655],[32.21529,26.026891],[32.215585,26.026751],[32.215643,26.026873],[32.215418,26.027034],[32.215539,26.027204],[32.214752,26.027648],[32.215442,26.02847],[32.215737,26.028326],[32.215912,26.028554],[32.215519,26.028857],[32.214532,26.028043],[32.214329,26.028111],[32.213739,26.027513],[32.213644,26.027606],[32.213416,26.027246],[32.212845,26.027676],[32.213361,26.028359],[32.212988,26.028641],[32.213177,26.02889],[32.213043,26.028991],[32.213212,26.029213],[32.213594,26.028925],[32.213934,26.029296],[32.213392,26.02967],[32.213547,26.030045],[32.213739,26.029912],[32.213883,26.03012],[32.214532,26.029671],[32.214634,26.029818],[32.213655,26.03057],[32.213237,26.032289]]],[[[32.204042,26.038611],[32.204942,26.038164],[32.204696,26.037823],[32.204831,26.037725],[32.205078,26.038065],[32.205304,26.037902],[32.205095,26.037473],[32.206176,26.038724],[32.20623,26.038962],[32.206037,26.039128],[32.206503,26.039267],[32.206651,26.039128],[32.206531,26.039],[32.206452,26.039074],[32.206351,26.038895],[32.206719,26.038477],[32.207208,26.038939],[32.207179,26.039107],[32.206766,26.039438],[32.208368,26.039923],[32.208087,26.039558],[32.208523,26.039221],[32.208375,26.038848],[32.208583,26.038687],[32.208021,26.037958],[32.208147,26.037862],[32.208347,26.038012],[32.208453,26.037872],[32.208291,26.03775],[32.208552,26.03766],[32.208366,26.037456],[32.208548,26.037464],[32.208515,26.03735],[32.208966,26.036952],[32.208699,26.036724],[32.20895,26.036531],[32.20865,26.036203],[32.208709,26.036128],[32.208989,26.03642],[32.2091,26.036321],[32.208881,26.036086],[32.208983,26.03599],[32.209257,26.036286],[32.209396,26.036123],[32.209328,26.036021],[32.209628,26.035895],[32.209624,26.035722],[32.209441,26.035565],[32.20977,26.035443],[32.209639,26.035257],[32.210137,26.034858],[32.209818,26.03523],[32.210186,26.035545],[32.210087,26.035629],[32.21041,26.036003],[32.210528,26.035781],[32.210636,26.035867],[32.210753,26.035729],[32.210873,26.035803],[32.211263,26.036428],[32.212737,26.033278],[32.209588,26.033662],[32.205309,26.033874],[32.192535,26.033906],[32.191647,26.034136],[32.190902,26.034576],[32.204042,26.038611]]],[[[32.201944,26.055295],[32.201099,26.054258],[32.198561,26.053215],[32.196383,26.051393],[32.193835,26.04878],[32.191211,26.045815],[32.190999,26.045455],[32.191011,26.045121],[32.190515,26.045034],[32.186909,26.043474],[32.183573,26.040409],[32.18325,26.039553],[32.182357,26.039614],[32.181381,26.039283],[32.177731,26.036147],[32.177588,26.035817],[32.176655,26.036358],[32.175915,26.037047],[32.168998,26.047233],[32.168565,26.047697],[32.168982,26.0479],[32.168937,26.048315],[32.169694,26.048349],[32.169671,26.048439],[32.184276,26.049798],[32.192465,26.055228],[32.192697,26.05564],[32.192633,26.056603],[32.19793,26.057019],[32.200589,26.056242],[32.201234,26.055643],[32.201944,26.055295]]],[[[32.22693,26.04545],[32.226817,26.045066],[32.22692,26.044897],[32.226085,26.044003],[32.210932,26.039299],[32.21023,26.038923],[32.209599,26.039024],[32.208416,26.039917],[32.208245,26.039914],[32.190902,26.034576],[32.187303,26.036615],[32.183777,26.039351],[32.183428,26.039501],[32.183744,26.040378],[32.187175,26.043499],[32.19044,26.044858],[32.195027,26.045636],[32.195807,26.045628],[32.208238,26.04407],[32.214269,26.043917],[32.215825,26.044728],[32.217126,26.045604],[32.218447,26.046097],[32.219096,26.046522],[32.21987,26.046763],[32.220729,26.047226],[32.221641,26.047498],[32.22693,26.04545]]],[[[32.188503,26.020536],[32.188159,26.020295],[32.187602,26.020886],[32.187967,26.021171],[32.188503,26.020536]]],[[[32.186542,26.021255],[32.186775,26.021496],[32.187326,26.020969],[32.18682,26.020587],[32.186677,26.020723],[32.186878,26.020935],[32.186542,26.021255]]],[[[32.149551,26.034357],[32.141767,26.025413],[32.141862,26.025314],[32.140628,26.023836],[32.140284,26.024093],[32.138843,26.02456],[32.136126,26.026198],[32.132073,26.029431],[32.129366,26.032385],[32.128272,26.034143],[32.126661,26.036129],[32.12602,26.037734],[32.125248,26.039041],[32.11871,26.045258],[32.118971,26.045384],[32.118972,26.045255],[32.126479,26.045646],[32.137075,26.046334],[32.137311,26.044962],[32.137982,26.04391],[32.149551,26.034357]]],[[[32.141862,26.025314],[32.141896,26.025352],[32.141881,26.025328],[32.141862,26.025314]]],[[[32.141862,26.025314],[32.141767,26.025413],[32.149551,26.034357],[32.149655,26.034277],[32.141862,26.025314]]],[[[32.169862,26.016233],[32.169558,26.015959],[32.169342,26.016113],[32.169039,26.015829],[32.16853,26.016178],[32.168383,26.015964],[32.168956,26.015571],[32.168497,26.015398],[32.168693,26.015105],[32.168921,26.015196],[32.169447,26.014472],[32.171228,26.015159],[32.170151,26.016019],[32.176445,26.010996],[32.178773,26.009078],[32.188397,26.003885],[32.187084,26.002108],[32.186473,26.001812],[32.181584,26.001624],[32.175082,26.003177],[32.174756,26.003157],[32.170234,26.004551],[32.17038,26.004723],[32.169694,26.005126],[32.169263,26.004819],[32.168894,26.005087],[32.169179,26.00537],[32.168961,26.005532],[32.168667,26.005227],[32.168132,26.0056],[32.167965,26.005359],[32.167666,26.005568],[32.167597,26.005467],[32.166984,26.005773],[32.167068,26.005941],[32.167222,26.005826],[32.167768,26.006543],[32.167533,26.006675],[32.167275,26.006367],[32.167113,26.00656],[32.167315,26.006789],[32.166725,26.007307],[32.166536,26.007175],[32.166191,26.007432],[32.166109,26.007359],[32.16598,26.007455],[32.166107,26.007578],[32.165953,26.00771],[32.165822,26.007601],[32.165683,26.007736],[32.16581,26.007867],[32.165721,26.007925],[32.165597,26.007811],[32.165471,26.007871],[32.164946,26.007448],[32.164795,26.007635],[32.164651,26.007519],[32.164383,26.007623],[32.164211,26.00747],[32.163868,26.007801],[32.164425,26.008377],[32.164316,26.008452],[32.163769,26.007851],[32.163663,26.007947],[32.164431,26.008746],[32.164122,26.008953],[32.164398,26.00924],[32.164312,26.009562],[32.164448,26.009689],[32.164591,26.009534],[32.164797,26.009686],[32.164993,26.009514],[32.165121,26.009764],[32.164964,26.009913],[32.165149,26.010053],[32.165381,26.009839],[32.165517,26.009935],[32.165383,26.010062],[32.165913,26.010335],[32.165975,26.010715],[32.166341,26.010898],[32.165757,26.012297],[32.163897,26.014129],[32.162324,26.01528],[32.159078,26.018142],[32.157081,26.019727],[32.155535,26.020493],[32.149355,26.025737],[32.152665,26.029289],[32.153143,26.028684],[32.156337,26.026047],[32.161176,26.02242],[32.169862,26.016233]]],[[[32.146892,26.019669],[32.146426,26.019066],[32.14606,26.019216],[32.146398,26.019723],[32.145566,26.020156],[32.145256,26.019803],[32.141166,26.022524],[32.140853,26.022999],[32.140628,26.023836],[32.149655,26.034277],[32.150931,26.033303],[32.151404,26.032757],[32.151724,26.032098],[32.152578,26.029462],[32.147825,26.02438],[32.145401,26.022254],[32.14526,26.021731],[32.145363,26.021279],[32.146892,26.019669]]],[[[32.152543,26.015028],[32.152352,26.014837],[32.151614,26.015196],[32.146979,26.018894],[32.147324,26.019253],[32.149643,26.017023],[32.152543,26.015028]]],[[[32.165889,26.010459],[32.16563,26.010782],[32.165833,26.010899],[32.165111,26.011542],[32.164766,26.011351],[32.164881,26.0112],[32.164673,26.011207],[32.164328,26.011669],[32.163129,26.010612],[32.162895,26.010621],[32.16275,26.010888],[32.162282,26.010713],[32.162369,26.010542],[32.16215,26.010402],[32.161902,26.010409],[32.161842,26.010518],[32.161841,26.010376],[32.161516,26.010199],[32.161262,26.010513],[32.160674,26.010037],[32.160325,26.010365],[32.160121,26.010104],[32.159039,26.010678],[32.159307,26.010951],[32.159467,26.010844],[32.159597,26.010941],[32.158901,26.011404],[32.158846,26.011328],[32.158283,26.011806],[32.15794,26.011436],[32.157182,26.011793],[32.15688,26.012189],[32.155982,26.012814],[32.155826,26.012877],[32.155562,26.012627],[32.155117,26.012921],[32.155176,26.01301],[32.154705,26.013441],[32.154613,26.013326],[32.154489,26.013425],[32.154581,26.01354],[32.154479,26.013622],[32.154387,26.013507],[32.153528,26.014196],[32.153678,26.01435],[32.156009,26.013112],[32.156088,26.013261],[32.15284,26.015034],[32.149301,26.017562],[32.145613,26.021181],[32.145467,26.021715],[32.145566,26.022179],[32.148002,26.024288],[32.149355,26.025737],[32.155535,26.020493],[32.157241,26.019619],[32.162324,26.01528],[32.163897,26.014129],[32.165757,26.012297],[32.166341,26.010898],[32.165975,26.010715],[32.165889,26.010459]]],[[[32.191077,26.017984],[32.190581,26.017601],[32.190093,26.017964],[32.189855,26.017994],[32.189979,26.018154],[32.189447,26.018567],[32.190017,26.019086],[32.191077,26.017984]]],[[[32.191462,26.017637],[32.190364,26.016819],[32.190093,26.017058],[32.191226,26.017822],[32.191462,26.017637]]],[[[32.192377,26.016926],[32.191634,26.016136],[32.191384,26.01638],[32.192112,26.017125],[32.192377,26.016926]]],[[[32.264894,26.008294],[32.264984,26.007891],[32.264473,26.007777],[32.264421,26.008008],[32.264546,26.008036],[32.264446,26.008321],[32.264894,26.008294]]],[[[32.264201,26.008336],[32.264219,26.008021],[32.263986,26.008007],[32.263889,26.008354],[32.264201,26.008336]]],[[[32.289594,26.010542],[32.287749,26.008444],[32.286593,26.007349],[32.277129,26.00499],[32.275568,26.005121],[32.273998,26.004834],[32.271861,26.003686],[32.266201,26.002374],[32.263387,26.001944],[32.261543,26.002349],[32.259495,26.002274],[32.259172,26.002633],[32.258862,26.004243],[32.258382,26.004792],[32.25485,26.005602],[32.255088,26.008233],[32.254404,26.009375],[32.254551,26.010298],[32.256011,26.010184],[32.256732,26.009942],[32.258126,26.008907],[32.258606,26.008696],[32.263889,26.008354],[32.263986,26.008007],[32.264219,26.008021],[32.264201,26.008336],[32.264446,26.008321],[32.264546,26.008036],[32.264421,26.008008],[32.264473,26.007777],[32.264984,26.007891],[32.264894,26.008294],[32.266007,26.008261],[32.266476,26.008352],[32.276283,26.011583],[32.276426,26.012526],[32.276773,26.013434],[32.276718,26.014486],[32.279086,26.014191],[32.283011,26.013932],[32.283219,26.014168],[32.28396,26.014108],[32.289594,26.010542]]],[[[32.008663,26.113219],[32.008185,26.112871],[32.007375,26.114295],[32.007248,26.114223],[32.007199,26.114308],[32.007922,26.114837],[32.008663,26.113219]]],[[[32.04802,26.086788],[32.047227,26.085831],[32.046438,26.085191],[32.04613,26.085393],[32.045805,26.085024],[32.045667,26.085145],[32.045349,26.084919],[32.045732,26.084713],[32.045349,26.084257],[32.044879,26.084653],[32.044028,26.084029],[32.04418,26.083822],[32.04359,26.083591],[32.043537,26.08367],[32.04343,26.083597],[32.042993,26.083942],[32.042595,26.083439],[32.042136,26.083803],[32.042674,26.084484],[32.042245,26.084823],[32.041708,26.083963],[32.041098,26.084555],[32.041279,26.084741],[32.04131,26.085054],[32.041638,26.085133],[32.041574,26.085399],[32.041243,26.085258],[32.040649,26.085761],[32.039935,26.084944],[32.039289,26.085218],[32.040067,26.086258],[32.04031,26.086332],[32.04018,26.086569],[32.04057,26.086807],[32.040242,26.087123],[32.040174,26.087463],[32.040523,26.08801],[32.03999,26.088426],[32.040156,26.08857],[32.04008,26.088726],[32.041099,26.089276],[32.044609,26.087396],[32.04802,26.086788]]],[[[32.04121,26.084446],[32.040842,26.083848],[32.040993,26.083791],[32.040924,26.083609],[32.040685,26.083699],[32.040754,26.083881],[32.040572,26.08395],[32.040482,26.083711],[32.040127,26.083845],[32.040098,26.083676],[32.040214,26.083588],[32.040025,26.08334],[32.039679,26.083539],[32.040399,26.084796],[32.039935,26.084944],[32.040649,26.085761],[32.041243,26.085258],[32.041574,26.085399],[32.041638,26.085133],[32.04131,26.085054],[32.041279,26.084741],[32.041098,26.084555],[32.04121,26.084446]]],[[[32.042365,26.083621],[32.04203,26.083298],[32.041806,26.083399],[32.040883,26.082628],[32.041015,26.082447],[32.040883,26.08235],[32.040627,26.082701],[32.041325,26.083414],[32.040924,26.083609],[32.040993,26.083791],[32.040842,26.083848],[32.04121,26.084446],[32.041708,26.083963],[32.042245,26.084823],[32.042674,26.084484],[32.042136,26.083803],[32.042365,26.083621]]],[[[32.110493,26.04012],[32.110199,26.039609],[32.109851,26.039809],[32.109625,26.03953],[32.109336,26.039763],[32.10916,26.039546],[32.108776,26.039939],[32.109046,26.040136],[32.109347,26.039912],[32.109864,26.04051],[32.110493,26.04012]]],[[[32.10802,26.042071],[32.107188,26.04132],[32.107003,26.041516],[32.106615,26.041151],[32.106889,26.040937],[32.106027,26.040254],[32.105367,26.040898],[32.105977,26.0414],[32.107096,26.042767],[32.10802,26.042071]]],[[[32.10984,26.042071],[32.108988,26.041077],[32.108441,26.041485],[32.108567,26.041649],[32.10802,26.042071],[32.108632,26.042536],[32.109075,26.042219],[32.109187,26.042332],[32.10984,26.042071]]],[[[32.108116,26.040128],[32.107821,26.039915],[32.107158,26.040479],[32.107448,26.040819],[32.108019,26.040403],[32.107923,26.040248],[32.108116,26.040128]]],[[[32.107298,26.039157],[32.106321,26.039981],[32.10683,26.040495],[32.10776,26.039696],[32.107298,26.039157]]],[[[32.107876,26.041326],[32.108232,26.040993],[32.108358,26.041121],[32.108648,26.040911],[32.108742,26.040689],[32.108791,26.040819],[32.108985,26.040746],[32.108887,26.040595],[32.10915,26.040425],[32.108736,26.040124],[32.108537,26.040433],[32.108471,26.040333],[32.107696,26.040894],[32.107876,26.041326]]],[[[32.098354,26.060395],[32.099285,26.058998],[32.09886,26.058762],[32.098531,26.059098],[32.098201,26.058708],[32.097877,26.058982],[32.097716,26.058792],[32.098011,26.058542],[32.097688,26.058262],[32.097324,26.058569],[32.097224,26.058959],[32.09708,26.058898],[32.096938,26.059018],[32.096857,26.058922],[32.096726,26.059033],[32.096573,26.058926],[32.096428,26.059048],[32.096878,26.059518],[32.097611,26.0589],[32.097772,26.059091],[32.0972,26.059573],[32.098354,26.060395]]],[[[32.101425,26.048754],[32.101585,26.048535],[32.101716,26.048631],[32.101856,26.048363],[32.102328,26.048648],[32.103352,26.047068],[32.103865,26.047443],[32.104074,26.047156],[32.104476,26.04745],[32.10465,26.047311],[32.103696,26.046678],[32.103272,26.047095],[32.102739,26.046624],[32.103523,26.045865],[32.103418,26.045767],[32.103692,26.045474],[32.103156,26.044891],[32.102949,26.044889],[32.102847,26.045007],[32.103172,26.045288],[32.102816,26.045568],[32.103017,26.045755],[32.102697,26.046099],[32.102843,26.046203],[32.102412,26.046559],[32.102523,26.046724],[32.102063,26.047032],[32.101795,26.046776],[32.101681,26.046894],[32.101064,26.046303],[32.100296,26.046929],[32.101222,26.047785],[32.101474,26.047559],[32.101832,26.047959],[32.101172,26.04855],[32.101425,26.048754]]],[[[31.994211,26.132904],[31.993619,26.1325],[31.993496,26.132588],[31.993095,26.132313],[31.992991,26.132465],[31.993504,26.132733],[31.99339,26.132918],[31.993917,26.133256],[31.994211,26.132904]]],[[[31.98352,26.132253],[31.982991,26.13247],[31.982201,26.133071],[31.981832,26.134398],[31.98206,26.13446],[31.982113,26.134766],[31.981841,26.135355],[31.982127,26.135488],[31.981867,26.13605],[31.982144,26.136281],[31.982139,26.136444],[31.983505,26.137147],[31.984717,26.135636],[31.984945,26.134859],[31.985407,26.134336],[31.986008,26.134591],[31.986285,26.134345],[31.986095,26.134131],[31.986223,26.133849],[31.984761,26.132808],[31.984467,26.132948],[31.983949,26.132562],[31.983776,26.132793],[31.98352,26.132253]]],[[[31.992319,26.12846],[31.992019,26.128008],[31.991788,26.128162],[31.991869,26.129156],[31.991054,26.129638],[31.992062,26.130582],[31.992791,26.129552],[31.992459,26.129102],[31.992319,26.12846]]],[[[31.994645,26.129528],[31.994048,26.128856],[31.994295,26.128391],[31.99387,26.127979],[31.993657,26.128198],[31.993472,26.128019],[31.993012,26.128492],[31.993238,26.128828],[31.992952,26.129453],[31.993319,26.12975],[31.993691,26.12929],[31.994384,26.129851],[31.994645,26.129528]]],[[[31.990082,26.134897],[31.98991,26.135105],[31.989945,26.135126],[31.990082,26.134897]]],[[[31.98991,26.135105],[31.98965,26.134951],[31.989554,26.135113],[31.989793,26.135387],[31.98991,26.135105]]],[[[31.989643,26.135653],[31.989793,26.135387],[31.989554,26.135113],[31.98965,26.134951],[31.98991,26.135105],[31.990082,26.134897],[31.988991,26.134248],[31.988644,26.134625],[31.988737,26.134819],[31.989643,26.135653]]],[[[32.262972,26.001878],[32.262942,26.001664],[32.262481,26.001562],[32.262609,26.000983],[32.26038,26.000533],[32.260013,26.000229],[32.259512,26.000257],[32.258862,26.000113],[32.256792,25.999315],[32.256889,25.999073],[32.257381,25.998693],[32.257169,25.998594],[32.256584,25.998844],[32.256512,25.99917],[32.255652,25.999001],[32.255624,25.999095],[32.254107,25.998654],[32.250975,25.998362],[32.251119,25.996987],[32.251432,25.996914],[32.251429,25.996183],[32.250655,25.99605],[32.249875,25.99619],[32.249408,25.995846],[32.248968,25.995697],[32.246929,25.995094],[32.24596,25.994942],[32.245412,25.99523],[32.245236,25.995468],[32.245437,25.99631],[32.245279,25.996756],[32.242655,25.996932],[32.24053,25.996834],[32.23831,25.997052],[32.236459,25.996722],[32.231148,25.997173],[32.22919,25.99682],[32.227865,25.997047],[32.225573,25.996747],[32.223963,25.996713],[32.223711,25.996138],[32.2233,25.996225],[32.223213,25.996012],[32.222812,25.996056],[32.222841,25.996239],[32.222396,25.996225],[32.222507,25.996713],[32.220602,25.996897],[32.220765,25.997748],[32.219405,25.99774],[32.216243,25.998242],[32.21605,25.998367],[32.222451,25.997883],[32.227753,25.998316],[32.230672,25.998441],[32.232776,25.998012],[32.240107,25.997488],[32.245238,25.997805],[32.248079,25.998422],[32.253915,25.998806],[32.255399,25.999421],[32.254938,26.001246],[32.254811,26.003595],[32.254869,26.005481],[32.25635,26.005091],[32.257861,26.004863],[32.258364,26.004634],[32.258812,26.004094],[32.259102,26.002534],[32.259428,26.002188],[32.261482,26.002253],[32.262972,26.001878]]],[[[32.292561,26.006278],[32.288298,26.003581],[32.285737,26.00173],[32.284921,26.00102],[32.284525,25.999837],[32.284274,25.999801],[32.280366,26.000553],[32.27745,26.000819],[32.271841,26.000408],[32.270328,26.000161],[32.270207,26.001263],[32.270468,26.001789],[32.270498,26.002145],[32.27134,26.002312],[32.271418,26.002439],[32.272717,26.002597],[32.274177,26.002464],[32.273721,26.003772],[32.274043,26.003868],[32.274043,26.003774],[32.274278,26.003958],[32.277131,26.004898],[32.278591,26.005245],[32.278707,26.005142],[32.279124,26.005192],[32.279678,26.004609],[32.279225,26.003933],[32.279144,26.003491],[32.279581,26.003411],[32.280331,26.004171],[32.280412,26.004523],[32.280326,26.004811],[32.27977,26.00527],[32.280182,26.005508],[32.281779,26.005875],[32.281749,26.006004],[32.282192,26.006111],[32.283086,26.006075],[32.283278,26.005922],[32.283307,26.006149],[32.283576,26.006373],[32.284929,26.00655],[32.284911,26.00681],[32.285729,26.007037],[32.285733,26.006665],[32.286204,26.006352],[32.28667,26.006211],[32.286982,26.006379],[32.287598,26.006464],[32.287614,26.006349],[32.2883,26.006379],[32.288365,26.006108],[32.288656,26.006093],[32.288592,26.006559],[32.288341,26.006576],[32.288358,26.006818],[32.288951,26.00688],[32.289732,26.006851],[32.292561,26.006278]]],[[[32.285809,26.007058],[32.286941,26.007489],[32.289555,26.010317],[32.289464,26.010394],[32.289594,26.010542],[32.290546,26.010034],[32.291539,26.009862],[32.292257,26.009939],[32.295271,26.010827],[32.29766,26.011312],[32.297939,26.010648],[32.29781,26.010594],[32.297757,26.010229],[32.29759,26.010225],[32.297595,26.010015],[32.296965,26.009845],[32.296942,26.009932],[32.296341,26.009855],[32.296336,26.010559],[32.296147,26.010572],[32.296133,26.010356],[32.295992,26.010295],[32.296027,26.009909],[32.295809,26.009889],[32.295821,26.009759],[32.295595,26.00969],[32.295542,26.009865],[32.29533,26.0098],[32.295328,26.009932],[32.295147,26.009929],[32.29515,26.009745],[32.295005,26.009743],[32.294977,26.009597],[32.294637,26.009558],[32.29469,26.009097],[32.294389,26.008981],[32.294361,26.009173],[32.294226,26.009111],[32.294201,26.008768],[32.293473,26.008709],[32.293494,26.008468],[32.292671,26.008398],[32.292606,26.008872],[32.292367,26.008891],[32.2924,26.0086],[32.292125,26.008569],[32.292109,26.008713],[32.291649,26.008741],[32.29164,26.008592],[32.291146,26.008748],[32.291179,26.008612],[32.29099,26.00846],[32.289189,26.008073],[32.288087,26.007555],[32.287531,26.007469],[32.287265,26.007313],[32.287235,26.007469],[32.286944,26.007328],[32.286989,26.007147],[32.28601,26.006911],[32.285809,26.007058]]],[[[32.270498,26.002145],[32.270468,26.001789],[32.270207,26.001263],[32.270328,26.000161],[32.268903,25.999743],[32.268737,26.000015],[32.26893,26.000099],[32.268924,26.000355],[32.269205,26.00034],[32.269239,26.000883],[32.269507,26.000906],[32.269533,26.002411],[32.26932,26.00246],[32.269122,26.002194],[32.268877,26.002153],[32.268787,26.002203],[32.268955,26.002636],[32.268787,26.002701],[32.266943,26.002311],[32.266689,26.002141],[32.266832,26.00185],[32.26647,26.001803],[32.266394,26.002018],[32.265445,26.001757],[32.265334,26.001878],[32.263363,26.001196],[32.263217,26.001853],[32.265912,26.002213],[32.27156,26.003493],[32.272363,26.003808],[32.273299,26.004398],[32.273631,26.004345],[32.273685,26.004104],[32.273341,26.004027],[32.273379,26.003856],[32.272926,26.003616],[32.270529,26.003011],[32.270326,26.002837],[32.270385,26.002109],[32.270498,26.002145]]],[[[32.277131,26.004898],[32.275194,26.00426],[32.275009,26.004355],[32.274723,26.004306],[32.274628,26.004483],[32.27413,26.004641],[32.273978,26.004575],[32.273915,26.00469],[32.275489,26.005026],[32.277131,26.004898]]],[[[32.278591,26.005245],[32.280174,26.005625],[32.281749,26.006004],[32.281779,26.005875],[32.280182,26.005508],[32.27977,26.00527],[32.280326,26.004811],[32.280412,26.004523],[32.280331,26.004171],[32.279581,26.003411],[32.279144,26.003491],[32.279225,26.003933],[32.279678,26.004609],[32.279124,26.005192],[32.278707,26.005142],[32.278591,26.005245]]],[[[32.282192,26.006111],[32.283423,26.006448],[32.284911,26.00681],[32.284929,26.00655],[32.283576,26.006373],[32.283307,26.006149],[32.283278,26.005922],[32.283086,26.006075],[32.282192,26.006111]]],[[[32.310565,25.9842],[32.310605,25.984004],[32.31083,25.98405],[32.310931,25.983549],[32.312113,25.983788],[32.312077,25.983967],[32.312717,25.984096],[32.312997,25.982713],[32.312624,25.982664],[32.314603,25.973007],[32.315219,25.970513],[32.316593,25.970695],[32.316777,25.969311],[32.315907,25.969196],[32.316749,25.968464],[32.318238,25.968661],[32.319443,25.958564],[32.317301,25.95828],[32.313868,25.958436],[32.313277,25.962898],[32.311496,25.962661],[32.31094,25.96685],[32.308336,25.979765],[32.308069,25.981772],[32.307825,25.98178],[32.307566,25.982305],[32.308242,25.982535],[32.30812,25.983129],[32.308407,25.983147],[32.308362,25.983907],[32.308696,25.983973],[32.308854,25.983168],[32.30999,25.983391],[32.309976,25.984003],[32.310565,25.9842]]],[[[32.664161,26.165803],[32.662644,26.166555],[32.663043,26.167634],[32.664477,26.167005],[32.664161,26.165803]]],[[[32.644967,26.169758],[32.644961,26.170259],[32.645732,26.170473],[32.645765,26.170146],[32.645882,26.170178],[32.645976,26.169838],[32.64626,26.169916],[32.646101,26.170488],[32.64638,26.170566],[32.646619,26.169708],[32.646764,26.169749],[32.646684,26.170653],[32.646788,26.170662],[32.646801,26.170513],[32.64702,26.170533],[32.647055,26.170137],[32.647134,26.170623],[32.647245,26.170623],[32.64741,26.170197],[32.647434,26.170679],[32.648829,26.170782],[32.648779,26.17146],[32.648343,26.171428],[32.648366,26.171117],[32.64765,26.171064],[32.647632,26.171303],[32.646829,26.17118],[32.646856,26.171005],[32.646645,26.171034],[32.646529,26.171527],[32.645895,26.171291],[32.645936,26.171043],[32.645534,26.170977],[32.645485,26.171282],[32.645198,26.171235],[32.645313,26.170531],[32.645107,26.170559],[32.644965,26.170387],[32.644618,26.171549],[32.644463,26.171502],[32.64481,26.170341],[32.644615,26.170817],[32.644429,26.170713],[32.644374,26.1709],[32.644185,26.170807],[32.644418,26.170081],[32.643311,26.170673],[32.642621,26.17072],[32.641892,26.170536],[32.641687,26.170855],[32.641605,26.170821],[32.641706,26.170577],[32.638992,26.170151],[32.638826,26.170397],[32.638558,26.170252],[32.638688,26.170078],[32.63816,26.169998],[32.638044,26.170195],[32.637833,26.17015],[32.637076,26.171088],[32.634542,26.170327],[32.634796,26.169894],[32.634125,26.169632],[32.633856,26.170017],[32.633725,26.169977],[32.633846,26.169575],[32.633697,26.169483],[32.633461,26.169869],[32.63324,26.169734],[32.633455,26.169384],[32.633189,26.169276],[32.632931,26.169534],[32.632586,26.169379],[32.632657,26.169222],[32.632422,26.169116],[32.632904,26.168574],[32.633075,26.168645],[32.633555,26.168106],[32.632567,26.167565],[32.632641,26.167466],[32.632493,26.167325],[32.63324,26.166769],[32.633109,26.166594],[32.63207,26.167367],[32.631543,26.167047],[32.63058,26.167911],[32.630471,26.167789],[32.630309,26.168047],[32.629081,26.167384],[32.628995,26.167269],[32.629112,26.167167],[32.628649,26.166925],[32.627855,26.166227],[32.627714,26.166323],[32.627433,26.166101],[32.62763,26.165929],[32.627565,26.165878],[32.628331,26.165401],[32.628624,26.165582],[32.628865,26.165389],[32.629199,26.165805],[32.628916,26.166131],[32.62917,26.166352],[32.629433,26.166049],[32.629673,26.166133],[32.630724,26.165079],[32.629824,26.164571],[32.629315,26.164077],[32.628967,26.164374],[32.628845,26.164307],[32.628177,26.164867],[32.628047,26.164725],[32.628695,26.164216],[32.62847,26.163947],[32.62873,26.163746],[32.628214,26.163415],[32.627972,26.163584],[32.627881,26.163489],[32.628256,26.163149],[32.627755,26.162656],[32.627364,26.162916],[32.62721,26.162727],[32.627561,26.162506],[32.627395,26.162367],[32.626345,26.163114],[32.626274,26.162983],[32.627033,26.162467],[32.626897,26.162285],[32.627107,26.162079],[32.627036,26.161968],[32.626447,26.162391],[32.625899,26.161644],[32.625355,26.162029],[32.625211,26.161874],[32.624895,26.162079],[32.624623,26.16166],[32.624358,26.161822],[32.624212,26.161637],[32.625239,26.160839],[32.625168,26.160728],[32.624848,26.160905],[32.624707,26.160624],[32.624875,26.160519],[32.624828,26.160317],[32.625006,26.160191],[32.624899,26.159998],[32.624816,26.160061],[32.624464,26.159425],[32.6242,26.159575],[32.624013,26.159256],[32.62438,26.159048],[32.624193,26.158742],[32.623887,26.158907],[32.623821,26.158788],[32.623945,26.158705],[32.623831,26.158525],[32.623546,26.158654],[32.62346,26.158515],[32.623535,26.158469],[32.623371,26.158176],[32.623576,26.157992],[32.62349,26.157843],[32.623218,26.158],[32.622951,26.157456],[32.623139,26.157346],[32.62307,26.157145],[32.622946,26.157206],[32.62284,26.157067],[32.623083,26.15695],[32.622968,26.156779],[32.623164,26.156682],[32.623013,26.156206],[32.622675,26.156392],[32.622502,26.156016],[32.622178,26.156135],[32.622154,26.156028],[32.622474,26.155846],[32.622395,26.155463],[32.622095,26.155571],[32.621791,26.154792],[32.621506,26.154867],[32.621738,26.154717],[32.621538,26.154334],[32.62136,26.154397],[32.621277,26.154211],[32.621561,26.154119],[32.62143,26.153823],[32.621142,26.153899],[32.621094,26.153763],[32.621731,26.153518],[32.621615,26.15318],[32.621493,26.153228],[32.621416,26.153044],[32.621736,26.152863],[32.621538,26.152426],[32.621951,26.15221],[32.621965,26.152035],[32.621763,26.151672],[32.621589,26.151843],[32.621036,26.15196],[32.621075,26.15208],[32.620843,26.152055],[32.620614,26.151162],[32.620438,26.151169],[32.620345,26.150953],[32.620539,26.150779],[32.62042,26.150475],[32.620235,26.150582],[32.620045,26.150151],[32.619741,26.150084],[32.619705,26.149934],[32.619946,26.149854],[32.61995,26.149721],[32.620088,26.149681],[32.620025,26.149563],[32.620167,26.149481],[32.620085,26.149183],[32.618404,26.149483],[32.618111,26.150188],[32.618785,26.152616],[32.618717,26.159159],[32.619077,26.16219],[32.619336,26.162302],[32.619639,26.161596],[32.619411,26.161324],[32.619389,26.160672],[32.619463,26.159956],[32.619699,26.159771],[32.619642,26.15916],[32.619292,26.158363],[32.619294,26.157646],[32.619648,26.157541],[32.620375,26.159932],[32.619667,26.160541],[32.619665,26.161178],[32.621735,26.16463],[32.622964,26.166001],[32.623148,26.165863],[32.623502,26.166287],[32.623373,26.166407],[32.623456,26.166603],[32.623787,26.166435],[32.6239,26.166627],[32.623609,26.166751],[32.623772,26.166902],[32.623919,26.166805],[32.624273,26.167242],[32.624129,26.167467],[32.624533,26.167969],[32.625274,26.167483],[32.62586,26.167995],[32.626644,26.168335],[32.626772,26.168255],[32.626752,26.168447],[32.627023,26.168626],[32.627162,26.16851],[32.62573,26.167206],[32.625466,26.167371],[32.62521,26.167035],[32.62513,26.166627],[32.625316,26.166345],[32.629507,26.169745],[32.629288,26.170062],[32.628906,26.169962],[32.625678,26.168249],[32.625209,26.167823],[32.624737,26.168149],[32.624844,26.168587],[32.626364,26.17086],[32.626802,26.171181],[32.627165,26.171161],[32.627758,26.171504],[32.627965,26.171859],[32.628542,26.172049],[32.629012,26.17244],[32.629103,26.172725],[32.628664,26.172613],[32.627202,26.171704],[32.627164,26.171537],[32.626493,26.171285],[32.6259,26.17085],[32.623788,26.16864],[32.61963,26.162956],[32.619133,26.162659],[32.619264,26.163762],[32.620233,26.167901],[32.620893,26.169296],[32.621703,26.170609],[32.622654,26.171824],[32.623733,26.172927],[32.625956,26.174586],[32.629443,26.176395],[32.632029,26.177256],[32.63472,26.177691],[32.637446,26.177687],[32.640135,26.177245],[32.641444,26.176863],[32.654512,26.171956],[32.661752,26.16824],[32.658051,26.170139],[32.654662,26.170933],[32.653259,26.171062],[32.653234,26.170788],[32.652985,26.170864],[32.652951,26.17058],[32.652773,26.170601],[32.652673,26.170389],[32.651796,26.170657],[32.65132,26.170651],[32.651322,26.170478],[32.650934,26.170473],[32.650901,26.171034],[32.650659,26.171041],[32.650648,26.170639],[32.650433,26.17087],[32.65044,26.171133],[32.650093,26.171141],[32.650097,26.171284],[32.649637,26.171295],[32.649596,26.171093],[32.649485,26.171115],[32.649485,26.170843],[32.649717,26.170843],[32.649927,26.169919],[32.650143,26.169904],[32.650051,26.169344],[32.649893,26.169338],[32.649897,26.169236],[32.64963,26.169267],[32.649664,26.169178],[32.649933,26.169168],[32.649928,26.169027],[32.650604,26.169003],[32.650467,26.170484],[32.650974,26.170247],[32.651823,26.17018],[32.651843,26.17005],[32.651627,26.170018],[32.651659,26.16991],[32.651944,26.1699],[32.651939,26.169741],[32.652036,26.169736],[32.652016,26.169221],[32.651915,26.16921],[32.652002,26.168071],[32.651597,26.168086],[32.651659,26.167878],[32.651302,26.167907],[32.651293,26.167677],[32.651012,26.167603],[32.650901,26.167897],[32.650694,26.167825],[32.650752,26.167588],[32.650602,26.167574],[32.650597,26.167829],[32.65029,26.167841],[32.650145,26.16889],[32.64924,26.168837],[32.64887,26.168918],[32.648728,26.168464],[32.648889,26.167684],[32.647913,26.168091],[32.644967,26.169758]],[[32.620685,26.16236],[32.621051,26.16229],[32.622394,26.163148],[32.621669,26.163744],[32.620685,26.16236]]],[[[32.649917,26.166947],[32.649976,26.166404],[32.650234,26.1664],[32.650256,26.166137],[32.650394,26.166172],[32.650564,26.165974],[32.650517,26.166591],[32.650675,26.166572],[32.650667,26.166776],[32.654256,26.165183],[32.654016,26.163857],[32.654144,26.163806],[32.654198,26.16424],[32.654627,26.164187],[32.654831,26.164952],[32.655148,26.164821],[32.655089,26.16369],[32.655972,26.163581],[32.656105,26.164424],[32.656758,26.164409],[32.661225,26.164971],[32.662552,26.163992],[32.662301,26.163014],[32.662142,26.163034],[32.661941,26.162742],[32.661803,26.162822],[32.661961,26.163492],[32.661794,26.163513],[32.661545,26.162174],[32.661565,26.161574],[32.661723,26.161555],[32.661649,26.160957],[32.66141,26.160986],[32.661343,26.160845],[32.66149,26.160775],[32.661441,26.160671],[32.660803,26.160975],[32.660889,26.161237],[32.661249,26.161309],[32.661261,26.161999],[32.661049,26.162003],[32.66106,26.162666],[32.660759,26.162555],[32.660707,26.161424],[32.660364,26.161439],[32.660343,26.160972],[32.649491,26.165424],[32.649528,26.166612],[32.649686,26.16659],[32.649671,26.166849],[32.649768,26.166834],[32.649772,26.166972],[32.649917,26.166947]]],[[[32.654831,26.164952],[32.654627,26.164187],[32.654198,26.16424],[32.654144,26.163806],[32.654016,26.163857],[32.654256,26.165183],[32.654831,26.164952]]],[[[32.655766,26.164566],[32.649997,26.167052],[32.649929,26.167157],[32.6558,26.164694],[32.655766,26.164566]]],[[[32.643138,26.167978],[32.643788,26.167867],[32.653411,26.163777],[32.662639,26.160023],[32.662588,26.159829],[32.643934,26.167677],[32.643424,26.167795],[32.642379,26.167723],[32.633234,26.163753],[32.632373,26.163052],[32.620354,26.147856],[32.620045,26.147195],[32.619008,26.143206],[32.618177,26.140869],[32.616134,26.136773],[32.615777,26.136499],[32.613021,26.135252],[32.61065,26.13354],[32.607564,26.131751],[32.607508,26.131812],[32.607731,26.132013],[32.609165,26.132725],[32.610386,26.133491],[32.613661,26.135803],[32.61557,26.136588],[32.616029,26.13695],[32.61819,26.141283],[32.618912,26.143429],[32.619836,26.14707],[32.620192,26.147883],[32.632397,26.163324],[32.632694,26.163611],[32.633669,26.164158],[32.634937,26.164625],[32.642302,26.167891],[32.643138,26.167978]]],[[[32.630075,26.160369],[32.624803,26.153773],[32.624405,26.15403],[32.62371,26.152913],[32.622208,26.153716],[32.622255,26.153818],[32.622607,26.153657],[32.622768,26.15385],[32.623133,26.15368],[32.623525,26.15488],[32.623036,26.154854],[32.623319,26.155678],[32.623036,26.155919],[32.623252,26.156563],[32.623381,26.156519],[32.623476,26.156802],[32.623828,26.156684],[32.624275,26.157422],[32.623888,26.157707],[32.624176,26.158307],[32.624686,26.157979],[32.624773,26.158115],[32.624465,26.158422],[32.624527,26.158521],[32.624704,26.15841],[32.624959,26.158815],[32.625075,26.158742],[32.625559,26.159227],[32.625879,26.159058],[32.626012,26.159308],[32.625547,26.159658],[32.6258,26.159994],[32.626364,26.159725],[32.626393,26.160039],[32.626254,26.160155],[32.626395,26.160324],[32.626156,26.160524],[32.626612,26.161071],[32.627537,26.160495],[32.627735,26.160736],[32.626953,26.161293],[32.627166,26.16151],[32.627396,26.161285],[32.627517,26.161408],[32.627285,26.161763],[32.627628,26.16153],[32.627885,26.16181],[32.627714,26.161967],[32.627913,26.162122],[32.627668,26.162344],[32.627802,26.162423],[32.627968,26.162284],[32.628264,26.16264],[32.628082,26.162849],[32.628471,26.163186],[32.628799,26.162808],[32.629167,26.16298],[32.629748,26.162619],[32.629525,26.162418],[32.629731,26.162189],[32.629655,26.16212],[32.630673,26.161431],[32.630445,26.161094],[32.630104,26.161324],[32.629749,26.161048],[32.630041,26.160794],[32.629846,26.16057],[32.630075,26.160369]]],[[[32.617017,26.146054],[32.617814,26.145784],[32.618805,26.145864],[32.61935,26.145701],[32.619448,26.146029],[32.619365,26.146077],[32.618998,26.14612],[32.617959,26.145901],[32.617097,26.146356],[32.617905,26.149428],[32.619467,26.149163],[32.619564,26.148737],[32.61918,26.14743],[32.619224,26.147333],[32.619864,26.147158],[32.618912,26.143429],[32.617988,26.140787],[32.616078,26.137015],[32.61557,26.136588],[32.613661,26.135803],[32.610386,26.133491],[32.607508,26.131812],[32.60732,26.132064],[32.609529,26.133535],[32.611125,26.135118],[32.614381,26.140572],[32.616798,26.145223],[32.617017,26.146054]]],[[[32.558681,26.116381],[32.559171,26.115344],[32.55886,26.114635],[32.55833,26.114513],[32.55745,26.114804],[32.557376,26.115174],[32.557657,26.115373],[32.558446,26.115618],[32.558395,26.116094],[32.558505,26.116047],[32.558681,26.116381]]],[[[32.559132,26.116956],[32.56273,26.116843],[32.563322,26.116493],[32.564141,26.11626],[32.564058,26.116021],[32.563612,26.115748],[32.561117,26.116512],[32.560527,26.116499],[32.559502,26.116757],[32.559132,26.116956]]],[[[32.622394,26.163148],[32.621051,26.16229],[32.620685,26.16236],[32.621669,26.163744],[32.622394,26.163148]]],[[[32.627023,26.168626],[32.626752,26.168447],[32.626772,26.168255],[32.626644,26.168335],[32.62586,26.167995],[32.625274,26.167483],[32.624533,26.167969],[32.624129,26.167467],[32.624273,26.167242],[32.623919,26.166805],[32.623772,26.166902],[32.623609,26.166751],[32.6239,26.166627],[32.623787,26.166435],[32.623456,26.166603],[32.623373,26.166407],[32.623502,26.166287],[32.623148,26.165863],[32.622964,26.166001],[32.621735,26.16463],[32.619665,26.161178],[32.619667,26.160541],[32.620375,26.159932],[32.619648,26.157541],[32.619294,26.157646],[32.619292,26.158363],[32.619642,26.15916],[32.619699,26.159771],[32.619463,26.159956],[32.619389,26.160672],[32.619411,26.161324],[32.619639,26.161596],[32.619336,26.162302],[32.619077,26.16219],[32.618717,26.159159],[32.618785,26.152616],[32.618111,26.150188],[32.618404,26.149483],[32.620856,26.149097],[32.620919,26.14897],[32.617905,26.149428],[32.616798,26.145223],[32.614381,26.140572],[32.611125,26.135118],[32.609529,26.133535],[32.607442,26.132137],[32.60316,26.129584],[32.600922,26.128505],[32.595432,26.126519],[32.592675,26.125906],[32.585045,26.122253],[32.581354,26.120738],[32.579345,26.120161],[32.576552,26.11915],[32.57536,26.118571],[32.571538,26.117343],[32.567043,26.116548],[32.565463,26.116526],[32.564578,26.116643],[32.562656,26.117146],[32.559909,26.117104],[32.559114,26.116966],[32.556938,26.116296],[32.553556,26.11491],[32.550795,26.113491],[32.5495,26.112672],[32.548147,26.11209],[32.54847,26.111928],[32.549107,26.112076],[32.549952,26.112503],[32.550499,26.112216],[32.552866,26.113328],[32.554201,26.113468],[32.556027,26.11332],[32.55449,26.11272],[32.553114,26.11253],[32.552528,26.112117],[32.550425,26.111927],[32.550259,26.111546],[32.549374,26.111466],[32.549403,26.1112],[32.545367,26.110836],[32.538092,26.109275],[32.530569,26.108686],[32.526293,26.108053],[32.521439,26.108081],[32.52074,26.108245],[32.519097,26.10835],[32.512594,26.109944],[32.512031,26.109898],[32.511502,26.110139],[32.509736,26.110388],[32.50664,26.111144],[32.503644,26.111343],[32.503643,26.111514],[32.500262,26.112082],[32.500312,26.111799],[32.502545,26.111416],[32.501876,26.111461],[32.501704,26.11117],[32.501778,26.111064],[32.501587,26.111037],[32.501191,26.11124],[32.501323,26.111449],[32.499944,26.111644],[32.500104,26.111252],[32.499867,26.111071],[32.499388,26.111215],[32.495004,26.111452],[32.494527,26.111643],[32.493233,26.111757],[32.492623,26.111662],[32.488608,26.112066],[32.48728,26.112386],[32.486038,26.112285],[32.485621,26.112388],[32.484617,26.112371],[32.484465,26.112475],[32.483887,26.112424],[32.483293,26.112603],[32.483316,26.112484],[32.483085,26.112491],[32.483039,26.112393],[32.482099,26.112327],[32.481852,26.112451],[32.481234,26.112169],[32.481064,26.112342],[32.481112,26.112538],[32.481736,26.112899],[32.483871,26.113],[32.483831,26.113211],[32.484638,26.112997],[32.486023,26.113034],[32.488,26.112693],[32.489506,26.112568],[32.489711,26.112634],[32.490825,26.112306],[32.49203,26.112141],[32.493375,26.112323],[32.491874,26.113313],[32.488087,26.114353],[32.486843,26.114824],[32.486567,26.114709],[32.486397,26.114848],[32.485934,26.114922],[32.485457,26.115181],[32.485213,26.115571],[32.481452,26.116707],[32.479268,26.116988],[32.476087,26.117147],[32.473001,26.117067],[32.469693,26.116036],[32.466444,26.114682],[32.462703,26.113683],[32.458754,26.112988],[32.452133,26.112139],[32.45808,26.116327],[32.461715,26.116702],[32.463155,26.116999],[32.464474,26.117463],[32.466045,26.118372],[32.468496,26.119375],[32.470679,26.120001],[32.472588,26.120306],[32.476345,26.1204],[32.480334,26.120157],[32.480595,26.120263],[32.484356,26.119607],[32.4892,26.118555],[32.489957,26.118531],[32.490093,26.118307],[32.491168,26.118258],[32.491801,26.118018],[32.493219,26.118036],[32.49319,26.117577],[32.493433,26.11777],[32.493427,26.117956],[32.495285,26.117612],[32.496713,26.11756],[32.498985,26.11813],[32.499813,26.118231],[32.50399,26.117941],[32.509686,26.118181],[32.512266,26.118053],[32.514927,26.117755],[32.520786,26.116568],[32.523505,26.116131],[32.523765,26.11603],[32.523191,26.11605],[32.523192,26.115921],[32.523844,26.115819],[32.530861,26.115366],[32.537028,26.115572],[32.548213,26.116628],[32.556482,26.118566],[32.557048,26.118584],[32.559628,26.119241],[32.568396,26.12099],[32.575512,26.123183],[32.580476,26.124971],[32.58079,26.124993],[32.582575,26.125865],[32.583793,26.126676],[32.584587,26.127511],[32.584969,26.127742],[32.585084,26.128301],[32.585955,26.129927],[32.587669,26.132503],[32.588389,26.133382],[32.588602,26.133933],[32.590439,26.135539],[32.590403,26.134868],[32.591009,26.135008],[32.593062,26.136416],[32.593425,26.136331],[32.593923,26.136553],[32.594571,26.137202],[32.594909,26.137299],[32.594816,26.137619],[32.595619,26.138028],[32.596081,26.138063],[32.596667,26.138312],[32.596969,26.138658],[32.59707,26.138483],[32.597343,26.138756],[32.597742,26.13888],[32.597778,26.139129],[32.59832,26.139431],[32.598684,26.139458],[32.601419,26.140358],[32.601553,26.140133],[32.602609,26.140481],[32.602979,26.140977],[32.605541,26.142327],[32.605834,26.142176],[32.60637,26.142485],[32.606452,26.142152],[32.60698,26.142176],[32.606996,26.141843],[32.607131,26.141705],[32.606931,26.141096],[32.607023,26.141086],[32.607483,26.142067],[32.607518,26.142317],[32.607366,26.142373],[32.607721,26.143019],[32.607863,26.143204],[32.608273,26.143342],[32.609762,26.145466],[32.610696,26.146459],[32.610735,26.146691],[32.612061,26.148495],[32.612367,26.149084],[32.612318,26.150337],[32.612663,26.15124],[32.612594,26.151503],[32.61298,26.152113],[32.613319,26.153522],[32.613728,26.155776],[32.61362,26.155719],[32.613662,26.156735],[32.613868,26.156715],[32.614032,26.157417],[32.613979,26.157696],[32.613848,26.157546],[32.613861,26.15781],[32.614399,26.16011],[32.614704,26.160356],[32.61457,26.160616],[32.614722,26.161277],[32.61451,26.161441],[32.614817,26.161911],[32.614698,26.162241],[32.614839,26.162304],[32.614974,26.162658],[32.614905,26.162985],[32.615485,26.163979],[32.615369,26.164047],[32.615609,26.164251],[32.615564,26.164351],[32.616168,26.165336],[32.616042,26.165712],[32.616302,26.165971],[32.616603,26.165972],[32.616693,26.166231],[32.616783,26.166176],[32.61665,26.165505],[32.616771,26.165474],[32.617114,26.166422],[32.616973,26.166735],[32.61677,26.166572],[32.616676,26.166628],[32.617098,26.166934],[32.616815,26.167209],[32.616861,26.167443],[32.617252,26.168053],[32.6179,26.169788],[32.619645,26.172426],[32.619915,26.172538],[32.620183,26.173114],[32.621075,26.174134],[32.621895,26.174668],[32.621967,26.17511],[32.623092,26.176187],[32.626192,26.177844],[32.628865,26.178821],[32.629666,26.178915],[32.630252,26.17949],[32.630754,26.179789],[32.632228,26.18043],[32.633772,26.180895],[32.637304,26.181272],[32.64082,26.181373],[32.642453,26.181299],[32.644652,26.180837],[32.64763,26.179746],[32.649423,26.178695],[32.649651,26.178767],[32.650203,26.178588],[32.650578,26.17828],[32.650329,26.178243],[32.652975,26.177799],[32.65405,26.177214],[32.655557,26.176637],[32.663504,26.172441],[32.664584,26.172012],[32.664942,26.172175],[32.665796,26.172024],[32.664477,26.167005],[32.661752,26.16824],[32.654512,26.171956],[32.641444,26.176863],[32.63947,26.177396],[32.637105,26.177712],[32.63472,26.177691],[32.632695,26.177406],[32.629759,26.176525],[32.626492,26.174893],[32.62468,26.173719],[32.62286,26.172054],[32.621362,26.170094],[32.620233,26.167901],[32.619264,26.163762],[32.619133,26.162659],[32.61963,26.162956],[32.623788,26.16864],[32.6259,26.17085],[32.626493,26.171285],[32.627164,26.171537],[32.627202,26.171704],[32.628664,26.172613],[32.629103,26.172725],[32.629012,26.17244],[32.628542,26.172049],[32.627965,26.171859],[32.627758,26.171504],[32.627165,26.171161],[32.626802,26.171181],[32.626364,26.17086],[32.624844,26.168587],[32.624737,26.168149],[32.625209,26.167823],[32.625678,26.168249],[32.628906,26.169962],[32.629288,26.170062],[32.629507,26.169745],[32.625316,26.166345],[32.62513,26.166627],[32.62521,26.167035],[32.625466,26.167371],[32.62573,26.167206],[32.627162,26.16851],[32.627023,26.168626]],[[32.641477,26.177748],[32.64541,26.176682],[32.646262,26.176759],[32.64593,26.17734],[32.644786,26.178039],[32.640686,26.178563],[32.64025,26.178401],[32.641477,26.177748]],[[32.611786,26.142634],[32.608745,26.136459],[32.608591,26.136146],[32.609589,26.136582],[32.611727,26.13848],[32.613156,26.140082],[32.614919,26.142523],[32.616527,26.145112],[32.616691,26.145876],[32.616487,26.147313],[32.616324,26.147322],[32.613778,26.145053],[32.611786,26.142634]],[[32.609663,26.136191],[32.608123,26.135611],[32.603131,26.129975],[32.604153,26.130478],[32.609321,26.13407],[32.610776,26.135265],[32.611927,26.137297],[32.611994,26.137959],[32.611741,26.13798],[32.609663,26.136191]],[[32.603068,26.135262],[32.604874,26.137322],[32.605637,26.138653],[32.606639,26.140687],[32.606602,26.141017],[32.606824,26.141108],[32.606847,26.141918],[32.606638,26.141994],[32.605891,26.141859],[32.605914,26.141732],[32.60496,26.141559],[32.60521,26.140937],[32.604733,26.140746],[32.604733,26.140479],[32.604399,26.140977],[32.603696,26.140676],[32.603729,26.140444],[32.603344,26.140389],[32.603143,26.140719],[32.602769,26.140491],[32.602899,26.140193],[32.602736,26.140122],[32.602646,26.140328],[32.601746,26.139934],[32.599936,26.139591],[32.59887,26.139174],[32.59919,26.138765],[32.598186,26.138241],[32.597671,26.138117],[32.597502,26.138321],[32.597071,26.138184],[32.597183,26.13809],[32.596987,26.137859],[32.595766,26.137147],[32.594873,26.136882],[32.594844,26.136699],[32.594305,26.13634],[32.593914,26.136313],[32.591631,26.134581],[32.590974,26.13449],[32.590003,26.133725],[32.588757,26.132266],[32.589042,26.132023],[32.588142,26.13097],[32.587858,26.131213],[32.587567,26.130873],[32.587852,26.13063],[32.586391,26.12892],[32.585013,26.126121],[32.586423,26.126407],[32.588456,26.127042],[32.594472,26.129863],[32.601137,26.133588],[32.603068,26.135262]],[[32.511927,26.115087],[32.498595,26.1157],[32.509316,26.112642],[32.516355,26.111067],[32.519826,26.11076],[32.530117,26.110874],[32.533585,26.111376],[32.533507,26.111816],[32.522608,26.113397],[32.518576,26.114366],[32.511927,26.115087]],[[32.49913,26.112172],[32.495633,26.113102],[32.495522,26.113019],[32.49393,26.113455],[32.493683,26.113009],[32.494707,26.112637],[32.49502,26.112629],[32.495144,26.112487],[32.495332,26.11279],[32.495466,26.112448],[32.496983,26.112163],[32.497103,26.111998],[32.49668,26.111934],[32.496836,26.111678],[32.49724,26.111708],[32.497374,26.111575],[32.497623,26.111578],[32.497691,26.111856],[32.498029,26.11149],[32.498352,26.11156],[32.498662,26.111422],[32.498902,26.11156],[32.49892,26.111896],[32.499137,26.111971],[32.49913,26.112172]],[[32.499371,26.111506],[32.499825,26.111464],[32.499912,26.111599],[32.499483,26.111708],[32.499959,26.11194],[32.499304,26.112076],[32.499256,26.111849],[32.499436,26.1118],[32.499236,26.111669],[32.49941,26.111623],[32.499371,26.111506]],[[32.493763,26.113414],[32.492354,26.113812],[32.488974,26.114451],[32.489055,26.114284],[32.489991,26.114031],[32.490569,26.113736],[32.491938,26.113537],[32.492024,26.113367],[32.492788,26.11336],[32.493471,26.113071],[32.493671,26.113161],[32.493763,26.113414]],[[32.62718,26.168495],[32.62723,26.168573],[32.627162,26.16851],[32.62718,26.168495]]],[[[32.62025,26.149059],[32.620154,26.148646],[32.620006,26.148662],[32.619949,26.148158],[32.620276,26.14799],[32.619864,26.147158],[32.619224,26.147333],[32.619564,26.148737],[32.619467,26.149163],[32.62025,26.149059]],[[32.619952,26.147595],[32.619959,26.147593],[32.619959,26.147594],[32.619952,26.147595]]],[[[32.620276,26.14799],[32.619949,26.148158],[32.620006,26.148662],[32.620154,26.148646],[32.62025,26.149059],[32.620919,26.14897],[32.620856,26.149097],[32.620262,26.149163],[32.620401,26.149401],[32.620242,26.149493],[32.620345,26.149827],[32.620527,26.149771],[32.620657,26.150025],[32.620441,26.150136],[32.620598,26.150601],[32.620767,26.150544],[32.620818,26.150698],[32.621337,26.150447],[32.621466,26.150714],[32.621185,26.150747],[32.62113,26.151017],[32.622232,26.150481],[32.620276,26.14799]]],[[[32.619959,26.147594],[32.619959,26.147593],[32.619952,26.147595],[32.619959,26.147594]]],[[[32.639099,26.169371],[32.638865,26.169202],[32.639232,26.168692],[32.639417,26.168852],[32.63946,26.168781],[32.639619,26.168878],[32.639674,26.168787],[32.639887,26.168917],[32.640036,26.168673],[32.6402,26.16881],[32.640542,26.168403],[32.640739,26.168606],[32.640817,26.168438],[32.641082,26.168562],[32.640928,26.168894],[32.641008,26.168944],[32.641215,26.168613],[32.641537,26.168814],[32.641365,26.169209],[32.641747,26.16926],[32.641969,26.168768],[32.642247,26.168864],[32.642213,26.168962],[32.6424,26.169027],[32.642352,26.169165],[32.642474,26.169207],[32.642594,26.168861],[32.642805,26.168934],[32.643138,26.167978],[32.642302,26.167891],[32.634937,26.164625],[32.633669,26.164158],[32.632694,26.163611],[32.632042,26.162909],[32.63106,26.163548],[32.630025,26.162629],[32.629824,26.162826],[32.629991,26.162995],[32.629695,26.163285],[32.629793,26.163485],[32.629212,26.163872],[32.629672,26.163997],[32.629889,26.163862],[32.630243,26.164431],[32.631525,26.163633],[32.631599,26.163751],[32.631412,26.163867],[32.63148,26.163975],[32.630523,26.16457],[32.630584,26.164669],[32.630445,26.164756],[32.630756,26.165033],[32.631309,26.164694],[32.631523,26.164907],[32.631266,26.165089],[32.632004,26.165563],[32.632186,26.165448],[32.632423,26.165681],[32.632273,26.165772],[32.632351,26.165901],[32.632589,26.165757],[32.632682,26.165912],[32.633176,26.165613],[32.633525,26.16595],[32.634019,26.165618],[32.63424,26.165961],[32.633932,26.166115],[32.63377,26.166021],[32.633521,26.166202],[32.634437,26.166909],[32.634974,26.16651],[32.635066,26.166634],[32.634653,26.167207],[32.634307,26.167103],[32.633418,26.167881],[32.635613,26.168948],[32.635847,26.168805],[32.636085,26.16884],[32.636438,26.16845],[32.636544,26.168519],[32.636416,26.168716],[32.636544,26.169012],[32.636267,26.169288],[32.63675,26.169551],[32.637118,26.168922],[32.637548,26.169045],[32.63747,26.169192],[32.637735,26.169333],[32.638082,26.168682],[32.638747,26.168939],[32.638451,26.16935],[32.638228,26.169324],[32.638035,26.169719],[32.638126,26.169901],[32.638812,26.17002],[32.638991,26.169805],[32.63883,26.169744],[32.639099,26.169371]],[[32.637633,26.168456],[32.637282,26.168895],[32.636986,26.168675],[32.63734,26.168168],[32.637633,26.168456]]],[[[32.641872,26.170594],[32.641706,26.170577],[32.641605,26.170821],[32.641687,26.170855],[32.641872,26.170594]]],[[[32.632955,26.16783],[32.633099,26.1679],[32.633077,26.167888],[32.632955,26.16783]]],[[[32.634222,26.168407],[32.633709,26.168175],[32.633218,26.168626],[32.633673,26.16896],[32.634222,26.168407]]],[[[32.638992,26.170151],[32.638688,26.170078],[32.638558,26.170252],[32.638826,26.170397],[32.638992,26.170151]]],[[[32.645417,26.167167],[32.645518,26.167254],[32.645222,26.167357],[32.645055,26.167801],[32.644901,26.167798],[32.644897,26.16803],[32.644708,26.168026],[32.644498,26.168677],[32.643371,26.168313],[32.642986,26.169168],[32.643321,26.169364],[32.643234,26.169513],[32.643633,26.169745],[32.643555,26.169989],[32.644109,26.170165],[32.64775,26.168022],[32.647436,26.167614],[32.647161,26.167636],[32.647171,26.167366],[32.645576,26.167096],[32.645417,26.167167]]],[[[32.643278,26.167967],[32.643138,26.167978],[32.643198,26.167974],[32.643278,26.167967]]],[[[32.475247,26.094159],[32.474891,26.09391],[32.474787,26.094382],[32.473758,26.094156],[32.47335,26.093885],[32.472935,26.094389],[32.473113,26.094527],[32.473046,26.09469],[32.473547,26.094976],[32.473423,26.095299],[32.473193,26.095188],[32.473081,26.095357],[32.473307,26.095546],[32.473225,26.095928],[32.474126,26.096337],[32.473921,26.096947],[32.474174,26.097032],[32.474255,26.096793],[32.474781,26.096917],[32.475062,26.095978],[32.474795,26.095756],[32.474878,26.095584],[32.474994,26.09564],[32.475247,26.095118],[32.475353,26.095121],[32.475367,26.094717],[32.475037,26.094531],[32.475247,26.094159]]],[[[32.544924,26.109545],[32.545348,26.107927],[32.543407,26.107743],[32.543502,26.109305],[32.544924,26.109545]]],[[[32.621895,26.174668],[32.621075,26.174134],[32.620183,26.173114],[32.619915,26.172538],[32.619645,26.172426],[32.618095,26.170153],[32.617571,26.169068],[32.617252,26.168053],[32.616861,26.167443],[32.616815,26.167209],[32.617098,26.166934],[32.616676,26.166628],[32.61677,26.166572],[32.616973,26.166735],[32.617114,26.166422],[32.616771,26.165474],[32.61665,26.165505],[32.616783,26.166176],[32.616693,26.166231],[32.616603,26.165972],[32.616302,26.165971],[32.616042,26.165712],[32.616168,26.165336],[32.615564,26.164351],[32.615609,26.164251],[32.615369,26.164047],[32.615485,26.163979],[32.614905,26.162985],[32.614974,26.162658],[32.614839,26.162304],[32.614698,26.162241],[32.614817,26.161911],[32.61451,26.161441],[32.614722,26.161277],[32.61457,26.160616],[32.614704,26.160356],[32.614399,26.16011],[32.613861,26.15781],[32.613848,26.157546],[32.613979,26.157696],[32.614032,26.157417],[32.613868,26.156715],[32.613662,26.156735],[32.61362,26.155719],[32.613728,26.155776],[32.613319,26.153522],[32.61298,26.152113],[32.612594,26.151503],[32.612663,26.15124],[32.612488,26.150574],[32.612346,26.150497],[32.612367,26.149084],[32.611876,26.14825],[32.611578,26.148601],[32.611317,26.148448],[32.611097,26.148936],[32.610945,26.148868],[32.611127,26.148462],[32.611011,26.148206],[32.61077,26.148809],[32.610643,26.148785],[32.610543,26.149008],[32.610195,26.148758],[32.609958,26.149286],[32.609752,26.149247],[32.609719,26.149422],[32.609061,26.149346],[32.609146,26.148921],[32.609248,26.148999],[32.609333,26.148818],[32.609106,26.148773],[32.609408,26.148035],[32.609518,26.148087],[32.609583,26.14795],[32.609149,26.147909],[32.609062,26.148093],[32.608864,26.148061],[32.608859,26.149036],[32.608814,26.149314],[32.608692,26.149293],[32.608718,26.148214],[32.608314,26.147384],[32.607736,26.14683],[32.605106,26.145429],[32.604479,26.144926],[32.604304,26.145447],[32.604159,26.145445],[32.604008,26.14605],[32.603868,26.146007],[32.604026,26.145438],[32.603755,26.14541],[32.603821,26.144727],[32.603263,26.144596],[32.60325,26.144854],[32.603072,26.14488],[32.603065,26.145003],[32.602759,26.14501],[32.602784,26.144654],[32.602277,26.144693],[32.602281,26.144495],[32.602029,26.144495],[32.602094,26.145049],[32.602215,26.145089],[32.602219,26.145254],[32.602387,26.145271],[32.602417,26.145085],[32.602571,26.145021],[32.602507,26.145902],[32.602004,26.145837],[32.60187,26.145463],[32.601585,26.145494],[32.601513,26.145782],[32.601408,26.145785],[32.601439,26.145434],[32.601111,26.145441],[32.601122,26.145814],[32.601217,26.145817],[32.60114,26.146726],[32.601266,26.146762],[32.601324,26.146521],[32.601816,26.146532],[32.60195,26.146542],[32.601896,26.146748],[32.602011,26.146776],[32.60232,26.146276],[32.602597,26.146485],[32.6025,26.146823],[32.602738,26.146881],[32.60291,26.146247],[32.603187,26.146388],[32.603115,26.146607],[32.603439,26.146672],[32.603284,26.147427],[32.603202,26.14741],[32.603328,26.147075],[32.603137,26.147017],[32.602209,26.146945],[32.601975,26.147521],[32.601872,26.147489],[32.601967,26.147165],[32.601842,26.147118],[32.601946,26.146902],[32.601495,26.146953],[32.601417,26.147179],[32.601334,26.147132],[32.601434,26.146938],[32.601208,26.146881],[32.601118,26.147168],[32.600942,26.147118],[32.600942,26.146891],[32.600438,26.14692],[32.600151,26.147888],[32.600021,26.147852],[32.600136,26.147402],[32.599953,26.147366],[32.600007,26.147147],[32.599899,26.147132],[32.599985,26.146891],[32.59978,26.146863],[32.599701,26.147122],[32.599415,26.147079],[32.599287,26.147579],[32.599003,26.147528],[32.598938,26.147733],[32.598794,26.147589],[32.598435,26.147561],[32.598435,26.14742],[32.598276,26.147394],[32.598204,26.14764],[32.59809,26.147642],[32.598237,26.147165],[32.598125,26.147154],[32.597981,26.147514],[32.597827,26.14745],[32.597406,26.149176],[32.597247,26.148971],[32.597513,26.148104],[32.597344,26.148079],[32.59719,26.148708],[32.596952,26.148277],[32.596675,26.148259],[32.596819,26.147705],[32.596686,26.14769],[32.596592,26.148237],[32.596488,26.148219],[32.596592,26.14728],[32.596441,26.147397],[32.596481,26.146848],[32.596327,26.146817],[32.596275,26.147131],[32.596135,26.147124],[32.596068,26.147324],[32.59579,26.147278],[32.59569,26.147488],[32.595644,26.146995],[32.595386,26.146891],[32.595428,26.146728],[32.595234,26.146722],[32.595133,26.14708],[32.594949,26.14702],[32.594804,26.147683],[32.59461,26.147653],[32.594786,26.14699],[32.594461,26.146953],[32.5945,26.146792],[32.594371,26.146833],[32.593959,26.1481],[32.593843,26.148058],[32.593603,26.148647],[32.593516,26.148608],[32.593887,26.147615],[32.593214,26.1476],[32.59302,26.148283],[32.59252,26.14811],[32.592307,26.147805],[32.592207,26.148051],[32.592073,26.147978],[32.592145,26.148205],[32.592032,26.148503],[32.591709,26.148459],[32.591832,26.148154],[32.5913,26.148273],[32.591059,26.148161],[32.590688,26.147772],[32.590817,26.147732],[32.590652,26.147579],[32.590339,26.147737],[32.590435,26.147796],[32.590149,26.147996],[32.589947,26.147758],[32.590239,26.147629],[32.590206,26.147338],[32.590022,26.147318],[32.590347,26.146625],[32.590642,26.146697],[32.590767,26.146158],[32.590599,26.146145],[32.590869,26.145478],[32.591092,26.145512],[32.591011,26.145731],[32.591638,26.145834],[32.591858,26.145606],[32.592,26.145669],[32.592235,26.145549],[32.592948,26.145004],[32.59285,26.144926],[32.59324,26.144609],[32.592989,26.144464],[32.592889,26.14457],[32.592706,26.144529],[32.592809,26.144369],[32.592146,26.144108],[32.59234,26.143715],[32.592207,26.143673],[32.592212,26.143518],[32.592576,26.143505],[32.592587,26.143689],[32.592956,26.143841],[32.593067,26.143305],[32.59406,26.143002],[32.593955,26.142739],[32.594101,26.142681],[32.593607,26.141865],[32.593722,26.141819],[32.594256,26.142488],[32.594454,26.142409],[32.594096,26.141944],[32.594295,26.141864],[32.594839,26.142692],[32.595029,26.142616],[32.595136,26.142885],[32.595276,26.142829],[32.595145,26.142501],[32.595438,26.142459],[32.595489,26.142815],[32.596018,26.14274],[32.59605,26.142446],[32.59556,26.141473],[32.594629,26.1409],[32.590778,26.139172],[32.590558,26.139998],[32.590463,26.13976],[32.590567,26.139273],[32.590258,26.13917],[32.59001,26.139913],[32.589867,26.139865],[32.589987,26.139505],[32.589784,26.139437],[32.589967,26.13889],[32.589781,26.138828],[32.589726,26.138993],[32.588982,26.138656],[32.588862,26.138875],[32.588748,26.138812],[32.587983,26.140207],[32.587025,26.139591],[32.588115,26.137959],[32.588002,26.137894],[32.587908,26.138066],[32.587624,26.137903],[32.587208,26.138466],[32.587129,26.138438],[32.587266,26.138178],[32.587173,26.138115],[32.586718,26.138788],[32.586525,26.138671],[32.586756,26.138329],[32.58664,26.138258],[32.586887,26.137892],[32.58678,26.137827],[32.586255,26.138604],[32.586167,26.13855],[32.586873,26.137394],[32.586777,26.137336],[32.586531,26.137701],[32.586324,26.137574],[32.586317,26.137348],[32.586073,26.137199],[32.585061,26.138429],[32.584289,26.137949],[32.584693,26.13748],[32.584381,26.137402],[32.584418,26.137332],[32.584079,26.137145],[32.584263,26.136929],[32.584181,26.13682],[32.584502,26.136496],[32.584324,26.13632],[32.584232,26.136573],[32.583976,26.136513],[32.584472,26.135947],[32.584102,26.135889],[32.583894,26.136052],[32.583717,26.13591],[32.58347,26.136218],[32.583201,26.136],[32.583649,26.135585],[32.583452,26.135472],[32.583005,26.135992],[32.58287,26.135854],[32.583081,26.135628],[32.582979,26.135548],[32.583114,26.135403],[32.583005,26.135305],[32.583536,26.134701],[32.583356,26.134582],[32.582362,26.135497],[32.582294,26.135418],[32.583289,26.134482],[32.582818,26.134063],[32.582024,26.132927],[32.580848,26.130749],[32.579748,26.13005],[32.579104,26.130289],[32.578997,26.130178],[32.578444,26.130178],[32.578444,26.129992],[32.577935,26.129874],[32.577749,26.130304],[32.577156,26.13017],[32.577295,26.129558],[32.577678,26.129645],[32.57805,26.128779],[32.574846,26.125529],[32.574282,26.126066],[32.574435,26.126165],[32.574325,26.126405],[32.57461,26.126469],[32.574515,26.126771],[32.57356,26.126587],[32.573621,26.126309],[32.572984,26.126214],[32.572832,26.126851],[32.57194,26.126744],[32.572052,26.126463],[32.572618,26.126185],[32.572433,26.126204],[32.572379,26.126038],[32.572159,26.126078],[32.572123,26.125999],[32.57162,26.126359],[32.571674,26.126481],[32.57118,26.126643],[32.571285,26.126844],[32.570548,26.127272],[32.570397,26.127128],[32.570153,26.127223],[32.57026,26.127428],[32.570172,26.127496],[32.57008,26.127283],[32.569465,26.127819],[32.569346,26.127683],[32.569087,26.127862],[32.569011,26.127794],[32.569284,26.12708],[32.569296,26.127596],[32.569815,26.12731],[32.570048,26.125862],[32.570486,26.125938],[32.57022,26.127067],[32.570521,26.126888],[32.570541,26.126657],[32.57065,26.126665],[32.570636,26.12682],[32.571,26.126608],[32.571054,26.125993],[32.571434,26.126027],[32.571462,26.125708],[32.571342,26.125729],[32.571312,26.125557],[32.564748,26.123872],[32.564694,26.124052],[32.564439,26.123988],[32.564428,26.124096],[32.564222,26.124024],[32.564284,26.123725],[32.563956,26.123653],[32.563851,26.123894],[32.563431,26.123772],[32.563492,26.123516],[32.563098,26.123444],[32.562974,26.123797],[32.562827,26.123736],[32.562582,26.124176],[32.562431,26.124165],[32.562596,26.123667],[32.562726,26.123682],[32.562788,26.123506],[32.562418,26.123423],[32.562472,26.123183],[32.558104,26.122054],[32.557854,26.122131],[32.558519,26.122592],[32.559225,26.123718],[32.559371,26.125694],[32.559268,26.128445],[32.559463,26.129048],[32.559846,26.129668],[32.579639,26.146937],[32.581848,26.149055],[32.583367,26.151028],[32.584365,26.15268],[32.586147,26.156546],[32.587677,26.15806],[32.587991,26.158722],[32.589316,26.163163],[32.589773,26.164277],[32.594542,26.165928],[32.606516,26.169788],[32.608404,26.165682],[32.608288,26.165105],[32.606539,26.161781],[32.606382,26.160373],[32.606525,26.159224],[32.607248,26.155843],[32.60861,26.149605],[32.608709,26.149632],[32.606446,26.16001],[32.606591,26.161581],[32.608399,26.16506],[32.608514,26.165834],[32.606603,26.169819],[32.611752,26.171621],[32.618213,26.173574],[32.619885,26.173764],[32.620715,26.174256],[32.621044,26.174271],[32.621611,26.174734],[32.621917,26.174806],[32.621895,26.174668]],[[32.585432,26.14362],[32.585621,26.142434],[32.58542,26.142432],[32.585253,26.142836],[32.584436,26.142953],[32.584526,26.142638],[32.584638,26.142686],[32.584735,26.14246],[32.584545,26.142391],[32.584439,26.142561],[32.584339,26.142528],[32.584426,26.142323],[32.584189,26.142252],[32.584181,26.142113],[32.583861,26.143097],[32.583222,26.142939],[32.583661,26.142169],[32.583409,26.14206],[32.583516,26.141809],[32.58333,26.141729],[32.583735,26.140784],[32.583544,26.140746],[32.583514,26.140609],[32.58321,26.14064],[32.583314,26.140263],[32.583109,26.140238],[32.583162,26.140068],[32.582968,26.140008],[32.583605,26.139075],[32.58299,26.138956],[32.583043,26.138865],[32.582849,26.138812],[32.58293,26.138688],[32.582783,26.13863],[32.583051,26.138312],[32.583203,26.138418],[32.58338,26.138165],[32.583709,26.138369],[32.583871,26.138192],[32.584617,26.138689],[32.584365,26.138914],[32.585048,26.139377],[32.587601,26.140849],[32.588931,26.141476],[32.588799,26.141663],[32.588172,26.141449],[32.588003,26.141969],[32.58774,26.141937],[32.587836,26.141603],[32.587298,26.141353],[32.587265,26.141909],[32.586769,26.141886],[32.586724,26.142101],[32.586977,26.142222],[32.586473,26.142777],[32.586165,26.142664],[32.58613,26.142525],[32.585907,26.142836],[32.585725,26.142844],[32.585586,26.143633],[32.585432,26.14362]],[[32.576734,26.134345],[32.577086,26.13265],[32.577627,26.132758],[32.577725,26.132627],[32.577864,26.13273],[32.577816,26.132895],[32.578515,26.133097],[32.579088,26.133101],[32.579143,26.132973],[32.580083,26.133019],[32.580446,26.134123],[32.57893,26.134112],[32.579005,26.133875],[32.578511,26.133898],[32.578049,26.134041],[32.578003,26.134301],[32.576944,26.134148],[32.57694,26.134349],[32.576734,26.134345]]],[[[32.526507,26.127668],[32.526793,26.127551],[32.526663,26.127257],[32.526504,26.127324],[32.526488,26.127524],[32.526507,26.127668]]],[[[32.587843,26.163074],[32.583318,26.156506],[32.582591,26.156944],[32.581865,26.157009],[32.557852,26.151818],[32.557641,26.15258],[32.559249,26.153067],[32.559285,26.154387],[32.559747,26.154444],[32.559747,26.154965],[32.560036,26.154923],[32.560086,26.155881],[32.560714,26.155945],[32.560799,26.155184],[32.560883,26.155184],[32.560907,26.155905],[32.563037,26.155092],[32.563715,26.155032],[32.576906,26.157976],[32.576721,26.160343],[32.577191,26.160379],[32.577139,26.161038],[32.580117,26.161327],[32.581332,26.161591],[32.583252,26.162105],[32.586879,26.163377],[32.587339,26.163352],[32.587843,26.163074]]],[[[32.49549,26.135106],[32.503354,26.135184],[32.503356,26.134724],[32.503595,26.133865],[32.503238,26.13373],[32.503127,26.134533],[32.502868,26.134497],[32.502979,26.133694],[32.50001,26.132974],[32.498809,26.132936],[32.498025,26.132228],[32.497719,26.132167],[32.497677,26.131981],[32.497508,26.131937],[32.497547,26.131745],[32.497108,26.131541],[32.497116,26.131286],[32.497003,26.131213],[32.497096,26.131048],[32.496978,26.130963],[32.496906,26.131092],[32.496792,26.131015],[32.496756,26.131181],[32.496506,26.131131],[32.496392,26.131464],[32.496034,26.131393],[32.496085,26.131205],[32.495743,26.131083],[32.495717,26.131252],[32.49552,26.131202],[32.495691,26.13069],[32.495365,26.130624],[32.495399,26.130508],[32.495254,26.130485],[32.495436,26.129913],[32.495105,26.129749],[32.494081,26.130708],[32.493847,26.130546],[32.490528,26.133135],[32.49549,26.135106]]],[[[32.484311,26.127802],[32.484621,26.127904],[32.48468,26.128098],[32.484785,26.128066],[32.484944,26.128562],[32.485122,26.128547],[32.48537,26.128886],[32.485916,26.128852],[32.485938,26.129441],[32.485856,26.129381],[32.485515,26.129604],[32.485704,26.129894],[32.486348,26.130369],[32.4867,26.130445],[32.48669,26.130196],[32.486865,26.130189],[32.486877,26.130483],[32.48717,26.130562],[32.487114,26.131093],[32.486901,26.131071],[32.486882,26.131256],[32.48772,26.131327],[32.487806,26.131111],[32.491535,26.132217],[32.494169,26.130128],[32.497492,26.126803],[32.497159,26.126735],[32.497127,26.126508],[32.496926,26.126536],[32.49687,26.126138],[32.48799,26.127991],[32.486979,26.128051],[32.484311,26.127802]]],[[[32.485831,26.131266],[32.490427,26.133095],[32.491475,26.132264],[32.487805,26.131176],[32.487754,26.131359],[32.487402,26.131377],[32.485831,26.131266]]],[[[32.479962,26.127394],[32.479875,26.127705],[32.479725,26.127662],[32.479567,26.128221],[32.479403,26.128174],[32.479478,26.127681],[32.479204,26.127639],[32.479176,26.12782],[32.478274,26.127682],[32.478348,26.127201],[32.475567,26.12691],[32.480097,26.128946],[32.480096,26.128864],[32.480658,26.128922],[32.480684,26.128664],[32.480924,26.128689],[32.480964,26.129042],[32.481611,26.129047],[32.481859,26.127929],[32.481161,26.127751],[32.481182,26.127514],[32.479962,26.127394]]],[[[32.485704,26.129894],[32.485311,26.129437],[32.48499,26.129559],[32.48508,26.129946],[32.484091,26.130176],[32.484113,26.13027],[32.483658,26.130406],[32.485773,26.131218],[32.485808,26.130951],[32.486252,26.130814],[32.486348,26.130369],[32.485704,26.129894]]],[[[32.482339,26.127621],[32.482041,26.129493],[32.481719,26.129442],[32.481778,26.129074],[32.481611,26.129047],[32.48147,26.129519],[32.482441,26.129916],[32.482474,26.129705],[32.483178,26.129654],[32.48327,26.129099],[32.48344,26.129127],[32.483404,26.129344],[32.483639,26.129383],[32.483716,26.129682],[32.48339,26.129975],[32.482799,26.130063],[32.483326,26.130274],[32.483881,26.130012],[32.483872,26.129635],[32.485094,26.129106],[32.484075,26.127995],[32.483759,26.127912],[32.483541,26.128748],[32.483301,26.128705],[32.483474,26.127725],[32.482339,26.127621]]],[[[32.602682,26.181593],[32.59905,26.180785],[32.598315,26.1808],[32.597469,26.181235],[32.596886,26.182484],[32.596576,26.182863],[32.598752,26.184222],[32.598922,26.183659],[32.598187,26.18353],[32.59831,26.183092],[32.59876,26.183164],[32.598868,26.182991],[32.599264,26.183134],[32.599531,26.182645],[32.600098,26.182834],[32.599952,26.183067],[32.600152,26.183104],[32.600101,26.183353],[32.600368,26.183431],[32.600602,26.182786],[32.600797,26.182855],[32.600683,26.18314],[32.60094,26.183181],[32.601106,26.18288],[32.60129,26.18291],[32.601542,26.182351],[32.601666,26.18237],[32.601756,26.182598],[32.602045,26.182644],[32.602246,26.182304],[32.602498,26.182344],[32.602682,26.181593]]],[[[32.603398,26.181743],[32.602852,26.181634],[32.60264,26.182271],[32.602838,26.182352],[32.602781,26.18249],[32.60291,26.182542],[32.603043,26.182217],[32.603288,26.182206],[32.603398,26.181743]]],[[[32.60952,26.186343],[32.607111,26.184401],[32.606951,26.183775],[32.607268,26.182606],[32.60357,26.181774],[32.603222,26.182894],[32.603638,26.183056],[32.603473,26.183479],[32.603675,26.183528],[32.603524,26.183884],[32.603774,26.18399],[32.60399,26.183247],[32.604161,26.183297],[32.604466,26.182245],[32.604678,26.182281],[32.604646,26.182476],[32.605072,26.182646],[32.60477,26.183716],[32.605083,26.183769],[32.605238,26.183335],[32.60553,26.183426],[32.605467,26.183953],[32.605586,26.18399],[32.605639,26.183818],[32.605774,26.183822],[32.605686,26.183921],[32.605891,26.184074],[32.606169,26.183879],[32.606498,26.183926],[32.60645,26.184263],[32.606218,26.18423],[32.605735,26.185243],[32.60545,26.185129],[32.605408,26.185297],[32.605663,26.185414],[32.605577,26.185554],[32.6054,26.185574],[32.605708,26.185683],[32.605636,26.185888],[32.605279,26.185761],[32.605134,26.186403],[32.604839,26.186336],[32.604889,26.186116],[32.604622,26.186056],[32.604436,26.186878],[32.60407,26.186773],[32.604047,26.186993],[32.603592,26.186878],[32.603389,26.187118],[32.607654,26.189781],[32.607753,26.189279],[32.607924,26.189312],[32.60794,26.18967],[32.608111,26.189704],[32.608503,26.188735],[32.608827,26.188894],[32.609006,26.188529],[32.609511,26.188585],[32.609942,26.18724],[32.609417,26.187112],[32.609497,26.186785],[32.609328,26.186744],[32.60952,26.186343]]],[[[32.481616,26.125412],[32.481584,26.125561],[32.481854,26.125583],[32.481757,26.125699],[32.481819,26.126255],[32.481555,26.126241],[32.481548,26.126381],[32.481811,26.126395],[32.481766,26.126552],[32.481975,26.126613],[32.48205,26.126355],[32.482477,26.12624],[32.482383,26.125896],[32.482503,26.125905],[32.482519,26.125694],[32.482104,26.125662],[32.481949,26.125438],[32.481616,26.125412]]],[[[32.498818,26.125735],[32.49772,26.126851],[32.497602,26.127038],[32.497696,26.127106],[32.497448,26.127377],[32.497284,26.127303],[32.497303,26.127691],[32.498085,26.127726],[32.498112,26.12762],[32.498636,26.127755],[32.498948,26.127353],[32.499241,26.12655],[32.499044,26.126444],[32.499142,26.125669],[32.498818,26.125735]]],[[[32.523656,26.132836],[32.523738,26.130324],[32.524181,26.1301],[32.524089,26.129917],[32.524889,26.129677],[32.524899,26.129377],[32.524734,26.129398],[32.524715,26.129255],[32.524258,26.129314],[32.524305,26.12967],[32.524135,26.129758],[32.523886,26.129424],[32.52399,26.129331],[32.523917,26.128896],[32.523597,26.128976],[32.52356,26.128828],[32.523941,26.128732],[32.523918,26.128641],[32.52369,26.128698],[32.523666,26.128457],[32.523299,26.128493],[32.523138,26.127898],[32.523564,26.127839],[32.523571,26.127674],[32.523932,26.127689],[32.523938,26.127553],[32.524784,26.12734],[32.52482,26.127238],[32.525117,26.127198],[32.52514,26.127285],[32.525438,26.127118],[32.525543,26.127217],[32.526063,26.12699],[32.526106,26.127094],[32.526434,26.126731],[32.526487,26.126827],[32.526739,26.126688],[32.527002,26.126712],[32.527515,26.126455],[32.527568,26.126534],[32.528277,26.126303],[32.52849,26.126113],[32.528372,26.12578],[32.527915,26.125373],[32.527135,26.125461],[32.526735,26.12499],[32.526526,26.125063],[32.526472,26.124788],[32.526728,26.124698],[32.52672,26.124346],[32.526921,26.124274],[32.526929,26.124094],[32.527407,26.124182],[32.527551,26.124345],[32.527996,26.124256],[32.528158,26.124715],[32.528717,26.124617],[32.52895,26.125166],[32.529135,26.125101],[32.529286,26.125528],[32.529576,26.125528],[32.529689,26.125717],[32.529962,26.125373],[32.530245,26.125237],[32.530808,26.12538],[32.53127,26.125356],[32.531249,26.124945],[32.531654,26.124913],[32.53169,26.125008],[32.532759,26.124603],[32.532696,26.124321],[32.533142,26.124299],[32.533579,26.124035],[32.533644,26.124191],[32.534294,26.123922],[32.534331,26.124539],[32.534512,26.124568],[32.534503,26.124375],[32.534684,26.124342],[32.534654,26.124153],[32.534864,26.124157],[32.534902,26.124392],[32.535082,26.124409],[32.5349,26.123358],[32.535327,26.123285],[32.535245,26.122809],[32.535,26.122851],[32.534972,26.122686],[32.535262,26.122637],[32.535291,26.122351],[32.535862,26.122251],[32.535751,26.121806],[32.535515,26.121865],[32.535412,26.121585],[32.535548,26.121551],[32.535548,26.121117],[32.534899,26.121242],[32.534882,26.121054],[32.534535,26.121084],[32.534555,26.121311],[32.53472,26.121297],[32.534761,26.121766],[32.534621,26.121785],[32.534673,26.12216],[32.534323,26.122173],[32.53426,26.121749],[32.534111,26.121771],[32.534071,26.121047],[32.533925,26.121035],[32.533868,26.120573],[32.520879,26.120884],[32.520884,26.121943],[32.521297,26.121962],[32.52134,26.122338],[32.521684,26.122322],[32.5217,26.122669],[32.522165,26.122685],[32.522145,26.122808],[32.521909,26.1228],[32.521741,26.123117],[32.521302,26.123149],[32.52126,26.123405],[32.521057,26.123255],[32.520919,26.124091],[32.520497,26.124062],[32.520546,26.123348],[32.520112,26.123354],[32.51999,26.123955],[32.520189,26.12397],[32.520177,26.124135],[32.519978,26.12412],[32.519964,26.124301],[32.519744,26.124285],[32.519772,26.123914],[32.518866,26.124155],[32.517465,26.124079],[32.517549,26.122884],[32.517778,26.122881],[32.517767,26.121876],[32.517436,26.121915],[32.517355,26.121739],[32.515456,26.122252],[32.516655,26.12638],[32.518279,26.133275],[32.523656,26.132836]],[[32.531433,26.12409],[32.531362,26.123738],[32.530385,26.123784],[32.530343,26.12357],[32.530129,26.123567],[32.530091,26.123427],[32.530293,26.123373],[32.53029,26.123154],[32.53059,26.123075],[32.530526,26.122831],[32.530361,26.122845],[32.530349,26.122701],[32.530514,26.122687],[32.530475,26.122228],[32.531058,26.122084],[32.53108,26.121755],[32.531184,26.121737],[32.531341,26.121995],[32.531588,26.121953],[32.531643,26.12227],[32.53213,26.122236],[32.532201,26.122396],[32.532092,26.122833],[32.531847,26.122902],[32.531818,26.123158],[32.532163,26.123113],[32.532289,26.124082],[32.531433,26.12409]]],[[[32.570362,26.166495],[32.570404,26.166222],[32.570214,26.166192],[32.570349,26.165328],[32.569821,26.165245],[32.56986,26.164997],[32.570165,26.165],[32.570167,26.164798],[32.57033,26.1648],[32.570328,26.165001],[32.570503,26.165003],[32.570564,26.164573],[32.570661,26.164587],[32.570685,26.164803],[32.570915,26.164777],[32.570803,26.165089],[32.570957,26.165144],[32.570886,26.165342],[32.570741,26.16529],[32.570525,26.166597],[32.571284,26.16707],[32.572025,26.166561],[32.572591,26.166408],[32.574981,26.166635],[32.574995,26.165994],[32.575733,26.166057],[32.575846,26.165824],[32.575673,26.165754],[32.57559,26.165342],[32.575755,26.165309],[32.575636,26.165075],[32.57503,26.164988],[32.574948,26.164803],[32.573783,26.164618],[32.57382,26.164305],[32.573938,26.16432],[32.573985,26.164527],[32.574114,26.164498],[32.57417,26.163963],[32.574532,26.164029],[32.574623,26.164251],[32.574998,26.1644],[32.574969,26.164284],[32.575347,26.164239],[32.57536,26.163918],[32.5755,26.163905],[32.575595,26.16492],[32.576555,26.164894],[32.576526,26.164652],[32.576644,26.164638],[32.576501,26.16284],[32.576719,26.161088],[32.57532,26.160934],[32.575289,26.161168],[32.575081,26.161141],[32.575032,26.162235],[32.57494,26.162231],[32.574933,26.162383],[32.574721,26.162374],[32.574716,26.162472],[32.575432,26.16262],[32.575425,26.162774],[32.574028,26.162712],[32.57404,26.162442],[32.574649,26.162469],[32.574665,26.162106],[32.574056,26.162079],[32.574066,26.161864],[32.572926,26.161745],[32.572984,26.160741],[32.57547,26.160815],[32.575498,26.160456],[32.575061,26.160497],[32.575074,26.159767],[32.574955,26.159759],[32.575005,26.159502],[32.574839,26.159498],[32.574881,26.159351],[32.574686,26.159336],[32.574693,26.159421],[32.573688,26.159301],[32.573323,26.159124],[32.573278,26.158656],[32.573123,26.158666],[32.57311,26.159095],[32.57328,26.15911],[32.573094,26.160323],[32.572458,26.160273],[32.572472,26.160564],[32.57223,26.16051],[32.572249,26.160257],[32.571949,26.160206],[32.571945,26.160087],[32.571359,26.160051],[32.571228,26.159647],[32.570977,26.159652],[32.570977,26.15982],[32.570664,26.159795],[32.570677,26.159632],[32.570508,26.159619],[32.570473,26.160064],[32.570341,26.160056],[32.570334,26.160275],[32.570002,26.16025],[32.57002,26.160019],[32.569893,26.159983],[32.569907,26.159028],[32.569641,26.158967],[32.569666,26.160206],[32.569226,26.160172],[32.569077,26.160983],[32.568539,26.160903],[32.568507,26.161117],[32.568359,26.161095],[32.568213,26.161434],[32.568264,26.161764],[32.568032,26.161737],[32.568075,26.162223],[32.567695,26.162149],[32.567687,26.16238],[32.567349,26.162235],[32.567274,26.162431],[32.566968,26.162396],[32.567015,26.162808],[32.567408,26.162816],[32.567424,26.162589],[32.567535,26.162613],[32.567482,26.162797],[32.567655,26.162785],[32.567627,26.162565],[32.567763,26.162612],[32.567726,26.162789],[32.568495,26.16284],[32.568354,26.164092],[32.568138,26.164088],[32.568185,26.163884],[32.567447,26.163872],[32.567455,26.164128],[32.567659,26.164112],[32.567671,26.164363],[32.56806,26.164395],[32.568032,26.164527],[32.568189,26.164521],[32.567832,26.164916],[32.570362,26.166495]],[[32.571688,26.16533],[32.571782,26.164339],[32.570794,26.164261],[32.570789,26.163839],[32.571869,26.163826],[32.571931,26.163271],[32.572737,26.163393],[32.572744,26.163924],[32.572939,26.163964],[32.572892,26.164484],[32.572634,26.164428],[32.572583,26.164757],[32.572419,26.164742],[32.572479,26.164433],[32.572003,26.164315],[32.571856,26.165328],[32.571688,26.16533]]],[[[31.981144,26.158099],[31.979693,26.159274],[31.97989,26.15944],[31.979815,26.159507],[31.979615,26.159353],[31.979593,26.159638],[31.979467,26.159531],[31.979283,26.159715],[31.979459,26.159987],[31.979314,26.159886],[31.979081,26.160101],[31.979281,26.160279],[31.979039,26.160409],[31.979787,26.161024],[31.981564,26.160783],[31.983311,26.159664],[31.983229,26.159569],[31.983421,26.159403],[31.983332,26.15933],[31.983624,26.15914],[31.982846,26.158542],[31.981825,26.158645],[31.981144,26.158099]]],[[[31.968098,26.155928],[31.967811,26.155372],[31.968254,26.154871],[31.967125,26.153683],[31.964128,26.155783],[31.964804,26.156864],[31.964217,26.157275],[31.964942,26.158208],[31.966545,26.157084],[31.966829,26.157397],[31.967303,26.157166],[31.967406,26.157357],[31.96756,26.157282],[31.967704,26.157549],[31.967723,26.157408],[31.96792,26.157331],[31.96761,26.156937],[31.967775,26.156677],[31.968036,26.156611],[31.967775,26.156153],[31.968098,26.155928]]],[[[31.970643,26.159819],[31.970922,26.16039],[31.971145,26.1603],[31.97123,26.16044],[31.970861,26.160576],[31.97092,26.160788],[31.971265,26.160673],[31.971719,26.160861],[31.971812,26.160805],[31.97201,26.161069],[31.971978,26.161431],[31.972428,26.161779],[31.975165,26.161552],[31.97573,26.160995],[31.97625,26.160212],[31.975786,26.159815],[31.976052,26.159535],[31.976259,26.159712],[31.976409,26.159554],[31.976262,26.159271],[31.976413,26.15928],[31.976863,26.158766],[31.976948,26.158014],[31.976644,26.158084],[31.976549,26.158003],[31.976384,26.158179],[31.976282,26.158115],[31.976488,26.157648],[31.976349,26.157544],[31.976559,26.157375],[31.976271,26.156938],[31.976137,26.156837],[31.976027,26.156939],[31.97522,26.156304],[31.972275,26.158949],[31.971066,26.15949],[31.970643,26.159819]]],[[[31.978646,26.160386],[31.977872,26.161094],[31.977465,26.161307],[31.979787,26.161024],[31.979252,26.160614],[31.979088,26.160745],[31.978646,26.160386]]],[[[31.976302,26.160258],[31.975719,26.16109],[31.975238,26.161545],[31.977385,26.161316],[31.977948,26.160968],[31.978779,26.160171],[31.978325,26.159773],[31.978506,26.159408],[31.978323,26.159259],[31.978091,26.159434],[31.977956,26.159209],[31.977492,26.159024],[31.977578,26.158851],[31.977167,26.159033],[31.977659,26.159412],[31.977521,26.1596],[31.977027,26.159388],[31.976942,26.159478],[31.977339,26.159795],[31.977237,26.15991],[31.976858,26.159608],[31.976658,26.159859],[31.977065,26.160152],[31.976929,26.160322],[31.976783,26.160205],[31.976692,26.160308],[31.976565,26.160207],[31.976435,26.160355],[31.976302,26.160258]]],[[[31.979755,26.138944],[31.978615,26.13845],[31.978498,26.138721],[31.977398,26.138245],[31.977314,26.13844],[31.976901,26.138261],[31.976625,26.138674],[31.977684,26.139082],[31.976307,26.140388],[31.977704,26.141323],[31.978657,26.1399],[31.97957,26.140295],[31.979644,26.140126],[31.979162,26.139834],[31.979265,26.139664],[31.979461,26.139702],[31.979735,26.139282],[31.979595,26.139191],[31.979755,26.138944]]],[[[31.98015,26.135508],[31.977565,26.133854],[31.976781,26.135078],[31.979487,26.136408],[31.98015,26.135508]]],[[[31.97661,26.133878],[31.975421,26.133217],[31.974712,26.134493],[31.976059,26.13487],[31.97661,26.133878]]],[[[31.971969,26.139256],[31.969861,26.137705],[31.969277,26.138497],[31.971694,26.139992],[31.971969,26.139256]]],[[[31.974042,26.117643],[31.970032,26.115889],[31.969709,26.117052],[31.970472,26.117265],[31.970001,26.118963],[31.96868,26.121432],[31.970866,26.122602],[31.973346,26.123563],[31.973642,26.122286],[31.974042,26.117643]]],[[[31.973986,26.116659],[31.974181,26.116766],[31.974265,26.117345],[31.976297,26.118456],[31.976465,26.11637],[31.977139,26.116739],[31.977842,26.115452],[31.974491,26.113907],[31.974904,26.107595],[31.980149,26.111121],[31.980413,26.109147],[31.975862,26.106659],[31.976253,26.105462],[31.980236,26.107639],[31.980911,26.105571],[31.97695,26.103047],[31.975318,26.102328],[31.975393,26.101082],[31.973407,26.100115],[31.972075,26.102403],[31.972253,26.102497],[31.97185,26.10319],[31.97259,26.103775],[31.97193,26.104667],[31.967503,26.102878],[31.966225,26.101663],[31.964933,26.103442],[31.968616,26.105127],[31.967496,26.107475],[31.966674,26.107083],[31.965838,26.108834],[31.967196,26.109482],[31.966919,26.110062],[31.967582,26.110378],[31.968262,26.109383],[31.969501,26.109843],[31.969195,26.11067],[31.969924,26.11094],[31.969617,26.111769],[31.970345,26.112039],[31.969877,26.113827],[31.97071,26.114045],[31.970604,26.114448],[31.971635,26.114718],[31.971334,26.115868],[31.973976,26.116891],[31.973986,26.116659]]],[[[31.986149,26.128785],[31.986474,26.128513],[31.986676,26.12893],[31.986939,26.129097],[31.987679,26.128551],[31.987177,26.12787],[31.987615,26.127389],[31.987998,26.12767],[31.987707,26.127396],[31.987937,26.127186],[31.987568,26.126947],[31.988494,26.125869],[31.98755,26.124925],[31.986326,26.126271],[31.986853,26.126751],[31.986337,26.12732],[31.985241,26.125611],[31.986177,26.12501],[31.985074,26.123842],[31.983556,26.125012],[31.982636,26.124246],[31.983681,26.123424],[31.982832,26.122345],[31.983665,26.121689],[31.984586,26.12256],[31.986787,26.120233],[31.987052,26.120484],[31.987884,26.119605],[31.988152,26.120053],[31.988423,26.119891],[31.989044,26.120541],[31.989406,26.120194],[31.990059,26.120877],[31.988614,26.122258],[31.988841,26.122496],[31.987498,26.124065],[31.988081,26.124564],[31.988717,26.12382],[31.989167,26.124206],[31.988528,26.125179],[31.989038,26.125593],[31.989403,26.124877],[31.989864,26.125228],[31.990749,26.123927],[31.991301,26.123452],[31.992414,26.122115],[31.994616,26.119984],[31.991704,26.116961],[31.993243,26.115478],[31.994908,26.116599],[31.993919,26.117588],[31.995627,26.119005],[31.996315,26.11834],[31.998641,26.115345],[31.995111,26.112941],[31.996579,26.110999],[31.994406,26.109356],[31.993389,26.107963],[31.992623,26.108798],[31.990731,26.107599],[31.990263,26.108138],[31.990792,26.108596],[31.988909,26.110765],[31.987484,26.109787],[31.986481,26.11125],[31.984828,26.110555],[31.984227,26.111653],[31.983501,26.111056],[31.982815,26.11189],[31.983294,26.112597],[31.981639,26.113717],[31.983211,26.116038],[31.98187,26.116947],[31.982943,26.118531],[31.982218,26.118925],[31.983173,26.120678],[31.981173,26.121989],[31.981703,26.122797],[31.980449,26.123619],[31.980923,26.124608],[31.979112,26.126084],[31.983967,26.13131],[31.983388,26.131642],[31.983687,26.132161],[31.984779,26.131416],[31.984519,26.130603],[31.985978,26.129403],[31.985819,26.129137],[31.986141,26.128946],[31.986149,26.128785]],[[31.986634,26.116209],[31.985492,26.115136],[31.98694,26.113593],[31.988183,26.11476],[31.991335,26.111404],[31.992345,26.112016],[31.989865,26.114844],[31.989465,26.114492],[31.98856,26.115524],[31.98796,26.114998],[31.986634,26.116209]]],[[[31.986634,26.116209],[31.98796,26.114998],[31.98856,26.115524],[31.989465,26.114492],[31.989865,26.114844],[31.992345,26.112016],[31.991335,26.111404],[31.988183,26.11476],[31.98694,26.113593],[31.985492,26.115136],[31.986634,26.116209]]],[[[32.179005,26.009223],[32.179806,26.010277],[32.180746,26.009693],[32.180691,26.009604],[32.180904,26.009472],[32.181037,26.009588],[32.180891,26.009757],[32.181308,26.010312],[32.180438,26.010967],[32.182818,26.013797],[32.191795,26.008179],[32.188485,26.004064],[32.179005,26.009223]]],[[[32.180824,26.011507],[32.174243,26.016203],[32.172102,26.017695],[32.173961,26.019316],[32.182818,26.013797],[32.180824,26.011507]]],[[[32.17976,26.012266],[32.17793,26.010051],[32.176984,26.010809],[32.178886,26.01289],[32.17976,26.012266]]],[[[32.173097,26.017002],[32.171328,26.015322],[32.170293,26.016116],[32.172102,26.017695],[32.173097,26.017002]]],[[[32.174098,26.016304],[32.172268,26.014585],[32.171328,26.015322],[32.173097,26.017002],[32.174098,26.016304]]],[[[32.175033,26.01564],[32.173194,26.013843],[32.172268,26.014585],[32.174098,26.016304],[32.175033,26.01564]]],[[[32.175986,26.01496],[32.174152,26.013076],[32.173194,26.013843],[32.175033,26.01564],[32.175986,26.01496]]],[[[32.176976,26.014253],[32.175092,26.012324],[32.174152,26.013076],[32.175986,26.01496],[32.176976,26.014253]]],[[[32.1779,26.013594],[32.176035,26.011569],[32.175092,26.012324],[32.176976,26.014253],[32.1779,26.013594]]],[[[32.178886,26.01289],[32.176984,26.010809],[32.176035,26.011569],[32.1779,26.013594],[32.178886,26.01289]]],[[[32.17793,26.010051],[32.17976,26.012266],[32.180824,26.011507],[32.180653,26.011312],[32.180338,26.011509],[32.180251,26.011369],[32.180052,26.011494],[32.180107,26.011582],[32.179846,26.011657],[32.17953,26.011371],[32.179601,26.011294],[32.179196,26.010829],[32.179337,26.010706],[32.179219,26.010571],[32.179385,26.010427],[32.179314,26.010346],[32.179614,26.010159],[32.17972,26.01033],[32.179806,26.010277],[32.179005,26.009223],[32.17793,26.010051]]]]}},{"type":"Feature","properties":{"landuse_value":1,"landuse_code":1,"landuse_label":null,"source_feature_count":4,"area_km2":364652.137647},"geometry":{"type":"MultiPolygon","coordinates":[[[[32.302915,26.002575],[32.302932,26.002245],[32.304106,26.002305],[32.304105,26.002142],[32.308634,26.002108],[32.308639,25.999387],[32.309013,25.999381],[32.308996,25.998386],[32.309319,25.998381],[32.309302,25.997444],[32.308765,25.997453],[32.308771,25.997799],[32.307978,25.997813],[32.307998,25.997529],[32.307675,25.997459],[32.307585,25.99781],[32.305866,25.99782],[32.305882,25.998814],[32.301333,25.99889],[32.301307,26.001987],[32.302061,26.002026],[32.302035,26.00253],[32.302915,26.002575]]],[[[32.335662,26.003515],[32.336356,25.998146],[32.337845,25.998249],[32.338255,25.992276],[32.33884,25.992316],[32.339414,25.983951],[32.333584,25.983551],[32.333934,25.98125],[32.333658,25.980826],[32.329534,25.98044],[32.329718,25.979372],[32.328024,25.979422],[32.327932,25.980458],[32.324195,25.980127],[32.323838,25.979349],[32.322722,25.97939],[32.322869,25.983404],[32.32436,25.983662],[32.324508,25.984877],[32.31996,25.984637],[32.317923,25.999763],[32.318601,25.999808],[32.318542,26.000703],[32.325465,25.996347],[32.329066,25.996131],[32.328981,25.996788],[32.335635,25.997648],[32.33489,26.003415],[32.335662,26.003515]]],[[[32.522155,26.106079],[32.522344,26.105093],[32.522676,26.105139],[32.52282,26.104495],[32.521262,26.10424],[32.521238,26.104088],[32.519661,26.103683],[32.519584,26.104728],[32.52037,26.105505],[32.520823,26.105558],[32.520823,26.105914],[32.522155,26.106079]]],[[[32.498065,26.125249],[32.497628,26.123104],[32.497102,26.123149],[32.497054,26.12302],[32.496713,26.11756],[32.495285,26.117612],[32.493427,26.117956],[32.49334,26.117631],[32.493122,26.117585],[32.493219,26.118036],[32.491801,26.118018],[32.491168,26.118258],[32.490093,26.118307],[32.489957,26.118531],[32.488519,26.118681],[32.487461,26.118978],[32.48248,26.119923],[32.482624,26.126959],[32.486443,26.127308],[32.48779,26.127246],[32.498065,26.125249]]]]}},{"type":"Feature","properties":{"landuse_value":2,"landuse_code":2,"landuse_label":null,"source_feature_count":1,"area_km2":82945.507048},"geometry":{"type":"MultiPolygon","coordinates":[[[[31.995627,26.119005],[31.993919,26.117588],[31.994908,26.116599],[31.993243,26.115478],[31.991704,26.116961],[31.994616,26.119984],[31.995627,26.119005]]]]}}]}