{"type":"FeatureCollection","features":[{"type":"Feature","properties":{"landuse_value":3,"landuse_code":3,"landuse_label":null,"source_feature_count":310,"area_km2":87441109.722851,"sector":"10"},"geometry":{"type":"MultiPolygon","coordinates":[[[[31.70381,30.15941],[31.705284,30.174131],[31.739344,30.166466],[31.737918,30.160863],[31.714412,30.158228],[31.70381,30.15941]]],[[[31.582696,30.11873],[31.584018,30.123175],[31.584395,30.125974],[31.590539,30.12678],[31.590313,30.127996],[31.594464,30.128507],[31.596234,30.127477],[31.595264,30.126227],[31.594908,30.125524],[31.594957,30.124698],[31.603016,30.125813],[31.606762,30.108951],[31.607419,30.107241],[31.604267,30.106222],[31.591202,30.104098],[31.586159,30.103075],[31.582751,30.117052],[31.582696,30.11873]]],[[[31.629783,30.136298],[31.635645,30.13719],[31.636376,30.137203],[31.636511,30.136495],[31.637514,30.136709],[31.638258,30.133305],[31.639681,30.127871],[31.640311,30.127444],[31.639675,30.12646],[31.635989,30.125771],[31.632295,30.12526],[31.629783,30.136298]]],[[[31.633172,30.182851],[31.639594,30.183333],[31.652219,30.172927],[31.651939,30.170979],[31.651033,30.170216],[31.654668,30.16711],[31.653531,30.166786],[31.633172,30.182851]]],[[[31.681513,30.079727],[31.676351,30.079745],[31.674703,30.079378],[31.673305,30.078347],[31.672553,30.077287],[31.672246,30.076092],[31.671415,30.074926],[31.670179,30.073861],[31.668818,30.073146],[31.667975,30.072941],[31.667629,30.074345],[31.667482,30.075712],[31.667493,30.07679],[31.667976,30.079853],[31.672039,30.082786],[31.674519,30.085825],[31.677122,30.085435],[31.679268,30.084825],[31.681046,30.084562],[31.682507,30.083841],[31.684216,30.082735],[31.685651,30.082416],[31.684928,30.081173],[31.683828,30.080161],[31.683504,30.079954],[31.681513,30.079727]]],[[[31.631674,30.105542],[31.633131,30.105945],[31.635359,30.107048],[31.637083,30.107445],[31.639327,30.107593],[31.640291,30.107541],[31.641711,30.107245],[31.642965,30.106765],[31.642969,30.096968],[31.639504,30.096589],[31.634912,30.095532],[31.633518,30.100771],[31.631956,30.104583],[31.631674,30.105542]]],[[[31.644571,30.093106],[31.644399,30.092607],[31.644277,30.089729],[31.643466,30.085308],[31.641879,30.085711],[31.638038,30.085507],[31.635817,30.085192],[31.635822,30.088625],[31.635444,30.092708],[31.637495,30.093096],[31.638905,30.093216],[31.641767,30.093316],[31.644571,30.093106]]],[[[31.648115,30.096408],[31.645782,30.094655],[31.644787,30.093733],[31.644571,30.093106],[31.641767,30.093316],[31.638905,30.093216],[31.637495,30.093096],[31.635444,30.092708],[31.635304,30.094056],[31.634912,30.095532],[31.639504,30.096589],[31.644136,30.097058],[31.645669,30.097074],[31.646922,30.096841],[31.648115,30.096408]]],[[[31.642965,30.106765],[31.644792,30.106221],[31.64934,30.106177],[31.650616,30.105858],[31.648839,30.104191],[31.648448,30.10324],[31.648378,30.102503],[31.649505,30.099709],[31.649519,30.098692],[31.649051,30.097529],[31.648497,30.096682],[31.648115,30.096408],[31.646922,30.096841],[31.645669,30.097074],[31.642969,30.096968],[31.642965,30.106765]]],[[[31.61699,30.103699],[31.61867,30.10441],[31.619854,30.104644],[31.62164,30.104735],[31.626282,30.104572],[31.629618,30.104957],[31.631674,30.105542],[31.631956,30.104583],[31.633518,30.100771],[31.634912,30.095532],[31.630666,30.094042],[31.628011,30.093559],[31.625833,30.093536],[31.623653,30.093689],[31.621349,30.094085],[31.619158,30.095044],[31.617493,30.095868],[31.615864,30.096974],[31.614513,30.098432],[31.612441,30.101112],[31.612926,30.101477],[31.61699,30.103699]]],[[[31.629928,30.093908],[31.630297,30.091549],[31.630283,30.089655],[31.629827,30.087651],[31.628928,30.085537],[31.626983,30.083307],[31.624062,30.081628],[31.621089,30.080861],[31.617743,30.08079],[31.614385,30.081527],[31.611787,30.082797],[31.609247,30.085646],[31.608211,30.087564],[31.607823,30.089348],[31.607947,30.09205],[31.608247,30.093631],[31.609907,30.096104],[31.611338,30.097557],[31.613902,30.099222],[31.615864,30.096974],[31.617493,30.095868],[31.621349,30.094085],[31.623653,30.093689],[31.625833,30.093536],[31.628011,30.093559],[31.629928,30.093908]]],[[[31.630294,30.091065],[31.633678,30.092289],[31.635444,30.092708],[31.635822,30.088625],[31.635817,30.085192],[31.634955,30.085146],[31.632887,30.084357],[31.629326,30.082073],[31.627461,30.080246],[31.625118,30.082235],[31.626983,30.083307],[31.628928,30.085537],[31.629827,30.087651],[31.630283,30.089655],[31.630294,30.091065]]],[[[31.635444,30.092708],[31.633678,30.092289],[31.630294,30.091065],[31.629928,30.093908],[31.630666,30.094042],[31.634912,30.095532],[31.635304,30.094056],[31.635444,30.092708]]],[[[31.617917,30.108285],[31.621957,30.109203],[31.624425,30.109992],[31.626329,30.110439],[31.62942,30.110942],[31.631063,30.110454],[31.631217,30.109771],[31.631278,30.107213],[31.631674,30.105542],[31.629618,30.104957],[31.626469,30.104587],[31.625075,30.104551],[31.62164,30.104735],[31.61933,30.104567],[31.617917,30.108285]]],[[[31.642962,30.10803],[31.643205,30.109133],[31.64776,30.108505],[31.647731,30.1081],[31.65164,30.107608],[31.650616,30.105858],[31.64934,30.106177],[31.645261,30.106186],[31.644183,30.106349],[31.642965,30.106765],[31.642962,30.10803]]],[[[31.61699,30.103699],[31.612926,30.101477],[31.612441,30.101112],[31.611873,30.101764],[31.612206,30.10313],[31.612831,30.104551],[31.613369,30.104915],[31.614115,30.105036],[31.614755,30.105424],[31.615328,30.106956],[31.615682,30.107454],[31.616348,30.107842],[31.617917,30.108285],[31.61933,30.104567],[31.618551,30.104369],[31.61699,30.103699]]],[[[31.629706,30.076868],[31.633147,30.07839],[31.633171,30.080136],[31.633765,30.081804],[31.633998,30.082192],[31.634644,30.082803],[31.635412,30.083296],[31.636275,30.083652],[31.63784,30.081831],[31.637449,30.081733],[31.636344,30.080003],[31.636559,30.079058],[31.637051,30.078432],[31.639051,30.076664],[31.639952,30.075656],[31.640211,30.074431],[31.640284,30.072671],[31.63426,30.073212],[31.632128,30.073225],[31.629706,30.076868]]],[[[31.640284,30.072671],[31.640211,30.074431],[31.639952,30.075656],[31.639051,30.076664],[31.637051,30.078432],[31.636559,30.079058],[31.636344,30.080003],[31.637449,30.081733],[31.638615,30.082025],[31.640628,30.082292],[31.64175,30.082759],[31.643085,30.084021],[31.643466,30.085308],[31.64561,30.084763],[31.647259,30.083958],[31.649865,30.082309],[31.648117,30.080159],[31.646896,30.078043],[31.646473,30.076495],[31.646269,30.072727],[31.640284,30.072671]]],[[[31.63784,30.081831],[31.636275,30.083652],[31.635817,30.085192],[31.638038,30.085507],[31.641879,30.085711],[31.643466,30.085308],[31.643085,30.084021],[31.64175,30.082759],[31.640628,30.082292],[31.63784,30.081831]]],[[[31.65359,30.08006],[31.653724,30.081633],[31.654371,30.083345],[31.658134,30.088043],[31.66476,30.084047],[31.666796,30.08256],[31.667542,30.081129],[31.667976,30.079853],[31.66742,30.079451],[31.664721,30.078712],[31.661451,30.07824],[31.658423,30.078483],[31.655451,30.079275],[31.65359,30.08006]]],[[[31.653673,30.090218],[31.648593,30.083114],[31.647259,30.083958],[31.64561,30.084763],[31.643466,30.085308],[31.644277,30.089729],[31.644399,30.092607],[31.644571,30.093106],[31.649004,30.092023],[31.653673,30.090218]]],[[[31.661451,30.07824],[31.662762,30.078429],[31.66287,30.078159],[31.663,30.077896],[31.66315,30.077641],[31.66332,30.077396],[31.663509,30.077161],[31.663715,30.076938],[31.663939,30.076728],[31.664179,30.076532],[31.664433,30.07635],[31.664701,30.076184],[31.664982,30.076034],[31.665273,30.075902],[31.665574,30.075787],[31.665884,30.075689],[31.666201,30.075611],[31.666523,30.075552],[31.666849,30.075511],[31.667177,30.075491],[31.667506,30.07549],[31.667629,30.074345],[31.667975,30.072941],[31.665477,30.072691],[31.661605,30.072792],[31.656727,30.072672],[31.652244,30.072702],[31.652317,30.080768],[31.65317,30.080238],[31.655451,30.079275],[31.658423,30.078483],[31.661451,30.07824]]],[[[31.636275,30.083652],[31.635412,30.083296],[31.634644,30.082803],[31.633998,30.082192],[31.633765,30.081804],[31.633171,30.080136],[31.633147,30.07839],[31.629706,30.076868],[31.627461,30.080246],[31.629326,30.082073],[31.632887,30.084357],[31.634955,30.085146],[31.635817,30.085192],[31.636275,30.083652]]],[[[31.74358,30.108677],[31.742805,30.110323],[31.742324,30.110732],[31.737925,30.111815],[31.737132,30.111854],[31.73608,30.111499],[31.734443,30.11146],[31.729802,30.112908],[31.728267,30.113077],[31.726489,30.113772],[31.72582,30.112342],[31.724919,30.111077],[31.721783,30.111565],[31.723578,30.12023],[31.722903,30.122503],[31.722262,30.123495],[31.725465,30.125251],[31.725943,30.125226],[31.726466,30.125021],[31.726905,30.124583],[31.727073,30.124022],[31.728023,30.123722],[31.728666,30.123714],[31.729653,30.124502],[31.730446,30.124671],[31.73119,30.124679],[31.731919,30.124539],[31.732347,30.124102],[31.732542,30.123596],[31.733409,30.12352],[31.734189,30.123942],[31.734385,30.123802],[31.732894,30.12281],[31.73259,30.121198],[31.732766,30.120983],[31.733114,30.120846],[31.73463,30.120729],[31.734751,30.121445],[31.734013,30.12156],[31.73426,30.122569],[31.734586,30.122506],[31.734563,30.121772],[31.735169,30.121712],[31.736107,30.121966],[31.736996,30.121833],[31.737081,30.122878],[31.736647,30.122921],[31.736735,30.123684],[31.736604,30.124408],[31.74095,30.127051],[31.741243,30.126613],[31.742067,30.126959],[31.743625,30.124063],[31.742639,30.123187],[31.744869,30.121944],[31.745655,30.121319],[31.746599,30.120197],[31.747726,30.118003],[31.747792,30.116798],[31.747358,30.11234],[31.746393,30.10948],[31.74358,30.108677]]],[[[31.717285,30.132695],[31.711307,30.133122],[31.712158,30.140963],[31.718124,30.140457],[31.717285,30.132695]]],[[[31.731892,30.138898],[31.734432,30.135872],[31.734377,30.133907],[31.734026,30.132957],[31.729519,30.129921],[31.725902,30.134036],[31.72652,30.139337],[31.731892,30.138898]]],[[[31.713774,30.125156],[31.710959,30.122667],[31.710283,30.121889],[31.697271,30.135824],[31.701589,30.138869],[31.713774,30.125156]]],[[[31.712158,30.140963],[31.711307,30.133122],[31.708507,30.131084],[31.701589,30.138869],[31.705518,30.141455],[31.712158,30.140963]]],[[[31.717285,30.132695],[31.716708,30.127353],[31.715188,30.126356],[31.713774,30.125156],[31.708507,30.131084],[31.711307,30.133122],[31.717285,30.132695]]],[[[31.722609,30.134353],[31.721942,30.127015],[31.717836,30.127469],[31.716708,30.127353],[31.717517,30.134844],[31.722609,30.134353]]],[[[31.721942,30.127015],[31.722609,30.134353],[31.725902,30.134036],[31.729519,30.129921],[31.725105,30.127013],[31.724339,30.126936],[31.721942,30.127015]]],[[[31.725099,30.140846],[31.723488,30.139799],[31.722609,30.134353],[31.717517,30.134844],[31.718124,30.140457],[31.722638,30.14346],[31.725099,30.140846]]],[[[31.731892,30.138898],[31.72652,30.139337],[31.722638,30.14346],[31.726171,30.145989],[31.732624,30.145608],[31.731892,30.138898]]],[[[31.722609,30.134353],[31.723488,30.139799],[31.725099,30.140846],[31.72652,30.139337],[31.725902,30.134036],[31.722609,30.134353]]],[[[31.704408,30.159336],[31.703923,30.152775],[31.702104,30.151617],[31.69699,30.157215],[31.699026,30.158918],[31.700713,30.159531],[31.702407,30.159583],[31.704408,30.159336]]],[[[31.689269,30.144546],[31.687861,30.150561],[31.69699,30.157215],[31.706325,30.146996],[31.694493,30.138818],[31.689749,30.143947],[31.689269,30.144546]]],[[[31.697734,30.173519],[31.698244,30.172544],[31.698481,30.172742],[31.699572,30.171472],[31.700639,30.17093],[31.701117,30.170494],[31.698708,30.168586],[31.699756,30.167467],[31.697938,30.166261],[31.699573,30.16459],[31.701094,30.165698],[31.704424,30.165537],[31.70381,30.15941],[31.702407,30.159583],[31.700713,30.159531],[31.699026,30.158918],[31.69699,30.157215],[31.68839,30.166633],[31.689331,30.168747],[31.691812,30.170385],[31.695134,30.172487],[31.697734,30.173519]]],[[[31.721783,30.111565],[31.706637,30.113821],[31.707748,30.115235],[31.708745,30.116122],[31.709256,30.117144],[31.710283,30.121889],[31.710959,30.122667],[31.713432,30.124865],[31.715188,30.126356],[31.716708,30.127353],[31.719632,30.125873],[31.721709,30.12435],[31.722903,30.122503],[31.723578,30.12023],[31.721783,30.111565]]],[[[31.689535,30.125857],[31.689976,30.123708],[31.686951,30.123785],[31.686882,30.125064],[31.682289,30.130697],[31.684372,30.13201],[31.689535,30.125857]]],[[[31.645139,30.168143],[31.636925,30.166678],[31.633761,30.166321],[31.631272,30.176849],[31.635456,30.17695],[31.640911,30.176806],[31.649096,30.170279],[31.646796,30.168325],[31.645139,30.168143]]],[[[31.632406,30.167703],[31.625035,30.166532],[31.623574,30.17279],[31.623114,30.17566],[31.624036,30.175609],[31.630345,30.176733],[31.632406,30.167703]]],[[[31.631493,30.178332],[31.630938,30.182552],[31.633172,30.182851],[31.638904,30.17841],[31.631493,30.178332]]],[[[31.598914,30.164042],[31.594401,30.163544],[31.592373,30.172532],[31.600679,30.173768],[31.60183,30.168964],[31.602422,30.168398],[31.598914,30.164042]]],[[[31.600679,30.173768],[31.604708,30.174601],[31.605049,30.17368],[31.605265,30.172489],[31.605075,30.171973],[31.602422,30.168398],[31.60183,30.168964],[31.600679,30.173768]]],[[[31.603357,30.148373],[31.59792,30.147487],[31.594401,30.163544],[31.598914,30.164042],[31.600675,30.156115],[31.601056,30.155685],[31.602113,30.155111],[31.602545,30.154572],[31.603896,30.149095],[31.603852,30.148682],[31.603357,30.148373]]],[[[31.615474,30.122341],[31.616981,30.122476],[31.617688,30.119391],[31.604962,30.117183],[31.602823,30.126628],[31.609955,30.127903],[31.614262,30.125388],[31.614484,30.124991],[31.614991,30.122816],[31.615133,30.122535],[31.615474,30.122341]]],[[[31.605629,30.163137],[31.604984,30.165865],[31.604518,30.167054],[31.604251,30.167333],[31.602422,30.168398],[31.605075,30.171973],[31.605265,30.172489],[31.605049,30.17368],[31.604708,30.174601],[31.609614,30.175559],[31.611746,30.166797],[31.611804,30.165407],[31.611642,30.164167],[31.605629,30.163137]]],[[[31.600114,30.158443],[31.598914,30.164042],[31.602422,30.168398],[31.604251,30.167333],[31.604518,30.167054],[31.604984,30.165865],[31.606345,30.159692],[31.605177,30.159246],[31.600114,30.158443]]],[[[31.605629,30.163137],[31.611642,30.164167],[31.611761,30.16293],[31.612584,30.159886],[31.609524,30.159249],[31.608242,30.158041],[31.605754,30.157342],[31.605484,30.158772],[31.605177,30.159246],[31.606345,30.159692],[31.605629,30.163137]]],[[[31.619358,30.15713],[31.611728,30.155908],[31.61095,30.159573],[31.618492,30.160959],[31.619358,30.15713]]],[[[31.609141,30.141025],[31.599826,30.139352],[31.59792,30.147487],[31.603357,30.148373],[31.603852,30.148682],[31.609512,30.145201],[31.609991,30.144392],[31.610773,30.141551],[31.610427,30.141174],[31.609141,30.141025]]],[[[31.618511,30.136026],[31.617395,30.140733],[31.628277,30.142787],[31.62888,30.140214],[31.624576,30.139526],[31.623137,30.139171],[31.622403,30.138655],[31.6206,30.136465],[31.618511,30.136026]]],[[[31.608531,30.134438],[31.601283,30.133139],[31.599826,30.139352],[31.610427,30.141174],[31.610623,30.141388],[31.611815,30.140774],[31.612687,30.140144],[31.612997,30.139675],[31.613962,30.135265],[31.608531,30.134438]]],[[[31.620223,30.141266],[31.612863,30.139877],[31.612687,30.140144],[31.611815,30.140774],[31.610623,30.141388],[31.610773,30.141551],[31.610365,30.142768],[31.619362,30.14437],[31.620223,30.141266]]],[[[31.618511,30.136026],[31.613962,30.135265],[31.612997,30.139675],[31.612863,30.139877],[31.617395,30.140733],[31.618511,30.136026]]],[[[31.613003,30.14673],[31.61461,30.14923],[31.615298,30.150041],[31.615744,30.150262],[31.626289,30.152089],[31.627563,30.14583],[31.614586,30.14352],[31.613949,30.146028],[31.613003,30.14673]]],[[[31.625395,30.151934],[31.615744,30.150262],[31.615298,30.150041],[31.61461,30.14923],[31.613003,30.14673],[31.610446,30.148162],[31.608443,30.149022],[31.607491,30.150098],[31.606709,30.152968],[31.612119,30.154066],[31.612307,30.153178],[31.614028,30.153327],[31.616082,30.154716],[31.624454,30.156117],[31.625395,30.151934]]],[[[31.626289,30.152089],[31.625395,30.151934],[31.623218,30.161615],[31.624286,30.161763],[31.626289,30.152089]]],[[[31.612119,30.154066],[31.606709,30.152968],[31.605754,30.157342],[31.608242,30.158041],[31.609524,30.159249],[31.61095,30.159573],[31.612119,30.154066]]],[[[31.619765,30.155331],[31.618492,30.160959],[31.623218,30.161615],[31.624454,30.156117],[31.619765,30.155331]]],[[[31.611728,30.155908],[31.619358,30.15713],[31.619765,30.155331],[31.616082,30.154716],[31.614028,30.153327],[31.612307,30.153178],[31.611728,30.155908]]],[[[31.605204,30.147857],[31.606244,30.149188],[31.60611,30.14975],[31.607643,30.149926],[31.608443,30.149022],[31.610446,30.148162],[31.613003,30.14673],[31.613949,30.146028],[31.614586,30.14352],[31.610365,30.142768],[31.609991,30.144392],[31.609512,30.145201],[31.605204,30.147857]]],[[[31.617299,30.131837],[31.617807,30.129949],[31.630734,30.132178],[31.632295,30.12526],[31.616981,30.122476],[31.615534,30.128511],[31.615125,30.129042],[31.613324,30.130142],[31.613037,30.131035],[31.613104,30.131913],[31.613661,30.132743],[31.614467,30.133551],[31.617072,30.132063],[31.617299,30.131837]]],[[[31.621065,30.130511],[31.620501,30.132944],[31.624419,30.133552],[31.625977,30.132702],[31.62624,30.131403],[31.621065,30.130511]]],[[[31.611897,30.134999],[31.612099,30.133989],[31.613014,30.134153],[31.612504,30.133412],[31.613661,30.132743],[31.613008,30.131665],[31.613037,30.131035],[31.613324,30.130142],[31.612185,30.129956],[31.611945,30.131407],[31.611076,30.131323],[31.610897,30.132101],[31.611684,30.132238],[31.611445,30.13332],[31.610648,30.133205],[31.610281,30.13473],[31.611897,30.134999]]],[[[31.609955,30.127903],[31.602823,30.126628],[31.601283,30.133139],[31.610281,30.13473],[31.611497,30.12986],[31.609955,30.127903]]],[[[31.630313,30.121545],[31.628983,30.121313],[31.628636,30.121135],[31.628094,30.120609],[31.627262,30.119406],[31.626772,30.119304],[31.626469,30.120766],[31.624923,30.120619],[31.624763,30.121377],[31.622847,30.121119],[31.622372,30.123456],[31.626121,30.124138],[31.626468,30.122654],[31.629982,30.123125],[31.630313,30.121545]]],[[[31.61111,30.114866],[31.613097,30.1137],[31.613687,30.113634],[31.619237,30.114591],[31.620091,30.114944],[31.620311,30.113991],[31.619265,30.113762],[31.618618,30.113466],[31.614801,30.110661],[31.606705,30.109205],[31.605685,30.113854],[31.61111,30.114866]]],[[[31.615752,30.122327],[31.615297,30.122409],[31.614991,30.122816],[31.614415,30.125227],[31.612286,30.1266],[31.612922,30.127381],[31.611683,30.128259],[31.612538,30.129281],[31.612356,30.12998],[31.613324,30.130142],[31.615125,30.129042],[31.615534,30.128511],[31.616981,30.122476],[31.615752,30.122327]]],[[[31.630021,30.135265],[31.625608,30.134527],[31.624595,30.139529],[31.62888,30.140214],[31.630021,30.135265]]],[[[31.625608,30.134527],[31.630021,30.135265],[31.630734,30.132178],[31.62624,30.131403],[31.625608,30.134527]]],[[[31.613962,30.135265],[31.618511,30.136026],[31.61986,30.130303],[31.617807,30.129949],[31.617299,30.131837],[31.617072,30.132063],[31.614467,30.133551],[31.614112,30.134423],[31.613962,30.135265]]],[[[31.619282,30.132755],[31.618511,30.136026],[31.6206,30.136465],[31.621537,30.137552],[31.623885,30.136021],[31.624419,30.133552],[31.619282,30.132755]]],[[[31.625262,30.136237],[31.623885,30.136021],[31.621537,30.137552],[31.622403,30.138655],[31.623137,30.139171],[31.624595,30.139529],[31.625262,30.136237]]],[[[31.626117,30.115792],[31.621153,30.114912],[31.620932,30.115269],[31.620508,30.115332],[31.620346,30.11611],[31.620124,30.116486],[31.619178,30.11706],[31.620012,30.118051],[31.625315,30.119004],[31.626117,30.115792]]],[[[31.620012,30.118051],[31.619178,30.11706],[31.618364,30.117569],[31.618068,30.117986],[31.616981,30.122476],[31.622372,30.123456],[31.623349,30.118652],[31.620012,30.118051]]],[[[31.613097,30.1137],[31.61112,30.114832],[31.610351,30.118095],[31.617688,30.119391],[31.618196,30.117716],[31.620124,30.116486],[31.620346,30.11611],[31.620508,30.115332],[31.620237,30.115207],[31.620091,30.114944],[31.619237,30.114591],[31.613687,30.113634],[31.613097,30.1137]]],[[[31.61111,30.114866],[31.605685,30.113854],[31.604962,30.117183],[31.610351,30.118095],[31.61111,30.114866]]],[[[31.639812,30.167161],[31.645139,30.168143],[31.646796,30.168325],[31.649096,30.170279],[31.653531,30.166786],[31.640412,30.164534],[31.639812,30.167161]]],[[[31.625035,30.166532],[31.632406,30.167703],[31.633391,30.163386],[31.624286,30.161763],[31.623774,30.163784],[31.62409,30.164482],[31.624679,30.165183],[31.625069,30.165903],[31.625035,30.166532]]],[[[31.655367,30.120724],[31.655495,30.121106],[31.656739,30.122626],[31.656797,30.122849],[31.655922,30.12672],[31.665339,30.12832],[31.667095,30.120677],[31.655741,30.118998],[31.655367,30.120724]]],[[[31.647162,30.165693],[31.653531,30.166786],[31.655563,30.165104],[31.657567,30.162438],[31.649831,30.161205],[31.649738,30.161405],[31.648076,30.162343],[31.647692,30.163034],[31.647162,30.165693]]],[[[31.658603,30.157705],[31.650992,30.15659],[31.650303,30.159801],[31.657923,30.160959],[31.658603,30.157705]]],[[[31.656983,30.154078],[31.657525,30.154157],[31.65735,30.154807],[31.655604,30.154553],[31.655043,30.157184],[31.658603,30.157705],[31.659706,30.152905],[31.657974,30.152763],[31.657163,30.152858],[31.657177,30.153644],[31.656983,30.154078]]],[[[31.65433,30.153755],[31.657123,30.152863],[31.657974,30.152763],[31.659706,30.152905],[31.66041,30.149839],[31.654699,30.148999],[31.654113,30.150097],[31.652225,30.151206],[31.651621,30.153716],[31.652846,30.153944],[31.65433,30.153755]]],[[[31.65543,30.145384],[31.661195,30.146415],[31.661897,30.143351],[31.655813,30.142556],[31.655933,30.143017],[31.65543,30.145384]]],[[[31.661195,30.146415],[31.65543,30.145384],[31.655199,30.146658],[31.660729,30.14845],[31.661195,30.146415]]],[[[31.66368,30.135562],[31.654292,30.133922],[31.653708,30.136418],[31.660485,30.143167],[31.661897,30.143351],[31.66368,30.135562]]],[[[31.665339,30.12832],[31.655922,30.12672],[31.654292,30.133922],[31.66368,30.135562],[31.665339,30.12832]]],[[[31.655922,30.12672],[31.650445,30.125514],[31.650531,30.124973],[31.646902,30.124374],[31.643688,30.137985],[31.643097,30.141062],[31.643337,30.14178],[31.645107,30.143818],[31.644418,30.146719],[31.644328,30.147782],[31.645799,30.149816],[31.645865,30.15049],[31.644575,30.155361],[31.643868,30.155896],[31.642838,30.156341],[31.64208,30.15692],[31.640412,30.164534],[31.647162,30.165693],[31.647692,30.163034],[31.648076,30.162343],[31.649738,30.161405],[31.65015,30.160519],[31.652225,30.151206],[31.654113,30.150097],[31.654676,30.149104],[31.655933,30.143017],[31.655695,30.142103],[31.654248,30.140156],[31.653386,30.139301],[31.6533,30.13828],[31.655922,30.12672]]],[[[31.639644,30.14521],[31.63081,30.143849],[31.62936,30.143514],[31.628277,30.142787],[31.627279,30.14704],[31.624286,30.161763],[31.634416,30.163551],[31.636101,30.155729],[31.63557,30.154442],[31.635866,30.152839],[31.636102,30.15206],[31.636806,30.151698],[31.637287,30.151269],[31.637599,30.150339],[31.638213,30.147458],[31.63842,30.146983],[31.639279,30.146275],[31.639644,30.14521]]],[[[31.646902,30.124374],[31.650531,30.124973],[31.650445,30.125514],[31.655922,30.12672],[31.656797,30.122849],[31.656739,30.122626],[31.655735,30.121446],[31.655386,30.120857],[31.655782,30.118809],[31.651417,30.119845],[31.649142,30.120631],[31.647799,30.120453],[31.646902,30.124374]]],[[[31.641781,30.158287],[31.639444,30.157913],[31.63946,30.156719],[31.638967,30.156236],[31.636101,30.155729],[31.634416,30.163551],[31.640412,30.164534],[31.641781,30.158287]]],[[[31.635645,30.13719],[31.629783,30.136298],[31.628277,30.142787],[31.62936,30.143514],[31.63081,30.143849],[31.634427,30.144368],[31.6346,30.143833],[31.635067,30.143382],[31.635413,30.142198],[31.636376,30.137203],[31.635645,30.13719]]],[[[31.636511,30.136495],[31.635067,30.143382],[31.6346,30.143833],[31.634427,30.144368],[31.639644,30.14521],[31.640338,30.14188],[31.640694,30.141406],[31.642053,30.140638],[31.642735,30.137824],[31.636511,30.136495]]],[[[31.641738,30.11851],[31.634081,30.117259],[31.632295,30.12526],[31.635989,30.125771],[31.639675,30.12646],[31.640316,30.125251],[31.641738,30.11851]]],[[[31.640316,30.125251],[31.639675,30.12646],[31.640311,30.127444],[31.645973,30.128475],[31.648129,30.118929],[31.646324,30.118911],[31.643628,30.118555],[31.641738,30.11851],[31.640316,30.125251]]],[[[31.637514,30.136709],[31.642735,30.137824],[31.643408,30.134704],[31.64444,30.134861],[31.645973,30.128475],[31.640311,30.127444],[31.639681,30.127871],[31.638258,30.133305],[31.637514,30.136709]]],[[[31.776858,30.10893],[31.775924,30.102458],[31.772523,30.102815],[31.773494,30.109299],[31.776858,30.10893]]],[[[31.675466,30.147791],[31.681175,30.140697],[31.680021,30.13737],[31.679174,30.137361],[31.677886,30.137138],[31.675526,30.135571],[31.674822,30.135389],[31.672368,30.146047],[31.675466,30.147791]]],[[[31.692505,30.118641],[31.693927,30.113824],[31.692235,30.113497],[31.690979,30.11916],[31.693259,30.120735],[31.694324,30.121094],[31.694871,30.119134],[31.692505,30.118641]]],[[[31.691827,30.124078],[31.692002,30.123208],[31.692372,30.123304],[31.693148,30.122329],[31.691752,30.121247],[31.690626,30.120751],[31.689976,30.123708],[31.691827,30.124078]]],[[[31.628968,30.180604],[31.628807,30.182211],[31.630938,30.182552],[31.631159,30.180868],[31.628968,30.180604]]],[[[31.625315,30.119004],[31.627262,30.119406],[31.628094,30.120609],[31.628636,30.121135],[31.628983,30.121313],[31.630313,30.121545],[31.631297,30.117739],[31.625867,30.116791],[31.625315,30.119004]]],[[[31.612922,30.127381],[31.612286,30.1266],[31.609955,30.127903],[31.611456,30.129839],[31.612356,30.12998],[31.612538,30.129281],[31.611683,30.128259],[31.612922,30.127381]]],[[[31.600114,30.158443],[31.605177,30.159246],[31.605484,30.158772],[31.605698,30.15771],[31.604126,30.157523],[31.604361,30.156407],[31.602196,30.155995],[31.60161,30.155366],[31.601056,30.155685],[31.600675,30.156115],[31.600114,30.158443]]],[[[31.603753,30.149824],[31.605903,30.150172],[31.605689,30.151299],[31.607121,30.151484],[31.607491,30.150098],[31.607643,30.149926],[31.60611,30.14975],[31.606244,30.149188],[31.605204,30.147857],[31.603852,30.148682],[31.603753,30.149824]]],[[[31.691599,30.163119],[31.68738,30.160588],[31.687808,30.161788],[31.68787,30.163226],[31.687772,30.164523],[31.68739,30.165957],[31.68839,30.166633],[31.691599,30.163119]]],[[[31.723194,30.143854],[31.721908,30.145276],[31.725036,30.147279],[31.726171,30.145989],[31.723194,30.143854]]],[[[31.718503,30.14069],[31.715978,30.143494],[31.716826,30.143929],[31.717549,30.14414],[31.718723,30.144095],[31.719946,30.143588],[31.720286,30.143647],[31.720561,30.143835],[31.720578,30.144188],[31.721908,30.145276],[31.723194,30.143854],[31.718503,30.14069]]],[[[31.722262,30.123495],[31.721709,30.12435],[31.721072,30.124817],[31.722034,30.125562],[31.723179,30.125692],[31.725175,30.125533],[31.725465,30.125251],[31.722262,30.123495]]],[[[31.691536,30.125148],[31.689726,30.124923],[31.689535,30.125857],[31.689228,30.126228],[31.691127,30.127258],[31.692493,30.125986],[31.691473,30.12538],[31.691536,30.125148]]],[[[31.620223,30.141266],[31.619362,30.14437],[31.627563,30.14583],[31.628277,30.142787],[31.620223,30.141266]]],[[[31.621065,30.130511],[31.61986,30.130303],[31.619282,30.132755],[31.620501,30.132944],[31.621065,30.130511]]],[[[31.610648,30.133205],[31.611445,30.13332],[31.611684,30.132238],[31.610897,30.132101],[31.610648,30.133205]]],[[[31.611076,30.131323],[31.611945,30.131407],[31.612185,30.129956],[31.611497,30.12986],[31.611076,30.131323]]],[[[31.612099,30.133989],[31.611897,30.134999],[31.613962,30.135265],[31.614142,30.134302],[31.612099,30.133989]]],[[[31.612504,30.133412],[31.613014,30.134153],[31.614142,30.134302],[31.614467,30.133551],[31.613661,30.132743],[31.612504,30.133412]]],[[[31.655306,30.104381],[31.656997,30.104717],[31.657016,30.103957],[31.657098,30.103199],[31.657243,30.102449],[31.657451,30.101711],[31.657721,30.100987],[31.658051,30.100282],[31.658439,30.099601],[31.658883,30.098945],[31.659381,30.09832],[31.657879,30.09611],[31.656045,30.096997],[31.655856,30.097288],[31.655675,30.098267],[31.655318,30.098639],[31.65484,30.098815],[31.654063,30.098507],[31.653516,30.097775],[31.653055,30.097455],[31.652551,30.097367],[31.651514,30.097541],[31.651116,30.097458],[31.649936,30.096083],[31.649449,30.096005],[31.648475,30.096666],[31.649051,30.097529],[31.649519,30.098692],[31.649505,30.099709],[31.648378,30.102503],[31.648448,30.10324],[31.648839,30.104191],[31.650616,30.105858],[31.651587,30.105147],[31.652682,30.104606],[31.65379,30.104381],[31.655306,30.104381]]],[[[31.666896,30.093745],[31.667306,30.09226],[31.667748,30.092039],[31.667952,30.091633],[31.66784,30.0912],[31.6674,30.090893],[31.66729,30.089052],[31.668331,30.088845],[31.6683,30.087593],[31.66558,30.087928],[31.663818,30.088365],[31.662122,30.088967],[31.662469,30.089938],[31.661781,30.090257],[31.661489,30.090886],[31.661641,30.091417],[31.662024,30.091762],[31.660879,30.092012],[31.661732,30.093353],[31.663364,30.092717],[31.664027,30.094735],[31.666249,30.094915],[31.665868,30.096452],[31.667124,30.096857],[31.668063,30.094071],[31.666896,30.093745]]],[[[31.625215,30.070881],[31.623684,30.071504],[31.623197,30.072363],[31.622757,30.07272],[31.622289,30.07288],[31.621549,30.072936],[31.621007,30.073237],[31.62081,30.07396],[31.620965,30.074348],[31.621282,30.074653],[31.620934,30.074938],[31.620566,30.074779],[31.620099,30.074801],[31.619153,30.075605],[31.61926,30.076104],[31.619718,30.07651],[31.619581,30.076859],[31.619135,30.076867],[31.619143,30.076311],[31.618946,30.075976],[31.618698,30.075823],[31.618461,30.075812],[31.618256,30.076064],[31.618227,30.076371],[31.618429,30.07679],[31.618173,30.077039],[31.617849,30.076843],[31.617938,30.076242],[31.617808,30.075826],[31.61729,30.075774],[31.616808,30.07604],[31.616963,30.077294],[31.617305,30.077541],[31.617879,30.077571],[31.618021,30.077815],[31.617772,30.077984],[31.617238,30.077845],[31.616878,30.077898],[31.616575,30.078175],[31.616514,30.078595],[31.616714,30.078838],[31.616999,30.078935],[31.617727,30.078692],[31.618175,30.078705],[31.619063,30.079156],[31.61852,30.080807],[31.621089,30.080861],[31.624062,30.081628],[31.625118,30.082235],[31.627461,30.080246],[31.626667,30.078429],[31.62622,30.074314],[31.626206,30.072392],[31.625215,30.070881]]],[[[31.621605,30.065701],[31.624096,30.069264],[31.627257,30.067887],[31.62637,30.066832],[31.627466,30.065772],[31.625929,30.063979],[31.623535,30.06547],[31.623122,30.064943],[31.621605,30.065701]]],[[[31.625929,30.063979],[31.627466,30.065772],[31.628626,30.06662],[31.629572,30.065585],[31.63035,30.063581],[31.630468,30.06157],[31.629,30.061268],[31.628788,30.059227],[31.627055,30.058608],[31.625929,30.063979]]],[[[31.613115,30.053201],[31.614282,30.054738],[31.616659,30.054475],[31.616495,30.052785],[31.616618,30.051659],[31.616923,30.050559],[31.614408,30.050009],[31.613103,30.052929],[31.613115,30.053201]]],[[[31.616604,30.051733],[31.616494,30.053097],[31.616659,30.054475],[31.617536,30.055708],[31.618703,30.056744],[31.622825,30.059299],[31.625241,30.056413],[31.625685,30.054607],[31.616604,30.051733]]],[[[31.621482,30.04865],[31.619269,30.049575],[31.626307,30.051833],[31.628247,30.050546],[31.627785,30.049209],[31.624112,30.049824],[31.622379,30.048572],[31.621482,30.04865]]],[[[31.637513,30.044918],[31.632195,30.044953],[31.632061,30.044965],[31.631928,30.044984],[31.631796,30.045012],[31.631668,30.045048],[31.631542,30.045091],[31.63142,30.045141],[31.631302,30.045199],[31.631189,30.045264],[31.631082,30.045335],[31.63098,30.045412],[31.630885,30.045495],[31.630796,30.045584],[31.630715,30.045678],[31.630641,30.045777],[31.630576,30.045879],[31.630518,30.045986],[31.630469,30.046095],[31.630429,30.046208],[31.630398,30.046322],[31.630376,30.046438],[31.630363,30.046555],[31.63036,30.046673],[31.630365,30.04679],[31.63038,30.046907],[31.630405,30.047023],[31.630438,30.047136],[31.63048,30.047248],[31.630531,30.047357],[31.63059,30.047463],[31.630658,30.047564],[31.630733,30.047662],[31.630816,30.047755],[31.630906,30.047842],[31.631003,30.047924],[31.631106,30.048],[31.631215,30.04807],[31.631329,30.048133],[31.631448,30.048189],[31.631571,30.048238],[31.631697,30.048279],[31.631827,30.048313],[31.634725,30.048276],[31.637674,30.048685],[31.637513,30.044918]]],[[[31.643744,30.057281],[31.644122,30.056578],[31.64444,30.05672],[31.64493,30.056008],[31.644661,30.055845],[31.644674,30.055359],[31.644851,30.054731],[31.645201,30.05416],[31.646468,30.054194],[31.646482,30.053156],[31.644672,30.052377],[31.642938,30.051469],[31.64183,30.053351],[31.641028,30.054101],[31.641038,30.054537],[31.641238,30.05487],[31.640661,30.055975],[31.643744,30.057281]]],[[[31.66174,30.049897],[31.661826,30.046352],[31.658155,30.046365],[31.658021,30.047752],[31.656706,30.04834],[31.654428,30.049019],[31.655133,30.052304],[31.66174,30.049897]]],[[[31.653,30.072697],[31.652357,30.066788],[31.645424,30.068467],[31.64561,30.072727],[31.653,30.072697]]],[[[31.657088,30.072681],[31.657106,30.071356],[31.656107,30.071345],[31.65614,30.070309],[31.654524,30.070326],[31.654486,30.072687],[31.657088,30.072681]]],[[[31.657051,30.06408],[31.656878,30.061185],[31.653832,30.061807],[31.653454,30.064211],[31.657051,30.06408]]],[[[31.662047,30.067927],[31.662771,30.067962],[31.662833,30.067435],[31.661314,30.067358],[31.660545,30.067754],[31.660806,30.068798],[31.661526,30.068572],[31.661568,30.068099],[31.662047,30.067927]]],[[[31.683967,30.069429],[31.683616,30.068008],[31.683222,30.068045],[31.683274,30.068251],[31.682099,30.068369],[31.681991,30.068182],[31.681745,30.068099],[31.681443,30.068258],[31.681481,30.068644],[31.681821,30.068545],[31.681981,30.068978],[31.681759,30.069695],[31.682973,30.070166],[31.683351,30.07017],[31.683923,30.06984],[31.683967,30.069429]]],[[[31.685137,30.087541],[31.684201,30.087204],[31.683901,30.084902],[31.683148,30.084999],[31.681578,30.085584],[31.677917,30.087455],[31.676892,30.087706],[31.674729,30.087739],[31.674856,30.088897],[31.674703,30.090868],[31.67404,30.091886],[31.679997,30.093721],[31.682875,30.093636],[31.683011,30.091491],[31.683389,30.090338],[31.684053,30.088906],[31.685076,30.087829],[31.685137,30.087541]]],[[[31.705406,30.087614],[31.690444,30.087691],[31.693819,30.091128],[31.694325,30.090835],[31.695945,30.09216],[31.697125,30.090793],[31.697737,30.090455],[31.698796,30.090213],[31.699316,30.090861],[31.700138,30.090571],[31.701876,30.093045],[31.704374,30.091807],[31.705019,30.09094],[31.705375,30.089979],[31.705406,30.087614]]],[[[31.707947,30.093817],[31.706761,30.09298],[31.704823,30.096011],[31.702641,30.098753],[31.710417,30.103817],[31.710282,30.098254],[31.707289,30.096753],[31.707947,30.093817]]],[[[31.730199,30.125344],[31.72955,30.124777],[31.728538,30.125204],[31.729568,30.126474],[31.729936,30.12645],[31.731474,30.125182],[31.731107,30.124904],[31.730476,30.125342],[31.730356,30.125229],[31.730199,30.125344]]],[[[31.729519,30.129921],[31.732135,30.131671],[31.733004,30.128209],[31.731716,30.127822],[31.730433,30.127047],[31.729617,30.126936],[31.729333,30.12705],[31.728673,30.127573],[31.730439,30.128908],[31.729519,30.129921]]],[[[31.73258,30.129898],[31.732346,30.130831],[31.734481,30.1313],[31.735384,30.131317],[31.735421,30.130639],[31.734993,30.130643],[31.734983,30.129965],[31.735745,30.12989],[31.735737,30.129733],[31.736498,30.129699],[31.736474,30.129409],[31.73476,30.12955],[31.734734,30.129326],[31.73367,30.129217],[31.733531,30.129728],[31.734213,30.129908],[31.734016,30.130444],[31.732962,30.130268],[31.733033,30.129996],[31.73258,30.129898]]],[[[31.734655,30.128316],[31.733937,30.128303],[31.733927,30.12871],[31.734632,30.128712],[31.734655,30.128316]]],[[[31.740269,30.13167],[31.740276,30.132523],[31.740382,30.132512],[31.740451,30.133027],[31.741251,30.132936],[31.741068,30.13162],[31.740269,30.13167]]],[[[31.771291,30.133861],[31.768211,30.139149],[31.773605,30.142509],[31.775937,30.139873],[31.775466,30.139561],[31.775019,30.139224],[31.774598,30.138862],[31.774205,30.138477],[31.773842,30.138071],[31.773509,30.137646],[31.773208,30.137202],[31.772941,30.136743],[31.772709,30.13627],[31.772512,30.135784],[31.772352,30.135289],[31.772229,30.134786],[31.772143,30.134277],[31.771291,30.133861]]],[[[31.78137,30.141263],[31.784286,30.141187],[31.785405,30.140744],[31.785505,30.140374],[31.785459,30.138314],[31.785498,30.138094],[31.785554,30.137876],[31.785626,30.137662],[31.785714,30.137453],[31.785817,30.137249],[31.785936,30.137051],[31.78607,30.136861],[31.786217,30.136679],[31.786378,30.136505],[31.786552,30.136341],[31.786738,30.136187],[31.786935,30.136045],[31.787142,30.135914],[31.787359,30.135795],[31.787585,30.135688],[31.787817,30.135595],[31.788057,30.135515],[31.788302,30.135449],[31.788551,30.135397],[31.78981,30.134576],[31.790869,30.133564],[31.791692,30.132398],[31.795215,30.133028],[31.795665,30.131569],[31.795793,30.130568],[31.795779,30.129561],[31.795552,30.128302],[31.795106,30.127306],[31.792699,30.123654],[31.791852,30.123043],[31.79098,30.122793],[31.775173,30.123059],[31.774672,30.127132],[31.775593,30.127409],[31.774975,30.129483],[31.776368,30.129867],[31.776446,30.129741],[31.776535,30.12962],[31.776632,30.129504],[31.776739,30.129395],[31.776855,30.129292],[31.776978,30.129197],[31.777109,30.12911],[31.777246,30.129031],[31.77739,30.12896],[31.777539,30.128898],[31.777692,30.128846],[31.777849,30.128803],[31.77801,30.128769],[31.778173,30.128746],[31.778337,30.128733],[31.778502,30.128729],[31.778666,30.128736],[31.77883,30.128753],[31.778992,30.128779],[31.779152,30.128816],[31.779308,30.128862],[31.77946,30.128917],[31.779607,30.128982],[31.779749,30.129056],[31.779884,30.129138],[31.781591,30.129071],[31.783149,30.129518],[31.784233,30.130022],[31.785077,30.130813],[31.786234,30.131112],[31.786722,30.13192],[31.786008,30.132181],[31.786056,30.132492],[31.786081,30.132805],[31.786081,30.133118],[31.786056,30.133431],[31.786008,30.133742],[31.785935,30.134049],[31.785838,30.134351],[31.785719,30.134647],[31.785576,30.134935],[31.785411,30.135214],[31.785225,30.135482],[31.785019,30.13574],[31.784793,30.135984],[31.784549,30.136215],[31.784287,30.13643],[31.784009,30.13663],[31.783716,30.136813],[31.783409,30.136978],[31.783091,30.137125],[31.782761,30.137253],[31.782423,30.137362],[31.781368,30.137575],[31.78137,30.141263]]],[[[31.799654,30.117325],[31.799309,30.114604],[31.798121,30.114733],[31.798002,30.113467],[31.793546,30.114129],[31.79372,30.115396],[31.792694,30.11548],[31.792139,30.121614],[31.793294,30.121603],[31.793315,30.119845],[31.797278,30.119811],[31.797157,30.118709],[31.798452,30.118603],[31.798331,30.117501],[31.799654,30.117325]]],[[[31.798283,30.111347],[31.798104,30.110431],[31.799127,30.11005],[31.798519,30.108995],[31.795604,30.107543],[31.793548,30.107749],[31.79325,30.111031],[31.793803,30.110931],[31.794013,30.112103],[31.798283,30.111347]]],[[[31.767881,30.145188],[31.772219,30.147969],[31.774005,30.146531],[31.769534,30.143511],[31.767881,30.145188]]],[[[31.779888,30.039014],[31.774184,30.039173],[31.772229,30.043026],[31.771559,30.044037],[31.774176,30.045111],[31.775337,30.045821],[31.775874,30.046684],[31.780406,30.061572],[31.780244,30.062842],[31.779272,30.064614],[31.784871,30.06705],[31.786462,30.062391],[31.786479,30.061024],[31.786134,30.059368],[31.779888,30.039014]]],[[[31.733576,30.152448],[31.733301,30.151818],[31.732624,30.145608],[31.726171,30.145989],[31.723842,30.148635],[31.732283,30.153423],[31.733576,30.152448]]],[[[31.744937,30.161586],[31.740491,30.16098],[31.741949,30.165993],[31.756661,30.162535],[31.770345,30.163223],[31.76799,30.159943],[31.765624,30.155193],[31.7644,30.153907],[31.761601,30.154591],[31.758307,30.154266],[31.754462,30.155136],[31.755504,30.159007],[31.751818,30.159812],[31.744937,30.161586]]],[[[31.669836,30.13131],[31.670315,30.132277],[31.672326,30.13262],[31.67201,30.133809],[31.669444,30.133411],[31.669254,30.134358],[31.673003,30.134952],[31.67449,30.12942],[31.671944,30.129115],[31.669551,30.130208],[31.669836,30.13131]]],[[[31.686951,30.123785],[31.684259,30.123612],[31.677709,30.125205],[31.676965,30.125722],[31.676397,30.128161],[31.67561,30.134439],[31.678453,30.134701],[31.680863,30.136256],[31.684372,30.13201],[31.682289,30.130697],[31.686882,30.125064],[31.686951,30.123785]]],[[[31.693927,30.113824],[31.693334,30.115833],[31.695664,30.116295],[31.696269,30.114252],[31.693927,30.113824]]],[[[31.688646,30.137526],[31.689148,30.135777],[31.686208,30.135092],[31.683435,30.133111],[31.681023,30.136045],[31.684835,30.138345],[31.685269,30.136897],[31.688646,30.137526]]],[[[31.671915,30.14779],[31.673998,30.149615],[31.675466,30.147791],[31.672368,30.146047],[31.671915,30.14779]]],[[[31.676215,30.159677],[31.672805,30.158888],[31.668838,30.158634],[31.668802,30.157713],[31.665477,30.156012],[31.664747,30.157681],[31.66435,30.162441],[31.665987,30.162778],[31.669846,30.162264],[31.672123,30.162287],[31.671937,30.163682],[31.674875,30.164352],[31.676215,30.159677]]],[[[31.673234,30.135004],[31.666792,30.13389],[31.663849,30.147447],[31.669798,30.148351],[31.673234,30.135004]]],[[[31.68839,30.166633],[31.685027,30.171914],[31.681896,30.177366],[31.681796,30.180282],[31.705483,30.176115],[31.705284,30.174131],[31.70044,30.174188],[31.698306,30.173746],[31.695134,30.172487],[31.689331,30.168747],[31.68839,30.166633]]],[[[31.62823,30.178298],[31.627948,30.179665],[31.628752,30.180059],[31.629346,30.1795],[31.629478,30.179185],[31.629417,30.17831],[31.62823,30.178298]]],[[[31.629721,30.176656],[31.624036,30.175609],[31.623114,30.17566],[31.622916,30.176729],[31.629665,30.177078],[31.629721,30.176656]]],[[[31.657039,30.147254],[31.655199,30.146658],[31.654699,30.148999],[31.656498,30.149264],[31.657039,30.147254]]],[[[31.656755,30.119148],[31.660879,30.119758],[31.661016,30.119012],[31.65689,30.118345],[31.656755,30.119148]]],[[[31.667723,30.117944],[31.663912,30.11734],[31.663237,30.120107],[31.667095,30.120677],[31.667723,30.117944]]],[[[31.639623,30.154706],[31.638443,30.153491],[31.638245,30.152912],[31.638248,30.152428],[31.638449,30.15185],[31.636017,30.15234],[31.63557,30.154442],[31.636101,30.155729],[31.638967,30.156236],[31.63946,30.156719],[31.639753,30.156768],[31.639881,30.155621],[31.6398,30.155083],[31.639623,30.154706]]],[[[31.721031,30.173126],[31.720264,30.170761],[31.705284,30.174131],[31.705483,30.176115],[31.711315,30.175072],[31.721031,30.173126]]],[[[31.504468,30.065903],[31.510179,30.068423],[31.511501,30.066115],[31.511658,30.065439],[31.511613,30.064751],[31.510963,30.063147],[31.504967,30.064282],[31.50492,30.065142],[31.504468,30.065903]]],[[[31.464737,30.078581],[31.466002,30.078625],[31.466591,30.07831],[31.468016,30.079172],[31.4685,30.079231],[31.46863,30.07916],[31.468446,30.07678],[31.471601,30.077086],[31.474175,30.071254],[31.474306,30.070698],[31.471772,30.070043],[31.469795,30.069867],[31.467291,30.069466],[31.465683,30.069351],[31.464086,30.069433],[31.46294,30.069806],[31.461754,30.069978],[31.454149,30.073425],[31.456604,30.07714],[31.456774,30.078101],[31.456532,30.079648],[31.458528,30.079845],[31.459118,30.078912],[31.460384,30.077782],[31.461029,30.077561],[31.463316,30.078261],[31.46401,30.077885],[31.464086,30.078273],[31.464737,30.078581]]],[[[31.521932,30.062811],[31.520572,30.060074],[31.517316,30.061343],[31.519392,30.065734],[31.521112,30.070514],[31.522091,30.07026],[31.524161,30.069115],[31.521932,30.062811]]],[[[31.530538,30.065156],[31.535182,30.061866],[31.535313,30.061717],[31.535433,30.061561],[31.535542,30.061399],[31.535638,30.061231],[31.535722,30.061058],[31.535794,30.060881],[31.535852,30.060701],[31.535897,30.060517],[31.535929,30.060332],[31.535947,30.060145],[31.535952,30.059958],[31.535943,30.05977],[31.535921,30.059584],[31.535885,30.059399],[31.535836,30.059216],[31.53184,30.05178],[31.528992,30.054486],[31.526846,30.056223],[31.524352,30.057849],[31.527235,30.063288],[31.529554,30.062383],[31.530538,30.065156]]],[[[31.496965,30.074163],[31.497702,30.07618],[31.502195,30.075345],[31.501221,30.070681],[31.501219,30.070043],[31.498643,30.070619],[31.497583,30.072565],[31.496533,30.073739],[31.496965,30.074163]]],[[[31.504361,30.073132],[31.504262,30.071743],[31.504848,30.070315],[31.503045,30.069773],[31.501219,30.070043],[31.501221,30.070681],[31.501811,30.07352],[31.504361,30.073132]]],[[[31.516165,30.052568],[31.514207,30.04953],[31.51188,30.050581],[31.513433,30.053763],[31.516165,30.052568]]],[[[31.4461,30.029644],[31.44389,30.027581],[31.443346,30.027502],[31.442664,30.027588],[31.441633,30.028418],[31.440296,30.029833],[31.439562,30.030875],[31.439441,30.035361],[31.447483,30.035269],[31.447421,30.030362],[31.4461,30.029644]]],[[[31.474912,30.047896],[31.479588,30.047883],[31.479474,30.045349],[31.474932,30.045238],[31.474912,30.047896]]],[[[31.521053,30.045012],[31.523232,30.042886],[31.516768,30.037763],[31.516377,30.03763],[31.515927,30.037724],[31.513147,30.041068],[31.512991,30.041697],[31.513211,30.042312],[31.514247,30.043178],[31.515813,30.04318],[31.516543,30.043411],[31.519574,30.046208],[31.521053,30.045012]]],[[[31.442449,30.046933],[31.439451,30.038638],[31.439446,30.038305],[31.429986,30.038066],[31.430204,30.045243],[31.430365,30.045759],[31.430829,30.046234],[31.431636,30.046488],[31.442449,30.046933]]],[[[31.439446,30.038305],[31.439431,30.03402],[31.439117,30.033305],[31.438615,30.032838],[31.437959,30.032549],[31.432072,30.032683],[31.431648,30.032967],[31.431438,30.033323],[31.43136,30.036802],[31.431592,30.037454],[31.432108,30.037967],[31.432447,30.038144],[31.439446,30.038305]]],[[[31.437305,30.052936],[31.437309,30.052674],[31.435833,30.052675],[31.435991,30.056218],[31.442364,30.055336],[31.442045,30.0542],[31.441846,30.052803],[31.437305,30.052936]]],[[[31.443287,30.05947],[31.442364,30.055336],[31.435991,30.056218],[31.435893,30.056515],[31.435963,30.059037],[31.436719,30.061497],[31.436637,30.062725],[31.444028,30.061045],[31.443287,30.05947]]],[[[31.435969,30.066938],[31.436897,30.067788],[31.43765,30.069139],[31.438901,30.073626],[31.450167,30.071153],[31.449735,30.069971],[31.448345,30.067903],[31.447219,30.064389],[31.435969,30.066938]]],[[[31.442892,30.079289],[31.446624,30.079574],[31.447555,30.080217],[31.452811,30.08042],[31.452433,30.079973],[31.452611,30.077099],[31.452502,30.076253],[31.452154,30.075163],[31.451848,30.074885],[31.45143,30.074786],[31.450091,30.075298],[31.445179,30.075137],[31.440547,30.074755],[31.440035,30.074506],[31.438917,30.073685],[31.43775,30.069374],[31.436897,30.067788],[31.432851,30.06446],[31.431985,30.064095],[31.431212,30.064273],[31.427087,30.068173],[31.426932,30.068566],[31.427055,30.068933],[31.434532,30.075732],[31.435708,30.076639],[31.437819,30.07782],[31.439298,30.078467],[31.441068,30.078993],[31.442892,30.079289]]],[[[31.456243,30.081016],[31.456766,30.078249],[31.456664,30.07731],[31.456366,30.076676],[31.454149,30.073425],[31.452377,30.074247],[31.452044,30.075026],[31.452433,30.075976],[31.452591,30.076816],[31.452433,30.079973],[31.452881,30.080476],[31.453571,30.080811],[31.455302,30.081023],[31.456243,30.081016]]],[[[31.448983,30.062406],[31.450051,30.061349],[31.45101,30.061885],[31.451262,30.062684],[31.449195,30.063122],[31.449428,30.063865],[31.45513,30.06262],[31.453027,30.055386],[31.442912,30.057585],[31.443287,30.05947],[31.444028,30.061045],[31.444726,30.061949],[31.445495,30.062661],[31.445698,30.062817],[31.446864,30.061806],[31.447623,30.062537],[31.448109,30.06279],[31.448602,30.06284],[31.449079,30.06272],[31.448983,30.062406]]],[[[31.480059,30.054756],[31.476436,30.054777],[31.475522,30.05448],[31.47487,30.054003],[31.474847,30.063479],[31.480785,30.063618],[31.480808,30.062136],[31.483121,30.059972],[31.482113,30.059164],[31.481871,30.058745],[31.481938,30.054593],[31.480059,30.054756]]],[[[31.477504,30.065669],[31.47747,30.06358],[31.474847,30.063479],[31.474814,30.065656],[31.477504,30.065669]]],[[[31.487783,30.049174],[31.487929,30.04868],[31.487929,30.04577],[31.484928,30.045836],[31.484992,30.049158],[31.487783,30.049174]]],[[[31.482013,30.059043],[31.483121,30.059972],[31.484174,30.059096],[31.487885,30.059062],[31.488395,30.058725],[31.488534,30.05823],[31.488059,30.057728],[31.487675,30.05694],[31.48772,30.053498],[31.487596,30.053337],[31.484576,30.053865],[31.481938,30.054593],[31.481852,30.058583],[31.482013,30.059043]]],[[[31.482272,30.071626],[31.483099,30.069992],[31.481138,30.068359],[31.480853,30.067991],[31.480753,30.067631],[31.480753,30.065707],[31.474814,30.065656],[31.474766,30.068752],[31.474306,30.070698],[31.476911,30.072292],[31.480501,30.075069],[31.481205,30.075431],[31.482024,30.075666],[31.48247,30.074934],[31.482648,30.073932],[31.482592,30.073022],[31.482272,30.072285],[31.482272,30.071626]]],[[[31.485964,30.072385],[31.482987,30.07019],[31.482272,30.071626],[31.482272,30.072285],[31.482592,30.073022],[31.482648,30.073932],[31.48247,30.074934],[31.482024,30.075666],[31.491096,30.077142],[31.491102,30.073461],[31.48838,30.073355],[31.487312,30.072627],[31.485964,30.072385]]],[[[31.488091,30.066809],[31.488143,30.065534],[31.480757,30.065492],[31.480753,30.067631],[31.480853,30.067991],[31.481138,30.068359],[31.483099,30.069992],[31.483643,30.069834],[31.484176,30.069648],[31.484693,30.069433],[31.485195,30.06919],[31.485678,30.068921],[31.48614,30.068626],[31.486581,30.068306],[31.486998,30.067963],[31.48739,30.067598],[31.487754,30.067213],[31.488091,30.066809]]],[[[31.488143,30.065534],[31.488139,30.064338],[31.483121,30.059972],[31.480808,30.062136],[31.480757,30.065492],[31.488143,30.065534]]],[[[31.48689,30.063251],[31.487748,30.062503],[31.487726,30.059064],[31.484174,30.059096],[31.483121,30.059972],[31.48689,30.063251]]],[[[31.494082,30.061545],[31.494345,30.06094],[31.495708,30.059806],[31.495932,30.059946],[31.496964,30.058917],[31.496416,30.058476],[31.496271,30.058152],[31.496266,30.05334],[31.491101,30.053427],[31.488948,30.053248],[31.487596,30.053337],[31.48772,30.053498],[31.487675,30.05694],[31.488059,30.057728],[31.488534,30.05823],[31.488395,30.058725],[31.487726,30.059064],[31.487748,30.062503],[31.48689,30.063251],[31.488139,30.064338],[31.4941,30.064485],[31.494082,30.061545]]],[[[31.48463,30.069461],[31.485646,30.070711],[31.485703,30.071266],[31.485182,30.071803],[31.485964,30.072385],[31.487312,30.072627],[31.48838,30.073355],[31.491102,30.073461],[31.491074,30.071843],[31.494082,30.068994],[31.494115,30.066779],[31.488091,30.066809],[31.4868,30.068131],[31.48577,30.068865],[31.48463,30.069461]]],[[[31.496965,30.074163],[31.496533,30.073739],[31.497583,30.072565],[31.498643,30.070619],[31.501219,30.070043],[31.501217,30.06944],[31.501638,30.069196],[31.501573,30.068864],[31.501381,30.068533],[31.500025,30.06855],[31.498032,30.066964],[31.497221,30.066699],[31.494115,30.066779],[31.494082,30.068994],[31.491074,30.071843],[31.491096,30.077142],[31.492845,30.077136],[31.497702,30.07618],[31.496965,30.074163]]],[[[31.51306,30.052999],[31.510408,30.05387],[31.509863,30.053596],[31.509004,30.051614],[31.506619,30.052271],[31.50436,30.052739],[31.49985,30.05325],[31.499157,30.052876],[31.498701,30.052171],[31.498607,30.052707],[31.498138,30.053158],[31.498972,30.053937],[31.501349,30.060141],[31.501872,30.060373],[31.502433,30.061034],[31.503873,30.058588],[31.503116,30.057991],[31.503358,30.057528],[31.506717,30.056985],[31.508173,30.057591],[31.508476,30.057034],[31.510547,30.057875],[31.510855,30.05835],[31.511685,30.060215],[31.511313,30.061227],[31.511921,30.06309],[31.517375,30.061458],[31.51306,30.052999]]],[[[31.515305,30.072606],[31.521112,30.070514],[31.519392,30.065734],[31.517375,30.061458],[31.511702,30.063156],[31.511003,30.06327],[31.511589,30.06465],[31.511609,30.065759],[31.511353,30.066428],[31.509687,30.069191],[31.508735,30.069986],[31.507623,30.070368],[31.50658,30.07032],[31.50505,30.069832],[31.504244,30.071878],[31.504615,30.074988],[31.508484,30.074308],[31.5127,30.073335],[31.515305,30.072606]]],[[[31.503171,30.08436],[31.503727,30.083618],[31.50385,30.082864],[31.50359,30.08129],[31.502195,30.075345],[31.498564,30.076011],[31.499771,30.080802],[31.499002,30.080851],[31.499477,30.082804],[31.499446,30.085267],[31.503171,30.08436]]],[[[31.53184,30.05178],[31.531229,30.050642],[31.527417,30.04598],[31.526332,30.045156],[31.524791,30.046691],[31.523136,30.048134],[31.521376,30.049479],[31.519517,30.050719],[31.517567,30.05185],[31.515536,30.052866],[31.513433,30.053763],[31.517316,30.061343],[31.521176,30.059757],[31.523287,30.058535],[31.526846,30.056223],[31.528992,30.054486],[31.53184,30.05178]]],[[[31.502447,30.053023],[31.501564,30.050042],[31.500379,30.049402],[31.500126,30.049146],[31.499611,30.047329],[31.497424,30.047638],[31.496796,30.047892],[31.498773,30.052366],[31.499333,30.053011],[31.49985,30.05325],[31.502447,30.053023]]],[[[31.513726,30.049764],[31.515326,30.048949],[31.511913,30.045072],[31.508949,30.046814],[31.508816,30.047487],[31.508322,30.048101],[31.510241,30.051203],[31.513726,30.049764]]],[[[31.474876,30.052599],[31.47487,30.054003],[31.475286,30.054341],[31.476436,30.054777],[31.478074,30.054802],[31.47803,30.052662],[31.474876,30.052599]]],[[[31.47803,30.052662],[31.478074,30.054802],[31.481301,30.054705],[31.482414,30.05444],[31.480603,30.051907],[31.479364,30.05196],[31.479188,30.05182],[31.47803,30.052662]]],[[[31.474895,30.050189],[31.474876,30.052599],[31.47803,30.052662],[31.479188,30.05182],[31.479092,30.050848],[31.478829,30.050435],[31.478447,30.050127],[31.474895,30.050189]]],[[[31.480603,30.051907],[31.482414,30.05444],[31.485457,30.053684],[31.485038,30.050866],[31.480976,30.050859],[31.480909,30.05152],[31.480603,30.051907]]],[[[31.484971,30.048246],[31.481037,30.048272],[31.480976,30.050859],[31.485038,30.050866],[31.484971,30.048246]]],[[[31.474912,30.047896],[31.474895,30.050189],[31.478447,30.050127],[31.47845,30.047886],[31.474912,30.047896]]],[[[31.478447,30.050026],[31.479092,30.050848],[31.479258,30.051917],[31.480292,30.051985],[31.480737,30.051799],[31.480934,30.051416],[31.481009,30.049627],[31.478448,30.049623],[31.478447,30.050026]]],[[[31.484971,30.048246],[31.484896,30.04721],[31.483434,30.04703],[31.482836,30.04667],[31.482587,30.046244],[31.482617,30.045125],[31.47988,30.045086],[31.479501,30.045295],[31.479579,30.047692],[31.480545,30.047756],[31.48091,30.048001],[31.481037,30.048272],[31.484971,30.048246]]],[[[31.487783,30.049174],[31.484992,30.049158],[31.485091,30.051649],[31.485457,30.053684],[31.487596,30.053337],[31.487419,30.050888],[31.487854,30.049731],[31.487783,30.049174]]],[[[31.487596,30.053337],[31.490033,30.053289],[31.490021,30.050244],[31.489784,30.049974],[31.489421,30.049808],[31.487839,30.04979],[31.487548,30.050317],[31.487419,30.050888],[31.487596,30.053337]]],[[[31.491011,30.048676],[31.489868,30.050045],[31.490021,30.050244],[31.490033,30.053289],[31.491101,30.053427],[31.494283,30.053396],[31.494208,30.050086],[31.493871,30.04921],[31.493245,30.048631],[31.491011,30.048676]]],[[[31.494212,30.050302],[31.494283,30.053396],[31.497737,30.053281],[31.498138,30.053158],[31.498488,30.052885],[31.498701,30.052171],[31.497873,30.050312],[31.494212,30.050302]]],[[[31.493245,30.048631],[31.493947,30.049325],[31.494212,30.050302],[31.497873,30.050312],[31.496052,30.046221],[31.495512,30.045807],[31.495037,30.045725],[31.494102,30.04578],[31.494731,30.047299],[31.493517,30.047728],[31.493333,30.048017],[31.493245,30.048631]]],[[[31.487929,30.04868],[31.491011,30.048676],[31.490963,30.045795],[31.487929,30.04577],[31.487929,30.04868]]],[[[31.505999,30.052414],[31.510241,30.051203],[31.508322,30.048101],[31.505691,30.049124],[31.505285,30.049438],[31.505102,30.049939],[31.505999,30.052414]]],[[[31.511913,30.045072],[31.510374,30.043324],[31.508332,30.044452],[31.508045,30.044958],[31.508801,30.046237],[31.508949,30.046814],[31.511913,30.045072]]],[[[31.514247,30.043178],[31.513186,30.042331],[31.512378,30.042126],[31.511915,30.042212],[31.510374,30.043324],[31.511913,30.045072],[31.514247,30.043178]]],[[[31.515326,30.048949],[31.519574,30.046208],[31.516543,30.043411],[31.515813,30.04318],[31.514247,30.043178],[31.511913,30.045072],[31.515326,30.048949]]],[[[31.526421,30.037574],[31.52729,30.035624],[31.528015,30.033373],[31.518117,30.030301],[31.51492,30.032748],[31.51537,30.036439],[31.516628,30.037689],[31.520889,30.040967],[31.521087,30.041047],[31.52129,30.041115],[31.521499,30.04117],[31.521711,30.041213],[31.521926,30.041244],[31.522143,30.041261],[31.522361,30.041265],[31.522579,30.041257],[31.522795,30.041235],[31.52301,30.0412],[31.523221,30.041153],[31.523427,30.041093],[31.523629,30.041021],[31.523824,30.040936],[31.524013,30.040841],[31.524193,30.040734],[31.524364,30.040617],[31.524526,30.04049],[31.524677,30.040354],[31.524817,30.040208],[31.524946,30.040055],[31.526421,30.037574]]],[[[31.539139,30.045847],[31.540992,30.041912],[31.536281,30.040047],[31.532868,30.038443],[31.532494,30.038391],[31.53203,30.038606],[31.53129,30.039616],[31.527417,30.04598],[31.531229,30.050642],[31.532142,30.050742],[31.532701,30.050604],[31.533181,30.050311],[31.533967,30.049178],[31.534712,30.048537],[31.537,30.047595],[31.538341,30.046786],[31.539139,30.045847]]],[[[31.530538,30.065156],[31.529554,30.062383],[31.527235,30.063288],[31.524352,30.057849],[31.520572,30.060074],[31.521932,30.062811],[31.524161,30.069115],[31.530538,30.065156]]],[[[31.501349,30.060141],[31.498972,30.053937],[31.498138,30.053158],[31.497682,30.053287],[31.496266,30.05334],[31.496271,30.058152],[31.496416,30.058476],[31.496964,30.058917],[31.495932,30.059946],[31.495708,30.059806],[31.494204,30.061104],[31.494082,30.061545],[31.4941,30.064485],[31.497988,30.064579],[31.499587,30.063224],[31.499644,30.061733],[31.501349,30.060141]]],[[[31.508973,30.059412],[31.505562,30.058051],[31.505002,30.058029],[31.504441,30.058178],[31.503767,30.058722],[31.502433,30.061034],[31.503134,30.06197],[31.503636,30.062957],[31.504479,30.063485],[31.504967,30.064282],[31.510963,30.063147],[31.510004,30.060317],[31.508973,30.059412]]],[[[31.488091,30.066809],[31.497175,30.066701],[31.497125,30.064558],[31.488139,30.064338],[31.488091,30.066809]]],[[[31.452959,30.036771],[31.453084,30.041538],[31.461282,30.041454],[31.460153,30.037653],[31.459494,30.030661],[31.450093,30.030659],[31.45007,30.035749],[31.450405,30.036308],[31.450954,30.036655],[31.452959,30.036771]]],[[[31.479655,30.045149],[31.480443,30.0451],[31.480443,30.043017],[31.47495,30.042985],[31.474932,30.045238],[31.479474,30.045349],[31.479655,30.045149]]],[[[31.444028,30.061045],[31.43338,30.063406],[31.432919,30.063775],[31.432874,30.064367],[31.435969,30.066938],[31.447219,30.064389],[31.446708,30.06344],[31.445185,30.0624],[31.444028,30.061045]]],[[[31.451141,30.074832],[31.451088,30.074183],[31.450167,30.071153],[31.438901,30.073626],[31.439557,30.07421],[31.440287,30.074637],[31.441479,30.07485],[31.445997,30.075181],[31.450091,30.075298],[31.451141,30.074832]]],[[[31.460239,30.061504],[31.45808,30.054287],[31.453027,30.055386],[31.45513,30.06262],[31.460239,30.061504]]],[[[31.461741,30.065454],[31.461729,30.061179],[31.45513,30.06262],[31.4563,30.066643],[31.461741,30.065454]]],[[[31.452462,30.070978],[31.453838,30.07357],[31.457791,30.071773],[31.457266,30.069967],[31.452462,30.070978]]],[[[31.457266,30.069967],[31.457791,30.071773],[31.461754,30.069978],[31.461751,30.068987],[31.457266,30.069967]]],[[[31.452408,30.070877],[31.451589,30.070624],[31.451074,30.070122],[31.450881,30.069569],[31.450913,30.068576],[31.450633,30.067909],[31.449511,30.067378],[31.448817,30.067291],[31.44812,30.067356],[31.448526,30.068308],[31.449327,30.069312],[31.449948,30.070378],[31.451088,30.074183],[31.451141,30.074832],[31.451628,30.074807],[31.452044,30.075026],[31.452377,30.074247],[31.453838,30.07357],[31.452408,30.070877]]],[[[31.451702,30.068522],[31.452462,30.070978],[31.457266,30.069967],[31.4563,30.066643],[31.451247,30.067839],[31.451702,30.068522]]],[[[31.4563,30.066643],[31.457266,30.069967],[31.461751,30.068987],[31.461741,30.065454],[31.4563,30.066643]]],[[[31.4577,30.052803],[31.460239,30.061504],[31.461729,30.061179],[31.461705,30.053038],[31.4577,30.052803]]],[[[31.446507,30.052064],[31.442082,30.051826],[31.441846,30.052803],[31.442045,30.0542],[31.442912,30.057585],[31.447882,30.056505],[31.446507,30.052064]]],[[[31.4577,30.052803],[31.452171,30.052438],[31.453027,30.055386],[31.45808,30.054287],[31.4577,30.052803]]],[[[31.452171,30.052438],[31.44875,30.052212],[31.449902,30.056066],[31.453027,30.055386],[31.452171,30.052438]]],[[[31.44875,30.052212],[31.446507,30.052064],[31.447882,30.056505],[31.449902,30.056066],[31.44875,30.052212]]],[[[31.4563,30.066643],[31.45513,30.06262],[31.449428,30.063865],[31.45026,30.066601],[31.450672,30.067269],[31.451247,30.067839],[31.4563,30.066643]]],[[[31.450709,30.067315],[31.450175,30.066395],[31.449428,30.063865],[31.447219,30.064389],[31.447775,30.066386],[31.44936,30.066033],[31.449475,30.066506],[31.447919,30.066812],[31.44812,30.067356],[31.448833,30.067291],[31.449541,30.067386],[31.45035,30.067717],[31.450714,30.068045],[31.451247,30.067839],[31.450709,30.067315]]],[[[31.442214,30.046283],[31.442449,30.046933],[31.442082,30.051826],[31.443515,30.051827],[31.450541,30.052331],[31.450569,30.046351],[31.442214,30.046283]]],[[[31.440207,30.040728],[31.442214,30.046283],[31.450569,30.046351],[31.450489,30.041711],[31.450323,30.041286],[31.449954,30.040969],[31.448656,30.040711],[31.440207,30.040728]]],[[[31.453062,30.046979],[31.45304,30.052496],[31.461705,30.053038],[31.461524,30.051176],[31.461494,30.046943],[31.453062,30.046979]]],[[[31.453084,30.041538],[31.453062,30.046979],[31.461494,30.046943],[31.461459,30.042048],[31.461282,30.041454],[31.453084,30.041538]]],[[[31.469014,30.064163],[31.469069,30.068732],[31.469594,30.069841],[31.471772,30.070043],[31.474306,30.070698],[31.474766,30.068752],[31.474837,30.064118],[31.469014,30.064163]]],[[[31.467427,30.064175],[31.467394,30.05924],[31.461723,30.059269],[31.461737,30.064219],[31.467427,30.064175]]],[[[31.468975,30.059232],[31.468969,30.054927],[31.469287,30.054255],[31.469928,30.053787],[31.466813,30.053322],[31.461705,30.053038],[31.461723,30.059269],[31.468975,30.059232]]],[[[31.547591,30.043947],[31.540992,30.041912],[31.539653,30.044771],[31.546112,30.047207],[31.547591,30.043947]]],[[[31.515374,30.051341],[31.516536,30.050745],[31.515235,30.048998],[31.514207,30.04953],[31.515374,30.051341]]],[[[31.51827,30.051461],[31.517393,30.050268],[31.51691,30.050536],[31.517756,30.051747],[31.51827,30.051461]]],[[[31.524941,30.044138],[31.523232,30.042886],[31.522325,30.043853],[31.524028,30.045005],[31.524941,30.044138]]],[[[31.459494,30.030661],[31.460054,30.036601],[31.462983,30.036562],[31.462978,30.034744],[31.462183,30.034738],[31.461767,30.034443],[31.461685,30.032432],[31.463569,30.032384],[31.463566,30.030631],[31.459494,30.030661]]],[[[31.468893,30.042562],[31.468966,30.048036],[31.474911,30.047989],[31.474953,30.042533],[31.468893,30.042562]]],[[[31.474867,30.053759],[31.474911,30.047989],[31.468966,30.048036],[31.468946,30.052302],[31.469198,30.053062],[31.469672,30.053663],[31.469791,30.053766],[31.474104,30.054361],[31.474598,30.054159],[31.474867,30.053759]]],[[[31.468855,30.029315],[31.468874,30.036482],[31.470582,30.036482],[31.470555,30.03215],[31.470807,30.031629],[31.471217,30.031298],[31.472134,30.031301],[31.472086,30.028815],[31.470515,30.028897],[31.468855,30.029315]]],[[[31.468874,30.036482],[31.468893,30.042562],[31.474953,30.042533],[31.474948,30.036481],[31.468874,30.036482]]],[[[31.461459,30.042048],[31.461462,30.042506],[31.467332,30.042573],[31.467313,30.036999],[31.467203,30.036505],[31.460054,30.036601],[31.460153,30.037653],[31.461459,30.042048]]],[[[31.466121,30.034831],[31.467203,30.036505],[31.468874,30.036482],[31.468867,30.033958],[31.466778,30.033978],[31.466274,30.034337],[31.466121,30.034831]]],[[[31.46552,30.032369],[31.467184,30.032381],[31.467151,30.030185],[31.466452,30.030512],[31.465516,30.030638],[31.46552,30.032369]]],[[[31.463569,30.032384],[31.463569,30.032811],[31.463191,30.033174],[31.46299,30.033633],[31.462979,30.035044],[31.466277,30.035064],[31.465753,30.034424],[31.465589,30.034033],[31.46552,30.032369],[31.463569,30.032384]]],[[[31.462979,30.035044],[31.462983,30.036562],[31.467203,30.036505],[31.466277,30.035064],[31.462979,30.035044]]],[[[31.463566,30.030631],[31.463569,30.032384],[31.46552,30.032369],[31.465516,30.030638],[31.463566,30.030631]]],[[[31.470539,30.033614],[31.470582,30.036482],[31.474948,30.036481],[31.474944,30.033623],[31.470539,30.033614]]],[[[31.472086,30.028815],[31.472179,30.03358],[31.474944,30.033623],[31.474974,30.02984],[31.474605,30.029057],[31.474221,30.028789],[31.472086,30.028815]]],[[[31.467203,30.036505],[31.467315,30.037534],[31.468877,30.037544],[31.468874,30.036482],[31.467203,30.036505]]],[[[31.461462,30.042506],[31.461504,30.048289],[31.467368,30.048287],[31.467332,30.042573],[31.461462,30.042506]]],[[[31.467374,30.052292],[31.467368,30.048287],[31.461504,30.048289],[31.461524,30.051176],[31.461705,30.053038],[31.466542,30.053301],[31.466771,30.053178],[31.467252,30.052772],[31.467374,30.052292]]],[[[31.468139,30.048043],[31.468152,30.050146],[31.468919,30.050133],[31.468966,30.048036],[31.468139,30.048043]]],[[[31.467252,30.052772],[31.468121,30.052599],[31.4691,30.052862],[31.468939,30.052243],[31.468931,30.051347],[31.467395,30.051337],[31.467252,30.052772]]],[[[31.468949,30.04675],[31.467853,30.046761],[31.467852,30.046639],[31.467363,30.046644],[31.467364,30.048049],[31.468966,30.048036],[31.468949,30.04675]]],[[[31.46732,30.039347],[31.467323,30.040482],[31.467942,30.040481],[31.467931,30.039335],[31.46732,30.039347]]],[[[31.447451,30.0327],[31.447491,30.035876],[31.448266,30.035843],[31.448278,30.034649],[31.4488,30.034637],[31.448814,30.032847],[31.447451,30.0327]]],[[[31.467393,30.068352],[31.467427,30.064175],[31.461737,30.064219],[31.461754,30.069978],[31.46294,30.069806],[31.464086,30.069433],[31.466386,30.069377],[31.466466,30.069092],[31.466977,30.068815],[31.467393,30.068352]]],[[[31.468975,30.059232],[31.469014,30.064163],[31.474837,30.064118],[31.474913,30.059201],[31.468975,30.059232]]],[[[31.469928,30.053787],[31.469287,30.054255],[31.468969,30.054927],[31.468975,30.059232],[31.474913,30.059201],[31.474867,30.053759],[31.474598,30.054159],[31.474104,30.054361],[31.469928,30.053787]]],[[[31.467394,30.05924],[31.467427,30.064175],[31.469014,30.064163],[31.468975,30.059232],[31.467394,30.05924]]],[[[31.467427,30.064175],[31.467441,30.066254],[31.468997,30.066254],[31.469014,30.064163],[31.467427,30.064175]]],[[[31.534712,30.152832],[31.532137,30.168441],[31.560701,30.172301],[31.567651,30.172072],[31.573151,30.172028],[31.57399,30.171933],[31.574731,30.171647],[31.575641,30.170739],[31.576369,30.16848],[31.576302,30.166694],[31.577253,30.161774],[31.546116,30.157946],[31.542716,30.157613],[31.541853,30.157389],[31.541009,30.157118],[31.540185,30.156802],[31.539385,30.156443],[31.538613,30.15604],[31.537871,30.155597],[31.537162,30.155115],[31.53649,30.154595],[31.535855,30.15404],[31.535262,30.153451],[31.534712,30.152832]]],[[[31.501735,30.049361],[31.500793,30.04863],[31.500573,30.048845],[31.50028,30.047901],[31.500675,30.04788],[31.500791,30.047693],[31.50032,30.047353],[31.500031,30.047394],[31.500107,30.047745],[31.49978,30.047796],[31.500097,30.049095],[31.500379,30.049402],[31.501564,30.050042],[31.501856,30.051152],[31.502304,30.051069],[31.501956,30.049816],[31.501602,30.049501],[31.501735,30.049361]]],[[[31.503276,30.047009],[31.503006,30.046993],[31.502374,30.047206],[31.503466,30.049669],[31.50429,30.049328],[31.503584,30.047286],[31.503276,30.047009]]],[[[31.548464,30.055474],[31.546544,30.058145],[31.544458,30.06072],[31.538219,30.067292],[31.538634,30.070029],[31.538872,30.073728],[31.538763,30.077255],[31.538301,30.080861],[31.5418,30.079961],[31.542106,30.078747],[31.543613,30.078301],[31.545724,30.078134],[31.54678,30.078238],[31.560444,30.08148],[31.561803,30.081657],[31.562022,30.081409],[31.564357,30.068029],[31.564319,30.06761],[31.56425,30.067195],[31.564149,30.066784],[31.564016,30.066381],[31.563853,30.065986],[31.563659,30.065601],[31.563437,30.065228],[31.563186,30.064869],[31.562908,30.064526],[31.562605,30.0642],[31.562277,30.063891],[31.561926,30.063603],[31.561554,30.063336],[31.564959,30.059798],[31.566934,30.057244],[31.568865,30.05414],[31.569355,30.052849],[31.569634,30.051511],[31.562024,30.048712],[31.555058,30.058365],[31.548464,30.055474]]],[[[31.509575,30.089472],[31.521005,30.086835],[31.520952,30.086451],[31.519905,30.086552],[31.512117,30.08467],[31.510005,30.08433],[31.505551,30.084205],[31.505069,30.084837],[31.504931,30.085712],[31.505331,30.08654],[31.506053,30.087017],[31.507597,30.087231],[31.508635,30.087706],[31.509293,30.088445],[31.509575,30.089472]]],[[[31.543619,30.039033],[31.542163,30.042273],[31.54624,30.04353],[31.546535,30.042839],[31.543696,30.04186],[31.544238,30.040669],[31.54532,30.040335],[31.545599,30.039663],[31.543619,30.039033]]],[[[31.544317,30.04653],[31.539653,30.044771],[31.539057,30.045969],[31.53815,30.046923],[31.536945,30.047622],[31.535281,30.048239],[31.534625,30.048594],[31.53392,30.049234],[31.533324,30.050172],[31.532869,30.050525],[31.532092,30.050747],[31.531229,30.050642],[31.534957,30.057581],[31.544317,30.04653]]],[[[31.530268,30.041296],[31.526734,30.03961],[31.52576,30.041087],[31.529288,30.042907],[31.530268,30.041296]]],[[[31.468887,30.041316],[31.467326,30.041345],[31.467326,30.041592],[31.468888,30.041576],[31.468887,30.041316]]],[[[31.584499,30.065684],[31.589871,30.055351],[31.585587,30.05324],[31.582721,30.051969],[31.579769,30.050854],[31.574819,30.049249],[31.574864,30.050194],[31.574839,30.05114],[31.574745,30.052083],[31.574582,30.053018],[31.57435,30.053943],[31.574051,30.054852],[31.573685,30.055743],[31.573254,30.056612],[31.57276,30.057455],[31.580251,30.059961],[31.581086,30.058331],[31.582661,30.058942],[31.581851,30.060582],[31.582278,30.061941],[31.582243,30.062417],[31.580174,30.066693],[31.580951,30.067047],[31.58047,30.068012],[31.579517,30.068154],[31.57884,30.068383],[31.578124,30.069717],[31.576294,30.069062],[31.575844,30.069874],[31.581393,30.072018],[31.584499,30.065684]]],[[[31.591669,30.068835],[31.594171,30.068579],[31.595323,30.06877],[31.596387,30.069197],[31.596702,30.069177],[31.597015,30.069138],[31.597324,30.069081],[31.597628,30.069007],[31.597925,30.068914],[31.598215,30.068804],[31.598495,30.068678],[31.598765,30.068535],[31.599024,30.068377],[31.599269,30.068205],[31.599501,30.068018],[31.599718,30.067818],[31.599918,30.067606],[31.600102,30.067382],[31.600268,30.067148],[31.590699,30.063218],[31.589637,30.065552],[31.589225,30.065287],[31.588792,30.065345],[31.58847,30.066243],[31.588477,30.067183],[31.588683,30.067828],[31.589054,30.068433],[31.58956,30.068942],[31.590182,30.069344],[31.591332,30.069714],[31.591675,30.069305],[31.591669,30.068835]]],[[[31.581393,30.072018],[31.574186,30.06923],[31.572619,30.072305],[31.579963,30.075034],[31.581393,30.072018]]],[[[31.586905,30.067218],[31.586872,30.067732],[31.587899,30.069388],[31.587761,30.069836],[31.585921,30.070088],[31.582885,30.068976],[31.581393,30.072018],[31.588324,30.074654],[31.588921,30.074773],[31.590142,30.072435],[31.590168,30.071982],[31.591332,30.069714],[31.591095,30.069669],[31.590861,30.06961],[31.590634,30.069537],[31.590412,30.069451],[31.590198,30.069352],[31.589992,30.06924],[31.589795,30.069116],[31.589609,30.068981],[31.589433,30.068834],[31.58927,30.068678],[31.58912,30.068513],[31.588982,30.068338],[31.588859,30.068156],[31.588751,30.067967],[31.588658,30.067772],[31.58858,30.067572],[31.588519,30.067368],[31.587649,30.067521],[31.586905,30.067218]]],[[[31.589941,30.059906],[31.589939,30.058955],[31.590429,30.05818],[31.591955,30.05713],[31.592983,30.056003],[31.593341,30.055226],[31.590503,30.054093],[31.586813,30.061341],[31.586883,30.061717],[31.588697,30.062444],[31.590494,30.061322],[31.590739,30.060998],[31.590218,30.060491],[31.589941,30.059906]]],[[[31.595234,30.059268],[31.595222,30.0591],[31.594769,30.058755],[31.593619,30.058341],[31.591955,30.05713],[31.590429,30.05818],[31.589939,30.058955],[31.589877,30.059568],[31.589924,30.059757],[31.591609,30.059292],[31.592714,30.060073],[31.594146,30.059833],[31.595234,30.059268]]],[[[31.586905,30.067218],[31.586648,30.066879],[31.586446,30.066205],[31.586117,30.065881],[31.585056,30.065675],[31.584499,30.065684],[31.582885,30.068976],[31.585921,30.070088],[31.587647,30.069906],[31.587881,30.069687],[31.587908,30.069418],[31.586872,30.067732],[31.586905,30.067218]]],[[[31.510179,30.068423],[31.504468,30.065903],[31.502464,30.067368],[31.501381,30.068533],[31.501573,30.068864],[31.503569,30.069358],[31.506467,30.070292],[31.507293,30.070392],[31.508135,30.070255],[31.508858,30.069907],[31.509704,30.069172],[31.510179,30.068423]]],[[[31.547591,30.043947],[31.546112,30.047207],[31.551974,30.049506],[31.552393,30.048658],[31.550344,30.044784],[31.547591,30.043947]]],[[[31.471159,30.081171],[31.456532,30.079648],[31.456149,30.081517],[31.457738,30.081689],[31.45773,30.081927],[31.463516,30.082559],[31.470712,30.083091],[31.471159,30.081171]]],[[[31.464737,30.078581],[31.464086,30.078273],[31.46401,30.077885],[31.463316,30.078261],[31.461029,30.077561],[31.460384,30.077782],[31.459118,30.078912],[31.458528,30.079845],[31.471159,30.081171],[31.471371,30.079373],[31.471388,30.077572],[31.471601,30.077086],[31.468446,30.07678],[31.46863,30.07916],[31.4685,30.079231],[31.468016,30.079172],[31.466591,30.07831],[31.466002,30.078625],[31.464737,30.078581]]],[[[31.611747,30.163078],[31.625069,30.165903],[31.624679,30.165183],[31.62409,30.164482],[31.623774,30.163784],[31.624286,30.161763],[31.619125,30.161074],[31.612584,30.159886],[31.611747,30.163078]]],[[[31.654114,30.153815],[31.654022,30.154324],[31.65735,30.154807],[31.657525,30.154157],[31.656983,30.154078],[31.657177,30.153644],[31.657163,30.152858],[31.654114,30.153815]]],[[[31.718916,30.154182],[31.715198,30.151718],[31.708552,30.152394],[31.709172,30.158767],[31.714412,30.158228],[31.715224,30.157815],[31.716487,30.156916],[31.718916,30.154182]]],[[[31.714829,30.146353],[31.715198,30.151718],[31.718916,30.154182],[31.723531,30.148988],[31.718928,30.145997],[31.714829,30.146353]]],[[[31.707944,30.146874],[31.708552,30.152394],[31.715198,30.151718],[31.714829,30.146353],[31.707944,30.146874]]],[[[31.708552,30.152394],[31.707944,30.146874],[31.706325,30.146996],[31.702104,30.151617],[31.703923,30.152775],[31.708552,30.152394]]],[[[31.703923,30.152775],[31.704408,30.159336],[31.709172,30.158767],[31.708552,30.152394],[31.703923,30.152775]]],[[[31.672805,30.158888],[31.676215,30.159677],[31.67737,30.155646],[31.672935,30.156678],[31.672805,30.158888]]],[[[31.705284,30.174131],[31.704424,30.165537],[31.701094,30.165698],[31.699573,30.16459],[31.697938,30.166261],[31.699756,30.167467],[31.698708,30.168586],[31.701117,30.170494],[31.700639,30.17093],[31.699572,30.171472],[31.698481,30.172742],[31.698244,30.172544],[31.697734,30.173519],[31.698306,30.173746],[31.70044,30.174188],[31.705284,30.174131]]],[[[31.598588,30.061871],[31.599033,30.060388],[31.602482,30.06126],[31.603235,30.059353],[31.599192,30.05463],[31.598532,30.054259],[31.594675,30.052814],[31.592983,30.056003],[31.591955,30.05713],[31.593619,30.058341],[31.594769,30.058755],[31.595222,30.0591],[31.595605,30.060018],[31.595749,30.061119],[31.596769,30.061173],[31.596745,30.061703],[31.598588,30.061871]]]]}},{"type":"Feature","properties":{"landuse_value":2,"landuse_code":2,"landuse_label":null,"source_feature_count":145,"area_km2":30120587.730634,"sector":"10"},"geometry":{"type":"MultiPolygon","coordinates":[[[[31.606936,30.045117],[31.611759,30.051878],[31.612189,30.053196],[31.612101,30.054846],[31.61298,30.055068],[31.614101,30.055606],[31.618497,30.061334],[31.621605,30.065701],[31.623122,30.064943],[31.623535,30.06547],[31.625929,30.063979],[31.627055,30.058608],[31.628788,30.059227],[31.629,30.061268],[31.630468,30.06157],[31.63035,30.063581],[31.629572,30.065585],[31.628626,30.06662],[31.627466,30.065772],[31.62637,30.066832],[31.627257,30.067887],[31.624096,30.069264],[31.626206,30.072392],[31.627168,30.072823],[31.628616,30.073083],[31.630953,30.073213],[31.63426,30.073212],[31.639468,30.072705],[31.641486,30.072621],[31.64561,30.072727],[31.645424,30.068467],[31.652357,30.066788],[31.653,30.072697],[31.654486,30.072687],[31.654524,30.070326],[31.65614,30.070309],[31.656107,30.071345],[31.657106,30.071356],[31.657088,30.072681],[31.661605,30.072792],[31.665477,30.072691],[31.667612,30.072853],[31.668691,30.073115],[31.668688,30.072075],[31.675568,30.072067],[31.675522,30.077763],[31.672929,30.077817],[31.673305,30.078347],[31.674703,30.079378],[31.676351,30.079745],[31.681513,30.079727],[31.683504,30.079954],[31.684685,30.080895],[31.685341,30.081772],[31.685651,30.082416],[31.685699,30.08491],[31.685076,30.087829],[31.684053,30.088906],[31.683011,30.091491],[31.682668,30.096047],[31.682039,30.097829],[31.680149,30.100476],[31.678312,30.102141],[31.675912,30.103625],[31.674572,30.104278],[31.672343,30.105097],[31.671122,30.105891],[31.670178,30.107144],[31.669802,30.108087],[31.669637,30.109392],[31.671425,30.109342],[31.701474,30.109988],[31.705406,30.110248],[31.707343,30.110233],[31.708988,30.110083],[31.720008,30.108318],[31.736817,30.105163],[31.746648,30.104206],[31.746223,30.102477],[31.745836,30.101784],[31.74182,30.096617],[31.734771,30.08714],[31.72964,30.071101],[31.722398,30.049885],[31.719928,30.044265],[31.686627,30.044265],[31.637513,30.044918],[31.637674,30.048685],[31.634725,30.048276],[31.632092,30.048357],[31.631106,30.048],[31.631003,30.047924],[31.630906,30.047842],[31.630816,30.047755],[31.630733,30.047662],[31.630658,30.047564],[31.63059,30.047463],[31.630531,30.047357],[31.63048,30.047248],[31.630438,30.047136],[31.630405,30.047023],[31.63038,30.046907],[31.630365,30.04679],[31.63036,30.046673],[31.630363,30.046555],[31.630376,30.046438],[31.630398,30.046322],[31.630429,30.046208],[31.630469,30.046095],[31.630518,30.045986],[31.630576,30.045879],[31.630641,30.045777],[31.630715,30.045678],[31.630796,30.045584],[31.630885,30.045495],[31.63098,30.045412],[31.631082,30.045335],[31.631189,30.045264],[31.631302,30.045199],[31.63142,30.045141],[31.631542,30.045091],[31.631668,30.045048],[31.631796,30.045012],[31.631928,30.044984],[31.632061,30.044965],[31.632195,30.044953],[31.627227,30.044985],[31.627144,30.048135],[31.624756,30.047622],[31.622297,30.047631],[31.620495,30.047982],[31.619724,30.048339],[31.618828,30.048985],[31.616337,30.047002],[31.616178,30.047104],[31.616011,30.047197],[31.615837,30.047279],[31.615656,30.047349],[31.61547,30.047409],[31.61528,30.047456],[31.615086,30.047492],[31.61489,30.047515],[31.614693,30.047527],[31.614495,30.047525],[31.614297,30.047512],[31.614101,30.047486],[31.613908,30.047448],[31.613719,30.047399],[31.613534,30.047337],[31.613354,30.047264],[31.613181,30.047181],[31.612674,30.046805],[31.612212,30.046214],[31.611787,30.045086],[31.606936,30.045117]],[[31.709094,30.106252],[31.710092,30.106188],[31.710198,30.107101],[31.709098,30.107178],[31.709094,30.106252]],[[31.710417,30.103817],[31.702641,30.098753],[31.704823,30.096011],[31.706761,30.09298],[31.707947,30.093817],[31.707289,30.096753],[31.710282,30.098254],[31.710417,30.103817]],[[31.704374,30.091807],[31.701876,30.093045],[31.700138,30.090571],[31.699316,30.090861],[31.698796,30.090213],[31.697737,30.090455],[31.697125,30.090793],[31.695945,30.09216],[31.694325,30.090835],[31.693819,30.091128],[31.690444,30.087691],[31.689672,30.087698],[31.68967,30.084855],[31.688769,30.08482],[31.688725,30.079071],[31.698909,30.079172],[31.698949,30.087613],[31.705406,30.087614],[31.705375,30.089979],[31.705019,30.09094],[31.704374,30.091807]],[[31.686527,30.102174],[31.679719,30.10336],[31.679549,30.102627],[31.68022,30.10185],[31.681374,30.100973],[31.682569,30.099182],[31.683866,30.096106],[31.68403,30.094554],[31.683906,30.093092],[31.686869,30.09337],[31.68706,30.097282],[31.686527,30.102174]],[[31.685569,30.070297],[31.685337,30.069003],[31.685576,30.068985],[31.685866,30.070265],[31.685569,30.070297]],[[31.683596,30.070097],[31.682973,30.070166],[31.681759,30.069695],[31.681981,30.068978],[31.681821,30.068545],[31.681481,30.068644],[31.6814,30.068401],[31.681502,30.068189],[31.681866,30.068116],[31.682099,30.068369],[31.683274,30.068251],[31.683222,30.068045],[31.683616,30.068008],[31.683967,30.069429],[31.683923,30.06984],[31.683596,30.070097]],[[31.662833,30.067435],[31.662771,30.067962],[31.66175,30.067968],[31.661491,30.068229],[31.661526,30.068572],[31.660806,30.068798],[31.660545,30.067754],[31.661314,30.067358],[31.662833,30.067435]],[[31.651999,30.064365],[31.652099,30.063352],[31.653052,30.063362],[31.652896,30.064388],[31.651999,30.064365]],[[31.653454,30.064211],[31.653832,30.061807],[31.656878,30.061185],[31.657051,30.06408],[31.653454,30.064211]],[[31.616604,30.051733],[31.625685,30.054607],[31.625241,30.056413],[31.622825,30.059299],[31.618285,30.056424],[31.617536,30.055708],[31.616659,30.054475],[31.614282,30.054738],[31.613079,30.053042],[31.614408,30.050009],[31.616923,30.050559],[31.616604,30.051733]],[[31.634558,30.052761],[31.635603,30.050849],[31.637361,30.051636],[31.6375,30.054096],[31.634558,30.052761]],[[31.641543,30.053678],[31.642938,30.051469],[31.644672,30.052377],[31.646482,30.053156],[31.646468,30.054194],[31.645201,30.05416],[31.644851,30.054731],[31.644674,30.055359],[31.644661,30.055845],[31.64493,30.056008],[31.64444,30.05672],[31.644122,30.056578],[31.643744,30.057281],[31.640661,30.055975],[31.641238,30.05487],[31.641038,30.054537],[31.641028,30.054101],[31.641543,30.053678]],[[31.655133,30.052304],[31.654428,30.049019],[31.656706,30.04834],[31.658021,30.047752],[31.658155,30.046365],[31.661826,30.046352],[31.66174,30.049897],[31.655133,30.052304]],[[31.662553,30.046497],[31.662605,30.045401],[31.66386,30.045414],[31.66382,30.046516],[31.662553,30.046497]],[[31.619269,30.049575],[31.621482,30.04865],[31.622379,30.048572],[31.624112,30.049824],[31.627785,30.049209],[31.628247,30.050546],[31.626307,30.051833],[31.619269,30.049575]],[[31.634659,30.051509],[31.634464,30.052382],[31.633749,30.052262],[31.634023,30.051381],[31.634659,30.051509]]],[[[31.612101,30.054846],[31.599916,30.079056],[31.599411,30.079862],[31.598481,30.080813],[31.597517,30.081423],[31.593745,30.082718],[31.59157,30.083595],[31.590601,30.084338],[31.589868,30.085315],[31.589388,30.086623],[31.588456,30.091868],[31.586314,30.102366],[31.587709,30.102497],[31.603127,30.10495],[31.605859,30.105565],[31.608022,30.106345],[31.613902,30.099222],[31.611338,30.097557],[31.609907,30.096104],[31.608247,30.093631],[31.607947,30.09205],[31.607891,30.090824],[31.606649,30.090596],[31.60682,30.089838],[31.604289,30.08949],[31.604421,30.088828],[31.605318,30.088987],[31.605597,30.087524],[31.604466,30.087383],[31.604677,30.086412],[31.605205,30.086492],[31.605247,30.086139],[31.605643,30.085983],[31.605474,30.085746],[31.604756,30.086048],[31.60442,30.085456],[31.606285,30.084962],[31.606888,30.085857],[31.606553,30.086014],[31.606562,30.08626],[31.606857,30.086296],[31.606817,30.086531],[31.607541,30.086635],[31.607623,30.086057],[31.608888,30.08631],[31.609247,30.085646],[31.611787,30.082797],[31.614385,30.081527],[31.617743,30.08079],[31.61852,30.080807],[31.619063,30.079156],[31.618175,30.078705],[31.617727,30.078692],[31.616999,30.078935],[31.616714,30.078838],[31.616514,30.078595],[31.616575,30.078175],[31.616878,30.077898],[31.617238,30.077845],[31.617772,30.077984],[31.618021,30.077815],[31.617879,30.077571],[31.617305,30.077541],[31.616963,30.077294],[31.616808,30.07604],[31.61729,30.075774],[31.617808,30.075826],[31.617938,30.076242],[31.617849,30.076843],[31.618173,30.077039],[31.618429,30.07679],[31.618227,30.076371],[31.618256,30.076064],[31.618461,30.075812],[31.618698,30.075823],[31.618946,30.075976],[31.619143,30.076311],[31.619135,30.076867],[31.619581,30.076859],[31.619718,30.07651],[31.61926,30.076104],[31.619153,30.075605],[31.620099,30.074801],[31.620566,30.074779],[31.620934,30.074938],[31.621282,30.074653],[31.620965,30.074348],[31.62081,30.07396],[31.621007,30.073237],[31.621549,30.072936],[31.622289,30.07288],[31.622757,30.07272],[31.623197,30.072363],[31.623684,30.071504],[31.625215,30.070881],[31.618497,30.061334],[31.614101,30.055606],[31.61298,30.055068],[31.612101,30.054846]]],[[[31.657144,30.102922],[31.656997,30.104717],[31.659767,30.104965],[31.661786,30.104821],[31.663873,30.104294],[31.665775,30.103437],[31.667364,30.102467],[31.669596,30.100462],[31.670433,30.099155],[31.671108,30.095819],[31.672138,30.094185],[31.673674,30.092447],[31.674703,30.090868],[31.674856,30.088897],[31.674519,30.085825],[31.672039,30.082786],[31.667976,30.079853],[31.667542,30.081129],[31.666796,30.08256],[31.66476,30.084047],[31.657401,30.088496],[31.653018,30.090521],[31.649004,30.092023],[31.644571,30.093106],[31.644787,30.093733],[31.645782,30.094655],[31.648475,30.096666],[31.649449,30.096005],[31.649808,30.096012],[31.650434,30.096575],[31.651116,30.097458],[31.651514,30.097541],[31.652551,30.097367],[31.653055,30.097455],[31.653516,30.097775],[31.654063,30.098507],[31.654645,30.098785],[31.655084,30.098772],[31.655576,30.098404],[31.655808,30.097964],[31.655856,30.097288],[31.656084,30.096963],[31.657879,30.09611],[31.659381,30.09832],[31.658483,30.09953],[31.657786,30.100837],[31.657144,30.102922]],[[31.665868,30.096452],[31.666249,30.094915],[31.664027,30.094735],[31.663364,30.092717],[31.661732,30.093353],[31.660879,30.092012],[31.662024,30.091762],[31.661641,30.091417],[31.661489,30.090886],[31.661781,30.090257],[31.662469,30.089938],[31.662122,30.088967],[31.663818,30.088365],[31.66558,30.087928],[31.6683,30.087593],[31.668331,30.088845],[31.66729,30.089052],[31.6674,30.090893],[31.66784,30.0912],[31.667952,30.091633],[31.667748,30.092039],[31.667306,30.09226],[31.666896,30.093745],[31.668063,30.094071],[31.667124,30.096857],[31.665868,30.096452]]],[[[31.643882,30.110311],[31.640362,30.111258],[31.638269,30.111349],[31.634868,30.110772],[31.634806,30.111506],[31.635605,30.111594],[31.635552,30.112131],[31.636192,30.112157],[31.636086,30.11321],[31.642827,30.113757],[31.642739,30.115189],[31.64514,30.115273],[31.645172,30.114617],[31.647596,30.114662],[31.648222,30.115742],[31.649671,30.1152],[31.650601,30.115747],[31.655049,30.11419],[31.653746,30.11115],[31.65164,30.107608],[31.647731,30.1081],[31.64776,30.108505],[31.643205,30.109133],[31.643479,30.109876],[31.643882,30.110311]]],[[[31.631674,30.105542],[31.631278,30.107213],[31.631217,30.109771],[31.631063,30.110454],[31.632989,30.110463],[31.638269,30.111349],[31.640362,30.111258],[31.643882,30.110311],[31.643479,30.109876],[31.643205,30.109133],[31.642962,30.10803],[31.642965,30.106765],[31.6411,30.107401],[31.639327,30.107593],[31.637083,30.107445],[31.635996,30.107244],[31.63485,30.106844],[31.632978,30.105884],[31.631674,30.105542]]],[[[31.630466,30.114267],[31.631063,30.110454],[31.62942,30.110942],[31.627436,30.110675],[31.624425,30.109992],[31.621957,30.109203],[31.619666,30.10873],[31.616348,30.107842],[31.615682,30.107454],[31.615328,30.106956],[31.614755,30.105424],[31.614115,30.105036],[31.613369,30.104915],[31.612831,30.104551],[31.612206,30.10313],[31.611873,30.101764],[31.608022,30.106345],[31.619574,30.110465],[31.621368,30.111243],[31.624543,30.112953],[31.626621,30.113683],[31.630466,30.114267]]],[[[31.667739,30.105698],[31.666962,30.10627],[31.665554,30.106896],[31.666182,30.108845],[31.653899,30.111506],[31.65534,30.114867],[31.659766,30.113726],[31.661491,30.113107],[31.663596,30.111987],[31.666383,30.11026],[31.668416,30.109579],[31.669637,30.109392],[31.669802,30.108087],[31.670178,30.107144],[31.66872,30.106398],[31.667739,30.105698]]],[[[31.674952,30.104093],[31.670591,30.098509],[31.670433,30.099155],[31.669596,30.100462],[31.667364,30.102467],[31.665775,30.103437],[31.666115,30.103962],[31.666497,30.104465],[31.66692,30.104942],[31.667382,30.105391],[31.667879,30.10581],[31.668411,30.106197],[31.668973,30.10655],[31.669563,30.106866],[31.670178,30.107144],[31.671122,30.105891],[31.672343,30.105097],[31.674952,30.104093]]],[[[31.646269,30.072727],[31.646473,30.076495],[31.646896,30.078043],[31.648117,30.080159],[31.649865,30.082309],[31.652317,30.080768],[31.652244,30.072702],[31.646269,30.072727]]],[[[31.632128,30.073225],[31.628616,30.073083],[31.627168,30.072823],[31.626206,30.072392],[31.62622,30.074314],[31.626667,30.078429],[31.627461,30.080246],[31.632128,30.073225]]],[[[31.653724,30.081633],[31.65359,30.08006],[31.648593,30.083114],[31.653673,30.090218],[31.657401,30.088496],[31.658134,30.088043],[31.654371,30.083345],[31.653724,30.081633]]],[[[31.682875,30.093636],[31.679997,30.093721],[31.67404,30.091886],[31.672138,30.094185],[31.671108,30.095819],[31.670591,30.098509],[31.674952,30.104093],[31.675912,30.103625],[31.678312,30.102141],[31.680149,30.100476],[31.682039,30.097829],[31.682668,30.096047],[31.682875,30.093636]]],[[[31.650616,30.105858],[31.652456,30.108998],[31.66542,30.106956],[31.666962,30.10627],[31.667739,30.105698],[31.666507,30.104477],[31.665775,30.103437],[31.663873,30.104294],[31.661786,30.104821],[31.659767,30.104965],[31.656997,30.104717],[31.654928,30.104349],[31.653415,30.104435],[31.652053,30.104889],[31.650616,30.105858]]],[[[31.67561,30.134439],[31.676397,30.128161],[31.676965,30.125722],[31.677709,30.125205],[31.684259,30.123612],[31.686951,30.123785],[31.689976,30.123708],[31.69282,30.110861],[31.671405,30.110371],[31.669444,30.110464],[31.664176,30.133393],[31.669254,30.134358],[31.669444,30.133411],[31.67201,30.133809],[31.672326,30.13262],[31.667451,30.131789],[31.667612,30.130971],[31.669836,30.13131],[31.669551,30.130208],[31.671944,30.129115],[31.67449,30.12942],[31.673003,30.134952],[31.675526,30.135571],[31.677886,30.137138],[31.679174,30.137361],[31.680021,30.13737],[31.680863,30.136256],[31.678453,30.134701],[31.67561,30.134439]],[[31.669797,30.121474],[31.671188,30.1216],[31.671878,30.12217],[31.670411,30.123641],[31.66933,30.123266],[31.669797,30.121474]]],[[[31.753008,30.144313],[31.744891,30.138369],[31.743451,30.139791],[31.743731,30.140076],[31.752093,30.14531],[31.753008,30.144313]]],[[[31.744891,30.138369],[31.743523,30.136957],[31.74317,30.136149],[31.742943,30.135112],[31.741488,30.135291],[31.741877,30.137589],[31.742507,30.138829],[31.743451,30.139791],[31.744891,30.138369]]],[[[31.758675,30.148471],[31.757714,30.149389],[31.761919,30.152156],[31.762568,30.151427],[31.758675,30.148471]]],[[[31.743226,30.147876],[31.742583,30.148643],[31.744152,30.149642],[31.745675,30.149679],[31.747486,30.149472],[31.748105,30.149522],[31.752093,30.14531],[31.751126,30.144695],[31.747442,30.14882],[31.744499,30.148725],[31.743226,30.147876]]],[[[31.741276,30.142252],[31.742093,30.142787],[31.744289,30.140416],[31.743451,30.139791],[31.741276,30.142252]]],[[[31.743226,30.147876],[31.741221,30.146539],[31.740969,30.144],[31.742093,30.142787],[31.741276,30.142252],[31.74049,30.143097],[31.739962,30.143968],[31.740208,30.147],[31.742583,30.148643],[31.743226,30.147876]]],[[[31.753008,30.144313],[31.752093,30.14531],[31.757975,30.14919],[31.758675,30.148471],[31.753008,30.144313]]],[[[31.690806,30.142791],[31.699474,30.133477],[31.700459,30.129613],[31.700895,30.127127],[31.700701,30.123478],[31.700095,30.12049],[31.700771,30.118147],[31.702009,30.11602],[31.704491,30.114431],[31.706637,30.113821],[31.706325,30.112976],[31.706267,30.111293],[31.702487,30.111045],[31.69282,30.110861],[31.692235,30.113497],[31.696269,30.114252],[31.695664,30.116295],[31.693334,30.115833],[31.692505,30.118641],[31.694871,30.119134],[31.694324,30.121094],[31.693259,30.120735],[31.690979,30.11916],[31.690626,30.120751],[31.691752,30.121247],[31.693148,30.122329],[31.693503,30.121883],[31.694088,30.122072],[31.693404,30.125195],[31.692442,30.125036],[31.692742,30.1234],[31.692002,30.123208],[31.691473,30.12538],[31.692493,30.125986],[31.691127,30.127258],[31.689228,30.126228],[31.683435,30.133111],[31.686208,30.135092],[31.689148,30.135777],[31.687825,30.14039],[31.684625,30.139702],[31.684835,30.138345],[31.681023,30.136045],[31.680021,30.13737],[31.681175,30.140697],[31.684062,30.141062],[31.6879,30.141819],[31.689754,30.142241],[31.690806,30.142791]],[[31.688809,30.141628],[31.688934,30.141102],[31.689966,30.141292],[31.689841,30.141805],[31.688809,30.141628]],[[31.692104,30.133355],[31.692263,30.132624],[31.694677,30.133304],[31.694404,30.133988],[31.692104,30.133355]],[[31.695111,30.119195],[31.695467,30.118211],[31.696982,30.118692],[31.696305,30.119654],[31.695111,30.119195]],[[31.702697,30.112832],[31.702687,30.111508],[31.705045,30.111532],[31.705694,30.112241],[31.703585,30.113079],[31.702697,30.112832]]],[[[31.725036,30.147279],[31.721908,30.145276],[31.720578,30.144188],[31.720561,30.143835],[31.720286,30.143647],[31.719946,30.143588],[31.718723,30.144095],[31.717549,30.14414],[31.716826,30.143929],[31.715978,30.143494],[31.716828,30.142551],[31.715541,30.141639],[31.714311,30.142264],[31.713966,30.141589],[31.713887,30.140781],[31.712947,30.14088],[31.713037,30.141749],[31.711679,30.141886],[31.711555,30.141026],[31.705518,30.141455],[31.702927,30.144648],[31.706325,30.146996],[31.709498,30.146757],[31.709402,30.145997],[31.711796,30.14575],[31.711904,30.146576],[31.718928,30.145997],[31.723531,30.148988],[31.725036,30.147279]]],[[[31.68786,30.150565],[31.687155,30.157904],[31.68738,30.160588],[31.691599,30.163119],[31.69699,30.157215],[31.68786,30.150565]]],[[[31.705518,30.141455],[31.700704,30.138265],[31.697271,30.135824],[31.694493,30.138818],[31.702927,30.144648],[31.705518,30.141455]]],[[[31.732437,30.109906],[31.743043,30.108528],[31.746121,30.10938],[31.748385,30.110212],[31.748242,30.108817],[31.747035,30.105207],[31.737025,30.106175],[31.720231,30.109327],[31.709175,30.111099],[31.706267,30.111293],[31.706325,30.112976],[31.706637,30.113821],[31.732437,30.109906]]],[[[31.702932,30.115429],[31.70388,30.117748],[31.701954,30.118842],[31.700656,30.118544],[31.700095,30.12049],[31.700714,30.123727],[31.70191,30.125101],[31.703493,30.126419],[31.705129,30.127452],[31.710283,30.121889],[31.709256,30.117144],[31.708745,30.116122],[31.707748,30.115235],[31.706637,30.113821],[31.704491,30.114431],[31.702932,30.115429]]],[[[31.681175,30.140697],[31.673998,30.149615],[31.671915,30.14779],[31.674822,30.135389],[31.673234,30.135004],[31.669798,30.148351],[31.663849,30.147447],[31.666792,30.13389],[31.664176,30.133393],[31.658346,30.158824],[31.657652,30.162324],[31.655444,30.167422],[31.651082,30.176566],[31.650695,30.177892],[31.658018,30.178323],[31.664764,30.178556],[31.66906,30.177997],[31.674205,30.175309],[31.680422,30.172632],[31.684621,30.169879],[31.68839,30.166633],[31.68739,30.165957],[31.687772,30.164523],[31.68787,30.163226],[31.687808,30.161788],[31.68738,30.160591],[31.687181,30.159167],[31.687155,30.157904],[31.687776,30.151185],[31.689153,30.144851],[31.689269,30.144546],[31.690806,30.142791],[31.689667,30.142222],[31.689352,30.143624],[31.688904,30.144518],[31.688035,30.144323],[31.688691,30.141999],[31.684062,30.141062],[31.681175,30.140697]],[[31.663755,30.167949],[31.663069,30.169354],[31.662121,30.168998],[31.66246,30.168263],[31.662749,30.168364],[31.663091,30.167703],[31.663755,30.167949]],[[31.670217,30.168446],[31.667731,30.168859],[31.667473,30.168053],[31.667612,30.167732],[31.669162,30.167471],[31.669935,30.1675],[31.670217,30.168446]],[[31.660761,30.166078],[31.660399,30.166637],[31.660256,30.166582],[31.659877,30.167275],[31.65946,30.167121],[31.659831,30.166307],[31.660301,30.166495],[31.660579,30.165993],[31.660761,30.166078]],[[31.662171,30.164766],[31.662863,30.165017],[31.663013,30.164807],[31.663749,30.165045],[31.663459,30.165723],[31.663185,30.16581],[31.662957,30.165718],[31.66279,30.166024],[31.663304,30.166248],[31.66316,30.16651],[31.66273,30.166634],[31.661319,30.166029],[31.661812,30.165154],[31.661959,30.165213],[31.662171,30.164766]],[[31.666678,30.166393],[31.666666,30.165891],[31.669357,30.165565],[31.669434,30.166203],[31.666678,30.166393]],[[31.66609,30.165791],[31.666026,30.166329],[31.664733,30.16618],[31.664812,30.165548],[31.66609,30.165791]],[[31.66435,30.162441],[31.664747,30.157681],[31.665477,30.156012],[31.668802,30.157713],[31.668838,30.158634],[31.672805,30.158888],[31.672935,30.156678],[31.67737,30.155646],[31.674875,30.164352],[31.671937,30.163682],[31.672123,30.162287],[31.669846,30.162264],[31.665987,30.162778],[31.66435,30.162441]],[[31.687024,30.153994],[31.68595,30.153983],[31.685941,30.152026],[31.687061,30.152047],[31.687024,30.153994]]],[[[31.681796,30.180282],[31.681896,30.177366],[31.685027,30.171914],[31.68839,30.166633],[31.684621,30.169879],[31.680422,30.172632],[31.674205,30.175309],[31.66906,30.177997],[31.664764,30.178556],[31.658018,30.178323],[31.650695,30.177892],[31.649684,30.181356],[31.649864,30.183747],[31.665077,30.182316],[31.681796,30.180282]]],[[[31.613055,30.178836],[31.613713,30.176063],[31.612319,30.176062],[31.600679,30.173768],[31.600431,30.174721],[31.601392,30.174895],[31.601202,30.175532],[31.600266,30.175353],[31.599695,30.17755],[31.605504,30.178481],[31.605739,30.177223],[31.606966,30.177412],[31.606865,30.17797],[31.607252,30.178024],[31.607387,30.17709],[31.607912,30.177172],[31.60775,30.178094],[31.609515,30.178341],[31.609536,30.178187],[31.609058,30.178126],[31.609077,30.17797],[31.609737,30.178058],[31.609677,30.178363],[31.611353,30.178598],[31.611396,30.178244],[31.610655,30.178164],[31.610778,30.177352],[31.612334,30.177556],[31.612169,30.178421],[31.611982,30.178407],[31.611933,30.178679],[31.613055,30.178836]],[[31.604128,30.177164],[31.604123,30.177558],[31.603766,30.17747],[31.603913,30.177102],[31.604128,30.177164]]],[[[31.623256,30.174779],[31.610343,30.172562],[31.609614,30.175559],[31.612319,30.176062],[31.615676,30.176064],[31.623114,30.17566],[31.623256,30.174779]]],[[[31.628807,30.182211],[31.62906,30.180004],[31.631227,30.180354],[31.631493,30.178332],[31.629417,30.17831],[31.629478,30.179185],[31.629346,30.1795],[31.628752,30.180059],[31.627948,30.179665],[31.626951,30.179544],[31.627051,30.179159],[31.625576,30.179171],[31.625541,30.17827],[31.622636,30.178239],[31.622099,30.181138],[31.628807,30.182211]]],[[[31.6369,30.176904],[31.631475,30.176874],[31.629721,30.176656],[31.629665,30.177078],[31.622916,30.176729],[31.622636,30.178239],[31.636917,30.178389],[31.6369,30.176904]]],[[[31.599993,30.176404],[31.600679,30.173768],[31.597225,30.173254],[31.597036,30.174033],[31.594788,30.173659],[31.594428,30.175175],[31.591533,30.174769],[31.591011,30.176159],[31.596597,30.177054],[31.596931,30.175851],[31.599993,30.176404]]],[[[31.624907,30.114243],[31.623961,30.11385],[31.620783,30.112137],[31.619092,30.111404],[31.607419,30.107241],[31.606705,30.109205],[31.614801,30.110661],[31.6189,30.11362],[31.620138,30.113956],[31.620718,30.113943],[31.621155,30.114087],[31.621316,30.114289],[31.621153,30.114912],[31.634081,30.117259],[31.634381,30.115905],[31.626959,30.114814],[31.624907,30.114243]]],[[[31.622847,30.121119],[31.624763,30.121377],[31.624923,30.120619],[31.626469,30.120766],[31.626772,30.119304],[31.623349,30.118652],[31.622847,30.121119]]],[[[31.630313,30.121545],[31.629982,30.123125],[31.626468,30.122654],[31.626121,30.124138],[31.632295,30.12526],[31.633029,30.121993],[31.630313,30.121545]]],[[[31.633761,30.166321],[31.632747,30.166206],[31.630345,30.176733],[31.631272,30.176849],[31.633761,30.166321]]],[[[31.634416,30.163551],[31.633391,30.163386],[31.632747,30.166206],[31.633761,30.166321],[31.634416,30.163551]]],[[[31.655604,30.154553],[31.654022,30.154324],[31.654114,30.153815],[31.653,30.153948],[31.651621,30.153716],[31.650992,30.15659],[31.655043,30.157184],[31.655604,30.154553]]],[[[31.657039,30.147254],[31.656498,30.149264],[31.66041,30.149839],[31.660729,30.14845],[31.657039,30.147254]]],[[[31.660485,30.143167],[31.658098,30.14079],[31.657481,30.14115],[31.657102,30.140762],[31.657707,30.1404],[31.657302,30.139997],[31.656546,30.140565],[31.656237,30.14028],[31.657056,30.139752],[31.655756,30.138458],[31.653817,30.139728],[31.655695,30.142103],[31.655813,30.142556],[31.660485,30.143167]]],[[[31.651417,30.119845],[31.655782,30.118809],[31.655741,30.118998],[31.656755,30.119148],[31.65689,30.118345],[31.661016,30.119012],[31.660879,30.119758],[31.663237,30.120107],[31.663912,30.11734],[31.667723,30.117944],[31.669444,30.110464],[31.667829,30.110818],[31.666947,30.111164],[31.664259,30.112839],[31.661969,30.114048],[31.660166,30.114694],[31.65596,30.115768],[31.648785,30.117914],[31.648522,30.118693],[31.648129,30.118929],[31.647799,30.120453],[31.649142,30.120631],[31.651417,30.119845]]],[[[31.648129,30.118929],[31.648522,30.118693],[31.648785,30.117914],[31.647074,30.118158],[31.645373,30.118126],[31.637787,30.116502],[31.634381,30.115905],[31.634081,30.117259],[31.641738,30.11851],[31.643628,30.118555],[31.646324,30.118911],[31.648129,30.118929]]],[[[31.645087,30.153529],[31.643535,30.153274],[31.643754,30.152394],[31.645305,30.152639],[31.645618,30.15138],[31.644089,30.151075],[31.644193,30.150442],[31.645804,30.15071],[31.645865,30.15049],[31.645799,30.149816],[31.644328,30.147782],[31.644418,30.146719],[31.645107,30.143818],[31.643639,30.142146],[31.640537,30.141615],[31.640338,30.14188],[31.6398,30.144718],[31.639279,30.146275],[31.63842,30.146983],[31.638213,30.147458],[31.637599,30.150339],[31.637287,30.151269],[31.636806,30.151698],[31.636102,30.15206],[31.636017,30.15234],[31.638449,30.15185],[31.638392,30.151961],[31.638343,30.152074],[31.638302,30.15219],[31.63827,30.152308],[31.638248,30.152428],[31.638233,30.152549],[31.638228,30.15267],[31.638232,30.152791],[31.638245,30.152912],[31.638267,30.153032],[31.638298,30.15315],[31.638338,30.153266],[31.638386,30.15338],[31.638443,30.153491],[31.638507,30.153599],[31.63858,30.153702],[31.63866,30.153802],[31.638747,30.153896],[31.638841,30.153986],[31.639693,30.153284],[31.6414,30.153452],[31.640882,30.156957],[31.63946,30.156719],[31.639444,30.157913],[31.641781,30.158287],[31.64208,30.15692],[31.642838,30.156341],[31.643868,30.155896],[31.644575,30.155361],[31.645087,30.153529]]],[[[31.640537,30.141615],[31.643639,30.142146],[31.643337,30.14178],[31.643097,30.141062],[31.64444,30.134861],[31.643408,30.134704],[31.642053,30.140638],[31.640694,30.141406],[31.640537,30.141615]]],[[[31.792093,30.167132],[31.796117,30.164969],[31.799395,30.162028],[31.801287,30.159807],[31.802739,30.157273],[31.804134,30.152076],[31.805242,30.14483],[31.805756,30.139085],[31.805619,30.135649],[31.801572,30.099883],[31.775924,30.102458],[31.776858,30.10893],[31.773494,30.109299],[31.774427,30.116669],[31.774547,30.124068],[31.772548,30.131705],[31.771291,30.133861],[31.772143,30.134277],[31.772229,30.134786],[31.772352,30.135289],[31.772512,30.135784],[31.772709,30.13627],[31.772941,30.136743],[31.773208,30.137202],[31.773509,30.137646],[31.773842,30.138071],[31.774205,30.138477],[31.774598,30.138862],[31.775019,30.139224],[31.775466,30.139561],[31.775937,30.139873],[31.773605,30.142509],[31.768211,30.139149],[31.764548,30.143051],[31.767881,30.145188],[31.769534,30.143511],[31.774005,30.146531],[31.772219,30.147969],[31.776805,30.153864],[31.782003,30.162153],[31.788529,30.158587],[31.791082,30.162806],[31.786283,30.164807],[31.787048,30.166459],[31.786121,30.166792],[31.784627,30.166196],[31.782122,30.162342],[31.775303,30.165738],[31.773973,30.167212],[31.774891,30.167824],[31.775315,30.168287],[31.775767,30.169196],[31.775844,30.169938],[31.777558,30.169861],[31.787682,30.168288],[31.792093,30.167132]],[[31.78137,30.141263],[31.781368,30.137575],[31.782423,30.137362],[31.782761,30.137253],[31.783091,30.137125],[31.783409,30.136978],[31.783716,30.136813],[31.784009,30.13663],[31.784287,30.13643],[31.784549,30.136215],[31.784793,30.135984],[31.785019,30.13574],[31.785225,30.135482],[31.785411,30.135214],[31.785576,30.134935],[31.785719,30.134647],[31.785838,30.134351],[31.785935,30.134049],[31.786008,30.133742],[31.786056,30.133431],[31.786081,30.133118],[31.786081,30.132805],[31.786056,30.132492],[31.786008,30.132181],[31.786722,30.13192],[31.786234,30.131112],[31.785077,30.130813],[31.784233,30.130022],[31.783149,30.129518],[31.781591,30.129071],[31.779884,30.129138],[31.779152,30.128816],[31.778337,30.128733],[31.777246,30.129031],[31.776739,30.129395],[31.776368,30.129867],[31.774975,30.129483],[31.775593,30.127409],[31.774672,30.127132],[31.775173,30.123059],[31.79098,30.122793],[31.791852,30.123043],[31.792699,30.123654],[31.795106,30.127306],[31.795552,30.128302],[31.795779,30.129561],[31.795793,30.130568],[31.795665,30.131569],[31.795215,30.133028],[31.791692,30.132398],[31.790869,30.133564],[31.78981,30.134576],[31.788551,30.135397],[31.787142,30.135914],[31.78607,30.136861],[31.785626,30.137662],[31.785459,30.138314],[31.785505,30.140374],[31.785405,30.140744],[31.784286,30.141187],[31.78137,30.141263]],[[31.793546,30.114129],[31.798002,30.113467],[31.798121,30.114733],[31.799309,30.114604],[31.799654,30.117325],[31.798331,30.117501],[31.798452,30.118603],[31.797157,30.118709],[31.797278,30.119811],[31.793315,30.119845],[31.793294,30.121603],[31.792139,30.121614],[31.792694,30.11548],[31.79372,30.115396],[31.793546,30.114129]],[[31.794013,30.112103],[31.793803,30.110931],[31.79325,30.111031],[31.793548,30.107749],[31.795604,30.107543],[31.798519,30.108995],[31.799127,30.11005],[31.798104,30.110431],[31.798283,30.111347],[31.794013,30.112103]]],[[[31.795526,30.098602],[31.797813,30.098509],[31.79787,30.099205],[31.801452,30.09886],[31.800963,30.094736],[31.800286,30.09199],[31.79824,30.088691],[31.79592,30.086084],[31.79315,30.083936],[31.789401,30.082049],[31.786356,30.08067],[31.781241,30.077998],[31.775373,30.075203],[31.768407,30.071626],[31.758614,30.067019],[31.750634,30.06293],[31.744549,30.059977],[31.739304,30.057225],[31.736706,30.055657],[31.732051,30.051907],[31.73008,30.049958],[31.7282,30.047818],[31.725848,30.044265],[31.719928,30.044265],[31.722398,30.049885],[31.72964,30.071101],[31.734771,30.08714],[31.74182,30.096617],[31.745836,30.101784],[31.746223,30.102477],[31.746648,30.104206],[31.764801,30.102589],[31.795631,30.09942],[31.795526,30.098602]]],[[[31.776805,30.153864],[31.772219,30.147969],[31.765183,30.15333],[31.766637,30.154932],[31.768743,30.158062],[31.776805,30.153864]]],[[[31.772814,30.104754],[31.772523,30.102815],[31.764929,30.103611],[31.747035,30.105207],[31.747847,30.107666],[31.772814,30.104754]]],[[[31.774439,30.11738],[31.773494,30.109299],[31.772814,30.104754],[31.747847,30.107666],[31.748242,30.108817],[31.748402,30.110499],[31.748326,30.117816],[31.750491,30.117989],[31.754123,30.118723],[31.756789,30.118785],[31.757719,30.118904],[31.774439,30.11738]]],[[[31.613713,30.176063],[31.61286,30.179659],[31.622099,30.181138],[31.623114,30.17566],[31.615676,30.176064],[31.613713,30.176063]]],[[[31.606865,30.17797],[31.606737,30.178678],[31.61286,30.179659],[31.613055,30.178836],[31.606865,30.17797]]],[[[31.634081,30.117259],[31.626117,30.115792],[31.625867,30.116791],[31.631297,30.117739],[31.630313,30.121545],[31.633029,30.121993],[31.634081,30.117259]]],[[[31.665554,30.106896],[31.663762,30.10729],[31.652456,30.108998],[31.653899,30.111506],[31.666182,30.108845],[31.665554,30.106896]]],[[[31.648023,30.117017],[31.65534,30.114867],[31.655049,30.11419],[31.650601,30.115747],[31.649671,30.1152],[31.648222,30.115742],[31.647596,30.114662],[31.645172,30.114617],[31.64514,30.115273],[31.642739,30.115189],[31.642827,30.113757],[31.636086,30.11321],[31.636192,30.112157],[31.635552,30.112131],[31.635605,30.111594],[31.634806,30.111506],[31.634868,30.110772],[31.632989,30.110463],[31.631063,30.110454],[31.630466,30.114267],[31.638032,30.115496],[31.645524,30.117106],[31.647011,30.117131],[31.648023,30.117017]]],[[[31.685137,30.087541],[31.685699,30.08491],[31.685651,30.082416],[31.684216,30.082735],[31.682507,30.083841],[31.681046,30.084562],[31.679268,30.084825],[31.677122,30.085435],[31.674519,30.085825],[31.674729,30.087739],[31.676892,30.087706],[31.677917,30.087455],[31.681578,30.085584],[31.683148,30.084999],[31.683901,30.084902],[31.684201,30.087204],[31.685137,30.087541]]],[[[31.734382,30.134101],[31.73491,30.13407],[31.734956,30.134785],[31.736047,30.134658],[31.736225,30.135747],[31.739763,30.135502],[31.742943,30.135112],[31.742529,30.131963],[31.742684,30.130169],[31.743134,30.128564],[31.743297,30.127445],[31.743776,30.126157],[31.74452,30.12477],[31.748148,30.118872],[31.748325,30.117954],[31.748385,30.110212],[31.746393,30.10948],[31.747358,30.11234],[31.747792,30.116798],[31.747726,30.118003],[31.746599,30.120197],[31.745655,30.121319],[31.744869,30.121944],[31.742639,30.123187],[31.743625,30.124063],[31.742067,30.126959],[31.741243,30.126613],[31.74095,30.127051],[31.736604,30.124408],[31.736735,30.123684],[31.736647,30.122921],[31.737081,30.122878],[31.736996,30.121833],[31.736107,30.121966],[31.735169,30.121712],[31.734563,30.121772],[31.734586,30.122506],[31.73426,30.122569],[31.734013,30.12156],[31.734751,30.121445],[31.73463,30.120729],[31.733114,30.120846],[31.732766,30.120983],[31.73259,30.121198],[31.732894,30.12281],[31.734385,30.123802],[31.734189,30.123942],[31.733409,30.12352],[31.732542,30.123596],[31.732347,30.124102],[31.731919,30.124539],[31.73119,30.124679],[31.730446,30.124671],[31.729653,30.124502],[31.728666,30.123714],[31.728023,30.123722],[31.727073,30.124022],[31.726857,30.124656],[31.726216,30.125146],[31.725465,30.125251],[31.725175,30.125533],[31.723179,30.125692],[31.722034,30.125562],[31.721072,30.124817],[31.719632,30.125873],[31.716708,30.127353],[31.717836,30.127469],[31.722442,30.126953],[31.725105,30.127013],[31.729519,30.129921],[31.730439,30.128908],[31.728673,30.127573],[31.729617,30.126936],[31.730433,30.127047],[31.731716,30.127822],[31.733004,30.128209],[31.73258,30.129898],[31.733033,30.129996],[31.732962,30.130268],[31.734016,30.130444],[31.734213,30.129908],[31.733531,30.129728],[31.73367,30.129217],[31.734734,30.129326],[31.73476,30.12955],[31.736474,30.129409],[31.736498,30.129699],[31.735737,30.129733],[31.735745,30.12989],[31.734983,30.129965],[31.734993,30.130643],[31.735421,30.130639],[31.735384,30.131317],[31.734481,30.1313],[31.732346,30.130831],[31.732135,30.131671],[31.734026,30.132957],[31.734382,30.134101]],[[31.737422,30.131907],[31.738098,30.131847],[31.738241,30.133263],[31.73728,30.133344],[31.737192,30.132715],[31.737497,30.132701],[31.737422,30.131907]],[[31.740269,30.13167],[31.741068,30.13162],[31.741251,30.132936],[31.740451,30.133027],[31.740382,30.132512],[31.740276,30.132523],[31.740269,30.13167]],[[31.733927,30.12871],[31.733937,30.128303],[31.734655,30.128316],[31.734632,30.128712],[31.733927,30.12871]],[[31.72955,30.124777],[31.730199,30.125344],[31.730356,30.125229],[31.730476,30.125342],[31.731107,30.124904],[31.731474,30.125182],[31.729936,30.12645],[31.729568,30.126474],[31.728538,30.125204],[31.72955,30.124777]]],[[[31.74358,30.108677],[31.743043,30.108528],[31.739192,30.108984],[31.724919,30.111077],[31.72582,30.112342],[31.726489,30.113772],[31.728267,30.113077],[31.729802,30.112908],[31.734443,30.11146],[31.73608,30.111499],[31.737132,30.111854],[31.737925,30.111815],[31.742324,30.110732],[31.742805,30.110323],[31.74358,30.108677]]],[[[31.760643,30.146655],[31.751648,30.140319],[31.757286,30.133609],[31.755046,30.132424],[31.754656,30.133597],[31.753831,30.135209],[31.752383,30.135894],[31.747419,30.136657],[31.74635,30.137493],[31.745259,30.138629],[31.758675,30.148471],[31.760643,30.146655]]],[[[31.774483,30.120103],[31.774439,30.11738],[31.757719,30.118904],[31.758045,30.119901],[31.75835,30.122591],[31.757375,30.126078],[31.758572,30.126403],[31.7591,30.124778],[31.759861,30.12488],[31.76039,30.120311],[31.774483,30.120103]]],[[[31.768402,30.039334],[31.773334,30.040827],[31.774184,30.039173],[31.768402,30.039334]]],[[[31.596984,30.151484],[31.603016,30.125813],[31.594957,30.124698],[31.594908,30.125524],[31.595264,30.126227],[31.596234,30.127477],[31.594464,30.128507],[31.590313,30.127996],[31.590539,30.12678],[31.584395,30.125974],[31.584232,30.130066],[31.583395,30.134318],[31.583052,30.137341],[31.583023,30.140247],[31.58332,30.143037],[31.584061,30.146155],[31.585217,30.149145],[31.586633,30.151694],[31.590002,30.156693],[31.590861,30.158418],[31.591674,30.160582],[31.592243,30.162823],[31.592559,30.165113],[31.592534,30.169389],[31.592316,30.17024],[31.592409,30.172435],[31.596984,30.151484]],[[31.585407,30.138619],[31.585586,30.136946],[31.588595,30.13733],[31.588307,30.138974],[31.585407,30.138619]],[[31.58604,30.133494],[31.586456,30.130434],[31.591466,30.130933],[31.591193,30.132659],[31.590201,30.13254],[31.590133,30.132971],[31.586813,30.132611],[31.586675,30.133582],[31.58604,30.133494]]],[[[31.732457,30.170835],[31.756588,30.165535],[31.758761,30.165957],[31.767091,30.168613],[31.773127,30.170062],[31.775844,30.169938],[31.775767,30.169196],[31.775315,30.168287],[31.774891,30.167824],[31.773384,30.166689],[31.772913,30.166067],[31.771296,30.161742],[31.769756,30.159343],[31.768177,30.157346],[31.766637,30.154932],[31.765234,30.153368],[31.762568,30.151427],[31.761156,30.153013],[31.75917,30.15277],[31.754334,30.153263],[31.753527,30.153794],[31.750289,30.154481],[31.743008,30.15632],[31.741143,30.156728],[31.73975,30.156648],[31.738824,30.156347],[31.737953,30.155755],[31.733729,30.152796],[31.733576,30.152448],[31.732283,30.153423],[31.723842,30.148635],[31.720869,30.151984],[31.725436,30.154639],[31.724258,30.156411],[31.719665,30.15334],[31.716487,30.156916],[31.715224,30.157815],[31.714412,30.158228],[31.737918,30.160863],[31.739344,30.166466],[31.720264,30.170761],[31.721031,30.173126],[31.732457,30.170835]],[[31.744937,30.161586],[31.751818,30.159812],[31.755504,30.159007],[31.754462,30.155136],[31.758307,30.154266],[31.761601,30.154591],[31.7644,30.153907],[31.765624,30.155193],[31.76799,30.159943],[31.770345,30.163223],[31.756661,30.162535],[31.741949,30.165993],[31.740491,30.16098],[31.744937,30.161586]],[[31.772275,30.166522],[31.771775,30.167583],[31.770265,30.167099],[31.770675,30.166068],[31.772275,30.166522]]],[[[31.653531,30.166786],[31.654668,30.16711],[31.651033,30.170216],[31.651939,30.170979],[31.652219,30.172927],[31.639594,30.183333],[31.647753,30.183946],[31.649864,30.183747],[31.649684,30.181356],[31.651082,30.176566],[31.655444,30.167422],[31.657652,30.162324],[31.655563,30.165104],[31.653531,30.166786]]],[[[31.711383,30.146615],[31.711291,30.145802],[31.709994,30.145936],[31.710078,30.146714],[31.711383,30.146615]]],[[[31.655083,30.137787],[31.653708,30.136418],[31.6533,30.13828],[31.653343,30.13879],[31.655083,30.137787]]],[[[31.503606,30.045812],[31.503157,30.045893],[31.502325,30.045659],[31.502149,30.045186],[31.503261,30.044859],[31.502979,30.044155],[31.502721,30.044236],[31.501738,30.041888],[31.499683,30.042337],[31.496875,30.0426],[31.496942,30.044075],[31.495611,30.044021],[31.495845,30.045755],[31.496796,30.047892],[31.497424,30.047638],[31.499437,30.047283],[31.499684,30.047401],[31.49978,30.047796],[31.500107,30.047745],[31.500031,30.047394],[31.50032,30.047353],[31.500791,30.047693],[31.500675,30.04788],[31.50028,30.047901],[31.500573,30.048845],[31.500793,30.04863],[31.501735,30.049361],[31.501602,30.049501],[31.501956,30.049816],[31.502304,30.051069],[31.501867,30.05115],[31.502447,30.053023],[31.505999,30.052414],[31.503606,30.045812]],[[31.503276,30.047009],[31.503584,30.047286],[31.50429,30.049328],[31.503466,30.049669],[31.502374,30.047206],[31.503006,30.046993],[31.503276,30.047009]]],[[[31.437309,30.052674],[31.440532,30.051629],[31.442102,30.051554],[31.442449,30.046933],[31.428281,30.046367],[31.428147,30.05268],[31.437309,30.052674]]],[[[31.521005,30.086835],[31.524416,30.086048],[31.524043,30.083354],[31.522835,30.076858],[31.521112,30.070514],[31.515305,30.072606],[31.5127,30.073335],[31.507718,30.074459],[31.502195,30.075345],[31.50359,30.08129],[31.50385,30.082864],[31.503727,30.083618],[31.503171,30.08436],[31.506232,30.08416],[31.510606,30.084404],[31.513626,30.085014],[31.519905,30.086552],[31.520952,30.086451],[31.521005,30.086835]]],[[[31.525471,30.068297],[31.526257,30.06849],[31.526968,30.070482],[31.524682,30.070878],[31.524161,30.069115],[31.522091,30.07026],[31.521112,30.070514],[31.522835,30.076858],[31.524043,30.083354],[31.524416,30.086048],[31.532145,30.084335],[31.534437,30.084345],[31.537131,30.084824],[31.537137,30.084304],[31.537422,30.083873],[31.537849,30.082579],[31.538469,30.079941],[31.538809,30.076623],[31.538872,30.073728],[31.538634,30.070029],[31.538219,30.067292],[31.537246,30.06324],[31.536885,30.062456],[31.536068,30.061876],[31.534991,30.061934],[31.529721,30.065718],[31.525471,30.068297]]],[[[31.52006,30.045832],[31.520977,30.04672],[31.520443,30.047137],[31.520893,30.047573],[31.519339,30.048731],[31.5189,30.048306],[31.518661,30.048493],[31.51768,30.047544],[31.516202,30.048456],[31.517567,30.050171],[31.517393,30.050268],[31.51827,30.051461],[31.519553,30.050697],[31.520796,30.049884],[31.521996,30.049025],[31.523153,30.048121],[31.524262,30.047173],[31.525322,30.046184],[31.526332,30.045156],[31.524941,30.044138],[31.524028,30.045005],[31.522325,30.043853],[31.52006,30.045832]]],[[[31.486739,30.138401],[31.492658,30.138413],[31.492646,30.139505],[31.496465,30.139033],[31.496414,30.123983],[31.497684,30.120379],[31.492795,30.121538],[31.491066,30.121833],[31.488432,30.122009],[31.486166,30.121904],[31.485962,30.124659],[31.48234,30.124388],[31.482269,30.125214],[31.483652,30.12535],[31.48331,30.130333],[31.479309,30.130168],[31.479037,30.133102],[31.48172,30.133159],[31.481691,30.135712],[31.484401,30.135207],[31.484971,30.135355],[31.48644,30.132974],[31.487695,30.131309],[31.490305,30.125364],[31.492658,30.126092],[31.490647,30.130396],[31.489862,30.133282],[31.488679,30.135762],[31.48779,30.135676],[31.486739,30.138401]]],[[[31.56637,30.139068],[31.566958,30.135468],[31.552686,30.133801],[31.551412,30.140931],[31.553956,30.141759],[31.554505,30.137574],[31.56637,30.139068]]],[[[31.554895,30.042533],[31.554204,30.04446],[31.553435,30.046365],[31.55259,30.048246],[31.551669,30.050099],[31.550673,30.051923],[31.549605,30.053716],[31.548464,30.055474],[31.555058,30.058365],[31.562024,30.048712],[31.569634,30.051511],[31.569355,30.052849],[31.568865,30.05414],[31.566934,30.057244],[31.564959,30.059798],[31.561554,30.063336],[31.561926,30.063603],[31.562277,30.063891],[31.562605,30.0642],[31.562908,30.064526],[31.563186,30.064869],[31.563437,30.065228],[31.563659,30.065601],[31.563853,30.065986],[31.564016,30.066381],[31.564149,30.066784],[31.56425,30.067195],[31.564319,30.06761],[31.564357,30.068029],[31.562004,30.081472],[31.561656,30.081684],[31.560444,30.08148],[31.54678,30.078238],[31.545724,30.078134],[31.544135,30.078213],[31.542106,30.078747],[31.5418,30.079961],[31.538301,30.080861],[31.53746,30.083772],[31.537137,30.084304],[31.537131,30.084824],[31.540852,30.085711],[31.561936,30.093008],[31.564324,30.094161],[31.5704,30.098405],[31.571839,30.099043],[31.578665,30.100908],[31.586314,30.102366],[31.588456,30.091868],[31.589388,30.086623],[31.589786,30.085469],[31.59048,30.084465],[31.591419,30.083685],[31.593174,30.082927],[31.597517,30.081423],[31.598771,30.080566],[31.59963,30.079551],[31.611171,30.056573],[31.611894,30.055448],[31.612101,30.054846],[31.612189,30.053196],[31.611712,30.051891],[31.60673,30.045111],[31.585716,30.044425],[31.554895,30.042533]]],[[[31.508781,30.087821],[31.507785,30.087282],[31.506053,30.087017],[31.505331,30.08654],[31.50498,30.085935],[31.50493,30.08533],[31.505127,30.08472],[31.505551,30.084205],[31.503171,30.08436],[31.496205,30.086057],[31.493573,30.086451],[31.490902,30.086413],[31.482596,30.085307],[31.481519,30.094211],[31.485582,30.094391],[31.487712,30.094264],[31.489779,30.09399],[31.509575,30.089472],[31.509347,30.088551],[31.508781,30.087821]]],[[[31.47845,30.047886],[31.478448,30.049623],[31.481009,30.049627],[31.481039,30.048169],[31.480743,30.047861],[31.480249,30.047678],[31.479579,30.047692],[31.479588,30.047883],[31.47845,30.047886]]],[[[31.493245,30.048631],[31.493346,30.047977],[31.493551,30.047699],[31.494731,30.047299],[31.494102,30.04578],[31.490963,30.045795],[31.491011,30.048676],[31.493245,30.048631]]],[[[31.487926,30.048684],[31.487775,30.049011],[31.487839,30.04979],[31.489421,30.049808],[31.489868,30.050045],[31.491011,30.048676],[31.487926,30.048684]]],[[[31.508322,30.048101],[31.508771,30.047577],[31.50895,30.046913],[31.508801,30.046237],[31.508048,30.045054],[31.508153,30.044636],[31.508532,30.044343],[31.506551,30.04528],[31.503783,30.046299],[31.505102,30.049939],[31.505216,30.04954],[31.505557,30.049195],[31.508322,30.048101]]],[[[31.506551,30.04528],[31.510374,30.043324],[31.511844,30.042261],[31.511938,30.041697],[31.511776,30.041144],[31.510529,30.039973],[31.508724,30.041409],[31.507201,30.04237],[31.505575,30.043194],[31.502979,30.044155],[31.503783,30.046299],[31.506551,30.04528]]],[[[31.551974,30.049506],[31.544317,30.04653],[31.534957,30.057581],[31.535836,30.059216],[31.535943,30.05977],[31.535794,30.060881],[31.535182,30.061866],[31.536085,30.061881],[31.536792,30.062357],[31.537169,30.063004],[31.537482,30.064145],[31.539647,30.064046],[31.539726,30.065146],[31.537765,30.065237],[31.538219,30.067292],[31.543469,30.061842],[31.546544,30.058145],[31.54939,30.054057],[31.551974,30.049506]]],[[[31.453059,30.047771],[31.453084,30.041538],[31.452078,30.041559],[31.452068,30.04117],[31.453078,30.04115],[31.452959,30.036771],[31.452051,30.036741],[31.452452,30.037209],[31.451495,30.037793],[31.450901,30.037145],[31.451513,30.036724],[31.451138,30.036711],[31.450697,30.036532],[31.450141,30.035937],[31.450027,30.035449],[31.450093,30.030659],[31.448548,30.030621],[31.447421,30.030362],[31.447451,30.0327],[31.448814,30.032847],[31.4488,30.034637],[31.448278,30.034649],[31.448266,30.035843],[31.447491,30.035876],[31.447559,30.040061],[31.448076,30.040552],[31.449156,30.040832],[31.449531,30.040834],[31.44978,30.040088],[31.450456,30.040311],[31.450018,30.041005],[31.450319,30.041282],[31.450477,30.041635],[31.450519,30.04346],[31.451134,30.043456],[31.45114,30.04398],[31.452115,30.043692],[31.452157,30.045578],[31.450557,30.045647],[31.450597,30.048005],[31.45173,30.048124],[31.451724,30.047932],[31.452523,30.04775],[31.453059,30.047771]]],[[[31.529288,30.042907],[31.52576,30.041087],[31.526734,30.03961],[31.525588,30.039064],[31.524665,30.040366],[31.524513,30.040501],[31.524351,30.040627],[31.52418,30.040742],[31.524,30.040848],[31.523812,30.040942],[31.523617,30.041025],[31.523416,30.041096],[31.52321,30.041155],[31.523,30.041202],[31.522786,30.041236],[31.522571,30.041257],[31.522354,30.041265],[31.522137,30.041261],[31.521921,30.041243],[31.521707,30.041213],[31.521496,30.04117],[31.521288,30.041114],[31.521086,30.041046],[31.520889,30.040967],[31.520699,30.040875],[31.520517,30.040773],[31.527417,30.04598],[31.529288,30.042907]]],[[[31.43559,30.079985],[31.435485,30.079974],[31.432517,30.124353],[31.432259,30.126272],[31.435644,30.127916],[31.4433,30.131151],[31.446839,30.132358],[31.453369,30.134274],[31.453991,30.134399],[31.454622,30.134486],[31.455258,30.134536],[31.455897,30.134548],[31.456535,30.134522],[31.457169,30.134458],[31.457797,30.134356],[31.458416,30.134216],[31.459022,30.134041],[31.459612,30.133829],[31.460185,30.133583],[31.460737,30.133303],[31.461265,30.132991],[31.461767,30.132648],[31.462242,30.132276],[31.462686,30.131877],[31.463097,30.131452],[31.463473,30.131004],[31.463814,30.130534],[31.464116,30.130045],[31.46438,30.129539],[31.464602,30.129019],[31.464783,30.128486],[31.464922,30.127944],[31.465017,30.127395],[31.465069,30.126842],[31.465077,30.126286],[31.465041,30.125732],[31.464962,30.125181],[31.464839,30.124636],[31.464674,30.1241],[31.464466,30.123575],[31.464218,30.123063],[31.46393,30.122568],[31.463603,30.12209],[31.438623,30.08825],[31.43559,30.079985]]],[[[31.478567,30.139594],[31.480024,30.12138],[31.479821,30.121359],[31.472242,30.122687],[31.464715,30.124219],[31.464869,30.124754],[31.464982,30.125296],[31.465052,30.125844],[31.465079,30.126395],[31.465063,30.126946],[31.465003,30.127495],[31.464901,30.128039],[31.464756,30.128575],[31.46457,30.129102],[31.464342,30.129617],[31.464075,30.130117],[31.463769,30.1306],[31.463426,30.131063],[31.463048,30.131506],[31.462636,30.131925],[31.462192,30.132318],[31.461718,30.132684],[31.461216,30.133022],[31.46069,30.133329],[31.46014,30.133604],[31.45957,30.133846],[31.458983,30.134053],[31.45838,30.134226],[31.457766,30.134362],[31.457142,30.134461],[31.456512,30.134523],[31.455878,30.134548],[31.455244,30.134536],[31.454613,30.134485],[31.453987,30.134398],[31.453369,30.134274],[31.460002,30.136211],[31.467375,30.137997],[31.470949,30.138628],[31.478567,30.139594]]],[[[31.537744,30.134048],[31.538952,30.127486],[31.518064,30.124503],[31.496405,30.125586],[31.496465,30.139033],[31.503737,30.137773],[31.531536,30.131434],[31.536134,30.132964],[31.537744,30.134048]]],[[[31.52873,30.106371],[31.530406,30.097772],[31.533258,30.095742],[31.538516,30.097361],[31.537617,30.10275],[31.547538,30.10455],[31.548419,30.102532],[31.55072,30.089901],[31.539935,30.086195],[31.535417,30.085222],[31.533958,30.085028],[31.532263,30.085049],[31.53067,30.085333],[31.520903,30.087605],[31.519651,30.090885],[31.513585,30.103789],[31.52873,30.106371]]],[[[31.507782,30.10067],[31.513585,30.103789],[31.519651,30.090885],[31.520903,30.087605],[31.494592,30.093686],[31.486689,30.098872],[31.486208,30.099404],[31.485772,30.099964],[31.485383,30.10055],[31.485044,30.101158],[31.484756,30.101786],[31.48452,30.102431],[31.484338,30.103088],[31.48421,30.103755],[31.484138,30.104429],[31.488057,30.104928],[31.489561,30.104799],[31.504678,30.100379],[31.505464,30.100306],[31.506646,30.100379],[31.507782,30.10067]]],[[[31.55492,30.123061],[31.540613,30.120692],[31.539348,30.125558],[31.538063,30.13196],[31.552686,30.133801],[31.55492,30.123061]]],[[[31.583688,30.11325],[31.571768,30.111532],[31.571746,30.1133],[31.571031,30.116629],[31.582688,30.118618],[31.582751,30.117052],[31.583688,30.11325]]],[[[31.554245,30.116795],[31.556135,30.117109],[31.555422,30.120336],[31.559035,30.120932],[31.558536,30.123658],[31.55492,30.123061],[31.569089,30.1254],[31.569788,30.122248],[31.563304,30.121178],[31.564581,30.115329],[31.561546,30.114812],[31.562178,30.111816],[31.555623,30.110775],[31.554245,30.116795]]],[[[31.552686,30.133801],[31.538063,30.13196],[31.537744,30.134048],[31.54196,30.136578],[31.54467,30.138054],[31.548051,30.139629],[31.551412,30.140931],[31.552686,30.133801]]],[[[31.45759,30.086259],[31.457738,30.081689],[31.456149,30.081517],[31.456243,30.081016],[31.455302,30.081023],[31.453571,30.080811],[31.452811,30.08042],[31.447555,30.080217],[31.446624,30.079574],[31.442892,30.079289],[31.441251,30.079033],[31.438607,30.07819],[31.435707,30.076639],[31.435533,30.079253],[31.442609,30.079904],[31.44469,30.080289],[31.446678,30.08083],[31.450086,30.082205],[31.45759,30.086259]]],[[[31.470479,30.113567],[31.472266,30.107185],[31.474928,30.10809],[31.476867,30.108468],[31.476886,30.108337],[31.479606,30.108912],[31.479872,30.108106],[31.483037,30.109375],[31.483803,30.107115],[31.484212,30.103745],[31.479834,30.103319],[31.478959,30.103435],[31.478579,30.103912],[31.478275,30.103879],[31.476677,30.104635],[31.474681,30.104208],[31.47527,30.102004],[31.476791,30.097381],[31.479168,30.098006],[31.479815,30.097282],[31.481431,30.097545],[31.481583,30.097019],[31.484131,30.098121],[31.483884,30.098878],[31.485974,30.099693],[31.486763,30.098797],[31.494592,30.093686],[31.489891,30.094706],[31.48626,30.095089],[31.482247,30.095012],[31.478342,30.094407],[31.469113,30.091798],[31.464577,30.090453],[31.46346,30.090023],[31.460206,30.088521],[31.449602,30.082795],[31.446824,30.081649],[31.444762,30.081053],[31.442599,30.080634],[31.43559,30.079985],[31.438623,30.08825],[31.463603,30.12209],[31.464326,30.123273],[31.464715,30.124219],[31.473458,30.12246],[31.471201,30.121396],[31.471558,30.117854],[31.47141,30.117169],[31.470612,30.115426],[31.470479,30.113567]]],[[[31.542348,30.039132],[31.537827,30.037534],[31.536618,30.040164],[31.540992,30.041912],[31.542348,30.039132]]],[[[31.469021,30.067087],[31.467458,30.067106],[31.467476,30.067982],[31.467239,30.06859],[31.468037,30.068613],[31.468018,30.069585],[31.469594,30.069841],[31.469069,30.068732],[31.469021,30.067087]]],[[[31.477461,30.072759],[31.475682,30.076583],[31.47553,30.076694],[31.475079,30.076877],[31.474292,30.076966],[31.471934,30.076329],[31.471388,30.077572],[31.471279,30.080361],[31.470712,30.083091],[31.479373,30.084875],[31.490902,30.086413],[31.492682,30.086487],[31.494459,30.086367],[31.499446,30.085267],[31.499477,30.082804],[31.499002,30.080851],[31.499771,30.080802],[31.498564,30.076011],[31.492845,30.077136],[31.490865,30.077111],[31.481487,30.075532],[31.480403,30.075004],[31.477461,30.072759]]],[[[31.583688,30.11325],[31.584319,30.110629],[31.57723,30.10993],[31.569357,30.109853],[31.566178,30.109699],[31.562969,30.109031],[31.559944,30.10823],[31.552571,30.105741],[31.547609,30.104388],[31.545671,30.108822],[31.554128,30.110537],[31.56479,30.112232],[31.571768,30.111532],[31.583688,30.11325]]],[[[31.56768,30.131707],[31.569089,30.1254],[31.55492,30.123061],[31.554408,30.125447],[31.561583,30.126381],[31.560607,30.130538],[31.56768,30.131707]]],[[[31.467931,30.039335],[31.467942,30.040481],[31.468885,30.040481],[31.468882,30.039333],[31.467931,30.039335]]],[[[31.468919,30.044497],[31.467361,30.044518],[31.467362,30.045292],[31.467792,30.045286],[31.467809,30.046236],[31.467363,30.046243],[31.467363,30.046644],[31.467852,30.046639],[31.467853,30.046761],[31.468949,30.04675],[31.468919,30.044497]]],[[[31.467178,30.031965],[31.467184,30.032381],[31.46552,30.032369],[31.465589,30.034033],[31.465753,30.034424],[31.466121,30.034831],[31.466212,30.034439],[31.466442,30.034159],[31.467191,30.03392],[31.467192,30.032886],[31.468865,30.032891],[31.468862,30.032001],[31.467178,30.031965]]],[[[31.461685,30.032432],[31.461767,30.034443],[31.462183,30.034738],[31.462978,30.034744],[31.463009,30.033552],[31.463191,30.033174],[31.463569,30.032811],[31.463569,30.032384],[31.461685,30.032432]]],[[[31.470536,30.032413],[31.470539,30.033614],[31.472179,30.03358],[31.472134,30.031301],[31.471217,30.031298],[31.471064,30.031392],[31.470665,30.03184],[31.470536,30.032413]]],[[[31.467315,30.037534],[31.46732,30.039347],[31.468882,30.039333],[31.468877,30.037544],[31.467315,30.037534]]],[[[31.468887,30.041316],[31.468885,30.040481],[31.467323,30.040482],[31.467326,30.041345],[31.468887,30.041316]]],[[[31.468931,30.051347],[31.468919,30.050133],[31.467384,30.050158],[31.467395,30.051337],[31.468931,30.051347]]],[[[31.468152,30.050146],[31.468152,30.049544],[31.467379,30.049547],[31.467384,30.050158],[31.468152,30.050146]]],[[[31.450714,30.068045],[31.450937,30.068715],[31.450881,30.069569],[31.451074,30.070122],[31.451589,30.070624],[31.452408,30.070877],[31.451546,30.068236],[31.451247,30.067839],[31.450714,30.068045]]],[[[31.509552,30.052879],[31.511343,30.052267],[31.511852,30.053395],[31.51306,30.052999],[31.51188,30.050581],[31.509004,30.051614],[31.509552,30.052879]]],[[[31.60673,30.045111],[31.585716,30.044425],[31.554895,30.042533],[31.580959,30.051281],[31.584452,30.052713],[31.589871,30.055351],[31.590503,30.054093],[31.593341,30.055226],[31.594675,30.052814],[31.598675,30.054317],[31.599304,30.054726],[31.603235,30.059353],[31.602967,30.060033],[31.60891,30.061084],[31.611171,30.056573],[31.611894,30.055448],[31.612101,30.054846],[31.612189,30.053196],[31.611712,30.051891],[31.60673,30.045111]]],[[[31.578045,30.148242],[31.576882,30.156568],[31.565696,30.154766],[31.567038,30.14665],[31.565136,30.146389],[31.562821,30.16003],[31.577253,30.161774],[31.578075,30.156424],[31.580812,30.156832],[31.58034,30.159443],[31.583894,30.160019],[31.583493,30.162844],[31.58413,30.16297],[31.586281,30.162274],[31.592065,30.162005],[31.591298,30.159489],[31.590187,30.157031],[31.589615,30.156026],[31.586986,30.152249],[31.585579,30.149886],[31.578045,30.148242]]],[[[31.56343,30.156444],[31.56182,30.156218],[31.561689,30.15719],[31.559768,30.156966],[31.559696,30.157328],[31.554388,30.156616],[31.554427,30.156224],[31.551956,30.155892],[31.553001,30.148505],[31.564493,30.150183],[31.564817,30.14828],[31.550458,30.146253],[31.549124,30.153363],[31.547094,30.153108],[31.546837,30.155282],[31.544116,30.155024],[31.543706,30.15771],[31.562821,30.16003],[31.56343,30.156444]]],[[[31.500802,30.16347],[31.50217,30.162637],[31.502993,30.163602],[31.501725,30.164346],[31.504736,30.16493],[31.509687,30.165557],[31.508778,30.164321],[31.504637,30.160243],[31.504029,30.159316],[31.502345,30.155967],[31.498111,30.160454],[31.500802,30.16347]]],[[[31.485284,30.161152],[31.495492,30.163135],[31.497437,30.161144],[31.496589,30.160484],[31.49732,30.159774],[31.49669,30.159328],[31.497469,30.158517],[31.496292,30.157674],[31.498567,30.155121],[31.499467,30.151276],[31.49992,30.151056],[31.498336,30.14782],[31.489688,30.150244],[31.486718,30.154629],[31.486222,30.155784],[31.485016,30.159128],[31.484971,30.159474],[31.485284,30.161152]]],[[[31.58413,30.16297],[31.581935,30.164672],[31.580117,30.167655],[31.579424,30.168243],[31.577856,30.169038],[31.576013,30.169791],[31.575641,30.170739],[31.574731,30.171647],[31.57399,30.171933],[31.573151,30.172028],[31.567651,30.172072],[31.560701,30.172301],[31.591011,30.176159],[31.592409,30.172435],[31.592316,30.17024],[31.592534,30.169389],[31.592559,30.165113],[31.592065,30.162005],[31.586281,30.162274],[31.58413,30.16297]]],[[[31.57695,30.163323],[31.579468,30.1637],[31.579027,30.16527],[31.576655,30.164839],[31.576302,30.166694],[31.576369,30.16848],[31.576013,30.169791],[31.577856,30.169038],[31.579424,30.168243],[31.580117,30.167655],[31.581935,30.164672],[31.58413,30.16297],[31.580735,30.162299],[31.577253,30.161774],[31.57695,30.163323]]],[[[31.532305,30.167307],[31.52141,30.16704],[31.532137,30.168441],[31.532305,30.167307]]],[[[31.498561,30.16292],[31.496917,30.161676],[31.495492,30.163135],[31.499002,30.163817],[31.498293,30.163155],[31.498561,30.16292]]],[[[31.518946,30.165139],[31.519328,30.164073],[31.506883,30.162431],[31.508778,30.164321],[31.509687,30.165557],[31.522049,30.167056],[31.52207,30.166527],[31.518946,30.165139]]],[[[31.527565,30.147087],[31.526779,30.152108],[31.528773,30.15241],[31.528617,30.153318],[31.534597,30.153451],[31.534712,30.152832],[31.530304,30.148711],[31.52881,30.147691],[31.527565,30.147087]]],[[[31.474945,30.157479],[31.475407,30.156117],[31.476037,30.156265],[31.476749,30.153961],[31.477777,30.154011],[31.477829,30.153488],[31.472105,30.152885],[31.472614,30.149965],[31.466089,30.148798],[31.464232,30.148765],[31.464252,30.149611],[31.46585,30.15436],[31.469131,30.155111],[31.469841,30.152922],[31.472493,30.153503],[31.471547,30.15666],[31.474945,30.157479]],[[31.470244,30.151286],[31.470053,30.15253],[31.468641,30.152504],[31.468847,30.150953],[31.470244,30.151286]]],[[[31.584018,30.123175],[31.582688,30.118618],[31.581588,30.118431],[31.580792,30.121078],[31.574411,30.120008],[31.573796,30.123203],[31.576741,30.123712],[31.576177,30.126569],[31.584396,30.127924],[31.584301,30.124707],[31.584018,30.123175]]],[[[31.584012,30.131493],[31.584396,30.127924],[31.569089,30.1254],[31.56808,30.129917],[31.571181,30.130357],[31.570446,30.133157],[31.574494,30.133879],[31.574054,30.134903],[31.573932,30.136263],[31.566958,30.135468],[31.565136,30.146389],[31.567038,30.14665],[31.56798,30.141265],[31.57637,30.142583],[31.575317,30.147646],[31.585579,30.149886],[31.584736,30.148042],[31.583946,30.145771],[31.58339,30.143431],[31.583074,30.141048],[31.582997,30.139045],[31.583118,30.136474],[31.58347,30.13389],[31.584012,30.131493]]],[[[31.553316,30.146624],[31.553956,30.141759],[31.549207,30.140106],[31.545224,30.138332],[31.544972,30.139489],[31.543338,30.139308],[31.543127,30.14027],[31.544695,30.140467],[31.544202,30.143283],[31.542728,30.143086],[31.542928,30.141592],[31.539962,30.141175],[31.540811,30.135894],[31.537735,30.134042],[31.536068,30.144383],[31.553316,30.146624]],[[31.551938,30.14484],[31.55181,30.145607],[31.551439,30.14556],[31.551562,30.144788],[31.551938,30.14484]],[[31.547728,30.144041],[31.547873,30.143127],[31.54577,30.14285],[31.545668,30.142702],[31.546077,30.140466],[31.551167,30.141111],[31.550657,30.144425],[31.547728,30.144041]],[[31.536894,30.142578],[31.537452,30.139137],[31.539289,30.139384],[31.539072,30.141037],[31.538577,30.142745],[31.536894,30.142578]],[[31.537549,30.138548],[31.537796,30.137176],[31.539396,30.137343],[31.539136,30.138733],[31.537549,30.138548]]],[[[31.535206,30.149755],[31.532383,30.149383],[31.532921,30.146834],[31.53561,30.147239],[31.537735,30.134042],[31.536134,30.132964],[31.531536,30.131434],[31.521111,30.133764],[31.521221,30.141267],[31.518068,30.143247],[31.516381,30.143967],[31.512199,30.144946],[31.514037,30.144986],[31.524436,30.146281],[31.52516,30.146388],[31.525873,30.146538],[31.526573,30.146731],[31.527255,30.146965],[31.527918,30.147239],[31.528557,30.147552],[31.52917,30.147903],[31.529753,30.14829],[31.530304,30.148711],[31.534712,30.152832],[31.535206,30.149755]],[[31.529209,30.145349],[31.524321,30.144898],[31.525162,30.138762],[31.529947,30.139212],[31.529815,30.141127],[31.531463,30.141043],[31.531023,30.142942],[31.530407,30.142871],[31.530136,30.144273],[31.529209,30.145349]]],[[[31.492961,30.13947],[31.493073,30.14932],[31.498336,30.14782],[31.497273,30.14486],[31.496466,30.141326],[31.496465,30.139033],[31.492961,30.13947]]],[[[31.502464,30.067368],[31.501646,30.06675],[31.500592,30.06661],[31.499601,30.066986],[31.498994,30.067774],[31.500025,30.06855],[31.501381,30.068533],[31.502464,30.067368]]],[[[31.503439,30.062517],[31.5029,30.061619],[31.50202,30.060517],[31.501349,30.060141],[31.499644,30.061733],[31.499615,30.062483],[31.503439,30.062517]]],[[[31.543619,30.039033],[31.542561,30.038696],[31.540992,30.041912],[31.542163,30.042273],[31.543619,30.039033]]],[[[31.550047,30.044694],[31.550249,30.044604],[31.549629,30.043417],[31.549429,30.042591],[31.549923,30.04104],[31.545599,30.039663],[31.54532,30.040335],[31.544238,30.040669],[31.543696,30.04186],[31.546535,30.042839],[31.546307,30.04339],[31.54624,30.04353],[31.547591,30.043947],[31.550047,30.044694]]],[[[31.508173,30.057591],[31.506717,30.056985],[31.504944,30.057225],[31.505056,30.058024],[31.505731,30.058091],[31.507517,30.058796],[31.508173,30.057591]]],[[[31.511147,30.059006],[31.509568,30.059854],[31.510004,30.060317],[31.511003,30.06327],[31.511921,30.06309],[31.511313,30.061227],[31.511685,30.060215],[31.511147,30.059006]]],[[[31.501219,30.070043],[31.503045,30.069773],[31.504848,30.070315],[31.50505,30.069832],[31.501573,30.068864],[31.501638,30.069196],[31.501217,30.06944],[31.501219,30.070043]]],[[[31.503628,30.075133],[31.503545,30.074248],[31.5045,30.074154],[31.504361,30.073132],[31.501811,30.07352],[31.502195,30.075345],[31.503628,30.075133]]],[[[31.451772,30.048895],[31.451782,30.049876],[31.451181,30.049586],[31.451167,30.050679],[31.450562,30.050673],[31.450541,30.052331],[31.45304,30.052496],[31.453046,30.050899],[31.452057,30.050906],[31.452044,30.050006],[31.452319,30.050119],[31.45305,30.050108],[31.453055,30.048864],[31.451772,30.048895]]],[[[31.52877,30.040581],[31.530268,30.041296],[31.531871,30.038824],[31.530065,30.038146],[31.52877,30.040581]]],[[[31.516573,30.052367],[31.515771,30.051145],[31.515374,30.051341],[31.516165,30.052568],[31.516573,30.052367]]],[[[31.516164,30.050951],[31.516985,30.052157],[31.517756,30.051747],[31.51691,30.050536],[31.516164,30.050951]]],[[[31.4689,30.043094],[31.468893,30.042562],[31.467332,30.042573],[31.467341,30.043118],[31.4689,30.043094]]],[[[31.669512,30.122566],[31.670572,30.122776],[31.670958,30.123092],[31.671372,30.122678],[31.670833,30.122261],[31.66964,30.122074],[31.669512,30.122566]]],[[[31.551815,30.098863],[31.552775,30.096541],[31.551996,30.096365],[31.551484,30.097767],[31.550642,30.097608],[31.550418,30.098466],[31.549193,30.098282],[31.548965,30.099537],[31.550746,30.099975],[31.551218,30.09874],[31.551815,30.098863]]],[[[31.551727,30.097123],[31.552779,30.094445],[31.551833,30.094181],[31.55168,30.094645],[31.550891,30.094478],[31.550335,30.096706],[31.550844,30.096829],[31.550817,30.096934],[31.551727,30.097123]]],[[[31.508823,30.087858],[31.508844,30.087877],[31.508925,30.087954],[31.508865,30.087896],[31.508823,30.087858]]]]}},{"type":"Feature","properties":{"landuse_value":5,"landuse_code":5,"landuse_label":null,"source_feature_count":42,"area_km2":2263597.943205,"sector":"10"},"geometry":{"type":"MultiPolygon","coordinates":[[[[31.662762,30.078429],[31.664721,30.078712],[31.66742,30.079451],[31.667976,30.079853],[31.667493,30.07679],[31.667506,30.07549],[31.667177,30.075491],[31.666849,30.075511],[31.666523,30.075552],[31.666201,30.075611],[31.665884,30.075689],[31.665574,30.075787],[31.665273,30.075902],[31.664982,30.076034],[31.664701,30.076184],[31.664433,30.07635],[31.664179,30.076532],[31.663939,30.076728],[31.663715,30.076938],[31.663509,30.077161],[31.66332,30.077396],[31.66315,30.077641],[31.663,30.077896],[31.66287,30.078159],[31.662762,30.078429]]],[[[31.586675,30.133582],[31.586813,30.132611],[31.590133,30.132971],[31.590201,30.13254],[31.591193,30.132659],[31.591466,30.130933],[31.586456,30.130434],[31.58604,30.133494],[31.586675,30.133582]]],[[[31.588595,30.13733],[31.585586,30.136946],[31.585407,30.138619],[31.588307,30.138974],[31.588595,30.13733]]],[[[31.693672,30.124142],[31.692634,30.123992],[31.692442,30.125036],[31.693404,30.125195],[31.693672,30.124142]]],[[[31.608888,30.08631],[31.607623,30.086057],[31.607541,30.086635],[31.606817,30.086531],[31.606857,30.086296],[31.606562,30.08626],[31.606553,30.086014],[31.606888,30.085857],[31.606285,30.084962],[31.60442,30.085456],[31.604756,30.086048],[31.605474,30.085746],[31.605643,30.085983],[31.605247,30.086139],[31.605205,30.086492],[31.604677,30.086412],[31.604466,30.087383],[31.605597,30.087524],[31.605318,30.088987],[31.604421,30.088828],[31.604289,30.08949],[31.60682,30.089838],[31.606649,30.090596],[31.607891,30.090824],[31.607823,30.089348],[31.608211,30.087564],[31.608888,30.08631]]],[[[31.66386,30.045414],[31.662605,30.045401],[31.662553,30.046497],[31.66382,30.046516],[31.66386,30.045414]]],[[[31.668691,30.073115],[31.670179,30.073861],[31.671415,30.074926],[31.672246,30.076092],[31.672553,30.077287],[31.672929,30.077817],[31.675522,30.077763],[31.675568,30.072067],[31.668688,30.072075],[31.668691,30.073115]]],[[[31.710198,30.107101],[31.710092,30.106188],[31.709094,30.106252],[31.709098,30.107178],[31.710198,30.107101]]],[[[31.736225,30.135747],[31.736047,30.134658],[31.734956,30.134785],[31.73491,30.13407],[31.734382,30.134101],[31.734432,30.135872],[31.736225,30.135747]]],[[[31.720869,30.151984],[31.719665,30.15334],[31.724258,30.156411],[31.725436,30.154639],[31.720869,30.151984]]],[[[31.670958,30.123092],[31.670572,30.122776],[31.669512,30.122566],[31.66933,30.123266],[31.670411,30.123641],[31.670958,30.123092]]],[[[31.691827,30.124078],[31.689976,30.123708],[31.689726,30.124923],[31.691536,30.125148],[31.691827,30.124078]]],[[[31.705045,30.111532],[31.702687,30.111508],[31.702697,30.112832],[31.703585,30.113079],[31.705694,30.112241],[31.705045,30.111532]]],[[[31.694088,30.122072],[31.693503,30.121883],[31.692372,30.123304],[31.692742,30.1234],[31.692634,30.123992],[31.693672,30.124142],[31.694088,30.122072]]],[[[31.628968,30.180604],[31.631159,30.180868],[31.631227,30.180354],[31.62906,30.180004],[31.628968,30.180604]]],[[[31.645804,30.15071],[31.644193,30.150442],[31.644089,30.151075],[31.645618,30.15138],[31.645804,30.15071]]],[[[31.645305,30.152639],[31.643754,30.152394],[31.643535,30.153274],[31.645087,30.153529],[31.645305,30.152639]]],[[[31.480785,30.063618],[31.47747,30.06358],[31.477504,30.065669],[31.480753,30.065707],[31.480785,30.063618]]],[[[31.485646,30.070711],[31.48463,30.069461],[31.483099,30.069992],[31.482987,30.07019],[31.485182,30.071803],[31.485703,30.071266],[31.485646,30.070711]]],[[[31.50247,30.067363],[31.504182,30.066167],[31.504677,30.065637],[31.505014,30.064667],[31.504796,30.063893],[31.504312,30.063336],[31.503636,30.062957],[31.503439,30.062517],[31.499615,30.062483],[31.499587,30.063224],[31.497988,30.064579],[31.497125,30.064558],[31.497175,30.066701],[31.498032,30.066964],[31.498994,30.067774],[31.499601,30.066986],[31.500592,30.06661],[31.501646,30.06675],[31.50247,30.067363]]],[[[31.511147,30.059006],[31.510547,30.057875],[31.508476,30.057034],[31.507517,30.058796],[31.508703,30.05926],[31.509568,30.059854],[31.511147,30.059006]]],[[[31.468865,30.032891],[31.467192,30.032886],[31.467191,30.03392],[31.468867,30.033958],[31.468865,30.032891]]],[[[31.466542,30.053301],[31.466813,30.053322],[31.469791,30.053766],[31.4691,30.052862],[31.468377,30.052626],[31.467252,30.052772],[31.466542,30.053301]]],[[[31.449428,30.063865],[31.449079,30.06272],[31.448518,30.062843],[31.447955,30.062737],[31.446864,30.061806],[31.445698,30.062817],[31.446708,30.06344],[31.447219,30.064389],[31.449428,30.063865]]],[[[31.440532,30.051629],[31.437309,30.052674],[31.437305,30.052936],[31.441846,30.052803],[31.442102,30.051554],[31.440532,30.051629]]],[[[31.52006,30.045832],[31.51768,30.047544],[31.518661,30.048493],[31.5189,30.048306],[31.519339,30.048731],[31.520893,30.047573],[31.520443,30.047137],[31.520977,30.04672],[31.52006,30.045832]]],[[[31.537482,30.064145],[31.537765,30.065237],[31.539726,30.065146],[31.539647,30.064046],[31.537482,30.064145]]],[[[31.550249,30.044604],[31.550344,30.044784],[31.552393,30.048658],[31.553672,30.045802],[31.554843,30.042687],[31.55466,30.042637],[31.550249,30.044604]]],[[[31.5045,30.074154],[31.503545,30.074248],[31.503628,30.075133],[31.504615,30.074988],[31.5045,30.074154]]],[[[31.453046,30.050899],[31.45305,30.050108],[31.452319,30.050119],[31.452044,30.050006],[31.452057,30.050906],[31.453046,30.050899]]],[[[31.451782,30.049876],[31.451763,30.04812],[31.450597,30.048005],[31.450577,30.049546],[31.451181,30.049586],[31.451782,30.049876]]],[[[31.477461,30.072759],[31.476911,30.072292],[31.474306,30.070698],[31.474175,30.071254],[31.471934,30.076329],[31.474292,30.076966],[31.475079,30.076877],[31.47553,30.076694],[31.475682,30.076583],[31.477461,30.072759]]],[[[31.467362,30.045292],[31.467363,30.046243],[31.467809,30.046236],[31.467792,30.045286],[31.467362,30.045292]]],[[[31.468919,30.044497],[31.4689,30.043094],[31.467341,30.043118],[31.467361,30.044518],[31.468919,30.044497]]],[[[31.451181,30.049586],[31.450577,30.049546],[31.450562,30.050673],[31.451167,30.050679],[31.451181,30.049586]]],[[[31.710078,30.146714],[31.709994,30.145936],[31.709402,30.145997],[31.709498,30.146757],[31.710078,30.146714]]],[[[31.711291,30.145802],[31.711383,30.146615],[31.711904,30.146576],[31.711796,30.14575],[31.711291,30.145802]]],[[[31.713037,30.141749],[31.712947,30.14088],[31.711555,30.141026],[31.711679,30.141886],[31.713037,30.141749]]],[[[31.657707,30.1404],[31.657102,30.140762],[31.657481,30.14115],[31.658098,30.14079],[31.657707,30.1404]]],[[[31.638841,30.153986],[31.639623,30.154706],[31.6398,30.155083],[31.639881,30.155621],[31.639753,30.156768],[31.640882,30.156957],[31.6414,30.153452],[31.639693,30.153284],[31.638841,30.153986]]],[[[31.467239,30.06859],[31.466466,30.069092],[31.466386,30.069377],[31.468018,30.069585],[31.468037,30.068613],[31.467239,30.06859]]],[[[31.468859,30.030901],[31.467162,30.030935],[31.467178,30.031965],[31.468862,30.032001],[31.468859,30.030901]]]]}},{"type":"Feature","properties":{"landuse_value":1,"landuse_code":1,"landuse_label":null,"source_feature_count":79,"area_km2":13284944.960541,"sector":"10"},"geometry":{"type":"MultiPolygon","coordinates":[[[[31.751126,30.144695],[31.744289,30.140416],[31.740969,30.144],[31.741221,30.146539],[31.744499,30.148725],[31.747442,30.14882],[31.751126,30.144695]]],[[[31.738305,30.140248],[31.738017,30.135623],[31.734432,30.135872],[31.731892,30.138898],[31.732098,30.14079],[31.738305,30.140248]]],[[[31.741276,30.142252],[31.738305,30.140248],[31.732098,30.14079],[31.732847,30.147661],[31.740208,30.147],[31.739962,30.143968],[31.74049,30.143097],[31.741276,30.142252]]],[[[31.742583,30.148642],[31.736754,30.15493],[31.738824,30.156347],[31.73975,30.156648],[31.741143,30.156728],[31.750289,30.154481],[31.753527,30.153794],[31.753927,30.153531],[31.748105,30.149522],[31.747486,30.149472],[31.745675,30.149679],[31.744152,30.149642],[31.742583,30.148642]]],[[[31.752093,30.14531],[31.748105,30.149522],[31.753927,30.153531],[31.754334,30.153263],[31.755266,30.153114],[31.75917,30.15277],[31.761156,30.153013],[31.761919,30.152156],[31.757714,30.149389],[31.757975,30.14919],[31.752093,30.14531]]],[[[31.742583,30.148642],[31.740208,30.147],[31.732847,30.147661],[31.733301,30.151818],[31.733729,30.152796],[31.736754,30.15493],[31.742583,30.148642]]],[[[31.738017,30.135623],[31.738305,30.140248],[31.741276,30.142252],[31.743451,30.139791],[31.742507,30.138829],[31.741877,30.137589],[31.741488,30.135291],[31.738017,30.135623]]],[[[31.625069,30.165903],[31.611747,30.163078],[31.611624,30.164353],[31.611804,30.165407],[31.611746,30.166797],[31.610343,30.172562],[31.623256,30.174779],[31.623574,30.17279],[31.625035,30.166532],[31.625069,30.165903]]],[[[31.60161,30.155366],[31.602196,30.155995],[31.604361,30.156407],[31.604126,30.157523],[31.605698,30.15771],[31.606586,30.153412],[31.607121,30.151484],[31.605689,30.151299],[31.605903,30.150172],[31.603753,30.149824],[31.602545,30.154572],[31.602113,30.155111],[31.60161,30.155366]]],[[[31.748326,30.117816],[31.748148,30.118872],[31.743776,30.126157],[31.743297,30.127445],[31.743134,30.128564],[31.742684,30.130169],[31.742529,30.131963],[31.74317,30.136149],[31.743523,30.136957],[31.744615,30.138174],[31.745259,30.138629],[31.74635,30.137493],[31.747419,30.136657],[31.752383,30.135894],[31.753831,30.135209],[31.754656,30.133597],[31.755888,30.129892],[31.757375,30.126078],[31.75835,30.122591],[31.758045,30.119901],[31.757719,30.118904],[31.756789,30.118785],[31.754123,30.118723],[31.750491,30.117989],[31.748326,30.117816]]],[[[31.758675,30.148471],[31.765183,30.15333],[31.772219,30.147969],[31.764548,30.143051],[31.758675,30.148471]]],[[[31.757286,30.133609],[31.751648,30.140319],[31.760643,30.146655],[31.764916,30.142711],[31.768105,30.139331],[31.757286,30.133609]]],[[[31.755046,30.132424],[31.768105,30.139331],[31.772548,30.131705],[31.772916,30.130297],[31.757375,30.126078],[31.755888,30.129892],[31.755046,30.132424]]],[[[31.774483,30.120103],[31.76039,30.120311],[31.759861,30.12488],[31.7591,30.124778],[31.758572,30.126403],[31.772916,30.130297],[31.774547,30.124068],[31.774483,30.120103]]],[[[31.606737,30.178678],[31.606966,30.177412],[31.605739,30.177223],[31.605504,30.178481],[31.606737,30.178678]]],[[[31.594964,30.172918],[31.592373,30.172532],[31.591533,30.174769],[31.594428,30.175175],[31.594964,30.172918]]],[[[31.597225,30.173254],[31.594964,30.172918],[31.594788,30.173659],[31.597036,30.174033],[31.597225,30.173254]]],[[[31.599993,30.176404],[31.596931,30.175851],[31.596597,30.177054],[31.599695,30.17755],[31.599993,30.176404]]],[[[31.600431,30.174721],[31.600266,30.175353],[31.601202,30.175532],[31.601392,30.174895],[31.600431,30.174721]]],[[[31.79787,30.099205],[31.797813,30.098509],[31.795526,30.098602],[31.795631,30.09942],[31.79787,30.099205]]],[[[31.686869,30.09337],[31.683906,30.093092],[31.68403,30.094554],[31.683866,30.096106],[31.683402,30.097185],[31.68706,30.097282],[31.686869,30.09337]]],[[[31.697293,30.083281],[31.697369,30.080205],[31.690972,30.080328],[31.689414,30.081897],[31.690052,30.082308],[31.691232,30.082257],[31.691326,30.083253],[31.697293,30.083281]]],[[[31.627227,30.044985],[31.624433,30.045003],[31.611787,30.045086],[31.612212,30.046214],[31.612674,30.046805],[31.613181,30.047181],[31.613354,30.047264],[31.613534,30.047337],[31.613719,30.047399],[31.613908,30.047448],[31.614101,30.047486],[31.614297,30.047512],[31.614495,30.047525],[31.614693,30.047527],[31.61489,30.047515],[31.615086,30.047492],[31.61528,30.047456],[31.61547,30.047409],[31.615656,30.047349],[31.615837,30.047279],[31.616011,30.047197],[31.616178,30.047104],[31.616337,30.047002],[31.618828,30.048985],[31.619724,30.048339],[31.620495,30.047982],[31.622297,30.047631],[31.624756,30.047622],[31.627144,30.048135],[31.627227,30.044985]]],[[[31.637361,30.051636],[31.635603,30.050849],[31.634558,30.052761],[31.6375,30.054096],[31.637361,30.051636]]],[[[31.685866,30.070265],[31.685772,30.06956],[31.685626,30.069572],[31.685576,30.068985],[31.685337,30.069003],[31.685569,30.070297],[31.685866,30.070265]]],[[[31.68706,30.097282],[31.683402,30.097185],[31.682569,30.099182],[31.681374,30.100973],[31.68022,30.10185],[31.679549,30.102627],[31.679719,30.10336],[31.686527,30.102174],[31.68706,30.097282]]],[[[31.688769,30.08482],[31.68967,30.084855],[31.689672,30.087698],[31.698949,30.087613],[31.698909,30.079172],[31.688725,30.079071],[31.688769,30.08482]],[[31.691326,30.083253],[31.691232,30.082257],[31.690052,30.082308],[31.689414,30.081897],[31.690972,30.080328],[31.697369,30.080205],[31.697293,30.083281],[31.691326,30.083253]]],[[[31.738241,30.133263],[31.738098,30.131847],[31.737422,30.131907],[31.737497,30.132701],[31.737192,30.132715],[31.73728,30.133344],[31.738241,30.133263]]],[[[31.772229,30.043026],[31.773334,30.040827],[31.768402,30.039334],[31.766995,30.042161],[31.770372,30.043291],[31.77092,30.042503],[31.772229,30.043026]]],[[[31.772275,30.166522],[31.770675,30.166068],[31.770265,30.167099],[31.771775,30.167583],[31.772275,30.166522]]],[[[31.71527,30.140636],[31.715541,30.141639],[31.716828,30.142551],[31.718503,30.14069],[31.718133,30.140457],[31.71527,30.140636]]],[[[31.659877,30.167275],[31.660256,30.166582],[31.660399,30.166637],[31.660761,30.166078],[31.660579,30.165993],[31.660301,30.166495],[31.659831,30.166307],[31.65946,30.167121],[31.659877,30.167275]]],[[[31.66609,30.165791],[31.664812,30.165548],[31.664733,30.16618],[31.666026,30.166329],[31.66609,30.165791]]],[[[31.669434,30.166203],[31.669357,30.165565],[31.666666,30.165891],[31.666678,30.166393],[31.669434,30.166203]]],[[[31.689667,30.142222],[31.688691,30.141999],[31.688035,30.144323],[31.688904,30.144518],[31.689352,30.143624],[31.689667,30.142222]]],[[[31.663304,30.166248],[31.66279,30.166024],[31.662957,30.165718],[31.663185,30.16581],[31.663459,30.165723],[31.663749,30.165045],[31.663013,30.164807],[31.662863,30.165017],[31.662171,30.164766],[31.661959,30.165213],[31.661812,30.165154],[31.661319,30.166029],[31.66273,30.166634],[31.66316,30.16651],[31.663304,30.166248]]],[[[31.669935,30.1675],[31.669162,30.167471],[31.667612,30.167732],[31.667473,30.168053],[31.667731,30.168859],[31.670217,30.168446],[31.669935,30.1675]]],[[[31.655756,30.138458],[31.655083,30.137787],[31.653343,30.13879],[31.653386,30.139301],[31.653817,30.139728],[31.655756,30.138458]]],[[[31.687061,30.152047],[31.685941,30.152026],[31.68595,30.153983],[31.687024,30.153994],[31.687061,30.152047]]],[[[31.607252,30.178024],[31.60775,30.178094],[31.607912,30.177172],[31.607387,30.17709],[31.607252,30.178024]]],[[[31.611353,30.178598],[31.611933,30.178679],[31.611982,30.178407],[31.612169,30.178421],[31.612334,30.177556],[31.610778,30.177352],[31.610655,30.178164],[31.611396,30.178244],[31.611353,30.178598]]],[[[31.609058,30.178126],[31.609536,30.178187],[31.609515,30.178341],[31.609677,30.178363],[31.609737,30.178058],[31.609077,30.17797],[31.609058,30.178126]]],[[[31.604128,30.177164],[31.603913,30.177102],[31.603766,30.17747],[31.604123,30.177558],[31.604128,30.177164]]],[[[31.584319,30.110629],[31.586159,30.103075],[31.578364,30.101585],[31.571302,30.099628],[31.569903,30.098984],[31.563699,30.094665],[31.561583,30.093662],[31.559892,30.093058],[31.554883,30.106517],[31.560946,30.108516],[31.566178,30.109699],[31.569357,30.109853],[31.57723,30.10993],[31.584319,30.110629]]],[[[31.479625,30.084908],[31.470712,30.083091],[31.463516,30.082559],[31.45773,30.081927],[31.45764,30.084706],[31.465645,30.084686],[31.464806,30.089754],[31.476881,30.093283],[31.479208,30.093848],[31.481519,30.094211],[31.482596,30.085307],[31.479625,30.084908]]],[[[31.502633,30.109601],[31.509215,30.109235],[31.509429,30.109214],[31.509642,30.10918],[31.509851,30.109133],[31.510056,30.109074],[31.510255,30.109002],[31.510449,30.108918],[31.510635,30.108823],[31.510813,30.108717],[31.510982,30.108601],[31.511142,30.108474],[31.511291,30.108338],[31.511428,30.108194],[31.511554,30.108041],[31.511668,30.107882],[31.511768,30.107715],[31.513585,30.103789],[31.508142,30.100813],[31.506646,30.100379],[31.505464,30.100306],[31.503912,30.10055],[31.489561,30.104799],[31.488057,30.104928],[31.484138,30.104429],[31.483803,30.107115],[31.481871,30.112808],[31.480189,30.118289],[31.480024,30.12138],[31.486672,30.121947],[31.489313,30.121987],[31.491935,30.121703],[31.497684,30.120379],[31.499542,30.11487],[31.501282,30.110332],[31.501816,30.109768],[31.502633,30.109601]]],[[[31.521885,30.113549],[31.516962,30.112813],[31.516176,30.116483],[31.516508,30.116695],[31.540613,30.120692],[31.540716,30.120297],[31.543773,30.114831],[31.545872,30.108863],[31.53339,30.107153],[31.527963,30.106242],[31.527083,30.110202],[31.522755,30.109506],[31.521885,30.113549]]],[[[31.570446,30.133157],[31.571181,30.130357],[31.56808,30.129917],[31.56768,30.131707],[31.560607,30.130538],[31.561583,30.126381],[31.554408,30.125447],[31.552686,30.133801],[31.573932,30.136263],[31.574054,30.134903],[31.574494,30.133879],[31.570446,30.133157]]],[[[31.571746,30.1133],[31.571768,30.111532],[31.56479,30.112232],[31.562178,30.111816],[31.561546,30.114812],[31.564581,30.115329],[31.563304,30.121178],[31.569788,30.122248],[31.571746,30.1133]]],[[[31.573796,30.123203],[31.574411,30.120008],[31.580792,30.121078],[31.581588,30.118431],[31.571031,30.116629],[31.569089,30.1254],[31.576177,30.126569],[31.576741,30.123712],[31.573796,30.123203]]],[[[31.564817,30.14828],[31.56637,30.139068],[31.554505,30.137574],[31.553316,30.146624],[31.564817,30.14828]]],[[[31.57637,30.142583],[31.56798,30.141265],[31.567038,30.14665],[31.575317,30.147646],[31.57637,30.142583]]],[[[31.540613,30.120692],[31.516508,30.116695],[31.516176,30.116483],[31.497684,30.120379],[31.496456,30.123703],[31.496405,30.125586],[31.518064,30.124503],[31.538952,30.127486],[31.540613,30.120692]]],[[[31.497684,30.120379],[31.502498,30.119364],[31.50484,30.112481],[31.500959,30.111172],[31.499542,30.11487],[31.497684,30.120379]]],[[[31.536793,30.107616],[31.538516,30.097361],[31.533258,30.095742],[31.530406,30.097772],[31.52873,30.106371],[31.536793,30.107616]]],[[[31.552476,30.122657],[31.553794,30.116721],[31.554245,30.116795],[31.555623,30.110775],[31.545872,30.108863],[31.543773,30.114831],[31.540716,30.120297],[31.540613,30.120692],[31.552476,30.122657]]],[[[31.486166,30.121904],[31.480024,30.12138],[31.479309,30.130168],[31.48331,30.130333],[31.483652,30.12535],[31.482269,30.125214],[31.48234,30.124388],[31.485962,30.124659],[31.486166,30.121904]]],[[[31.486739,30.138401],[31.48779,30.135676],[31.488679,30.135762],[31.489862,30.133282],[31.490647,30.130396],[31.492658,30.126092],[31.490305,30.125364],[31.487695,30.131309],[31.48644,30.132974],[31.484971,30.135355],[31.484401,30.135207],[31.481691,30.135712],[31.48172,30.133159],[31.479037,30.133102],[31.478567,30.139594],[31.481484,30.139777],[31.48618,30.13988],[31.48927,30.13979],[31.492646,30.139505],[31.492658,30.138413],[31.486739,30.138401]]],[[[31.484212,30.103745],[31.484875,30.10151],[31.485974,30.099693],[31.483884,30.098878],[31.484131,30.098121],[31.481583,30.097019],[31.481431,30.097545],[31.479815,30.097282],[31.479168,30.098006],[31.476791,30.097381],[31.47527,30.102004],[31.474681,30.104208],[31.476677,30.104635],[31.478275,30.103879],[31.478579,30.103912],[31.478959,30.103435],[31.479834,30.103319],[31.484212,30.103745]]],[[[31.480024,30.12138],[31.480189,30.118289],[31.480488,30.117089],[31.483037,30.109375],[31.479872,30.108106],[31.479606,30.108912],[31.476886,30.108337],[31.476867,30.108468],[31.474928,30.10809],[31.472266,30.107185],[31.470479,30.113567],[31.470612,30.115426],[31.47141,30.117169],[31.471558,30.117854],[31.471201,30.121396],[31.473458,30.12246],[31.480024,30.12138]]],[[[31.489866,30.162043],[31.492502,30.162555],[31.493045,30.160635],[31.491988,30.1604],[31.491735,30.16126],[31.490477,30.160717],[31.489866,30.162043]]],[[[31.498688,30.1611],[31.498111,30.160454],[31.496917,30.161676],[31.498561,30.16292],[31.498964,30.162563],[31.498111,30.161602],[31.498688,30.1611]]],[[[31.500802,30.16347],[31.501553,30.164312],[31.501725,30.164346],[31.502993,30.163602],[31.50217,30.162637],[31.500802,30.16347]]],[[[31.551938,30.14484],[31.551562,30.144788],[31.551439,30.14556],[31.55181,30.145607],[31.551938,30.14484]]],[[[31.503606,30.045812],[31.503261,30.044859],[31.502149,30.045186],[31.502325,30.045659],[31.503157,30.045893],[31.503606,30.045812]]],[[[31.453084,30.041538],[31.453078,30.04115],[31.452068,30.04117],[31.452078,30.041559],[31.453084,30.041538]]],[[[31.518704,30.104687],[31.516962,30.112813],[31.521885,30.113549],[31.522755,30.109506],[31.527083,30.110202],[31.527963,30.106242],[31.518704,30.104687]]],[[[31.62823,30.178298],[31.627217,30.178287],[31.626951,30.179544],[31.627948,30.179665],[31.62823,30.178298]]],[[[31.634659,30.051509],[31.634023,30.051381],[31.633749,30.052262],[31.634464,30.052382],[31.634659,30.051509]]],[[[31.771566,30.045446],[31.771026,30.045106],[31.770376,30.045762],[31.770925,30.046128],[31.771566,30.045446]]],[[[31.7705,30.044456],[31.769489,30.043888],[31.768818,30.044638],[31.769739,30.045257],[31.7705,30.044456]]],[[[31.77301,30.045807],[31.773098,30.045621],[31.773492,30.04577],[31.773604,30.045591],[31.772725,30.045259],[31.772517,30.045651],[31.77301,30.045807]]],[[[31.775907,30.048457],[31.77571,30.047453],[31.775053,30.046352],[31.774522,30.045802],[31.774191,30.046008],[31.774688,30.04675],[31.774465,30.04682],[31.7746,30.047173],[31.773612,30.047318],[31.77365,30.04777],[31.773789,30.047765],[31.773903,30.048311],[31.775037,30.048168],[31.775051,30.048542],[31.775215,30.048615],[31.775907,30.048457]]],[[[31.773805,30.049276],[31.773803,30.048837],[31.773224,30.048853],[31.773226,30.049004],[31.77359,30.049011],[31.773587,30.049279],[31.773805,30.049276]]],[[[31.778505,30.059072],[31.778281,30.05717],[31.778529,30.057112],[31.778162,30.055603],[31.777825,30.055669],[31.777414,30.054539],[31.776988,30.054629],[31.776775,30.053432],[31.776053,30.051069],[31.775165,30.051312],[31.775368,30.052086],[31.775061,30.052161],[31.775973,30.055144],[31.776499,30.055029],[31.77666,30.055589],[31.775301,30.055964],[31.775453,30.056438],[31.774888,30.056622],[31.775431,30.058278],[31.776908,30.057939],[31.776581,30.058822],[31.776572,30.059484],[31.778505,30.059072]]],[[[31.779755,30.061939],[31.779393,30.060061],[31.779046,30.060126],[31.779091,30.060471],[31.776514,30.06098],[31.776804,30.062333],[31.777179,30.062448],[31.779755,30.061939]]],[[[31.745727,30.044048],[31.745246,30.042918],[31.741868,30.044148],[31.742607,30.04531],[31.745727,30.044048]]],[[[31.741236,30.045757],[31.740775,30.045239],[31.740434,30.045418],[31.740854,30.045983],[31.741236,30.045757]]],[[[31.75116,30.049305],[31.751231,30.045441],[31.749712,30.045466],[31.749721,30.04481],[31.74828,30.044904],[31.748306,30.045501],[31.748689,30.045505],[31.74868,30.047119],[31.749149,30.047378],[31.750486,30.04744],[31.750576,30.04928],[31.75116,30.049305]]]]}},{"type":"Feature","properties":{"landuse_value":12,"landuse_code":12,"landuse_label":null,"source_feature_count":16,"area_km2":713502.705228,"sector":"10"},"geometry":{"type":"MultiPolygon","coordinates":[[[[31.705129,30.127452],[31.703493,30.126419],[31.70191,30.125101],[31.700714,30.123727],[31.700895,30.127127],[31.700459,30.129613],[31.699474,30.133477],[31.705129,30.127452]]],[[[31.696982,30.118692],[31.695467,30.118211],[31.695111,30.119195],[31.696305,30.119654],[31.696982,30.118692]]],[[[31.694677,30.133304],[31.692263,30.132624],[31.692104,30.133355],[31.694404,30.133988],[31.694677,30.133304]]],[[[31.702932,30.115429],[31.702009,30.11602],[31.700771,30.118147],[31.700656,30.118544],[31.701954,30.118842],[31.70388,30.117748],[31.702932,30.115429]]],[[[31.468893,30.042562],[31.468888,30.041576],[31.467326,30.041592],[31.467332,30.042573],[31.468893,30.042562]]],[[[31.468152,30.049544],[31.468139,30.048043],[31.467366,30.048049],[31.467379,30.049547],[31.468152,30.049544]]],[[[31.57695,30.163323],[31.576655,30.164839],[31.579027,30.16527],[31.579468,30.1637],[31.57695,30.163323]]],[[[31.450519,30.04346],[31.450557,30.045647],[31.452157,30.045578],[31.452115,30.043692],[31.45114,30.04398],[31.451134,30.043456],[31.450519,30.04346]]],[[[31.451724,30.047932],[31.451772,30.048895],[31.453055,30.048864],[31.453059,30.047771],[31.452523,30.04775],[31.451724,30.047932]]],[[[31.449035,30.06226],[31.449195,30.063122],[31.451262,30.062684],[31.45101,30.061885],[31.450051,30.061349],[31.449857,30.061644],[31.449035,30.06226]]],[[[31.623885,30.136021],[31.625262,30.136237],[31.625977,30.132702],[31.624419,30.133552],[31.623885,30.136021]]],[[[31.66964,30.122074],[31.670833,30.122261],[31.671372,30.122678],[31.671878,30.12217],[31.671188,30.1216],[31.669797,30.121474],[31.66964,30.122074]]],[[[31.669836,30.13131],[31.667612,30.130971],[31.667451,30.131789],[31.670315,30.132277],[31.669836,30.13131]]],[[[31.688646,30.137526],[31.685269,30.136897],[31.684835,30.138345],[31.684625,30.139702],[31.687825,30.14039],[31.688646,30.137526]]],[[[31.554097,30.091033],[31.552779,30.094445],[31.554349,30.094856],[31.555515,30.091505],[31.554097,30.091033]]],[[[31.55277,30.099396],[31.551701,30.09914],[31.551302,30.100112],[31.552425,30.100388],[31.55277,30.099396]]]]}},{"type":"Feature","properties":{"landuse_value":6,"landuse_code":6,"landuse_label":null,"source_feature_count":3,"area_km2":417108.332476,"sector":"10"},"geometry":{"type":"MultiPolygon","coordinates":[[[[31.634416,30.163551],[31.633761,30.166321],[31.636925,30.166678],[31.639812,30.167161],[31.640412,30.164534],[31.634416,30.163551]]],[[[31.649831,30.161205],[31.657567,30.162438],[31.657923,30.160959],[31.650303,30.159801],[31.65015,30.160519],[31.649831,30.161205]]],[[[31.526955,30.036437],[31.525588,30.039064],[31.52877,30.040581],[31.530302,30.037701],[31.526955,30.036437]]]]}},{"type":"Feature","properties":{"landuse_value":0,"landuse_code":0,"landuse_label":null,"source_feature_count":8,"area_km2":2004905.119097,"sector":"10"},"geometry":{"type":"MultiPolygon","coordinates":[[[[31.768743,30.158062],[31.769756,30.159343],[31.771296,30.161742],[31.771779,30.162838],[31.772638,30.165562],[31.773384,30.166689],[31.773973,30.167212],[31.775303,30.165738],[31.782122,30.162342],[31.776805,30.153864],[31.768743,30.158062]]],[[[31.636917,30.178389],[31.638904,30.17841],[31.640911,30.176806],[31.6369,30.176904],[31.636917,30.178389]]],[[[31.552425,30.100388],[31.548965,30.099537],[31.548419,30.102532],[31.547609,30.104388],[31.552571,30.105741],[31.554883,30.106517],[31.559892,30.093058],[31.555515,30.091505],[31.554349,30.094856],[31.552779,30.094445],[31.551996,30.096365],[31.553691,30.096748],[31.552425,30.100388]]],[[[31.532305,30.167307],[31.534597,30.153451],[31.528617,30.153318],[31.526981,30.164959],[31.519328,30.164073],[31.518946,30.165139],[31.52207,30.166527],[31.522049,30.167056],[31.532305,30.167307]]],[[[31.498964,30.162563],[31.498293,30.163155],[31.499002,30.163817],[31.501553,30.164312],[31.498688,30.1611],[31.498111,30.161602],[31.498964,30.162563]]],[[[31.550817,30.096934],[31.550642,30.097608],[31.551484,30.097767],[31.551727,30.097123],[31.550817,30.096934]]],[[[31.550746,30.099975],[31.551302,30.100112],[31.551815,30.098863],[31.551218,30.09874],[31.550746,30.099975]]],[[[31.55209,30.09812],[31.551701,30.09914],[31.55277,30.099396],[31.553115,30.098403],[31.55209,30.09812]]]]}},{"type":"Feature","properties":{"landuse_value":13,"landuse_code":13,"landuse_label":null,"source_feature_count":9,"area_km2":558108.260925,"sector":"10"},"geometry":{"type":"MultiPolygon","coordinates":[[[[31.653052,30.063362],[31.652099,30.063352],[31.651999,30.064365],[31.652896,30.064388],[31.653052,30.063362]]],[[[31.782003,30.162153],[31.784627,30.166196],[31.786121,30.166792],[31.787048,30.166459],[31.786283,30.164807],[31.791082,30.162806],[31.788529,30.158587],[31.782003,30.162153]]],[[[31.689966,30.141292],[31.688934,30.141102],[31.688809,30.141628],[31.689841,30.141805],[31.689966,30.141292]]],[[[31.525471,30.068297],[31.524161,30.069115],[31.524682,30.070878],[31.526968,30.070482],[31.526257,30.06849],[31.525471,30.068297]]],[[[31.516536,30.050745],[31.517567,30.050171],[31.516202,30.048456],[31.515235,30.048998],[31.516536,30.050745]]],[[[31.511852,30.053395],[31.511343,30.052267],[31.509552,30.052879],[31.509863,30.053596],[31.510408,30.05387],[31.511852,30.053395]]],[[[31.715541,30.141639],[31.71527,30.140636],[31.713887,30.140781],[31.713966,30.141589],[31.714311,30.142264],[31.715541,30.141639]]],[[[31.627051,30.179159],[31.627217,30.178287],[31.625541,30.17827],[31.625576,30.179171],[31.627051,30.179159]]],[[[31.469021,30.067087],[31.468997,30.066254],[31.467441,30.066254],[31.467458,30.067106],[31.469021,30.067087]]]]}},{"type":"Feature","properties":{"landuse_value":4,"landuse_code":4,"landuse_label":null,"source_feature_count":30,"area_km2":4321957.536767,"sector":"10"},"geometry":{"type":"MultiPolygon","coordinates":[[[[31.663069,30.169354],[31.663755,30.167949],[31.663091,30.167703],[31.662749,30.168364],[31.66246,30.168263],[31.662121,30.168998],[31.663069,30.169354]]],[[[31.516176,30.116483],[31.518704,30.104687],[31.513585,30.103789],[31.511768,30.107715],[31.511668,30.107882],[31.511554,30.108041],[31.511428,30.108194],[31.511291,30.108338],[31.511142,30.108474],[31.510982,30.108601],[31.510813,30.108717],[31.510635,30.108823],[31.510449,30.108918],[31.510255,30.109002],[31.510056,30.109074],[31.509851,30.109133],[31.509642,30.10918],[31.509429,30.109214],[31.509215,30.109235],[31.502345,30.109605],[31.501823,30.109764],[31.501397,30.11013],[31.500959,30.111172],[31.50484,30.112481],[31.502498,30.119364],[31.516176,30.116483]]],[[[31.526981,30.164959],[31.528773,30.15241],[31.526779,30.152108],[31.527565,30.147087],[31.525811,30.146523],[31.524436,30.146281],[31.514037,30.144986],[31.511937,30.144966],[31.507131,30.145924],[31.507252,30.146275],[31.504537,30.152739],[31.503041,30.154971],[31.501952,30.155178],[31.504029,30.159316],[31.504637,30.160243],[31.506883,30.162431],[31.52187,30.164397],[31.526981,30.164959]]],[[[31.431359,30.139728],[31.436938,30.141256],[31.43752,30.139388],[31.438377,30.137667],[31.439674,30.136096],[31.441016,30.135198],[31.442576,30.134495],[31.444018,30.13432],[31.450101,30.134488],[31.45274,30.13409],[31.446242,30.132172],[31.4433,30.131151],[31.435644,30.127916],[31.432259,30.126272],[31.431359,30.139728]]],[[[31.464232,30.148745],[31.464529,30.142448],[31.464499,30.140813],[31.46408,30.137232],[31.460002,30.136211],[31.45274,30.13409],[31.450101,30.134488],[31.444018,30.13432],[31.442576,30.134495],[31.441016,30.135198],[31.439674,30.136096],[31.438377,30.137667],[31.43752,30.139388],[31.436938,30.141256],[31.438986,30.1418],[31.440341,30.142308],[31.44877,30.145912],[31.450865,30.146454],[31.453412,30.147795],[31.454666,30.148264],[31.45575,30.148529],[31.457372,30.148712],[31.464232,30.148745]]],[[[31.464232,30.148745],[31.457372,30.148712],[31.45575,30.148529],[31.454666,30.148264],[31.453412,30.147795],[31.450865,30.146454],[31.44877,30.145912],[31.440341,30.142308],[31.438986,30.1418],[31.436938,30.141256],[31.434921,30.146283],[31.434071,30.147571],[31.432392,30.148753],[31.430713,30.149367],[31.430636,30.150523],[31.466915,30.157582],[31.464252,30.149611],[31.464232,30.148745]]],[[[31.436938,30.141256],[31.431359,30.139728],[31.430713,30.149367],[31.432392,30.148753],[31.434071,30.147571],[31.434921,30.146283],[31.436938,30.141256]]],[[[31.478499,30.139588],[31.478081,30.144753],[31.477929,30.145058],[31.473539,30.150131],[31.486518,30.150766],[31.489174,30.150381],[31.493073,30.14932],[31.492961,30.13947],[31.489887,30.139752],[31.48618,30.13988],[31.481484,30.139777],[31.478499,30.139588]]],[[[31.472614,30.149965],[31.472105,30.152885],[31.477829,30.153488],[31.477777,30.154011],[31.476749,30.153961],[31.476037,30.156265],[31.475407,30.156117],[31.474945,30.157479],[31.471547,30.15666],[31.472493,30.153503],[31.469841,30.152922],[31.469131,30.155111],[31.46585,30.15436],[31.466915,30.157582],[31.485284,30.161152],[31.484971,30.159474],[31.485016,30.159128],[31.486222,30.155784],[31.486718,30.154629],[31.489688,30.150244],[31.488035,30.15061],[31.486518,30.150766],[31.474295,30.150209],[31.472614,30.149965]]],[[[31.507252,30.146275],[31.507131,30.145924],[31.498336,30.14782],[31.501952,30.155178],[31.503041,30.154971],[31.504537,30.152739],[31.507252,30.146275]]],[[[31.49992,30.151056],[31.499467,30.151276],[31.498567,30.155121],[31.496292,30.157674],[31.498932,30.159565],[31.502345,30.155967],[31.49992,30.151056]]],[[[31.497469,30.158517],[31.49669,30.159328],[31.49732,30.159774],[31.496589,30.160484],[31.497437,30.161144],[31.498932,30.159565],[31.497469,30.158517]]],[[[31.470244,30.151286],[31.468847,30.150953],[31.468641,30.152504],[31.470053,30.15253],[31.470244,30.151286]]],[[[31.551167,30.141111],[31.546077,30.140466],[31.545668,30.142702],[31.54577,30.14285],[31.547873,30.143127],[31.547728,30.144041],[31.550657,30.144425],[31.551167,30.141111]]],[[[31.545224,30.138332],[31.540811,30.135894],[31.539962,30.141175],[31.542928,30.141592],[31.542728,30.143086],[31.544202,30.143283],[31.544695,30.140467],[31.543127,30.14027],[31.543338,30.139308],[31.544972,30.139489],[31.545224,30.138332]]],[[[31.539396,30.137343],[31.537796,30.137176],[31.537549,30.138548],[31.539136,30.138733],[31.539396,30.137343]]],[[[31.539289,30.139384],[31.537452,30.139137],[31.537181,30.14083],[31.539072,30.141037],[31.539289,30.139384]]],[[[31.539072,30.141037],[31.537181,30.14083],[31.536894,30.142578],[31.538577,30.142745],[31.539072,30.141037]]],[[[31.550458,30.146253],[31.536068,30.144383],[31.534712,30.152832],[31.535262,30.153451],[31.535855,30.15404],[31.53649,30.154595],[31.537162,30.155115],[31.537871,30.155597],[31.538613,30.15604],[31.539385,30.156443],[31.540185,30.156802],[31.541009,30.157118],[31.541853,30.157389],[31.542716,30.157613],[31.543706,30.15771],[31.544116,30.155024],[31.546837,30.155282],[31.547094,30.153108],[31.549124,30.153363],[31.550458,30.146253]]],[[[31.56343,30.156444],[31.564493,30.150183],[31.553001,30.148505],[31.551956,30.155892],[31.554427,30.156224],[31.554388,30.156616],[31.559696,30.157328],[31.559768,30.156966],[31.561689,30.15719],[31.56182,30.156218],[31.56343,30.156444]]],[[[31.577253,30.161774],[31.583493,30.162844],[31.583894,30.160019],[31.58034,30.159443],[31.580812,30.156832],[31.578075,30.156424],[31.577253,30.161774]]],[[[31.578045,30.148242],[31.575317,30.147646],[31.567038,30.14665],[31.565696,30.154766],[31.576882,30.156568],[31.578045,30.148242]]],[[[31.496465,30.139033],[31.496466,30.141326],[31.497273,30.14486],[31.498336,30.14782],[31.510642,30.145163],[31.512199,30.144946],[31.516381,30.143967],[31.518068,30.143247],[31.521221,30.141267],[31.521111,30.133764],[31.50312,30.137905],[31.496465,30.139033]]],[[[31.530136,30.144273],[31.530407,30.142871],[31.531023,30.142942],[31.531463,30.141043],[31.529815,30.141127],[31.529947,30.139212],[31.525162,30.138762],[31.524321,30.144898],[31.529209,30.145349],[31.530136,30.144273]]],[[[31.53561,30.147239],[31.532921,30.146834],[31.532383,30.149383],[31.535206,30.149755],[31.53561,30.147239]]],[[[31.478499,30.139588],[31.469752,30.138442],[31.46408,30.137232],[31.464499,30.140813],[31.464529,30.142448],[31.464232,30.148765],[31.466089,30.148798],[31.473539,30.150131],[31.477929,30.145058],[31.478081,30.144753],[31.478499,30.139588]]],[[[31.547538,30.10455],[31.537617,30.10275],[31.536793,30.107616],[31.545671,30.108822],[31.547538,30.10455]]],[[[31.556135,30.117109],[31.553794,30.116721],[31.552476,30.122657],[31.558536,30.123658],[31.559035,30.120932],[31.555422,30.120336],[31.556135,30.117109]]],[[[31.45764,30.084706],[31.45759,30.086259],[31.461595,30.088385],[31.464806,30.089754],[31.465645,30.084686],[31.45764,30.084706]]],[[[31.754264,30.046595],[31.752824,30.04664],[31.752864,30.047971],[31.754281,30.047945],[31.754392,30.047839],[31.754264,30.046595]]]]}},{"type":"Feature","properties":{"landuse_value":11,"landuse_code":11,"landuse_label":null,"source_feature_count":9,"area_km2":277004.577081,"sector":"10"},"geometry":{"type":"MultiPolygon","coordinates":[[[[31.552779,30.094445],[31.554097,30.091033],[31.55072,30.089901],[31.549193,30.098282],[31.550418,30.098466],[31.550844,30.096829],[31.550335,30.096706],[31.550891,30.094478],[31.55168,30.094645],[31.551833,30.094181],[31.552779,30.094445]]],[[[31.468859,30.030901],[31.468855,30.029315],[31.467151,30.030185],[31.467162,30.030935],[31.468859,30.030901]]],[[[31.447775,30.066386],[31.447919,30.066812],[31.449475,30.066506],[31.44936,30.066033],[31.447775,30.066386]]],[[[31.50389,30.058569],[31.504405,30.058194],[31.505056,30.058024],[31.504944,30.057225],[31.503572,30.057435],[31.503224,30.057655],[31.503116,30.057991],[31.50389,30.058569]]],[[[31.449531,30.040834],[31.450018,30.041005],[31.450456,30.040311],[31.44978,30.040088],[31.449531,30.040834]]],[[[31.452051,30.036741],[31.451513,30.036724],[31.450901,30.037145],[31.451495,30.037793],[31.452452,30.037209],[31.452051,30.036741]]],[[[31.516985,30.052157],[31.516164,30.050951],[31.515771,30.051145],[31.516573,30.052367],[31.516985,30.052157]]],[[[31.657056,30.139752],[31.656237,30.14028],[31.656546,30.140565],[31.657302,30.139997],[31.657056,30.139752]]],[[[31.552775,30.096541],[31.55209,30.09812],[31.553115,30.098403],[31.553691,30.096748],[31.552775,30.096541]]]]}}]}