{"type":"FeatureCollection","features":[{"type":"Feature","properties":{"landuse_value":2,"landuse_code":2,"landuse_label":"ارض فضاء","source_feature_count":50,"area_km2":887.06157},"geometry":{"type":"MultiPolygon","coordinates":[[[[31.66205,29.875907],[31.670001,29.868216],[31.672063,29.868181],[31.674104,29.867924],[31.676325,29.867377],[31.677415,29.866884],[31.666394,29.858248],[31.661352,29.854112],[31.658879,29.851363],[31.656801,29.848327],[31.654752,29.84512],[31.653099,29.841746],[31.650334,29.838583],[31.644664,29.831406],[31.639879,29.828041],[31.633161,29.825763],[31.630386,29.823711],[31.6272,29.820261],[31.626062,29.818004],[31.623884,29.816139],[31.620561,29.814199],[31.617678,29.812303],[31.614723,29.808942],[31.612157,29.805681],[31.608627,29.801505],[31.605678,29.799855],[31.602239,29.79851],[31.597686,29.797607],[31.594143,29.796304],[31.590991,29.794701],[31.587894,29.79247],[31.5846,29.790537],[31.581659,29.78818],[31.575627,29.784743],[31.573036,29.783389],[31.56989,29.782315],[31.566534,29.781675],[31.563627,29.781609],[31.559181,29.782426],[31.554208,29.784226],[31.550111,29.786022],[31.546948,29.78719],[31.537283,29.789764],[31.536862,29.78978],[31.53283,29.791145],[31.529167,29.791799],[31.526194,29.792171],[31.523502,29.792338],[31.517901,29.791265],[31.513674,29.789589],[31.510465,29.788218],[31.507146,29.786448],[31.500863,29.783481],[31.49705,29.781222],[31.493257,29.778505],[31.481088,29.768626],[31.47343,29.763541],[31.466688,29.759677],[31.463314,29.757841],[31.457545,29.755562],[31.45454,29.755045],[31.452318,29.754503],[31.449704,29.75367],[31.44686,29.752366],[31.444552,29.750764],[31.443628,29.750288],[31.44104,29.74766],[31.438255,29.743658],[31.436793,29.744205],[31.436104,29.743177],[31.437276,29.742526],[31.428448,29.731537],[31.425494,29.728593],[31.417693,29.723377],[31.409959,29.718832],[31.407156,29.717396],[31.405903,29.719757],[31.405669,29.720332],[31.405481,29.72092],[31.40534,29.721517],[31.405246,29.722122],[31.4052,29.72273],[31.405202,29.72334],[31.405253,29.723949],[31.405351,29.724553],[31.405496,29.72515],[31.409524,29.74031],[31.409851,29.741039],[31.410117,29.741786],[31.41032,29.742548],[31.41046,29.74332],[31.410535,29.7441],[31.410546,29.744882],[31.410492,29.745663],[31.410373,29.746438],[31.410191,29.747204],[31.409945,29.747957],[31.409638,29.748691],[31.402193,29.762711],[31.401571,29.7633],[31.400902,29.763849],[31.40019,29.764355],[31.399439,29.764815],[31.398651,29.765228],[31.397833,29.76559],[31.396986,29.765901],[31.396117,29.766158],[31.395228,29.766361],[31.394326,29.766508],[31.393413,29.766598],[31.395586,29.769203],[31.397459,29.771923],[31.399538,29.774556],[31.401431,29.776647],[31.40527,29.78053],[31.407514,29.782566],[31.409901,29.784474],[31.412421,29.786247],[31.416752,29.789036],[31.421108,29.79148],[31.427899,29.794569],[31.430775,29.795645],[31.434583,29.796873],[31.439879,29.798305],[31.443799,29.800554],[31.447728,29.803163],[31.459513,29.812686],[31.464685,29.816403],[31.467501,29.81824],[31.472336,29.821105],[31.4751,29.822593],[31.481326,29.825549],[31.487163,29.828487],[31.497073,29.832553],[31.50178,29.834124],[31.506025,29.835166],[31.515791,29.83694],[31.521472,29.83741],[31.526544,29.837366],[31.533536,29.83682],[31.53792,29.836255],[31.543818,29.835222],[31.548024,29.834261],[31.552469,29.832882],[31.560077,29.830856],[31.563439,29.832877],[31.568614,29.835534],[31.571831,29.836998],[31.575413,29.838369],[31.57781,29.841046],[31.579911,29.843128],[31.583091,29.845846],[31.586958,29.848599],[31.591626,29.853588],[31.595066,29.856671],[31.602156,29.861876],[31.60528,29.863759],[31.608556,29.865434],[31.612355,29.871429],[31.615705,29.876233],[31.617426,29.878365],[31.620626,29.881943],[31.623397,29.884774],[31.623869,29.884551],[31.624355,29.884354],[31.624855,29.884183],[31.625366,29.88404],[31.625886,29.883924],[31.626413,29.883836],[31.626946,29.883776],[31.627481,29.883745],[31.628018,29.883742],[31.638567,29.885005],[31.639883,29.88505],[31.641193,29.884939],[31.64704,29.883824],[31.650925,29.8827],[31.653782,29.881595],[31.656576,29.880102],[31.658251,29.879017],[31.659841,29.877839],[31.66205,29.875907]],[[31.431348,29.741192],[31.433998,29.739676],[31.435314,29.741592],[31.43272,29.743051],[31.431348,29.741192]]],[[[31.54463,30.344517],[31.548708,30.342342],[31.549355,30.34328],[31.549945,30.342499],[31.550121,30.341713],[31.548725,30.341196],[31.550004,30.34009],[31.548188,30.338469],[31.550112,30.336771],[31.547184,30.333731],[31.545814,30.325909],[31.547273,30.327716],[31.552037,30.323758],[31.554634,30.326795],[31.555301,30.326372],[31.557469,30.328406],[31.565349,30.312153],[31.566507,30.310403],[31.568688,30.308133],[31.572299,30.305521],[31.587753,30.296635],[31.589693,30.295852],[31.592118,30.295303],[31.595465,30.294936],[31.59696,30.295201],[31.59809,30.295224],[31.597927,30.291695],[31.595283,30.291858],[31.595441,30.288517],[31.603244,30.289174],[31.602717,30.295342],[31.609556,30.295526],[31.61035,30.292496],[31.622768,30.293678],[31.621744,30.29599],[31.625075,30.296048],[31.626841,30.295777],[31.629104,30.295087],[31.631429,30.294095],[31.633876,30.292655],[31.635552,30.291078],[31.650862,30.274059],[31.67112,30.251832],[31.669465,30.250584],[31.670717,30.249486],[31.672297,30.250521],[31.695808,30.224412],[31.65737,30.197312],[31.646414,30.209102],[31.644719,30.207948],[31.625816,30.22893],[31.606286,30.250313],[31.602041,30.250198],[31.596814,30.249849],[31.59092,30.250006],[31.591028,30.25413],[31.588773,30.259491],[31.587805,30.259836],[31.587055,30.259827],[31.58635,30.259605],[31.585872,30.259288],[31.585845,30.258858],[31.583164,30.258865],[31.583186,30.257325],[31.576506,30.257145],[31.572587,30.257174],[31.572644,30.258929],[31.566293,30.258788],[31.566523,30.255462],[31.563224,30.256872],[31.560024,30.258482],[31.543081,30.26822],[31.539515,30.270523],[31.533526,30.274918],[31.529999,30.278015],[31.525375,30.28283],[31.522771,30.286032],[31.519965,30.290166],[31.518263,30.293048],[31.515844,30.297798],[31.506478,30.317417],[31.532689,30.336863],[31.538618,30.343447],[31.541862,30.341908],[31.54463,30.344517]],[[31.571723,30.269549],[31.571838,30.269873],[31.571925,30.270204],[31.571984,30.27054],[31.572016,30.270878],[31.57202,30.271218],[31.571995,30.271556],[31.571943,30.271893],[31.571863,30.272225],[31.571755,30.272551],[31.571621,30.27287],[31.571461,30.27318],[31.571276,30.273479],[31.571067,30.273766],[31.570834,30.274039],[31.57058,30.274296],[31.568261,30.275675],[31.566855,30.276752],[31.557981,30.284722],[31.548667,30.277457],[31.552667,30.271772],[31.553978,30.269637],[31.555013,30.267391],[31.55576,30.26506],[31.557738,30.263771],[31.558812,30.263763],[31.559884,30.263816],[31.56095,30.263928],[31.562006,30.2641],[31.563046,30.264331],[31.564067,30.26462],[31.565065,30.264966],[31.566034,30.265366],[31.566972,30.26582],[31.567875,30.266326],[31.568737,30.266882],[31.569557,30.267484],[31.57033,30.268131],[31.571053,30.26882],[31.571723,30.269549]]],[[[31.67146,30.323809],[31.663733,30.323466],[31.660189,30.320983],[31.673781,30.307871],[31.672151,30.306303],[31.682873,30.296683],[31.690917,30.302823],[31.693717,30.299763],[31.688885,30.296105],[31.691332,30.293085],[31.689083,30.291571],[31.69035,30.289375],[31.689263,30.288409],[31.694563,30.282852],[31.695862,30.283402],[31.699907,30.279145],[31.703865,30.281452],[31.710352,30.274474],[31.714395,30.277004],[31.736526,30.252421],[31.72832,30.246778],[31.725376,30.249743],[31.724439,30.249046],[31.723301,30.250296],[31.722338,30.249904],[31.722159,30.250113],[31.71954,30.248521],[31.720032,30.247934],[31.720425,30.248167],[31.721622,30.247453],[31.721884,30.247608],[31.722308,30.247077],[31.723052,30.247429],[31.725279,30.244687],[31.719744,30.24088],[31.717413,30.243523],[31.717147,30.243962],[31.716916,30.244415],[31.716718,30.24488],[31.716557,30.245355],[31.716431,30.245838],[31.716342,30.246327],[31.71629,30.246821],[31.716275,30.247316],[31.716297,30.247811],[31.716356,30.248304],[31.716453,30.248792],[31.716586,30.249274],[31.716754,30.249748],[31.717751,30.255559],[31.717785,30.255986],[31.717784,30.256414],[31.71775,30.256841],[31.717681,30.257264],[31.717579,30.257683],[31.717444,30.258095],[31.717276,30.258497],[31.717077,30.258889],[31.716847,30.259267],[31.716587,30.259631],[31.716299,30.259978],[31.635362,30.340273],[31.640973,30.339182],[31.646348,30.337636],[31.65037,30.336244],[31.655547,30.33405],[31.65952,30.332046],[31.664652,30.329004],[31.668188,30.326536],[31.67146,30.323809]],[[31.716047,30.26856],[31.71437,30.267398],[31.713741,30.268179],[31.711492,30.266653],[31.71228,30.265749],[31.713268,30.266492],[31.715271,30.264792],[31.71776,30.266858],[31.716047,30.26856]]],[[[31.600193,30.353008],[31.599269,30.350571],[31.601786,30.350045],[31.601359,30.347557],[31.598404,30.347908],[31.595443,30.338342],[31.593022,30.345058],[31.595087,30.348827],[31.596326,30.348477],[31.597152,30.35074],[31.596025,30.350995],[31.597543,30.354009],[31.600193,30.353008]]],[[[31.585099,30.369566],[31.590105,30.365992],[31.592594,30.369074],[31.59421,30.368093],[31.593545,30.367269],[31.595205,30.366262],[31.595355,30.366376],[31.595897,30.365841],[31.601705,30.362315],[31.602419,30.35832],[31.597482,30.356254],[31.593578,30.357363],[31.591109,30.356439],[31.588953,30.357252],[31.590376,30.358642],[31.589102,30.359201],[31.591897,30.36009],[31.590327,30.362031],[31.58841,30.361342],[31.587905,30.362005],[31.586759,30.361324],[31.586354,30.362704],[31.584986,30.362069],[31.585169,30.360877],[31.583472,30.359321],[31.580419,30.360474],[31.57578,30.362895],[31.573806,30.366101],[31.581139,30.369237],[31.582595,30.367534],[31.585099,30.369566]]],[[[31.576324,30.385102],[31.575658,30.384498],[31.5777,30.383231],[31.57623,30.382069],[31.575603,30.3827],[31.573098,30.380786],[31.575369,30.37797],[31.577493,30.379569],[31.578187,30.379171],[31.577069,30.378419],[31.57827,30.377238],[31.580706,30.375602],[31.577002,30.373119],[31.572621,30.37143],[31.571283,30.373534],[31.573368,30.374512],[31.572947,30.375045],[31.573859,30.375395],[31.570281,30.380209],[31.575501,30.385476],[31.576324,30.385102]]],[[[31.587614,30.380688],[31.585716,30.378212],[31.581166,30.379938],[31.583014,30.382312],[31.587614,30.380688]]],[[[31.579907,30.376139],[31.580958,30.377357],[31.579846,30.378037],[31.578781,30.376895],[31.57827,30.377238],[31.580689,30.379325],[31.581166,30.379938],[31.585716,30.378212],[31.584241,30.376287],[31.583431,30.378028],[31.582909,30.377621],[31.583884,30.375821],[31.582694,30.374267],[31.582179,30.374613],[31.583483,30.375952],[31.581572,30.376766],[31.580706,30.375602],[31.579907,30.376139]]],[[[31.582387,30.401752],[31.580577,30.400478],[31.577547,30.402409],[31.578471,30.403116],[31.579269,30.402172],[31.579972,30.402535],[31.580777,30.40212],[31.581013,30.402463],[31.582387,30.401752]]],[[[31.559289,30.368853],[31.553338,30.361835],[31.549714,30.368567],[31.552361,30.370276],[31.551902,30.371047],[31.552166,30.371251],[31.552445,30.371439],[31.552738,30.37161],[31.553043,30.371764],[31.553359,30.3719],[31.553686,30.372018],[31.55402,30.372116],[31.554362,30.372195],[31.554708,30.372254],[31.555059,30.372293],[31.555411,30.372311],[31.555765,30.372309],[31.556117,30.372287],[31.559289,30.368853]]],[[[31.560101,30.383599],[31.563569,30.379763],[31.564942,30.38071],[31.565823,30.37975],[31.568419,30.38154],[31.569902,30.379826],[31.560845,30.370687],[31.561188,30.375281],[31.56102,30.37638],[31.560583,30.377183],[31.557339,30.380932],[31.560101,30.383599]]],[[[31.536264,30.390922],[31.535212,30.390547],[31.535707,30.389846],[31.535261,30.389609],[31.53434,30.390743],[31.535941,30.391278],[31.536264,30.390922]]],[[[31.532333,30.380751],[31.530784,30.380476],[31.528222,30.381679],[31.527969,30.382071],[31.527913,30.382517],[31.528389,30.383402],[31.52872,30.383662],[31.52922,30.383828],[31.530406,30.383637],[31.532196,30.381384],[31.532333,30.380751]]],[[[31.746205,29.905113],[31.744906,29.89435],[31.744045,29.883525],[31.742983,29.876145],[31.742274,29.872863],[31.741097,29.869103],[31.739302,29.864934],[31.735507,29.857499],[31.734002,29.855094],[31.732333,29.852774],[31.730121,29.850112],[31.724518,29.844145],[31.718425,29.838364],[31.715845,29.83619],[31.712064,29.833384],[31.701008,29.824708],[31.698734,29.8205],[31.696099,29.816668],[31.692226,29.812097],[31.686125,29.804434],[31.682369,29.800527],[31.678625,29.797383],[31.671851,29.792583],[31.668781,29.790634],[31.665552,29.788891],[31.663428,29.786809],[31.659235,29.783215],[31.656928,29.781443],[31.654502,29.779798],[31.649056,29.773381],[31.645608,29.769977],[31.642282,29.76726],[31.638695,29.764808],[31.633036,29.761579],[31.62914,29.75966],[31.622306,29.756939],[31.617278,29.755358],[31.613373,29.752556],[31.610408,29.75069],[31.602187,29.746044],[31.596347,29.743128],[31.592403,29.741572],[31.585975,29.739447],[31.582325,29.738536],[31.576846,29.737475],[31.571098,29.736744],[31.564334,29.736507],[31.559254,29.736664],[31.554842,29.737158],[31.547276,29.738532],[31.542361,29.739774],[31.534398,29.742563],[31.528929,29.744828],[31.528093,29.74505],[31.527294,29.744525],[31.514386,29.734125],[31.503262,29.726705],[31.494614,29.721721],[31.488583,29.718492],[31.482336,29.715799],[31.477372,29.713914],[31.469262,29.703873],[31.464359,29.698868],[31.461683,29.696397],[31.4578,29.69339],[31.44889,29.68742],[31.44031,29.682291],[31.433705,29.685567],[31.429131,29.687468],[31.42444,29.689136],[31.422702,29.690102],[31.421041,29.691167],[31.419465,29.692326],[31.417982,29.693574],[31.416596,29.694906],[31.415316,29.696316],[31.414146,29.697797],[31.413092,29.699342],[31.412158,29.700946],[31.411348,29.7026],[31.410666,29.704298],[31.409512,29.708124],[31.409095,29.710737],[31.408964,29.713374],[31.407156,29.717396],[31.409959,29.718832],[31.417693,29.723377],[31.425494,29.728593],[31.428448,29.731537],[31.437193,29.74243],[31.438816,29.741615],[31.439413,29.74241],[31.43791,29.743258],[31.438624,29.744084],[31.44104,29.74766],[31.443628,29.750288],[31.444552,29.750764],[31.44686,29.752366],[31.449704,29.75367],[31.452318,29.754503],[31.45454,29.755045],[31.457545,29.755562],[31.463314,29.757841],[31.466688,29.759677],[31.47343,29.763541],[31.481088,29.768626],[31.493257,29.778505],[31.49705,29.781222],[31.500863,29.783481],[31.507146,29.786448],[31.510465,29.788218],[31.517901,29.791265],[31.523502,29.792338],[31.526194,29.792171],[31.529167,29.791799],[31.53283,29.791145],[31.536862,29.78978],[31.537283,29.789764],[31.546948,29.78719],[31.550111,29.786022],[31.554208,29.784226],[31.559181,29.782426],[31.563627,29.781609],[31.566534,29.781675],[31.56989,29.782315],[31.573036,29.783389],[31.575627,29.784743],[31.581659,29.78818],[31.5846,29.790537],[31.587894,29.79247],[31.590991,29.794701],[31.594143,29.796304],[31.597686,29.797607],[31.602239,29.79851],[31.605678,29.799855],[31.608627,29.801505],[31.612157,29.805681],[31.614723,29.808942],[31.617678,29.812303],[31.620561,29.814199],[31.623884,29.816139],[31.626062,29.818004],[31.6272,29.820261],[31.630386,29.823711],[31.633161,29.825763],[31.639879,29.828041],[31.644664,29.831406],[31.650334,29.838583],[31.653099,29.841746],[31.654752,29.84512],[31.656801,29.848327],[31.658879,29.851363],[31.661352,29.854112],[31.666394,29.858248],[31.678112,29.867429],[31.683153,29.871098],[31.68582,29.873473],[31.687396,29.875213],[31.68934,29.877881],[31.691798,29.882837],[31.692548,29.888079],[31.693324,29.898274],[31.694364,29.906411],[31.723322,29.906096],[31.732526,29.906376],[31.746205,29.905113]]],[[[31.681027,30.213994],[31.689947,30.204726],[31.689082,30.204141],[31.703447,30.188109],[31.7026,30.187467],[31.680601,30.19593],[31.67818,30.196097],[31.661405,30.192746],[31.660622,30.193632],[31.674886,30.196539],[31.674546,30.197732],[31.67465,30.198985],[31.675735,30.19899],[31.675763,30.200193],[31.67684,30.201445],[31.677452,30.201786],[31.677468,30.202235],[31.679057,30.202407],[31.679257,30.202599],[31.679011,30.204238],[31.679041,30.204814],[31.678198,30.204794],[31.677393,30.205016],[31.676718,30.205456],[31.676208,30.206117],[31.678724,30.207885],[31.676183,30.210579],[31.681027,30.213994]]],[[[31.695808,30.224412],[31.723819,30.193364],[31.736215,30.179853],[31.713747,30.183177],[31.7026,30.187467],[31.706378,30.189929],[31.686563,30.211519],[31.691352,30.21431],[31.68749,30.218549],[31.695808,30.224412]],[[31.698587,30.209162],[31.701884,30.20535],[31.703502,30.206406],[31.702476,30.207593],[31.704137,30.208844],[31.702974,30.209981],[31.701436,30.208795],[31.700206,30.210218],[31.698587,30.209162]],[[31.710925,30.195249],[31.711555,30.194544],[31.714934,30.196821],[31.714304,30.197527],[31.710925,30.195249]]],[[[31.723669,30.148936],[31.726335,30.146019],[31.724781,30.144937],[31.723731,30.146065],[31.722343,30.145084],[31.723473,30.144026],[31.723071,30.143745],[31.722016,30.14495],[31.721839,30.145014],[31.720105,30.143583],[31.719573,30.143958],[31.718078,30.144155],[31.716881,30.143991],[31.715808,30.143597],[31.715748,30.143311],[31.716547,30.142945],[31.717831,30.141381],[31.716546,30.1405],[31.706753,30.141531],[31.705487,30.141281],[31.702535,30.144174],[31.706551,30.147121],[31.718685,30.145592],[31.723669,30.148936]]],[[[31.738897,30.224862],[31.741125,30.222616],[31.750374,30.228969],[31.751004,30.229289],[31.753566,30.226094],[31.757892,30.228729],[31.770154,30.215232],[31.775816,30.215324],[31.780218,30.215114],[31.785613,30.214477],[31.794682,30.213055],[31.799342,30.212156],[31.803846,30.211125],[31.807975,30.209985],[31.812469,30.208468],[31.816784,30.206654],[31.8201,30.205038],[31.824543,30.202475],[31.829099,30.199541],[31.833378,30.196321],[31.836057,30.194057],[31.838541,30.191631],[31.842067,30.18779],[31.845409,30.183494],[31.847924,30.179623],[31.850979,30.173668],[31.852818,30.169099],[31.854122,30.165058],[31.855213,30.160128],[31.857155,30.147553],[31.857629,30.142235],[31.857727,30.138166],[31.857607,30.135452],[31.856466,30.123219],[31.852943,30.094125],[31.801472,30.099478],[31.804847,30.127787],[31.805835,30.138519],[31.805755,30.140959],[31.805509,30.143127],[31.804154,30.152033],[31.803549,30.154907],[31.80277,30.156948],[31.801523,30.159403],[31.800679,30.160563],[31.798539,30.162882],[31.796433,30.164484],[31.793067,30.166532],[31.790505,30.167512],[31.7854,30.168678],[31.775177,30.170224],[31.770803,30.170105],[31.766553,30.169273],[31.764832,30.168649],[31.762121,30.168019],[31.75933,30.167597],[31.75666,30.16737],[31.75224,30.168013],[31.750348,30.168479],[31.748381,30.169151],[31.746066,30.170339],[31.744246,30.171478],[31.742842,30.172596],[31.741065,30.174454],[31.740421,30.175155],[31.741428,30.175834],[31.740926,30.176396],[31.740661,30.176184],[31.740397,30.176444],[31.739635,30.176012],[31.711846,30.20664],[31.719079,30.211094],[31.735,30.220176],[31.731756,30.224316],[31.741425,30.231392],[31.743314,30.230681],[31.740907,30.22894],[31.740875,30.226075],[31.738897,30.224862]],[[31.756593,30.222858],[31.751007,30.218866],[31.753511,30.216503],[31.748424,30.212738],[31.751193,30.209617],[31.756513,30.212831],[31.758043,30.211353],[31.751974,30.207595],[31.757064,30.201794],[31.768439,30.20978],[31.756593,30.222858]],[[31.736211,30.217532],[31.734642,30.21943],[31.727761,30.215373],[31.732174,30.212014],[31.737323,30.215681],[31.736211,30.217532]],[[31.776654,30.182916],[31.776553,30.181005],[31.782161,30.180819],[31.782026,30.182871],[31.776654,30.182916]],[[31.767103,30.181019],[31.762016,30.181269],[31.76266,30.179246],[31.755739,30.177808],[31.756812,30.174416],[31.755445,30.173866],[31.756365,30.171726],[31.751987,30.170252],[31.752185,30.170037],[31.752399,30.169834],[31.752628,30.169643],[31.75287,30.169465],[31.753125,30.169302],[31.753392,30.169153],[31.753669,30.16902],[31.753956,30.168902],[31.75425,30.168801],[31.754552,30.168717],[31.754859,30.16865],[31.755171,30.1686],[31.755486,30.168568],[31.755803,30.168554],[31.756119,30.168558],[31.756435,30.16858],[31.756749,30.168619],[31.757059,30.168677],[31.757364,30.168751],[31.756586,30.170534],[31.757475,30.170901],[31.757274,30.171971],[31.764331,30.173872],[31.765378,30.170617],[31.771547,30.17163],[31.773675,30.171769],[31.773386,30.172901],[31.767103,30.181019]],[[31.810863,30.135435],[31.808105,30.117901],[31.810302,30.117619],[31.810457,30.118515],[31.813775,30.116587],[31.813072,30.115721],[31.811965,30.11638],[31.811546,30.114705],[31.814521,30.113968],[31.815,30.115213],[31.815926,30.115307],[31.816797,30.115592],[31.817369,30.115038],[31.81794,30.114647],[31.818539,30.114289],[31.819163,30.113966],[31.81981,30.113678],[31.820477,30.113428],[31.821162,30.113215],[31.821861,30.113042],[31.822571,30.112909],[31.82329,30.112816],[31.824015,30.112764],[31.824741,30.112753],[31.825467,30.112782],[31.82619,30.112853],[31.826905,30.112965],[31.827611,30.113116],[31.828303,30.113307],[31.828981,30.113537],[31.829639,30.113804],[31.830276,30.114108],[31.830889,30.114448],[31.831476,30.114821],[31.831977,30.115353],[31.832437,30.115912],[31.832855,30.116496],[31.833227,30.117103],[31.833553,30.117729],[31.833832,30.118373],[31.834061,30.119031],[31.834241,30.1197],[31.83437,30.120379],[31.834448,30.121063],[31.834474,30.12175],[31.834449,30.122438],[31.834372,30.123122],[31.834244,30.1238],[31.834065,30.12447],[31.832406,30.127007],[31.830902,30.129617],[31.828947,30.13365],[31.827876,30.135016],[31.821166,30.139367],[31.817626,30.143232],[31.81586,30.147571],[31.815827,30.147952],[31.815823,30.148334],[31.815849,30.148715],[31.815904,30.149095],[31.815988,30.14947],[31.816101,30.149839],[31.816242,30.150201],[31.816411,30.150554],[31.816606,30.150896],[31.816828,30.151226],[31.817074,30.151543],[31.817345,30.151844],[31.817638,30.152129],[31.817952,30.152396],[31.818287,30.152644],[31.81864,30.152872],[31.819009,30.15308],[31.824595,30.156015],[31.824847,30.156211],[31.825083,30.156421],[31.825301,30.156646],[31.825501,30.156883],[31.825682,30.157131],[31.825842,30.15739],[31.825981,30.157658],[31.826099,30.157933],[31.826194,30.158215],[31.826267,30.158502],[31.826316,30.158793],[31.826342,30.159086],[31.826345,30.15938],[31.826324,30.159673],[31.826279,30.159965],[31.826212,30.160253],[31.826122,30.160536],[31.826009,30.160813],[31.825874,30.161083],[31.825719,30.161344],[31.825542,30.161594],[31.825346,30.161834],[31.825132,30.162061],[31.823331,30.163568],[31.822756,30.163974],[31.82215,30.164347],[31.821518,30.164684],[31.820862,30.164985],[31.820184,30.165247],[31.819488,30.165469],[31.818776,30.165652],[31.818052,30.165793],[31.817319,30.165892],[31.808765,30.166714],[31.80836,30.16671],[31.807956,30.166681],[31.807556,30.166628],[31.80716,30.166551],[31.806772,30.16645],[31.806392,30.166326],[31.806024,30.16618],[31.805667,30.166012],[31.805326,30.165823],[31.804999,30.165613],[31.804691,30.165385],[31.804401,30.165139],[31.804132,30.164876],[31.803884,30.164597],[31.803659,30.164304],[31.803993,30.163908],[31.804063,30.163499],[31.804162,30.163094],[31.80429,30.162696],[31.804447,30.162305],[31.804632,30.161924],[31.804844,30.161554],[31.805083,30.161197],[31.805348,30.160853],[31.805637,30.160524],[31.805949,30.160212],[31.806284,30.159918],[31.807222,30.158564],[31.808044,30.157154],[31.808744,30.155695],[31.809319,30.154195],[31.809766,30.152663],[31.810081,30.151106],[31.810264,30.149533],[31.810863,30.135435]],[[31.805007,30.101214],[31.80761,30.100931],[31.808016,30.103752],[31.805412,30.104035],[31.805007,30.101214]]],[[[31.845484,30.069992],[31.843788,30.067183],[31.841012,30.063226],[31.839332,30.061012],[31.837506,30.058888],[31.834443,30.055729],[31.832321,30.053743],[31.830066,30.051872],[31.827196,30.049787],[31.822994,30.047088],[31.819459,30.045109],[31.78236,30.026523],[31.776719,30.023876],[31.776424,30.027879],[31.776687,30.029992],[31.777118,30.031906],[31.777898,30.034146],[31.77892,30.036274],[31.780403,30.041749],[31.785371,30.056299],[31.785661,30.056868],[31.785911,30.057452],[31.78612,30.058048],[31.786286,30.058654],[31.78641,30.059268],[31.78649,30.059887],[31.786526,30.06051],[31.786519,30.061133],[31.786468,30.061754],[31.786374,30.062372],[31.786236,30.062984],[31.784045,30.069358],[31.758648,30.056699],[31.751389,30.052922],[31.750081,30.052519],[31.748809,30.052034],[31.747581,30.05147],[31.746404,30.05083],[31.745282,30.050118],[31.744223,30.049336],[31.743232,30.04849],[31.742314,30.047584],[31.741474,30.046622],[31.738507,30.042307],[31.737433,30.040238],[31.736687,30.038063],[31.734408,30.026678],[31.733474,30.024737],[31.722826,30.026469],[31.7214,30.024259],[31.720152,30.022912],[31.719201,30.021453],[31.71861,30.019857],[31.718405,30.018189],[31.714969,30.01832],[31.724763,30.042761],[31.728511,30.048142],[31.734088,30.053947],[31.74055,30.057879],[31.746318,30.0609],[31.756225,30.065478],[31.793176,30.08399],[31.795409,30.085424],[31.796946,30.086989],[31.798789,30.089582],[31.800238,30.092461],[31.801117,30.096491],[31.801472,30.099478],[31.852943,30.094125],[31.852144,30.088569],[31.851025,30.08345],[31.85028,30.080702],[31.848446,30.075877],[31.845484,30.069992]]],[[[31.364491,29.686988],[31.365919,29.686706],[31.366194,29.68724],[31.367004,29.687023],[31.367389,29.687756],[31.368119,29.68743],[31.368692,29.688357],[31.370788,29.68726],[31.371174,29.687862],[31.371699,29.687546],[31.3721,29.6881],[31.372335,29.687948],[31.373223,29.68883],[31.372431,29.689644],[31.371523,29.689143],[31.369608,29.690898],[31.369268,29.690787],[31.369028,29.690414],[31.369152,29.690332],[31.368966,29.689995],[31.369145,29.689926],[31.36873,29.689396],[31.36396,29.69182],[31.364188,29.692133],[31.362807,29.692671],[31.363582,29.693609],[31.366395,29.691965],[31.368226,29.693707],[31.365522,29.695954],[31.366923,29.697104],[31.368294,29.697718],[31.37505,29.691021],[31.375917,29.691509],[31.371449,29.69728],[31.372105,29.697288],[31.377228,29.691621],[31.383207,29.69389],[31.381167,29.698354],[31.383238,29.698761],[31.382068,29.700392],[31.382969,29.700906],[31.392236,29.696961],[31.393081,29.698881],[31.398249,29.697129],[31.399421,29.699149],[31.386395,29.704017],[31.387433,29.705676],[31.386891,29.708068],[31.385798,29.710215],[31.388239,29.710752],[31.394186,29.712754],[31.403272,29.715405],[31.407156,29.717396],[31.408964,29.713374],[31.409095,29.710737],[31.409512,29.708124],[31.410212,29.705557],[31.411348,29.7026],[31.412079,29.701094],[31.412913,29.69963],[31.413847,29.698212],[31.414878,29.696846],[31.416001,29.695538],[31.417213,29.694291],[31.41851,29.693111],[31.419886,29.692001],[31.421337,29.690966],[31.422856,29.69001],[31.42444,29.689136],[31.429131,29.687468],[31.433705,29.685567],[31.44031,29.682291],[31.436124,29.679938],[31.429429,29.676507],[31.424363,29.674228],[31.420839,29.672985],[31.411676,29.670298],[31.40624,29.668472],[31.403263,29.667594],[31.395655,29.665881],[31.39015,29.665064],[31.382051,29.664648],[31.373617,29.664488],[31.373563,29.667802],[31.366611,29.666642],[31.366261,29.667175],[31.36429,29.666494],[31.364272,29.667568],[31.36495,29.667934],[31.363978,29.668877],[31.363432,29.668811],[31.362883,29.668983],[31.362004,29.668375],[31.360954,29.669914],[31.359173,29.667614],[31.355546,29.670464],[31.355171,29.67139],[31.357373,29.671601],[31.357143,29.67309],[31.358024,29.673578],[31.35713,29.673925],[31.356566,29.674993],[31.355665,29.675758],[31.35634,29.676243],[31.356999,29.677744],[31.354657,29.677656],[31.355071,29.678635],[31.35505,29.679948],[31.357442,29.684714],[31.361609,29.683598],[31.36266,29.686189],[31.364089,29.685729],[31.364491,29.686988]],[[31.390264,29.693243],[31.38898,29.694015],[31.388366,29.693901],[31.387639,29.694207],[31.387136,29.693886],[31.387454,29.692276],[31.387973,29.691619],[31.388468,29.691362],[31.389147,29.69126],[31.390198,29.690766],[31.391174,29.690164],[31.392617,29.688992],[31.393033,29.688907],[31.393497,29.689033],[31.393871,29.689509],[31.393757,29.690077],[31.392763,29.690838],[31.390318,29.692384],[31.390264,29.693243]],[[31.387659,29.696686],[31.386267,29.697381],[31.386313,29.697543],[31.386737,29.697551],[31.386802,29.697813],[31.386644,29.697937],[31.386129,29.697985],[31.385904,29.698685],[31.385523,29.698952],[31.385253,29.698404],[31.385406,29.698034],[31.385128,29.698016],[31.384945,29.698796],[31.384642,29.698868],[31.384371,29.698729],[31.384254,29.698142],[31.384801,29.696881],[31.386528,29.695569],[31.38743,29.694563],[31.388316,29.695634],[31.387833,29.696072],[31.387978,29.696246],[31.387659,29.696686]]],[[[31.402193,29.762711],[31.409638,29.748691],[31.409945,29.747957],[31.410191,29.747204],[31.410373,29.746438],[31.410492,29.745663],[31.410546,29.744882],[31.410535,29.7441],[31.41046,29.74332],[31.41032,29.742548],[31.410117,29.741786],[31.409851,29.741039],[31.409524,29.74031],[31.405269,29.72407],[31.405217,29.722426],[31.405515,29.720801],[31.405903,29.719757],[31.407156,29.717396],[31.403272,29.715405],[31.394224,29.712765],[31.394174,29.713738],[31.387908,29.712206],[31.387628,29.712656],[31.388523,29.713097],[31.388074,29.713807],[31.390258,29.714096],[31.390245,29.71486],[31.388202,29.714358],[31.387842,29.716359],[31.39166,29.71705],[31.391531,29.71829],[31.38935,29.71781],[31.389087,29.718881],[31.385871,29.718149],[31.385583,29.719077],[31.379058,29.717907],[31.378346,29.71872],[31.380795,29.719162],[31.380618,29.720019],[31.380046,29.719821],[31.379785,29.720797],[31.381969,29.721038],[31.38187,29.722064],[31.376393,29.720949],[31.375789,29.721638],[31.378488,29.72244],[31.378337,29.723322],[31.381253,29.723978],[31.380814,29.725764],[31.381417,29.725723],[31.380686,29.728603],[31.386792,29.728272],[31.386837,29.728821],[31.388808,29.728774],[31.388879,29.729443],[31.378201,29.730053],[31.372375,29.729432],[31.376424,29.731726],[31.375383,29.733504],[31.376882,29.733832],[31.376781,29.735049],[31.374132,29.73473],[31.373267,29.735817],[31.369769,29.733455],[31.365474,29.739463],[31.368702,29.740987],[31.368501,29.739561],[31.369815,29.739505],[31.370077,29.741636],[31.370966,29.742056],[31.371114,29.743061],[31.370428,29.744867],[31.367695,29.74469],[31.367611,29.746503],[31.366652,29.746967],[31.365568,29.747115],[31.364492,29.746928],[31.363726,29.746551],[31.363702,29.74464],[31.362117,29.744525],[31.363646,29.751458],[31.363466,29.75185],[31.36316,29.752096],[31.362697,29.75222],[31.362158,29.752118],[31.360942,29.752866],[31.360848,29.754271],[31.364417,29.754501],[31.364123,29.749394],[31.366693,29.749473],[31.366668,29.750081],[31.368898,29.750459],[31.368687,29.751408],[31.366558,29.751047],[31.366428,29.75459],[31.375326,29.754751],[31.380148,29.756219],[31.380138,29.75473],[31.382901,29.754363],[31.382456,29.757047],[31.383912,29.756839],[31.384146,29.75455],[31.386116,29.754517],[31.386526,29.759412],[31.388989,29.760989],[31.393413,29.766598],[31.394326,29.766508],[31.395228,29.766361],[31.396117,29.766158],[31.396986,29.765901],[31.397833,29.76559],[31.398651,29.765228],[31.399439,29.764815],[31.40019,29.764355],[31.400902,29.763849],[31.401571,29.7633],[31.402193,29.762711]],[[31.396402,29.729062],[31.396189,29.729882],[31.39562,29.73056],[31.394789,29.730985],[31.393995,29.731094],[31.393045,29.730909],[31.39226,29.730405],[31.391773,29.72967],[31.391727,29.729533],[31.391692,29.729393],[31.391669,29.729252],[31.391656,29.72911],[31.391655,29.728968],[31.391665,29.728825],[31.391686,29.728684],[31.391718,29.728544],[31.391761,29.728406],[31.391815,29.728272],[31.39188,29.728141],[31.391954,29.728014],[31.392039,29.727892],[31.392133,29.727775],[31.392235,29.727664],[31.392347,29.72756],[31.392466,29.727462],[31.392593,29.727372],[31.392726,29.72729],[31.392866,29.727216],[31.393011,29.72715],[31.393161,29.727093],[31.393315,29.727046],[31.393472,29.727008],[31.393632,29.726979],[31.393794,29.72696],[31.393957,29.726951],[31.394121,29.726952],[31.394284,29.726962],[31.394446,29.726982],[31.394605,29.727012],[31.394762,29.727052],[31.394916,29.727101],[31.395065,29.727158],[31.39521,29.727225],[31.395349,29.7273],[31.395481,29.727384],[31.395607,29.727475],[31.395725,29.727573],[31.395835,29.727678],[31.395937,29.72779],[31.39603,29.727908],[31.396113,29.72803],[31.396186,29.728158],[31.396249,29.72829],[31.396302,29.728425],[31.396343,29.728563],[31.396374,29.728703],[31.396394,29.728844],[31.396703,29.727551],[31.396815,29.727347],[31.396943,29.72715],[31.397087,29.726961],[31.397245,29.726782],[31.397417,29.726612],[31.397602,29.726454],[31.3978,29.726307],[31.398009,29.726173],[31.398228,29.726052],[31.398456,29.725944],[31.398692,29.725851],[31.398936,29.725772],[31.399184,29.725708],[31.399438,29.72566],[31.399695,29.725627],[31.399953,29.72561],[31.400213,29.725609],[31.400471,29.725623],[31.400728,29.725654],[31.400982,29.7257],[31.401232,29.725761],[31.401476,29.725837],[31.401714,29.725928],[31.401943,29.726034],[31.402164,29.726153],[31.402375,29.726285],[31.402574,29.72643],[31.402761,29.726586],[31.402936,29.726754],[31.403096,29.726932],[31.403242,29.727119],[31.403373,29.727315],[31.403487,29.727518],[31.403585,29.727727],[31.403666,29.727943],[31.40373,29.728162],[31.403776,29.728385],[31.403804,29.72861],[31.403813,29.728836],[31.403805,29.729063],[31.403779,29.729288],[31.403734,29.729511],[31.403672,29.729731],[31.403592,29.729946],[31.403496,29.730156],[31.403382,29.73036],[31.403253,29.730556],[31.403109,29.730744],[31.402949,29.730923],[31.402776,29.731091],[31.402589,29.731249],[31.402391,29.731394],[31.402181,29.731528],[31.401961,29.731648],[31.401732,29.731754],[31.401496,29.731847],[31.401252,29.731924],[31.401003,29.731987],[31.400749,29.732034],[31.400492,29.732065],[31.400233,29.732081],[31.399974,29.732081],[31.399715,29.732065],[31.399458,29.732034],[31.399204,29.731987],[31.398955,29.731924],[31.398711,29.731847],[31.398474,29.731754],[31.398246,29.731648],[31.398026,29.731528],[31.397816,29.731394],[31.397617,29.731249],[31.397431,29.731091],[31.397258,29.730923],[31.397098,29.730744],[31.396954,29.730556],[31.396824,29.73036],[31.396711,29.730156],[31.396615,29.729946],[31.396535,29.729731],[31.396473,29.729511],[31.396428,29.729288],[31.396402,29.729062]]],[[[31.316887,29.751871],[31.315442,29.75293],[31.320335,29.753659],[31.316887,29.751871]]],[[[31.291774,29.744829],[31.295859,29.746453],[31.295865,29.745324],[31.296443,29.745092],[31.296455,29.744376],[31.296106,29.744014],[31.296003,29.743583],[31.294266,29.74442],[31.293584,29.744292],[31.292103,29.744535],[31.291774,29.744829]]],[[[31.312987,29.742273],[31.313019,29.738692],[31.310777,29.738616],[31.310703,29.738137],[31.303309,29.738639],[31.303778,29.742711],[31.303229,29.742823],[31.303905,29.745368],[31.30194,29.746268],[31.302265,29.747287],[31.305628,29.746614],[31.30609,29.747575],[31.303961,29.748144],[31.304182,29.749562],[31.307141,29.750698],[31.309201,29.747729],[31.309259,29.747229],[31.308962,29.74632],[31.309172,29.745637],[31.309503,29.745297],[31.309944,29.745073],[31.311984,29.744934],[31.312453,29.744679],[31.312851,29.744053],[31.31274,29.742317],[31.312987,29.742273]]],[[[31.349771,29.720911],[31.350324,29.718123],[31.348281,29.71809],[31.348224,29.716593],[31.352319,29.716515],[31.352662,29.718138],[31.354524,29.718093],[31.354372,29.71634],[31.354867,29.716289],[31.355325,29.715377],[31.352644,29.713696],[31.350741,29.71038],[31.345134,29.710566],[31.337532,29.710518],[31.333355,29.713342],[31.331615,29.714055],[31.330494,29.714236],[31.319564,29.714979],[31.320925,29.725214],[31.325523,29.725033],[31.329148,29.730761],[31.329714,29.731856],[31.330514,29.734156],[31.330855,29.736703],[31.334719,29.737946],[31.333439,29.742278],[31.336455,29.741839],[31.336535,29.737006],[31.338656,29.736913],[31.33811,29.732728],[31.341601,29.732533],[31.34385,29.728656],[31.346065,29.72834],[31.344636,29.726106],[31.34632,29.726109],[31.345893,29.725339],[31.345311,29.724635],[31.343764,29.723885],[31.342987,29.724205],[31.342254,29.723866],[31.342185,29.723591],[31.341943,29.723403],[31.341424,29.723455],[31.339823,29.723005],[31.339654,29.722315],[31.334265,29.721703],[31.333537,29.721736],[31.332697,29.721958],[31.331957,29.722362],[31.332241,29.723024],[31.331913,29.723049],[31.331194,29.722854],[31.33099,29.723266],[31.330663,29.723176],[31.330587,29.722832],[31.329799,29.722836],[31.329565,29.723147],[31.329739,29.723494],[31.329682,29.723981],[31.328567,29.723881],[31.328473,29.723459],[31.328411,29.723034],[31.328381,29.722605],[31.328383,29.722176],[31.328418,29.721748],[31.328486,29.721323],[31.328585,29.720903],[31.328716,29.720489],[31.328878,29.720084],[31.32907,29.719689],[31.329292,29.719306],[31.329543,29.718936],[31.32982,29.718582],[31.331914,29.718975],[31.339191,29.719559],[31.339502,29.719239],[31.339655,29.719279],[31.339714,29.719681],[31.341526,29.719952],[31.341791,29.719764],[31.342053,29.719824],[31.341873,29.720128],[31.342023,29.720282],[31.342843,29.719682],[31.343778,29.720037],[31.34433,29.719719],[31.344934,29.720223],[31.345613,29.720213],[31.346082,29.719646],[31.346388,29.71963],[31.346383,29.719955],[31.347232,29.720233],[31.347415,29.71972],[31.347765,29.719743],[31.34765,29.720105],[31.34932,29.721004],[31.349771,29.720911]]],[[[31.314177,29.727567],[31.314137,29.725895],[31.313511,29.724455],[31.312275,29.724767],[31.31134,29.725471],[31.310496,29.726451],[31.309123,29.726607],[31.308809,29.726961],[31.308996,29.728038],[31.309917,29.728169],[31.31039,29.728503],[31.310283,29.72877],[31.311202,29.729051],[31.311039,29.728541],[31.313297,29.727577],[31.314177,29.727567]]],[[[31.308433,29.717523],[31.307143,29.716601],[31.306393,29.717656],[31.306878,29.718092],[31.308433,29.717523]]],[[[31.320925,29.725214],[31.320497,29.721996],[31.317992,29.722523],[31.317456,29.721895],[31.313889,29.723743],[31.314043,29.724037],[31.314219,29.724322],[31.314417,29.724596],[31.314635,29.724857],[31.314872,29.725106],[31.315127,29.72534],[31.3154,29.725559],[31.315689,29.725762],[31.315993,29.725948],[31.31631,29.726115],[31.316639,29.726264],[31.316978,29.726394],[31.317327,29.726503],[31.317683,29.726592],[31.318046,29.726661],[31.319811,29.727399],[31.320772,29.726426],[31.320925,29.725214]]],[[[31.310994,29.661432],[31.309603,29.660922],[31.309552,29.66153],[31.307377,29.661609],[31.30699,29.662679],[31.307937,29.663126],[31.309068,29.663896],[31.310188,29.663069],[31.310374,29.661783],[31.310994,29.661432]]],[[[31.312082,29.655442],[31.31083,29.65621],[31.310279,29.656206],[31.309625,29.656019],[31.308835,29.655361],[31.308294,29.65582],[31.309147,29.656227],[31.309672,29.656769],[31.311555,29.657357],[31.312045,29.657435],[31.312501,29.657154],[31.314019,29.657102],[31.314107,29.656709],[31.313917,29.655812],[31.312082,29.655442]]],[[[31.311305,29.696467],[31.311044,29.697359],[31.31075,29.697785],[31.310892,29.699076],[31.310559,29.699358],[31.31015,29.699317],[31.310174,29.700284],[31.309672,29.700887],[31.310077,29.701178],[31.30961,29.701763],[31.312757,29.703363],[31.313545,29.701669],[31.313295,29.700233],[31.314007,29.698541],[31.313599,29.698387],[31.31303,29.697693],[31.311305,29.696467]]],[[[31.338598,29.680812],[31.338063,29.683539],[31.334247,29.684193],[31.33218,29.684181],[31.332222,29.681618],[31.333028,29.681484],[31.33302,29.681012],[31.331756,29.681067],[31.330709,29.680854],[31.330279,29.679101],[31.33155,29.678644],[31.333689,29.678213],[31.33352,29.676407],[31.328176,29.676568],[31.328197,29.67785],[31.32908,29.677933],[31.329977,29.679466],[31.329265,29.680221],[31.32807,29.680999],[31.32631,29.681529],[31.323966,29.681568],[31.32236,29.681309],[31.32272,29.682239],[31.323372,29.682977],[31.32347,29.683905],[31.323231,29.684454],[31.321315,29.684549],[31.321252,29.686279],[31.322237,29.686679],[31.324453,29.687006],[31.326648,29.686927],[31.326615,29.688932],[31.325686,29.68892],[31.325673,29.689795],[31.326579,29.689753],[31.326694,29.690747],[31.32641,29.690744],[31.326469,29.691165],[31.325544,29.691082],[31.325373,29.691403],[31.325882,29.691681],[31.325871,29.692308],[31.326537,29.693391],[31.32725,29.693698],[31.327822,29.694242],[31.326761,29.694289],[31.326698,29.69396],[31.326118,29.693893],[31.32602,29.693623],[31.325127,29.69388],[31.324847,29.692265],[31.325197,29.691732],[31.323504,29.691496],[31.323955,29.690374],[31.322903,29.689913],[31.321325,29.689634],[31.321253,29.690367],[31.321692,29.690671],[31.321424,29.692399],[31.322954,29.692866],[31.321816,29.695507],[31.321304,29.695471],[31.321017,29.696333],[31.320509,29.696058],[31.320521,29.695282],[31.319839,29.695184],[31.319687,29.696137],[31.320502,29.696475],[31.320216,29.697218],[31.327537,29.698892],[31.328364,29.700544],[31.328886,29.702042],[31.326918,29.703211],[31.326707,29.703597],[31.322363,29.70378],[31.322324,29.704048],[31.318081,29.704293],[31.317983,29.705436],[31.318969,29.705723],[31.326449,29.708858],[31.330154,29.709315],[31.332616,29.708929],[31.336069,29.707968],[31.338671,29.707727],[31.347997,29.708213],[31.348574,29.70398],[31.348085,29.703382],[31.348043,29.703137],[31.348185,29.702923],[31.348685,29.702685],[31.348802,29.702252],[31.349178,29.702111],[31.34978,29.700485],[31.345702,29.699002],[31.341154,29.696224],[31.338563,29.694114],[31.338424,29.692608],[31.342442,29.69273],[31.347932,29.693085],[31.353339,29.688497],[31.358288,29.686413],[31.355439,29.680698],[31.349685,29.68203],[31.348,29.680576],[31.346365,29.680258],[31.344513,29.680652],[31.342859,29.679678],[31.341565,29.679421],[31.341354,29.679428],[31.341145,29.679448],[31.340938,29.679481],[31.340734,29.679526],[31.340534,29.679584],[31.34034,29.679655],[31.340151,29.679737],[31.33997,29.679831],[31.339797,29.679936],[31.339633,29.680051],[31.339479,29.680176],[31.339335,29.68031],[31.339203,29.680453],[31.339082,29.680604],[31.338975,29.680762],[31.338598,29.680812]]],[[[31.387173,29.70716],[31.383568,29.706274],[31.382334,29.706474],[31.378035,29.708498],[31.382607,29.709816],[31.384258,29.709877],[31.385798,29.710215],[31.386518,29.708952],[31.387173,29.70716]]],[[[31.288975,29.68765],[31.287242,29.689896],[31.288703,29.690497],[31.291474,29.692054],[31.291529,29.690729],[31.291264,29.6902],[31.290891,29.68967],[31.290375,29.689425],[31.290261,29.689734],[31.289907,29.689658],[31.2903,29.689018],[31.289409,29.688338],[31.288975,29.68765]]],[[[31.273229,29.671118],[31.271167,29.680359],[31.27412,29.674778],[31.274723,29.67469],[31.275759,29.671696],[31.273229,29.671118]]],[[[31.74187,30.165867],[31.740212,30.159513],[31.741577,30.160224],[31.741658,30.161091],[31.748748,30.162058],[31.748403,30.16089],[31.754796,30.159338],[31.755252,30.158954],[31.755509,30.158391],[31.753813,30.153517],[31.742038,30.156529],[31.740214,30.156651],[31.738861,30.156436],[31.73439,30.153155],[31.733422,30.152086],[31.732628,30.145304],[31.731498,30.145433],[31.732696,30.153815],[31.723738,30.148877],[31.7148,30.1581],[31.737682,30.160622],[31.739238,30.166462],[31.74187,30.165867]]],[[[31.728511,30.048142],[31.724763,30.042761],[31.7152,30.018715],[31.714729,30.017911],[31.708797,30.017796],[31.70368,30.018077],[31.70062,30.018551],[31.696781,30.019345],[31.693833,30.020176],[31.688762,30.02185],[31.684178,30.022901],[31.681393,30.023324],[31.675595,30.023819],[31.67338,30.023702],[31.673497,30.024023],[31.676419,30.024162],[31.676905,30.024442],[31.677574,30.024543],[31.678779,30.026809],[31.679864,30.030339],[31.68116,30.033492],[31.682775,30.036738],[31.683366,30.037631],[31.682873,30.038101],[31.679799,30.038613],[31.676828,30.039407],[31.675621,30.04046],[31.674098,30.041136],[31.673094,30.041331],[31.669479,30.041673],[31.675966,30.058004],[31.677682,30.061654],[31.680084,30.065647],[31.685943,30.073897],[31.688302,30.076622],[31.695185,30.083772],[31.697878,30.086243],[31.701281,30.088892],[31.703869,30.09062],[31.711353,30.095175],[31.721111,30.100342],[31.731012,30.104928],[31.734111,30.106502],[31.801478,30.099528],[31.801117,30.096491],[31.800238,30.092461],[31.798789,30.089582],[31.796946,30.086989],[31.795409,30.085424],[31.793176,30.08399],[31.756225,30.065478],[31.746318,30.0609],[31.74055,30.057879],[31.734088,30.053947],[31.728511,30.048142]],[[31.691504,30.043568],[31.687278,30.043492],[31.686951,30.043327],[31.686668,30.042104],[31.685632,30.040196],[31.684658,30.038922],[31.684763,30.038556],[31.686097,30.038593],[31.688149,30.038964],[31.690117,30.03959],[31.692482,30.040649],[31.694118,30.041049],[31.695913,30.041192],[31.696184,30.041409],[31.696232,30.043527],[31.69596,30.04382],[31.693544,30.043863],[31.691504,30.043568]],[[31.696505,30.043463],[31.696503,30.041487],[31.696609,30.041257],[31.696869,30.041095],[31.703342,30.041033],[31.703758,30.041308],[31.70378,30.043369],[31.703623,30.043659],[31.703345,30.043813],[31.697014,30.043856],[31.696691,30.04375],[31.696505,30.043463]],[[31.704245,30.041142],[31.705688,30.040802],[31.706033,30.040681],[31.706368,30.04054],[31.70669,30.040378],[31.706999,30.040197],[31.707292,30.039998],[31.707569,30.039781],[31.707828,30.039549],[31.708067,30.039301],[31.708286,30.039039],[31.708483,30.038764],[31.708657,30.038478],[31.708808,30.038182],[31.708935,30.037878],[31.709038,30.037567],[31.709115,30.03725],[31.709199,30.036034],[31.709085,30.035227],[31.706136,30.027886],[31.704215,30.024727],[31.70116,30.020995],[31.700414,30.019629],[31.700392,30.019342],[31.700804,30.019005],[31.706174,30.018383],[31.710524,30.018233],[31.715917,30.031846],[31.716525,30.033667],[31.716606,30.034528],[31.716618,30.035392],[31.716563,30.036254],[31.716439,30.037111],[31.716248,30.037959],[31.715991,30.038794],[31.715668,30.039611],[31.715282,30.040406],[31.714834,30.041177],[31.714326,30.04192],[31.71376,30.04263],[31.71314,30.043305],[31.712468,30.043941],[31.704417,30.043882],[31.70409,30.04352],[31.704045,30.041493],[31.704245,30.041142]],[[31.708815,30.035024],[31.70907,30.036306],[31.709049,30.036622],[31.709004,30.036936],[31.708935,30.037247],[31.708842,30.037553],[31.708726,30.037853],[31.708587,30.038145],[31.708426,30.038429],[31.708243,30.038703],[31.70804,30.038965],[31.707817,30.039215],[31.707575,30.039452],[31.707316,30.039674],[31.70704,30.03988],[31.706749,30.04007],[31.706443,30.040242],[31.706126,30.040397],[31.705797,30.040532],[31.705458,30.040648],[31.705111,30.040744],[31.704041,30.040874],[31.699737,30.04091],[31.696935,30.040802],[31.69321,30.040524],[31.691863,30.040035],[31.691256,30.039744],[31.690672,30.03942],[31.690113,30.039063],[31.689582,30.038676],[31.68908,30.03826],[31.688611,30.037816],[31.688176,30.037347],[31.687776,30.036854],[31.687414,30.03634],[31.685143,30.032221],[31.683826,30.028631],[31.68253,30.024122],[31.682573,30.023836],[31.682875,30.023614],[31.686514,30.022833],[31.698821,30.019244],[31.699294,30.01922],[31.699744,30.019349],[31.700217,30.019748],[31.700545,30.020552],[31.701092,30.021412],[31.703571,30.024322],[31.705577,30.027439],[31.707066,30.030644],[31.708815,30.035024]],[[31.68792,30.03865],[31.686528,30.038354],[31.684634,30.03814],[31.683448,30.037364],[31.680652,30.031349],[31.678893,30.026556],[31.677855,30.024617],[31.678003,30.024299],[31.678298,30.024073],[31.681567,30.023754],[31.682088,30.023997],[31.683657,30.029192],[31.685021,30.032659],[31.686508,30.035307],[31.688471,30.03802],[31.688387,30.038462],[31.68792,30.03865]]],[[[31.694336,29.906445],[31.69437,29.906457],[31.694308,29.906219],[31.694336,29.906445]]],[[[31.694337,29.906457],[31.658685,29.906836],[31.654626,29.907079],[31.649247,29.907695],[31.642866,29.91106],[31.6432,29.914036],[31.650481,29.91086],[31.652421,29.910275],[31.65357,29.910103],[31.662836,29.910064],[31.664288,29.91046],[31.665581,29.911362],[31.666179,29.911317],[31.666727,29.911561],[31.667823,29.910743],[31.669165,29.91028],[31.67343,29.910146],[31.675235,29.910559],[31.676206,29.91105],[31.677044,29.911701],[31.67742,29.911473],[31.677808,29.911415],[31.678507,29.911701],[31.679723,29.91085],[31.681523,29.910205],[31.683298,29.910038],[31.685813,29.910012],[31.686226,29.910053],[31.686634,29.910117],[31.687036,29.910205],[31.687431,29.910316],[31.687817,29.91045],[31.688191,29.910606],[31.688553,29.910783],[31.6889,29.91098],[31.689231,29.911198],[31.689545,29.911434],[31.689841,29.911688],[31.690116,29.911958],[31.69037,29.912244],[31.690602,29.912544],[31.69081,29.912856],[31.690994,29.91318],[31.691153,29.913514],[31.691285,29.913857],[31.691392,29.914206],[31.691471,29.914561],[31.691523,29.914919],[31.691936,29.919599],[31.691657,29.923378],[31.690546,29.927969],[31.6898,29.929313],[31.688664,29.930431],[31.687222,29.931239],[31.685942,29.931627],[31.686138,29.932322],[31.68599,29.932674],[31.685703,29.932937],[31.685896,29.935775],[31.685513,29.937586],[31.684055,29.939773],[31.682788,29.942049],[31.681718,29.944401],[31.680851,29.946815],[31.680192,29.949278],[31.679745,29.951777],[31.679512,29.954299],[31.678155,29.955825],[31.676679,29.957265],[31.675093,29.958613],[31.673402,29.959861],[31.671615,29.961004],[31.669742,29.962036],[31.667791,29.962952],[31.665771,29.963747],[31.663693,29.964418],[31.661566,29.964962],[31.659401,29.965376],[31.657208,29.965658],[31.654998,29.965806],[31.652781,29.96582],[31.650568,29.9657],[31.648371,29.965446],[31.646199,29.96506],[31.644063,29.964543],[31.641974,29.963898],[31.639941,29.963128],[31.637975,29.962237],[31.636085,29.961229],[31.634279,29.960109],[31.630693,29.957385],[31.630873,29.957599],[31.631089,29.962718],[31.631603,29.966104],[31.633001,29.971817],[31.635018,29.978816],[31.636242,29.982048],[31.637741,29.98519],[31.642271,29.99269],[31.653298,29.992634],[31.655203,29.992481],[31.657379,29.992048],[31.657842,29.992566],[31.658167,29.993174],[31.658371,29.994162],[31.658224,29.995057],[31.658587,29.995583],[31.65865,29.995956],[31.658986,29.996178],[31.662026,30.003788],[31.662034,30.00415],[31.661819,30.004462],[31.661448,30.004627],[31.649844,30.005692],[31.652567,30.010501],[31.685905,30.007448],[31.688991,30.006974],[31.692551,30.006067],[31.69603,30.004778],[31.701913,30.001675],[31.704284,30.00004],[31.690784,29.97622],[31.684791,29.966552],[31.682659,29.958735],[31.683686,29.949079],[31.684767,29.945316],[31.689364,29.937992],[31.691962,29.933162],[31.693865,29.929442],[31.695281,29.925437],[31.695978,29.919711],[31.694337,29.906457]],[[31.662278,29.965616],[31.669538,29.973558],[31.669606,29.973765],[31.669488,29.973947],[31.66572,29.976559],[31.660855,29.979888],[31.6606,29.979945],[31.658061,29.977299],[31.653327,29.972011],[31.652763,29.97105],[31.652419,29.970067],[31.65227,29.969012],[31.652339,29.967976],[31.652565,29.966823],[31.653346,29.96637],[31.657581,29.96615],[31.66198,29.965469],[31.662278,29.965616]],[[31.679591,29.976935],[31.679937,29.976896],[31.680368,29.976606],[31.682547,29.979021],[31.679632,29.981014],[31.677467,29.978613],[31.678764,29.977725],[31.678981,29.977287],[31.679591,29.976935]],[[31.684824,29.98081],[31.680771,29.976317],[31.681492,29.975819],[31.681635,29.975491],[31.682556,29.974832],[31.68313,29.974729],[31.683406,29.974894],[31.688386,29.980415],[31.687498,29.980017],[31.686583,29.979963],[31.685742,29.980203],[31.684824,29.98081]],[[31.679381,29.971155],[31.678962,29.968002],[31.681505,29.967778],[31.681334,29.969158],[31.680969,29.970405],[31.680592,29.971156],[31.679381,29.971155]],[[31.683385,29.99344],[31.682653,29.992876],[31.68379,29.991675],[31.68464,29.990336],[31.685036,29.989353],[31.68534,29.987813],[31.685261,29.986051],[31.684939,29.984804],[31.684345,29.983584],[31.683443,29.982375],[31.684537,29.981571],[31.685178,29.982444],[31.685269,29.983397],[31.685157,29.984367],[31.685598,29.986293],[31.685666,29.988019],[31.685448,29.989199],[31.685107,29.99017],[31.68457,29.991195],[31.683643,29.992479],[31.683385,29.99344]],[[31.679981,29.99278],[31.681357,29.994368],[31.681637,29.994857],[31.682207,29.995359],[31.683319,29.997021],[31.683631,29.997281],[31.682278,29.998628],[31.680738,29.999854],[31.678489,30.001261],[31.677258,30.001879],[31.6755,30.002582],[31.673665,30.003144],[31.672372,30.003424],[31.66712,30.004042],[31.663933,30.004296],[31.663253,30.004146],[31.662649,30.00343],[31.660453,29.997906],[31.659542,29.996098],[31.65833,29.992658],[31.658403,29.992102],[31.658847,29.991311],[31.660911,29.990002],[31.67135,29.982822],[31.671864,29.982222],[31.673248,29.983891],[31.673405,29.984352],[31.675404,29.986912],[31.675952,29.987304],[31.676648,29.988194],[31.679981,29.99278]],[[31.689789,29.999742],[31.690803,29.998893],[31.692201,30.000041],[31.691121,30.000946],[31.689789,29.999742]],[[31.68334,29.994773],[31.683623,29.994442],[31.68382,29.993924],[31.684678,29.993842],[31.685654,29.994686],[31.684407,29.995759],[31.68334,29.994773]],[[31.682348,29.993608],[31.68269,29.994227],[31.681685,29.994787],[31.681111,29.994015],[31.682283,29.993234],[31.682512,29.993486],[31.682348,29.993608]],[[31.673614,30.007733],[31.671737,30.00789],[31.671555,30.006622],[31.673477,30.006421],[31.673614,30.007733]]],[[[31.706818,30.185844],[31.707822,30.179252],[31.704166,30.179683],[31.703361,30.180589],[31.697525,30.181389],[31.698705,30.17844],[31.705919,30.177432],[31.710637,30.1765],[31.710716,30.177188],[31.710379,30.17893],[31.71173,30.178759],[31.710553,30.184406],[31.713747,30.183177],[31.736215,30.179853],[31.742842,30.172596],[31.744246,30.171478],[31.746066,30.170339],[31.748381,30.169151],[31.750348,30.168479],[31.75224,30.168013],[31.75666,30.16737],[31.75933,30.167597],[31.762121,30.168019],[31.764832,30.168649],[31.766553,30.169273],[31.770803,30.170105],[31.773699,30.170224],[31.775778,30.170147],[31.775752,30.169183],[31.775208,30.168164],[31.773395,30.166683],[31.773049,30.166241],[31.771875,30.163403],[31.77049,30.163247],[31.756349,30.162577],[31.751596,30.163666],[31.752389,30.16612],[31.723761,30.17232],[31.724322,30.174872],[31.723288,30.17448],[31.722182,30.174288],[31.720315,30.174432],[31.719654,30.174607],[31.719857,30.17585],[31.714236,30.177066],[31.713449,30.17457],[31.704515,30.176519],[31.69265,30.178039],[31.690582,30.182507],[31.693265,30.182043],[31.694461,30.179162],[31.697296,30.178809],[31.692533,30.191341],[31.706818,30.185844]],[[31.728131,30.179371],[31.72757,30.173314],[31.727725,30.172851],[31.728115,30.172508],[31.73201,30.171693],[31.732512,30.171965],[31.732778,30.171955],[31.735566,30.171369],[31.736062,30.171145],[31.736375,30.170742],[31.742219,30.169213],[31.742553,30.170648],[31.736137,30.177329],[31.734969,30.177097],[31.734768,30.177101],[31.734568,30.177117],[31.73437,30.177145],[31.734174,30.177185],[31.733982,30.177237],[31.733795,30.177301],[31.733614,30.177376],[31.733439,30.177462],[31.733271,30.177558],[31.733111,30.177664],[31.732961,30.17778],[31.73282,30.177905],[31.73269,30.178038],[31.732571,30.178179],[31.732463,30.178326],[31.732368,30.17848],[31.732285,30.178639],[31.732216,30.178803],[31.732159,30.178971],[31.732117,30.179141],[31.732088,30.179314],[31.728131,30.179371]]],[[[31.719744,30.24088],[31.729963,30.226789],[31.720665,30.221538],[31.721805,30.220089],[31.707544,30.211404],[31.704827,30.214413],[31.724354,30.226273],[31.721418,30.230065],[31.722096,30.230787],[31.718402,30.23475],[31.698713,30.221181],[31.695808,30.224412],[31.719744,30.24088]]],[[[31.699818,29.954319],[31.705125,29.942529],[31.740833,29.948328],[31.742735,29.944211],[31.745084,29.937615],[31.746089,29.933908],[31.746732,29.930141],[31.747546,29.923288],[31.747702,29.918768],[31.747477,29.915382],[31.746199,29.905064],[31.732526,29.906376],[31.723322,29.906096],[31.694337,29.906457],[31.695978,29.919711],[31.695281,29.925437],[31.693865,29.929442],[31.691962,29.933162],[31.689364,29.937992],[31.684767,29.945316],[31.683686,29.949079],[31.682659,29.958735],[31.684791,29.966552],[31.690784,29.97622],[31.704284,30.00004],[31.707301,29.997683],[31.709934,29.9952],[31.718167,29.985554],[31.720572,29.983392],[31.71852,29.981517],[31.714315,29.978245],[31.70989,29.974377],[31.70869,29.973596],[31.707549,29.97275],[31.706473,29.971843],[31.705464,29.970877],[31.704529,29.969858],[31.70367,29.968789],[31.70289,29.967675],[31.7006,29.963786],[31.700199,29.962976],[31.699862,29.962143],[31.699589,29.961294],[31.699382,29.96043],[31.699242,29.959556],[31.699169,29.958675],[31.699164,29.957793],[31.699227,29.956912],[31.699358,29.956037],[31.699555,29.955171],[31.699818,29.954319]]],[[[31.658685,29.906836],[31.694337,29.906457],[31.693324,29.898274],[31.692548,29.888079],[31.691798,29.882837],[31.68934,29.877881],[31.687396,29.875213],[31.66205,29.875907],[31.659841,29.877839],[31.658251,29.879017],[31.656576,29.880102],[31.653782,29.881595],[31.650925,29.8827],[31.64704,29.883824],[31.641193,29.884939],[31.639883,29.88505],[31.638567,29.885005],[31.628018,29.883742],[31.627481,29.883745],[31.626946,29.883776],[31.626413,29.883836],[31.625886,29.883924],[31.625366,29.88404],[31.624855,29.884183],[31.624355,29.884354],[31.623869,29.884551],[31.623397,29.884774],[31.625408,29.886564],[31.632522,29.892364],[31.630979,29.892949],[31.634032,29.898101],[31.637707,29.896428],[31.64153,29.899424],[31.64182,29.90283],[31.642835,29.911077],[31.649247,29.907695],[31.653277,29.907202],[31.658685,29.906836]],[[31.647051,29.902136],[31.651038,29.902163],[31.651073,29.905809],[31.649239,29.906093],[31.647957,29.906582],[31.647177,29.907029],[31.647051,29.902136]],[[31.652033,29.90447],[31.651917,29.89716],[31.656488,29.897234],[31.656336,29.904442],[31.652033,29.90447]],[[31.658506,29.903601],[31.658444,29.890702],[31.658611,29.890298],[31.658943,29.889982],[31.659634,29.889771],[31.664347,29.889771],[31.664798,29.889939],[31.665079,29.890446],[31.664974,29.897231],[31.665156,29.898408],[31.670589,29.898386],[31.670495,29.890466],[31.670735,29.889964],[31.671246,29.889743],[31.681851,29.889622],[31.681593,29.883185],[31.681746,29.882777],[31.682059,29.882516],[31.682534,29.882402],[31.686767,29.882448],[31.687254,29.882682],[31.687375,29.883006],[31.687357,29.888674],[31.687215,29.889395],[31.687363,29.890298],[31.68731,29.892243],[31.686911,29.892921],[31.686778,29.893673],[31.686969,29.89526],[31.687032,29.901413],[31.686789,29.90215],[31.686116,29.902823],[31.685166,29.903157],[31.673382,29.903265],[31.672405,29.903041],[31.671921,29.903168],[31.671556,29.903545],[31.668186,29.903523],[31.667773,29.9032],[31.667799,29.90268],[31.667192,29.903185],[31.666911,29.903282],[31.665314,29.903467],[31.665232,29.902258],[31.659987,29.903715],[31.659304,29.903774],[31.658506,29.903601]]],[[[31.752957,30.00776],[31.753092,30.006834],[31.753062,30.005434],[31.752587,30.003616],[31.752667,29.993983],[31.752983,29.990532],[31.751719,29.990191],[31.750838,29.989397],[31.749895,29.988659],[31.748894,29.987981],[31.747841,29.987367],[31.74674,29.986818],[31.745597,29.986339],[31.744419,29.985932],[31.74321,29.985598],[31.741977,29.985339],[31.740727,29.985157],[31.739464,29.985052],[31.738196,29.985026],[31.73693,29.985077],[31.73567,29.985206],[31.734424,29.985413],[31.733199,29.985696],[31.731999,29.986053],[31.730831,29.986484],[31.729701,29.986985],[31.728615,29.987555],[31.727578,29.98819],[31.726595,29.988887],[31.725671,29.989643],[31.725325,29.990159],[31.726545,29.992743],[31.727292,29.994735],[31.728958,29.993623],[31.731604,29.996017],[31.729285,29.998955],[31.729826,29.999533],[31.730197,29.999747],[31.730551,29.99998],[31.730889,30.000233],[31.731207,30.000502],[31.731506,30.000789],[31.731785,30.001091],[31.732041,30.001407],[31.732274,30.001737],[31.732483,30.002078],[31.732668,30.002431],[31.732827,30.002792],[31.73296,30.003161],[31.733067,30.003537],[31.733065,30.003805],[31.733042,30.004073],[31.732997,30.004338],[31.732932,30.004601],[31.732847,30.004859],[31.732741,30.005111],[31.732616,30.005356],[31.732471,30.005593],[31.732309,30.005821],[31.732128,30.006038],[31.731931,30.006245],[31.731718,30.006439],[31.731491,30.00662],[31.731249,30.006787],[31.730995,30.006939],[31.73073,30.007075],[31.730454,30.007196],[31.73017,30.007299],[31.729878,30.007385],[31.729968,30.007827],[31.752957,30.00776]]],[[[31.715413,30.018303],[31.714929,30.016912],[31.715039,30.015847],[31.715607,30.014898],[31.717053,30.013727],[31.717533,30.01262],[31.717367,30.011447],[31.717189,30.011276],[31.717025,30.011095],[31.716875,30.010905],[31.71674,30.010706],[31.716621,30.010501],[31.716518,30.010288],[31.716432,30.01007],[31.716363,30.009848],[31.716311,30.009621],[31.716277,30.009393],[31.716261,30.009163],[31.716263,30.008932],[31.716282,30.008702],[31.71632,30.008474],[31.716374,30.008248],[31.716447,30.008027],[31.716536,30.00781],[31.727292,29.994735],[31.726545,29.992743],[31.725325,29.990159],[31.721372,29.995873],[31.720183,29.997279],[31.718911,29.998628],[31.717558,29.999916],[31.716129,30.001141],[31.714628,30.002298],[31.713058,30.003384],[31.711424,30.004396],[31.711218,30.004232],[31.707301,29.997683],[31.704284,30.00004],[31.714969,30.01832],[31.715413,30.018303]]],[[[31.322191,29.666837],[31.323072,29.666421],[31.324703,29.666478],[31.325436,29.666349],[31.319614,29.656711],[31.318894,29.664949],[31.318922,29.665737],[31.319412,29.665887],[31.319275,29.666745],[31.31997,29.666861],[31.320004,29.667291],[31.322104,29.666709],[31.322191,29.666837]]],[[[31.321772,29.677601],[31.326947,29.674683],[31.327645,29.675855],[31.326956,29.676205],[31.32703,29.676613],[31.327968,29.676496],[31.328176,29.676568],[31.327362,29.673349],[31.325143,29.673584],[31.325341,29.674489],[31.323013,29.67494],[31.322822,29.674002],[31.319892,29.674447],[31.319989,29.674948],[31.319629,29.676842],[31.319799,29.677774],[31.321772,29.677601]]],[[[31.791555,30.167186],[31.793067,30.166532],[31.794687,30.165576],[31.796433,30.164484],[31.798539,30.162882],[31.800679,30.160563],[31.801523,30.159403],[31.80277,30.156948],[31.803549,30.154907],[31.804154,30.152033],[31.805509,30.143127],[31.805755,30.140959],[31.805835,30.138519],[31.804847,30.127787],[31.801478,30.099528],[31.734111,30.106502],[31.751209,30.115089],[31.751701,30.119246],[31.754723,30.12031],[31.752916,30.123157],[31.749722,30.121623],[31.74892,30.123155],[31.755092,30.126327],[31.757029,30.127073],[31.755063,30.132774],[31.754255,30.134753],[31.753472,30.135435],[31.75161,30.136073],[31.750152,30.135947],[31.750162,30.136044],[31.748746,30.136257],[31.747746,30.136609],[31.74656,30.137312],[31.745285,30.138604],[31.744808,30.138133],[31.744371,30.137634],[31.743975,30.137111],[31.743622,30.136564],[31.743314,30.135997],[31.743052,30.135413],[31.742838,30.134815],[31.742672,30.134204],[31.742556,30.133586],[31.742491,30.132961],[31.742475,30.132335],[31.742815,30.12957],[31.743355,30.127486],[31.744251,30.125394],[31.74558,30.123215],[31.740622,30.124054],[31.735591,30.125237],[31.731968,30.126299],[31.726808,30.128129],[31.734286,30.132876],[31.734392,30.13472],[31.736046,30.134595],[31.736175,30.135734],[31.741735,30.135514],[31.742319,30.138184],[31.743402,30.139589],[31.764631,30.153941],[31.766586,30.156884],[31.766912,30.157885],[31.767319,30.158864],[31.767806,30.159815],[31.76837,30.160733],[31.769007,30.161614],[31.769715,30.162454],[31.77049,30.163247],[31.771875,30.163403],[31.773049,30.166241],[31.773395,30.166683],[31.77509,30.168039],[31.775504,30.168574],[31.775785,30.169342],[31.775778,30.170147],[31.7854,30.168678],[31.788921,30.167924],[31.791555,30.167186]],[[31.781986,30.162057],[31.788823,30.158755],[31.789203,30.158979],[31.791047,30.162571],[31.78618,30.164422],[31.787005,30.166266],[31.785378,30.166717],[31.781986,30.162057]],[[31.779011,30.145215],[31.783997,30.160604],[31.781474,30.160236],[31.772724,30.147743],[31.771534,30.148176],[31.771196,30.148788],[31.766885,30.152498],[31.760334,30.147586],[31.761196,30.146598],[31.752874,30.1413],[31.756133,30.137654],[31.75447,30.136707],[31.757476,30.133561],[31.757162,30.133001],[31.757148,30.132467],[31.758085,30.13095],[31.757474,30.130581],[31.759281,30.126664],[31.760325,30.122223],[31.760439,30.120143],[31.774566,30.120122],[31.774044,30.12684],[31.773627,30.128501],[31.773096,30.130137],[31.772454,30.131742],[31.771703,30.133311],[31.770845,30.134838],[31.769883,30.136318],[31.768822,30.137745],[31.764512,30.142731],[31.768054,30.14514],[31.769641,30.143379],[31.774133,30.146414],[31.775004,30.145592],[31.779011,30.145215]],[[31.772202,30.135412],[31.77246,30.135991],[31.77276,30.136556],[31.773099,30.137103],[31.773477,30.137631],[31.773893,30.138137],[31.774344,30.138619],[31.774829,30.139076],[31.775346,30.139505],[31.775893,30.139906],[31.773599,30.142396],[31.769142,30.139531],[31.768949,30.139265],[31.769005,30.138982],[31.769831,30.137901],[31.771489,30.135076],[31.771716,30.134941],[31.772015,30.134972],[31.772208,30.135173],[31.772202,30.135412]],[[31.785426,30.130863],[31.785118,30.130606],[31.784793,30.130366],[31.784451,30.130145],[31.784093,30.129942],[31.783722,30.12976],[31.783338,30.129598],[31.782943,30.129457],[31.782539,30.129339],[31.782127,30.129242],[31.781709,30.129168],[31.781287,30.129118],[31.780862,30.12909],[31.780435,30.129086],[31.779411,30.129291],[31.778454,30.129669],[31.777601,30.130203],[31.775166,30.129452],[31.775034,30.129034],[31.77565,30.12737],[31.774829,30.127123],[31.775545,30.122932],[31.791704,30.122803],[31.792284,30.123232],[31.792827,30.123696],[31.793331,30.124192],[31.793794,30.124718],[31.794212,30.125271],[31.794585,30.125849],[31.79491,30.126448],[31.795185,30.127065],[31.795409,30.127698],[31.795581,30.128342],[31.7957,30.128996],[31.795766,30.129656],[31.795777,30.130318],[31.795735,30.130979],[31.795639,30.131636],[31.79549,30.132285],[31.795288,30.132923],[31.791862,30.132355],[31.791672,30.132734],[31.791451,30.133101],[31.791201,30.133453],[31.790922,30.133789],[31.790617,30.134107],[31.790287,30.134406],[31.789934,30.134683],[31.789558,30.134938],[31.789163,30.135169],[31.78875,30.135376],[31.788321,30.135556],[31.787879,30.135709],[31.787425,30.135835],[31.787145,30.136042],[31.786883,30.136266],[31.786639,30.136504],[31.786414,30.136757],[31.786211,30.137023],[31.78603,30.137301],[31.785871,30.137589],[31.785736,30.137886],[31.785625,30.138191],[31.785539,30.138501],[31.785478,30.138816],[31.785443,30.139134],[31.785433,30.139453],[31.785448,30.139772],[31.78549,30.14009],[31.785557,30.140404],[31.785648,30.140713],[31.781591,30.141213],[31.781429,30.13763],[31.781778,30.13758],[31.782124,30.13751],[31.782463,30.13742],[31.782794,30.137311],[31.783116,30.137182],[31.783428,30.137035],[31.783728,30.136871],[31.784014,30.13669],[31.784286,30.136492],[31.784542,30.136279],[31.784781,30.136052],[31.785003,30.135811],[31.785205,30.135558],[31.785388,30.135294],[31.785549,30.13502],[31.78569,30.134737],[31.785808,30.134447],[31.785904,30.13415],[31.785977,30.133849],[31.786027,30.133544],[31.786053,30.133237],[31.786056,30.132929],[31.786035,30.132621],[31.785991,30.132315],[31.785923,30.132013],[31.785832,30.131715],[31.785718,30.131423],[31.785583,30.131139],[31.785426,30.130863]],[[31.792071,30.12138],[31.792781,30.113865],[31.799535,30.11303],[31.799823,30.118266],[31.797052,30.118527],[31.797348,30.12128],[31.792071,30.12138]],[[31.758338,30.121626],[31.756745,30.121592],[31.756706,30.120254],[31.758145,30.12042],[31.758338,30.121626]],[[31.753719,30.138746],[31.753135,30.139385],[31.752552,30.138983],[31.753137,30.138344],[31.753719,30.138746]],[[31.792919,30.112055],[31.793471,30.10618],[31.798597,30.108777],[31.798948,30.111044],[31.792919,30.112055]],[[31.776593,30.108961],[31.773883,30.109243],[31.773227,30.10447],[31.775936,30.104188],[31.776593,30.108961]]],[[[31.558623,30.329631],[31.562587,30.321731],[31.56307,30.321902],[31.562737,30.322665],[31.566649,30.323882],[31.566002,30.325426],[31.569938,30.326675],[31.5693,30.328228],[31.573254,30.329484],[31.575553,30.324109],[31.576662,30.32334],[31.574146,30.320377],[31.572192,30.321703],[31.571294,30.321369],[31.570778,30.320532],[31.570356,30.320805],[31.56886,30.320702],[31.566644,30.321719],[31.56535,30.321428],[31.565772,30.321938],[31.56424,30.321282],[31.563261,30.321262],[31.562882,30.321147],[31.565199,30.316408],[31.569139,30.307806],[31.568688,30.308133],[31.566507,30.310403],[31.565349,30.312153],[31.563445,30.31592],[31.557469,30.328406],[31.558623,30.329631]]],[[[31.635362,30.340273],[31.716011,30.260281],[31.716324,30.25995],[31.71661,30.259601],[31.716867,30.259236],[31.717095,30.258856],[31.717292,30.258464],[31.717457,30.258061],[31.717589,30.257649],[31.717688,30.257229],[31.717754,30.256805],[31.717786,30.256378],[31.717783,30.25595],[31.716754,30.249748],[31.716586,30.249274],[31.716453,30.248792],[31.716356,30.248304],[31.716297,30.247811],[31.716275,30.247316],[31.71629,30.246821],[31.716342,30.246327],[31.716431,30.245838],[31.716557,30.245355],[31.716718,30.24488],[31.716916,30.244415],[31.717147,30.243962],[31.717413,30.243523],[31.719744,30.24088],[31.695808,30.224412],[31.666652,30.256809],[31.650862,30.274059],[31.635552,30.291078],[31.633876,30.292655],[31.631429,30.294095],[31.629104,30.295087],[31.626841,30.295777],[31.625075,30.296048],[31.620001,30.295959],[31.606918,30.310648],[31.618075,30.309692],[31.600882,30.328846],[31.607477,30.333508],[31.61692,30.322535],[31.628042,30.3301],[31.618132,30.341038],[31.624659,30.341149],[31.627826,30.341088],[31.631611,30.340793],[31.635362,30.340273]],[[31.672494,30.291217],[31.67386,30.289822],[31.675903,30.29137],[31.672686,30.294449],[31.671542,30.293582],[31.673336,30.291989],[31.672494,30.291217]],[[31.677506,30.291449],[31.674696,30.289337],[31.678373,30.285937],[31.681267,30.288014],[31.677506,30.291449]],[[31.670572,30.254695],[31.673152,30.251784],[31.676741,30.253582],[31.674629,30.256039],[31.671739,30.256126],[31.670759,30.25547],[31.670572,30.254695]],[[31.709815,30.24581],[31.712365,30.243006],[31.714453,30.244438],[31.711903,30.247241],[31.709815,30.24581]],[[31.703576,30.237661],[31.702398,30.23901],[31.699539,30.237127],[31.700613,30.235709],[31.703576,30.237661],[31.704059,30.237071],[31.707173,30.239293],[31.705157,30.242024],[31.704583,30.241634],[31.702144,30.244127],[31.699925,30.245069],[31.699557,30.245061],[31.698649,30.244172],[31.698481,30.24365],[31.703576,30.237661]]],[[[31.518213,30.338663],[31.522913,30.329612],[31.519937,30.327404],[31.516553,30.335661],[31.513907,30.335176],[31.516429,30.324801],[31.515217,30.323902],[31.512425,30.331543],[31.510929,30.331132],[31.513923,30.322942],[31.506478,30.317417],[31.503759,30.323553],[31.502407,30.327325],[31.500916,30.333211],[31.500297,30.3376],[31.510939,30.342337],[31.512539,30.340278],[31.518213,30.338663]]]]}},{"type":"Feature","properties":{"landuse_value":0,"landuse_code":0,"landuse_label":"زراعي","source_feature_count":65,"area_km2":147.081951},"geometry":{"type":"MultiPolygon","coordinates":[[[[31.532519,30.388438],[31.532829,30.387968],[31.533526,30.388314],[31.53376,30.387959],[31.53253,30.387348],[31.532958,30.386369],[31.534567,30.386924],[31.535025,30.386243],[31.536999,30.387469],[31.543767,30.378956],[31.542575,30.37818],[31.542322,30.378535],[31.541129,30.378176],[31.5413,30.377796],[31.54167,30.377919],[31.541838,30.377718],[31.541067,30.376814],[31.540223,30.376387],[31.53959,30.377305],[31.539181,30.377093],[31.539773,30.376235],[31.538805,30.375733],[31.539337,30.374962],[31.538026,30.374282],[31.539103,30.37272],[31.536906,30.37158],[31.535088,30.374215],[31.534301,30.373807],[31.536454,30.370686],[31.535858,30.370377],[31.536867,30.368915],[31.537746,30.36937],[31.539342,30.367056],[31.539468,30.367121],[31.538949,30.36571],[31.539914,30.362971],[31.540002,30.36229],[31.540367,30.361793],[31.54083,30.361508],[31.541491,30.361372],[31.542051,30.361447],[31.542863,30.360139],[31.541552,30.359494],[31.545137,30.353862],[31.541798,30.351819],[31.540785,30.353298],[31.541704,30.353652],[31.540279,30.356214],[31.541462,30.356628],[31.539307,30.359354],[31.531894,30.35667],[31.530355,30.358735],[31.528835,30.357882],[31.530313,30.3559],[31.526448,30.353733],[31.525134,30.355495],[31.517575,30.351255],[31.51818,30.350443],[31.5133,30.347706],[31.511837,30.349667],[31.510284,30.348796],[31.509793,30.349453],[31.500191,30.344064],[31.500463,30.34852],[31.501087,30.352383],[31.499833,30.354789],[31.492012,30.364797],[31.497641,30.369633],[31.498079,30.369112],[31.499485,30.369427],[31.499195,30.370379],[31.501761,30.371393],[31.502225,30.370324],[31.504139,30.371151],[31.503817,30.371953],[31.505429,30.37233],[31.505707,30.372154],[31.508165,30.373495],[31.50795,30.374],[31.506071,30.373143],[31.504348,30.375395],[31.507387,30.378005],[31.508211,30.377256],[31.507735,30.376832],[31.507903,30.376682],[31.507309,30.376255],[31.507427,30.376055],[31.506865,30.375729],[31.506725,30.375909],[31.506168,30.375606],[31.506364,30.375399],[31.507072,30.37555],[31.506987,30.375692],[31.50737,30.37583],[31.507303,30.37593],[31.507554,30.376062],[31.507654,30.375967],[31.508207,30.376208],[31.508275,30.376098],[31.508416,30.376191],[31.508294,30.376331],[31.508977,30.376651],[31.50905,30.376532],[31.509269,30.376625],[31.5092,30.376806],[31.509363,30.376956],[31.509184,30.377159],[31.509989,30.377823],[31.509871,30.377979],[31.510331,30.378481],[31.510181,30.378584],[31.509848,30.378199],[31.509396,30.378552],[31.508644,30.378156],[31.508168,30.378676],[31.511262,30.381334],[31.511468,30.381011],[31.51123,30.380912],[31.511265,30.38079],[31.51163,30.38092],[31.51196,30.380394],[31.511641,30.380215],[31.511717,30.380097],[31.511915,30.380153],[31.512029,30.379925],[31.5118,30.379815],[31.51207,30.37941],[31.51228,30.379481],[31.512349,30.37931],[31.512205,30.379244],[31.512674,30.378551],[31.513154,30.378728],[31.513374,30.378408],[31.512936,30.378167],[31.513468,30.377396],[31.513919,30.377612],[31.514442,30.376877],[31.514213,30.376756],[31.51426,30.376646],[31.514522,30.376774],[31.51487,30.376155],[31.514632,30.376081],[31.514743,30.375853],[31.514628,30.37578],[31.514494,30.375936],[31.514129,30.375749],[31.514002,30.375927],[31.513895,30.375904],[31.513992,30.375758],[31.513582,30.375585],[31.513325,30.375905],[31.513231,30.375853],[31.51363,30.375392],[31.513207,30.375255],[31.512994,30.375446],[31.512858,30.375376],[31.513047,30.3752],[31.512476,30.375],[31.512383,30.375145],[31.512117,30.374971],[31.511942,30.37509],[31.51184,30.374992],[31.511988,30.374779],[31.514666,30.375709],[31.515054,30.375179],[31.515181,30.375249],[31.515349,30.375057],[31.515571,30.375167],[31.515739,30.374937],[31.515305,30.374724],[31.515187,30.374841],[31.514794,30.374614],[31.515055,30.374281],[31.515941,30.374706],[31.516272,30.374155],[31.516013,30.374052],[31.516085,30.373934],[31.516372,30.374066],[31.516554,30.373786],[31.516086,30.373591],[31.516154,30.37348],[31.516634,30.373697],[31.517009,30.373161],[31.516669,30.373017],[31.516767,30.372825],[31.517165,30.372973],[31.517511,30.372461],[31.517216,30.37235],[31.517335,30.372122],[31.517684,30.372234],[31.518027,30.371675],[31.517563,30.371495],[31.517754,30.371182],[31.518266,30.371424],[31.518968,30.370336],[31.5185,30.370155],[31.518686,30.369857],[31.519087,30.37009],[31.51918,30.369962],[31.518737,30.36975],[31.51883,30.369608],[31.519289,30.369845],[31.519776,30.369074],[31.519394,30.368908],[31.519531,30.368631],[31.519969,30.368836],[31.52048,30.36809],[31.520086,30.367928],[31.520213,30.367718],[31.520623,30.367913],[31.521062,30.367305],[31.52059,30.36711],[31.520797,30.366783],[31.521087,30.366891],[31.522374,30.364424],[31.528566,30.367126],[31.527176,30.369098],[31.523869,30.366625],[31.522264,30.366249],[31.520754,30.368021],[31.521181,30.368184],[31.520776,30.368731],[31.520371,30.368504],[31.52013,30.368852],[31.520376,30.368977],[31.520179,30.3692],[31.520392,30.369278],[31.520336,30.369428],[31.519951,30.369259],[31.519801,30.369611],[31.519932,30.369659],[31.519847,30.36982],[31.51948,30.370095],[31.51932,30.370014],[31.519082,30.370427],[31.519316,30.370519],[31.518983,30.370977],[31.519287,30.371095],[31.519181,30.371252],[31.518669,30.371006],[31.518564,30.371141],[31.51874,30.371218],[31.518615,30.371854],[31.518159,30.371677],[31.518027,30.371965],[31.518811,30.372254],[31.51873,30.372396],[31.518554,30.372322],[31.5183,30.37272],[31.518177,30.372927],[31.518387,30.373004],[31.517786,30.37395],[31.517228,30.373711],[31.517164,30.373832],[31.516783,30.373677],[31.516618,30.37394],[31.517016,30.374092],[31.516934,30.374323],[31.518134,30.374782],[31.518347,30.37434],[31.518454,30.374356],[31.518588,30.374155],[31.518434,30.37409],[31.518523,30.373882],[31.518879,30.373997],[31.519057,30.373593],[31.51956,30.373793],[31.519455,30.37395],[31.519256,30.373888],[31.519177,30.374087],[31.51891,30.374],[31.518338,30.374833],[31.518509,30.3749],[31.518377,30.375122],[31.518575,30.375211],[31.518455,30.375397],[31.518058,30.375259],[31.517948,30.375487],[31.51816,30.375588],[31.517963,30.375884],[31.517693,30.375777],[31.517573,30.37596],[31.517733,30.376015],[31.517665,30.376157],[31.517517,30.376106],[31.517391,30.376287],[31.517657,30.376412],[31.517519,30.376564],[31.517716,30.376638],[31.51783,30.376471],[31.518644,30.376706],[31.518508,30.376948],[31.520447,30.377611],[31.52035,30.377753],[31.519076,30.377359],[31.519156,30.377231],[31.518499,30.37703],[31.518384,30.377233],[31.51822,30.377166],[31.517909,30.377793],[31.517802,30.37776],[31.517457,30.378196],[31.517584,30.378244],[31.517511,30.378412],[31.51707,30.378342],[31.516918,30.37862],[31.517201,30.378755],[31.517065,30.378976],[31.5175,30.379135],[31.517394,30.37932],[31.516488,30.379177],[31.516391,30.379326],[31.516691,30.379434],[31.51661,30.379583],[31.516264,30.379497],[31.51598,30.379988],[31.51616,30.380083],[31.516121,30.380218],[31.515663,30.380711],[31.515707,30.380862],[31.515444,30.380759],[31.515292,30.380993],[31.515439,30.381056],[31.51537,30.381284],[31.515144,30.381181],[31.514891,30.381554],[31.515059,30.381632],[31.514949,30.381809],[31.51483,30.381761],[31.51477,30.381918],[31.514942,30.381978],[31.514836,30.382191],[31.515275,30.382347],[31.515216,30.382475],[31.514589,30.382396],[31.514437,30.382641],[31.514601,30.382704],[31.514542,30.382789],[31.514069,30.382659],[31.514132,30.38257],[31.51375,30.38243],[31.51396,30.381923],[31.514186,30.381987],[31.514339,30.381738],[31.514138,30.381635],[31.514223,30.381472],[31.514736,30.38166],[31.515234,30.380953],[31.515021,30.380872],[31.515076,30.380776],[31.515323,30.380861],[31.515463,30.380612],[31.515261,30.380538],[31.515388,30.380241],[31.515074,30.380138],[31.514948,30.380318],[31.514746,30.38022],[31.514714,30.380307],[31.514601,30.380261],[31.514731,30.380047],[31.514598,30.380004],[31.514538,30.380096],[31.514353,30.380022],[31.514225,30.380289],[31.51404,30.380221],[31.51421,30.379919],[31.513984,30.379851],[31.513851,30.380034],[31.513704,30.379967],[31.51382,30.379783],[31.513344,30.379611],[31.513224,30.379779],[31.51335,30.379849],[31.513195,30.380101],[31.51337,30.380148],[31.513271,30.380311],[31.512699,30.38011],[31.512617,30.380315],[31.512932,30.380411],[31.512818,30.380661],[31.512106,30.380438],[31.511957,30.380678],[31.513702,30.381175],[31.513665,30.381312],[31.513292,30.381203],[31.513235,30.381295],[31.511824,30.380846],[31.511668,30.381143],[31.512449,30.381403],[31.512416,30.381539],[31.511885,30.381381],[31.511683,30.381696],[31.514534,30.384143],[31.520221,30.386039],[31.520587,30.385035],[31.524592,30.386453],[31.524208,30.387367],[31.525189,30.387694],[31.525723,30.386794],[31.528766,30.388142],[31.529014,30.387667],[31.532519,30.388438]],[[31.528208,30.383134],[31.527313,30.382786],[31.526977,30.382051],[31.527069,30.381437],[31.527549,30.381342],[31.528054,30.380703],[31.527386,30.380108],[31.52694,30.378986],[31.527586,30.378907],[31.528239,30.379416],[31.528983,30.379367],[31.528841,30.378893],[31.529664,30.379102],[31.53101,30.378588],[31.530904,30.379073],[31.531209,30.37965],[31.532178,30.380019],[31.532653,30.380339],[31.532633,30.380539],[31.532333,30.380751],[31.532196,30.381384],[31.530406,30.383637],[31.529926,30.383675],[31.529925,30.383762],[31.52984,30.383788],[31.529754,30.38381],[31.529666,30.383826],[31.529577,30.383837],[31.529488,30.383842],[31.529398,30.383843],[31.529309,30.383838],[31.52922,30.383828],[31.529132,30.383813],[31.529045,30.383792],[31.52896,30.383767],[31.528877,30.383737],[31.528797,30.383702],[31.52872,30.383662],[31.528646,30.383618],[31.528576,30.38357],[31.528509,30.383517],[31.528447,30.383461],[31.528389,30.383402],[31.528336,30.383339],[31.528288,30.383273],[31.528245,30.383205],[31.528208,30.383134]],[[31.533895,30.372718],[31.531529,30.370758],[31.531992,30.370154],[31.53289,30.370881],[31.53433,30.369539],[31.535173,30.370118],[31.533895,30.372718]],[[31.518382,30.365317],[31.517319,30.366991],[31.516309,30.366509],[31.516005,30.366987],[31.514855,30.366438],[31.515879,30.364825],[31.512857,30.363382],[31.51206,30.364638],[31.511106,30.364182],[31.511317,30.36385],[31.508655,30.361594],[31.509006,30.361151],[31.508224,30.360545],[31.507663,30.361225],[31.507527,30.361104],[31.506932,30.361784],[31.505881,30.360896],[31.504556,30.360353],[31.50427,30.360291],[31.503023,30.360814],[31.501957,30.360802],[31.500794,30.360311],[31.502559,30.357437],[31.505017,30.358718],[31.506149,30.357636],[31.516178,30.362426],[31.51644,30.362014],[31.51763,30.362582],[31.517159,30.363323],[31.518285,30.363861],[31.517598,30.364943],[31.518382,30.365317]],[[31.510996,30.374568],[31.510884,30.374715],[31.510742,30.374632],[31.510447,30.375173],[31.510615,30.375385],[31.510238,30.375906],[31.510548,30.376124],[31.510726,30.376012],[31.510877,30.376262],[31.511107,30.376346],[31.510734,30.376604],[31.510522,30.376387],[31.510287,30.376647],[31.509901,30.376337],[31.509789,30.376474],[31.509605,30.376342],[31.509881,30.375821],[31.509728,30.375743],[31.509964,30.375445],[31.509855,30.375396],[31.509967,30.375235],[31.510224,30.375357],[31.510439,30.374973],[31.510188,30.374874],[31.510301,30.374627],[31.510569,30.37474],[31.51075,30.374465],[31.510996,30.374568]]],[[[31.557469,30.328406],[31.555301,30.326372],[31.554634,30.326795],[31.552037,30.323758],[31.547273,30.327716],[31.545814,30.325909],[31.547184,30.333731],[31.550112,30.336771],[31.548188,30.338469],[31.550004,30.34009],[31.553449,30.337108],[31.557469,30.328406]]],[[[31.59809,30.295224],[31.602717,30.295342],[31.603244,30.289174],[31.595441,30.288517],[31.595283,30.291858],[31.597927,30.291695],[31.59809,30.295224]]],[[[31.609556,30.295526],[31.617145,30.295909],[31.621744,30.29599],[31.622768,30.293678],[31.61035,30.292496],[31.609556,30.295526]]],[[[31.569139,30.307806],[31.565199,30.316408],[31.562882,30.321147],[31.563261,30.321262],[31.56424,30.321282],[31.565772,30.321938],[31.56535,30.321428],[31.566644,30.321719],[31.56886,30.320702],[31.570356,30.320805],[31.570778,30.320532],[31.571294,30.321369],[31.572192,30.321703],[31.574146,30.320377],[31.576662,30.32334],[31.575553,30.324109],[31.573254,30.329484],[31.5693,30.328228],[31.569938,30.326675],[31.566002,30.325426],[31.566649,30.323882],[31.562737,30.322665],[31.56307,30.321902],[31.562587,30.321731],[31.558623,30.329631],[31.557469,30.328406],[31.552687,30.338811],[31.552158,30.340868],[31.552227,30.34421],[31.553318,30.34784],[31.55517,30.35305],[31.555413,30.35482],[31.555343,30.356136],[31.554846,30.358506],[31.553338,30.361835],[31.560845,30.370687],[31.564749,30.365803],[31.569056,30.351355],[31.585397,30.312973],[31.593292,30.295174],[31.592118,30.295303],[31.589693,30.295852],[31.587631,30.296695],[31.572299,30.305521],[31.569139,30.307806]]],[[[31.577547,30.402409],[31.573422,30.398436],[31.566441,30.392774],[31.565705,30.392701],[31.564295,30.393139],[31.562628,30.392214],[31.561902,30.392898],[31.560946,30.392386],[31.562372,30.390946],[31.561474,30.390196],[31.561869,30.389556],[31.560942,30.388925],[31.561472,30.388498],[31.558056,30.385558],[31.556182,30.387742],[31.552721,30.385804],[31.552191,30.386444],[31.552954,30.386954],[31.551888,30.388279],[31.550401,30.387396],[31.548313,30.389894],[31.547383,30.389423],[31.547702,30.38895],[31.548408,30.389308],[31.54858,30.389054],[31.547896,30.388708],[31.548706,30.387506],[31.549503,30.38791],[31.550008,30.387162],[31.549677,30.386966],[31.550181,30.386422],[31.550862,30.386883],[31.551169,30.386648],[31.550706,30.386308],[31.557474,30.37946],[31.558209,30.379914],[31.560583,30.377183],[31.560934,30.37659],[31.561173,30.375726],[31.560845,30.370687],[31.559289,30.368853],[31.556117,30.372287],[31.555765,30.372309],[31.555411,30.372311],[31.555059,30.372293],[31.554708,30.372254],[31.554362,30.372195],[31.55402,30.372116],[31.553686,30.372018],[31.553359,30.3719],[31.553043,30.371764],[31.552738,30.37161],[31.552445,30.371439],[31.552166,30.371251],[31.551902,30.371047],[31.552361,30.370276],[31.549714,30.368567],[31.546113,30.375414],[31.544555,30.377934],[31.54103,30.382505],[31.535261,30.389609],[31.535707,30.389846],[31.535212,30.390547],[31.537205,30.391372],[31.537451,30.391088],[31.53938,30.391759],[31.539851,30.391172],[31.540135,30.391328],[31.539798,30.391783],[31.539994,30.391938],[31.539509,30.39247],[31.539777,30.392559],[31.540891,30.391626],[31.541218,30.391816],[31.540938,30.392177],[31.541506,30.392508],[31.54108,30.392995],[31.544524,30.394145],[31.546302,30.391774],[31.545619,30.391408],[31.545976,30.390907],[31.546494,30.391184],[31.546849,30.390686],[31.547403,30.390983],[31.546322,30.392276],[31.548866,30.393426],[31.547701,30.395289],[31.550393,30.396742],[31.553225,30.398902],[31.553561,30.398526],[31.554161,30.398962],[31.554522,30.398728],[31.554068,30.397736],[31.553976,30.396549],[31.553256,30.396852],[31.552841,30.395425],[31.552105,30.394571],[31.552083,30.394213],[31.552753,30.393599],[31.552073,30.393043],[31.551648,30.393826],[31.55132,30.393679],[31.552078,30.392685],[31.553985,30.394043],[31.554938,30.39401],[31.556019,30.394328],[31.556768,30.39393],[31.557751,30.394514],[31.557248,30.395034],[31.557957,30.395519],[31.556981,30.39632],[31.558861,30.397725],[31.556958,30.399781],[31.556004,30.399824],[31.555283,30.400121],[31.556005,30.400629],[31.555726,30.400885],[31.555966,30.401075],[31.556321,30.40068],[31.557642,30.40171],[31.557432,30.401922],[31.558454,30.402626],[31.559025,30.402202],[31.559979,30.402881],[31.559741,30.403141],[31.560407,30.403599],[31.560086,30.40395],[31.560943,30.404539],[31.560636,30.404875],[31.562075,30.40605],[31.562796,30.405572],[31.564014,30.406674],[31.563778,30.40687],[31.564511,30.407534],[31.564687,30.407388],[31.565916,30.408292],[31.566235,30.408019],[31.565329,30.407001],[31.565885,30.406664],[31.566797,30.40754],[31.567433,30.406997],[31.568736,30.408329],[31.577547,30.402409]],[[31.568345,30.402661],[31.567818,30.402035],[31.568707,30.401472],[31.569235,30.402098],[31.568345,30.402661]],[[31.540254,30.390737],[31.539441,30.390242],[31.53965,30.38989],[31.539847,30.390007],[31.540251,30.389477],[31.540971,30.389924],[31.540254,30.390737]],[[31.538665,30.389478],[31.538189,30.390332],[31.538036,30.390292],[31.537879,30.390501],[31.537377,30.39019],[31.537219,30.390398],[31.536935,30.390261],[31.537494,30.389675],[31.536768,30.389307],[31.537175,30.388946],[31.536541,30.388614],[31.536698,30.388425],[31.537245,30.38866],[31.537401,30.388528],[31.538056,30.388956],[31.537742,30.389315],[31.538202,30.389492],[31.538447,30.389323],[31.538665,30.389478]],[[31.549407,30.37867],[31.548778,30.378376],[31.549114,30.377998],[31.548379,30.377465],[31.548101,30.377605],[31.548345,30.377846],[31.548065,30.378201],[31.546756,30.377351],[31.54785,30.375979],[31.548589,30.376273],[31.550295,30.376364],[31.550826,30.375821],[31.551808,30.376452],[31.552621,30.375459],[31.553327,30.376135],[31.55296,30.376704],[31.552716,30.376462],[31.550428,30.378538],[31.549744,30.378196],[31.549407,30.37867]]],[[[31.571198,30.358483],[31.57238,30.354485],[31.579762,30.356656],[31.58536,30.358609],[31.588953,30.357252],[31.58766,30.354788],[31.590173,30.352959],[31.595443,30.338342],[31.584075,30.340575],[31.574841,30.33777],[31.569056,30.351355],[31.564749,30.365803],[31.560845,30.370687],[31.577459,30.362019],[31.575209,30.359844],[31.571198,30.358483]]],[[[31.618132,30.341038],[31.600882,30.328846],[31.618075,30.309692],[31.606918,30.310648],[31.585397,30.312973],[31.574841,30.33777],[31.584075,30.340575],[31.595443,30.338342],[31.600733,30.340174],[31.608045,30.340152],[31.60793,30.340607],[31.618132,30.341038]]],[[[31.606918,30.310648],[31.620001,30.295959],[31.617145,30.295909],[31.611703,30.295584],[31.59696,30.295201],[31.595465,30.294936],[31.593292,30.295174],[31.585397,30.312973],[31.606918,30.310648]]],[[[31.595199,30.354894],[31.597543,30.354009],[31.596025,30.350995],[31.593681,30.351677],[31.595199,30.354894]]],[[[31.553449,30.337108],[31.548725,30.341196],[31.550121,30.341713],[31.549945,30.342499],[31.549355,30.34328],[31.548708,30.342342],[31.54463,30.344517],[31.541862,30.341908],[31.538618,30.343447],[31.553338,30.361835],[31.554846,30.358506],[31.555343,30.356136],[31.555413,30.35482],[31.55517,30.35305],[31.553318,30.34784],[31.552227,30.34421],[31.552158,30.340868],[31.552687,30.338811],[31.553449,30.337108]]],[[[31.587614,30.380688],[31.603005,30.375554],[31.604298,30.372481],[31.605458,30.368896],[31.606506,30.364472],[31.607135,30.360243],[31.607409,30.355743],[31.607339,30.352328],[31.606739,30.347228],[31.606176,30.344276],[31.60486,30.34918],[31.604389,30.351424],[31.603038,30.354862],[31.601705,30.362315],[31.595897,30.365841],[31.595355,30.366376],[31.595205,30.366262],[31.593545,30.367269],[31.59421,30.368093],[31.592594,30.369074],[31.590105,30.365992],[31.585099,30.369566],[31.582595,30.367534],[31.581139,30.369237],[31.573806,30.366101],[31.57578,30.362895],[31.560845,30.370687],[31.570281,30.380209],[31.573859,30.375395],[31.572947,30.375045],[31.573368,30.374512],[31.571283,30.373534],[31.572621,30.37143],[31.577002,30.373119],[31.580706,30.375602],[31.582694,30.374267],[31.583884,30.375821],[31.582909,30.377621],[31.583431,30.378028],[31.584241,30.376287],[31.587614,30.380688]]],[[[31.588953,30.357252],[31.583472,30.359321],[31.585169,30.360877],[31.584986,30.362069],[31.586354,30.362704],[31.586759,30.361324],[31.587905,30.362005],[31.58841,30.361342],[31.590327,30.362031],[31.591897,30.36009],[31.589102,30.359201],[31.590376,30.358642],[31.588953,30.357252]]],[[[31.597482,30.356254],[31.596052,30.354572],[31.591109,30.356439],[31.593578,30.357363],[31.597482,30.356254]],[[31.593765,30.355831],[31.594779,30.355369],[31.594922,30.355605],[31.593908,30.356067],[31.593765,30.355831]]],[[[31.583014,30.382312],[31.580689,30.379325],[31.57623,30.382069],[31.5777,30.383231],[31.575658,30.384498],[31.576324,30.385102],[31.578827,30.383965],[31.583014,30.382312]]],[[[31.582179,30.374613],[31.580706,30.375602],[31.581572,30.376766],[31.583483,30.375952],[31.582179,30.374613]]],[[[31.579907,30.376139],[31.578781,30.376895],[31.579846,30.378037],[31.580958,30.377357],[31.579907,30.376139]]],[[[31.552381,30.413734],[31.553195,30.414555],[31.554001,30.414087],[31.553567,30.413652],[31.553789,30.413535],[31.554198,30.413826],[31.554421,30.413614],[31.55407,30.41318],[31.554381,30.412587],[31.555411,30.411834],[31.554657,30.410728],[31.554991,30.410469],[31.555534,30.411024],[31.556534,30.41039],[31.555944,30.409357],[31.555499,30.409615],[31.555366,30.409279],[31.554281,30.410055],[31.553384,30.409257],[31.554236,30.409339],[31.555322,30.408563],[31.55486,30.408104],[31.554107,30.408788],[31.553862,30.408547],[31.554366,30.408027],[31.553876,30.407616],[31.554213,30.407214],[31.554247,30.406713],[31.554443,30.406524],[31.55449,30.407073],[31.555018,30.406769],[31.555065,30.407295],[31.554704,30.407506],[31.555602,30.408279],[31.556438,30.409458],[31.556856,30.409129],[31.557208,30.409539],[31.556708,30.409819],[31.557055,30.410587],[31.557664,30.410379],[31.558426,30.410984],[31.559817,30.410021],[31.559493,30.409611],[31.559941,30.409139],[31.559099,30.408294],[31.558599,30.408575],[31.558027,30.408187],[31.560506,30.406257],[31.561268,30.406862],[31.559856,30.407419],[31.560045,30.407636],[31.560625,30.407523],[31.560672,30.408121],[31.560118,30.408282],[31.560059,30.408591],[31.560936,30.408863],[31.561188,30.40858],[31.560834,30.408313],[31.56134,30.407603],[31.561974,30.407258],[31.55589,30.40213],[31.555181,30.402873],[31.554776,30.402301],[31.553694,30.403334],[31.553078,30.403088],[31.552309,30.403885],[31.552786,30.404219],[31.553484,30.40354],[31.553722,30.403722],[31.552915,30.404787],[31.552771,30.405174],[31.552872,30.405354],[31.553222,30.40497],[31.553495,30.405122],[31.553417,30.405778],[31.553793,30.40611],[31.553853,30.406528],[31.55299,30.406728],[31.552996,30.40628],[31.552419,30.405707],[31.551862,30.406178],[31.551324,30.405247],[31.550524,30.405805],[31.55001,30.40568],[31.54978,30.404961],[31.548182,30.405928],[31.547476,30.404757],[31.549031,30.404386],[31.548474,30.40247],[31.546333,30.402924],[31.546202,30.402475],[31.548448,30.401873],[31.545688,30.399962],[31.545903,30.399368],[31.547951,30.400555],[31.549214,30.398957],[31.548773,30.398505],[31.549018,30.398239],[31.549426,30.398601],[31.549773,30.398396],[31.549094,30.397762],[31.549404,30.397766],[31.550223,30.398252],[31.55049,30.397654],[31.548332,30.396468],[31.546026,30.395515],[31.533554,30.39171],[31.532177,30.393405],[31.530904,30.394695],[31.528883,30.396464],[31.551078,30.415511],[31.550406,30.413173],[31.551194,30.412967],[31.55281,30.415456],[31.552551,30.416775],[31.552964,30.417129],[31.553309,30.415282],[31.552565,30.414504],[31.552381,30.413734]],[[31.541169,30.400378],[31.537845,30.402118],[31.535553,30.400243],[31.539464,30.398353],[31.541169,30.400378]]],[[[31.588737,30.401747],[31.579632,30.395328],[31.577296,30.396906],[31.581083,30.400156],[31.580577,30.400478],[31.582387,30.401752],[31.583185,30.402913],[31.583583,30.402827],[31.583986,30.402766],[31.584393,30.40273],[31.584802,30.402719],[31.585211,30.402733],[31.585618,30.402772],[31.58602,30.402837],[31.586417,30.402926],[31.586805,30.403039],[31.587182,30.403175],[31.587548,30.403335],[31.588737,30.401747]]],[[[31.587548,30.403335],[31.587209,30.403186],[31.58686,30.403057],[31.586502,30.402948],[31.586137,30.40286],[31.585765,30.402793],[31.585389,30.402747],[31.585011,30.402723],[31.584631,30.40272],[31.584252,30.40274],[31.583875,30.40278],[31.583503,30.402842],[31.583136,30.402926],[31.582776,30.40303],[31.582424,30.403154],[31.582083,30.403299],[31.581754,30.403462],[31.581437,30.403644],[31.581136,30.403844],[31.58085,30.40406],[31.580581,30.404292],[31.58033,30.404539],[31.584287,30.407567],[31.587548,30.403335]]],[[[31.577547,30.402409],[31.581083,30.400156],[31.577296,30.396906],[31.579632,30.395328],[31.585325,30.399285],[31.587075,30.39707],[31.583238,30.394268],[31.582543,30.392084],[31.575501,30.385476],[31.569902,30.379826],[31.564239,30.386372],[31.560674,30.38305],[31.558056,30.385558],[31.561598,30.388606],[31.561749,30.388361],[31.562485,30.388822],[31.563411,30.387687],[31.565697,30.389526],[31.565021,30.390545],[31.566125,30.391095],[31.568658,30.388484],[31.569711,30.389252],[31.566741,30.391591],[31.567339,30.392075],[31.566441,30.392774],[31.573422,30.398436],[31.577547,30.402409]]],[[[31.529783,30.390409],[31.528817,30.391634],[31.525838,30.390585],[31.525133,30.391682],[31.523524,30.391126],[31.523234,30.391614],[31.528883,30.396464],[31.530904,30.394695],[31.532177,30.393405],[31.533554,30.39171],[31.529783,30.390409]]],[[[31.502344,30.373674],[31.503932,30.375038],[31.505078,30.372803],[31.503399,30.372307],[31.502344,30.373674]]],[[[31.499717,30.371417],[31.501753,30.373166],[31.502543,30.372028],[31.499717,30.371417]]],[[[31.546831,30.37411],[31.551584,30.365093],[31.547965,30.363633],[31.54556,30.365271],[31.54598,30.365469],[31.545636,30.366019],[31.545263,30.36584],[31.545132,30.366031],[31.545577,30.366391],[31.54544,30.366582],[31.545179,30.366538],[31.544671,30.367238],[31.544824,30.367327],[31.544591,30.367662],[31.54482,30.367624],[31.545533,30.368011],[31.545427,30.36833],[31.545956,30.368499],[31.545006,30.370194],[31.545261,30.370283],[31.545378,30.370155],[31.545674,30.37028],[31.545068,30.371054],[31.54544,30.371285],[31.544729,30.37216],[31.546831,30.37411]],[[31.547991,30.368112],[31.547164,30.367607],[31.54757,30.36699],[31.548012,30.36721],[31.548163,30.367068],[31.548539,30.367359],[31.547991,30.368112]],[[31.547762,30.366856],[31.547138,30.366577],[31.547308,30.366257],[31.546867,30.36604],[31.547038,30.365538],[31.547636,30.365838],[31.547439,30.366316],[31.547946,30.366672],[31.547762,30.366856]]],[[[31.515217,30.323902],[31.513923,30.322942],[31.510929,30.331132],[31.512425,30.331543],[31.515217,30.323902]]],[[[31.525342,30.331414],[31.522913,30.329612],[31.518213,30.338663],[31.521239,30.339499],[31.525342,30.331414]]],[[[31.736211,30.217532],[31.737323,30.215681],[31.732174,30.212014],[31.727761,30.215373],[31.732099,30.217894],[31.733642,30.215932],[31.736211,30.217532]]],[[[31.326419,29.748273],[31.329527,29.749089],[31.329738,29.748559],[31.330044,29.748652],[31.33194,29.743882],[31.333472,29.744427],[31.333439,29.742278],[31.334719,29.737946],[31.330855,29.736703],[31.330514,29.734156],[31.329714,29.731856],[31.329148,29.730761],[31.325523,29.725033],[31.320925,29.725214],[31.320772,29.726426],[31.319811,29.727399],[31.320492,29.728452],[31.318138,29.729348],[31.318304,29.729618],[31.319814,29.729309],[31.320143,29.732089],[31.318353,29.732812],[31.316971,29.73369],[31.316346,29.734249],[31.315587,29.734657],[31.315282,29.734504],[31.315304,29.73525],[31.314857,29.735364],[31.314171,29.733475],[31.31462,29.733212],[31.31425,29.73282],[31.312153,29.733479],[31.311559,29.732218],[31.310215,29.732828],[31.309048,29.731052],[31.309667,29.730881],[31.308611,29.730599],[31.306181,29.730747],[31.305653,29.731636],[31.305362,29.732706],[31.304478,29.732396],[31.302958,29.733302],[31.303386,29.734322],[31.305131,29.734255],[31.304975,29.735387],[31.301504,29.736417],[31.300811,29.734916],[31.299888,29.734934],[31.29899,29.73346],[31.298219,29.732495],[31.297877,29.73252],[31.297871,29.732849],[31.296844,29.730955],[31.295407,29.730967],[31.294718,29.731316],[31.294069,29.731278],[31.294623,29.730867],[31.29579,29.730554],[31.296746,29.730656],[31.297056,29.730511],[31.296695,29.729611],[31.301508,29.728091],[31.301315,29.727342],[31.303098,29.727037],[31.303174,29.72662],[31.302148,29.726637],[31.302263,29.725862],[31.303493,29.725908],[31.303533,29.72558],[31.302747,29.72557],[31.302847,29.723662],[31.304555,29.723773],[31.304581,29.724221],[31.306812,29.723742],[31.307491,29.726049],[31.309384,29.725327],[31.309095,29.724189],[31.309918,29.724021],[31.310217,29.724562],[31.311356,29.72395],[31.310728,29.722658],[31.309556,29.723181],[31.308511,29.720302],[31.311153,29.720072],[31.310433,29.719224],[31.308433,29.717523],[31.306878,29.718092],[31.306393,29.717656],[31.307143,29.716601],[31.305613,29.715652],[31.302965,29.714437],[31.304114,29.716552],[31.303841,29.716737],[31.30225,29.716548],[31.302243,29.715689],[31.302876,29.715792],[31.302901,29.715582],[31.302511,29.715386],[31.302568,29.714604],[31.302306,29.714543],[31.301973,29.714845],[31.301247,29.715046],[31.300992,29.714622],[31.30146,29.714132],[31.299221,29.713282],[31.29712,29.713293],[31.297222,29.713752],[31.298619,29.713942],[31.298624,29.713637],[31.299018,29.713585],[31.300631,29.715248],[31.300142,29.715719],[31.299158,29.715687],[31.299174,29.714732],[31.297864,29.714582],[31.298764,29.714383],[31.298745,29.71423],[31.296995,29.714227],[31.296118,29.715629],[31.295943,29.715589],[31.295929,29.713831],[31.296744,29.713517],[31.296859,29.711895],[31.295138,29.712752],[31.294864,29.712137],[31.296457,29.711107],[31.296184,29.710397],[31.296645,29.710425],[31.295143,29.707258],[31.289849,29.70337],[31.288673,29.702674],[31.28865,29.704457],[31.287996,29.704718],[31.287887,29.705134],[31.289941,29.704922],[31.289828,29.705547],[31.288631,29.705621],[31.28873,29.705801],[31.290717,29.705558],[31.291372,29.705209],[31.292117,29.705636],[31.29053,29.706511],[31.29141,29.70703],[31.290992,29.707442],[31.291056,29.707741],[31.289224,29.708911],[31.288781,29.708816],[31.288163,29.709837],[31.28795,29.709834],[31.287875,29.710378],[31.288481,29.710414],[31.288523,29.710844],[31.287932,29.710865],[31.287951,29.711711],[31.289182,29.711684],[31.289176,29.712013],[31.288677,29.712408],[31.289551,29.714066],[31.289008,29.714202],[31.289727,29.717263],[31.288986,29.717439],[31.288544,29.715443],[31.288067,29.715508],[31.288028,29.714877],[31.288395,29.714538],[31.288432,29.714281],[31.28807,29.714319],[31.288061,29.713918],[31.287486,29.713939],[31.287997,29.712843],[31.287895,29.712082],[31.284745,29.712027],[31.284587,29.710707],[31.284245,29.710574],[31.284238,29.710044],[31.283417,29.710033],[31.283439,29.709733],[31.284508,29.709589],[31.284479,29.709345],[31.283693,29.709292],[31.283768,29.70872],[31.284752,29.708719],[31.284677,29.708316],[31.283795,29.708119],[31.282668,29.708749],[31.28221,29.708657],[31.282185,29.708241],[31.282888,29.708351],[31.282892,29.708136],[31.282646,29.708118],[31.28285,29.707677],[31.282411,29.707471],[31.281115,29.707482],[31.281216,29.707312],[31.282219,29.707153],[31.282192,29.706838],[31.282504,29.706842],[31.282523,29.706684],[31.281337,29.706941],[31.281474,29.706628],[31.282267,29.706309],[31.283106,29.706176],[31.283234,29.70635],[31.284384,29.706293],[31.284585,29.706052],[31.284505,29.705894],[31.283829,29.7061],[31.283885,29.705685],[31.28336,29.705692],[31.283397,29.705449],[31.282233,29.70542],[31.284518,29.700218],[31.282318,29.698917],[31.276336,29.709873],[31.274479,29.712928],[31.273684,29.713968],[31.273349,29.715184],[31.273517,29.716425],[31.270473,29.721685],[31.267144,29.724435],[31.2671,29.732193],[31.271804,29.734899],[31.291204,29.744571],[31.296072,29.742772],[31.296273,29.742202],[31.296142,29.741842],[31.295592,29.742026],[31.295376,29.74188],[31.295498,29.741117],[31.295828,29.741026],[31.295613,29.740761],[31.295144,29.741017],[31.294768,29.740583],[31.294381,29.740864],[31.294248,29.740624],[31.294801,29.740249],[31.29333,29.738272],[31.292647,29.738264],[31.29265,29.736449],[31.293526,29.736437],[31.294121,29.736826],[31.294737,29.735951],[31.295345,29.737248],[31.296303,29.737213],[31.297831,29.737423],[31.297272,29.738108],[31.29718,29.738704],[31.297663,29.739283],[31.297873,29.739094],[31.298153,29.739221],[31.298137,29.740387],[31.29934,29.740427],[31.299307,29.740713],[31.297254,29.740782],[31.297331,29.741093],[31.299574,29.741146],[31.303491,29.740838],[31.303309,29.738639],[31.310703,29.738137],[31.310777,29.738616],[31.313019,29.738692],[31.312987,29.742273],[31.313364,29.742737],[31.313971,29.742788],[31.313999,29.743075],[31.314376,29.74308],[31.314581,29.742595],[31.314877,29.742613],[31.314934,29.742156],[31.315442,29.742162],[31.31552,29.742407],[31.315847,29.742468],[31.316098,29.742228],[31.317539,29.742389],[31.317915,29.742924],[31.31787,29.743626],[31.317428,29.744121],[31.314872,29.74444],[31.314735,29.744782],[31.314919,29.746517],[31.315122,29.747107],[31.315846,29.747045],[31.316005,29.748322],[31.317592,29.748254],[31.318495,29.748415],[31.319497,29.748908],[31.320121,29.7495],[31.323788,29.746812],[31.322974,29.746443],[31.323272,29.744955],[31.329126,29.746641],[31.32848,29.748483],[31.326504,29.74804],[31.326419,29.748273]],[[31.276951,29.736135],[31.277307,29.736168],[31.277441,29.736561],[31.27651,29.736612],[31.2764,29.736351],[31.276742,29.736349],[31.276847,29.735031],[31.276635,29.735011],[31.276605,29.734778],[31.276817,29.734774],[31.27685,29.734429],[31.276529,29.734419],[31.276565,29.734288],[31.275917,29.734238],[31.275893,29.73404],[31.276118,29.734025],[31.276101,29.733858],[31.276531,29.733887],[31.276554,29.733756],[31.276144,29.733733],[31.276133,29.733596],[31.27655,29.733595],[31.27657,29.733202],[31.275904,29.733354],[31.275851,29.733246],[31.276023,29.733218],[31.276025,29.733111],[31.275784,29.733162],[31.275732,29.733041],[31.276013,29.732991],[31.27601,29.732788],[31.276181,29.732785],[31.276135,29.732653],[31.276566,29.732646],[31.276563,29.732449],[31.276124,29.732497],[31.276085,29.732366],[31.276359,29.732327],[31.276369,29.732143],[31.275931,29.732197],[31.275869,29.731844],[31.276567,29.731763],[31.276403,29.730997],[31.277087,29.730946],[31.277103,29.730821],[31.276857,29.730824],[31.276838,29.730716],[31.277092,29.730708],[31.277109,29.730487],[31.2766,29.730535],[31.276635,29.730683],[31.276359,29.730701],[31.276298,29.730191],[31.276406,29.73016],[31.276475,29.73043],[31.27731,29.730329],[31.277152,29.73235],[31.277407,29.732258],[31.277564,29.732689],[31.277186,29.73278],[31.277085,29.733583],[31.277291,29.733525],[31.27736,29.733809],[31.277623,29.733794],[31.277562,29.733485],[31.277809,29.733467],[31.277767,29.733298],[31.279136,29.733137],[31.279057,29.733408],[31.279488,29.73341],[31.279647,29.732997],[31.280085,29.733053],[31.280064,29.733332],[31.280989,29.733229],[31.281013,29.733469],[31.280919,29.733472],[31.281016,29.733777],[31.28086,29.733811],[31.280782,29.733545],[31.280429,29.73358],[31.280549,29.734004],[31.280313,29.734112],[31.280572,29.734101],[31.280611,29.734205],[31.280302,29.734252],[31.280471,29.73497],[31.280364,29.734983],[31.28036,29.735423],[31.280221,29.735436],[31.280171,29.735195],[31.279938,29.735178],[31.279917,29.734988],[31.27974,29.734996],[31.279804,29.735574],[31.279689,29.735561],[31.279635,29.735145],[31.27916,29.735053],[31.279144,29.735268],[31.278751,29.735248],[31.278771,29.73502],[31.278458,29.735109],[31.278504,29.734808],[31.278299,29.734784],[31.278311,29.734573],[31.278176,29.734557],[31.278194,29.734453],[31.278391,29.734452],[31.278442,29.734095],[31.278258,29.734067],[31.27825,29.733824],[31.277724,29.733885],[31.277724,29.734093],[31.277495,29.734068],[31.277496,29.734251],[31.277082,29.734253],[31.277067,29.734378],[31.277444,29.734393],[31.277414,29.734515],[31.277225,29.73452],[31.277218,29.734652],[31.277055,29.734614],[31.277009,29.735133],[31.278032,29.735278],[31.277873,29.735713],[31.277713,29.735697],[31.277727,29.735597],[31.276994,29.735551],[31.276951,29.736135]],[[31.294054,29.734686],[31.293869,29.734326],[31.293157,29.73434],[31.293118,29.733457],[31.292522,29.731491],[31.292119,29.729409],[31.291491,29.729401],[31.29119,29.727774],[31.291655,29.72778],[31.291349,29.726463],[31.290582,29.726548],[31.289759,29.725034],[31.290965,29.724906],[31.290947,29.724357],[31.290289,29.724468],[31.290161,29.723917],[31.290927,29.723903],[31.290855,29.723353],[31.290034,29.723366],[31.290037,29.723175],[31.290941,29.723091],[31.290315,29.721269],[31.290944,29.721277],[31.291219,29.722809],[31.291423,29.725342],[31.292421,29.729389],[31.294404,29.735049],[31.293774,29.735112],[31.294054,29.734686]],[[31.280769,29.722144],[31.277977,29.722421],[31.278293,29.715298],[31.278986,29.715557],[31.279211,29.716778],[31.279612,29.71732],[31.28105,29.717231],[31.280918,29.717731],[31.279727,29.717787],[31.279967,29.718184],[31.280461,29.718083],[31.282336,29.718752],[31.284259,29.719064],[31.289799,29.718992],[31.290114,29.719748],[31.289003,29.719984],[31.288477,29.719512],[31.283554,29.719556],[31.282988,29.719011],[31.282453,29.719112],[31.282943,29.719261],[31.282858,29.719439],[31.282284,29.719396],[31.282266,29.720506],[31.281158,29.720527],[31.281421,29.721153],[31.281258,29.721731],[31.280769,29.722144]],[[31.271555,29.730571],[31.271686,29.730575],[31.271705,29.730874],[31.272494,29.730929],[31.272499,29.731586],[31.271447,29.73153],[31.271451,29.730939],[31.27069,29.730894],[31.27065,29.730222],[31.269246,29.730111],[31.269255,29.729983],[31.269074,29.729983],[31.26934,29.729396],[31.269504,29.729422],[31.269482,29.729687],[31.270391,29.729729],[31.270347,29.729087],[31.269373,29.729065],[31.269375,29.728749],[31.269693,29.728774],[31.269695,29.729012],[31.270537,29.729003],[31.270545,29.727549],[31.270672,29.727405],[31.270311,29.727394],[31.270332,29.727143],[31.270509,29.727124],[31.27025,29.726404],[31.270378,29.726356],[31.270477,29.726572],[31.27065,29.726556],[31.271287,29.727117],[31.271348,29.727754],[31.271692,29.727806],[31.27167,29.727901],[31.271356,29.727903],[31.271348,29.728166],[31.271532,29.728165],[31.271523,29.728311],[31.271629,29.728333],[31.271407,29.728519],[31.271465,29.729053],[31.272378,29.729089],[31.272397,29.728597],[31.272667,29.728598],[31.272856,29.72914],[31.272688,29.729356],[31.271481,29.729318],[31.271555,29.730571]],[[31.273332,29.730547],[31.273379,29.731001],[31.272805,29.730965],[31.272847,29.730101],[31.273044,29.730123],[31.273167,29.729957],[31.272642,29.729945],[31.272683,29.729793],[31.273136,29.729823],[31.27314,29.729613],[31.272648,29.729597],[31.272655,29.729487],[31.273066,29.729474],[31.272954,29.728933],[31.273703,29.728694],[31.273771,29.728829],[31.273557,29.728888],[31.273747,29.72932],[31.273223,29.729557],[31.273348,29.730246],[31.273599,29.730259],[31.273592,29.73034],[31.273089,29.730348],[31.273129,29.730577],[31.273332,29.730547]],[[31.275306,29.731127],[31.274873,29.731176],[31.274711,29.730908],[31.274435,29.730955],[31.27437,29.7307],[31.274645,29.730685],[31.27474,29.730873],[31.275038,29.730981],[31.27528,29.730934],[31.275306,29.731127]],[[31.274547,29.735868],[31.274361,29.735875],[31.274375,29.735694],[31.274008,29.73567],[31.27401,29.735574],[31.274958,29.735472],[31.274956,29.7353],[31.274528,29.735366],[31.274508,29.735237],[31.274968,29.735195],[31.274971,29.735052],[31.274719,29.735063],[31.274727,29.734901],[31.274979,29.734899],[31.275023,29.734594],[31.274683,29.734599],[31.274669,29.734485],[31.274998,29.734432],[31.27497,29.733825],[31.274789,29.733842],[31.274753,29.733722],[31.274902,29.733671],[31.274847,29.73336],[31.274644,29.73337],[31.274602,29.733122],[31.274865,29.7331],[31.274769,29.732758],[31.274477,29.732783],[31.274529,29.732616],[31.274718,29.732607],[31.274688,29.732453],[31.274285,29.732476],[31.274185,29.732121],[31.273795,29.732133],[31.273772,29.731993],[31.274261,29.73195],[31.274167,29.73125],[31.274331,29.731256],[31.274405,29.731465],[31.274985,29.731401],[31.275025,29.731698],[31.274576,29.731786],[31.274901,29.732977],[31.275176,29.732932],[31.275202,29.733063],[31.274935,29.733228],[31.275007,29.73355],[31.27519,29.733565],[31.275186,29.733979],[31.275647,29.733987],[31.275647,29.734113],[31.275087,29.734115],[31.275091,29.734281],[31.275394,29.734295],[31.275402,29.734435],[31.27509,29.734451],[31.275079,29.734758],[31.275867,29.734792],[31.275871,29.734922],[31.275077,29.7349],[31.275065,29.735297],[31.275399,29.735311],[31.275391,29.735759],[31.274549,29.73572],[31.274547,29.735868]]],[[[31.363611,29.742069],[31.370643,29.732373],[31.371763,29.730644],[31.37292,29.728051],[31.373059,29.726606],[31.373434,29.725194],[31.37442,29.723199],[31.382968,29.713445],[31.376981,29.710559],[31.350491,29.709945],[31.352644,29.713696],[31.355325,29.715377],[31.354867,29.716289],[31.354372,29.71634],[31.354524,29.718093],[31.352662,29.718138],[31.352319,29.716515],[31.348224,29.716593],[31.348281,29.71809],[31.350324,29.718123],[31.349771,29.720911],[31.34932,29.721004],[31.34765,29.720105],[31.347765,29.719743],[31.347415,29.71972],[31.347232,29.720233],[31.346383,29.719955],[31.346388,29.71963],[31.346082,29.719646],[31.345613,29.720213],[31.344934,29.720223],[31.34433,29.719719],[31.343778,29.720037],[31.342843,29.719682],[31.342023,29.720282],[31.341873,29.720128],[31.342053,29.719824],[31.341791,29.719764],[31.341526,29.719952],[31.339714,29.719681],[31.339655,29.719279],[31.339502,29.719239],[31.339191,29.719559],[31.331914,29.718975],[31.32982,29.718582],[31.329543,29.718936],[31.329292,29.719306],[31.32907,29.719689],[31.328878,29.720084],[31.328716,29.720489],[31.328585,29.720903],[31.328486,29.721323],[31.328418,29.721748],[31.328383,29.722176],[31.328381,29.722605],[31.328411,29.723034],[31.328473,29.723459],[31.328567,29.723881],[31.329682,29.723981],[31.329739,29.723494],[31.329565,29.723147],[31.329799,29.722836],[31.330587,29.722832],[31.330663,29.723176],[31.33099,29.723266],[31.331194,29.722854],[31.331913,29.723049],[31.332241,29.723024],[31.331957,29.722362],[31.332697,29.721958],[31.333537,29.721736],[31.334265,29.721703],[31.339654,29.722315],[31.339823,29.723005],[31.341424,29.723455],[31.341943,29.723403],[31.342185,29.723591],[31.342254,29.723866],[31.342987,29.724205],[31.343764,29.723885],[31.345311,29.724635],[31.345893,29.725339],[31.34632,29.726109],[31.3466,29.726055],[31.346531,29.725248],[31.349503,29.725404],[31.349816,29.722991],[31.351686,29.723641],[31.351764,29.723045],[31.353228,29.723451],[31.353331,29.727571],[31.355581,29.728016],[31.356663,29.722449],[31.358734,29.72337],[31.35888,29.722745],[31.360205,29.723269],[31.360022,29.724013],[31.359749,29.72398],[31.359492,29.72611],[31.359919,29.72619],[31.360394,29.724256],[31.361717,29.724929],[31.361118,29.728145],[31.36246,29.729713],[31.361259,29.734145],[31.360558,29.733121],[31.360208,29.733624],[31.361229,29.735994],[31.361873,29.73639],[31.361745,29.736546],[31.361629,29.736709],[31.361526,29.736879],[31.361436,29.737054],[31.36136,29.737234],[31.361298,29.737418],[31.36125,29.737605],[31.361217,29.737794],[31.361199,29.737985],[31.361195,29.738177],[31.361206,29.738369],[31.361231,29.738559],[31.361272,29.738748],[31.361326,29.738933],[31.361395,29.739116],[31.361478,29.739293],[31.361574,29.739466],[31.361417,29.739513],[31.361265,29.739569],[31.361117,29.739635],[31.360975,29.739709],[31.36084,29.739792],[31.360711,29.739882],[31.36059,29.739981],[31.360476,29.740086],[31.360372,29.740199],[31.360277,29.740317],[31.360191,29.74044],[31.360116,29.740569],[31.360051,29.740702],[31.359996,29.740839],[31.359953,29.740978],[31.359921,29.74112],[31.3599,29.741263],[31.359891,29.741408],[31.359893,29.741552],[31.359907,29.741696],[31.359933,29.741839],[31.360369,29.742778],[31.360893,29.743201],[31.361564,29.743412],[31.362272,29.743381],[31.362911,29.743113],[31.36336,29.742683],[31.363611,29.742069]]],[[[31.304591,29.708548],[31.306052,29.709193],[31.306601,29.707786],[31.308867,29.708331],[31.309581,29.70622],[31.306786,29.705879],[31.308271,29.704771],[31.308475,29.704315],[31.307669,29.704114],[31.308349,29.70269],[31.309047,29.702852],[31.30961,29.701763],[31.297843,29.695938],[31.294227,29.693601],[31.288703,29.690497],[31.287242,29.689896],[31.282318,29.698917],[31.287268,29.701844],[31.287819,29.701027],[31.289038,29.701688],[31.29152,29.703701],[31.291993,29.703182],[31.293265,29.703962],[31.292541,29.704765],[31.292919,29.705008],[31.294507,29.703286],[31.294777,29.703528],[31.293972,29.704234],[31.294048,29.704545],[31.294741,29.704029],[31.294931,29.704127],[31.294651,29.704505],[31.29478,29.704961],[31.296088,29.703617],[31.296399,29.702976],[31.296264,29.702903],[31.295846,29.703351],[31.295632,29.703062],[31.29641,29.702332],[31.297324,29.703298],[31.296881,29.703579],[31.296683,29.704006],[31.297669,29.7039],[31.298307,29.704982],[31.297352,29.704851],[31.297185,29.705016],[31.297671,29.70538],[31.299095,29.705303],[31.299144,29.705638],[31.301355,29.705881],[31.301447,29.705261],[31.302793,29.704897],[31.303585,29.704978],[31.30413,29.703434],[31.304378,29.703365],[31.304875,29.704684],[31.304591,29.705325],[31.305054,29.705403],[31.304992,29.70588],[31.304282,29.705823],[31.304125,29.707014],[31.302813,29.70695],[31.302565,29.707114],[31.302829,29.707666],[31.303346,29.707816],[31.303363,29.708437],[31.30287,29.708479],[31.302823,29.709624],[31.303803,29.709923],[31.304591,29.708548]]],[[[31.350741,29.71038],[31.350491,29.709945],[31.376981,29.710559],[31.382968,29.713445],[31.385798,29.710215],[31.384258,29.709877],[31.368035,29.709505],[31.344112,29.707968],[31.338671,29.707727],[31.336069,29.707968],[31.332616,29.708929],[31.330154,29.709315],[31.328172,29.70907],[31.328353,29.71304],[31.328717,29.713726],[31.32943,29.714236],[31.331435,29.714097],[31.332931,29.713573],[31.337532,29.710518],[31.345134,29.710566],[31.350741,29.71038]]],[[[31.307923,29.71487],[31.307818,29.713512],[31.304789,29.714154],[31.305846,29.713697],[31.306899,29.712221],[31.305862,29.711386],[31.30557,29.710581],[31.305071,29.710326],[31.305611,29.709416],[31.304956,29.70935],[31.303307,29.711731],[31.301298,29.710893],[31.300933,29.711414],[31.302778,29.712297],[31.302272,29.713126],[31.301105,29.712586],[31.300726,29.713409],[31.305613,29.715652],[31.306742,29.715482],[31.307923,29.71487]]],[[[31.338063,29.683539],[31.338598,29.680812],[31.338975,29.680762],[31.339079,29.680608],[31.339196,29.680461],[31.339324,29.680321],[31.339463,29.68019],[31.339612,29.680067],[31.339771,29.679953],[31.339938,29.679849],[31.340113,29.679756],[31.340295,29.679673],[31.340483,29.679602],[31.340676,29.679542],[31.340873,29.679494],[31.341074,29.679457],[31.341277,29.679434],[31.341482,29.679422],[31.341687,29.679423],[31.341891,29.679436],[31.342094,29.679462],[31.342295,29.679499],[31.342492,29.679549],[31.342684,29.67961],[31.344513,29.680652],[31.346365,29.680258],[31.348,29.680576],[31.349685,29.68203],[31.355439,29.680698],[31.35505,29.679948],[31.355071,29.678635],[31.353623,29.675215],[31.355546,29.670464],[31.363776,29.663998],[31.346757,29.662921],[31.339545,29.662626],[31.335466,29.662712],[31.326045,29.658048],[31.323914,29.656689],[31.319821,29.654345],[31.319614,29.656711],[31.328002,29.670597],[31.329586,29.669841],[31.32956,29.671393],[31.328734,29.6718],[31.327086,29.672257],[31.328176,29.676568],[31.33352,29.676407],[31.333689,29.678213],[31.33155,29.678644],[31.330279,29.679101],[31.330709,29.680854],[31.331756,29.681067],[31.33302,29.681012],[31.333028,29.681484],[31.332222,29.681618],[31.33218,29.684181],[31.334247,29.684193],[31.338063,29.683539]]],[[[31.378035,29.708498],[31.382334,29.706474],[31.383568,29.706274],[31.387173,29.70716],[31.387433,29.705676],[31.387081,29.705038],[31.386685,29.70442],[31.386247,29.703824],[31.385769,29.703252],[31.385252,29.702707],[31.384698,29.702189],[31.38411,29.701702],[31.383488,29.701247],[31.382837,29.700825],[31.382157,29.700438],[31.381452,29.700088],[31.370273,29.698041],[31.369851,29.698021],[31.369431,29.697975],[31.369016,29.697905],[31.368608,29.697809],[31.368208,29.69769],[31.367818,29.697547],[31.36744,29.697381],[31.367076,29.697193],[31.366728,29.696983],[31.366397,29.696753],[31.366084,29.696504],[31.365792,29.696237],[31.365522,29.695954],[31.359287,29.688416],[31.358288,29.686413],[31.353339,29.688497],[31.347932,29.693085],[31.342442,29.69273],[31.338424,29.692608],[31.338563,29.694114],[31.341154,29.696224],[31.345702,29.699002],[31.34978,29.700485],[31.349179,29.702106],[31.350191,29.702121],[31.350672,29.702384],[31.350838,29.702684],[31.350942,29.702602],[31.351129,29.702885],[31.351326,29.702451],[31.351857,29.702244],[31.352025,29.702419],[31.35217,29.702361],[31.352263,29.702811],[31.352645,29.702976],[31.352724,29.703138],[31.352725,29.70269],[31.353311,29.702375],[31.353611,29.702433],[31.353756,29.702784],[31.354166,29.702727],[31.354635,29.702964],[31.354686,29.702297],[31.354899,29.702275],[31.355248,29.703091],[31.355742,29.70299],[31.356269,29.703339],[31.356564,29.703317],[31.356996,29.703638],[31.357145,29.704142],[31.357379,29.70413],[31.357271,29.703855],[31.357488,29.70373],[31.358421,29.704295],[31.358661,29.70422],[31.35932,29.704467],[31.359396,29.704886],[31.359207,29.705164],[31.358841,29.705368],[31.358121,29.705497],[31.357965,29.705417],[31.357825,29.7056],[31.357559,29.705603],[31.357584,29.70592],[31.357359,29.70608],[31.357192,29.705949],[31.356745,29.706051],[31.356344,29.705989],[31.355806,29.706237],[31.355496,29.706134],[31.355388,29.705877],[31.355035,29.705909],[31.354712,29.705778],[31.354256,29.705177],[31.353549,29.704825],[31.353311,29.704476],[31.352916,29.704787],[31.352556,29.704798],[31.352788,29.705216],[31.352401,29.705375],[31.351879,29.70541],[31.351918,29.705857],[31.351496,29.705922],[31.350604,29.705704],[31.350444,29.706066],[31.350579,29.706163],[31.34986,29.7063],[31.348979,29.706116],[31.348692,29.706198],[31.348613,29.705897],[31.348726,29.705641],[31.348529,29.705428],[31.34874,29.705145],[31.348904,29.705228],[31.34915,29.705061],[31.349295,29.705216],[31.349505,29.705125],[31.349568,29.705434],[31.349891,29.70501],[31.350726,29.704716],[31.350028,29.704783],[31.349357,29.704671],[31.348986,29.704841],[31.348452,29.704878],[31.347997,29.708213],[31.368035,29.709505],[31.382607,29.709816],[31.378035,29.708498]]],[[[31.373617,29.664488],[31.370472,29.664432],[31.363776,29.663998],[31.359173,29.667614],[31.360954,29.669914],[31.362004,29.668375],[31.362883,29.668983],[31.363432,29.668811],[31.363978,29.668877],[31.36495,29.667934],[31.364272,29.667568],[31.36429,29.666494],[31.366261,29.667175],[31.366611,29.666642],[31.373563,29.667802],[31.373617,29.664488]]],[[[31.355171,29.67139],[31.353623,29.675215],[31.354657,29.677656],[31.356999,29.677744],[31.35634,29.676243],[31.355665,29.675758],[31.356566,29.674993],[31.35713,29.673925],[31.358024,29.673578],[31.357143,29.67309],[31.357373,29.671601],[31.355171,29.67139]]],[[[31.382969,29.700906],[31.384598,29.702102],[31.386395,29.704017],[31.399421,29.699149],[31.398249,29.697129],[31.393081,29.698881],[31.392236,29.696961],[31.382969,29.700906]]],[[[31.36396,29.69182],[31.36873,29.689396],[31.369145,29.689926],[31.368966,29.689995],[31.369152,29.690332],[31.369028,29.690414],[31.369268,29.690787],[31.369608,29.690898],[31.371523,29.689143],[31.372431,29.689644],[31.373223,29.68883],[31.372335,29.687948],[31.3721,29.6881],[31.371699,29.687546],[31.371174,29.687862],[31.370788,29.68726],[31.368692,29.688357],[31.368119,29.68743],[31.367389,29.687756],[31.367004,29.687023],[31.366194,29.68724],[31.365919,29.686706],[31.364491,29.686988],[31.364089,29.685729],[31.36266,29.686189],[31.361609,29.683598],[31.357442,29.684714],[31.359287,29.688416],[31.362807,29.692671],[31.364188,29.692133],[31.36396,29.69182]]],[[[31.363582,29.693609],[31.365522,29.695954],[31.368226,29.693707],[31.366395,29.691965],[31.363582,29.693609]]],[[[31.368294,29.697718],[31.381452,29.700088],[31.382068,29.700392],[31.383238,29.698761],[31.381167,29.698354],[31.383207,29.69389],[31.377228,29.691621],[31.372105,29.697288],[31.371449,29.69728],[31.375917,29.691509],[31.37505,29.691021],[31.368294,29.697718]]],[[[31.372375,29.729432],[31.371416,29.731233],[31.369769,29.733455],[31.373267,29.735817],[31.374132,29.73473],[31.376781,29.735049],[31.376882,29.733832],[31.375383,29.733504],[31.376424,29.731726],[31.372375,29.729432]]],[[[31.375789,29.721638],[31.37442,29.723199],[31.373708,29.724509],[31.373059,29.726606],[31.37292,29.728051],[31.372375,29.729432],[31.378201,29.730053],[31.388879,29.729443],[31.388808,29.728774],[31.386837,29.728821],[31.386792,29.728272],[31.380686,29.728603],[31.381417,29.725723],[31.380814,29.725764],[31.381253,29.723978],[31.378337,29.723322],[31.378488,29.72244],[31.375789,29.721638]]],[[[31.378346,29.71872],[31.376393,29.720949],[31.38187,29.722064],[31.381969,29.721038],[31.379785,29.720797],[31.380046,29.719821],[31.380618,29.720019],[31.380795,29.719162],[31.378346,29.71872]]],[[[31.394224,29.712765],[31.388239,29.710752],[31.385798,29.710215],[31.379058,29.717907],[31.385583,29.719077],[31.385871,29.718149],[31.389087,29.718881],[31.38935,29.71781],[31.391531,29.71829],[31.39166,29.71705],[31.387842,29.716359],[31.388202,29.714358],[31.390245,29.71486],[31.390258,29.714096],[31.388074,29.713807],[31.388523,29.713097],[31.387628,29.712656],[31.387908,29.712206],[31.394174,29.713738],[31.394224,29.712765]]],[[[31.783997,30.160604],[31.779011,30.145215],[31.775004,30.145592],[31.772724,30.147743],[31.781474,30.160236],[31.783997,30.160604]]],[[[31.685813,29.910012],[31.683298,29.910038],[31.681523,29.910205],[31.679723,29.91085],[31.678507,29.911701],[31.677808,29.911415],[31.67742,29.911473],[31.677044,29.911701],[31.676206,29.91105],[31.675235,29.910559],[31.67343,29.910146],[31.66945,29.910235],[31.668607,29.910418],[31.667823,29.910743],[31.666727,29.911561],[31.666041,29.911302],[31.66221,29.920918],[31.663516,29.921434],[31.66478,29.922024],[31.665994,29.922687],[31.667155,29.92342],[31.668257,29.924219],[31.669295,29.925081],[31.670263,29.926002],[31.671159,29.926977],[31.671977,29.928002],[31.672812,29.929387],[31.673942,29.931974],[31.674761,29.934648],[31.68615,29.932197],[31.685942,29.931627],[31.687222,29.931239],[31.688664,29.930431],[31.68955,29.929618],[31.6904,29.928321],[31.691657,29.923378],[31.691936,29.919599],[31.691382,29.914171],[31.691274,29.913824],[31.691139,29.913484],[31.690979,29.913153],[31.690794,29.912831],[31.690585,29.912521],[31.690353,29.912224],[31.690099,29.911941],[31.689824,29.911673],[31.689529,29.911421],[31.689216,29.911187],[31.688886,29.910972],[31.688539,29.910776],[31.688179,29.9106],[31.687807,29.910446],[31.687423,29.910314],[31.68703,29.910204],[31.68663,29.910117],[31.686224,29.910053],[31.685813,29.910012]]],[[[31.651968,29.897161],[31.652033,29.904494],[31.656336,29.904442],[31.656488,29.897234],[31.651968,29.897161]]],[[[31.518312,30.374871],[31.517951,30.374795],[31.5177,30.375204],[31.517546,30.375119],[31.517433,30.375547],[31.517296,30.37551],[31.517531,30.375008],[31.517387,30.37495],[31.517547,30.37465],[31.51679,30.374403],[31.516718,30.374578],[31.516609,30.374526],[31.516659,30.374374],[31.516383,30.374284],[31.516309,30.374482],[31.516544,30.374586],[31.516157,30.375205],[31.515824,30.375127],[31.515508,30.375547],[31.515846,30.375703],[31.515739,30.375914],[31.51608,30.376072],[31.516154,30.375971],[31.516394,30.376207],[31.516521,30.376047],[31.51662,30.376099],[31.516555,30.376259],[31.51674,30.37633],[31.516864,30.376101],[31.517063,30.376172],[31.51719,30.375959],[31.517426,30.376042],[31.518312,30.374871]]],[[[31.515346,30.380178],[31.515502,30.379903],[31.515851,30.38004],[31.516955,30.378433],[31.516706,30.378302],[31.516781,30.378173],[31.51709,30.378274],[31.51721,30.378053],[31.517083,30.377993],[31.517303,30.377579],[31.517115,30.377489],[31.516649,30.377978],[31.516461,30.377915],[31.516717,30.377567],[31.515812,30.377276],[31.516123,30.376826],[31.516302,30.376888],[31.516487,30.376607],[31.516369,30.376552],[31.51642,30.37635],[31.516044,30.376218],[31.515953,30.376393],[31.515815,30.376325],[31.515914,30.376177],[31.515794,30.376131],[31.51567,30.376277],[31.515671,30.376103],[31.515362,30.376022],[31.515286,30.376135],[31.515108,30.376056],[31.514806,30.376643],[31.515036,30.376702],[31.514847,30.377351],[31.5147,30.377289],[31.514608,30.377479],[31.514467,30.377445],[31.514216,30.377916],[31.513963,30.3778],[31.513871,30.377936],[31.514097,30.378025],[31.514051,30.378129],[31.513808,30.378031],[31.513727,30.378162],[31.513987,30.378233],[31.513753,30.37869],[31.513424,30.378621],[31.513862,30.378766],[31.513545,30.379034],[31.513429,30.378994],[31.513243,30.379397],[31.51346,30.379448],[31.513378,30.379562],[31.513927,30.379746],[31.513984,30.379627],[31.514313,30.379729],[31.514355,30.379891],[31.515346,30.380178]],[[31.51426,30.379102],[31.514295,30.378913],[31.514778,30.379037],[31.515193,30.378475],[31.515049,30.378414],[31.515116,30.378301],[31.514915,30.37823],[31.515052,30.378041],[31.515336,30.378151],[31.5155,30.377977],[31.515767,30.378082],[31.515403,30.378689],[31.515581,30.378739],[31.515468,30.378983],[31.515193,30.378923],[31.515035,30.379112],[31.514816,30.379056],[31.514672,30.379245],[31.51426,30.379102]]],[[[31.547636,30.365838],[31.547038,30.365538],[31.546867,30.36604],[31.547308,30.366257],[31.547138,30.366577],[31.547762,30.366856],[31.547946,30.366672],[31.547439,30.366316],[31.547636,30.365838]]],[[[31.277835,29.707129],[31.277458,29.707148],[31.275787,29.70962],[31.269662,29.713433],[31.269285,29.713548],[31.268919,29.713687],[31.268565,29.713847],[31.268226,29.714029],[31.267901,29.714232],[31.267594,29.714454],[31.267306,29.714695],[31.267037,29.714952],[31.266791,29.715226],[31.266567,29.715514],[31.266367,29.715815],[31.266191,29.716128],[31.266042,29.716451],[31.265919,29.716782],[31.265823,29.71712],[31.265755,29.717463],[31.265715,29.717809],[31.266647,29.721038],[31.266561,29.722971],[31.267144,29.724435],[31.270473,29.721685],[31.273517,29.716425],[31.273349,29.715184],[31.273684,29.713968],[31.274479,29.712928],[31.276336,29.709873],[31.277835,29.707129]]],[[[31.564291,30.411121],[31.565354,30.409962],[31.562904,30.408001],[31.562154,30.408471],[31.561037,30.409509],[31.561412,30.410229],[31.561295,30.410706],[31.561565,30.411043],[31.562201,30.410859],[31.564291,30.411121]]],[[[31.575273,30.41777],[31.573718,30.416522],[31.571534,30.418118],[31.573827,30.419499],[31.575273,30.41777]]],[[[31.393995,29.731094],[31.394789,29.730985],[31.39562,29.73056],[31.396189,29.729882],[31.396402,29.729062],[31.396249,29.72829],[31.395725,29.727573],[31.395065,29.727158],[31.394121,29.726952],[31.393161,29.727093],[31.392347,29.72756],[31.391815,29.728272],[31.391763,29.728402],[31.391721,29.728534],[31.391689,29.728669],[31.391667,29.728806],[31.391656,29.728943],[31.391655,29.729081],[31.391665,29.729218],[31.391685,29.729355],[31.391715,29.72949],[31.391756,29.729623],[31.391807,29.729753],[31.391867,29.72988],[31.391937,29.730004],[31.392016,29.730123],[31.392105,29.730237],[31.392201,29.730346],[31.392306,29.730449],[31.392418,29.730546],[31.392538,29.730635],[31.392664,29.730718],[31.392796,29.730794],[31.392934,29.730861],[31.393076,29.730921],[31.393222,29.730972],[31.393373,29.731014],[31.393526,29.731048],[31.393681,29.731072],[31.393838,29.731088],[31.393995,29.731094]]],[[[31.396394,29.728844],[31.396719,29.730171],[31.396832,29.730371],[31.39696,29.730565],[31.397103,29.73075],[31.39726,29.730925],[31.397431,29.731091],[31.397615,29.731247],[31.397811,29.731391],[31.398017,29.731523],[31.398233,29.731642],[31.398458,29.731748],[31.398691,29.73184],[31.398931,29.731917],[31.399176,29.731981],[31.399426,29.732029],[31.399679,29.732062],[31.399934,29.73208],[31.40019,29.732082],[31.400445,29.732069],[31.400699,29.732041],[31.40095,29.731998],[31.401197,29.731939],[31.401438,29.731866],[31.401674,29.731779],[31.401901,29.731678],[31.402121,29.731563],[31.40233,29.731435],[31.40253,29.731295],[31.402717,29.731143],[31.402892,29.730981],[31.403054,29.730808],[31.403202,29.730626],[31.403335,29.730435],[31.403453,29.730237],[31.403555,29.730032],[31.403641,29.729822],[31.403709,29.729607],[31.403761,29.729388],[31.403795,29.729167],[31.403812,29.728944],[31.403811,29.728721],[31.403792,29.728498],[31.403756,29.728277],[31.403702,29.728059],[31.403632,29.727845],[31.403544,29.727635],[31.403441,29.727431],[31.403321,29.727233],[31.403186,29.727044],[31.403037,29.726863],[31.402873,29.726691],[31.402696,29.72653],[31.402507,29.726379],[31.402307,29.72624],[31.402096,29.726114],[31.401876,29.726001],[31.401647,29.725901],[31.401411,29.725815],[31.401169,29.725744],[31.400921,29.725687],[31.40067,29.725645],[31.400416,29.725619],[31.400161,29.725608],[31.399905,29.725612],[31.39965,29.725632],[31.399398,29.725666],[31.399148,29.725716],[31.398904,29.725781],[31.398665,29.725861],[31.398433,29.725954],[31.398208,29.726062],[31.397993,29.726182],[31.397788,29.726316],[31.397594,29.726461],[31.397411,29.726617],[31.397242,29.726785],[31.397086,29.726962],[31.396945,29.727147],[31.396818,29.727341],[31.396707,29.727543],[31.396612,29.72775],[31.396534,29.727962],[31.396473,29.728179],[31.396429,29.728399],[31.396403,29.728621],[31.396394,29.728844]]],[[[31.684805,30.194313],[31.692166,30.179085],[31.672132,30.181271],[31.663825,30.193229],[31.67818,30.196097],[31.680601,30.19593],[31.684805,30.194313]]],[[[31.693717,30.299763],[31.714395,30.277004],[31.710352,30.274474],[31.703865,30.281452],[31.699907,30.279145],[31.695862,30.283402],[31.694563,30.282852],[31.689263,30.288409],[31.69035,30.289375],[31.689083,30.291571],[31.691332,30.293085],[31.688885,30.296105],[31.693717,30.299763]]],[[[31.690917,30.302823],[31.682873,30.296683],[31.672151,30.306303],[31.673781,30.307871],[31.660189,30.320983],[31.663733,30.323466],[31.67146,30.323809],[31.67623,30.319157],[31.690917,30.302823]]],[[[31.30961,29.701763],[31.309047,29.702852],[31.308349,29.70269],[31.307669,29.704114],[31.308475,29.704315],[31.308271,29.704771],[31.306786,29.705879],[31.309581,29.70622],[31.308867,29.708331],[31.306601,29.707786],[31.306052,29.709193],[31.305269,29.708915],[31.304956,29.70935],[31.305611,29.709416],[31.305071,29.710326],[31.30557,29.710581],[31.305862,29.711386],[31.306899,29.712221],[31.305846,29.713697],[31.304789,29.714154],[31.307818,29.713512],[31.307923,29.71487],[31.306742,29.715482],[31.305613,29.715652],[31.308253,29.717387],[31.310746,29.719525],[31.313889,29.723743],[31.317456,29.721895],[31.317992,29.722523],[31.320497,29.721996],[31.319564,29.714979],[31.32943,29.714236],[31.328717,29.713726],[31.328353,29.71304],[31.328172,29.70907],[31.326449,29.708858],[31.318969,29.705723],[31.315975,29.704851],[31.312138,29.709741],[31.311461,29.709374],[31.311309,29.706209],[31.312757,29.703363],[31.30961,29.701763]]],[[[31.279083,29.647991],[31.279023,29.647513],[31.280316,29.647799],[31.281264,29.647271],[31.279126,29.644686],[31.278264,29.648552],[31.279312,29.648591],[31.279658,29.648357],[31.279083,29.647991]]],[[[31.284911,29.65168],[31.282705,29.649013],[31.281274,29.649781],[31.281265,29.650288],[31.280853,29.650372],[31.279797,29.650239],[31.279921,29.650957],[31.280807,29.651088],[31.281109,29.65139],[31.284911,29.65168]]],[[[31.284918,29.687078],[31.293873,29.677083],[31.294434,29.676593],[31.294961,29.676075],[31.295452,29.675531],[31.295906,29.674963],[31.296322,29.674372],[31.296697,29.673762],[31.297031,29.673134],[31.297323,29.672489],[31.297571,29.671831],[31.297715,29.671168],[31.297809,29.670497],[31.297851,29.669823],[31.297842,29.669147],[31.297782,29.668474],[31.297671,29.667806],[31.29751,29.667145],[31.297299,29.666495],[31.297039,29.665859],[31.296731,29.66524],[31.296376,29.664639],[31.295977,29.664061],[31.295535,29.663507],[31.295052,29.662979],[31.29453,29.662481],[31.293473,29.661967],[31.292603,29.661233],[31.291864,29.660083],[31.285438,29.652316],[31.282051,29.65195],[31.283678,29.655034],[31.282314,29.654927],[31.281211,29.65545],[31.280466,29.655052],[31.279965,29.654389],[31.27911,29.654467],[31.278824,29.65521],[31.279057,29.655571],[31.279707,29.65552],[31.281812,29.656293],[31.282026,29.655788],[31.28333,29.655447],[31.284011,29.657605],[31.278543,29.657683],[31.2786,29.65831],[31.277507,29.658326],[31.276513,29.656401],[31.273229,29.671118],[31.275759,29.671696],[31.274723,29.67469],[31.27412,29.674778],[31.271167,29.680359],[31.270055,29.685337],[31.27817,29.686718],[31.284014,29.688569],[31.283905,29.688093],[31.284047,29.687628],[31.284405,29.687267],[31.284918,29.687078]],[[31.273346,29.680479],[31.273255,29.679978],[31.274365,29.680039],[31.274717,29.680258],[31.274306,29.680301],[31.273728,29.680556],[31.273346,29.680479]],[[31.273519,29.679302],[31.273488,29.678619],[31.273868,29.678743],[31.273902,29.678386],[31.274799,29.67866],[31.274545,29.679158],[31.275087,29.679404],[31.275165,29.679644],[31.273519,29.679302]],[[31.280257,29.677245],[31.280536,29.676914],[31.279558,29.67652],[31.279004,29.67699],[31.278234,29.677219],[31.278352,29.676743],[31.277265,29.676347],[31.276986,29.676677],[31.275897,29.676377],[31.275834,29.676901],[31.275029,29.676555],[31.276108,29.673658],[31.277578,29.674011],[31.277127,29.674817],[31.278488,29.675169],[31.278876,29.67484],[31.279253,29.675179],[31.279625,29.675804],[31.28102,29.674151],[31.282006,29.674069],[31.28138,29.675493],[31.282466,29.675937],[31.283127,29.675659],[31.283718,29.676287],[31.282954,29.676182],[31.282607,29.677275],[31.283262,29.677379],[31.284252,29.67701],[31.284132,29.677629],[31.283574,29.678291],[31.280257,29.677245]]],[[[31.310174,29.700284],[31.31015,29.699317],[31.310559,29.699358],[31.310892,29.699076],[31.31075,29.697785],[31.311044,29.697359],[31.311305,29.696467],[31.312578,29.696376],[31.312382,29.695836],[31.312428,29.695515],[31.3126,29.695051],[31.312889,29.694948],[31.313258,29.694952],[31.313251,29.695346],[31.314355,29.695575],[31.31383,29.695067],[31.313893,29.693779],[31.314301,29.693891],[31.314473,29.693428],[31.314889,29.693075],[31.314733,29.692572],[31.315393,29.692365],[31.315677,29.692548],[31.315507,29.692904],[31.316776,29.693063],[31.318293,29.690612],[31.319397,29.69084],[31.319829,29.689485],[31.318541,29.68918],[31.318075,29.688618],[31.317916,29.688055],[31.317931,29.687706],[31.31863,29.687644],[31.318694,29.686212],[31.317956,29.686203],[31.318456,29.685473],[31.318635,29.684468],[31.318413,29.68364],[31.317732,29.68244],[31.317758,29.680864],[31.318055,29.680949],[31.318305,29.680785],[31.318304,29.68053],[31.318053,29.680367],[31.318051,29.680253],[31.318058,29.680139],[31.318073,29.680026],[31.318098,29.679914],[31.318131,29.679804],[31.318174,29.679696],[31.318224,29.679591],[31.318283,29.679489],[31.31835,29.679391],[31.318425,29.679298],[31.318506,29.679209],[31.318595,29.679125],[31.31869,29.679047],[31.318791,29.678975],[31.318898,29.678909],[31.32008,29.679318],[31.319629,29.676842],[31.319989,29.674948],[31.319574,29.672794],[31.319109,29.671177],[31.317257,29.671583],[31.316922,29.669538],[31.315282,29.669517],[31.314573,29.670188],[31.314161,29.670362],[31.31388,29.67],[31.313894,29.669141],[31.312599,29.668122],[31.311406,29.668357],[31.311368,29.667934],[31.311298,29.667513],[31.311198,29.667098],[31.311067,29.666688],[31.310906,29.666288],[31.310716,29.665897],[31.310497,29.665517],[31.31025,29.665151],[31.309977,29.6648],[31.309678,29.664464],[31.309355,29.664147],[31.309009,29.663848],[31.308642,29.663569],[31.308254,29.663312],[31.307849,29.663077],[31.307427,29.662866],[31.30699,29.662679],[31.307377,29.661609],[31.309552,29.66153],[31.309603,29.660922],[31.308457,29.6608],[31.308472,29.659905],[31.309331,29.660023],[31.309462,29.659523],[31.310158,29.659568],[31.309672,29.656769],[31.309147,29.656227],[31.308294,29.65582],[31.308835,29.655361],[31.309625,29.656019],[31.310279,29.656206],[31.31083,29.65621],[31.313232,29.654737],[31.313283,29.654092],[31.312904,29.653535],[31.312475,29.653315],[31.311007,29.652954],[31.312912,29.650651],[31.309827,29.649326],[31.308969,29.649789],[31.308401,29.649423],[31.308015,29.650457],[31.310175,29.651236],[31.308042,29.651281],[31.307292,29.651987],[31.307281,29.652632],[31.306792,29.652482],[31.306825,29.655419],[31.304882,29.661231],[31.305018,29.662916],[31.304747,29.66326],[31.304653,29.662697],[31.303263,29.662464],[31.302189,29.660481],[31.302077,29.659799],[31.302979,29.659846],[31.303369,29.658562],[31.30289,29.657804],[31.302153,29.657759],[31.301653,29.658218],[31.301912,29.657469],[31.301942,29.655643],[31.302124,29.654571],[31.303008,29.655657],[31.30302,29.654941],[31.304136,29.654382],[31.303668,29.65298],[31.304866,29.652458],[31.304747,29.654641],[31.305728,29.654796],[31.306106,29.6543],[31.30638,29.652584],[31.305582,29.64885],[31.305991,29.648891],[31.30672,29.651873],[31.307178,29.651449],[31.306884,29.64944],[31.307486,29.650235],[31.308115,29.649348],[31.307765,29.648479],[31.302221,29.646333],[31.29306,29.643526],[31.28931,29.642673],[31.279934,29.641063],[31.296808,29.653845],[31.297623,29.654617],[31.298374,29.655439],[31.299056,29.656306],[31.299664,29.657213],[31.300198,29.658156],[31.300652,29.659129],[31.301026,29.660128],[31.301318,29.661148],[31.301525,29.662184],[31.301647,29.66323],[31.301683,29.664281],[31.301082,29.66997],[31.300573,29.671803],[31.299802,29.673565],[31.301312,29.673985],[31.303123,29.673978],[31.303439,29.674738],[31.306436,29.67411],[31.306317,29.673004],[31.310104,29.673381],[31.310105,29.673585],[31.306851,29.673757],[31.307121,29.673999],[31.310127,29.674068],[31.310117,29.67439],[31.309545,29.674353],[31.307336,29.675435],[31.307468,29.675735],[31.310065,29.675738],[31.310162,29.676067],[31.308007,29.676159],[31.308135,29.676698],[31.310047,29.676782],[31.30994,29.677079],[31.307615,29.677109],[31.307391,29.676241],[31.305751,29.67622],[31.304676,29.677161],[31.303895,29.676853],[31.30297,29.67696],[31.302179,29.681337],[31.300141,29.680595],[31.300965,29.680396],[31.30192,29.680468],[31.302182,29.679159],[31.30119,29.679176],[31.300519,29.678481],[31.302432,29.678475],[31.302475,29.677969],[31.300732,29.678006],[31.298069,29.676152],[31.296819,29.677479],[31.289113,29.687471],[31.290367,29.688327],[31.290606,29.688735],[31.29145,29.688961],[31.29165,29.690014],[31.291973,29.690329],[31.292631,29.690242],[31.292708,29.690505],[31.292106,29.690569],[31.291855,29.690852],[31.292092,29.692402],[31.294227,29.693601],[31.297843,29.695938],[31.30961,29.701763],[31.310077,29.701178],[31.309672,29.700887],[31.310174,29.700284]],[[31.295432,29.684267],[31.29483,29.683483],[31.293801,29.683709],[31.293959,29.682398],[31.29468,29.681483],[31.295257,29.682474],[31.297166,29.682737],[31.296268,29.683323],[31.295432,29.684267]]],[[[31.27817,29.686718],[31.270055,29.685337],[31.260167,29.72961],[31.262864,29.730069],[31.263824,29.726612],[31.264266,29.71523],[31.269766,29.710289],[31.270381,29.710105],[31.27098,29.709885],[31.271562,29.709631],[31.272122,29.709343],[31.272659,29.709023],[31.273169,29.708672],[31.273652,29.708292],[31.274104,29.707884],[31.274524,29.707451],[31.274909,29.706994],[31.275259,29.706515],[31.27557,29.706017],[31.275843,29.705502],[31.276075,29.704972],[31.276265,29.704429],[31.278325,29.696562],[31.284126,29.689443],[31.284014,29.688569],[31.27817,29.686718]]]]}},{"type":"Feature","properties":{"landuse_value":3,"landuse_code":3,"landuse_label":"مباني","source_feature_count":159,"area_km2":141.162417},"geometry":{"type":"MultiPolygon","coordinates":[[[[31.681267,30.288014],[31.678373,30.285937],[31.674696,30.289337],[31.677506,30.291449],[31.681267,30.288014]]],[[[31.675903,30.29137],[31.67386,30.289822],[31.672494,30.291217],[31.673336,30.291989],[31.671542,30.293582],[31.672686,30.294449],[31.675903,30.29137]]],[[[31.703576,30.237661],[31.700613,30.235709],[31.699539,30.237127],[31.702398,30.23901],[31.703576,30.237661]]],[[[31.714453,30.244438],[31.712365,30.243006],[31.709815,30.24581],[31.711903,30.247241],[31.714453,30.244438]]],[[[31.60486,30.34918],[31.606176,30.344276],[31.60793,30.340607],[31.608045,30.340152],[31.600733,30.340174],[31.595443,30.338342],[31.598404,30.347908],[31.601359,30.347557],[31.601786,30.350045],[31.599269,30.350571],[31.600193,30.353008],[31.604389,30.351424],[31.60486,30.34918]]],[[[31.577459,30.362019],[31.580419,30.360474],[31.58536,30.358609],[31.579762,30.356656],[31.57238,30.354485],[31.571198,30.358483],[31.575209,30.359844],[31.577459,30.362019]]],[[[31.593765,30.355831],[31.593908,30.356067],[31.594922,30.355605],[31.594779,30.355369],[31.593765,30.355831]]],[[[31.57623,30.382069],[31.580689,30.379325],[31.57827,30.377238],[31.577069,30.378419],[31.578187,30.379171],[31.577493,30.379569],[31.575369,30.37797],[31.573098,30.380786],[31.575603,30.3827],[31.57623,30.382069]]],[[[31.551078,30.415511],[31.552551,30.416775],[31.55281,30.415456],[31.551194,30.412967],[31.550406,30.413173],[31.551078,30.415511]]],[[[31.575726,30.418135],[31.575273,30.41777],[31.573827,30.419499],[31.571534,30.418118],[31.573718,30.416522],[31.565354,30.409962],[31.564291,30.411121],[31.562201,30.410859],[31.561565,30.411043],[31.561295,30.410706],[31.561412,30.410229],[31.561037,30.409509],[31.562154,30.408471],[31.562904,30.408001],[31.561974,30.407258],[31.56134,30.407603],[31.560834,30.408313],[31.561188,30.40858],[31.560936,30.408863],[31.560059,30.408591],[31.560118,30.408282],[31.560672,30.408121],[31.560625,30.407523],[31.560045,30.407636],[31.559856,30.407419],[31.561268,30.406862],[31.560506,30.406257],[31.558027,30.408187],[31.558599,30.408575],[31.559099,30.408294],[31.559941,30.409139],[31.559493,30.409611],[31.559817,30.410021],[31.558426,30.410984],[31.557664,30.410379],[31.557055,30.410587],[31.556708,30.409819],[31.557208,30.409539],[31.556856,30.409129],[31.556438,30.409458],[31.555602,30.408279],[31.554704,30.407506],[31.555065,30.407295],[31.555018,30.406769],[31.55449,30.407073],[31.554443,30.406524],[31.554247,30.406713],[31.554213,30.407214],[31.553876,30.407616],[31.554366,30.408027],[31.553862,30.408547],[31.554107,30.408788],[31.55486,30.408104],[31.555322,30.408563],[31.554236,30.409339],[31.553384,30.409257],[31.554281,30.410055],[31.555366,30.409279],[31.555499,30.409615],[31.555944,30.409357],[31.556534,30.41039],[31.555534,30.411024],[31.554991,30.410469],[31.554657,30.410728],[31.555411,30.411834],[31.554381,30.412587],[31.55407,30.41318],[31.554421,30.413614],[31.554198,30.413826],[31.553789,30.413535],[31.553567,30.413652],[31.554001,30.414087],[31.553195,30.414555],[31.552381,30.413734],[31.552565,30.414504],[31.553309,30.415282],[31.552964,30.417129],[31.565864,30.428194],[31.569188,30.425242],[31.571713,30.422729],[31.573639,30.420656],[31.575726,30.418135]]],[[[31.55589,30.40213],[31.55049,30.397654],[31.550223,30.398252],[31.549404,30.397766],[31.549094,30.397762],[31.549773,30.398396],[31.549426,30.398601],[31.549018,30.398239],[31.548773,30.398505],[31.549214,30.398957],[31.547951,30.400555],[31.545903,30.399368],[31.545688,30.399962],[31.548448,30.401873],[31.546202,30.402475],[31.546333,30.402924],[31.548474,30.40247],[31.549031,30.404386],[31.547476,30.404757],[31.548182,30.405928],[31.54978,30.404961],[31.55001,30.40568],[31.550524,30.405805],[31.551324,30.405247],[31.551862,30.406178],[31.552419,30.405707],[31.552996,30.40628],[31.55299,30.406728],[31.553853,30.406528],[31.553793,30.40611],[31.553417,30.405778],[31.553495,30.405122],[31.553222,30.40497],[31.552872,30.405354],[31.552771,30.405174],[31.552915,30.404787],[31.553722,30.403722],[31.553484,30.40354],[31.552786,30.404219],[31.552309,30.403885],[31.553078,30.403088],[31.553694,30.403334],[31.554776,30.402301],[31.555181,30.402873],[31.55589,30.40213]]],[[[31.541169,30.400378],[31.539464,30.398353],[31.535553,30.400243],[31.537845,30.402118],[31.541169,30.400378]]],[[[31.585325,30.399285],[31.588737,30.401747],[31.590295,30.399421],[31.587075,30.39707],[31.585325,30.399285]]],[[[31.583185,30.402913],[31.582387,30.401752],[31.581013,30.402463],[31.580777,30.40212],[31.579972,30.402535],[31.579269,30.402172],[31.578471,30.403116],[31.58033,30.404539],[31.581778,30.403449],[31.583185,30.402913]]],[[[31.560101,30.383599],[31.557339,30.380932],[31.555476,30.383112],[31.556429,30.384349],[31.558056,30.385558],[31.560101,30.383599]]],[[[31.568419,30.38154],[31.565823,30.37975],[31.564942,30.38071],[31.563569,30.379763],[31.560674,30.38305],[31.564239,30.386372],[31.568419,30.38154]]],[[[31.558056,30.385558],[31.556429,30.384349],[31.555476,30.383112],[31.558209,30.379914],[31.557474,30.37946],[31.550706,30.386308],[31.551169,30.386648],[31.550862,30.386883],[31.550181,30.386422],[31.549677,30.386966],[31.550008,30.387162],[31.549503,30.38791],[31.548706,30.387506],[31.547896,30.388708],[31.54858,30.389054],[31.548408,30.389308],[31.547702,30.38895],[31.547383,30.389423],[31.548313,30.389894],[31.550401,30.387396],[31.551888,30.388279],[31.552954,30.386954],[31.552191,30.386444],[31.552721,30.385804],[31.556182,30.387742],[31.558056,30.385558]]],[[[31.547403,30.390983],[31.546849,30.390686],[31.546494,30.391184],[31.545976,30.390907],[31.545619,30.391408],[31.546302,30.391774],[31.544524,30.394145],[31.547701,30.395289],[31.548866,30.393426],[31.546322,30.392276],[31.547403,30.390983]]],[[[31.556958,30.399781],[31.558861,30.397725],[31.556811,30.396167],[31.556693,30.396295],[31.556546,30.396179],[31.556614,30.396072],[31.556404,30.395769],[31.555873,30.39534],[31.555693,30.395231],[31.555526,30.395365],[31.55542,30.395257],[31.554683,30.395722],[31.553976,30.396549],[31.554068,30.397736],[31.554522,30.398728],[31.554161,30.398962],[31.553561,30.398526],[31.553225,30.398902],[31.555012,30.400319],[31.555843,30.399867],[31.556958,30.399781]]],[[[31.553976,30.396549],[31.555029,30.395439],[31.55542,30.395257],[31.555526,30.395365],[31.555693,30.395231],[31.556404,30.395769],[31.556614,30.396072],[31.556546,30.396179],[31.556693,30.396295],[31.556811,30.396167],[31.556981,30.39632],[31.557957,30.395519],[31.557248,30.395034],[31.557751,30.394514],[31.556768,30.39393],[31.556019,30.394328],[31.554938,30.39401],[31.553985,30.394043],[31.552078,30.392685],[31.55132,30.393679],[31.551648,30.393826],[31.552073,30.393043],[31.552753,30.393599],[31.552083,30.394213],[31.552105,30.394571],[31.552841,30.395425],[31.553256,30.396852],[31.553976,30.396549]]],[[[31.555283,30.400121],[31.555012,30.400319],[31.555726,30.400885],[31.556005,30.400629],[31.555283,30.400121]]],[[[31.555966,30.401075],[31.556586,30.401567],[31.560636,30.404875],[31.560943,30.404539],[31.560086,30.40395],[31.560407,30.403599],[31.559741,30.403141],[31.559979,30.402881],[31.559025,30.402202],[31.558454,30.402626],[31.557432,30.401922],[31.557642,30.40171],[31.556321,30.40068],[31.555966,30.401075]]],[[[31.584287,30.407567],[31.577547,30.402409],[31.568736,30.408329],[31.567433,30.406997],[31.566797,30.40754],[31.565885,30.406664],[31.565329,30.407001],[31.566235,30.408019],[31.565916,30.408292],[31.564687,30.407388],[31.564511,30.407534],[31.563778,30.40687],[31.564014,30.406674],[31.562796,30.405572],[31.562075,30.40605],[31.576197,30.417555],[31.584287,30.407567]]],[[[31.566441,30.392774],[31.561472,30.388498],[31.560942,30.388925],[31.561869,30.389556],[31.561474,30.390196],[31.562372,30.390946],[31.560946,30.392386],[31.561902,30.392898],[31.562628,30.392214],[31.564295,30.393139],[31.565705,30.392701],[31.566441,30.392774]]],[[[31.561598,30.388606],[31.566441,30.392774],[31.567339,30.392075],[31.566741,30.391591],[31.569711,30.389252],[31.568658,30.388484],[31.566125,30.391095],[31.565021,30.390545],[31.565697,30.389526],[31.563411,30.387687],[31.562485,30.388822],[31.561749,30.388361],[31.561598,30.388606]]],[[[31.568345,30.402661],[31.569235,30.402098],[31.568707,30.401472],[31.567818,30.402035],[31.568345,30.402661]]],[[[31.539777,30.392559],[31.54108,30.392995],[31.541506,30.392508],[31.540938,30.392177],[31.541218,30.391816],[31.540891,30.391626],[31.539777,30.392559]]],[[[31.540254,30.390737],[31.540971,30.389924],[31.540251,30.389477],[31.539847,30.390007],[31.53965,30.38989],[31.539441,30.390242],[31.540254,30.390737]]],[[[31.536264,30.390922],[31.535941,30.391278],[31.539509,30.39247],[31.539994,30.391938],[31.539798,30.391783],[31.540135,30.391328],[31.539851,30.391172],[31.53938,30.391759],[31.537451,30.391088],[31.537205,30.391372],[31.536264,30.390922]]],[[[31.537879,30.390501],[31.538036,30.390292],[31.538189,30.390332],[31.538665,30.389478],[31.538447,30.389323],[31.538202,30.389492],[31.537742,30.389315],[31.538056,30.388956],[31.537401,30.388528],[31.537245,30.38866],[31.536698,30.388425],[31.536541,30.388614],[31.537175,30.388946],[31.536768,30.389307],[31.537494,30.389675],[31.536935,30.390261],[31.537219,30.390398],[31.537377,30.39019],[31.537879,30.390501]]],[[[31.529783,30.390409],[31.516487,30.385821],[31.523234,30.391614],[31.523524,30.391126],[31.525133,30.391682],[31.525838,30.390585],[31.528817,30.391634],[31.529783,30.390409]]],[[[31.53434,30.390743],[31.536999,30.387469],[31.535025,30.386243],[31.534567,30.386924],[31.532958,30.386369],[31.53253,30.387348],[31.53376,30.387959],[31.533526,30.388314],[31.532829,30.387968],[31.532519,30.388438],[31.529014,30.387667],[31.528766,30.388142],[31.525723,30.386794],[31.525189,30.387694],[31.53434,30.390743]]],[[[31.520221,30.386039],[31.524208,30.387367],[31.524592,30.386453],[31.520587,30.385035],[31.520221,30.386039]]],[[[31.518382,30.365317],[31.517598,30.364943],[31.518285,30.363861],[31.517159,30.363323],[31.51763,30.362582],[31.51644,30.362014],[31.516178,30.362426],[31.506149,30.357636],[31.505017,30.358718],[31.502559,30.357437],[31.500794,30.360311],[31.501957,30.360802],[31.503023,30.360814],[31.50427,30.360291],[31.504556,30.360353],[31.505881,30.360896],[31.506932,30.361784],[31.507527,30.361104],[31.507663,30.361225],[31.508224,30.360545],[31.509006,30.361151],[31.508655,30.361594],[31.511317,30.36385],[31.511106,30.364182],[31.51206,30.364638],[31.512857,30.363382],[31.515879,30.364825],[31.514855,30.366438],[31.516005,30.366987],[31.516309,30.366509],[31.517319,30.366991],[31.518382,30.365317]]],[[[31.508168,30.378676],[31.508644,30.378156],[31.509396,30.378552],[31.509848,30.378199],[31.510181,30.378584],[31.510331,30.378481],[31.509871,30.377979],[31.509989,30.377823],[31.509184,30.377159],[31.509363,30.376956],[31.5092,30.376806],[31.509269,30.376625],[31.50905,30.376532],[31.508977,30.376651],[31.508294,30.376331],[31.508416,30.376191],[31.508275,30.376098],[31.508207,30.376208],[31.507654,30.375967],[31.507554,30.376062],[31.507303,30.37593],[31.50737,30.37583],[31.506987,30.375692],[31.507072,30.37555],[31.506364,30.375399],[31.506168,30.375606],[31.506725,30.375909],[31.506865,30.375729],[31.507427,30.376055],[31.507309,30.376255],[31.507903,30.376682],[31.507735,30.376832],[31.508211,30.377256],[31.507387,30.378005],[31.508168,30.378676]]],[[[31.499717,30.371417],[31.502543,30.372028],[31.501753,30.373166],[31.502344,30.373674],[31.503399,30.372307],[31.505078,30.372803],[31.503932,30.375038],[31.504348,30.375395],[31.506071,30.373143],[31.50795,30.374],[31.508165,30.373495],[31.505707,30.372154],[31.505429,30.37233],[31.503817,30.371953],[31.504139,30.371151],[31.502225,30.370324],[31.501761,30.371393],[31.499195,30.370379],[31.499485,30.369427],[31.498079,30.369112],[31.497641,30.369633],[31.499717,30.371417]]],[[[31.514437,30.382641],[31.514589,30.382396],[31.515216,30.382475],[31.515275,30.382347],[31.514836,30.382191],[31.514942,30.381978],[31.51477,30.381918],[31.51483,30.381761],[31.514949,30.381809],[31.515059,30.381632],[31.514891,30.381554],[31.515144,30.381181],[31.51537,30.381284],[31.515439,30.381056],[31.515292,30.380993],[31.515444,30.380759],[31.515707,30.380862],[31.515663,30.380711],[31.516121,30.380218],[31.51616,30.380083],[31.51598,30.379988],[31.516264,30.379497],[31.51661,30.379583],[31.516691,30.379434],[31.516391,30.379326],[31.516488,30.379177],[31.517394,30.37932],[31.5175,30.379135],[31.517065,30.378976],[31.517201,30.378755],[31.516918,30.37862],[31.51707,30.378342],[31.517511,30.378412],[31.517584,30.378244],[31.517457,30.378196],[31.517802,30.37776],[31.517909,30.377793],[31.51822,30.377166],[31.518384,30.377233],[31.518499,30.37703],[31.519156,30.377231],[31.519076,30.377359],[31.52035,30.377753],[31.520447,30.377611],[31.518508,30.376948],[31.518644,30.376706],[31.51836,30.376602],[31.51783,30.376471],[31.517716,30.376638],[31.517519,30.376564],[31.517657,30.376412],[31.517391,30.376287],[31.517517,30.376106],[31.517665,30.376157],[31.517733,30.376015],[31.517573,30.37596],[31.517693,30.375777],[31.517963,30.375884],[31.51816,30.375588],[31.517948,30.375487],[31.518058,30.375259],[31.518455,30.375397],[31.518575,30.375211],[31.518377,30.375122],[31.518509,30.3749],[31.518338,30.374833],[31.51891,30.374],[31.519177,30.374087],[31.519256,30.373888],[31.519455,30.37395],[31.51956,30.373793],[31.519057,30.373593],[31.518879,30.373997],[31.518523,30.373882],[31.518434,30.37409],[31.518588,30.374155],[31.518454,30.374356],[31.518347,30.37434],[31.518134,30.374782],[31.516934,30.374323],[31.517016,30.374092],[31.516618,30.37394],[31.516783,30.373677],[31.517164,30.373832],[31.517228,30.373711],[31.517786,30.37395],[31.518387,30.373004],[31.518177,30.372927],[31.5183,30.37272],[31.518554,30.372322],[31.51873,30.372396],[31.518811,30.372254],[31.518027,30.371965],[31.518159,30.371677],[31.518615,30.371854],[31.51874,30.371218],[31.518564,30.371141],[31.518669,30.371006],[31.519181,30.371252],[31.519287,30.371095],[31.518983,30.370977],[31.519316,30.370519],[31.519082,30.370427],[31.51932,30.370014],[31.51948,30.370095],[31.519847,30.36982],[31.519932,30.369659],[31.519801,30.369611],[31.519951,30.369259],[31.520336,30.369428],[31.520392,30.369278],[31.520179,30.3692],[31.520376,30.368977],[31.52013,30.368852],[31.520371,30.368504],[31.520776,30.368731],[31.521181,30.368184],[31.520754,30.368021],[31.522264,30.366249],[31.523869,30.366625],[31.527176,30.369098],[31.528566,30.367126],[31.522374,30.364424],[31.521087,30.366891],[31.520797,30.366783],[31.52059,30.36711],[31.521062,30.367305],[31.520623,30.367913],[31.520213,30.367718],[31.520086,30.367928],[31.52048,30.36809],[31.519969,30.368836],[31.519531,30.368631],[31.519394,30.368908],[31.519776,30.369074],[31.519289,30.369845],[31.51883,30.369608],[31.518737,30.36975],[31.51918,30.369962],[31.519087,30.37009],[31.518686,30.369857],[31.5185,30.370155],[31.518968,30.370336],[31.518266,30.371424],[31.517754,30.371182],[31.517563,30.371495],[31.518027,30.371675],[31.517684,30.372234],[31.517335,30.372122],[31.517216,30.37235],[31.517511,30.372461],[31.517165,30.372973],[31.516767,30.372825],[31.516669,30.373017],[31.517009,30.373161],[31.516634,30.373697],[31.516154,30.37348],[31.516086,30.373591],[31.516554,30.373786],[31.516372,30.374066],[31.516085,30.373934],[31.516013,30.374052],[31.516272,30.374155],[31.515941,30.374706],[31.515055,30.374281],[31.514794,30.374614],[31.515187,30.374841],[31.515305,30.374724],[31.515739,30.374937],[31.515571,30.375167],[31.515349,30.375057],[31.515181,30.375249],[31.515054,30.375179],[31.514666,30.375709],[31.511988,30.374779],[31.51184,30.374992],[31.511942,30.37509],[31.512117,30.374971],[31.512383,30.375145],[31.512476,30.375],[31.513047,30.3752],[31.512858,30.375376],[31.512994,30.375446],[31.513207,30.375255],[31.51363,30.375392],[31.513231,30.375853],[31.513325,30.375905],[31.513582,30.375585],[31.513992,30.375758],[31.513895,30.375904],[31.514002,30.375927],[31.514129,30.375749],[31.514494,30.375936],[31.514628,30.37578],[31.514743,30.375853],[31.514632,30.376081],[31.51487,30.376155],[31.514522,30.376774],[31.51426,30.376646],[31.514213,30.376756],[31.514442,30.376877],[31.513919,30.377612],[31.513468,30.377396],[31.512936,30.378167],[31.513374,30.378408],[31.513154,30.378728],[31.512674,30.378551],[31.512205,30.379244],[31.512349,30.37931],[31.51228,30.379481],[31.51207,30.37941],[31.5118,30.379815],[31.512029,30.379925],[31.511915,30.380153],[31.511717,30.380097],[31.511641,30.380215],[31.51196,30.380394],[31.51163,30.38092],[31.511265,30.38079],[31.51123,30.380912],[31.511468,30.381011],[31.511262,30.381334],[31.511683,30.381696],[31.511885,30.381381],[31.512416,30.381539],[31.512449,30.381403],[31.511668,30.381143],[31.511824,30.380846],[31.513235,30.381295],[31.513292,30.381203],[31.513665,30.381312],[31.513702,30.381175],[31.511957,30.380678],[31.512106,30.380438],[31.512818,30.380661],[31.512932,30.380411],[31.512617,30.380315],[31.512699,30.38011],[31.513271,30.380311],[31.51337,30.380148],[31.513195,30.380101],[31.51335,30.379849],[31.513224,30.379779],[31.513344,30.379611],[31.51382,30.379783],[31.513704,30.379967],[31.513851,30.380034],[31.513984,30.379851],[31.51421,30.379919],[31.51404,30.380221],[31.514225,30.380289],[31.514353,30.380022],[31.514538,30.380096],[31.514598,30.380004],[31.514731,30.380047],[31.514601,30.380261],[31.514714,30.380307],[31.514746,30.38022],[31.514948,30.380318],[31.515074,30.380138],[31.515388,30.380241],[31.515261,30.380538],[31.515463,30.380612],[31.515323,30.380861],[31.515076,30.380776],[31.515021,30.380872],[31.515234,30.380953],[31.514736,30.38166],[31.514223,30.381472],[31.514138,30.381635],[31.514339,30.381738],[31.514186,30.381987],[31.51396,30.381923],[31.51375,30.38243],[31.514132,30.38257],[31.514069,30.382659],[31.514542,30.382789],[31.514601,30.382704],[31.514437,30.382641]],[[31.513378,30.379562],[31.51346,30.379448],[31.513243,30.379397],[31.513429,30.378994],[31.513545,30.379034],[31.513862,30.378766],[31.513445,30.378573],[31.513753,30.37869],[31.513987,30.378233],[31.513727,30.378162],[31.513808,30.378031],[31.514051,30.378129],[31.514097,30.378025],[31.513871,30.377936],[31.513963,30.3778],[31.514216,30.377916],[31.514467,30.377445],[31.514608,30.377479],[31.5147,30.377289],[31.514847,30.377351],[31.515036,30.376702],[31.514806,30.376643],[31.515108,30.376056],[31.515671,30.376103],[31.51567,30.376277],[31.515794,30.376131],[31.515914,30.376177],[31.515815,30.376325],[31.515953,30.376393],[31.516044,30.376218],[31.51642,30.37635],[31.516369,30.376552],[31.516487,30.376607],[31.516302,30.376888],[31.516123,30.376826],[31.515812,30.377276],[31.516717,30.377567],[31.516461,30.377915],[31.516649,30.377978],[31.516913,30.37759],[31.517013,30.377643],[31.517115,30.377489],[31.517303,30.377579],[31.517083,30.377993],[31.51721,30.378053],[31.51709,30.378274],[31.516781,30.378173],[31.516706,30.378302],[31.516955,30.378433],[31.515851,30.38004],[31.515502,30.379903],[31.515346,30.380178],[31.514355,30.379891],[31.514313,30.379729],[31.513984,30.379627],[31.513927,30.379746],[31.513378,30.379562]],[[31.516555,30.376259],[31.51662,30.376099],[31.516521,30.376047],[31.516394,30.376207],[31.516154,30.375971],[31.51608,30.376072],[31.515739,30.375914],[31.515846,30.375703],[31.515508,30.375547],[31.515824,30.375127],[31.516157,30.375205],[31.516544,30.374586],[31.516309,30.374482],[31.516383,30.374284],[31.516659,30.374374],[31.516609,30.374526],[31.516718,30.374578],[31.51679,30.374403],[31.517547,30.37465],[31.517387,30.37495],[31.517531,30.375008],[31.517296,30.37551],[31.517433,30.375547],[31.517546,30.375119],[31.5177,30.375204],[31.517951,30.374795],[31.518312,30.374871],[31.517426,30.376042],[31.51719,30.375959],[31.517063,30.376172],[31.516864,30.376101],[31.51674,30.37633],[31.516555,30.376259]]],[[[31.533895,30.372718],[31.535173,30.370118],[31.53433,30.369539],[31.53289,30.370881],[31.531992,30.370154],[31.531529,30.370758],[31.533895,30.372718]]],[[[31.549407,30.37867],[31.549744,30.378196],[31.550428,30.378538],[31.552716,30.376462],[31.55296,30.376704],[31.553327,30.376135],[31.552621,30.375459],[31.551808,30.376452],[31.550826,30.375821],[31.550295,30.376364],[31.548589,30.376273],[31.54785,30.375979],[31.546756,30.377351],[31.548065,30.378201],[31.548345,30.377846],[31.548101,30.377605],[31.548379,30.377465],[31.549114,30.377998],[31.548778,30.378376],[31.549407,30.37867]]],[[[31.750374,30.228969],[31.741125,30.222616],[31.738897,30.224862],[31.740875,30.226075],[31.740907,30.22894],[31.743314,30.230681],[31.748284,30.228839],[31.749439,30.228756],[31.750374,30.228969]]],[[[31.736211,30.217532],[31.733642,30.215932],[31.732099,30.217894],[31.734642,30.21943],[31.736211,30.217532]]],[[[31.782026,30.182871],[31.782161,30.180819],[31.776553,30.181005],[31.776654,30.182916],[31.782026,30.182871]]],[[[31.683009,30.215391],[31.706378,30.189929],[31.703447,30.188109],[31.689082,30.204141],[31.689947,30.204726],[31.681027,30.213994],[31.683009,30.215391]]],[[[31.686563,30.211519],[31.683009,30.215391],[31.68749,30.218549],[31.691352,30.21431],[31.686563,30.211519]]],[[[31.700206,30.210218],[31.701436,30.208795],[31.702974,30.209981],[31.704137,30.208844],[31.702476,30.207593],[31.703502,30.206406],[31.701884,30.20535],[31.698587,30.209162],[31.700206,30.210218]]],[[[31.710925,30.195249],[31.714304,30.197527],[31.714934,30.196821],[31.711555,30.194544],[31.710925,30.195249]]],[[[31.65737,30.197312],[31.661405,30.192746],[31.658855,30.192236],[31.655481,30.19598],[31.65737,30.197312]]],[[[31.706551,30.147121],[31.702535,30.144174],[31.693055,30.154539],[31.696615,30.156906],[31.706551,30.147121]]],[[[31.696615,30.156906],[31.693055,30.154539],[31.687391,30.160709],[31.68776,30.165914],[31.688071,30.167102],[31.696615,30.156906]]],[[[31.734286,30.132876],[31.726808,30.128129],[31.724149,30.129265],[31.717284,30.132807],[31.718168,30.140329],[31.726335,30.146019],[31.732628,30.145304],[31.731739,30.13876],[31.734454,30.135802],[31.734286,30.132876]]],[[[31.718168,30.140329],[31.717284,30.132807],[31.713443,30.135176],[31.71103,30.13682],[31.705487,30.141281],[31.706753,30.141531],[31.718168,30.140329]]],[[[31.724781,30.144937],[31.723473,30.144026],[31.722343,30.145084],[31.723731,30.146065],[31.724781,30.144937]]],[[[31.723071,30.143745],[31.718168,30.140329],[31.716546,30.1405],[31.717831,30.141381],[31.716547,30.142945],[31.715748,30.143311],[31.715822,30.143604],[31.716881,30.143991],[31.718078,30.144155],[31.719573,30.143958],[31.720105,30.143583],[31.721854,30.145015],[31.723071,30.143745]]],[[[31.752552,30.138983],[31.753135,30.139385],[31.753719,30.138746],[31.753137,30.138344],[31.752552,30.138983]]],[[[31.754723,30.12031],[31.748109,30.117981],[31.748023,30.119399],[31.746917,30.120725],[31.746203,30.122055],[31.74892,30.123155],[31.749722,30.121623],[31.752916,30.123157],[31.754723,30.12031]]],[[[31.758145,30.12042],[31.756706,30.120254],[31.756745,30.121592],[31.758338,30.121626],[31.758145,30.12042]]],[[[31.773883,30.109243],[31.776593,30.108961],[31.775936,30.104188],[31.773227,30.10447],[31.773883,30.109243]]],[[[31.805412,30.104035],[31.808016,30.103752],[31.80761,30.100931],[31.805007,30.101214],[31.805412,30.104035]]],[[[31.364417,29.754501],[31.366428,29.75459],[31.366558,29.751047],[31.368687,29.751408],[31.368898,29.750459],[31.366668,29.750081],[31.366693,29.749473],[31.364123,29.749394],[31.364417,29.754501]]],[[[31.340413,29.746544],[31.33194,29.743882],[31.330044,29.748652],[31.329738,29.748559],[31.329527,29.749089],[31.326419,29.748273],[31.325357,29.751189],[31.333467,29.752962],[31.334469,29.750289],[31.33842,29.751234],[31.340413,29.746544]]],[[[31.315442,29.75293],[31.320121,29.7495],[31.319497,29.748908],[31.318495,29.748415],[31.317592,29.748254],[31.316005,29.748322],[31.315846,29.747045],[31.315122,29.747107],[31.314919,29.746517],[31.314735,29.744782],[31.314872,29.74444],[31.317428,29.744121],[31.3179,29.743551],[31.317888,29.742848],[31.317539,29.742389],[31.316098,29.742228],[31.315847,29.742468],[31.31552,29.742407],[31.315442,29.742162],[31.314934,29.742156],[31.314877,29.742613],[31.314581,29.742595],[31.314376,29.74308],[31.313999,29.743075],[31.313971,29.742788],[31.313364,29.742737],[31.312987,29.742273],[31.31274,29.742317],[31.31288,29.743813],[31.312684,29.744428],[31.311984,29.744934],[31.310141,29.745022],[31.309669,29.745192],[31.309288,29.745489],[31.308965,29.74623],[31.309259,29.747229],[31.309201,29.747729],[31.307141,29.750698],[31.311116,29.751934],[31.315442,29.75293]]],[[[31.303491,29.740838],[31.299574,29.741146],[31.297331,29.741093],[31.297254,29.740782],[31.299307,29.740713],[31.29934,29.740427],[31.298137,29.740387],[31.298153,29.739221],[31.297873,29.739094],[31.297663,29.739283],[31.29718,29.738704],[31.297272,29.738108],[31.297831,29.737423],[31.296303,29.737213],[31.295345,29.737248],[31.294737,29.735951],[31.294121,29.736826],[31.293526,29.736437],[31.29265,29.736449],[31.292647,29.738264],[31.29333,29.738272],[31.294801,29.740249],[31.294248,29.740624],[31.294381,29.740864],[31.294768,29.740583],[31.295144,29.741017],[31.295613,29.740761],[31.295828,29.741026],[31.295498,29.741117],[31.295376,29.74188],[31.295592,29.742026],[31.296142,29.741842],[31.296273,29.742202],[31.296072,29.742772],[31.291204,29.744571],[31.291774,29.744829],[31.292103,29.744535],[31.293584,29.744292],[31.294266,29.74442],[31.296003,29.743583],[31.296106,29.744014],[31.296455,29.744376],[31.296443,29.745092],[31.295865,29.745324],[31.295859,29.746453],[31.299851,29.747707],[31.304182,29.749562],[31.303961,29.748144],[31.30609,29.747575],[31.305628,29.746614],[31.302265,29.747287],[31.30194,29.746268],[31.303905,29.745368],[31.303229,29.742823],[31.303778,29.742711],[31.303491,29.740838]]],[[[31.304975,29.735387],[31.305131,29.734255],[31.303386,29.734322],[31.302958,29.733302],[31.304478,29.732396],[31.305362,29.732706],[31.305653,29.731636],[31.306181,29.730747],[31.308611,29.730599],[31.309667,29.730881],[31.309048,29.731052],[31.310215,29.732828],[31.311559,29.732218],[31.312153,29.733479],[31.31425,29.73282],[31.31462,29.733212],[31.314171,29.733475],[31.314857,29.735364],[31.315304,29.73525],[31.315282,29.734504],[31.315587,29.734657],[31.316346,29.734249],[31.316971,29.73369],[31.318353,29.732812],[31.320143,29.732089],[31.319814,29.729309],[31.318304,29.729618],[31.318138,29.729348],[31.320492,29.728452],[31.319811,29.727399],[31.318046,29.726661],[31.316639,29.726264],[31.315127,29.72534],[31.314417,29.724596],[31.311153,29.720072],[31.308511,29.720302],[31.309556,29.723181],[31.310728,29.722658],[31.311356,29.72395],[31.310217,29.724562],[31.309918,29.724021],[31.309095,29.724189],[31.309384,29.725327],[31.307491,29.726049],[31.306812,29.723742],[31.304581,29.724221],[31.304555,29.723773],[31.302847,29.723662],[31.302747,29.72557],[31.303533,29.72558],[31.303493,29.725908],[31.302263,29.725862],[31.302148,29.726637],[31.303174,29.72662],[31.303098,29.727037],[31.301315,29.727342],[31.301508,29.728091],[31.296695,29.729611],[31.297056,29.730511],[31.296746,29.730656],[31.29579,29.730554],[31.294623,29.730867],[31.294069,29.731278],[31.294718,29.731316],[31.295407,29.730967],[31.296844,29.730955],[31.297871,29.732849],[31.297877,29.73252],[31.298219,29.732495],[31.29899,29.73346],[31.299888,29.734934],[31.300811,29.734916],[31.301504,29.736417],[31.304975,29.735387]],[[31.308809,29.726961],[31.309123,29.726607],[31.310496,29.726451],[31.31134,29.725471],[31.312275,29.724767],[31.313511,29.724455],[31.314137,29.725895],[31.314177,29.727567],[31.313297,29.727577],[31.311039,29.728541],[31.311202,29.729051],[31.310283,29.72877],[31.31039,29.728503],[31.309917,29.728169],[31.308996,29.728038],[31.308809,29.726961]]],[[[31.289727,29.717263],[31.289008,29.714202],[31.289551,29.714066],[31.288677,29.712408],[31.289176,29.712013],[31.289182,29.711684],[31.287951,29.711711],[31.287932,29.710865],[31.288523,29.710844],[31.288481,29.710414],[31.287875,29.710378],[31.28795,29.709834],[31.288163,29.709837],[31.288781,29.708816],[31.289224,29.708911],[31.291056,29.707741],[31.290992,29.707442],[31.29141,29.70703],[31.29053,29.706511],[31.292117,29.705636],[31.291372,29.705209],[31.290717,29.705558],[31.28873,29.705801],[31.288631,29.705621],[31.289828,29.705547],[31.289941,29.704922],[31.287887,29.705134],[31.287996,29.704718],[31.28865,29.704457],[31.288673,29.702674],[31.284518,29.700218],[31.282233,29.70542],[31.283397,29.705449],[31.28336,29.705692],[31.283885,29.705685],[31.283829,29.7061],[31.284505,29.705894],[31.284585,29.706052],[31.284384,29.706293],[31.283234,29.70635],[31.283106,29.706176],[31.282267,29.706309],[31.281474,29.706628],[31.281337,29.706941],[31.282523,29.706684],[31.282504,29.706842],[31.282192,29.706838],[31.282219,29.707153],[31.281216,29.707312],[31.281115,29.707482],[31.282411,29.707471],[31.28285,29.707677],[31.282646,29.708118],[31.282892,29.708136],[31.282888,29.708351],[31.282185,29.708241],[31.28221,29.708657],[31.282668,29.708749],[31.283795,29.708119],[31.284677,29.708316],[31.284752,29.708719],[31.283768,29.70872],[31.283693,29.709292],[31.284479,29.709345],[31.284508,29.709589],[31.283439,29.709733],[31.283417,29.710033],[31.284238,29.710044],[31.284245,29.710574],[31.284587,29.710707],[31.284745,29.712027],[31.287895,29.712082],[31.287997,29.712843],[31.287486,29.713939],[31.288061,29.713918],[31.28807,29.714319],[31.288432,29.714281],[31.288395,29.714538],[31.288028,29.714877],[31.288067,29.715508],[31.288544,29.715443],[31.288986,29.717439],[31.289727,29.717263]]],[[[31.277977,29.722421],[31.280769,29.722144],[31.281258,29.721731],[31.281421,29.721153],[31.281158,29.720527],[31.282266,29.720506],[31.282284,29.719396],[31.282858,29.719439],[31.282943,29.719261],[31.282453,29.719112],[31.282988,29.719011],[31.283554,29.719556],[31.288477,29.719512],[31.289003,29.719984],[31.290114,29.719748],[31.289799,29.718992],[31.284259,29.719064],[31.282336,29.718752],[31.280461,29.718083],[31.279967,29.718184],[31.279727,29.717787],[31.280918,29.717731],[31.28105,29.717231],[31.279612,29.71732],[31.279211,29.716778],[31.278986,29.715557],[31.278293,29.715298],[31.277977,29.722421]]],[[[31.294404,29.735049],[31.292421,29.729389],[31.291423,29.725342],[31.291219,29.722809],[31.290944,29.721277],[31.290315,29.721269],[31.290941,29.723091],[31.290037,29.723175],[31.290034,29.723366],[31.290855,29.723353],[31.290927,29.723903],[31.290161,29.723917],[31.290289,29.724468],[31.290947,29.724357],[31.290965,29.724906],[31.289759,29.725034],[31.290582,29.726548],[31.291349,29.726463],[31.291655,29.72778],[31.29119,29.727774],[31.291491,29.729401],[31.292119,29.729409],[31.292522,29.731491],[31.293118,29.733457],[31.293157,29.73434],[31.293869,29.734326],[31.294054,29.734686],[31.293774,29.735112],[31.294404,29.735049]]],[[[31.302965,29.714437],[31.297926,29.7121],[31.29711,29.711365],[31.296645,29.710425],[31.296184,29.710397],[31.296457,29.711107],[31.294864,29.712137],[31.295138,29.712752],[31.296859,29.711895],[31.296744,29.713517],[31.295929,29.713831],[31.295943,29.715589],[31.296118,29.715629],[31.296995,29.714227],[31.298745,29.71423],[31.298764,29.714383],[31.297864,29.714582],[31.299174,29.714732],[31.299158,29.715687],[31.300142,29.715719],[31.300631,29.715248],[31.299018,29.713585],[31.298624,29.713637],[31.298619,29.713942],[31.297222,29.713752],[31.29712,29.713293],[31.299221,29.713282],[31.30146,29.714132],[31.300992,29.714622],[31.301247,29.715046],[31.301973,29.714845],[31.302306,29.714543],[31.302568,29.714604],[31.302511,29.715386],[31.302901,29.715582],[31.302876,29.715792],[31.302243,29.715689],[31.30225,29.716548],[31.303937,29.716722],[31.304102,29.716584],[31.304104,29.716401],[31.302965,29.714437]]],[[[31.303307,29.711731],[31.305269,29.708915],[31.304591,29.708548],[31.303803,29.709923],[31.302823,29.709624],[31.30287,29.708479],[31.303363,29.708437],[31.303346,29.707816],[31.302829,29.707666],[31.302565,29.707114],[31.302813,29.70695],[31.304125,29.707014],[31.304282,29.705823],[31.304992,29.70588],[31.305054,29.705403],[31.304591,29.705325],[31.304875,29.704684],[31.304378,29.703365],[31.30413,29.703434],[31.303585,29.704978],[31.302793,29.704897],[31.301447,29.705261],[31.301355,29.705881],[31.299144,29.705638],[31.299095,29.705303],[31.297671,29.70538],[31.297185,29.705016],[31.297352,29.704851],[31.298307,29.704982],[31.297669,29.7039],[31.296683,29.704006],[31.296881,29.703579],[31.297324,29.703298],[31.29641,29.702332],[31.295632,29.703062],[31.295846,29.703351],[31.296264,29.702903],[31.296399,29.702976],[31.296088,29.703617],[31.29478,29.704961],[31.294651,29.704505],[31.294931,29.704127],[31.294741,29.704029],[31.294048,29.704545],[31.293972,29.704234],[31.294777,29.703528],[31.294507,29.703286],[31.292919,29.705008],[31.292541,29.704765],[31.293265,29.703962],[31.291993,29.703182],[31.29152,29.703701],[31.289038,29.701688],[31.287819,29.701027],[31.287268,29.701844],[31.289849,29.70337],[31.295143,29.707258],[31.296784,29.710818],[31.297248,29.711532],[31.298122,29.712214],[31.300726,29.713409],[31.301105,29.712586],[31.302272,29.713126],[31.302778,29.712297],[31.300933,29.711414],[31.301298,29.710893],[31.303307,29.711731]]],[[[31.309827,29.649326],[31.307765,29.648479],[31.308115,29.649348],[31.307486,29.650235],[31.306884,29.64944],[31.307178,29.651449],[31.30672,29.651873],[31.305991,29.648891],[31.305582,29.64885],[31.30638,29.652584],[31.306106,29.6543],[31.305728,29.654796],[31.304747,29.654641],[31.304866,29.652458],[31.303668,29.65298],[31.304136,29.654382],[31.30302,29.654941],[31.303008,29.655657],[31.302124,29.654571],[31.301942,29.655643],[31.301912,29.657469],[31.301653,29.658218],[31.302153,29.657759],[31.30289,29.657804],[31.303369,29.658562],[31.302979,29.659846],[31.302077,29.659799],[31.302189,29.660481],[31.303263,29.662464],[31.304653,29.662697],[31.304747,29.66326],[31.305018,29.662916],[31.304882,29.661231],[31.306825,29.655419],[31.306792,29.652482],[31.307281,29.652632],[31.307292,29.651987],[31.308042,29.651281],[31.310175,29.651236],[31.308015,29.650457],[31.308401,29.649423],[31.308969,29.649789],[31.309827,29.649326]]],[[[31.325341,29.674489],[31.325143,29.673584],[31.327362,29.673349],[31.327086,29.672257],[31.328734,29.6718],[31.32956,29.671393],[31.329586,29.669841],[31.328002,29.670597],[31.325436,29.666349],[31.324703,29.666478],[31.323072,29.666421],[31.322191,29.666837],[31.322104,29.666709],[31.320004,29.667291],[31.31997,29.666861],[31.319275,29.666745],[31.319412,29.665887],[31.318922,29.665737],[31.318894,29.664949],[31.319821,29.654345],[31.315604,29.65199],[31.312912,29.650651],[31.311007,29.652954],[31.312575,29.653349],[31.313125,29.653765],[31.313311,29.65424],[31.313232,29.654737],[31.312082,29.655442],[31.313917,29.655812],[31.314107,29.656709],[31.314019,29.657102],[31.312501,29.657154],[31.312045,29.657435],[31.309672,29.656769],[31.310158,29.659568],[31.309462,29.659523],[31.309331,29.660023],[31.308472,29.659905],[31.308457,29.6608],[31.309603,29.660922],[31.310994,29.661432],[31.310374,29.661783],[31.310188,29.663069],[31.309068,29.663896],[31.309435,29.664222],[31.309776,29.664569],[31.310087,29.664936],[31.310369,29.665321],[31.31062,29.665723],[31.310837,29.666138],[31.311021,29.666566],[31.311171,29.667004],[31.311285,29.66745],[31.311363,29.667902],[31.311406,29.668357],[31.312599,29.668122],[31.313894,29.669141],[31.31388,29.67],[31.314161,29.670362],[31.314573,29.670188],[31.315282,29.669517],[31.316922,29.669538],[31.317257,29.671583],[31.319109,29.671177],[31.319892,29.674447],[31.322822,29.674002],[31.323013,29.67494],[31.325341,29.674489]]],[[[31.320216,29.697218],[31.320502,29.696475],[31.319687,29.696137],[31.319839,29.695184],[31.320521,29.695282],[31.320509,29.696058],[31.321017,29.696333],[31.321304,29.695471],[31.321816,29.695507],[31.322954,29.692866],[31.321424,29.692399],[31.321692,29.690671],[31.321253,29.690367],[31.321325,29.689634],[31.322903,29.689913],[31.323955,29.690374],[31.323504,29.691496],[31.325197,29.691732],[31.324847,29.692265],[31.325127,29.69388],[31.32602,29.693623],[31.326118,29.693893],[31.326698,29.69396],[31.326761,29.694289],[31.327822,29.694242],[31.32725,29.693698],[31.326537,29.693391],[31.325871,29.692308],[31.325882,29.691681],[31.325373,29.691403],[31.325544,29.691082],[31.326469,29.691165],[31.32641,29.690744],[31.326694,29.690747],[31.326579,29.689753],[31.325673,29.689795],[31.325686,29.68892],[31.326615,29.688932],[31.326648,29.686927],[31.324453,29.687006],[31.322237,29.686679],[31.321252,29.686279],[31.321315,29.684549],[31.323231,29.684454],[31.32347,29.683905],[31.323372,29.682977],[31.32272,29.682239],[31.32236,29.681309],[31.324374,29.68159],[31.325939,29.681569],[31.327038,29.681381],[31.328698,29.680646],[31.329977,29.679466],[31.32908,29.677933],[31.328197,29.67785],[31.328176,29.676568],[31.327968,29.676496],[31.32703,29.676613],[31.326956,29.676205],[31.327645,29.675855],[31.326947,29.674683],[31.321772,29.677601],[31.319799,29.677774],[31.32008,29.679318],[31.318898,29.678909],[31.31835,29.679391],[31.318051,29.680253],[31.318304,29.68053],[31.318322,29.680747],[31.318078,29.680945],[31.317758,29.680864],[31.317732,29.68244],[31.318413,29.68364],[31.318617,29.684298],[31.318519,29.685312],[31.317956,29.686203],[31.318694,29.686212],[31.31863,29.687644],[31.317931,29.687706],[31.317916,29.688055],[31.318075,29.688618],[31.318541,29.68918],[31.319829,29.689485],[31.319397,29.69084],[31.318293,29.690612],[31.316776,29.693063],[31.315507,29.692904],[31.315677,29.692548],[31.315393,29.692365],[31.314733,29.692572],[31.314889,29.693075],[31.314473,29.693428],[31.314301,29.693891],[31.313893,29.693779],[31.31383,29.695067],[31.314355,29.695575],[31.313251,29.695346],[31.313258,29.694952],[31.312889,29.694948],[31.3126,29.695051],[31.312428,29.695515],[31.312382,29.695836],[31.312578,29.696376],[31.311305,29.696467],[31.31303,29.697693],[31.313599,29.698387],[31.314007,29.698541],[31.313295,29.700233],[31.313545,29.701669],[31.312757,29.703363],[31.315222,29.704632],[31.317983,29.705436],[31.318081,29.704293],[31.322324,29.704048],[31.322363,29.70378],[31.326707,29.703597],[31.326918,29.703211],[31.328886,29.702042],[31.328364,29.700544],[31.327537,29.698892],[31.320216,29.697218]]],[[[31.315975,29.704851],[31.315222,29.704632],[31.312757,29.703363],[31.311309,29.706209],[31.311461,29.709374],[31.312138,29.709741],[31.315975,29.704851]]],[[[31.295432,29.684267],[31.296268,29.683323],[31.297166,29.682737],[31.295257,29.682474],[31.29468,29.681483],[31.293959,29.682398],[31.293801,29.683709],[31.29483,29.683483],[31.295432,29.684267]]],[[[31.306317,29.673004],[31.306436,29.67411],[31.303439,29.674738],[31.303123,29.673978],[31.301312,29.673985],[31.299802,29.673565],[31.298995,29.67492],[31.298069,29.676152],[31.300732,29.678006],[31.302475,29.677969],[31.302432,29.678475],[31.300519,29.678481],[31.30119,29.679176],[31.302182,29.679159],[31.30192,29.680468],[31.300965,29.680396],[31.300141,29.680595],[31.302179,29.681337],[31.30297,29.67696],[31.303895,29.676853],[31.304676,29.677161],[31.305751,29.67622],[31.307391,29.676241],[31.307615,29.677109],[31.30994,29.677079],[31.310047,29.676782],[31.308135,29.676698],[31.308007,29.676159],[31.310162,29.676067],[31.310065,29.675738],[31.307468,29.675735],[31.307336,29.675435],[31.309545,29.674353],[31.310117,29.67439],[31.310127,29.674068],[31.307121,29.673999],[31.306851,29.673757],[31.310105,29.673585],[31.310104,29.673381],[31.306317,29.673004]]],[[[31.289113,29.687471],[31.288975,29.68765],[31.289409,29.688338],[31.2903,29.689018],[31.289907,29.689658],[31.290261,29.689734],[31.290375,29.689425],[31.290891,29.68967],[31.291529,29.690729],[31.291474,29.692054],[31.292092,29.692402],[31.291855,29.690852],[31.292106,29.690569],[31.292708,29.690505],[31.292631,29.690242],[31.291973,29.690329],[31.29165,29.690014],[31.29145,29.688961],[31.290606,29.688735],[31.290367,29.688327],[31.289113,29.687471]]],[[[31.284011,29.657605],[31.28333,29.655447],[31.282026,29.655788],[31.281812,29.656293],[31.279707,29.65552],[31.279057,29.655571],[31.278824,29.65521],[31.27911,29.654467],[31.279965,29.654389],[31.280466,29.655052],[31.281211,29.65545],[31.282314,29.654927],[31.283678,29.655034],[31.282051,29.65195],[31.285438,29.652316],[31.284911,29.65168],[31.281109,29.65139],[31.280807,29.651088],[31.279921,29.650957],[31.279797,29.650239],[31.280853,29.650372],[31.281265,29.650288],[31.281274,29.649781],[31.282705,29.649013],[31.281264,29.647271],[31.280316,29.647799],[31.279023,29.647513],[31.279083,29.647991],[31.279658,29.648357],[31.279312,29.648591],[31.278264,29.648552],[31.276513,29.656401],[31.277507,29.658326],[31.2786,29.65831],[31.278543,29.657683],[31.284011,29.657605]]],[[[31.284132,29.677629],[31.284252,29.67701],[31.283262,29.677379],[31.282607,29.677275],[31.282954,29.676182],[31.283718,29.676287],[31.283127,29.675659],[31.282466,29.675937],[31.28138,29.675493],[31.282006,29.674069],[31.28102,29.674151],[31.279625,29.675804],[31.279253,29.675179],[31.278876,29.67484],[31.278488,29.675169],[31.277127,29.674817],[31.277578,29.674011],[31.276108,29.673658],[31.275029,29.676555],[31.275834,29.676901],[31.275897,29.676377],[31.276986,29.676677],[31.277265,29.676347],[31.278352,29.676743],[31.278234,29.677219],[31.279004,29.67699],[31.279558,29.67652],[31.280536,29.676914],[31.280257,29.677245],[31.283574,29.678291],[31.284132,29.677629]]],[[[31.274365,29.680039],[31.273255,29.679978],[31.273346,29.680479],[31.273728,29.680556],[31.274306,29.680301],[31.274717,29.680258],[31.274365,29.680039]]],[[[31.274545,29.679158],[31.274799,29.67866],[31.273902,29.678386],[31.273868,29.678743],[31.273488,29.678619],[31.273519,29.679302],[31.275165,29.679644],[31.275087,29.679404],[31.274545,29.679158]]],[[[31.382456,29.757047],[31.385415,29.758743],[31.386526,29.759412],[31.386116,29.754517],[31.384146,29.75455],[31.383912,29.756839],[31.382456,29.757047]]],[[[31.380148,29.756219],[31.381758,29.756689],[31.382456,29.757047],[31.382901,29.754363],[31.380138,29.75473],[31.380148,29.756219]]],[[[31.55576,30.26506],[31.555013,30.267391],[31.553978,30.269637],[31.552667,30.271772],[31.548667,30.277457],[31.557981,30.284722],[31.566855,30.276752],[31.568261,30.275675],[31.57058,30.274296],[31.570834,30.274039],[31.571067,30.273766],[31.571276,30.273479],[31.571461,30.27318],[31.571621,30.27287],[31.571755,30.272551],[31.571863,30.272225],[31.571943,30.271893],[31.571995,30.271556],[31.57202,30.271218],[31.572016,30.270878],[31.571984,30.27054],[31.571925,30.270204],[31.571838,30.269873],[31.571723,30.269549],[31.571053,30.26882],[31.57033,30.268131],[31.569557,30.267484],[31.568737,30.266882],[31.567875,30.266326],[31.566972,30.26582],[31.566034,30.265366],[31.565065,30.264966],[31.564067,30.26462],[31.563046,30.264331],[31.562006,30.2641],[31.56095,30.263928],[31.559884,30.263816],[31.558812,30.263763],[31.557738,30.263771],[31.55576,30.26506]]],[[[31.59092,30.250006],[31.584404,30.250699],[31.580788,30.251285],[31.574775,30.252647],[31.57007,30.254088],[31.566523,30.255462],[31.566293,30.258788],[31.572644,30.258929],[31.572587,30.257174],[31.576506,30.257145],[31.583186,30.257325],[31.583164,30.258865],[31.585845,30.258858],[31.585872,30.259288],[31.586621,30.259718],[31.587354,30.259857],[31.588242,30.259737],[31.588773,30.259491],[31.591028,30.25413],[31.59092,30.250006]]],[[[31.675735,30.19899],[31.67465,30.198985],[31.674546,30.197732],[31.674886,30.196539],[31.660622,30.193632],[31.65737,30.197312],[31.676183,30.210579],[31.678724,30.207885],[31.676208,30.206117],[31.676718,30.205456],[31.677393,30.205016],[31.678198,30.204794],[31.679041,30.204814],[31.679011,30.204238],[31.679257,30.202599],[31.679057,30.202407],[31.677468,30.202235],[31.677452,30.201786],[31.67684,30.201445],[31.675763,30.200193],[31.675735,30.19899]]],[[[31.751987,30.170252],[31.757274,30.171971],[31.757475,30.170901],[31.756586,30.170534],[31.757364,30.168751],[31.757059,30.168677],[31.756749,30.168619],[31.756435,30.16858],[31.756119,30.168558],[31.755803,30.168554],[31.755486,30.168568],[31.755171,30.1686],[31.754859,30.16865],[31.754552,30.168717],[31.75425,30.168801],[31.753956,30.168902],[31.753669,30.16902],[31.753392,30.169153],[31.753125,30.169302],[31.75287,30.169465],[31.752628,30.169643],[31.752399,30.169834],[31.752185,30.170037],[31.751987,30.170252]]],[[[31.706549,30.173853],[31.739238,30.166463],[31.737682,30.160622],[31.714807,30.1581],[31.703743,30.159545],[31.704455,30.165578],[31.70169,30.165838],[31.699338,30.164751],[31.697713,30.166885],[31.69915,30.167995],[31.698627,30.168588],[31.700237,30.169733],[31.70085,30.170733],[31.699632,30.171418],[31.698495,30.172629],[31.696214,30.171318],[31.693744,30.170545],[31.693062,30.171431],[31.694161,30.172001],[31.695302,30.172507],[31.696479,30.172945],[31.697687,30.173313],[31.698921,30.173611],[31.700175,30.173836],[31.701444,30.173988],[31.702721,30.174066],[31.704001,30.174069],[31.705279,30.173998],[31.706549,30.173853]]],[[[31.740212,30.159513],[31.74187,30.165867],[31.754934,30.162901],[31.741658,30.161091],[31.741577,30.160224],[31.740212,30.159513]]],[[[31.768822,30.161373],[31.767493,30.159226],[31.766586,30.156884],[31.764631,30.153941],[31.761925,30.15206],[31.761087,30.153126],[31.757268,30.153071],[31.755366,30.153233],[31.753813,30.153517],[31.755509,30.158391],[31.755252,30.158954],[31.754534,30.159456],[31.748403,30.16089],[31.748748,30.162058],[31.754934,30.162901],[31.756349,30.162577],[31.77049,30.163247],[31.768822,30.161373]]],[[[31.831476,30.114821],[31.830852,30.114425],[31.830198,30.114068],[31.829517,30.113751],[31.828813,30.113476],[31.828088,30.113243],[31.827347,30.113054],[31.826593,30.112911],[31.825829,30.112813],[31.825059,30.112761],[31.824286,30.112755],[31.823515,30.112795],[31.82275,30.112882],[31.821993,30.113014],[31.821248,30.113192],[31.820519,30.113414],[31.819809,30.113679],[31.819122,30.113985],[31.818461,30.114333],[31.817829,30.114719],[31.816797,30.115592],[31.815926,30.115307],[31.815,30.115213],[31.814521,30.113968],[31.811546,30.114705],[31.811965,30.11638],[31.813072,30.115721],[31.813775,30.116587],[31.810457,30.118515],[31.810302,30.117619],[31.808105,30.117901],[31.810863,30.135435],[31.810264,30.149533],[31.810081,30.151106],[31.809766,30.152663],[31.809319,30.154195],[31.808744,30.155695],[31.808044,30.157154],[31.807222,30.158564],[31.806284,30.159918],[31.805949,30.160212],[31.805637,30.160524],[31.805348,30.160853],[31.805083,30.161197],[31.804844,30.161554],[31.804632,30.161924],[31.804447,30.162305],[31.80429,30.162696],[31.804162,30.163094],[31.804063,30.163499],[31.803993,30.163908],[31.803659,30.164304],[31.803869,30.164579],[31.804099,30.164842],[31.804349,30.165091],[31.804617,30.165325],[31.804901,30.165544],[31.805201,30.165746],[31.805516,30.165931],[31.805844,30.166098],[31.806184,30.166246],[31.806533,30.166375],[31.806892,30.166484],[31.807258,30.166572],[31.80763,30.166639],[31.808007,30.166686],[31.808386,30.166711],[31.808765,30.166714],[31.809145,30.166697],[31.815838,30.165964],[31.81658,30.165949],[31.817319,30.165892],[31.818052,30.165793],[31.818776,30.165652],[31.819488,30.165469],[31.820184,30.165247],[31.820862,30.164985],[31.821518,30.164684],[31.82215,30.164347],[31.822756,30.163974],[31.823331,30.163568],[31.825132,30.162061],[31.825346,30.161834],[31.825542,30.161594],[31.825719,30.161344],[31.825874,30.161083],[31.826009,30.160813],[31.826122,30.160536],[31.826212,30.160253],[31.826279,30.159965],[31.826324,30.159673],[31.826345,30.15938],[31.826342,30.159086],[31.826316,30.158793],[31.826267,30.158502],[31.826194,30.158215],[31.826099,30.157933],[31.825981,30.157658],[31.825842,30.15739],[31.825682,30.157131],[31.825501,30.156883],[31.825301,30.156646],[31.825083,30.156421],[31.824847,30.156211],[31.824595,30.156015],[31.819009,30.15308],[31.81864,30.152872],[31.818287,30.152644],[31.817952,30.152396],[31.817638,30.152129],[31.817345,30.151844],[31.817074,30.151543],[31.816828,30.151226],[31.816606,30.150896],[31.816411,30.150554],[31.816242,30.150201],[31.816101,30.149839],[31.815988,30.14947],[31.815904,30.149095],[31.815849,30.148715],[31.815823,30.148334],[31.815827,30.147952],[31.81586,30.147571],[31.817626,30.143232],[31.821166,30.139367],[31.827876,30.135016],[31.828947,30.13365],[31.830902,30.129617],[31.832406,30.127007],[31.834065,30.12447],[31.834244,30.1238],[31.834372,30.123122],[31.834449,30.122438],[31.834474,30.12175],[31.834448,30.121063],[31.83437,30.120379],[31.834241,30.1197],[31.834061,30.119031],[31.833832,30.118373],[31.833553,30.117729],[31.833227,30.117103],[31.832855,30.116496],[31.832437,30.115912],[31.831977,30.115353],[31.831476,30.114821]]],[[[31.716047,30.26856],[31.71776,30.266858],[31.715271,30.264792],[31.713268,30.266492],[31.71228,30.265749],[31.711492,30.266653],[31.713741,30.268179],[31.71437,30.267398],[31.716047,30.26856]]],[[[31.65737,30.197312],[31.655481,30.19598],[31.644719,30.207948],[31.646414,30.209102],[31.65737,30.197312]]],[[[31.70085,30.170733],[31.700237,30.169733],[31.698627,30.168588],[31.69915,30.167995],[31.697713,30.166885],[31.699338,30.164751],[31.70169,30.165838],[31.704455,30.165578],[31.703743,30.159545],[31.701526,30.159533],[31.700902,30.159374],[31.700292,30.159178],[31.699698,30.158948],[31.699123,30.158685],[31.698569,30.158389],[31.698039,30.158061],[31.697535,30.157704],[31.69706,30.157318],[31.696615,30.156906],[31.688071,30.167102],[31.68823,30.167709],[31.690656,30.169844],[31.693062,30.171431],[31.693744,30.170545],[31.696214,30.171318],[31.698495,30.172629],[31.699632,30.171418],[31.70085,30.170733]]],[[[31.66787,30.187406],[31.663721,30.186852],[31.658855,30.192236],[31.663825,30.193229],[31.66787,30.187406]]],[[[31.709617,30.017794],[31.714729,30.017911],[31.704284,30.00004],[31.701913,30.001675],[31.69603,30.004778],[31.692551,30.006067],[31.688991,30.006974],[31.685905,30.007448],[31.652567,30.010501],[31.659257,30.02217],[31.674139,30.023755],[31.675527,30.023823],[31.679915,30.023461],[31.68327,30.023059],[31.687059,30.022285],[31.689173,30.02173],[31.695695,30.01963],[31.70062,30.018551],[31.703684,30.018076],[31.709617,30.017794]]],[[[31.673449,30.006411],[31.671564,30.006612],[31.671721,30.007879],[31.673642,30.00772],[31.673449,30.006411]]],[[[31.682547,29.979021],[31.680368,29.976606],[31.679992,29.976871],[31.679479,29.976956],[31.679021,29.977254],[31.678767,29.977722],[31.677467,29.978613],[31.679632,29.981014],[31.682547,29.979021]]],[[[31.686901,29.979946],[31.687642,29.980055],[31.688386,29.980415],[31.683225,29.974763],[31.682556,29.974832],[31.681635,29.975491],[31.681492,29.975819],[31.680771,29.976317],[31.684824,29.98081],[31.685827,29.980165],[31.686901,29.979946]]],[[[31.672095,29.98243],[31.67181,29.982241],[31.67135,29.982822],[31.660911,29.990002],[31.658847,29.991311],[31.658403,29.992102],[31.65833,29.992658],[31.659542,29.996098],[31.660453,29.997906],[31.662649,30.00343],[31.662999,30.003928],[31.663423,30.004215],[31.664214,30.004287],[31.66712,30.004042],[31.672372,30.003424],[31.6755,30.002582],[31.677835,30.001603],[31.679961,30.000393],[31.682002,29.998867],[31.683629,29.997293],[31.683319,29.997021],[31.682207,29.995359],[31.681637,29.994857],[31.681357,29.994368],[31.680834,29.99388],[31.678852,29.991314],[31.677829,29.989737],[31.676003,29.987361],[31.675414,29.986925],[31.673405,29.984352],[31.673248,29.983891],[31.672095,29.98243]]],[[[31.692201,30.000041],[31.690803,29.998893],[31.689789,29.999742],[31.691121,30.000946],[31.692201,30.000041]]],[[[31.685652,29.994697],[31.684697,29.993843],[31.683841,29.993912],[31.683334,29.994782],[31.684388,29.995757],[31.685652,29.994697]]],[[[31.682512,29.993486],[31.682283,29.993234],[31.681119,29.99398],[31.681685,29.994787],[31.68269,29.994227],[31.682348,29.993608],[31.682512,29.993486]]],[[[31.685178,29.982444],[31.684537,29.981571],[31.683443,29.982371],[31.684345,29.983584],[31.684939,29.984804],[31.685261,29.986051],[31.68534,29.987813],[31.685036,29.989353],[31.68464,29.990336],[31.68379,29.991675],[31.682653,29.992876],[31.683391,29.993441],[31.683643,29.992479],[31.68457,29.991195],[31.685107,29.99017],[31.68566,29.988075],[31.685598,29.986293],[31.685157,29.984367],[31.685269,29.983397],[31.685178,29.982444]]],[[[31.681508,29.968161],[31.681493,29.967773],[31.67896,29.968005],[31.679381,29.971155],[31.680592,29.971156],[31.681029,29.970228],[31.681508,29.968161]]],[[[31.634982,30.007159],[31.661448,30.004627],[31.661952,30.004319],[31.662026,30.003788],[31.658986,29.996178],[31.65865,29.995956],[31.658587,29.995583],[31.658224,29.995057],[31.658371,29.994162],[31.658198,29.993254],[31.65742,29.992064],[31.655203,29.992481],[31.653298,29.992634],[31.642868,29.99269],[31.641005,29.99288],[31.631937,29.992812],[31.631668,29.993754],[31.631596,29.994722],[31.631934,29.999948],[31.632929,30.004781],[31.633409,30.006364],[31.633762,30.006797],[31.634375,30.007107],[31.634982,30.007159]]],[[[31.65902,30.022119],[31.656444,30.021947],[31.656101,30.024951],[31.656787,30.025232],[31.657401,30.025814],[31.657663,30.026432],[31.657664,30.027092],[31.662282,30.027448],[31.662642,30.028063],[31.661553,30.041867],[31.669576,30.041671],[31.673094,30.041331],[31.673463,30.041279],[31.673827,30.041206],[31.674185,30.041111],[31.674534,30.040995],[31.674873,30.040858],[31.675201,30.040702],[31.675515,30.040526],[31.675815,30.040332],[31.676099,30.04012],[31.676365,30.039892],[31.676613,30.039648],[31.676841,30.039391],[31.677048,30.03912],[31.677233,30.038838],[31.677396,30.038545],[31.677535,30.038243],[31.67765,30.037933],[31.67774,30.037618],[31.677805,30.037298],[31.677845,30.036974],[31.677859,30.036649],[31.677847,30.036324],[31.67781,30.036001],[31.67338,30.023702],[31.65902,30.022119]]],[[[31.678779,30.026809],[31.677574,30.024543],[31.676905,30.024442],[31.676419,30.024162],[31.673497,30.024023],[31.677753,30.035705],[31.67781,30.036001],[31.677845,30.036299],[31.677859,30.036598],[31.67785,30.036898],[31.67782,30.037197],[31.677768,30.037493],[31.677695,30.037786],[31.677601,30.038074],[31.677486,30.038357],[31.67735,30.038632],[31.677195,30.0389],[31.67702,30.039158],[31.676828,30.039407],[31.679799,30.038613],[31.682873,30.038101],[31.683366,30.037631],[31.682775,30.036738],[31.68116,30.033492],[31.679864,30.030339],[31.678779,30.026809]]],[[[31.672132,30.181271],[31.692166,30.179085],[31.69265,30.178039],[31.683321,30.179233],[31.68274,30.179442],[31.682082,30.179261],[31.681746,30.178799],[31.682112,30.177131],[31.688186,30.167215],[31.68776,30.165914],[31.687391,30.160709],[31.663721,30.186852],[31.66787,30.187406],[31.672132,30.181271]]],[[[31.692533,30.191341],[31.697296,30.178809],[31.694461,30.179162],[31.689185,30.192629],[31.692533,30.191341]]],[[[31.689185,30.192629],[31.693265,30.182043],[31.690582,30.182507],[31.684805,30.194313],[31.689185,30.192629]]],[[[31.724322,30.174872],[31.723761,30.17232],[31.713449,30.17457],[31.714236,30.177066],[31.719857,30.17585],[31.719654,30.174607],[31.720315,30.174432],[31.722182,30.174288],[31.723288,30.17448],[31.724322,30.174872]]],[[[31.736137,30.177329],[31.742553,30.170648],[31.742219,30.169213],[31.736375,30.170742],[31.73612,30.171096],[31.735644,30.17135],[31.732778,30.171955],[31.732512,30.171965],[31.73201,30.171693],[31.728333,30.17242],[31.727725,30.172851],[31.72757,30.173383],[31.728131,30.179371],[31.732088,30.179314],[31.732117,30.179141],[31.732159,30.178971],[31.732216,30.178803],[31.732285,30.178639],[31.732368,30.17848],[31.732463,30.178326],[31.732571,30.178179],[31.73269,30.178038],[31.73282,30.177905],[31.732961,30.17778],[31.733111,30.177664],[31.733271,30.177558],[31.733439,30.177462],[31.733614,30.177376],[31.733795,30.177301],[31.733982,30.177237],[31.734174,30.177185],[31.73437,30.177145],[31.734568,30.177117],[31.734768,30.177101],[31.734969,30.177097],[31.73517,30.177106],[31.73537,30.177126],[31.735567,30.177159],[31.735762,30.177204],[31.735952,30.177261],[31.736137,30.177329]]],[[[31.710553,30.184406],[31.71173,30.178759],[31.710379,30.17893],[31.710716,30.177188],[31.710637,30.1765],[31.705919,30.177432],[31.698705,30.17844],[31.697525,30.181389],[31.703361,30.180589],[31.704166,30.179683],[31.707822,30.179252],[31.706818,30.185844],[31.710553,30.184406]]],[[[31.771447,30.135139],[31.769831,30.137901],[31.768989,30.139008],[31.768956,30.139294],[31.769142,30.139531],[31.773599,30.142396],[31.775893,30.139906],[31.774344,30.138619],[31.773477,30.137631],[31.77246,30.135991],[31.772142,30.135066],[31.771771,30.134932],[31.771447,30.135139]]],[[[31.791862,30.132355],[31.795288,30.132923],[31.79549,30.132285],[31.795639,30.131636],[31.795735,30.130979],[31.795777,30.130318],[31.795766,30.129656],[31.7957,30.128996],[31.795581,30.128342],[31.795409,30.127698],[31.795185,30.127065],[31.79491,30.126448],[31.794585,30.125849],[31.794212,30.125271],[31.793794,30.124718],[31.793331,30.124192],[31.792827,30.123696],[31.792284,30.123232],[31.791704,30.122803],[31.775545,30.122932],[31.774829,30.127123],[31.77565,30.12737],[31.775034,30.129034],[31.775166,30.129452],[31.777601,30.130203],[31.778763,30.129524],[31.780089,30.129134],[31.781013,30.129097],[31.781463,30.129136],[31.781908,30.1292],[31.782347,30.129291],[31.782779,30.129406],[31.783201,30.129546],[31.783611,30.12971],[31.784008,30.129898],[31.784389,30.130108],[31.784754,30.130339],[31.7851,30.130591],[31.785426,30.130863],[31.785583,30.131139],[31.785718,30.131423],[31.785832,30.131715],[31.785923,30.132013],[31.785991,30.132315],[31.786035,30.132621],[31.786056,30.132929],[31.786053,30.133237],[31.786027,30.133544],[31.785977,30.133849],[31.785904,30.13415],[31.785808,30.134447],[31.78569,30.134737],[31.785549,30.13502],[31.785388,30.135294],[31.785205,30.135558],[31.785003,30.135811],[31.784781,30.136052],[31.784542,30.136279],[31.784286,30.136492],[31.784014,30.13669],[31.783728,30.136871],[31.783428,30.137035],[31.783116,30.137182],[31.782794,30.137311],[31.782463,30.13742],[31.782124,30.13751],[31.781778,30.13758],[31.781429,30.13763],[31.781591,30.141213],[31.785648,30.140713],[31.785557,30.140404],[31.78549,30.14009],[31.785448,30.139772],[31.785433,30.139453],[31.785443,30.139134],[31.785478,30.138816],[31.785539,30.138501],[31.785625,30.138191],[31.785736,30.137886],[31.785871,30.137589],[31.78603,30.137301],[31.786211,30.137023],[31.786414,30.136757],[31.786639,30.136504],[31.786883,30.136266],[31.787145,30.136042],[31.787425,30.135835],[31.787879,30.135709],[31.788321,30.135556],[31.78875,30.135376],[31.789163,30.135169],[31.789558,30.134938],[31.789934,30.134683],[31.790287,30.134406],[31.790617,30.134107],[31.790922,30.133789],[31.791201,30.133453],[31.791451,30.133101],[31.791672,30.132734],[31.791862,30.132355]]],[[[31.788854,30.158758],[31.781986,30.162057],[31.784207,30.165172],[31.791047,30.162571],[31.789188,30.158954],[31.788854,30.158758]]],[[[31.799823,30.118266],[31.799535,30.11303],[31.792781,30.113865],[31.792071,30.12138],[31.797348,30.12128],[31.797052,30.118527],[31.799823,30.118266]]],[[[31.798597,30.108777],[31.793471,30.10618],[31.792919,30.112055],[31.798948,30.111044],[31.798597,30.108777]]],[[[31.693544,30.043863],[31.695848,30.043837],[31.696145,30.043708],[31.696235,30.043502],[31.696201,30.041497],[31.696072,30.041261],[31.694118,30.041049],[31.693018,30.040811],[31.691959,30.040459],[31.690117,30.03959],[31.688149,30.038964],[31.686097,30.038593],[31.68496,30.038497],[31.684683,30.03863],[31.684669,30.03894],[31.686107,30.040952],[31.686668,30.042104],[31.68688,30.043201],[31.687067,30.043424],[31.690817,30.043514],[31.693544,30.043863]]],[[[31.703585,30.041107],[31.696835,30.041106],[31.696503,30.041487],[31.696544,30.04358],[31.697014,30.043856],[31.703423,30.043787],[31.70378,30.043369],[31.703783,30.041419],[31.703585,30.041107]]],[[[31.63846,29.95025],[31.630177,29.956726],[31.63079,29.957295],[31.630724,29.957346],[31.632316,29.958687],[31.634011,29.959928],[31.635801,29.961064],[31.637677,29.962089],[31.63963,29.962997],[31.641652,29.963786],[31.643731,29.96445],[31.645858,29.964987],[31.648023,29.965394],[31.650215,29.965668],[31.652424,29.96581],[31.65295,29.956],[31.651427,29.955902],[31.649915,29.955715],[31.648422,29.955437],[31.646953,29.955071],[31.645518,29.954618],[31.644121,29.95408],[31.64277,29.953461],[31.64147,29.952762],[31.640229,29.951987],[31.63846,29.95025]]],[[[31.66221,29.920918],[31.666041,29.911302],[31.665581,29.911362],[31.664288,29.91046],[31.662836,29.910064],[31.653958,29.910078],[31.651928,29.910399],[31.64955,29.911238],[31.633792,29.918165],[31.639831,29.92427],[31.640909,29.923481],[31.642045,29.922755],[31.643233,29.922096],[31.644469,29.921507],[31.645746,29.92099],[31.64706,29.920548],[31.648404,29.920183],[31.649774,29.919896],[31.651162,29.919688],[31.652563,29.91956],[31.65397,29.919514],[31.655378,29.919548],[31.65678,29.919663],[31.65817,29.919859],[31.659543,29.920134],[31.660892,29.920488],[31.66221,29.920918]]],[[[31.68181,30.023791],[31.678455,30.024016],[31.678075,30.024223],[31.677855,30.024617],[31.678893,30.026556],[31.680652,30.031349],[31.683448,30.037364],[31.684634,30.03814],[31.688145,30.03862],[31.688446,30.038377],[31.688457,30.037989],[31.686508,30.035307],[31.684784,30.032129],[31.683508,30.028746],[31.682126,30.02406],[31.68181,30.023791]]],[[[31.707048,30.039875],[31.708118,30.038869],[31.708783,30.037715],[31.709071,30.036252],[31.708815,30.035024],[31.707066,30.030644],[31.705577,30.027439],[31.703571,30.024322],[31.700969,30.021247],[31.700217,30.019748],[31.699903,30.01944],[31.699388,30.019234],[31.698821,30.019244],[31.686514,30.022833],[31.682875,30.023614],[31.682628,30.023761],[31.68253,30.024122],[31.683826,30.028631],[31.685143,30.032221],[31.687721,30.036781],[31.688808,30.038009],[31.690349,30.03922],[31.691863,30.040035],[31.69321,30.040524],[31.698292,30.040865],[31.70445,30.040848],[31.705704,30.040566],[31.707048,30.039875]]],[[[31.716525,30.033667],[31.715917,30.031846],[31.710524,30.018233],[31.706174,30.018383],[31.700841,30.019],[31.700542,30.019122],[31.700391,30.019567],[31.70116,30.020995],[31.704215,30.024727],[31.706136,30.027886],[31.708837,30.034442],[31.709159,30.035628],[31.709205,30.03644],[31.709043,30.037547],[31.70895,30.037839],[31.708834,30.038126],[31.708697,30.038405],[31.70854,30.038676],[31.708362,30.038937],[31.708165,30.039188],[31.70795,30.039426],[31.707717,30.039652],[31.707467,30.039865],[31.707203,30.040062],[31.706923,30.040244],[31.706631,30.04041],[31.706327,30.040558],[31.706012,30.040689],[31.705688,30.040802],[31.70441,30.041057],[31.704104,30.041299],[31.704086,30.043488],[31.704234,30.043775],[31.704596,30.043914],[31.712468,30.043941],[31.71314,30.043305],[31.71376,30.04263],[31.714326,30.04192],[31.714834,30.041177],[31.715282,30.040406],[31.715668,30.039611],[31.715991,30.038794],[31.716248,30.037959],[31.716439,30.037111],[31.716563,30.036254],[31.716618,30.035392],[31.716606,30.034528],[31.716525,30.033667]]],[[[31.664347,29.889771],[31.65947,29.889786],[31.658879,29.890026],[31.658505,29.890493],[31.658506,29.903601],[31.658633,29.903648],[31.659304,29.903774],[31.659987,29.903715],[31.665232,29.902258],[31.665523,29.900793],[31.664974,29.897231],[31.665079,29.890446],[31.664839,29.889972],[31.664347,29.889771]]],[[[31.683153,29.871098],[31.677415,29.866884],[31.676325,29.867377],[31.674104,29.867924],[31.672063,29.868181],[31.670001,29.868216],[31.66205,29.875907],[31.687396,29.875213],[31.68497,29.872649],[31.683153,29.871098]]],[[[31.731604,29.996017],[31.728958,29.993623],[31.727292,29.994735],[31.729878,30.007385],[31.73017,30.007299],[31.730454,30.007196],[31.73073,30.007075],[31.730995,30.006939],[31.731249,30.006787],[31.731491,30.00662],[31.731718,30.006439],[31.731931,30.006245],[31.732128,30.006038],[31.732309,30.005821],[31.732471,30.005593],[31.732616,30.005356],[31.732741,30.005111],[31.732847,30.004859],[31.732932,30.004601],[31.732997,30.004338],[31.733042,30.004073],[31.733065,30.003805],[31.733067,30.003537],[31.73296,30.003161],[31.732827,30.002792],[31.732668,30.002431],[31.732483,30.002078],[31.732274,30.001737],[31.732041,30.001407],[31.731785,30.001091],[31.731506,30.000789],[31.731207,30.000502],[31.730889,30.000233],[31.730551,29.99998],[31.730197,29.999747],[31.729826,29.999533],[31.729285,29.998955],[31.731604,29.996017]]],[[[31.514672,30.379245],[31.514816,30.379056],[31.515035,30.379112],[31.515193,30.378923],[31.515468,30.378983],[31.515581,30.378739],[31.515403,30.378689],[31.515767,30.378082],[31.5155,30.377977],[31.515336,30.378151],[31.515052,30.378041],[31.514915,30.37823],[31.515116,30.378301],[31.515049,30.378414],[31.515193,30.378475],[31.514778,30.379037],[31.514295,30.378913],[31.51426,30.379102],[31.514672,30.379245]]],[[[31.510287,30.376647],[31.510522,30.376387],[31.510734,30.376604],[31.511107,30.376346],[31.510877,30.376262],[31.510726,30.376012],[31.510548,30.376124],[31.510238,30.375906],[31.510615,30.375385],[31.510447,30.375173],[31.510742,30.374632],[31.510884,30.374715],[31.510996,30.374568],[31.51075,30.374465],[31.510569,30.37474],[31.510301,30.374627],[31.510188,30.374874],[31.510439,30.374973],[31.510224,30.375357],[31.509967,30.375235],[31.509855,30.375396],[31.509964,30.375445],[31.509728,30.375743],[31.509881,30.375821],[31.509605,30.376342],[31.509789,30.376474],[31.509901,30.376337],[31.510287,30.376647]]],[[[31.548539,30.367359],[31.548163,30.367068],[31.548012,30.36721],[31.54757,30.36699],[31.547164,30.367607],[31.547991,30.368112],[31.548539,30.367359]]],[[[31.276951,29.736135],[31.276994,29.735551],[31.277727,29.735597],[31.277713,29.735697],[31.277873,29.735713],[31.278032,29.735278],[31.277009,29.735133],[31.277055,29.734614],[31.277218,29.734652],[31.277225,29.73452],[31.277414,29.734515],[31.277444,29.734393],[31.277067,29.734378],[31.277082,29.734253],[31.277496,29.734251],[31.277495,29.734068],[31.277724,29.734093],[31.277724,29.733885],[31.27825,29.733824],[31.278258,29.734067],[31.278442,29.734095],[31.278391,29.734452],[31.278194,29.734453],[31.278176,29.734557],[31.278311,29.734573],[31.278299,29.734784],[31.278504,29.734808],[31.278458,29.735109],[31.278771,29.73502],[31.278751,29.735248],[31.279144,29.735268],[31.27916,29.735053],[31.279635,29.735145],[31.279689,29.735561],[31.279804,29.735574],[31.27974,29.734996],[31.279917,29.734988],[31.279938,29.735178],[31.280171,29.735195],[31.280221,29.735436],[31.28036,29.735423],[31.280364,29.734983],[31.280471,29.73497],[31.280302,29.734252],[31.280611,29.734205],[31.280572,29.734101],[31.280313,29.734112],[31.280549,29.734004],[31.280429,29.73358],[31.280782,29.733545],[31.28086,29.733811],[31.281016,29.733777],[31.280919,29.733472],[31.281013,29.733469],[31.280989,29.733229],[31.280064,29.733332],[31.280085,29.733053],[31.279647,29.732997],[31.279488,29.73341],[31.279057,29.733408],[31.279136,29.733137],[31.277767,29.733298],[31.277809,29.733467],[31.277562,29.733485],[31.277623,29.733794],[31.27736,29.733809],[31.277291,29.733525],[31.277085,29.733583],[31.277186,29.73278],[31.277564,29.732689],[31.277407,29.732258],[31.277152,29.73235],[31.27731,29.730329],[31.276475,29.73043],[31.276406,29.73016],[31.276298,29.730191],[31.276359,29.730701],[31.276635,29.730683],[31.2766,29.730535],[31.277109,29.730487],[31.277092,29.730708],[31.276838,29.730716],[31.276857,29.730824],[31.277103,29.730821],[31.277087,29.730946],[31.276403,29.730997],[31.276567,29.731763],[31.275869,29.731844],[31.275931,29.732197],[31.276369,29.732143],[31.276359,29.732327],[31.276085,29.732366],[31.276124,29.732497],[31.276563,29.732449],[31.276566,29.732646],[31.276135,29.732653],[31.276181,29.732785],[31.27601,29.732788],[31.276013,29.732991],[31.275732,29.733041],[31.275784,29.733162],[31.276025,29.733111],[31.276023,29.733218],[31.275851,29.733246],[31.275904,29.733354],[31.27657,29.733202],[31.27655,29.733595],[31.276133,29.733596],[31.276144,29.733733],[31.276554,29.733756],[31.276531,29.733887],[31.276101,29.733858],[31.276118,29.734025],[31.275893,29.73404],[31.275917,29.734238],[31.276565,29.734288],[31.276529,29.734419],[31.27685,29.734429],[31.276817,29.734774],[31.276605,29.734778],[31.276635,29.735011],[31.276847,29.735031],[31.276742,29.736349],[31.2764,29.736351],[31.27651,29.736612],[31.277441,29.736561],[31.277307,29.736168],[31.276951,29.736135]]],[[[31.271555,29.730571],[31.271481,29.729318],[31.272688,29.729356],[31.272856,29.72914],[31.272667,29.728598],[31.272397,29.728597],[31.272378,29.729089],[31.271465,29.729053],[31.271407,29.728519],[31.271629,29.728333],[31.271523,29.728311],[31.271532,29.728165],[31.271348,29.728166],[31.271356,29.727903],[31.27167,29.727901],[31.271692,29.727806],[31.271348,29.727754],[31.271287,29.727117],[31.27065,29.726556],[31.270477,29.726572],[31.270378,29.726356],[31.27025,29.726404],[31.270509,29.727124],[31.270332,29.727143],[31.270311,29.727394],[31.270672,29.727405],[31.270545,29.727549],[31.270537,29.729003],[31.269695,29.729012],[31.269693,29.728774],[31.269375,29.728749],[31.269373,29.729065],[31.270347,29.729087],[31.270391,29.729729],[31.269482,29.729687],[31.269504,29.729422],[31.26934,29.729396],[31.269074,29.729983],[31.269255,29.729983],[31.269246,29.730111],[31.27065,29.730222],[31.27069,29.730894],[31.271451,29.730939],[31.271447,29.73153],[31.272499,29.731586],[31.272494,29.730929],[31.271705,29.730874],[31.271686,29.730575],[31.271555,29.730571]]],[[[31.274547,29.735868],[31.274549,29.73572],[31.275391,29.735759],[31.275399,29.735311],[31.275065,29.735297],[31.275077,29.7349],[31.275871,29.734922],[31.275867,29.734792],[31.275079,29.734758],[31.27509,29.734451],[31.275402,29.734435],[31.275394,29.734295],[31.275091,29.734281],[31.275087,29.734115],[31.275647,29.734113],[31.275647,29.733987],[31.275186,29.733979],[31.27519,29.733565],[31.275007,29.73355],[31.274935,29.733228],[31.275202,29.733063],[31.275176,29.732932],[31.274901,29.732977],[31.274576,29.731786],[31.275025,29.731698],[31.274985,29.731401],[31.274405,29.731465],[31.274331,29.731256],[31.274167,29.73125],[31.274261,29.73195],[31.273772,29.731993],[31.273795,29.732133],[31.274185,29.732121],[31.274285,29.732476],[31.274688,29.732453],[31.274718,29.732607],[31.274529,29.732616],[31.274477,29.732783],[31.274769,29.732758],[31.274865,29.7331],[31.274602,29.733122],[31.274644,29.73337],[31.274847,29.73336],[31.274902,29.733671],[31.274753,29.733722],[31.274789,29.733842],[31.27497,29.733825],[31.274998,29.734432],[31.274669,29.734485],[31.274683,29.734599],[31.275023,29.734594],[31.274979,29.734899],[31.274727,29.734901],[31.274719,29.735063],[31.274971,29.735052],[31.274968,29.735195],[31.274508,29.735237],[31.274528,29.735366],[31.274956,29.7353],[31.274958,29.735472],[31.27401,29.735574],[31.274008,29.73567],[31.274375,29.735694],[31.274361,29.735875],[31.274547,29.735868]]],[[[31.275306,29.731127],[31.27528,29.730934],[31.275038,29.730981],[31.27474,29.730873],[31.274645,29.730685],[31.27437,29.7307],[31.274435,29.730955],[31.274711,29.730908],[31.274873,29.731176],[31.275306,29.731127]]],[[[31.273379,29.731001],[31.273332,29.730547],[31.273129,29.730577],[31.273089,29.730348],[31.273592,29.73034],[31.273599,29.730259],[31.273348,29.730246],[31.273223,29.729557],[31.273747,29.72932],[31.273557,29.728888],[31.273771,29.728829],[31.273703,29.728694],[31.272954,29.728933],[31.273066,29.729474],[31.272655,29.729487],[31.272648,29.729597],[31.27314,29.729613],[31.273136,29.729823],[31.272683,29.729793],[31.272642,29.729945],[31.273167,29.729957],[31.273044,29.730123],[31.272847,29.730101],[31.272805,29.730965],[31.273379,29.731001]]],[[[31.438255,29.743658],[31.437276,29.742526],[31.436104,29.743177],[31.436793,29.744205],[31.438255,29.743658]]],[[[31.437193,29.74243],[31.43791,29.743258],[31.439413,29.74241],[31.438816,29.741615],[31.437193,29.74243]]],[[[31.435314,29.741592],[31.433998,29.739676],[31.431348,29.741192],[31.43272,29.743051],[31.435314,29.741592]]],[[[31.707173,30.239293],[31.704059,30.237071],[31.701831,30.239815],[31.705157,30.242024],[31.707173,30.239293]]],[[[31.752983,29.990532],[31.753096,29.984236],[31.747972,29.981213],[31.746689,29.980533],[31.745356,29.979931],[31.743979,29.979408],[31.742564,29.978969],[31.741118,29.978614],[31.739648,29.978346],[31.738161,29.978165],[31.736663,29.978073],[31.735161,29.978069],[31.73244,29.97829],[31.730089,29.978723],[31.727807,29.979377],[31.725619,29.980242],[31.72403,29.981047],[31.722103,29.98224],[31.720533,29.983423],[31.722816,29.986184],[31.72415,29.988134],[31.725325,29.990159],[31.725745,29.989579],[31.72667,29.98883],[31.727654,29.98814],[31.728692,29.987511],[31.729777,29.986949],[31.730906,29.986454],[31.732071,29.986029],[31.733269,29.985677],[31.734491,29.9854],[31.735733,29.985198],[31.736989,29.985073],[31.738251,29.985025],[31.739514,29.985055],[31.740772,29.985162],[31.742018,29.985346],[31.743245,29.985606],[31.744449,29.985941],[31.745623,29.986349],[31.74676,29.986828],[31.747856,29.987375],[31.748905,29.987988],[31.749902,29.988664],[31.750841,29.9894],[31.751719,29.990191],[31.752983,29.990532]]],[[[31.753096,29.984236],[31.752573,29.971494],[31.743685,29.967398],[31.739302,29.959833],[31.739452,29.95103],[31.740833,29.948328],[31.705125,29.942529],[31.699818,29.954319],[31.699555,29.955171],[31.699358,29.956037],[31.699227,29.956912],[31.699164,29.957793],[31.699169,29.958675],[31.699242,29.959556],[31.699382,29.96043],[31.699589,29.961294],[31.699862,29.962143],[31.700199,29.962976],[31.7006,29.963786],[31.70289,29.967675],[31.703553,29.968633],[31.704276,29.969558],[31.705054,29.970447],[31.705888,29.971298],[31.706773,29.972108],[31.707708,29.972875],[31.70869,29.973596],[31.70989,29.974377],[31.714315,29.978245],[31.71852,29.981517],[31.720572,29.983392],[31.722103,29.98224],[31.72403,29.981047],[31.725619,29.980242],[31.727807,29.979377],[31.730089,29.978723],[31.73244,29.97829],[31.735188,29.978068],[31.736521,29.978068],[31.737851,29.978139],[31.739174,29.978278],[31.740485,29.978487],[31.741779,29.978765],[31.743051,29.97911],[31.744298,29.979521],[31.745513,29.979997],[31.746694,29.980535],[31.753096,29.984236]]],[[[31.651073,29.905809],[31.651038,29.902163],[31.647051,29.902136],[31.647177,29.907029],[31.647957,29.906582],[31.649239,29.906093],[31.651073,29.905809]]],[[[31.720533,29.983423],[31.718167,29.985554],[31.709934,29.9952],[31.707301,29.997683],[31.711218,30.004232],[31.711424,30.004396],[31.713058,30.003384],[31.714628,30.002298],[31.716129,30.001141],[31.717558,29.999916],[31.718911,29.998628],[31.720183,29.997279],[31.721372,29.995873],[31.725325,29.990159],[31.72415,29.988134],[31.722816,29.986184],[31.720533,29.983423]]],[[[31.723677,30.14894],[31.718685,30.145592],[31.706551,30.147121],[31.696615,30.156906],[31.69706,30.157318],[31.697535,30.157704],[31.698039,30.158061],[31.698569,30.158389],[31.699123,30.158685],[31.699698,30.158948],[31.700292,30.159178],[31.700902,30.159374],[31.701526,30.159533],[31.703668,30.159555],[31.714731,30.158159],[31.723677,30.14894]]],[[[31.704515,30.176519],[31.752389,30.16612],[31.751596,30.163666],[31.706549,30.173853],[31.705257,30.174],[31.703957,30.17407],[31.702654,30.174063],[31.701355,30.17398],[31.700065,30.173819],[31.698791,30.173583],[31.697538,30.173272],[31.696313,30.172888],[31.695121,30.172432],[31.692999,30.171399],[31.691139,30.170207],[31.68823,30.167709],[31.688126,30.167312],[31.682112,30.177131],[31.681746,30.178799],[31.682134,30.179294],[31.682803,30.179437],[31.683321,30.179233],[31.704515,30.176519]]],[[[31.732696,30.153815],[31.731498,30.145433],[31.726335,30.146019],[31.723669,30.148936],[31.723738,30.148877],[31.732696,30.153815]]],[[[31.787005,30.166266],[31.78618,30.164422],[31.784207,30.165172],[31.785378,30.166717],[31.787005,30.166266]]],[[[31.672297,30.250521],[31.670717,30.249486],[31.669465,30.250584],[31.67112,30.251832],[31.672297,30.250521]]],[[[31.676741,30.253582],[31.673152,30.251784],[31.670572,30.254695],[31.670759,30.25547],[31.671739,30.256126],[31.674629,30.256039],[31.676741,30.253582]]],[[[31.543767,30.378956],[31.544555,30.377934],[31.546831,30.37411],[31.544729,30.37216],[31.54544,30.371285],[31.545068,30.371054],[31.545674,30.37028],[31.545378,30.370155],[31.545261,30.370283],[31.545006,30.370194],[31.545956,30.368499],[31.545427,30.36833],[31.545533,30.368011],[31.54482,30.367624],[31.544591,30.367662],[31.544824,30.367327],[31.544671,30.367238],[31.545179,30.366538],[31.54544,30.366582],[31.545577,30.366391],[31.545132,30.366031],[31.545263,30.36584],[31.545636,30.366019],[31.54598,30.365469],[31.54556,30.365271],[31.541384,30.368115],[31.539342,30.367056],[31.537746,30.36937],[31.536867,30.368915],[31.535858,30.370377],[31.536454,30.370686],[31.534301,30.373807],[31.535088,30.374215],[31.536906,30.37158],[31.539103,30.37272],[31.538026,30.374282],[31.539337,30.374962],[31.538805,30.375733],[31.539773,30.376235],[31.539181,30.377093],[31.53959,30.377305],[31.540223,30.376387],[31.541067,30.376814],[31.541838,30.377718],[31.54167,30.377919],[31.5413,30.377796],[31.541129,30.378176],[31.542322,30.378535],[31.542575,30.37818],[31.543767,30.378956]]],[[[31.528222,30.381679],[31.530784,30.380476],[31.532333,30.380751],[31.532633,30.380539],[31.532653,30.380339],[31.532178,30.380019],[31.531209,30.37965],[31.530904,30.379073],[31.53101,30.378588],[31.529664,30.379102],[31.528841,30.378893],[31.528983,30.379367],[31.528239,30.379416],[31.527586,30.378907],[31.52694,30.378986],[31.527386,30.380108],[31.528054,30.380703],[31.527549,30.381342],[31.527069,30.381437],[31.526977,30.382051],[31.527313,30.382786],[31.528208,30.383134],[31.527908,30.382442],[31.527998,30.382],[31.528222,30.381679]]],[[[31.519937,30.327404],[31.516429,30.324801],[31.513907,30.335176],[31.516553,30.335661],[31.519937,30.327404]]],[[[31.541384,30.368115],[31.547965,30.363633],[31.551584,30.365093],[31.553338,30.361835],[31.538618,30.343447],[31.532689,30.336863],[31.525342,30.331414],[31.521239,30.339499],[31.518213,30.338663],[31.512539,30.340278],[31.510939,30.342337],[31.500297,30.3376],[31.500162,30.340371],[31.500191,30.344064],[31.509793,30.349453],[31.510284,30.348796],[31.511837,30.349667],[31.5133,30.347706],[31.51818,30.350443],[31.517575,30.351255],[31.525134,30.355495],[31.526448,30.353733],[31.530313,30.3559],[31.528835,30.357882],[31.530355,30.358735],[31.531894,30.35667],[31.539307,30.359354],[31.541462,30.356628],[31.540279,30.356214],[31.541704,30.353652],[31.540785,30.353298],[31.541798,30.351819],[31.545137,30.353862],[31.541552,30.359494],[31.542863,30.360139],[31.542051,30.361447],[31.541042,30.361436],[31.540538,30.361662],[31.540155,30.362024],[31.538949,30.36571],[31.539468,30.367121],[31.541384,30.368115]]],[[[31.597152,30.35074],[31.596326,30.348477],[31.595087,30.348827],[31.593022,30.345058],[31.590173,30.352959],[31.58766,30.354788],[31.588953,30.357252],[31.595199,30.354894],[31.593681,30.351677],[31.597152,30.35074]]],[[[31.603038,30.354862],[31.604389,30.351424],[31.596052,30.354572],[31.597482,30.356254],[31.602419,30.35832],[31.603038,30.354862]]],[[[31.740421,30.175155],[31.739635,30.176012],[31.740397,30.176444],[31.740661,30.176184],[31.740926,30.176396],[31.741428,30.175834],[31.740421,30.175155]]],[[[31.736175,30.135734],[31.736046,30.134595],[31.734392,30.13472],[31.734454,30.135802],[31.736175,30.135734]]],[[[31.668301,29.951353],[31.67541,29.958358],[31.677866,29.956123],[31.679512,29.954299],[31.679942,29.950521],[31.680438,29.948259],[31.681107,29.946032],[31.673828,29.944118],[31.673278,29.945274],[31.672644,29.946398],[31.671927,29.947483],[31.67113,29.948525],[31.670258,29.94952],[31.669313,29.950464],[31.668301,29.951353]]],[[[31.65295,29.956],[31.652424,29.96581],[31.654713,29.965816],[31.656995,29.965678],[31.659261,29.965398],[31.661498,29.964978],[31.663694,29.964418],[31.665839,29.963723],[31.66792,29.962895],[31.669929,29.96194],[31.671853,29.960861],[31.673683,29.959665],[31.67541,29.958358],[31.668301,29.951353],[31.66712,29.952176],[31.665878,29.952928],[31.664581,29.953604],[31.663233,29.954201],[31.661841,29.954718],[31.660413,29.95515],[31.658954,29.955497],[31.657471,29.955756],[31.655972,29.955927],[31.654462,29.956008],[31.65295,29.956]]],[[[31.63846,29.95025],[31.637585,29.949334],[31.636777,29.948373],[31.63604,29.947369],[31.635376,29.946328],[31.634789,29.945252],[31.63428,29.944146],[31.633851,29.943015],[31.633505,29.941862],[31.633242,29.940693],[31.632978,29.940712],[31.632711,29.937712],[31.632942,29.934824],[31.633681,29.932199],[31.634876,29.929713],[31.631283,29.928406],[31.629263,29.933156],[31.626137,29.93263],[31.625419,29.937244],[31.624733,29.938598],[31.623853,29.939503],[31.624635,29.940533],[31.625108,29.941697],[31.62524,29.942617],[31.624894,29.944019],[31.627374,29.946326],[31.630329,29.951294],[31.628633,29.952214],[31.627321,29.953164],[31.627789,29.954161],[31.630177,29.956726],[31.63846,29.95025]]],[[[31.768054,30.14514],[31.772214,30.147943],[31.772724,30.147743],[31.774133,30.146414],[31.769641,30.143379],[31.768054,30.14514]]],[[[31.77963,30.038894],[31.774213,30.039092],[31.773246,30.041523],[31.772396,30.042931],[31.771367,30.044245],[31.773451,30.044913],[31.774864,30.045706],[31.775879,30.046976],[31.776269,30.047993],[31.7764,30.049098],[31.780184,30.061148],[31.780258,30.062525],[31.779917,30.06359],[31.779036,30.064736],[31.778091,30.06639],[31.77753,30.066111],[31.784045,30.069358],[31.786236,30.062984],[31.786374,30.062372],[31.786468,30.061754],[31.786519,30.061133],[31.786526,30.06051],[31.78649,30.059887],[31.78641,30.059268],[31.786286,30.058654],[31.78612,30.058048],[31.785911,30.057452],[31.785661,30.056868],[31.785371,30.056299],[31.780403,30.041749],[31.77963,30.038894]]]]}},{"type":"Feature","properties":{"landuse_value":5,"landuse_code":5,"landuse_label":"عسكرى","source_feature_count":1,"area_km2":3.032331},"geometry":{"type":"MultiPolygon","coordinates":[[[[31.603005,30.375554],[31.584477,30.381734],[31.578827,30.383965],[31.575501,30.385476],[31.582543,30.392084],[31.583238,30.394268],[31.590295,30.399421],[31.592258,30.39624],[31.594481,30.39226],[31.60125,30.379392],[31.603005,30.375554]]]]}},{"type":"Feature","properties":{"landuse_value":1,"landuse_code":1,"landuse_label":"مباني","source_feature_count":12,"area_km2":21.150109},"geometry":{"type":"MultiPolygon","coordinates":[[[[31.72832,30.246778],[31.725279,30.244687],[31.723052,30.247429],[31.722308,30.247077],[31.721884,30.247608],[31.721622,30.247453],[31.720425,30.248167],[31.720032,30.247934],[31.71954,30.248521],[31.722159,30.250113],[31.722338,30.249904],[31.723301,30.250296],[31.724439,30.249046],[31.725376,30.249743],[31.72832,30.246778]]],[[[31.736296,30.238759],[31.73491,30.235627],[31.727111,30.230722],[31.719744,30.24088],[31.736526,30.252421],[31.744668,30.243387],[31.739661,30.239546],[31.738614,30.239073],[31.737862,30.238871],[31.736296,30.238759]]],[[[31.744668,30.243387],[31.750431,30.237004],[31.741425,30.231392],[31.731756,30.224316],[31.727111,30.230722],[31.73491,30.235627],[31.736296,30.238759],[31.737475,30.238806],[31.738242,30.23896],[31.739661,30.239546],[31.744668,30.243387]]],[[[31.750431,30.237004],[31.757892,30.228729],[31.753566,30.226094],[31.751004,30.229289],[31.750374,30.228969],[31.749631,30.228778],[31.748284,30.228839],[31.741425,30.231392],[31.750431,30.237004]]],[[[31.708618,30.228008],[31.715371,30.220818],[31.704827,30.214413],[31.698713,30.221181],[31.708618,30.228008]]],[[[31.724328,30.226258],[31.715371,30.220818],[31.708618,30.228008],[31.718402,30.23475],[31.722096,30.230787],[31.721418,30.230065],[31.724328,30.226258]]],[[[31.767103,30.181019],[31.773386,30.172901],[31.773675,30.171769],[31.771547,30.17163],[31.765378,30.170617],[31.764331,30.173872],[31.756365,30.171726],[31.755445,30.173866],[31.756812,30.174416],[31.755739,30.177808],[31.76266,30.179246],[31.762016,30.181269],[31.767103,30.181019]]],[[[31.761087,30.153126],[31.761925,30.15206],[31.761637,30.151971],[31.743402,30.139589],[31.742319,30.138184],[31.741735,30.135514],[31.734454,30.135802],[31.731739,30.13876],[31.733422,30.152086],[31.73439,30.153155],[31.738861,30.156436],[31.740214,30.156651],[31.742038,30.156529],[31.754422,30.153362],[31.757268,30.153071],[31.761087,30.153126]]],[[[31.750152,30.135947],[31.75161,30.136073],[31.753472,30.135435],[31.754255,30.134753],[31.755063,30.132774],[31.757029,30.127073],[31.755092,30.126327],[31.74892,30.123155],[31.746203,30.122055],[31.744238,30.125419],[31.743748,30.126457],[31.743023,30.12861],[31.742482,30.132114],[31.74248,30.132761],[31.742532,30.133406],[31.742638,30.134047],[31.742797,30.134679],[31.743007,30.135299],[31.743269,30.135905],[31.74358,30.136492],[31.743939,30.137059],[31.744344,30.137602],[31.744794,30.138117],[31.745285,30.138604],[31.74656,30.137312],[31.747432,30.13676],[31.748405,30.136356],[31.750162,30.136044],[31.750152,30.135947]]],[[[31.756593,30.222858],[31.768439,30.20978],[31.757064,30.201794],[31.751974,30.207595],[31.758043,30.211353],[31.756513,30.212831],[31.751193,30.209617],[31.748424,30.212738],[31.753511,30.216503],[31.751007,30.218866],[31.756593,30.222858]]],[[[31.772214,30.147943],[31.764548,30.142756],[31.760334,30.147586],[31.766885,30.152498],[31.771196,30.148788],[31.771534,30.148176],[31.772214,30.147943]]],[[[31.774044,30.12684],[31.774566,30.120122],[31.760439,30.120143],[31.760325,30.122223],[31.759281,30.126664],[31.757474,30.130581],[31.758085,30.13095],[31.757148,30.132467],[31.757162,30.133001],[31.757476,30.133561],[31.75447,30.136707],[31.756133,30.137654],[31.752874,30.1413],[31.761196,30.146598],[31.768822,30.137745],[31.769883,30.136318],[31.770845,30.134838],[31.771703,30.133311],[31.772454,30.131742],[31.773096,30.130137],[31.773627,30.128501],[31.774044,30.12684]]]]}},{"type":"Feature","properties":{"landuse_value":4,"landuse_code":4,"landuse_label":"مقابر","source_feature_count":1,"area_km2":2.043662},"geometry":{"type":"MultiPolygon","coordinates":[[[[31.719079,30.211094],[31.711846,30.20664],[31.707544,30.211404],[31.721805,30.220089],[31.720665,30.221538],[31.729963,30.226789],[31.735,30.220176],[31.719079,30.211094]]]]}},{"type":"Feature","properties":{"landuse_value":1,"landuse_code":1,"landuse_label":"مصانع","source_feature_count":1,"area_km2":7.91522},"geometry":{"type":"MultiPolygon","coordinates":[[[[31.337427,29.753973],[31.342958,29.753119],[31.360848,29.754271],[31.360942,29.752866],[31.362158,29.752118],[31.362697,29.75222],[31.36316,29.752096],[31.363466,29.75185],[31.363646,29.751458],[31.362117,29.744525],[31.363702,29.74464],[31.363726,29.746551],[31.363905,29.746662],[31.364093,29.746763],[31.364289,29.746851],[31.364492,29.746928],[31.3647,29.746991],[31.364912,29.747042],[31.365129,29.74708],[31.365347,29.747104],[31.365568,29.747115],[31.365788,29.747112],[31.366008,29.747096],[31.366226,29.747066],[31.366441,29.747024],[31.366652,29.746967],[31.366858,29.746899],[31.367058,29.746817],[31.36725,29.746724],[31.367435,29.746619],[31.367611,29.746503],[31.367695,29.74469],[31.370428,29.744867],[31.371114,29.743061],[31.370966,29.742056],[31.370077,29.741636],[31.369815,29.739505],[31.368501,29.739561],[31.368702,29.740987],[31.365474,29.739463],[31.363611,29.742069],[31.363291,29.742773],[31.362846,29.743154],[31.362157,29.743403],[31.36129,29.743357],[31.360549,29.742963],[31.360146,29.742416],[31.359891,29.741468],[31.358881,29.741523],[31.357843,29.741084],[31.357703,29.74018],[31.357052,29.739284],[31.357139,29.738091],[31.356999,29.737237],[31.35746,29.736474],[31.35856,29.73598],[31.358965,29.735572],[31.35908,29.73511],[31.358906,29.734592],[31.35914,29.732804],[31.35955,29.732869],[31.358894,29.73113],[31.359142,29.728507],[31.358326,29.728199],[31.358679,29.727546],[31.358772,29.72764],[31.358872,29.727728],[31.358978,29.72781],[31.35909,29.727886],[31.359208,29.727956],[31.35933,29.728019],[31.359457,29.728075],[31.359588,29.728123],[31.359722,29.728164],[31.359858,29.728198],[31.359997,29.728224],[31.360138,29.728242],[31.36028,29.728252],[31.360422,29.728254],[31.360563,29.728248],[31.360705,29.728234],[31.360844,29.728212],[31.360982,29.728182],[31.361118,29.728145],[31.361717,29.724929],[31.360394,29.724256],[31.359919,29.72619],[31.359492,29.72611],[31.359749,29.72398],[31.360022,29.724013],[31.360205,29.723269],[31.35888,29.722745],[31.358734,29.72337],[31.356663,29.722449],[31.355581,29.728016],[31.353331,29.727571],[31.353228,29.723451],[31.351764,29.723045],[31.351686,29.723641],[31.349816,29.722991],[31.349503,29.725404],[31.346531,29.725248],[31.3466,29.726055],[31.344636,29.726106],[31.346065,29.72834],[31.34385,29.728656],[31.341601,29.732533],[31.33811,29.732728],[31.338656,29.736913],[31.336535,29.737006],[31.336455,29.741839],[31.333439,29.742278],[31.333472,29.744427],[31.340413,29.746544],[31.33842,29.751234],[31.334469,29.750289],[31.333467,29.752962],[31.325357,29.751189],[31.326504,29.74804],[31.32848,29.748483],[31.329126,29.746641],[31.323272,29.744955],[31.322974,29.746443],[31.323788,29.746812],[31.316887,29.751871],[31.320335,29.753659],[31.326699,29.754321],[31.330492,29.754421],[31.334284,29.754278],[31.337427,29.753973]]]]}},{"type":"Feature","properties":{"landuse_value":4,"landuse_code":4,"landuse_label":"مباني","source_feature_count":6,"area_km2":29.557841},"geometry":{"type":"MultiPolygon","coordinates":[[[[31.669551,29.973573],[31.662334,29.96567],[31.662039,29.965474],[31.657581,29.96615],[31.653383,29.966364],[31.652715,29.966684],[31.652537,29.966882],[31.652279,29.968491],[31.652304,29.969429],[31.652569,29.970582],[31.653098,29.971658],[31.653707,29.972496],[31.660577,29.979942],[31.661198,29.979656],[31.669573,29.973858],[31.669551,29.973573]]],[[[31.672658,29.903067],[31.673382,29.903265],[31.685166,29.903157],[31.685993,29.902894],[31.686716,29.902262],[31.687038,29.901284],[31.686969,29.89526],[31.686783,29.89352],[31.686971,29.892777],[31.68731,29.892243],[31.687363,29.890298],[31.687215,29.889395],[31.687357,29.888674],[31.687375,29.883006],[31.687279,29.882714],[31.68706,29.882527],[31.682471,29.882404],[31.682059,29.882516],[31.681746,29.882777],[31.681593,29.883185],[31.681851,29.889622],[31.671246,29.889743],[31.670627,29.890083],[31.670495,29.890466],[31.670547,29.899499],[31.670061,29.900519],[31.667852,29.902608],[31.667722,29.903041],[31.667873,29.903341],[31.668186,29.903523],[31.671556,29.903545],[31.671976,29.903139],[31.672658,29.903067]]],[[[31.77963,30.038894],[31.77892,30.036274],[31.778055,30.034511],[31.777346,30.032661],[31.776571,30.029218],[31.776424,30.027879],[31.77678,30.023038],[31.777217,30.020426],[31.777121,30.019897],[31.776693,30.019413],[31.776042,30.019187],[31.770133,30.019179],[31.765743,30.007547],[31.752957,30.00776],[31.729968,30.007827],[31.727292,29.994735],[31.716536,30.00781],[31.716447,30.008027],[31.716374,30.008248],[31.71632,30.008474],[31.716282,30.008702],[31.716263,30.008932],[31.716261,30.009163],[31.716277,30.009393],[31.716311,30.009621],[31.716363,30.009848],[31.716432,30.01007],[31.716518,30.010288],[31.716621,30.010501],[31.71674,30.010706],[31.716875,30.010905],[31.717025,30.011095],[31.717189,30.011276],[31.717367,30.011447],[31.717533,30.01262],[31.717053,30.013727],[31.715741,30.014762],[31.715181,30.01551],[31.714924,30.016375],[31.714999,30.017266],[31.715413,30.018303],[31.718405,30.018189],[31.71861,30.019857],[31.719201,30.021453],[31.720152,30.022912],[31.7214,30.024259],[31.722826,30.026469],[31.733474,30.024737],[31.734408,30.026678],[31.736687,30.038063],[31.737433,30.040238],[31.738507,30.042307],[31.740892,30.045859],[31.741578,30.046749],[31.742328,30.047599],[31.74314,30.048405],[31.74401,30.049164],[31.744933,30.049873],[31.745908,30.050528],[31.746929,30.051128],[31.747992,30.051669],[31.749092,30.05215],[31.750227,30.052568],[31.751389,30.052922],[31.758648,30.056699],[31.778091,30.06639],[31.779036,30.064736],[31.779917,30.06359],[31.780205,30.062798],[31.78028,30.061695],[31.77824,30.054791],[31.7764,30.049098],[31.77621,30.047777],[31.775717,30.046699],[31.774864,30.045706],[31.773451,30.044913],[31.771367,30.044245],[31.772396,30.042931],[31.773246,30.041523],[31.774213,30.039092],[31.77963,30.038894]]],[[[31.757115,29.996854],[31.752667,29.993983],[31.752587,30.003616],[31.753062,30.005434],[31.753092,30.006834],[31.752957,30.00776],[31.756398,30.007703],[31.757115,29.996854]]],[[[31.704583,30.241634],[31.701831,30.239815],[31.698481,30.24365],[31.698583,30.244077],[31.699405,30.244967],[31.69974,30.245098],[31.702144,30.244127],[31.704583,30.241634]]],[[[31.665314,29.903467],[31.666713,29.903337],[31.667192,29.903185],[31.669799,29.900811],[31.670276,29.900199],[31.6705,29.89968],[31.670589,29.898386],[31.665156,29.898408],[31.665523,29.900793],[31.665232,29.902258],[31.66525,29.903265],[31.665314,29.903467]]]]}},{"type":"Feature","properties":{"landuse_value":5,"landuse_code":5,"landuse_label":"مباني","source_feature_count":3,"area_km2":15.036946},"geometry":{"type":"MultiPolygon","coordinates":[[[[31.67525,29.937308],[31.675051,29.936012],[31.674779,29.934726],[31.674436,29.933452],[31.674023,29.932195],[31.673539,29.930957],[31.672987,29.929741],[31.672368,29.92855],[31.671569,29.927472],[31.670686,29.926445],[31.669724,29.925474],[31.668688,29.924563],[31.667581,29.923716],[31.66641,29.922938],[31.665181,29.922232],[31.663898,29.921602],[31.662568,29.921051],[31.661198,29.92058],[31.659794,29.920194],[31.658363,29.919893],[31.656911,29.919678],[31.655446,29.919552],[31.653974,29.919514],[31.652502,29.919564],[31.651038,29.919703],[31.649589,29.91993],[31.648161,29.920243],[31.646761,29.920641],[31.645396,29.921123],[31.644073,29.921686],[31.642797,29.922327],[31.641576,29.923043],[31.640414,29.923831],[31.639317,29.924687],[31.63829,29.925606],[31.637339,29.926586],[31.636468,29.92762],[31.635681,29.928704],[31.634982,29.929833],[31.634374,29.931002],[31.63386,29.932204],[31.633484,29.933463],[31.633207,29.934742],[31.633032,29.936034],[31.632958,29.937334],[31.632987,29.938635],[31.633117,29.939931],[31.633349,29.941216],[31.633681,29.942485],[31.634112,29.943731],[31.63464,29.944948],[31.635262,29.946132],[31.635975,29.947275],[31.636777,29.948373],[31.638699,29.950508],[31.640229,29.951987],[31.641403,29.952723],[31.64263,29.953391],[31.643904,29.953988],[31.645219,29.954511],[31.646571,29.95496],[31.647954,29.95533],[31.649361,29.955622],[31.650787,29.955834],[31.652225,29.955965],[31.653671,29.956014],[31.655117,29.955981],[31.656557,29.955867],[31.657986,29.955671],[31.659398,29.955395],[31.660786,29.95504],[31.662144,29.954607],[31.663468,29.954099],[31.66475,29.953516],[31.665987,29.952863],[31.667172,29.95214],[31.668301,29.951353],[31.66928,29.950495],[31.670196,29.949586],[31.671044,29.948629],[31.671823,29.947627],[31.672527,29.946585],[31.673156,29.945507],[31.673705,29.944396],[31.674174,29.943258],[31.674559,29.942096],[31.674861,29.940916],[31.675077,29.939721],[31.675207,29.938517],[31.67525,29.937308]],[[31.653958,29.927517],[31.654786,29.927536],[31.65561,29.927605],[31.656427,29.927723],[31.657232,29.92789],[31.658022,29.928105],[31.658794,29.928367],[31.659543,29.928675],[31.660265,29.929027],[31.660958,29.929421],[31.661619,29.929857],[31.662243,29.93033],[31.662828,29.930841],[31.663371,29.931385],[31.66387,29.93196],[31.664322,29.932565],[31.664726,29.933194],[31.665078,29.933847],[31.665378,29.934519],[31.665624,29.935208],[31.665814,29.93591],[31.665949,29.936621],[31.666027,29.937339],[31.666048,29.93806],[31.666012,29.938781],[31.665919,29.939497],[31.665769,29.940207],[31.665564,29.940905],[31.665303,29.94159],[31.664989,29.942257],[31.664623,29.942904],[31.664207,29.943527],[31.663742,29.944124],[31.663231,29.944691],[31.662676,29.945227],[31.66208,29.945728],[31.661446,29.946191],[31.660777,29.946616],[31.660075,29.946999],[31.659345,29.94734],[31.65859,29.947635],[31.657813,29.947885],[31.657018,29.948087],[31.656209,29.948241],[31.655389,29.948346],[31.654564,29.948401],[31.653736,29.948407],[31.652909,29.948363],[31.652088,29.94827],[31.651276,29.948127],[31.650478,29.947936],[31.649696,29.947697],[31.648936,29.947412],[31.648199,29.947082],[31.647491,29.946708],[31.646814,29.946293],[31.646171,29.945838],[31.645566,29.945346],[31.645002,29.944818],[31.64448,29.944258],[31.644005,29.943668],[31.643577,29.94305],[31.643199,29.942409],[31.642872,29.941746],[31.6426,29.941065],[31.642381,29.940369],[31.642219,29.939662],[31.642112,29.938947],[31.642063,29.938227],[31.642071,29.937506],[31.642136,29.936787],[31.642257,29.936074],[31.642435,29.935369],[31.642668,29.934677],[31.642956,29.934001],[31.643296,29.933344],[31.643688,29.932708],[31.644129,29.932098],[31.644617,29.931515],[31.64515,29.930964],[31.645726,29.930445],[31.646341,29.929963],[31.646994,29.929519],[31.647679,29.929115],[31.648395,29.928753],[31.649139,29.928434],[31.649905,29.928162],[31.650691,29.927936],[31.651494,29.927758],[31.652308,29.927628],[31.653131,29.927548],[31.653958,29.927517]]],[[[31.654273,29.92752],[31.651764,29.927696],[31.649644,29.928222],[31.647405,29.929224],[31.645679,29.930419],[31.644054,29.932094],[31.642988,29.933775],[31.642225,29.935864],[31.641982,29.937772],[31.642145,29.939687],[31.642706,29.941544],[31.643812,29.943514],[31.64515,29.94504],[31.64704,29.946489],[31.648949,29.94745],[31.651333,29.948155],[31.65352,29.948404],[31.655721,29.9483],[31.65816,29.947755],[31.660147,29.946923],[31.662159,29.945603],[31.663809,29.943948],[31.6649,29.942279],[31.665693,29.940198],[31.665965,29.938292],[31.665779,29.936105],[31.665189,29.934255],[31.66422,29.932531],[31.662692,29.930788],[31.66078,29.929361],[31.658857,29.928422],[31.656463,29.927744],[31.654273,29.92752]]],[[[31.628042,30.3301],[31.61692,30.322535],[31.607477,30.333508],[31.618132,30.341038],[31.628042,30.3301]]]]}},{"type":"Feature","properties":{"landuse_value":2,"landuse_code":2,"landuse_label":"مباني","source_feature_count":1,"area_km2":1.172551},"geometry":{"type":"MultiPolygon","coordinates":[[[[31.673828,29.944118],[31.681107,29.946032],[31.682669,29.942286],[31.683986,29.939887],[31.685513,29.937586],[31.685896,29.935775],[31.685703,29.932937],[31.686026,29.932619],[31.68615,29.932197],[31.674761,29.934648],[31.67525,29.937308],[31.675133,29.939293],[31.674783,29.941257],[31.673828,29.944118]]]]}}]}