{
"type": "FeatureCollection",
"name": "Urban_Changes",
"xy_coordinate_resolution": 8.98315e-10,
"z_coordinate_resolution": 0.0001,
"features": [
{"type":"Feature","properties":{"SHAPE_Length":5740.0738092696565,"SHAPE_Area":2049602.1935735508,"سعر_الأرض_2023":null,"سعر_الأرض_2014":null,"نمط_العمران":"حكومي","اسم_المحور":"محور الدائرى الاقليمى","اسم_المحافظة":"محافظة القاهرة","متوسط_عدد_الادوار_بالعقار":null,"متوسط_عدد_الشقق_بالدور":null,"متوسط_مساحة_الشقق_بالمنطقة":null,"نوع_طبيعة_المنطقة":"قائمة","مساحة_التغير_كم2":2049602.1935735508,"نسبة_المساحه":null,"Civil":null,"كم":2.0496021935735507},"geometry":{"type":"Polygon","coordinates":[[[31.6074767549,30.3335082674],[31.6169202334,30.3225348554],[31.6280422805,30.3301004022],[31.6181315461,30.3410383479],[31.6074767549,30.3335082674]]]}},
{"type":"Feature","properties":{"SHAPE_Length":6760.6726953312145,"SHAPE_Area":3013952.7276524045,"سعر_الأرض_2023":16541440469.0,"سعر_الأرض_2014":9041858182.9572124,"نمط_العمران":"اسكان مخطط اقتصادى","اسم_المحور":"محور الدائرى الاقليمى","اسم_المحافظة":"محافظة القاهرة","متوسط_عدد_الادوار_بالعقار":null,"متوسط_عدد_الشقق_بالدور":null,"متوسط_مساحة_الشقق_بالمنطقة":null,"نوع_طبيعة_المنطقة":"تحت الانشاء","مساحة_التغير_كم2":3013952.7276524045,"نسبة_المساحه":null,"Civil":67.0,"كم":3.0139527276524043},"geometry":{"type":"Polygon","coordinates":[[[31.5559124888,30.2649463088],[31.559009845,30.2637682434],[31.5616777787,30.264040341],[31.5646674809,30.2648757345],[31.5673451759,30.2661007798],[31.5697363204,30.2677117745],[31.5715331808,30.2693967397],[31.5719713438,30.2708385511],[31.5717647279,30.2725262087],[31.570579771,30.2742962814],[31.5668547182,30.2767517607],[31.5579814878,30.2847218744],[31.5486671378,30.2774570677],[31.5538643797,30.2698471119],[31.5559124888,30.2649463088]]]}},
{"type":"Feature","properties":{"SHAPE_Length":6504.1716226310855,"SHAPE_Area":1575702.5167513005,"سعر_الأرض_2023":null,"سعر_الأرض_2014":null,"نمط_العمران":"اسكان مخطط اقتصادى","اسم_المحور":"محور الدائرى الاقليمى","اسم_المحافظة":"محافظة القاهرة","متوسط_عدد_الادوار_بالعقار":null,"متوسط_عدد_الشقق_بالدور":null,"متوسط_مساحة_الشقق_بالمنطقة":null,"نوع_طبيعة_المنطقة":"تحت الانشاء","مساحة_التغير_كم2":1575702.5167513005,"نسبة_المساحه":null,"Civil":null,"كم":1.5757025167513006},"geometry":{"type":"Polygon","coordinates":[[[31.5909198983,30.2500058506],[31.5910275074,30.2541295401],[31.588772915,30.2594910448],[31.5882424724,30.2597370597],[31.58662128,30.2597183339],[31.5858717657,30.2592878615],[31.5858449271,30.2588578555],[31.5831635407,30.2588646818],[31.5831856437,30.2573251055],[31.5725866057,30.2571741955],[31.572643718,30.2589294869],[31.5662931923,30.2587884939],[31.566522662,30.2554622865],[31.5700696661,30.2540881206],[31.5807883026,30.251284568],[31.5909198983,30.2500058506]]]}},
{"type":"Feature","properties":{"SHAPE_Length":6528.815762931099,"SHAPE_Area":1854333.9265140791,"سعر_الأرض_2023":7414257517.0,"سعر_الأرض_2014":5563001779.5422373,"نمط_العمران":"كمبوند","اسم_المحور":"محور الدائرى الاقليمى","اسم_المحافظة":"محافظة القاهرة","متوسط_عدد_الادوار_بالعقار":null,"متوسط_عدد_الشقق_بالدور":null,"متوسط_مساحة_الشقق_بالمنطقة":null,"نوع_طبيعة_المنطقة":"قائمة","مساحة_التغير_كم2":1854333.9265140791,"نسبة_المساحه":null,"Civil":65.0,"كم":1.854333926514079},"geometry":{"type":"Polygon","coordinates":[[[31.6790414604,30.2048138962],[31.6773930316,30.2050157995],[31.6762082329,30.2061171508],[31.6787241162,30.2078847733],[31.6761830866,30.2105792525],[31.6573695402,30.1973123222],[31.6606217996,30.1936320172],[31.6748860174,30.1965387936],[31.6746503673,30.1989845884],[31.6757354341,30.1989896613],[31.6757626345,30.2001927446],[31.6774515443,30.2017858911],[31.6774675284,30.2022348785],[31.6792156664,30.2024987582],[31.6790414604,30.2048138962]]]}},
{"type":"Feature","properties":{"SHAPE_Length":7754.4254863815122,"SHAPE_Area":2118351.4355803188,"سعر_الأرض_2023":null,"سعر_الأرض_2014":null,"نمط_العمران":"صناعي","اسم_المحور":"محور الدائرى الاقليمى","اسم_المحافظة":"محافظة القاهرة","متوسط_عدد_الادوار_بالعقار":null,"متوسط_عدد_الشقق_بالدور":null,"متوسط_مساحة_الشقق_بالمنطقة":null,"نوع_طبيعة_المنطقة":"قائمة","مساحة_التغير_كم2":2118351.4355803188,"نسبة_المساحه":null,"Civil":170.0,"كم":2.1183514355803186},"geometry":{"type":"Polygon","coordinates":[[[31.7565927187,30.2228584337],[31.7510074526,30.2188661048],[31.7535113715,30.2165025371],[31.7484239423,30.2127376242],[31.7511930147,30.2096166735],[31.7565126824,30.2128305624],[31.7580431113,30.2113529409],[31.75197444,30.2075948179],[31.7570637286,30.2017940102],[31.7684394792,30.2097798408],[31.7565927187,30.2228584337]]]}},
{"type":"Feature","properties":{"SHAPE_Length":15235.219399318721,"SHAPE_Area":2599136.9336597999,"سعر_الأرض_2023":null,"سعر_الأرض_2014":null,"نمط_العمران":"كمبوند","اسم_المحور":"محور الدائرى الاقليمى","اسم_المحافظة":"محافظة القاهرة","متوسط_عدد_الادوار_بالعقار":null,"متوسط_عدد_الشقق_بالدور":null,"متوسط_مساحة_الشقق_بالمنطقة":null,"نوع_طبيعة_المنطقة":"تحت الانشاء","مساحة_التغير_كم2":2599136.9336597999,"نسبة_المساحه":null,"Civil":null,"كم":2.5991369336597998},"geometry":{"type":"Polygon","coordinates":[[[31.7045149381,30.1765190667],[31.6828034178,30.1794370089],[31.6817464609,30.1787989743],[31.6821121401,30.1771314782],[31.6881856782,30.1672151344],[31.6906557828,30.1698435932],[31.6916660737,30.1705757698],[31.6927318669,30.1712459203],[31.6938481284,30.1718508789],[31.6950095855,30.1723877874],[31.6962107517,30.1728541091],[31.6974459523,30.1732476407],[31.6987093521,30.173566523],[31.6999949821,30.1738092491],[31.7012967681,30.1739746723],[31.7026085596,30.1740620108],[31.7039241587,30.1740708519],[31.7052373494,30.1740011538],[31.7065419272,30.1738532456],[31.7515961232,30.1636657339],[31.7523894552,30.1661203901],[31.7045149381,30.1765190667]]]}},
{"type":"Feature","properties":{"SHAPE_Length":8950.1147176465529,"SHAPE_Area":4076674.9021372451,"سعر_الأرض_2023":12667361435.0,"سعر_الأرض_2014":12230024706.411736,"نمط_العمران":"اسكان مخطط اقتصادى","اسم_المحور":"محور الدائرى الاقليمى","اسم_المحافظة":"محافظة القاهرة","متوسط_عدد_الادوار_بالعقار":null,"متوسط_عدد_الشقق_بالدور":null,"متوسط_مساحة_الشقق_بالمنطقة":null,"نوع_طبيعة_المنطقة":"تحت الانشاء","مساحة_التغير_كم2":4076674.9021372451,"نسبة_المساحه":null,"Civil":63.0,"كم":4.6734528783688516},"geometry":{"type":"Polygon","coordinates":[[[31.7037378991,30.1594955418],[31.7148003249,30.1581002944],[31.7376749512,30.1606220146],[31.7392315072,30.1664633463],[31.7054290687,30.1739843707],[31.7037378991,30.1594955418]]]}},
{"type":"Feature","properties":{"SHAPE_Length":3566.7074287648861,"SHAPE_Area":380549.07880339725,"سعر_الأرض_2023":3051176644.0,"سعر_الأرض_2014":1141647236.4101918,"نمط_العمران":"اسكان مخطط اقتصادى","اسم_المحور":"محور الدائرى الاقليمى","اسم_المحافظة":"محافظة القاهرة","متوسط_عدد_الادوار_بالعقار":null,"متوسط_عدد_الشقق_بالدور":null,"متوسط_مساحة_الشقق_بالمنطقة":null,"نوع_طبيعة_المنطقة":"قائمة","مساحة_التغير_كم2":380549.07880339725,"نسبة_المساحه":null,"Civil":62.0,"كم":0.38054907880339722},"geometry":{"type":"Polygon","coordinates":[[[31.7402120753,30.1595129969],[31.741576721,30.1602244117],[31.7416555939,30.1610906916],[31.7549340548,30.162901065],[31.74186958,30.1658665689],[31.7402120753,30.1595129969]]]}},
{"type":"Feature","properties":{"SHAPE_Length":5945.2557178629586,"SHAPE_Area":1445997.2346496955,"سعر_الأرض_2023":9581030105.0,"سعر_الأرض_2014":4337991703.9490862,"نمط_العمران":"اسكان مخطط اقتصادى","اسم_المحور":"محور الدائرى الاقليمى","اسم_المحافظة":"محافظة القاهرة","متوسط_عدد_الادوار_بالعقار":null,"متوسط_عدد_الشقق_بالدور":null,"متوسط_مساحة_الشقق_بالمنطقة":null,"نوع_طبيعة_المنطقة":"قائمة","مساحة_التغير_كم2":1445997.2346496955,"نسبة_المساحه":null,"Civil":61.0,"كم":1.4459972346496954},"geometry":{"type":"Polygon","coordinates":[[[31.7537996458,30.1534792162],[31.7573377587,30.1530121471],[31.7611565349,30.1530673817],[31.7619245981,30.1520599715],[31.764630561,30.1539409531],[31.7665856686,30.1568839497],[31.7683696153,30.160733362],[31.7704903007,30.1632472935],[31.7563492041,30.162576846],[31.7549340548,30.162901065],[31.7487477594,30.1620578056],[31.7484029003,30.1608897752],[31.754533903,30.1594559728],[31.7553337257,30.1588377353],[31.7555088586,30.1583908811],[31.7537996458,30.1534792162]]]}},
{"type":"Feature","properties":{"SHAPE_Length":3068.4146154100463,"SHAPE_Area":494541.31299526128,"سعر_الأرض_2023":3135321742.0,"سعر_الأرض_2014":1483623938.9857838,"نمط_العمران":"اسكان مخطط اقتصادى","اسم_المحور":"محور الدائرى الاقليمى","اسم_المحافظة":"محافظة القاهرة","متوسط_عدد_الادوار_بالعقار":null,"متوسط_عدد_الشقق_بالدور":null,"متوسط_مساحة_الشقق_بالمنطقة":null,"نوع_طبيعة_المنطقة":"قائمة","مساحة_التغير_كم2":494541.31299526128,"نسبة_المساحه":null,"Civil":null,"كم":0.49454131299526127},"geometry":{"type":"Polygon","coordinates":[[[31.7325584236,30.1454458608],[31.7331729621,30.1502361863],[31.7321982548,30.1503334357],[31.7326958217,30.1538154965],[31.7237379798,30.1488766106],[31.7264043821,30.145960418],[31.7325584236,30.1454458608]]]}},
{"type":"Feature","properties":{"SHAPE_Length":17345.134781650773,"SHAPE_Area":9136738.9946322124,"سعر_الأرض_2023":null,"سعر_الأرض_2014":null,"نمط_العمران":"اسكان مخطط اقتصادى","اسم_المحور":"محور الدائرى الاقليمى","اسم_المحافظة":"محافظة القاهرة","متوسط_عدد_الادوار_بالعقار":null,"متوسط_عدد_الشقق_بالدور":null,"متوسط_مساحة_الشقق_بالمنطقة":null,"نوع_طبيعة_المنطقة":"تحت الانشاء","مساحة_التغير_كم2":9136738.9946322124,"نسبة_المساحه":null,"Civil":1.0,"كم":9.1367389946322124},"geometry":{"type":"Polygon","coordinates":[[[31.8081051901,30.1179012695],[31.8103020356,30.117618876],[31.8104567399,30.1185148269],[31.8137752952,30.1165871219],[31.8130716332,30.1157212756],[31.8119652779,30.1163797631],[31.8115459405,30.1147047418],[31.8145205942,30.1139676355],[31.8150000273,30.1152134461],[31.8167970887,30.1155920978],[31.8185386003,30.1142892708],[31.8191629423,30.1139657604],[31.8198101238,30.1136781722],[31.8204774141,30.1134277197],[31.8211619977,30.1132154594],[31.8218609864,30.113042287],[31.822571431,30.1129089331],[31.8232903344,30.1128159603],[31.8240146634,30.1127637608],[31.8247413622,30.112752555],[31.8254673648,30.11278239],[31.8261896085,30.1128531402],[31.8269050461,30.1129645069],[31.8276106591,30.1131160205],[31.8283034706,30.1133070416],[31.8289805575,30.1135367644],[31.8296390631,30.1138042197],[31.8302762089,30.1141082791],[31.8308893066,30.1144476597],[31.8314757692,30.1148209298],[31.8335532782,30.1177291419],[31.8344740534,30.1217503011],[31.8340646489,30.1244702402],[31.8309023398,30.1296166559],[31.8289467956,30.1336498827],[31.8278759287,30.1350155078],[31.8211661368,30.1393674618],[31.8176260714,30.1432319602],[31.8158601544,30.1475707665],[31.8161502278,30.1499757745],[31.8175626125,30.1520592769],[31.8245946057,30.1560149404],[31.8256501133,30.1570849339],[31.8263462672,30.1592401715],[31.8258346393,30.161153423],[31.8233313681,30.1635675524],[31.820183875,30.1652467891],[31.8173189266,30.16589197],[31.8087654596,30.166714458],[31.8058438941,30.1660983551],[31.8036586493,30.164304312],[31.8048442761,30.1615542998],[31.8071112654,30.1587364191],[31.8084961404,30.1562471192],[31.8101113974,30.1509101883],[31.8108631803,30.1354354996],[31.8081051901,30.1179012695]]]}},
{"type":"Feature","properties":{"SHAPE_Length":1689.4784228107762,"SHAPE_Area":121892.53203579099,"سعر_الأرض_2023":null,"سعر_الأرض_2014":null,"نمط_العمران":"اسكان مخطط اقتصادى","اسم_المحور":"محور الدائرى الاقليمى","اسم_المحافظة":"محافظة القاهرة","متوسط_عدد_الادوار_بالعقار":null,"متوسط_عدد_الشقق_بالدور":null,"متوسط_مساحة_الشقق_بالمنطقة":null,"نوع_طبيعة_المنطقة":"تحت الانشاء","مساحة_التغير_كم2":121892.53203579099,"نسبة_المساحه":null,"Civil":null,"كم":0.12189253203579099},"geometry":{"type":"Polygon","coordinates":[[[31.716046604,30.2685600489],[31.7143702675,30.2673976611],[31.7137412472,30.2681793159],[31.711492124,30.2666531589],[31.7122796341,30.2657486449],[31.7132681932,30.2664915717],[31.7152705542,30.2647923256],[31.7177602135,30.2668579333],[31.716046604,30.2685600489]]]}},
{"type":"Feature","properties":{"SHAPE_Length":14364.223143493153,"SHAPE_Area":8610257.7991502341,"سعر_الأرض_2023":null,"سعر_الأرض_2014":null,"نمط_العمران":"حكومي","اسم_المحور":"محور الدائرى الاقليمى","اسم_المحافظة":"محافظة القاهرة","متوسط_عدد_الادوار_بالعقار":null,"متوسط_عدد_الشقق_بالدور":null,"متوسط_مساحة_الشقق_بالمنطقة":null,"نوع_طبيعة_المنطقة":"تحت الانشاء","مساحة_التغير_كم2":8610257.7991502341,"نسبة_المساحه":null,"Civil":null,"كم":8.6102577991502347},"geometry":{"type":"Polygon","coordinates":[[[31.7096168103,30.0177935434],[31.7006200238,30.0185509603],[31.6956945569,30.0196300501],[31.6870586804,30.0222850172],[31.679915151,30.0234612483],[31.674139175,30.0237554098],[31.6592568848,30.0221703539],[31.652566994,30.0105007987],[31.688990544,30.0069740535],[31.6960296435,30.004778226],[31.7043933565,29.9999889848],[31.7148681924,30.0179043883],[31.7096168103,30.0177935434]]]}},
{"type":"Feature","properties":{"SHAPE_Length":7371.0852563831004,"SHAPE_Area":3609846.2891655532,"سعر_الأرض_2023":82345983974.0,"سعر_الأرض_2014":10829538867.49666,"نمط_العمران":"كمبوند","اسم_المحور":"محور الدائرى الاقليمى","اسم_المحافظة":"محافظة القاهرة","متوسط_عدد_الادوار_بالعقار":null,"متوسط_عدد_الشقق_بالدور":null,"متوسط_مساحة_الشقق_بالمنطقة":null,"نوع_طبيعة_المنطقة":"قائمة","مساحة_التغير_كم2":3609846.2891655532,"نسبة_المساحه":null,"Civil":53.0,"كم":3.6098462891655534},"geometry":{"type":"Polygon","coordinates":[[[31.6836290743,29.9972929866],[31.6799609392,30.000392811],[31.6754996793,30.0025822847],[31.672371906,30.0034237246],[31.6634232933,30.0042153978],[31.6626491879,30.0034297273],[31.6595416595,29.9960983425],[31.658402633,29.9921015626],[31.6588470591,29.9913108841],[31.6718103333,29.9822407115],[31.6836290743,29.9972929866]]]}},
{"type":"Feature","properties":{"SHAPE_Length":662.18495566820798,"SHAPE_Area":27763.838241530455,"سعر_الأرض_2023":null,"سعر_الأرض_2014":null,"نمط_العمران":"حكومي","اسم_المحور":"محور الدائرى الاقليمى","اسم_المحافظة":"محافظة القاهرة","متوسط_عدد_الادوار_بالعقار":null,"متوسط_عدد_الشقق_بالدور":null,"متوسط_مساحة_الشقق_بالمنطقة":null,"نوع_طبيعة_المنطقة":"قائمة","مساحة_التغير_كم2":27763.838241530455,"نسبة_المساحه":null,"Civil":null,"كم":0.027763838241530454},"geometry":{"type":"Polygon","coordinates":[[[31.6734469568,30.0064103513],[31.6736420941,30.0077202095],[31.671720779,30.0078785518],[31.6715642944,30.0066120308],[31.6734469568,30.0064103513]]]}},
{"type":"Feature","properties":{"SHAPE_Length":650.88479872964535,"SHAPE_Area":25954.707190328158,"سعر_الأرض_2023":null,"سعر_الأرض_2014":null,"نمط_العمران":"حكومي","اسم_المحور":"محور الدائرى الاقليمى","اسم_المحافظة":"محافظة القاهرة","متوسط_عدد_الادوار_بالعقار":null,"متوسط_عدد_الشقق_بالدور":null,"متوسط_مساحة_الشقق_بالمنطقة":null,"نوع_طبيعة_المنطقة":"قائمة","مساحة_التغير_كم2":25954.707190328158,"نسبة_المساحه":null,"Civil":null,"كم":0.025954707190328156},"geometry":{"type":"Polygon","coordinates":[[[31.6922005796,30.0000408737],[31.6911208493,30.0009457368],[31.6897894957,29.9997421649],[31.6908031803,29.9988926604],[31.6922005796,30.0000408737]]]}},
{"type":"Feature","properties":{"SHAPE_Length":1408.1309741800555,"SHAPE_Area":123670.44422294902,"سعر_الأرض_2023":null,"سعر_الأرض_2014":null,"نمط_العمران":"حكومي","اسم_المحور":"محور الدائرى الاقليمى","اسم_المحافظة":"محافظة القاهرة","متوسط_عدد_الادوار_بالعقار":null,"متوسط_عدد_الشقق_بالدور":null,"متوسط_مساحة_الشقق_بالمنطقة":null,"نوع_طبيعة_المنطقة":"تحت الانشاء","مساحة_التغير_كم2":123670.44422294902,"نسبة_المساحه":null,"Civil":null,"كم":0.12367044422294902},"geometry":{"type":"Polygon","coordinates":[[[31.6825467933,29.9790209625],[31.6796323161,29.9810137217],[31.6774665734,29.9786129497],[31.6803683575,29.9766062041],[31.6825467933,29.9790209625]]]}},
{"type":"Feature","properties":{"SHAPE_Length":2128.959299120967,"SHAPE_Area":201429.36926508311,"سعر_الأرض_2023":null,"سعر_الأرض_2014":null,"نمط_العمران":"حكومي","اسم_المحور":"محور الدائرى الاقليمى","اسم_المحافظة":"محافظة القاهرة","متوسط_عدد_الادوار_بالعقار":null,"متوسط_عدد_الشقق_بالدور":null,"متوسط_مساحة_الشقق_بالمنطقة":null,"نوع_طبيعة_المنطقة":"قائمة","مساحة_التغير_كم2":201429.36926508311,"نسبة_المساحه":null,"Civil":null,"كم":0.20142936926508312},"geometry":{"type":"Polygon","coordinates":[[[31.6881830656,29.9802864478],[31.6864492212,29.9799811532],[31.684823946,29.9808096353],[31.6807705357,29.9763166371],[31.6825563156,29.974831771],[31.6832123458,29.9747554307],[31.6881830656,29.9802864478]]]}},
{"type":"Feature","properties":{"SHAPE_Length":646.67141859555363,"SHAPE_Area":27430.139863704026,"سعر_الأرض_2023":null,"سعر_الأرض_2014":null,"نمط_العمران":"حكومي","اسم_المحور":"محور الدائرى الاقليمى","اسم_المحافظة":"محافظة القاهرة","متوسط_عدد_الادوار_بالعقار":null,"متوسط_عدد_الشقق_بالدور":null,"متوسط_مساحة_الشقق_بالمنطقة":null,"نوع_طبيعة_المنطقة":"قائمة","مساحة_التغير_كم2":27430.139863704026,"نسبة_المساحه":null,"Civil":null,"كم":0.027430139863704024},"geometry":{"type":"Polygon","coordinates":[[[31.6849831309,29.994077257],[31.6856519945,29.9946965594],[31.6843884135,29.9957574719],[31.6833343212,29.9947819666],[31.6838409985,29.9939118161],[31.6849831309,29.994077257]]]}},
{"type":"Feature","properties":{"SHAPE_Length":501.5839740368578,"SHAPE_Area":13465.710111993298,"سعر_الأرض_2023":null,"سعر_الأرض_2014":null,"نمط_العمران":"حكومي","اسم_المحور":"محور الدائرى الاقليمى","اسم_المحافظة":"محافظة القاهرة","متوسط_عدد_الادوار_بالعقار":null,"متوسط_عدد_الشقق_بالدور":null,"متوسط_مساحة_الشقق_بالمنطقة":null,"نوع_طبيعة_المنطقة":"تحت الانشاء","مساحة_التغير_كم2":13465.710111993298,"نسبة_المساحه":null,"Civil":null,"كم":0.013465710111993297},"geometry":{"type":"Polygon","coordinates":[[[31.6826896767,29.9942265467],[31.6816845921,29.9947873554],[31.6811193563,29.9939801384],[31.6822827248,29.9932343439],[31.6826896767,29.9942265467]]]}},
{"type":"Feature","properties":{"SHAPE_Length":2902.8384534429283,"SHAPE_Area":67388.354434653025,"سعر_الأرض_2023":null,"سعر_الأرض_2014":null,"نمط_العمران":"خدمات ","اسم_المحور":"محور الدائرى الاقليمى","اسم_المحافظة":"محافظة القاهرة","متوسط_عدد_الادوار_بالعقار":null,"متوسط_عدد_الشقق_بالدور":null,"متوسط_مساحة_الشقق_بالمنطقة":null,"نوع_طبيعة_المنطقة":"تحت الانشاء","مساحة_التغير_كم2":67388.354434653025,"نسبة_المساحه":null,"Civil":null,"كم":0.067388354434653019},"geometry":{"type":"Polygon","coordinates":[[[31.6846716447,29.9817177894],[31.6851777886,29.9824443049],[31.6856602599,29.988075408],[31.6851067159,29.9901698979],[31.6833913983,29.9934414256],[31.6826529585,29.9928759483],[31.6846403826,29.9903360093],[31.6853403604,29.987813374],[31.6849391536,29.9848043388],[31.6834428544,29.9823714152],[31.6846716447,29.9817177894]]]}},
{"type":"Feature","properties":{"SHAPE_Length":1105.3820795990202,"SHAPE_Area":70538.770188728784,"سعر_الأرض_2023":null,"سعر_الأرض_2014":null,"نمط_العمران":"حكومي","اسم_المحور":"محور الدائرى الاقليمى","اسم_المحافظة":"محافظة القاهرة","متوسط_عدد_الادوار_بالعقار":null,"متوسط_عدد_الشقق_بالدور":null,"متوسط_مساحة_الشقق_بالمنطقة":null,"نوع_طبيعة_المنطقة":"قائمة","مساحة_التغير_كم2":70538.770188728784,"نسبة_المساحه":null,"Civil":null,"كم":0.070538770188728783},"geometry":{"type":"Polygon","coordinates":[[[31.6805922289,29.9711557145],[31.6793810149,29.9711552533],[31.6789598157,29.9680049651],[31.6814931068,29.9677734839],[31.6805922289,29.9711557145]]]}},
{"type":"Feature","properties":{"SHAPE_Length":4952.8462858117919,"SHAPE_Area":1597636.9026927848,"سعر_الأرض_2023":null,"سعر_الأرض_2014":null,"نمط_العمران":"خدمات ","اسم_المحور":"محور الدائرى الاقليمى","اسم_المحافظة":"محافظة القاهرة","متوسط_عدد_الادوار_بالعقار":null,"متوسط_عدد_الشقق_بالدور":null,"متوسط_مساحة_الشقق_بالمنطقة":null,"نوع_طبيعة_المنطقة":"قائمة","مساحة_التغير_كم2":1597636.9026927848,"نسبة_المساحه":null,"Civil":null,"كم":1.5976369026927848},"geometry":{"type":"Polygon","coordinates":[[[31.6622118197,29.9655630031],[31.6696055235,29.9736957005],[31.6606896268,29.9799470342],[31.6535086015,29.9722582801],[31.6522921621,29.9693252215],[31.6525373836,29.9668819692],[31.6531670635,29.9664282718],[31.6622118197,29.9655630031]]]}},
{"type":"Feature","properties":{"SHAPE_Length":7052.8139253978525,"SHAPE_Area":2305488.9801780093,"سعر_الأرض_2023":43952136193.0,"سعر_الأرض_2014":6916466940.5340281,"نمط_العمران":"اسكان مخطط اقتصادى","اسم_المحور":"محور الدائرى الاقليمى","اسم_المحافظة":"محافظة القاهرة","متوسط_عدد_الادوار_بالعقار":null,"متوسط_عدد_الشقق_بالدور":null,"متوسط_مساحة_الشقق_بالمنطقة":null,"نوع_طبيعة_المنطقة":"قائمة","مساحة_التغير_كم2":2305488.9801780093,"نسبة_المساحه":null,"Civil":51.0,"كم":2.3054889801780094},"geometry":{"type":"Polygon","coordinates":[[[31.6764992171,30.0322632407],[31.6733335,30.0323168938],[31.6741947395,30.0361000603],[31.6735778794,30.0374702814],[31.6722454602,30.0384784587],[31.6705297418,30.038841766],[31.6618194556,30.0384917988],[31.6626418159,30.0280627137],[31.6622819169,30.0274478453],[31.657663794,30.0270920146],[31.6574008451,30.0258137368],[31.6561013547,30.0249512538],[31.6564436707,30.0219465908],[31.6733802369,30.0237017909],[31.6764992171,30.0322632407]]]}},
{"type":"Feature","properties":{"SHAPE_Length":4427.6604331766812,"SHAPE_Area":673658.37260826002,"سعر_الأرض_2023":null,"سعر_الأرض_2014":null,"نمط_العمران":"اسكان مخطط اقتصادى","اسم_المحور":"محور الدائرى الاقليمى","اسم_المحافظة":"محافظة القاهرة","متوسط_عدد_الادوار_بالعقار":null,"متوسط_عدد_الشقق_بالدور":null,"متوسط_مساحة_الشقق_بالمنطقة":null,"نوع_طبيعة_المنطقة":"تحت الانشاء","مساحة_التغير_كم2":673658.37260826002,"نسبة_المساحه":null,"Civil":null,"كم":0.67365837260826},"geometry":{"type":"Polygon","coordinates":[[[31.6734970825,30.0240225539],[31.676419086,30.024162199],[31.6775735263,30.0245431515],[31.6787792222,30.0268086709],[31.6811600867,30.0334916381],[31.6833657602,30.0376312935],[31.6828732127,30.0381014141],[31.6768276028,30.0394067679],[31.6777684952,30.0374930078],[31.6777532273,30.0357050229],[31.6734970825,30.0240225539]]]}},
{"type":"Feature","properties":{"SHAPE_Length":3667.8501271939858,"SHAPE_Area":390499.24779310427,"سعر_الأرض_2023":null,"سعر_الأرض_2014":null,"نمط_العمران":"حكومي","اسم_المحور":"محور الدائرى الاقليمى","اسم_المحافظة":"محافظة القاهرة","متوسط_عدد_الادوار_بالعقار":null,"متوسط_عدد_الشقق_بالدور":null,"متوسط_مساحة_الشقق_بالمنطقة":null,"نوع_طبيعة_المنطقة":"قائمة","مساحة_التغير_كم2":390499.24779310427,"نسبة_المساحه":null,"Civil":null,"كم":0.39049924779310424},"geometry":{"type":"Polygon","coordinates":[[[31.6925331061,30.1913406791],[31.6891851281,30.1926286546],[31.6944611213,30.1791622997],[31.6972960984,30.1788085046],[31.6925331061,30.1913406791]]]}},
{"type":"Feature","properties":{"SHAPE_Length":3385.8696074990303,"SHAPE_Area":362026.54089377681,"سعر_الأرض_2023":null,"سعر_الأرض_2014":null,"نمط_العمران":"حكومي","اسم_المحور":"محور الدائرى الاقليمى","اسم_المحافظة":"محافظة القاهرة","متوسط_عدد_الادوار_بالعقار":null,"متوسط_عدد_الشقق_بالدور":null,"متوسط_مساحة_الشقق_بالمنطقة":null,"نوع_طبيعة_المنطقة":"قائمة","مساحة_التغير_كم2":362026.54089377681,"نسبة_المساحه":null,"Civil":null,"كم":0.36202654089377678},"geometry":{"type":"Polygon","coordinates":[[[31.6932168504,30.1821679179],[31.6891851281,30.1926286546],[31.6848050758,30.1943134885],[31.6905818329,30.1825072951],[31.6932168504,30.1821679179]]]}},
{"type":"Feature","properties":{"SHAPE_Length":3087.7504346864712,"SHAPE_Area":325597.60230637214,"سعر_الأرض_2023":null,"سعر_الأرض_2014":null,"نمط_العمران":"صناعي","اسم_المحور":"محور الدائرى الاقليمى","اسم_المحافظة":"محافظة القاهرة","متوسط_عدد_الادوار_بالعقار":null,"متوسط_عدد_الشقق_بالدور":null,"متوسط_مساحة_الشقق_بالمنطقة":null,"نوع_طبيعة_المنطقة":"قائمة","مساحة_التغير_كم2":325597.60230637214,"نسبة_المساحه":null,"Civil":160.0,"كم":0.32559760230637214},"geometry":{"type":"Polygon","coordinates":[[[31.7103785893,30.1789295307],[31.7041655075,30.1796830445],[31.7033612249,30.1805892159],[31.6975247462,30.1813887131],[31.6987045007,30.1784401991],[31.7106370571,30.1764999571],[31.7103785893,30.1789295307]]]}},
{"type":"Feature","properties":{"SHAPE_Length":2777.1197553410498,"SHAPE_Area":214900.17742762034,"سعر_الأرض_2023":null,"سعر_الأرض_2014":null,"نمط_العمران":"حكومي","اسم_المحور":"محور الدائرى الاقليمى","اسم_المحافظة":"محافظة القاهرة","متوسط_عدد_الادوار_بالعقار":null,"متوسط_عدد_الشقق_بالدور":null,"متوسط_مساحة_الشقق_بالمنطقة":null,"نوع_طبيعة_المنطقة":"قائمة","مساحة_التغير_كم2":214900.17742762034,"نسبة_المساحه":null,"Civil":null,"كم":0.21490017742762033},"geometry":{"type":"Polygon","coordinates":[[[31.7243215135,30.1748721148],[31.722181685,30.1742876428],[31.7203154436,30.1744320091],[31.7196537176,30.174606995],[31.7198574642,30.1758504344],[31.7142361659,30.1770655519],[31.713476277,30.1746420494],[31.7178204004,30.1736162213],[31.7179777334,30.1741704419],[31.7238335454,30.1726518522],[31.7243215135,30.1748721148]]]}},
{"type":"Feature","properties":{"SHAPE_Length":4254.504061617411,"SHAPE_Area":853466.3832327479,"سعر_الأرض_2023":null,"سعر_الأرض_2014":null,"نمط_العمران":"حكومي","اسم_المحور":"محور الدائرى الاقليمى","اسم_المحافظة":"محافظة القاهرة","متوسط_عدد_الادوار_بالعقار":null,"متوسط_عدد_الشقق_بالدور":null,"متوسط_مساحة_الشقق_بالمنطقة":null,"نوع_طبيعة_المنطقة":"قائمة","مساحة_التغير_كم2":853466.3832327479,"نسبة_المساحه":null,"Civil":null,"كم":0.85346638323274793},"geometry":{"type":"Polygon","coordinates":[[[31.7355663796,30.171369025],[31.736374703,30.1707418881],[31.7422191896,30.1692128069],[31.7425526595,30.1706484561],[31.7361367667,30.177328857],[31.7349694245,30.1770969814],[31.7336136294,30.1773759048],[31.7325707006,30.1781785976],[31.7320884842,30.1793143112],[31.7281307645,30.1793714901],[31.7275757541,30.1732442606],[31.7279242342,30.1726340376],[31.7355663796,30.171369025]]]}},
{"type":"Feature","properties":{"SHAPE_Length":2184.9085030465612,"SHAPE_Area":261634.99256235396,"سعر_الأرض_2023":2576954929.0,"سعر_الأرض_2014":784904977.68706191,"نمط_العمران":"اسكان مخطط اقتصادى","اسم_المحور":"محور الدائرى الاقليمى","اسم_المحافظة":"محافظة القاهرة","متوسط_عدد_الادوار_بالعقار":null,"متوسط_عدد_الشقق_بالدور":null,"متوسط_مساحة_الشقق_بالمنطقة":null,"نوع_طبيعة_المنطقة":"قائمة","مساحة_التغير_كم2":261634.99256235396,"نسبة_المساحه":null,"Civil":59.0,"كم":0.26163499256235395},"geometry":{"type":"Polygon","coordinates":[[[31.7689440382,30.1392361152],[31.7717707431,30.1349319627],[31.7738928727,30.1381367043],[31.7758933085,30.1399058116],[31.7735991169,30.1423959861],[31.7689440382,30.1392361152]]]}},
{"type":"Feature","properties":{"SHAPE_Length":8005.874355504804,"SHAPE_Area":2061571.7294910098,"سعر_الأرض_2023":13173727413.0,"سعر_الأرض_2014":6184715188.4730291,"نمط_العمران":"اسكان مخطط اقتصادى","اسم_المحور":"محور الدائرى الاقليمى","اسم_المحافظة":"محافظة القاهرة","متوسط_عدد_الادوار_بالعقار":null,"متوسط_عدد_الشقق_بالدور":null,"متوسط_مساحة_الشقق_بالمنطقة":null,"نوع_طبيعة_المنطقة":"قائمة","مساحة_التغير_كم2":2061571.7294910098,"نسبة_المساحه":null,"Civil":58.0,"كم":2.0615717294910096},"geometry":{"type":"Polygon","coordinates":[[[31.7748288991,30.1271233663],[31.7755451713,30.1229322616],[31.7917037408,30.1228032639],[31.7922835292,30.1232324952],[31.7928269231,30.1236963195],[31.7933311972,30.124192411],[31.7937938221,30.1247182821],[31.7942124775,30.1252712957],[31.794585063,30.1258486789],[31.7949097096,30.1264475361],[31.7951847883,30.1270648643],[31.7954089186,30.1276975676],[31.7955809756,30.1283424731],[31.7957000953,30.1289963465],[31.7957656793,30.1296559086],[31.7957773976,30.1303178515],[31.7957351904,30.1309788552],[31.7956392682,30.1316356047],[31.7954901111,30.1322848059],[31.7952884663,30.1329232026],[31.7918620767,30.1323545392],[31.7902873281,30.1344059259],[31.7874249107,30.1358351216],[31.7862112014,30.1370234656],[31.785478081,30.1388161643],[31.7856484766,30.1407129699],[31.7815907143,30.1412125437],[31.7814287238,30.1376298709],[31.7837275879,30.1368710655],[31.7853875689,30.1352941901],[31.7860534755,30.1332366858],[31.7855828755,30.1311388244],[31.7840932894,30.1299421856],[31.7817094763,30.1291683929],[31.7797467732,30.1292028375],[31.7776012547,30.1302032317],[31.7751660786,30.1294523649],[31.7756498037,30.1273697686],[31.7748288991,30.1271233663]]]}},
{"type":"Feature","properties":{"SHAPE_Length":8393.1863762828852,"SHAPE_Area":3605627.2748400765,"سعر_الأرض_2023":null,"سعر_الأرض_2014":null,"نمط_العمران":"صناعي","اسم_المحور":"محور الدائرى الاقليمى","اسم_المحافظة":"محافظة القاهرة","متوسط_عدد_الادوار_بالعقار":null,"متوسط_عدد_الشقق_بالدور":null,"متوسط_مساحة_الشقق_بالمنطقة":null,"نوع_طبيعة_المنطقة":"تحت الانشاء","مساحة_التغير_كم2":3605627.2748400765,"نسبة_المساحه":null,"Civil":140.0,"كم":3.6056272748400766},"geometry":{"type":"Polygon","coordinates":[[[31.7528737686,30.1412999699],[31.7561333308,30.1376542488],[31.754469698,30.1367073759],[31.7574755974,30.13356057],[31.7571483323,30.1324668597],[31.7580850828,30.130949706],[31.7574744665,30.1305810374],[31.7592812643,30.1266636227],[31.7604393409,30.1201425194],[31.7745664834,30.1201223144],[31.7740440789,30.126840493],[31.7728946391,30.1306753455],[31.7711425861,30.1343339066],[31.7674620649,30.1393368163],[31.7611637256,30.1465830811],[31.7528737686,30.1412999699]]]}},
{"type":"Feature","properties":{"SHAPE_Length":1557.5230739278327,"SHAPE_Area":133346.97965895722,"سعر_الأرض_2023":935767276.0,"سعر_الأرض_2014":400040938.97687167,"نمط_العمران":"اسكان مخطط اقتصادى","اسم_المحور":"محور الدائرى الاقليمى","اسم_المحافظة":"محافظة القاهرة","متوسط_عدد_الادوار_بالعقار":null,"متوسط_عدد_الشقق_بالدور":null,"متوسط_مساحة_الشقق_بالمنطقة":null,"نوع_طبيعة_المنطقة":"قائمة","مساحة_التغير_كم2":133346.97965895722,"نسبة_المساحه":null,"Civil":60.0,"كم":0.13334697965895723},"geometry":{"type":"Polygon","coordinates":[[[31.7696406335,30.1433794696],[31.7741330049,30.1464137864],[31.7722139912,30.147943353],[31.7680535959,30.1451400745],[31.7696406335,30.1433794696]]]}},
{"type":"Feature","properties":{"SHAPE_Length":2362.2636290157188,"SHAPE_Area":330418.15489804442,"سعر_الأرض_2023":null,"سعر_الأرض_2014":null,"نمط_العمران":"حكومي","اسم_المحور":"محور الدائرى الاقليمى","اسم_المحافظة":"محافظة القاهرة","متوسط_عدد_الادوار_بالعقار":null,"متوسط_عدد_الشقق_بالدور":null,"متوسط_مساحة_الشقق_بالمنطقة":null,"نوع_طبيعة_المنطقة":"قائمة","مساحة_التغير_كم2":330418.15489804442,"نسبة_المساحه":null,"Civil":null,"كم":0.33041815489804444},"geometry":{"type":"Polygon","coordinates":[[[31.7842066774,30.1651720431],[31.7819864919,30.1620573319],[31.7889774645,30.1587883798],[31.7910468342,30.1625708658],[31.7842066774,30.1651720431]]]}},
{"type":"Feature","properties":{"SHAPE_Length":796.19384233893629,"SHAPE_Area":38952.904441935047,"سعر_الأرض_2023":null,"سعر_الأرض_2014":null,"نمط_العمران":"حكومي","اسم_المحور":"محور الدائرى الاقليمى","اسم_المحافظة":"محافظة القاهرة","متوسط_عدد_الادوار_بالعقار":null,"متوسط_عدد_الشقق_بالدور":null,"متوسط_مساحة_الشقق_بالمنطقة":null,"نوع_طبيعة_المنطقة":"قائمة","مساحة_التغير_كم2":38952.904441935047,"نسبة_المساحه":null,"Civil":null,"كم":0.038952904441935048},"geometry":{"type":"Polygon","coordinates":[[[31.7861804031,30.1644215256],[31.7870047047,30.166266023],[31.7853781121,30.1667165243],[31.7842066774,30.1651720431],[31.7861804031,30.1644215256]]]}},
{"type":"Feature","properties":{"SHAPE_Length":3157.6094950948827,"SHAPE_Area":531812.00997621275,"سعر_الأرض_2023":3184618635.0,"سعر_الأرض_2014":1595436029.9286382,"نمط_العمران":"اسكان مخطط اقتصادى","اسم_المحور":"محور الدائرى الاقليمى","اسم_المحافظة":"محافظة القاهرة","متوسط_عدد_الادوار_بالعقار":null,"متوسط_عدد_الشقق_بالدور":null,"متوسط_مساحة_الشقق_بالمنطقة":null,"نوع_طبيعة_المنطقة":"تحت الانشاء","مساحة_التغير_كم2":531812.00997621275,"نسبة_المساحه":null,"Civil":57.0,"كم":0.5318120099762127},"geometry":{"type":"Polygon","coordinates":[[[31.7998234259,30.1182655153],[31.7970520419,30.1185266537],[31.7973482306,30.1212797201],[31.7920712106,30.1213804349],[31.7927806376,30.113865336],[31.7995352313,30.1130295642],[31.7998234259,30.1182655153]]]}},
{"type":"Feature","properties":{"SHAPE_Length":2069.9283177705433,"SHAPE_Area":243281.78806468222,"سعر_الأرض_2023":1635084503.0,"سعر_الأرض_2014":729845364.19404662,"نمط_العمران":"اسكان مخطط اقتصادى","اسم_المحور":"محور الدائرى الاقليمى","اسم_المحافظة":"محافظة القاهرة","متوسط_عدد_الادوار_بالعقار":null,"متوسط_عدد_الشقق_بالدور":null,"متوسط_مساحة_الشقق_بالمنطقة":null,"نوع_طبيعة_المنطقة":"تحت الانشاء","مساحة_التغير_كم2":243281.78806468222,"نسبة_المساحه":null,"Civil":56.0,"كم":0.2432817880646822},"geometry":{"type":"Polygon","coordinates":[[[31.7985967189,30.1087772664],[31.7989482473,30.111043797],[31.7929191186,30.1120546551],[31.7934713122,30.1061804757],[31.7985967189,30.1087772664]]]}},
{"type":"Feature","properties":{"SHAPE_Length":2913.7055302232029,"SHAPE_Area":396722.42981432064,"سعر_الأرض_2023":null,"سعر_الأرض_2014":null,"نمط_العمران":"خدمات ","اسم_المحور":"محور الدائرى الاقليمى","اسم_المحافظة":"محافظة القاهرة","متوسط_عدد_الادوار_بالعقار":null,"متوسط_عدد_الشقق_بالدور":null,"متوسط_مساحة_الشقق_بالمنطقة":null,"نوع_طبيعة_المنطقة":"قائمة","مساحة_التغير_كم2":396722.42981432064,"نسبة_المساحه":null,"Civil":null,"كم":0.39672242981432065},"geometry":{"type":"Polygon","coordinates":[[[31.6846487658,30.0389033195],[31.6848454361,30.0385169162],[31.6881485862,30.0389637941],[31.6930178375,30.0408111102],[31.6959619067,30.0412045367],[31.696213765,30.043599655],[31.6935440264,30.0438627946],[31.6871828181,30.0434742411],[31.6846487658,30.0389033195]]]}},
{"type":"Feature","properties":{"SHAPE_Length":1935.4073628547205,"SHAPE_Area":213105.21001513049,"سعر_الأرض_2023":null,"سعر_الأرض_2014":null,"نمط_العمران":"كمبوند","اسم_المحور":"محور الدائرى الاقليمى","اسم_المحافظة":"محافظة القاهرة","متوسط_عدد_الادوار_بالعقار":null,"متوسط_عدد_الشقق_بالدور":null,"متوسط_مساحة_الشقق_بالمنطقة":null,"نوع_طبيعة_المنطقة":"قائمة","مساحة_التغير_كم2":213105.21001513049,"نسبة_المساحه":null,"Civil":null,"كم":0.2131052100151305},"geometry":{"type":"Polygon","coordinates":[[[31.6970690219,30.0438444849],[31.6965046093,30.0434628707],[31.6965030367,30.0414872476],[31.6968347793,30.041105877],[31.7033415074,30.0410325434],[31.703746328,30.0412813119],[31.7037804247,30.0433685955],[31.7034229833,30.043786711],[31.6970690219,30.0438444849]]]}},
{"type":"Feature","properties":{"SHAPE_Length":7256.1950433852853,"SHAPE_Area":4189942.1975892615,"سعر_الأرض_2023":null,"سعر_الأرض_2014":null,"نمط_العمران":"قوات  مسلحة","اسم_المحور":"محور الدائرى الاقليمى","اسم_المحافظة":"محافظة القاهرة","متوسط_عدد_الادوار_بالعقار":null,"متوسط_عدد_الشقق_بالدور":null,"متوسط_مساحة_الشقق_بالمنطقة":null,"نوع_طبيعة_المنطقة":"قائمة","مساحة_التغير_كم2":4189942.1975892615,"نسبة_المساحه":null,"Civil":null,"كم":4.1899421975892617},"geometry":{"type":"Polygon","coordinates":[[[31.6538351742,29.9483837688],[31.6530100686,29.9483505068],[31.6521895654,29.9482677452],[31.6513775758,29.9481358787],[31.6505779707,29.9479555358],[31.6497945614,29.9477275763],[31.6490310822,29.9474530868],[31.6482911723,29.9471333759],[31.6475783584,29.9467699674],[31.646896038,29.9463645938],[31.6462474631,29.9459191873],[31.6456357245,29.945435871],[31.6450637377,29.9449169486],[31.6445342283,29.9443648936],[31.6440497194,29.9437823373],[31.6436125195,29.9431720562],[31.6432247114,29.9425369592],[31.6428881425,29.9418800732],[31.6426044159,29.9412045289],[31.6423748827,29.9405135459],[31.6422006356,29.9398104172],[31.6420825039,29.9390984939],[31.6420210494,29.9383811686],[31.6420165636,29.9376618598],[31.6420690668,29.9369439952],[31.6421783074,29.9362309958],[31.6423437639,29.9355262591],[31.6425646464,29.9348331432],[31.6428399016,29.9341549509],[31.6431682166,29.9334949137],[31.6435480261,29.9328561766],[31.6439775195,29.932241783],[31.6444546495,29.9316546602],[31.6449771421,29.9310976058],[31.645542507,29.9305732737],[31.64614805,29.9300841621],[31.6467908857,29.9296326013],[31.6474679508,29.9292207427],[31.6481760194,29.9288505486],[31.6489117177,29.9285237826],[31.6496715406,29.9282420016],[31.6504518681,29.9280065479],[31.6512489826,29.9278185433],[31.6520590864,29.9276788836],[31.6528783203,29.927588234],[31.6537027815,29.9275470265],[31.6545285421,29.9275554575],[31.6553516684,29.9276134868],[31.656168239,29.927720838],[31.6569743636,29.9278769997],[31.6577662018,29.9280812279],[31.6585399813,29.9283325499],[31.6592920153,29.9286297682],[31.660018721,29.9289714669],[31.6607166359,29.9293560182],[31.6613824346,29.9297815899],[31.6620129446,29.9302461545],[31.6626051614,29.9307474988],[31.6631562628,29.931283234],[31.6636636223,29.9318508077],[31.6641248219,29.9324475156],[31.6645376632,29.9330705147],[31.6649001781,29.9337168364],[31.6652106384,29.9343834012],[31.6654675636,29.9350670329],[31.6656697284,29.9357644741],[31.6658161682,29.9364724011],[31.6659061841,29.9371874407],[31.6659393458,29.9379061855],[31.6659154941,29.9386252102],[31.6658347414,29.9393410883],[31.6656974715,29.9400504082],[31.6655043371,29.9407497895],[31.6652562578,29.941435899],[31.6649544146,29.9421054668],[31.6646002452,29.9427553017],[31.6641954366,29.9433823064],[31.6637419172,29.9439834926],[31.6632418479,29.9445559948],[31.6626976115,29.9450970843],[31.6621118013,29.945604182],[31.661487209,29.9460748709],[31.6608268114,29.9465069073],[31.6601337558,29.9468982319],[31.6594113457,29.9472469795],[31.6586630242,29.9475514876],[31.6578923583,29.9478103048],[31.6571030216,29.9480221973],[31.6562987765,29.9481861551],[31.6554834568,29.9483013967],[31.6546609491,29.9483673728],[31.6538351742,29.9483837688]]]}},
{"type":"Feature","properties":{"SHAPE_Length":20035.16124278789,"SHAPE_Area":8798684.5073319338,"سعر_الأرض_2023":null,"سعر_الأرض_2014":null,"نمط_العمران":"قوات  مسلحة","اسم_المحور":"محور الدائرى الاقليمى","اسم_المحافظة":"محافظة القاهرة","متوسط_عدد_الادوار_بالعقار":null,"متوسط_عدد_الشقق_بالدور":null,"متوسط_مساحة_الشقق_بالمنطقة":null,"نوع_طبيعة_المنطقة":"تحت الانشاء","مساحة_التغير_كم2":8798684.5073319338,"نسبة_المساحه":null,"Civil":null,"كم":8.7986845073319344},"geometry":{"type":"Polygon","coordinates":[[[31.6752495545,29.9373081081],[31.6752066517,29.9385168848],[31.6750769306,29.9397209496],[31.6748608971,29.9409155774],[31.674559396,29.9420960794],[31.6741736077,29.9432578226],[31.6737050435,29.944396247],[31.6731555397,29.9455068844],[31.6725272508,29.9465853752],[31.6718226404,29.9476274861],[31.6710444722,29.9486291263],[31.6701957988,29.9495863639],[31.66927995,29.9504954411],[31.6683005195,29.951352789],[31.6671717255,29.9521404637],[31.6659865909,29.9528626703],[31.6647501142,29.9535163621],[31.6634675108,29.9540987816],[31.662144191,29.9546074718],[31.660785737,29.9550402867],[31.6593978797,29.9553954004],[31.657986474,29.9556713148],[31.6565574744,29.955866866],[31.6551169098,29.9559812291],[31.6536708578,29.9560139218],[31.6522254194,29.955964806],[31.6507866928,29.9558340893],[31.6493607479,29.9556223232],[31.6479536005,29.9553304013],[31.6465711871,29.9549595551],[31.6452193395,29.9545113494],[31.6439037603,29.9539876751],[31.642629999,29.9533907415],[31.6414034282,29.9527230669],[31.6402292214,29.9519874681],[31.6367770044,29.9483730292],[31.6359423665,29.9472257434],[31.6352038359,29.9460295327],[31.6345651718,29.9447904917],[31.6340296242,29.943514933],[31.6335999174,29.9422093553],[31.6332782364,29.9408804096],[31.6330662154,29.9395348657],[31.6329649301,29.938179578],[31.6329748918,29.9368214498],[31.6330960452,29.9354673991],[31.6333277689,29.9341243224],[31.6343832621,29.9309816877],[31.6349924024,29.9298147626],[31.6356925424,29.9286872364],[31.6364803409,29.9276044855],[31.6373520388,29.9265716723],[31.6383034777,29.9255937214],[31.6393301191,29.9246752953],[31.6404270665,29.9238207728],[31.6415890885,29.9230342279],[31.6428106442,29.9223194104],[31.6440859087,29.9216797281],[31.645408802,29.9211182306],[31.6467730169,29.9206375947],[31.6481720497,29.9202401118],[31.649599231,29.9199276767],[31.6510477574,29.9197017788],[31.6525107238,29.9195634953],[31.6539811564,29.9195134853],[31.6554520461,29.9195519874],[31.6569163811,29.9196788181],[31.6583671812,29.919893373],[31.6597975305,29.9201946294],[31.6612006103,29.9205811514],[31.6625697318,29.9210510965],[31.6638983676,29.9216022246],[31.6651801833,29.9222319084],[31.666409067,29.922937146],[31.6675791592,29.9237145756],[31.6686848799,29.9245604908],[31.6697209557,29.9254708587],[31.670682445,29.9264413389],[31.6715647613,29.9274673044],[31.6728116712,29.9293874973],[31.6742499386,29.9328570115],[31.6752495545,29.9373081081]],[[31.6538351742,29.9483837688],[31.6546609491,29.9483673728],[31.6554834568,29.9483013967],[31.6562987765,29.9481861551],[31.6571030216,29.9480221973],[31.6578923583,29.9478103048],[31.6586630242,29.9475514876],[31.6594113457,29.9472469795],[31.6601337558,29.9468982319],[31.6608268114,29.9465069073],[31.661487209,29.9460748709],[31.6621118013,29.945604182],[31.6626976115,29.9450970843],[31.6632418479,29.9445559948],[31.6637419172,29.9439834926],[31.6641954366,29.9433823064],[31.6646002452,29.9427553017],[31.6649544146,29.9421054668],[31.6652562578,29.941435899],[31.6655043371,29.9407497895],[31.6656974715,29.9400504082],[31.6658347414,29.9393410883],[31.6659154941,29.9386252102],[31.6659393458,29.9379061855],[31.6659061841,29.9371874407],[31.6658161682,29.9364724011],[31.6656697284,29.9357644741],[31.6654675636,29.9350670329],[31.6652106384,29.9343834012],[31.6649001781,29.9337168364],[31.6645376632,29.9330705147],[31.6641248219,29.9324475156],[31.6636636223,29.9318508077],[31.6631562628,29.931283234],[31.6626051614,29.9307474988],[31.6620129446,29.9302461545],[31.6613824346,29.9297815899],[31.6607166359,29.9293560182],[31.660018721,29.9289714669],[31.6592920153,29.9286297682],[31.6585399813,29.9283325499],[31.6577662018,29.9280812279],[31.6569743636,29.9278769997],[31.656168239,29.927720838],[31.6553516684,29.9276134868],[31.6545285421,29.9275554575],[31.6537027815,29.9275470265],[31.6528783203,29.927588234],[31.6520590864,29.9276788836],[31.6512489826,29.9278185433],[31.6504518681,29.9280065479],[31.6496715406,29.9282420016],[31.6489117177,29.9285237826],[31.6481760194,29.9288505486],[31.6474679508,29.9292207427],[31.6467908857,29.9296326013],[31.64614805,29.9300841621],[31.645542507,29.9305732737],[31.6449771421,29.9310976058],[31.6444546495,29.9316546602],[31.6439775195,29.932241783],[31.6435480261,29.9328561766],[31.6431682166,29.9334949137],[31.6428399016,29.9341549509],[31.6425646464,29.9348331432],[31.6423437639,29.9355262591],[31.6421783074,29.9362309958],[31.6420690668,29.9369439952],[31.6420165636,29.9376618598],[31.6420210494,29.9383811686],[31.6420825039,29.9390984939],[31.6422006356,29.9398104172],[31.6423748827,29.9405135459],[31.6426044159,29.9412045289],[31.6428881425,29.9418800732],[31.6432247114,29.9425369592],[31.6436125195,29.9431720562],[31.6440497194,29.9437823373],[31.6445342283,29.9443648936],[31.6450637377,29.9449169486],[31.6456357245,29.945435871],[31.6462474631,29.9459191873],[31.646896038,29.9463645938],[31.6475783584,29.9467699674],[31.6482911723,29.9471333759],[31.6490310822,29.9474530868],[31.6497945614,29.9477275763],[31.6505779707,29.9479555358],[31.6513775758,29.9481358787],[31.6521895654,29.9482677452],[31.6530100686,29.9483505068],[31.6538351742,29.9483837688]]]}},
{"type":"Feature","properties":{"SHAPE_Length":7409.1995917909162,"SHAPE_Area":2530981.1542509133,"سعر_الأرض_2023":null,"سعر_الأرض_2014":null,"نمط_العمران":"كمبوند","اسم_المحور":"محور الدائرى الاقليمى","اسم_المحافظة":"محافظة القاهرة","متوسط_عدد_الادوار_بالعقار":null,"متوسط_عدد_الشقق_بالدور":null,"متوسط_مساحة_الشقق_بالمنطقة":null,"نوع_طبيعة_المنطقة":"قائمة","مساحة_التغير_كم2":2530981.1542509133,"نسبة_المساحه":null,"Civil":4.0,"كم":2.5309811542509131},"geometry":{"type":"Polygon","coordinates":[[[31.6394872865,29.9239571254],[31.6339824372,29.918361336],[31.6501759589,29.9113915331],[31.6531717375,29.9105527473],[31.6623641849,29.9104500463],[31.6636371318,29.9110542499],[31.6644981634,29.911967772],[31.6648521779,29.9142428707],[31.6622104219,29.9209184938],[31.6581014422,29.9198473291],[31.6523991414,29.9195709145],[31.6468173121,29.9206235675],[31.6394872865,29.9239571254]]]}},
{"type":"Feature","properties":{"SHAPE_Length":7932.9757361628035,"SHAPE_Area":3263837.1177315828,"سعر_الأرض_2023":94589067768.0,"سعر_الأرض_2014":9791511353.1947479,"نمط_العمران":"كمبوند","اسم_المحور":"محور الدائرى الاقليمى","اسم_المحافظة":"محافظة القاهرة","متوسط_عدد_الادوار_بالعقار":null,"متوسط_عدد_الشقق_بالدور":null,"متوسط_مساحة_الشقق_بالمنطقة":null,"نوع_طبيعة_المنطقة":"تحت الانشاء","مساحة_التغير_كم2":3263837.1177315828,"نسبة_المساحه":null,"Civil":55.0,"كم":3.2638371177315828},"geometry":{"type":"Polygon","coordinates":[[[31.6349822538,30.007159198],[31.6337615495,30.0067970039],[31.6329290777,30.0047806392],[31.6319340887,29.9999476942],[31.631595555,29.9947222622],[31.6319369373,29.9928123741],[31.641005212,29.9928800484],[31.6432722809,29.9944872977],[31.6459585508,29.9940859564],[31.6485447509,29.9944980764],[31.6500892225,29.9952303341],[31.65616835,29.9995961916],[31.6565288064,30.0004707806],[31.6605482051,30.0001393618],[31.6620500491,30.0038770955],[31.6614479612,30.0046266918],[31.6349822538,30.007159198]]]}},
{"type":"Feature","properties":{"SHAPE_Length":166.27331425094437,"SHAPE_Area":1710.9411901341582,"سعر_الأرض_2023":null,"سعر_الأرض_2014":null,"نمط_العمران":"حكومي","اسم_المحور":"محور الدائرى الاقليمى","اسم_المحافظة":"محافظة القاهرة","متوسط_عدد_الادوار_بالعقار":null,"متوسط_عدد_الشقق_بالدور":null,"متوسط_مساحة_الشقق_بالمنطقة":null,"نوع_طبيعة_المنطقة":"قائمة","مساحة_التغير_كم2":1710.9411901341582,"نسبة_المساحه":null,"Civil":null,"كم":0.0017109411901341583},"geometry":{"type":"Polygon","coordinates":[[[31.6676147312,29.9755813871],[31.6679102604,29.975903488],[31.6676070356,29.9761143647],[31.6673115057,29.9757922641],[31.6676147312,29.9755813871]]]}},
{"type":"Feature","properties":{"SHAPE_Length":4223.3276891308524,"SHAPE_Area":615753.92486438679,"سعر_الأرض_2023":null,"سعر_الأرض_2014":null,"نمط_العمران":"اسكان مخطط اقتصادى","اسم_المحور":"محور الدائرى الاقليمى","اسم_المحافظة":"محافظة القاهرة","متوسط_عدد_الادوار_بالعقار":null,"متوسط_عدد_الشقق_بالدور":null,"متوسط_مساحة_الشقق_بالمنطقة":null,"نوع_طبيعة_المنطقة":"تحت الانشاء","مساحة_التغير_كم2":615753.92486438679,"نسبة_المساحه":null,"Civil":null,"كم":0.61575392486438674},"geometry":{"type":"Polygon","coordinates":[[[31.677854504,30.0246165914],[31.6785651322,30.0239934475],[31.6816083791,30.0237536119],[31.6820884509,30.0239965597],[31.6847842504,30.0321287898],[31.6884413808,30.0379589511],[31.6882470993,30.0385747368],[31.6846336836,30.038140148],[31.6834475686,30.0373643017],[31.677854504,30.0246165914]]]}},
{"type":"Feature","properties":{"SHAPE_Length":7917.8070112489795,"SHAPE_Area":3479869.1819893229,"سعر_الأرض_2023":103109598528.0,"سعر_الأرض_2014":10439607545.967968,"نمط_العمران":"كمبوند","اسم_المحور":"محور الدائرى الاقليمى","اسم_المحافظة":"محافظة القاهرة","متوسط_عدد_الادوار_بالعقار":null,"متوسط_عدد_الشقق_بالدور":null,"متوسط_مساحة_الشقق_بالمنطقة":null,"نوع_طبيعة_المنطقة":"قائمة","مساحة_التغير_كم2":3479869.1819893229,"نسبة_المساحه":null,"Civil":49.0,"كم":3.479869181989323},"geometry":{"type":"Polygon","coordinates":[[[31.7090669284,30.0362272427],[31.7003888805,30.0343001094],[31.6993587362,30.0356761411],[31.6982002953,30.0362340224],[31.696602165,30.0363124494],[31.6950125815,30.0356911787],[31.6911458516,30.0396845266],[31.6880571999,30.0372074295],[31.6855878724,30.0330685379],[31.683826089,30.0286314307],[31.6825732204,30.0238355568],[31.6988211281,30.0192438128],[31.6997440176,30.0193493277],[31.7055770244,30.027438558],[31.7090669284,30.0362272427]]]}},
{"type":"Feature","properties":{"SHAPE_Length":8027.0939307954113,"SHAPE_Area":2363948.132079022,"سعر_الأرض_2023":null,"سعر_الأرض_2014":null,"نمط_العمران":"كمبوند","اسم_المحور":"محور الدائرى الاقليمى","اسم_المحافظة":"محافظة القاهرة","متوسط_عدد_الادوار_بالعقار":null,"متوسط_عدد_الشقق_بالدور":null,"متوسط_مساحة_الشقق_بالمنطقة":null,"نوع_طبيعة_المنطقة":"تحت الانشاء","مساحة_التغير_كم2":2363948.132079022,"نسبة_المساحه":null,"Civil":null,"كم":2.3639481320790221},"geometry":{"type":"Polygon","coordinates":[[[31.7004294505,30.0196585624],[31.7008041038,30.0190052682],[31.7105235508,30.018232685],[31.7159172807,30.0318461796],[31.7166056609,30.0345276424],[31.716619732,30.0353250456],[31.7165756807,30.0361216212],[31.7164736826,30.036914165],[31.7163141468,30.037699489],[31.7160977136,30.0384744342],[31.7158252524,30.0392358833],[31.7154978578,30.0399807732],[31.7151168459,30.0407061074],[31.7146837482,30.041408968],[31.714200306,30.0420865272],[31.7136684632,30.0427360593],[31.7130903587,30.0433549512],[31.7124683175,30.0439407128],[31.7045963867,30.0439141444],[31.7041305993,30.0436429071],[31.704122068,30.041269859],[31.7066309226,30.0404097301],[31.7081652249,30.0391876648],[31.7090432149,30.0375469621],[31.709158796,30.0356282825],[31.706135578,30.0278856494],[31.7004294505,30.0196585624]]]}},
{"type":"Feature","properties":{"SHAPE_Length":4086.7901127715804,"SHAPE_Area":1034245.2834506704,"سعر_الأرض_2023":null,"سعر_الأرض_2014":null,"نمط_العمران":"كمبوند","اسم_المحور":"محور الدائرى الاقليمى","اسم_المحافظة":"محافظة القاهرة","متوسط_عدد_الادوار_بالعقار":null,"متوسط_عدد_الشقق_بالدور":null,"متوسط_مساحة_الشقق_بالمنطقة":null,"نوع_طبيعة_المنطقة":"قائمة","مساحة_التغير_كم2":1034245.2834506704,"نسبة_المساحه":null,"Civil":null,"كم":1.0342452834506703},"geometry":{"type":"Polygon","coordinates":[[[31.6810096091,29.9461206668],[31.6790351379,29.9541176883],[31.6761973843,29.9578678303],[31.6750590404,29.9577432968],[31.6693036191,29.9521564384],[31.6692361296,29.9507232817],[31.6723904425,29.9474328813],[31.6739390747,29.9442742866],[31.6810096091,29.9461206668]]]}},
{"type":"Feature","properties":{"SHAPE_Length":4158.1538906018777,"SHAPE_Area":943445.16371200851,"سعر_الأرض_2023":null,"سعر_الأرض_2014":null,"نمط_العمران":"كمبوند","اسم_المحور":"محور الدائرى الاقليمى","اسم_المحافظة":"محافظة القاهرة","متوسط_عدد_الادوار_بالعقار":null,"متوسط_عدد_الشقق_بالدور":null,"متوسط_مساحة_الشقق_بالمنطقة":null,"نوع_طبيعة_المنطقة":"تحت الانشاء","مساحة_التغير_كم2":943445.16371200851,"نسبة_المساحه":null,"Civil":2.0,"كم":0.94344516371200848},"geometry":{"type":"Polygon","coordinates":[[[31.6598522843,29.9037417833],[31.6585060241,29.9036008703],[31.6584438703,29.8907016213],[31.6593896339,29.8898008199],[31.6643470937,29.8897707192],[31.665055665,29.8903027231],[31.6649742355,29.8972307009],[31.6655229109,29.9007927635],[31.6652320956,29.9022581173],[31.6598522843,29.9037417833]]]}},
{"type":"Feature","properties":{"SHAPE_Length":8073.6542900214363,"SHAPE_Area":2872795.2993229665,"سعر_الأرض_2023":null,"سعر_الأرض_2014":null,"نمط_العمران":"خدمات ","اسم_المحور":"محور الدائرى الاقليمى","اسم_المحافظة":"محافظة القاهرة","متوسط_عدد_الادوار_بالعقار":null,"متوسط_عدد_الشقق_بالدور":null,"متوسط_مساحة_الشقق_بالمنطقة":null,"نوع_طبيعة_المنطقة":"قائمة","مساحة_التغير_كم2":2872795.2993229665,"نسبة_المساحه":null,"Civil":null,"كم":2.8727952993229664},"geometry":{"type":"Polygon","coordinates":[[[31.671555937,29.9035454054],[31.668185701,29.903523353],[31.6677181122,29.9030144891],[31.6700610834,29.9005190139],[31.6705466248,29.8994988176],[31.6706273714,29.8900826708],[31.6712458484,29.8897426564],[31.6818508237,29.8896222346],[31.6817458759,29.8827769187],[31.6824714003,29.8824039935],[31.687097219,29.8825473785],[31.6873752932,29.8830063229],[31.6873628572,29.8902979425],[31.6873099647,29.8922432186],[31.6867826073,29.8935204555],[31.6870381986,29.9012842174],[31.6867163884,29.9022617767],[31.6851664997,29.9031565525],[31.6724050438,29.9030410087],[31.671555937,29.9035454054]]]}},
{"type":"Feature","properties":{"SHAPE_Length":1737.6106735001463,"SHAPE_Area":172413.50551355272,"سعر_الأرض_2023":null,"سعر_الأرض_2014":null,"نمط_العمران":"كمبوند","اسم_المحور":"محور الدائرى الاقليمى","اسم_المحافظة":"محافظة القاهرة","متوسط_عدد_الادوار_بالعقار":null,"متوسط_عدد_الشقق_بالدور":null,"متوسط_مساحة_الشقق_بالمنطقة":null,"نوع_طبيعة_المنطقة":"تحت الانشاء","مساحة_التغير_كم2":172413.50551355272,"نسبة_المساحه":null,"Civil":null,"كم":0.17241350551355272},"geometry":{"type":"Polygon","coordinates":[[[31.6470508781,29.9021360747],[31.6510375376,29.902162586],[31.6510733573,29.9058086124],[31.6492387238,29.9060930695],[31.647176569,29.9070292771],[31.6470508781,29.9021360747]]]}},
{"type":"Feature","properties":{"SHAPE_Length":5549.2050721506821,"SHAPE_Area":1332629.4878532516,"سعر_الأرض_2023":null,"سعر_الأرض_2014":null,"نمط_العمران":"كمبوند","اسم_المحور":"محور الدائرى الاقليمى","اسم_المحافظة":"محافظة القاهرة","متوسط_عدد_الادوار_بالعقار":null,"متوسط_عدد_الشقق_بالدور":null,"متوسط_مساحة_الشقق_بالمنطقة":null,"نوع_طبيعة_المنطقة":"تحت الانشاء","مساحة_التغير_كم2":1332629.4878532516,"نسبة_المساحه":null,"Civil":3.0,"كم":1.3326294878532516},"geometry":{"type":"Polygon","coordinates":[[[31.6620504378,29.8759070311],[31.6700011797,29.8682161373],[31.6734282941,29.8680338627],[31.6769316529,29.8671756124],[31.686920456,29.8752257256],[31.6620504378,29.8759070311]]]}},
{"type":"Feature","properties":{"SHAPE_Length":12176.201119847397,"SHAPE_Area":7098537.3939024918,"سعر_الأرض_2023":null,"سعر_الأرض_2014":null,"نمط_العمران":"حكومي","اسم_المحور":"محور الدائرى الاقليمى","اسم_المحافظة":"محافظة القاهرة","متوسط_عدد_الادوار_بالعقار":null,"متوسط_عدد_الشقق_بالدور":null,"متوسط_مساحة_الشقق_بالمنطقة":null,"نوع_طبيعة_المنطقة":"قائمة","مساحة_التغير_كم2":7098537.3939024918,"نسبة_المساحه":null,"Civil":null,"كم":13.070481193212601},"geometry":{"type":"Polygon","coordinates":[[[31.7614988095,30.0390381385],[31.7614872988,30.0393782269],[31.7614502259,30.0397169304],[31.7613877498,30.040052796],[31.761300138,30.040384383],[31.7611877662,30.0407102691],[31.7610511162,30.0410290564],[31.7608907739,30.0413393772],[31.760707427,30.0416399005],[31.7605018617,30.0419293371],[31.7602749597,30.0422064453],[31.7600276942,30.0424700365],[31.7597611258,30.0427189798],[31.7594763978,30.0429522073],[31.7591747318,30.0431687185],[31.7588574216,30.0433675846],[31.7585258284,30.0435479524],[31.7581813747,30.0437090482],[31.7578255382,30.0438501809],[31.7574598454,30.043970745],[31.7570858651,30.0440702234],[31.7567052016,30.0441481891],[31.7545590107,30.0442458607],[31.7524647018,30.0437399618],[31.7488625651,30.0411699103],[31.739982668,30.0444442147],[31.7379109276,30.041250831],[31.7369916393,30.0390828706],[31.7340071488,30.0258446196],[31.7766215124,30.0251934155],[31.7764236492,30.0278791475],[31.7768351883,30.0307615168],[31.7796297294,30.0388937137],[31.7614988095,30.0390381385]]]}},
{"type":"Feature","properties":{"SHAPE_Length":8820.2176775733205,"SHAPE_Area":3589331.0054886723,"سعر_الأرض_2023":null,"سعر_الأرض_2014":null,"نمط_العمران":"خدمات ","اسم_المحور":"محور الدائرى الاقليمى","اسم_المحافظة":"محافظة القاهرة","متوسط_عدد_الادوار_بالعقار":null,"متوسط_عدد_الشقق_بالدور":null,"متوسط_مساحة_الشقق_بالمنطقة":null,"نوع_طبيعة_المنطقة":"قائمة","مساحة_التغير_كم2":3589331.0054886723,"نسبة_المساحه":null,"Civil":null,"كم":3.5893310054886722},"geometry":{"type":"Polygon","coordinates":[[[31.7334743756,30.0247369784],[31.72282565,30.0264691063],[31.7192007963,30.0214531231],[31.7184050964,30.0181893889],[31.7154132729,30.0183034623],[31.7149571926,30.0170899845],[31.7152699759,30.0153484571],[31.7170531538,30.0137270629],[31.7175326192,30.0126204748],[31.7173670633,30.0114466375],[31.7163112863,30.0096213962],[31.7165360497,30.007809594],[31.7272915257,29.9947352118],[31.7329056737,30.0235546141],[31.7334743756,30.0247369784]]]}},
{"type":"Feature","properties":{"SHAPE_Length":3604.2982924564676,"SHAPE_Area":533954.05198848445,"سعر_الأرض_2023":null,"سعر_الأرض_2014":null,"نمط_العمران":"خدمات ","اسم_المحور":"محور الدائرى الاقليمى","اسم_المحافظة":"محافظة القاهرة","متوسط_عدد_الادوار_بالعقار":null,"متوسط_عدد_الشقق_بالدور":null,"متوسط_مساحة_الشقق_بالمنطقة":null,"نوع_طبيعة_المنطقة":"قائمة","مساحة_التغير_كم2":533954.05198848445,"نسبة_المساحه":null,"Civil":null,"كم":0.53395405198848445},"geometry":{"type":"Polygon","coordinates":[[[31.7563984919,30.0077028167],[31.7529567792,30.0077602237],[31.7530616658,30.0054340448],[31.752587445,30.0036155415],[31.7526667824,29.9939828041],[31.7571154778,29.9968540491],[31.7563984919,30.0077028167]]]}},
{"type":"Feature","properties":{"SHAPE_Length":3595.4485705510674,"SHAPE_Area":406714.52817809524,"سعر_الأرض_2023":null,"سعر_الأرض_2014":null,"نمط_العمران":"كمبوند","اسم_المحور":"محور الدائرى الاقليمى","اسم_المحافظة":"محافظة القاهرة","متوسط_عدد_الادوار_بالعقار":null,"متوسط_عدد_الشقق_بالدور":null,"متوسط_مساحة_الشقق_بالمنطقة":null,"نوع_طبيعة_المنطقة":"تحت الانشاء","مساحة_التغير_كم2":406714.52817809524,"نسبة_المساحه":null,"Civil":null,"كم":0.40671452817809522},"geometry":{"type":"Polygon","coordinates":[[[31.7272915257,29.9947352118],[31.728957759,29.9936228111],[31.7316042657,29.9960167098],[31.7292847888,29.9989548056],[31.7320406062,30.0014073458],[31.7330415665,30.0040729039],[31.7319312518,30.0062447516],[31.7298779054,30.0073854419],[31.7272915257,29.9947352118]]]}},
{"type":"Feature","properties":{"SHAPE_Length":577.58062275543182,"SHAPE_Area":20615.249542824688,"سعر_الأرض_2023":null,"سعر_الأرض_2014":null,"نمط_العمران":"خدمات ","اسم_المحور":"محور الدائرى الاقليمى","اسم_المحافظة":"محافظة القاهرة","متوسط_عدد_الادوار_بالعقار":null,"متوسط_عدد_الشقق_بالدور":null,"متوسط_مساحة_الشقق_بالمنطقة":null,"نوع_طبيعة_المنطقة":"قائمة","مساحة_التغير_كم2":20615.249542824688,"نسبة_المساحه":null,"Civil":null,"كم":0.020615249542824687},"geometry":{"type":"Polygon","coordinates":[[[31.4382554654,29.7436578493],[31.4367925836,29.7442053165],[31.4361040882,29.7431765646],[31.4372757811,29.7425256936],[31.4382554654,29.7436578493]]]}},
{"type":"Feature","properties":{"SHAPE_Length":574.54492965309498,"SHAPE_Area":19448.414569904886,"سعر_الأرض_2023":null,"سعر_الأرض_2014":null,"نمط_العمران":"خدمات ","اسم_المحور":"محور الدائرى الاقليمى","اسم_المحافظة":"محافظة القاهرة","متوسط_عدد_الادوار_بالعقار":null,"متوسط_عدد_الشقق_بالدور":null,"متوسط_مساحة_الشقق_بالمنطقة":null,"نوع_طبيعة_المنطقة":"قائمة","مساحة_التغير_كم2":19448.414569904886,"نسبة_المساحه":null,"Civil":null,"كم":0.019448414569904884},"geometry":{"type":"Polygon","coordinates":[[[31.4371931453,29.7424301955],[31.4388161582,29.7416150006],[31.4394125426,29.7424098806],[31.4379095742,29.7432581291],[31.4371931453,29.7424301955]]]}},
{"type":"Feature","properties":{"SHAPE_Length":1097.6243332687836,"SHAPE_Area":74485.870549907384,"سعر_الأرض_2023":null,"سعر_الأرض_2014":null,"نمط_العمران":"خدمات ","اسم_المحور":"محور الدائرى الاقليمى","اسم_المحافظة":"محافظة القاهرة","متوسط_عدد_الادوار_بالعقار":null,"متوسط_عدد_الشقق_بالدور":null,"متوسط_مساحة_الشقق_بالمنطقة":null,"نوع_طبيعة_المنطقة":"قائمة","مساحة_التغير_كم2":74485.870549907384,"نسبة_المساحه":null,"Civil":null,"كم":0.074485870549907379},"geometry":{"type":"Polygon","coordinates":[[[31.4353142835,29.7415924155],[31.4327204358,29.7430512987],[31.4313482718,29.7411921194],[31.4339980911,29.7396764699],[31.4353142835,29.7415924155]]]}},
{"type":"Feature","properties":{"SHAPE_Length":1679.5055068813676,"SHAPE_Area":84926.620820498661,"سعر_الأرض_2023":null,"سعر_الأرض_2014":null,"نمط_العمران":"اسكان مخطط اقتصادى","اسم_المحور":"محور الدائرى الاقليمى","اسم_المحافظة":"محافظة القاهرة","متوسط_عدد_الادوار_بالعقار":null,"متوسط_عدد_الشقق_بالدور":null,"متوسط_مساحة_الشقق_بالمنطقة":null,"نوع_طبيعة_المنطقة":"قائمة","مساحة_التغير_كم2":84926.620820498661,"نسبة_المساحه":null,"Civil":null,"كم":0.084926620820498663},"geometry":{"type":"Polygon","coordinates":[[[31.7168180001,30.1434698468],[31.7192123181,30.143507574],[31.718956421,30.142903449],[31.7204446042,30.1419159347],[31.7230705533,30.1437453702],[31.7218389194,30.1450142685],[31.720104773,30.1435833261],[31.7180779101,30.1441552689],[31.7163134372,30.1438036327],[31.7168180001,30.1434698468]]]}},
{"type":"Feature","properties":{"SHAPE_Length":4264.4045464546562,"SHAPE_Area":488581.81511162192,"سعر_الأرض_2023":null,"سعر_الأرض_2014":null,"نمط_العمران":"صناعي","اسم_المحور":"محور الدائرى الاقليمى","اسم_المحافظة":"محافظة القاهرة","متوسط_عدد_الادوار_بالعقار":null,"متوسط_عدد_الشقق_بالدور":null,"متوسط_مساحة_الشقق_بالمنطقة":null,"نوع_طبيعة_المنطقة":"قائمة","مساحة_التغير_كم2":488581.81511162192,"نسبة_المساحه":null,"Civil":170.0,"كم":0.48858181511162191},"geometry":{"type":"Polygon","coordinates":[[[31.7164593343,30.2294482153],[31.7108670844,30.2256134386],[31.7122720138,30.2241176651],[31.7151443343,30.2262431627],[31.7169421369,30.2244109652],[31.7140243955,30.2222518856],[31.7153708819,30.2208182003],[31.7243280334,30.2262578159],[31.7222843487,30.2283054817],[31.7193363399,30.2262841982],[31.7164593343,30.2294482153]]]}},
{"type":"Feature","properties":{"SHAPE_Length":6640.73231780481,"SHAPE_Area":944110.63948827249,"سعر_الأرض_2023":null,"سعر_الأرض_2014":null,"نمط_العمران":"صناعي","اسم_المحور":"محور الدائرى الاقليمى","اسم_المحافظة":"محافظة القاهرة","متوسط_عدد_الادوار_بالعقار":null,"متوسط_عدد_الشقق_بالدور":null,"متوسط_مساحة_الشقق_بالمنطقة":null,"نوع_طبيعة_المنطقة":"قائمة","مساحة_التغير_كم2":944110.63948827249,"نسبة_المساحه":null,"Civil":170.0,"كم":0.94411063948827245},"geometry":{"type":"Polygon","coordinates":[[[31.738421802,30.2291944703],[31.7400339659,30.2303742236],[31.7373083009,30.233404112],[31.7369697214,30.2346646911],[31.7371754281,30.2357310699],[31.7459885004,30.2419241462],[31.7446676156,30.2433871228],[31.7396609826,30.2395461609],[31.7382422032,30.2389603868],[31.7362960923,30.2387588289],[31.7349101302,30.2356269399],[31.7271112183,30.2307218141],[31.7317559559,30.2243160179],[31.7347524078,30.2265090953],[31.7331120989,30.2281516063],[31.7369379065,30.2308242231],[31.738421802,30.2291944703]]]}},
{"type":"Feature","properties":{"SHAPE_Length":1697.7252568293936,"SHAPE_Area":172423.98800861472,"سعر_الأرض_2023":null,"سعر_الأرض_2014":null,"نمط_العمران":"خدمات ","اسم_المحور":"محور الدائرى الاقليمى","اسم_المحافظة":"محافظة القاهرة","متوسط_عدد_الادوار_بالعقار":null,"متوسط_عدد_الشقق_بالدور":null,"متوسط_مساحة_الشقق_بالمنطقة":null,"نوع_طبيعة_المنطقة":"قائمة","مساحة_التغير_كم2":172423.98800861472,"نسبة_المساحه":null,"Civil":null,"كم":0.17242398800861472},"geometry":{"type":"Polygon","coordinates":[[[31.7045832468,30.241634386],[31.7021437795,30.2441272959],[31.6999537347,30.2450587307],[31.6994505239,30.2450038904],[31.698556245,30.2440270606],[31.6984812751,30.2436496016],[31.7018312947,30.2398152966],[31.7045832468,30.241634386]]]}},
{"type":"Feature","properties":{"SHAPE_Length":1522.5600560607022,"SHAPE_Area":144014.60091155957,"سعر_الأرض_2023":2963627984.0,"سعر_الأرض_2014":432043802.73467869,"نمط_العمران":"اسكان اجتماعى شباب","اسم_المحور":"محور الدائرى الاقليمى","اسم_المحافظة":"محافظة القاهرة","متوسط_عدد_الادوار_بالعقار":null,"متوسط_عدد_الشقق_بالدور":null,"متوسط_مساحة_الشقق_بالمنطقة":null,"نوع_طبيعة_المنطقة":"تحت الانشاء","مساحة_التغير_كم2":144014.60091155957,"نسبة_المساحه":null,"Civil":66.0,"كم":0.14401460091155957},"geometry":{"type":"Polygon","coordinates":[[[31.7040589892,30.2370709805],[31.7071725784,30.2392933554],[31.7051570976,30.2420237076],[31.7018312947,30.2398152966],[31.7040589892,30.2370709805]]]}},
{"type":"Feature","properties":{"SHAPE_Length":1630.678468906629,"SHAPE_Area":174732.50654639973,"سعر_الأرض_2023":null,"سعر_الأرض_2014":null,"نمط_العمران":"صناعي","اسم_المحور":"محور الدائرى الاقليمى","اسم_المحافظة":"محافظة القاهرة","متوسط_عدد_الادوار_بالعقار":null,"متوسط_عدد_الشقق_بالدور":null,"متوسط_مساحة_الشقق_بالمنطقة":null,"نوع_طبيعة_المنطقة":"قائمة","مساحة_التغير_كم2":174732.50654639973,"نسبة_المساحه":null,"Civil":180.0,"كم":0.17473250654639974},"geometry":{"type":"Polygon","coordinates":[[[31.6767412373,30.2535823999],[31.6746292919,30.2560391215],[31.6717390356,30.2561261937],[31.6707594422,30.2554699071],[31.6705718871,30.254694501],[31.6731519822,30.2517842168],[31.6767412373,30.2535823999]]]}},
{"type":"Feature","properties":{"SHAPE_Length":756.94504686630057,"SHAPE_Area":35569.947848071482,"سعر_الأرض_2023":null,"سعر_الأرض_2014":null,"نمط_العمران":"خدمات ","اسم_المحور":"محور الدائرى الاقليمى","اسم_المحافظة":"محافظة القاهرة","متوسط_عدد_الادوار_بالعقار":null,"متوسط_عدد_الشقق_بالدور":null,"متوسط_مساحة_الشقق_بالمنطقة":null,"نوع_طبيعة_المنطقة":"قائمة","مساحة_التغير_كم2":35569.947848071482,"نسبة_المساحه":null,"Civil":null,"كم":0.035569947848071486},"geometry":{"type":"Polygon","coordinates":[[[31.6723110278,30.2505096452],[31.6711341511,30.2518204629],[31.6694785284,30.250571748],[31.6707307409,30.2494743417],[31.6723110278,30.2505096452]]]}},
{"type":"Feature","properties":{"SHAPE_Length":5574.9740202755002,"SHAPE_Area":1575873.6184488679,"سعر_الأرض_2023":14322332384.0,"سعر_الأرض_2014":4727620855.3466034,"نمط_العمران":"كمبوند","اسم_المحور":"محور الدائرى الاقليمى","اسم_المحافظة":"محافظة القاهرة","متوسط_عدد_الادوار_بالعقار":null,"متوسط_عدد_الشقق_بالدور":null,"متوسط_مساحة_الشقق_بالمنطقة":null,"نوع_طبيعة_المنطقة":"تحت الانشاء","مساحة_التغير_كم2":1575873.6184488679,"نسبة_المساحه":null,"Civil":44.0,"كم":1.575873618448868},"geometry":{"type":"Polygon","coordinates":[[[31.7417640334,29.9853023886],[31.7371079005,29.9850650909],[31.7325391619,29.9858819883],[31.7283673692,29.9876977287],[31.7254110201,29.9900305852],[31.7229229077,29.9860845801],[31.720527318,29.9834269748],[31.7249039181,29.9806001992],[31.7289378318,29.9790229709],[31.7336320083,29.9781571121],[31.7383864304,29.9781901686],[31.7402869733,29.9784563075],[31.7403257592,29.9794938153],[31.7414720605,29.979973565],[31.7421850518,29.9807413064],[31.7422728818,29.9819544615],[31.742797728,29.9826951568],[31.7417640334,29.9853023886]]]}},
{"type":"Feature","properties":{"SHAPE_Length":1932.0010121144014,"SHAPE_Area":215138.93023639222,"سعر_الأرض_2023":null,"سعر_الأرض_2014":null,"نمط_العمران":"خدمات ","اسم_المحور":"محور الدائرى الاقليمى","اسم_المحافظة":"محافظة القاهرة","متوسط_عدد_الادوار_بالعقار":null,"متوسط_عدد_الشقق_بالدور":null,"متوسط_مساحة_الشقق_بالمنطقة":null,"نوع_طبيعة_المنطقة":"تحت الانشاء","مساحة_التغير_كم2":215138.93023639222,"نسبة_المساحه":null,"Civil":null,"كم":0.21513893023639222},"geometry":{"type":"Polygon","coordinates":[[[31.6652504908,29.9032653193],[31.6655229109,29.9007927635],[31.6651555067,29.8984075561],[31.6705885943,29.8983856371],[31.6704995401,29.8996795368],[31.6697987859,29.9008105322],[31.6671916677,29.9031846769],[31.6652504908,29.9032653193]]]}},
{"type":"Feature","properties":{"SHAPE_Length":572.79816881535464,"SHAPE_Area":20147.613930389129,"سعر_الأرض_2023":null,"سعر_الأرض_2014":null,"نمط_العمران":"اسكان مخطط اقتصادى","اسم_المحور":"محور الدائرى الاقليمى","اسم_المحافظة":"محافظة القاهرة","متوسط_عدد_الادوار_بالعقار":null,"متوسط_عدد_الشقق_بالدور":null,"متوسط_مساحة_الشقق_بالمنطقة":null,"نوع_طبيعة_المنطقة":"قائمة","مساحة_التغير_كم2":20147.613930389129,"نسبة_المساحه":null,"Civil":null,"كم":0.020147613930389129},"geometry":{"type":"Polygon","coordinates":[[[31.7361699934,30.1356321655],[31.7344544991,30.1358022051],[31.7343921188,30.1347199254],[31.7360458781,30.1345948272],[31.7361699934,30.1356321655]]]}},
{"type":"Feature","properties":{"SHAPE_Length":985.14404415603155,"SHAPE_Area":54963.121542575907,"سعر_الأرض_2023":null,"سعر_الأرض_2014":null,"نمط_العمران":"كمبوند","اسم_المحور":"محور الدائرى الاقليمى","اسم_المحافظة":"محافظة القاهرة","متوسط_عدد_الادوار_بالعقار":null,"متوسط_عدد_الشقق_بالدور":null,"متوسط_مساحة_الشقق_بالمنطقة":null,"نوع_طبيعة_المنطقة":"تحت الانشاء","مساحة_التغير_كم2":54963.121542575907,"نسبة_المساحه":null,"Civil":null,"كم":0.054963121542575905},"geometry":{"type":"Polygon","coordinates":[[[31.7327760608,29.9531961392],[31.7324808015,29.9537782333],[31.7331331243,29.9542261933],[31.7325706509,29.9551231855],[31.7311547993,29.9545652783],[31.7299016109,29.9528580881],[31.7307591524,29.9522575432],[31.7327760608,29.9531961392]]]}},
{"type":"Feature","properties":{"SHAPE_Length":844.40796439813676,"SHAPE_Area":45679.657055231655,"سعر_الأرض_2023":null,"سعر_الأرض_2014":null,"نمط_العمران":"كمبوند","اسم_المحور":"محور الدائرى الاقليمى","اسم_المحافظة":"محافظة القاهرة","متوسط_عدد_الادوار_بالعقار":null,"متوسط_عدد_الشقق_بالدور":null,"متوسط_مساحة_الشقق_بالمنطقة":null,"نوع_طبيعة_المنطقة":"تحت الانشاء","مساحة_التغير_كم2":45679.657055231655,"نسبة_المساحه":null,"Civil":null,"كم":0.045679657055231658},"geometry":{"type":"Polygon","coordinates":[[[31.7093690476,29.9527952368],[31.7083684476,29.9551203835],[31.7071554804,29.9546456725],[31.7072332264,29.9532255304],[31.7077105648,29.9525344211],[31.7081340939,29.9522531142],[31.7093690476,29.9527952368]]]}},
{"type":"Feature","properties":{"SHAPE_Length":1814.1529651545113,"SHAPE_Area":222021.88039650602,"سعر_الأرض_2023":null,"سعر_الأرض_2014":null,"نمط_العمران":"كمبوند","اسم_المحور":"محور الدائرى الاقليمى","اسم_المحافظة":"محافظة القاهرة","متوسط_عدد_الادوار_بالعقار":null,"متوسط_عدد_الشقق_بالدور":null,"متوسط_مساحة_الشقق_بالمنطقة":null,"نوع_طبيعة_المنطقة":"تحت الانشاء","مساحة_التغير_كم2":222021.88039650602,"نسبة_المساحه":null,"Civil":null,"كم":0.22202188039650603},"geometry":{"type":"Polygon","coordinates":[[[31.7207678194,29.9637558015],[31.7219563454,29.9643556884],[31.7229052728,29.9668883155],[31.7178676446,29.9688098422],[31.7167074713,29.9672082211],[31.7165877113,29.9657516018],[31.7207678194,29.9637558015]]]}},
{"type":"Feature","properties":{"SHAPE_Length":567.21570072532177,"SHAPE_Area":17927.11045903324,"سعر_الأرض_2023":null,"سعر_الأرض_2014":null,"نمط_العمران":"كمبوند","اسم_المحور":"محور الدائرى الاقليمى","اسم_المحافظة":"محافظة القاهرة","متوسط_عدد_الادوار_بالعقار":null,"متوسط_عدد_الشقق_بالدور":null,"متوسط_مساحة_الشقق_بالمنطقة":null,"نوع_طبيعة_المنطقة":"تحت الانشاء","مساحة_التغير_كم2":17927.11045903324,"نسبة_المساحه":null,"Civil":null,"كم":0.017927110459033238},"geometry":{"type":"Polygon","coordinates":[[[31.725847405,29.9707958776],[31.7240225103,29.9713139843],[31.7236943793,29.9704877831],[31.7255380499,29.9699566221],[31.725847405,29.9707958776]]]}},
{"type":"Feature","properties":{"SHAPE_Length":1529.8557322159886,"SHAPE_Area":144900.711888447,"سعر_الأرض_2023":null,"سعر_الأرض_2014":null,"نمط_العمران":"كمبوند","اسم_المحور":"محور الدائرى الاقليمى","اسم_المحافظة":"محافظة القاهرة","متوسط_عدد_الادوار_بالعقار":null,"متوسط_عدد_الشقق_بالدور":null,"متوسط_مساحة_الشقق_بالمنطقة":null,"نوع_طبيعة_المنطقة":"تحت الانشاء","مساحة_التغير_كم2":144900.711888447,"نسبة_المساحه":null,"Civil":null,"كم":0.144900711888447},"geometry":{"type":"Polygon","coordinates":[[[31.7477172335,29.9692563751],[31.7460905955,29.9727542417],[31.7427999439,29.9714479535],[31.7444675613,29.9679666489],[31.7477172335,29.9692563751]]]}},
{"type":"Feature","properties":{"SHAPE_Length":5837.1412260653306,"SHAPE_Area":1864712.6669193374,"سعر_الأرض_2023":68790081023.0,"سعر_الأرض_2014":5594138000.7580118,"نمط_العمران":"كمبوند","اسم_المحور":"محور الدائرى الاقليمى","اسم_المحافظة":"محافظة القاهرة","متوسط_عدد_الادوار_بالعقار":null,"متوسط_عدد_الشقق_بالدور":null,"متوسط_مساحة_الشقق_بالمنطقة":null,"نوع_طبيعة_المنطقة":"قائمة","مساحة_التغير_كم2":1864712.6669193374,"نسبة_المساحه":null,"Civil":45.0,"كم":1.8647126669193375},"geometry":{"type":"Polygon","coordinates":[[[31.7254110201,29.9900305852],[31.7221863273,29.9948101364],[31.7191127794,29.9984231272],[31.7155029415,30.0016385157],[31.7114239221,30.0043964866],[31.7075124688,29.9980361404],[31.7181671555,29.9855535914],[31.720527318,29.9834269748],[31.7229229077,29.9860845801],[31.7254110201,29.9900305852]]]}},
{"type":"Feature","properties":{"SHAPE_Length":12258.057705671225,"SHAPE_Area":7506511.3494233759,"سعر_الأرض_2023":null,"سعر_الأرض_2014":null,"نمط_العمران":"حكومي","اسم_المحور":"محور الدائرى الاقليمى","اسم_المحافظة":"محافظة القاهرة","متوسط_عدد_الادوار_بالعقار":null,"متوسط_عدد_الشقق_بالدور":null,"متوسط_مساحة_الشقق_بالمنطقة":null,"نوع_طبيعة_المنطقة":"قائمة","مساحة_التغير_كم2":7506511.3494233759,"نسبة_المساحه":null,"Civil":null,"كم":7.5065113494233762},"geometry":{"type":"Polygon","coordinates":[[[31.7766215124,30.0251934155],[31.7340071488,30.0258446196],[31.7329056737,30.0235546141],[31.7299681724,30.0078268918],[31.7657426371,30.007546503],[31.7701328481,30.0191785913],[31.7760421494,30.019186826],[31.777043158,30.0197581941],[31.7766215124,30.0251934155]]]}},
{"type":"Feature","properties":{"SHAPE_Length":5383.0239465865798,"SHAPE_Area":1255046.5304286564,"سعر_الأرض_2023":18545592787.0,"سعر_الأرض_2014":3765139591.2859693,"نمط_العمران":"كمبوند","اسم_المحور":"محور الدائرى الاقليمى","اسم_المحافظة":"محافظة القاهرة","متوسط_عدد_الادوار_بالعقار":null,"متوسط_عدد_الشقق_بالدور":null,"متوسط_مساحة_الشقق_بالمنطقة":null,"نوع_طبيعة_المنطقة":"قائمة","مساحة_التغير_كم2":1255046.5304286564,"نسبة_المساحه":null,"Civil":48.0,"كم":1.2550465304286564},"geometry":{"type":"Polygon","coordinates":[[[31.7830327233,30.0494511937],[31.7861741762,30.0582292406],[31.7865170052,30.0602605741],[31.7862364561,30.0629835311],[31.7840447661,30.0693578908],[31.7780904344,30.0663906095],[31.779917089,30.0635895903],[31.7802804184,30.061695024],[31.7769521426,30.0507515116],[31.7830327233,30.0494511937]]]}},
{"type":"Feature","properties":{"SHAPE_Length":2679.5320513011134,"SHAPE_Area":455251.42393200897,"سعر_الأرض_2023":852256392.0,"سعر_الأرض_2014":1365754271.7960269,"نمط_العمران":"كمبوند","اسم_المحور":"محور الدائرى الاقليمى","اسم_المحافظة":"محافظة القاهرة","متوسط_عدد_الادوار_بالعقار":null,"متوسط_عدد_الشقق_بالدور":null,"متوسط_مساحة_الشقق_بالمنطقة":null,"نوع_طبيعة_المنطقة":"تحت الانشاء","مساحة_التغير_كم2":455251.42393200897,"نسبة_المساحه":null,"Civil":22.0,"كم":0.45525142393200896},"geometry":{"type":"Polygon","coordinates":[[[31.7019943975,29.9522601442],[31.7069928579,29.9537059649],[31.7067898856,29.9547158622],[31.7080980029,29.955654149],[31.7078104483,29.9583578238],[31.6999341018,29.9588496881],[31.7004769019,29.9541657886],[31.7011275281,29.9523640803],[31.7019943975,29.9522601442]]]}},
{"type":"Feature","properties":{"SHAPE_Length":1982.4459057550046,"SHAPE_Area":230856.94668593546,"سعر_الأرض_2023":827029112.0,"سعر_الأرض_2014":692570840.05780637,"نمط_العمران":"كمبوند","اسم_المحور":"محور الدائرى الاقليمى","اسم_المحافظة":"محافظة القاهرة","متوسط_عدد_الادوار_بالعقار":null,"متوسط_عدد_الشقق_بالدور":null,"متوسط_مساحة_الشقق_بالمنطقة":null,"نوع_طبيعة_المنطقة":"تحت الانشاء","مساحة_التغير_كم2":230856.94668593546,"نسبة_المساحه":null,"Civil":27.0,"كم":0.23085694668593545},"geometry":{"type":"Polygon","coordinates":[[[31.7128148253,29.9578259792],[31.71324269,29.9601652499],[31.7091387922,29.9609456208],[31.7084912556,29.9580516793],[31.7087233437,29.9556982677],[31.710291104,29.9560630664],[31.7112307532,29.9550890177],[31.7127540962,29.9556101734],[31.7128148253,29.9578259792]]]}},
{"type":"Feature","properties":{"SHAPE_Length":1685.7252497686236,"SHAPE_Area":189350.06083472297,"سعر_الأرض_2023":1188561754.0,"سعر_الأرض_2014":568050182.50416887,"نمط_العمران":"كمبوند","اسم_المحور":"محور الدائرى الاقليمى","اسم_المحافظة":"محافظة القاهرة","متوسط_عدد_الادوار_بالعقار":null,"متوسط_عدد_الشقق_بالدور":null,"متوسط_مساحة_الشقق_بالمنطقة":null,"نوع_طبيعة_المنطقة":"قائمة","مساحة_التغير_كم2":189350.06083472297,"نسبة_المساحه":null,"Civil":30.0,"كم":0.18935006083472297},"geometry":{"type":"Polygon","coordinates":[[[31.716525273,29.9749063089],[31.7139489336,29.9768651151],[31.7132028588,29.9769746038],[31.7104917256,29.9746870426],[31.7139584583,29.9717277302],[31.716525273,29.9749063089]]]}},
{"type":"Feature","properties":{"SHAPE_Length":3039.6429548725996,"SHAPE_Area":567985.80553486431,"سعر_الأرض_2023":3241279303.0,"سعر_الأرض_2014":1703957416.604593,"نمط_العمران":"كمبوند","اسم_المحور":"محور الدائرى الاقليمى","اسم_المحافظة":"محافظة القاهرة","متوسط_عدد_الادوار_بالعقار":null,"متوسط_عدد_الشقق_بالدور":null,"متوسط_مساحة_الشقق_بالمنطقة":null,"نوع_طبيعة_المنطقة":"تحت الانشاء","مساحة_التغير_كم2":567985.80553486431,"نسبة_المساحه":null,"Civil":39.0,"كم":0.56798580553486433},"geometry":{"type":"Polygon","coordinates":[[[31.7435515573,29.9785086295],[31.7392928087,29.9776076598],[31.7360088414,29.9774410757],[31.7360620814,29.9707987301],[31.7411774224,29.9718514192],[31.7456022848,29.9735338823],[31.7435515573,29.9785086295]]]}},
{"type":"Feature","properties":{"SHAPE_Length":3024.2904006399581,"SHAPE_Area":508989.21870767523,"سعر_الأرض_2023":2469912417.0,"سعر_الأرض_2014":1526967656.1230257,"نمط_العمران":"كمبوند","اسم_المحور":"محور الدائرى الاقليمى","اسم_المحافظة":"محافظة القاهرة","متوسط_عدد_الادوار_بالعقار":null,"متوسط_عدد_الشقق_بالدور":null,"متوسط_مساحة_الشقق_بالمنطقة":null,"نوع_طبيعة_المنطقة":"تحت الانشاء","مساحة_التغير_كم2":508989.21870767523,"نسبة_المساحه":null,"Civil":41.0,"كم":0.50898921870767522},"geometry":{"type":"Polygon","coordinates":[[[31.7336595898,29.9774799503],[31.7296667172,29.9781003257],[31.7268044816,29.9790026338],[31.7243188042,29.9720600118],[31.7295331279,29.9708901753],[31.7308737682,29.9731356411],[31.7332027008,29.975079338],[31.7342821213,29.9750821117],[31.7341600824,29.9758435331],[31.7334443726,29.9766146497],[31.7336595898,29.9774799503]]]}},
{"type":"Feature","properties":{"SHAPE_Length":1991.4665078170801,"SHAPE_Area":249060.99386193423,"سعر_الأرض_2023":1259165982.0,"سعر_الأرض_2014":747182981.58580267,"نمط_العمران":"كمبوند","اسم_المحور":"محور الدائرى الاقليمى","اسم_المحافظة":"محافظة القاهرة","متوسط_عدد_الادوار_بالعقار":null,"متوسط_عدد_الشقق_بالدور":null,"متوسط_مساحة_الشقق_بالمنطقة":null,"نوع_طبيعة_المنطقة":"تحت الانشاء","مساحة_التغير_كم2":249060.99386193423,"نسبة_المساحه":null,"Civil":38.0,"كم":0.24906099386193423},"geometry":{"type":"Polygon","coordinates":[[[31.746011709,29.9739770777],[31.7470370669,29.9742919973],[31.7508117877,29.9767659618],[31.7475974251,29.9801062052],[31.7439632033,29.9786401078],[31.746011709,29.9739770777]]]}},
{"type":"Feature","properties":{"SHAPE_Length":3423.5604832127051,"SHAPE_Area":773048.8057060244,"سعر_الأرض_2023":3886961442.0,"سعر_الأرض_2014":2319146417.118073,"نمط_العمران":"كمبوند","اسم_المحور":"محور الدائرى الاقليمى","اسم_المحافظة":"محافظة القاهرة","متوسط_عدد_الادوار_بالعقار":null,"متوسط_عدد_الشقق_بالدور":null,"متوسط_مساحة_الشقق_بالمنطقة":null,"نوع_طبيعة_المنطقة":"تحت الانشاء","مساحة_التغير_كم2":773048.8057060244,"نسبة_المساحه":null,"Civil":42.0,"كم":0.77304880570602441},"geometry":{"type":"Polygon","coordinates":[[[31.7215041827,29.9820292888],[31.7192920786,29.981972747],[31.7145361652,29.9784172104],[31.7146272706,29.9774380072],[31.7182348852,29.9747270571],[31.7238767169,29.9721984739],[31.7265395249,29.9794588716],[31.7215041827,29.9820292888]]]}},
{"type":"Feature","properties":{"SHAPE_Length":1789.1373929959832,"SHAPE_Area":169059.58506849917,"سعر_الأرض_2023":5358155486.0,"سعر_الأرض_2014":507178755.2054975,"نمط_العمران":"كمبوند","اسم_المحور":"محور الدائرى الاقليمى","اسم_المحافظة":"محافظة القاهرة","متوسط_عدد_الادوار_بالعقار":null,"متوسط_عدد_الشقق_بالدور":null,"متوسط_مساحة_الشقق_بالمنطقة":null,"نوع_طبيعة_المنطقة":"تحت الانشاء","مساحة_التغير_كم2":169059.58506849917,"نسبة_المساحه":null,"Civil":37.0,"كم":0.16905958506849916},"geometry":{"type":"Polygon","coordinates":[[[31.751111741,29.97699211],[31.7525671729,29.9781618137],[31.7525625122,29.9832499287],[31.747914843,29.9802595379],[31.751111741,29.97699211]]]}},
{"type":"Feature","properties":{"SHAPE_Length":1921.6247375428911,"SHAPE_Area":216074.3859512264,"سعر_الأرض_2023":8950131431.0,"سعر_الأرض_2014":648223157.85367918,"نمط_العمران":"كمبوند","اسم_المحور":"محور الدائرى الاقليمى","اسم_المحافظة":"محافظة القاهرة","متوسط_عدد_الادوار_بالعقار":null,"متوسط_عدد_الشقق_بالدور":null,"متوسط_مساحة_الشقق_بالمنطقة":null,"نوع_طبيعة_المنطقة":"قائمة","مساحة_التغير_كم2":216074.3859512264,"نسبة_المساحه":null,"Civil":9.0,"كم":0.21607438595122641},"geometry":{"type":"Polygon","coordinates":[[[31.7194514007,29.9452950951],[31.7191895755,29.9477564349],[31.7145516876,29.9485548005],[31.7127756539,29.9459785433],[31.7125752981,29.9450423972],[31.7127103004,29.9442966588],[31.7194514007,29.9452950951]]]}},
{"type":"Feature","properties":{"SHAPE_Length":1629.3680130142254,"SHAPE_Area":168673.14622557728,"سعر_الأرض_2023":7350926307.0,"سعر_الأرض_2014":506019438.67673182,"نمط_العمران":"كمبوند","اسم_المحور":"محور الدائرى الاقليمى","اسم_المحافظة":"محافظة القاهرة","متوسط_عدد_الادوار_بالعقار":null,"متوسط_عدد_الشقق_بالدور":null,"متوسط_مساحة_الشقق_بالمنطقة":null,"نوع_طبيعة_المنطقة":"قائمة","مساحة_التغير_كم2":168673.14622557728,"نسبة_المساحه":null,"Civil":10.0,"كم":0.16867314622557728},"geometry":{"type":"Polygon","coordinates":[[[31.7271108344,29.9465030122],[31.7277613246,29.9474516987],[31.7275473986,29.948443074],[31.7261645758,29.9496572109],[31.7217797178,29.9481016366],[31.7223827209,29.945705708],[31.7271108344,29.9465030122]]]}},
{"type":"Feature","properties":{"SHAPE_Length":2570.2478919608757,"SHAPE_Area":368564.86106334021,"سعر_الأرض_2023":10470396451.0,"سعر_الأرض_2014":1105694583.1900206,"نمط_العمران":"كمبوند","اسم_المحور":"محور الدائرى الاقليمى","اسم_المحافظة":"محافظة القاهرة","متوسط_عدد_الادوار_بالعقار":null,"متوسط_عدد_الشقق_بالدور":null,"متوسط_مساحة_الشقق_بالمنطقة":null,"نوع_طبيعة_المنطقة":"تحت الانشاء","مساحة_التغير_كم2":368564.86106334021,"نسبة_المساحه":null,"Civil":8.0,"كم":0.3685648610632829},"geometry":{"type":"Polygon","coordinates":[[[31.7105699078,29.9439607916],[31.7136324067,29.9487090493],[31.7115984125,29.9502865559],[31.7084452551,29.9480377611],[31.7040309576,29.946373496],[31.705185277,29.9440331776],[31.7063434706,29.9435073694],[31.7105699078,29.9439607916]]]}},
{"type":"Feature","properties":{"SHAPE_Length":2305.1903006544717,"SHAPE_Area":250591.52706393762,"سعر_الأرض_2023":9484177389.0,"سعر_الأرض_2014":751774581.19181287,"نمط_العمران":"كمبوند","اسم_المحور":"محور الدائرى الاقليمى","اسم_المحافظة":"محافظة القاهرة","متوسط_عدد_الادوار_بالعقار":null,"متوسط_عدد_الشقق_بالدور":null,"متوسط_مساحة_الشقق_بالمنطقة":null,"نوع_طبيعة_المنطقة":"تحت الانشاء","مساحة_التغير_كم2":250591.52706393762,"نسبة_المساحه":null,"Civil":19.0,"كم":0.25059152706393761},"geometry":{"type":"Polygon","coordinates":[[[31.7171301264,29.951565684],[31.7162926614,29.9513175853],[31.7146457597,29.9489246519],[31.7172399613,29.948227727],[31.7200700559,29.9482582722],[31.723241663,29.9488367718],[31.7252008605,29.9498423644],[31.7245494228,29.9504155591],[31.7204065835,29.9507926436],[31.7171301264,29.951565684]]]}},
{"type":"Feature","properties":{"SHAPE_Length":2411.3756530900127,"SHAPE_Area":301648.60528881417,"سعر_الأرض_2023":5125936710.0,"سعر_الأرض_2014":904945815.86644256,"نمط_العمران":"كمبوند","اسم_المحور":"محور الدائرى الاقليمى","اسم_المحافظة":"محافظة القاهرة","متوسط_عدد_الادوار_بالعقار":null,"متوسط_عدد_الشقق_بالدور":null,"متوسط_مساحة_الشقق_بالمنطقة":null,"نوع_طبيعة_المنطقة":"تحت الانشاء","مساحة_التغير_كم2":301648.60528881417,"نسبة_المساحه":null,"Civil":21.0,"كم":0.30164860528881415},"geometry":{"type":"Polygon","coordinates":[[[31.7092577168,29.9524764095],[31.7079940929,29.9520489026],[31.7069215797,29.9522728664],[31.7068957156,29.951617116],[31.7042780781,29.9502022551],[31.7033487974,29.9507613617],[31.7020389335,29.9502764625],[31.7037146135,29.9469213952],[31.7075627829,29.9479882068],[31.7102003775,29.9495805802],[31.7110129073,29.9505801681],[31.7092577168,29.9524764095]]]}},
{"type":"Feature","properties":{"SHAPE_Length":2307.9344297512994,"SHAPE_Area":381183.59845208592,"سعر_الأرض_2023":11909647964.0,"سعر_الأرض_2014":1143550795.3562577,"نمط_العمران":"كمبوند","اسم_المحور":"محور الدائرى الاقليمى","اسم_المحافظة":"محافظة القاهرة","متوسط_عدد_الادوار_بالعقار":null,"متوسط_عدد_الشقق_بالدور":null,"متوسط_مساحة_الشقق_بالمنطقة":null,"نوع_طبيعة_المنطقة":"تحت الانشاء","مساحة_التغير_كم2":381183.59845208592,"نسبة_المساحه":null,"Civil":11.0,"كم":0.38118359845208594},"geometry":{"type":"Polygon","coordinates":[[[31.7386609208,29.9487511257],[31.7389271527,29.9529225398],[31.7375134181,29.9537660274],[31.735949763,29.9540621142],[31.7341387872,29.9536849052],[31.7328982324,29.9528047293],[31.7320334453,29.9506389908],[31.7329939696,29.9475870299],[31.7386609208,29.9487511257]]]}},
{"type":"Feature","properties":{"SHAPE_Length":2783.5089454377317,"SHAPE_Area":288894.9300267527,"سعر_الأرض_2023":10578940451.0,"سعر_الأرض_2014":866684790.08025813,"نمط_العمران":"كمبوند","اسم_المحور":"محور الدائرى الاقليمى","اسم_المحافظة":"محافظة القاهرة","متوسط_عدد_الادوار_بالعقار":null,"متوسط_عدد_الشقق_بالدور":null,"متوسط_مساحة_الشقق_بالمنطقة":null,"نوع_طبيعة_المنطقة":"تحت الانشاء","مساحة_التغير_كم2":288894.9300267527,"نسبة_المساحه":null,"Civil":18.0,"كم":0.28889493002675271},"geometry":{"type":"Polygon","coordinates":[[[31.7256231518,29.9531892223],[31.7229427839,29.9535278713],[31.7198535189,29.9547239404],[31.7175875106,29.9529632312],[31.7175798409,29.9520811215],[31.7199004461,29.9514935697],[31.724216994,29.951082802],[31.7262512089,29.9503657746],[31.7298847869,29.9535495118],[31.7295633747,29.9538002719],[31.7256231518,29.9531892223]]]}},
{"type":"Feature","properties":{"SHAPE_Length":1836.7929581761041,"SHAPE_Area":203452.51192322504,"سعر_الأرض_2023":4464643578.0,"سعر_الأرض_2014":610357535.76967514,"نمط_العمران":"كمبوند","اسم_المحور":"محور الدائرى الاقليمى","اسم_المحافظة":"محافظة القاهرة","متوسط_عدد_الادوار_بالعقار":null,"متوسط_عدد_الشقق_بالدور":null,"متوسط_مساحة_الشقق_بالمنطقة":null,"نوع_طبيعة_المنطقة":"تحت الانشاء","مساحة_التغير_كم2":203452.51192322504,"نسبة_المساحه":null,"Civil":20.0,"كم":0.20345251192322505},"geometry":{"type":"Polygon","coordinates":[[[31.715512462,29.9515689029],[31.7154138435,29.9525465468],[31.7130525492,29.9552737153],[31.7112905211,29.9547122645],[31.7114502945,29.953542104],[31.7100973417,29.9527106075],[31.7115438734,29.9507756313],[31.7139196859,29.9492196335],[31.715512462,29.9515689029]]]}},
{"type":"Feature","properties":{"SHAPE_Length":935.60497372430041,"SHAPE_Area":40377.550982904904,"سعر_الأرض_2023":1986355793.0,"سعر_الأرض_2014":121132652.94871472,"نمط_العمران":"كمبوند","اسم_المحور":"محور الدائرى الاقليمى","اسم_المحافظة":"محافظة القاهرة","متوسط_عدد_الادوار_بالعقار":null,"متوسط_عدد_الشقق_بالدور":null,"متوسط_مساحة_الشقق_بالمنطقة":null,"نوع_طبيعة_المنطقة":"تحت الانشاء","مساحة_التغير_كم2":40377.550982904904,"نسبة_المساحه":null,"Civil":29.0,"كم":0.040377550982904901},"geometry":{"type":"Polygon","coordinates":[[[31.7214156467,29.9575608856],[31.7215199275,29.9579820947],[31.7208853782,29.9578613346],[31.7204347008,29.9560352286],[31.7222014991,29.9563817994],[31.7236862898,29.9575256034],[31.7232210914,29.9578839918],[31.7214156467,29.9575608856]]]}},
{"type":"Feature","properties":{"SHAPE_Length":1307.4770342662448,"SHAPE_Area":109115.33834237588,"سعر_الأرض_2023":3604504581.0,"سعر_الأرض_2014":327346015.02712762,"نمط_العمران":"كمبوند","اسم_المحور":"محور الدائرى الاقليمى","اسم_المحافظة":"محافظة القاهرة","متوسط_عدد_الادوار_بالعقار":null,"متوسط_عدد_الشقق_بالدور":null,"متوسط_مساحة_الشقق_بالمنطقة":null,"نوع_طبيعة_المنطقة":"تحت الانشاء","مساحة_التغير_كم2":109115.33834237588,"نسبة_المساحه":null,"Civil":12.0,"كم":0.10911533834237588},"geometry":{"type":"Polygon","coordinates":[[[31.7389318506,29.9582058928],[31.7355899181,29.9582692496],[31.7354794426,29.9553901843],[31.7389185626,29.9552212932],[31.7389318506,29.9582058928]]]}},
{"type":"Feature","properties":{"SHAPE_Length":1941.3138840053648,"SHAPE_Area":227674.30320274681,"سعر_الأرض_2023":9870873144.0,"سعر_الأرض_2014":683022909.60824049,"نمط_العمران":"كمبوند","اسم_المحور":"محور الدائرى الاقليمى","اسم_المحافظة":"محافظة القاهرة","متوسط_عدد_الادوار_بالعقار":null,"متوسط_عدد_الشقق_بالدور":null,"متوسط_مساحة_الشقق_بالمنطقة":null,"نوع_طبيعة_المنطقة":"تحت الانشاء","مساحة_التغير_كم2":227674.30320274681,"نسبة_المساحه":null,"Civil":17.0,"كم":0.22767430320274681},"geometry":{"type":"Polygon","coordinates":[[[31.7258992348,29.9534688422],[31.7288448714,29.9539499828],[31.730992009,29.9548858396],[31.7321394272,29.9581199036],[31.7281896286,29.958159343],[31.7269033364,29.956313969],[31.7251447882,29.9549574217],[31.7258992348,29.9534688422]]]}},
{"type":"Feature","properties":{"SHAPE_Length":1019.5427651405239,"SHAPE_Area":64055.598605942425,"سعر_الأرض_2023":2256922915.0,"سعر_الأرض_2014":192166795.81782728,"نمط_العمران":"كمبوند","اسم_المحور":"محور الدائرى الاقليمى","اسم_المحافظة":"محافظة القاهرة","متوسط_عدد_الادوار_بالعقار":null,"متوسط_عدد_الشقق_بالدور":null,"متوسط_مساحة_الشقق_بالمنطقة":null,"نوع_طبيعة_المنطقة":"تحت الانشاء","مساحة_التغير_كم2":64055.598605942425,"نسبة_المساحه":null,"Civil":28.0,"كم":0.064055598605942426},"geometry":{"type":"Polygon","coordinates":[[[31.7207634094,29.9579651996],[31.7187368291,29.9594925941],[31.7182000332,29.9593640603],[31.71817102,29.9579310321],[31.7188351711,29.95650086],[31.7202679039,29.9560483286],[31.7207634094,29.9579651996]]]}},
{"type":"Feature","properties":{"SHAPE_Length":1243.4916698113232,"SHAPE_Area":90489.474458767174,"سعر_الأرض_2023":3194033902.0,"سعر_الأرض_2014":271468423.37630153,"نمط_العمران":"كمبوند","اسم_المحور":"محور الدائرى الاقليمى","اسم_المحافظة":"محافظة القاهرة","متوسط_عدد_الادوار_بالعقار":null,"متوسط_عدد_الشقق_بالدور":null,"متوسط_مساحة_الشقق_بالمنطقة":null,"نوع_طبيعة_المنطقة":"تحت الانشاء","مساحة_التغير_كم2":90489.474458767174,"نسبة_المساحه":null,"Civil":16.0,"كم":0.090489474458767177},"geometry":{"type":"Polygon","coordinates":[[[31.7277792675,29.9586333712],[31.728015391,29.9601983918],[31.7276486338,29.9624033192],[31.7254461599,29.9621373104],[31.7254547714,29.9588092024],[31.7277792675,29.9586333712]]]}},
{"type":"Feature","properties":{"SHAPE_Length":2210.0342197256832,"SHAPE_Area":261966.22415526325,"سعر_الأرض_2023":7789558604.0,"سعر_الأرض_2014":785898672.46578979,"نمط_العمران":"كمبوند","اسم_المحور":"محور الدائرى الاقليمى","اسم_المحافظة":"محافظة القاهرة","متوسط_عدد_الادوار_بالعقار":null,"متوسط_عدد_الشقق_بالدور":null,"متوسط_مساحة_الشقق_بالمنطقة":null,"نوع_طبيعة_المنطقة":"تحت الانشاء","مساحة_التغير_كم2":261966.22415526325,"نسبة_المساحه":null,"Civil":23.0,"كم":0.26196622415526327},"geometry":{"type":"Polygon","coordinates":[[[31.707836232,29.9586210289],[31.7083989651,29.9611857008],[31.701102069,29.9626123491],[31.7004555392,29.9623839354],[31.6999518474,29.9591353314],[31.707836232,29.9586210289]]]}},
{"type":"Feature","properties":{"SHAPE_Length":1825.1780772497541,"SHAPE_Area":211793.07173522329,"سعر_الأرض_2023":4086460579.0,"سعر_الأرض_2014":635379215.20566988,"نمط_العمران":"كمبوند","اسم_المحور":"محور الدائرى الاقليمى","اسم_المحافظة":"محافظة القاهرة","متوسط_عدد_الادوار_بالعقار":null,"متوسط_عدد_الشقق_بالدور":null,"متوسط_مساحة_الشقق_بالمنطقة":null,"نوع_طبيعة_المنطقة":"تحت الانشاء","مساحة_التغير_كم2":211793.07173522329,"نسبة_المساحه":null,"Civil":15.0,"كم":0.2117930717352233},"geometry":{"type":"Polygon","coordinates":[[[31.7326702155,29.9586500613],[31.7322622471,29.963365429],[31.7281777646,29.9629152301],[31.7284700143,29.9585693513],[31.7326702155,29.9586500613]]]}},
{"type":"Feature","properties":{"SHAPE_Length":2263.8107793093927,"SHAPE_Area":254370.27181669252,"سعر_الأرض_2023":5836995218.0,"سعر_الأرض_2014":763110815.45007753,"نمط_العمران":"كمبوند","اسم_المحور":"محور الدائرى الاقليمى","اسم_المحافظة":"محافظة القاهرة","متوسط_عدد_الادوار_بالعقار":null,"متوسط_عدد_الشقق_بالدور":null,"متوسط_مساحة_الشقق_بالمنطقة":null,"نوع_طبيعة_المنطقة":"تحت الانشاء","مساحة_التغير_كم2":254370.27181669252,"نسبة_المساحه":null,"Civil":13.0,"كم":0.25437027181669253},"geometry":{"type":"Polygon","coordinates":[[[31.7331500688,29.9585014508],[31.7383957385,29.9586280103],[31.7383535086,29.9619714144],[31.7354538627,29.9619739704],[31.7354844378,29.9638329749],[31.7326602858,29.9637627576],[31.7331500688,29.9585014508]]]}},
{"type":"Feature","properties":{"SHAPE_Length":1737.2175378411685,"SHAPE_Area":176045.25642721952,"سعر_الأرض_2023":4809072360.0,"سعر_الأرض_2014":528135769.28165853,"نمط_العمران":"كمبوند","اسم_المحور":"محور الدائرى الاقليمى","اسم_المحافظة":"محافظة القاهرة","متوسط_عدد_الادوار_بالعقار":null,"متوسط_عدد_الشقق_بالدور":null,"متوسط_مساحة_الشقق_بالمنطقة":null,"نوع_طبيعة_المنطقة":"تحت الانشاء","مساحة_التغير_كم2":176045.25642721952,"نسبة_المساحه":null,"Civil":26.0,"كم":0.17604525642721952},"geometry":{"type":"Polygon","coordinates":[[[31.7177762244,29.9598567659],[31.7185528871,29.9614767097],[31.7203620166,29.9633082998],[31.7166707247,29.9650155138],[31.7146056523,29.9609663145],[31.7149020381,29.9604231352],[31.7177762244,29.9598567659]]]}},
{"type":"Feature","properties":{"SHAPE_Length":1782.3783436961057,"SHAPE_Area":202632.59780957352,"سعر_الأرض_2023":7485468901.0,"سعر_الأرض_2014":7485468901.0,"نمط_العمران":"كمبوند","اسم_المحور":"محور الدائرى الاقليمى","اسم_المحافظة":"محافظة القاهرة","متوسط_عدد_الادوار_بالعقار":null,"متوسط_عدد_الشقق_بالدور":null,"متوسط_مساحة_الشقق_بالمنطقة":null,"نوع_طبيعة_المنطقة":"قائمة","مساحة_التغير_كم2":202632.59780957352,"نسبة_المساحه":null,"Civil":25.0,"كم":0.20263259780957352},"geometry":{"type":"Polygon","coordinates":[[[31.7127808115,29.9608410863],[31.7140838279,29.961345425],[31.7144659765,29.96186972],[31.715775691,29.9653872154],[31.7144015417,29.9655882704],[31.7128328262,29.9652295669],[31.7112373045,29.9641444978],[31.7100458656,29.9627193166],[31.7094740743,29.9614925451],[31.7127808115,29.9608410863]]]}},
{"type":"Feature","properties":{"SHAPE_Length":1272.8166654418578,"SHAPE_Area":92508.981709035404,"سعر_الأرض_2023":1798393989.0,"سعر_الأرض_2014":277526945.12710619,"نمط_العمران":"كمبوند","اسم_المحور":"محور الدائرى الاقليمى","اسم_المحافظة":"محافظة القاهرة","متوسط_عدد_الادوار_بالعقار":null,"متوسط_عدد_الشقق_بالدور":null,"متوسط_مساحة_الشقق_بالمنطقة":null,"نوع_طبيعة_المنطقة":"تحت الانشاء","مساحة_التغير_كم2":92508.981709035404,"نسبة_المساحه":null,"Civil":14.0,"كم":0.092508981709035404},"geometry":{"type":"Polygon","coordinates":[[[31.7321233913,29.963727205],[31.7320900988,29.9654011655],[31.7278959338,29.9658065145],[31.7281099396,29.9633326232],[31.7321233913,29.963727205]]]}},
{"type":"Feature","properties":{"SHAPE_Length":1546.346964367475,"SHAPE_Area":145772.03810582921,"سعر_الأرض_2023":4426206274.0,"سعر_الأرض_2014":437316114.31748766,"نمط_العمران":"كمبوند","اسم_المحور":"محور الدائرى الاقليمى","اسم_المحافظة":"محافظة القاهرة","متوسط_عدد_الادوار_بالعقار":null,"متوسط_عدد_الشقق_بالدور":null,"متوسط_مساحة_الشقق_بالمنطقة":null,"نوع_طبيعة_المنطقة":"تحت الانشاء","مساحة_التغير_كم2":145772.03810582921,"نسبة_المساحه":null,"Civil":34.0,"كم":0.1457720381058292},"geometry":{"type":"Polygon","coordinates":[[[31.7370549817,29.9663556934],[31.7390340747,29.9666337754],[31.7390643132,29.9704623245],[31.7346600142,29.9699188165],[31.7346918632,29.9687455837],[31.7357376072,29.9679080682],[31.7363769107,29.9666846488],[31.7370549817,29.9663556934]]]}},
{"type":"Feature","properties":{"SHAPE_Length":1350.0793538954476,"SHAPE_Area":85026.243843593402,"سعر_الأرض_2023":155998292005.0,"سعر_الأرض_2014":17937140110.727787,"نمط_العمران":"كمبوند","اسم_المحور":"محور الدائرى الاقليمى","اسم_المحافظة":"محافظة القاهرة","متوسط_عدد_الادوار_بالعقار":null,"متوسط_عدد_الشقق_بالدور":null,"متوسط_مساحة_الشقق_بالمنطقة":null,"نوع_طبيعة_المنطقة":"تحت الانشاء","مساحة_التغير_كم2":85026.243843593402,"نسبة_المساحه":null,"Civil":33.0,"كم":0.085026243843593405},"geometry":{"type":"Polygon","coordinates":[[[31.7262766823,29.9679701153],[31.7281595073,29.9686926175],[31.7286156041,29.9702333302],[31.726075367,29.9707395218],[31.7247346084,29.9670983894],[31.7263239672,29.9667290493],[31.7262766823,29.9679701153]]]}},
{"type":"Feature","properties":{"SHAPE_Length":1520.6380679438955,"SHAPE_Area":144723.93826202751,"سعر_الأرض_2023":5171576559.0,"سعر_الأرض_2014":434171814.78608257,"نمط_العمران":"كمبوند","اسم_المحور":"محور الدائرى الاقليمى","اسم_المحافظة":"محافظة القاهرة","متوسط_عدد_الادوار_بالعقار":null,"متوسط_عدد_الشقق_بالدور":null,"متوسط_مساحة_الشقق_بالمنطقة":null,"نوع_طبيعة_المنطقة":"تحت الانشاء","مساحة_التغير_كم2":144723.93826202751,"نسبة_المساحه":null,"Civil":35.0,"كم":0.14472393826202751},"geometry":{"type":"Polygon","coordinates":[[[31.7397369771,29.9669309093],[31.7439207695,29.9678724215],[31.7425046294,29.97134486],[31.7398321526,29.9706030711],[31.7397369771,29.9669309093]]]}},
{"type":"Feature","properties":{"SHAPE_Length":1692.8921529883246,"SHAPE_Area":179111.7679430111,"سعر_الأرض_2023":3955503958.0,"سعر_الأرض_2014":537335303.82903326,"نمط_العمران":"كمبوند","اسم_المحور":"محور الدائرى الاقليمى","اسم_المحافظة":"محافظة القاهرة","متوسط_عدد_الادوار_بالعقار":null,"متوسط_عدد_الشقق_بالدور":null,"متوسط_مساحة_الشقق_بالمنطقة":null,"نوع_طبيعة_المنطقة":"تحت الانشاء","مساحة_التغير_كم2":179111.7679430111,"نسبة_المساحه":null,"Civil":32.0,"كم":0.17911176794301109},"geometry":{"type":"Polygon","coordinates":[[[31.7236249082,29.9714431483],[31.7200809975,29.9728754555],[31.7179562372,29.9694486254],[31.7222896107,29.9677775795],[31.7236249082,29.9714431483]]]}},
{"type":"Feature","properties":{"SHAPE_Length":4260.5098451377226,"SHAPE_Area":1111342.700365375,"سعر_الأرض_2023":20052405440.0,"سعر_الأرض_2014":3334028101.0961251,"نمط_العمران":"كمبوند","اسم_المحور":"محور الدائرى الاقليمى","اسم_المحافظة":"محافظة القاهرة","متوسط_عدد_الادوار_بالعقار":null,"متوسط_عدد_الشقق_بالدور":null,"متوسط_مساحة_الشقق_بالمنطقة":null,"نوع_طبيعة_المنطقة":"تحت الانشاء","مساحة_التغير_كم2":1111342.700365375,"نسبة_المساحه":null,"Civil":24.0,"كم":1.1113427003653751},"geometry":{"type":"Polygon","coordinates":[[[31.7158718454,29.965897476],[31.7157650171,29.9681715159],[31.714740646,29.9704755291],[31.7098425955,29.9739961638],[31.7033892862,29.9683546751],[31.7019912427,29.9660117746],[31.7013880487,29.9637756423],[31.701978322,29.9631486146],[31.7087285857,29.9616394019],[31.7105053019,29.964080575],[31.7124988444,29.9656130739],[31.7139977093,29.9660180708],[31.7158718454,29.965897476]]]}},
{"type":"Feature","properties":{"SHAPE_Length":1527.2572533793823,"SHAPE_Area":143193.85074893828,"سعر_الأرض_2023":4698008345.0,"سعر_الأرض_2014":429581552.24681485,"نمط_العمران":"كمبوند","اسم_المحور":"محور الدائرى الاقليمى","اسم_المحافظة":"محافظة القاهرة","متوسط_عدد_الادوار_بالعقار":null,"متوسط_عدد_الشقق_بالدور":null,"متوسط_مساحة_الشقق_بالمنطقة":null,"نوع_طبيعة_المنطقة":"تحت الانشاء","مساحة_التغير_كم2":143193.85074893828,"نسبة_المساحه":null,"Civil":31.0,"كم":0.14319385074893828},"geometry":{"type":"Polygon","coordinates":[[[31.7197441609,29.9730400379],[31.7170844884,29.9745406407],[31.7144762459,29.9714019727],[31.7175937762,29.9696213431],[31.7197441609,29.9730400379]]]}},
{"type":"Feature","properties":{"SHAPE_Length":2188.4039367946821,"SHAPE_Area":264658.87126543449,"سعر_الأرض_2023":9529336849.0,"سعر_الأرض_2014":793976613.79630351,"نمط_العمران":"كمبوند","اسم_المحور":"محور الدائرى الاقليمى","اسم_المحافظة":"محافظة القاهرة","متوسط_عدد_الادوار_بالعقار":null,"متوسط_عدد_الشقق_بالدور":null,"متوسط_مساحة_الشقق_بالمنطقة":null,"نوع_طبيعة_المنطقة":"قائمة","مساحة_التغير_كم2":264658.87126543449,"نسبة_المساحه":null,"Civil":36.0,"كم":0.26465887126543447},"geometry":{"type":"Polygon","coordinates":[[[31.7525728735,29.9719224263],[31.7523148008,29.9767204059],[31.7465327044,29.9729473045],[31.7480101893,29.9694019183],[31.7525728735,29.9719224263]]]}},
{"type":"Feature","properties":{"SHAPE_Length":5973.4818079237466,"SHAPE_Area":2020304.9724103033,"سعر_الأرض_2023":6258781188.0,"سعر_الأرض_2014":6060914917.2309103,"نمط_العمران":"كمبوند","اسم_المحور":"محور الدائرى الاقليمى","اسم_المحافظة":"محافظة القاهرة","متوسط_عدد_الادوار_بالعقار":null,"متوسط_عدد_الشقق_بالدور":null,"متوسط_مساحة_الشقق_بالمنطقة":null,"نوع_طبيعة_المنطقة":"تحت الانشاء","مساحة_التغير_كم2":2020304.9724103033,"نسبة_المساحه":null,"Civil":6.0,"كم":2.0203049724103033},"geometry":{"type":"Polygon","coordinates":[[[31.6381288107,29.9504123273],[31.6409895058,29.9525946034],[31.6448280894,29.9546931095],[31.6489591685,29.9559652714],[31.6527590374,29.9564595167],[31.6523871788,29.9647162813],[31.651931677,29.9653993103],[31.6511305678,29.9656044252],[31.6478692282,29.9651380234],[31.6419036856,29.9636171494],[31.6357452668,29.9605330678],[31.6304779708,29.9566780132],[31.6381288107,29.9504123273]]]}},
{"type":"Feature","properties":{"SHAPE_Length":5928.2509136419349,"SHAPE_Area":2069588.3695546177,"سعر_الأرض_2023":4933487535.0,"سعر_الأرض_2014":6208765108.6638527,"نمط_العمران":"كمبوند","اسم_المحور":"محور الدائرى الاقليمى","اسم_المحافظة":"محافظة القاهرة","متوسط_عدد_الادوار_بالعقار":null,"متوسط_عدد_الشقق_بالدور":null,"متوسط_مساحة_الشقق_بالمنطقة":null,"نوع_طبيعة_المنطقة":"قائمة","مساحة_التغير_كم2":2069588.3695546177,"نسبة_المساحه":null,"Civil":7.0,"كم":2.0695883695546176},"geometry":{"type":"Polygon","coordinates":[[[31.6748244516,29.9578484986],[31.6748581519,29.9589001756],[31.6725643049,29.9605399566],[31.669137955,29.962407368],[31.6644486869,29.964265423],[31.66090027,29.9651222345],[31.6553922871,29.965687749],[31.6534591144,29.9657175854],[31.6527038848,29.9651334231],[31.653051544,29.9567524973],[31.6533790114,29.9563920032],[31.6575522311,29.9561345391],[31.6616362004,29.9550801614],[31.6681885821,29.9519785875],[31.6690184649,29.952311089],[31.6748244516,29.9578484986]]]}},
{"type":"Feature","properties":{"SHAPE_Length":7848.9360816517783,"SHAPE_Area":1905092.2917881771,"سعر_الأرض_2023":15030593068.0,"سعر_الأرض_2014":5715276875.3645315,"نمط_العمران":"اسكان مخطط اقتصادى","اسم_المحور":"محور الدائرى الاقليمى","اسم_المحافظة":"محافظة القاهرة","متوسط_عدد_الادوار_بالعقار":null,"متوسط_عدد_الشقق_بالدور":null,"متوسط_مساحة_الشقق_بالمنطقة":null,"نوع_طبيعة_المنطقة":"قائمة","مساحة_التغير_كم2":1905092.2917881771,"نسبة_المساحه":null,"Civil":5.0,"كم":1.9050922917881772},"geometry":{"type":"Polygon","coordinates":[[[31.6381288107,29.9504123273],[31.6304779708,29.9566780132],[31.6276671274,29.9533675658],[31.6278515563,29.9528050196],[31.630496905,29.9513565908],[31.6275052915,29.9463465529],[31.6250164974,29.9439078442],[31.6252214535,29.9416734879],[31.623991667,29.939490476],[31.6255302734,29.9373519836],[31.6262298003,29.9327407387],[31.6294912898,29.9332590442],[31.6313502651,29.9285839956],[31.6346816959,29.9298355843],[31.632653983,29.9350407479],[31.6326280581,29.9413362499],[31.6349601531,29.9466208097],[31.6381288107,29.9504123273]]]}},
{"type":"Feature","properties":{"SHAPE_Length":2514.1185557729837,"SHAPE_Area":253407.48277555266,"سعر_الأرض_2023":7681328165.0,"سعر_الأرض_2014":760222448.32665801,"نمط_العمران":"كمبوند","اسم_المحور":"محور الدائرى الاقليمى","اسم_المحافظة":"محافظة القاهرة","متوسط_عدد_الادوار_بالعقار":null,"متوسط_عدد_الشقق_بالدور":null,"متوسط_مساحة_الشقق_بالمنطقة":null,"نوع_طبيعة_المنطقة":"تحت الانشاء","مساحة_التغير_كم2":253407.48277555266,"نسبة_المساحه":null,"Civil":40.0,"كم":0.25340748277555264},"geometry":{"type":"Polygon","coordinates":[[[31.7295331279,29.9708901753],[31.7355235963,29.9707636412],[31.7355659657,29.9774249077],[31.7336595898,29.9774799503],[31.7334443726,29.9766146497],[31.7341600824,29.9758435331],[31.7342821213,29.9750821117],[31.7332027008,29.975079338],[31.7308737682,29.9731356411],[31.7295331279,29.9708901753]]]}},
{"type":"Feature","properties":{"SHAPE_Length":4246.7652467452226,"SHAPE_Area":763129.14867931767,"سعر_الأرض_2023":11851855762.0,"سعر_الأرض_2014":2289387446.0379529,"نمط_العمران":"كمبوند","اسم_المحور":"محور الدائرى الاقليمى","اسم_المحافظة":"محافظة القاهرة","متوسط_عدد_الادوار_بالعقار":null,"متوسط_عدد_الشقق_بالدور":null,"متوسط_مساحة_الشقق_بالمنطقة":null,"نوع_طبيعة_المنطقة":"قائمة","مساحة_التغير_كم2":763129.14867931767,"نسبة_المساحه":null,"Civil":43.0,"كم":0.76312914867931769},"geometry":{"type":"Polygon","coordinates":[[[31.7402869733,29.9784563075],[31.7455134046,29.9800070253],[31.753096349,29.9842356667],[31.7529833822,29.9905315916],[31.7517191409,29.9901913318],[31.7498578505,29.9886323293],[31.7466328721,29.9867697406],[31.7417640334,29.9853023886],[31.742797728,29.9826951568],[31.7419718609,29.9804169092],[31.7403257592,29.9794938153],[31.7402869733,29.9784563075]]]}},
{"type":"Feature","properties":{"SHAPE_Length":3486.9731213757977,"SHAPE_Area":700118.0362292293,"سعر_الأرض_2023":28293890128.0,"سعر_الأرض_2014":2100354108.6876879,"نمط_العمران":"كمبوند","اسم_المحور":"محور الدائرى الاقليمى","اسم_المحافظة":"محافظة القاهرة","متوسط_عدد_الادوار_بالعقار":null,"متوسط_عدد_الشقق_بالدور":null,"متوسط_مساحة_الشقق_بالمنطقة":null,"نوع_طبيعة_المنطقة":"قائمة","مساحة_التغير_كم2":700118.0362292293,"نسبة_المساحه":null,"Civil":46.0,"كم":0.7001180362292293},"geometry":{"type":"Polygon","coordinates":[[[31.7823282056,30.0473877009],[31.77639567,30.0487772625],[31.7759408438,30.0470951323],[31.7748155223,30.0456711762],[31.771366958,30.0442451103],[31.7728867249,30.0421654801],[31.7742128915,30.039092474],[31.7796297294,30.0388937137],[31.7823282056,30.0473877009]]]}},
{"type":"Feature","properties":{"SHAPE_Length":1661.0470509174452,"SHAPE_Area":139522.39068788412,"سعر_الأرض_2023":5837380432.0,"سعر_الأرض_2014":418567172.0636524,"نمط_العمران":"كمبوند","اسم_المحور":"محور الدائرى الاقليمى","اسم_المحافظة":"محافظة القاهرة","متوسط_عدد_الادوار_بالعقار":null,"متوسط_عدد_الشقق_بالدور":null,"متوسط_مساحة_الشقق_بالمنطقة":null,"نوع_طبيعة_المنطقة":"قائمة","مساحة_التغير_كم2":139522.39068788412,"نسبة_المساحه":null,"Civil":47.0,"كم":0.13952239068788413},"geometry":{"type":"Polygon","coordinates":[[[31.7830327233,30.0494511937],[31.7769521426,30.0507515116],[31.77639567,30.0487772625],[31.7823282056,30.0473877009],[31.7830327233,30.0494511937]]]}},
{"type":"Feature","properties":{"SHAPE_Length":4126.4574787756383,"SHAPE_Area":852957.86612383521,"سعر_الأرض_2023":20855026807.0,"سعر_الأرض_2014":2558873598.3715057,"نمط_العمران":"كمبوند","اسم_المحور":"محور الدائرى الاقليمى","اسم_المحافظة":"محافظة القاهرة","متوسط_عدد_الادوار_بالعقار":null,"متوسط_عدد_الشقق_بالدور":null,"متوسط_مساحة_الشقق_بالمنطقة":null,"نوع_طبيعة_المنطقة":"قائمة","مساحة_التغير_كم2":852957.86612383521,"نسبة_المساحه":null,"Civil":50.0,"كم":0.85295786612383517},"geometry":{"type":"Polygon","coordinates":[[[31.7090669284,30.0362272427],[31.7087828013,30.0377147367],[31.7080020915,30.0390105776],[31.7067982705,30.0400395329],[31.7050550024,30.0407562849],[31.6948926072,30.040668974],[31.6932096715,30.0405244943],[31.6911458516,30.0396845266],[31.6950125815,30.0356911787],[31.696602165,30.0363124494],[31.6982002953,30.0362340224],[31.6993587362,30.0356761411],[31.7003888805,30.0343001094],[31.7090669284,30.0362272427]]]}},
{"type":"Feature","properties":{"SHAPE_Length":4838.8506151227157,"SHAPE_Area":712142.36712451058,"سعر_الأرض_2023":13099588305.0,"سعر_الأرض_2014":2136427101.3735318,"نمط_العمران":"كمبوند","اسم_المحور":"محور الدائرى الاقليمى","اسم_المحافظة":"محافظة القاهرة","متوسط_عدد_الادوار_بالعقار":null,"متوسط_عدد_الشقق_بالدور":null,"متوسط_مساحة_الشقق_بالمنطقة":null,"نوع_طبيعة_المنطقة":"قائمة","مساحة_التغير_كم2":712142.36712451058,"نسبة_المساحه":null,"Civil":52.0,"كم":0.71214236712451062},"geometry":{"type":"Polygon","coordinates":[[[31.6764992171,30.0322632407],[31.6777532273,30.0357050229],[31.6778202827,30.0371966579],[31.6771949087,30.0388998907],[31.6756209721,30.0404603652],[31.6730943304,30.041330874],[31.6615532782,30.0418668388],[31.6618194556,30.0384917988],[31.6705297418,30.038841766],[31.6726805546,30.0382487435],[31.6737179247,30.037285271],[31.6742191406,30.0358904543],[31.6733335,30.0323168938],[31.6764992171,30.0322632407]]]}},
{"type":"Feature","properties":{"SHAPE_Length":3861.7015180747953,"SHAPE_Area":636300.00359352573,"سعر_الأرض_2023":10740205860.0,"سعر_الأرض_2014":1908900010.7805772,"نمط_العمران":"كمبوند","اسم_المحور":"محور الدائرى الاقليمى","اسم_المحافظة":"محافظة القاهرة","متوسط_عدد_الادوار_بالعقار":null,"متوسط_عدد_الشقق_بالدور":null,"متوسط_مساحة_الشقق_بالمنطقة":null,"نوع_طبيعة_المنطقة":"تحت الانشاء","مساحة_التغير_كم2":636300.00359352573,"نسبة_المساحه":null,"Civil":54.0,"كم":0.63630000359352579},"geometry":{"type":"Polygon","coordinates":[[[31.6605482051,30.0001393618],[31.6565288064,30.0004707806],[31.65616835,29.9995961916],[31.6500892226,29.9952303341],[31.6481291818,29.9943701561],[31.6459585508,29.9940859564],[31.6467578073,29.992679667],[31.6540628482,29.9925986101],[31.6574103271,29.9920568887],[31.658274132,29.9934966526],[31.6582241828,29.9950566544],[31.6605482051,30.0001393618]]]}},
{"type":"Feature","properties":{"SHAPE_Length":4518.2796541024782,"SHAPE_Area":596778.00357797614,"سعر_الأرض_2023":3380871780.0,"سعر_الأرض_2014":1790334010.7339284,"نمط_العمران":"اسكان مخطط اقتصادى","اسم_المحور":"محور الدائرى الاقليمى","اسم_المحافظة":"محافظة القاهرة","متوسط_عدد_الادوار_بالعقار":null,"متوسط_عدد_الشقق_بالدور":null,"متوسط_مساحة_الشقق_بالمنطقة":null,"نوع_طبيعة_المنطقة":"تحت الانشاء","مساحة_التغير_كم2":596778.00357797614,"نسبة_المساحه":null,"Civil":64.0,"كم":0.59677800357797617},"geometry":{"type":"Polygon","coordinates":[[[31.7054290687,30.1739843707],[31.7012908071,30.1739740953],[31.6985752678,30.1735365325],[31.6930619749,30.1714307822],[31.6937440106,30.1705450674],[31.6962135678,30.1713182129],[31.6984950015,30.1726287987],[31.7008499287,30.1707326745],[31.7002365776,30.1697334411],[31.6986225587,30.1685850197],[31.6991488747,30.1679997024],[31.6977751759,30.1667943116],[31.6993326788,30.164748255],[31.7016904387,30.165837724],[31.7043314628,30.1655773451],[31.7054290687,30.1739843707]]]}},
{"type":"Feature","properties":{"SHAPE_Length":11730.356288763376,"SHAPE_Area":5971943.8763721241,"سعر_الأرض_2023":null,"سعر_الأرض_2014":null,"نمط_العمران":"حكومي","اسم_المحور":"محور الدائرى الاقليمى","اسم_المحافظة":"محافظة القاهرة","متوسط_عدد_الادوار_بالعقار":null,"متوسط_عدد_الشقق_بالدور":null,"متوسط_مساحة_الشقق_بالمنطقة":null,"نوع_طبيعة_المنطقة":"تحت الانشاء","مساحة_التغير_كم2":5971943.8763721241,"نسبة_المساحه":null,"Civil":null,"كم":13.070481193212601},"geometry":{"type":"Polygon","coordinates":[[[31.7742128946,30.0390924741],[31.7728867263,30.0421654803],[31.771366958,30.0442451103],[31.7745723768,30.0454733551],[31.7762399569,30.047852245],[31.7802804184,30.061695024],[31.779917089,30.0635895903],[31.7780904344,30.0663906095],[31.7513893585,30.0529220864],[31.7460955374,30.0506448958],[31.7425952647,30.0478756855],[31.739982668,30.0444442147],[31.7488625651,30.0411699103],[31.7524647018,30.0437399618],[31.7545590107,30.0442458607],[31.7567052016,30.0441481891],[31.7570858651,30.0440702234],[31.7574598454,30.043970745],[31.7578255382,30.0438501809],[31.7581813747,30.0437090482],[31.7585258284,30.0435479524],[31.7588574216,30.0433675846],[31.7591747318,30.0431687185],[31.7594763978,30.0429522073],[31.7597611258,30.0427189798],[31.7600276942,30.0424700365],[31.7602749597,30.0422064453],[31.7605018617,30.0419293371],[31.760707427,30.0416399005],[31.7608907739,30.0413393772],[31.7610511162,30.0410290564],[31.7611877662,30.0407102691],[31.761300138,30.040384383],[31.7613877498,30.040052796],[31.7614502259,30.0397169304],[31.7614872988,30.0393782269],[31.7614988095,30.0390381385],[31.7742128946,30.0390924741]]]}},
{"type":"Feature","properties":{"SHAPE_Length":4899.1426798416378,"SHAPE_Area":1137002.0867150424,"سعر_الأرض_2023":null,"سعر_الأرض_2014":null,"نمط_العمران":"صناعي","اسم_المحور":"محور الدائرى الاقليمى","اسم_المحافظة":"محافظة القاهرة","متوسط_عدد_الادوار_بالعقار":null,"متوسط_عدد_الشقق_بالدور":null,"متوسط_مساحة_الشقق_بالمنطقة":null,"نوع_طبيعة_المنطقة":null,"مساحة_التغير_كم2":null,"نسبة_المساحه":null,"Civil":150.0,"كم":null},"geometry":{"type":"Polygon","coordinates":[[[31.7521939496,30.1766859684],[31.7519384864,30.1703711683],[31.7709340759,30.176128816],[31.7668468786,30.181027914],[31.7621788658,30.1810743463],[31.7608318774,30.178892025],[31.7521939496,30.1766859684]]]}},
{"type":"Feature","properties":{"SHAPE_Length":2408.743849498805,"SHAPE_Area":343924.59778653499,"سعر_الأرض_2023":null,"سعر_الأرض_2014":null,"نمط_العمران":"صناعي","اسم_المحور":"محور الدائرى الاقليمى","اسم_المحافظة":"محافظة القاهرة","متوسط_عدد_الادوار_بالعقار":null,"متوسط_عدد_الشقق_بالدور":null,"متوسط_مساحة_الشقق_بالمنطقة":null,"نوع_طبيعة_المنطقة":"قائمة","مساحة_التغير_كم2":null,"نسبة_المساحه":null,"Civil":150.0,"كم":null},"geometry":{"type":"Polygon","coordinates":[[[31.7642921543,30.17411562],[31.7657086997,30.1703479544],[31.76988901,30.1715087631],[31.772844668,30.1718015915],[31.7734813973,30.1724133952],[31.7733720407,30.1730235042],[31.7709340759,30.176128816],[31.7642921543,30.17411562]]]}},
{"type":"Feature","properties":{"SHAPE_Length":1294.3927832766121,"SHAPE_Area":80703.228903887008,"سعر_الأرض_2023":null,"سعر_الأرض_2014":null,"نمط_العمران":"صناعي","اسم_المحور":"محور الدائرى الاقليمى","اسم_المحافظة":"محافظة القاهرة","متوسط_عدد_الادوار_بالعقار":null,"متوسط_عدد_الشقق_بالدور":null,"متوسط_مساحة_الشقق_بالمنطقة":null,"نوع_طبيعة_المنطقة":"قائمة","مساحة_التغير_كم2":null,"نسبة_المساحه":null,"Civil":150.0,"كم":null},"geometry":{"type":"Polygon","coordinates":[[[31.7529227841,30.170669513],[31.7532132216,30.1697559843],[31.7542387905,30.1687307583],[31.7564831529,30.1692805171],[31.7562750664,30.1705880526],[31.7571817286,30.1708703612],[31.7568246535,30.1718521869],[31.7529227841,30.170669513]]]}},
{"type":"Feature","properties":{"SHAPE_Length":5043.959831118269,"SHAPE_Area":1064664.50735468,"سعر_الأرض_2023":null,"سعر_الأرض_2014":null,"نمط_العمران":"صناعي","اسم_المحور":"محور الدائرى الاقليمى","اسم_المحافظة":"محافظة القاهرة","متوسط_عدد_الادوار_بالعقار":null,"متوسط_عدد_الشقق_بالدور":null,"متوسط_مساحة_الشقق_بالمنطقة":null,"نوع_طبيعة_المنطقة":null,"مساحة_التغير_كم2":null,"نسبة_المساحه":null,"Civil":248.0,"كم":null},"geometry":{"type":"Polygon","coordinates":[[[31.8106187075,30.2679926901],[31.8140256028,30.2642941413],[31.8302589521,30.2755587588],[31.8264782052,30.2792600457],[31.8106187075,30.2679926901]]]}}
]
}
