{
"type": "FeatureCollection",
"name": "Industrial_Changes",
"crs": { "type": "name", "properties": { "name": "urn:ogc:def:crs:OGC:1.3:CRS84" } },
"xy_coordinate_resolution": 1e-06,
"features": [
{"type":"Feature","properties":{"نمط_العمران":null,"اسم_المحور":"2","مساحة_التغير_كم2":0.012372538778205383,"نسبة_المساحه":null,"مساحة_التغير_بالمتر":null,"اسم_القطاع":"10","وصف_الاستخدام":"معمل تفريخ البرماوي (سرابيوم )","GlobalID":"{623E4584-6ECB-42D0-9637-18DFB6AA4665}","SHAPE_Length":491.13813972064622,"SHAPE_Area":12372.538778205382},"geometry":{"type":"Polygon","coordinates":[[[32.169082,30.491613],[32.168905,30.491799],[32.169088,30.491929],[32.168701,30.492335],[32.169794,30.493128],[32.17037,30.492525],[32.169082,30.491613]]]}},
{"type":"Feature","properties":{"نمط_العمران":null,"اسم_المحور":"2","مساحة_التغير_كم2":0.0095356037109802436,"نسبة_المساحه":null,"مساحة_التغير_بالمتر":null,"اسم_القطاع":"10","وصف_الاستخدام":"شركة جرين جولد  ","GlobalID":"{B15CAF33-7715-4718-93CE-086B48D9BA45}","SHAPE_Length":427.61322976512236,"SHAPE_Area":9535.6037109802437},"geometry":{"type":"Polygon","coordinates":[[[32.201615,30.478828],[32.200141,30.479306],[32.200389,30.479837],[32.201849,30.479363],[32.201615,30.478828]]]}},
{"type":"Feature","properties":{"نمط_العمران":null,"اسم_المحور":"2","مساحة_التغير_كم2":0.0044457845569941803,"نسبة_المساحه":null,"مساحة_التغير_بالمتر":null,"اسم_القطاع":"10","وصف_الاستخدام":"شركة موقع النجوم","GlobalID":"{20FDDA1B-9ACD-4F6D-9F7B-8529BF7AE37E}","SHAPE_Length":295.33162187248672,"SHAPE_Area":4445.7845569941801},"geometry":{"type":"Polygon","coordinates":[[[32.255499,30.484598],[32.255416,30.484972],[32.256496,30.485151],[32.256579,30.484778],[32.255499,30.484598]]]}},
{"type":"Feature","properties":{"نمط_العمران":null,"اسم_المحور":"2","مساحة_التغير_كم2":0.022577287723524787,"نسبة_المساحه":null,"مساحة_التغير_بالمتر":null,"اسم_القطاع":"10","وصف_الاستخدام":"مخزن و جراج شركة عبدالحميد سليمان للمقاولات","GlobalID":"{E3D4F3D5-E205-4D1E-93D7-0027FAC8A8ED}","SHAPE_Length":661.16714129185175,"SHAPE_Area":22577.287723524787},"geometry":{"type":"Polygon","coordinates":[[[32.199479,30.631192],[32.199462,30.629721],[32.197733,30.629736],[32.197732,30.630776],[32.19873,30.630758],[32.19873,30.631205],[32.199479,30.631192]]]}},
{"type":"Feature","properties":{"نمط_العمران":null,"اسم_المحور":"2","مساحة_التغير_كم2":0.024048244148365799,"نسبة_المساحه":null,"مساحة_التغير_بالمتر":null,"اسم_القطاع":"10","وصف_الاستخدام":"مصنع","GlobalID":"{F1CA15FC-D5F4-428B-972D-504B207BCF3B}","SHAPE_Length":1172.0900256535051,"SHAPE_Area":24048.2441483658},"geometry":{"type":"Polygon","coordinates":[[[32.200801,30.604354],[32.200884,30.60419],[32.200834,30.599468],[32.200365,30.5998],[32.200416,30.604556],[32.200801,30.604354]]]}},
{"type":"Feature","properties":{"نمط_العمران":null,"اسم_المحور":"2","مساحة_التغير_كم2":0.27475563007868159,"نسبة_المساحه":null,"مساحة_التغير_بالمتر":null,"اسم_القطاع":"10","وصف_الاستخدام":"مصنع","GlobalID":"{5D52372C-B531-4617-8A87-C87C8D7CAF83}","SHAPE_Length":2701.61904212946,"SHAPE_Area":274755.63007868157},"geometry":{"type":"Polygon","coordinates":[[[32.197561,30.598365],[32.195193,30.599528],[32.19473,30.598825],[32.194268,30.599051],[32.19409,30.598781],[32.192753,30.599433],[32.193213,30.600131],[32.193692,30.599898],[32.193873,30.600172],[32.192751,30.600719],[32.195252,30.604503],[32.194126,30.605054],[32.194857,30.60616],[32.197714,30.604803],[32.197809,30.599493],[32.198277,30.599089],[32.197561,30.598365]]]}},
{"type":"Feature","properties":{"نمط_العمران":null,"اسم_المحور":"2","مساحة_التغير_كم2":0.020552986574881586,"نسبة_المساحه":null,"مساحة_التغير_بالمتر":null,"اسم_القطاع":"10","وصف_الاستخدام":"شركه jHY - Manufacturer","GlobalID":"{6BFEC2B6-901F-4E07-88CE-8091B985B887}","SHAPE_Length":727.09778682110925,"SHAPE_Area":20552.986574881586},"geometry":{"type":"Polygon","coordinates":[[[32.195481,30.596259],[32.194912,30.595683],[32.193232,30.596529],[32.193669,30.597172],[32.194568,30.596719],[32.195025,30.597392],[32.195498,30.597154],[32.195041,30.596481],[32.195481,30.596259]]]}},
{"type":"Feature","properties":{"نمط_العمران":null,"اسم_المحور":"2","مساحة_التغير_كم2":0.09438100797931559,"نسبة_المساحه":null,"مساحة_التغير_بالمتر":null,"اسم_القطاع":"10","وصف_الاستخدام":"مصنع","GlobalID":"{14B76F3D-85E4-4312-92B9-786D3EFAFF60}","SHAPE_Length":1553.7902404657564,"SHAPE_Area":94381.007979315589},"geometry":{"type":"Polygon","coordinates":[[[32.198448,30.596456],[32.198883,30.596098],[32.19942,30.59658],[32.199833,30.59624],[32.198692,30.595214],[32.198062,30.5953],[32.197891,30.595052],[32.19728,30.595363],[32.196946,30.594879],[32.194624,30.595391],[32.197561,30.598365],[32.198689,30.597689],[32.198411,30.597411],[32.198984,30.596939],[32.198448,30.596456]]]}},
{"type":"Feature","properties":{"نمط_العمران":null,"اسم_المحور":"2","مساحة_التغير_كم2":0.0028342769405570721,"نسبة_المساحه":null,"مساحة_التغير_بالمتر":null,"اسم_القطاع":"10","وصف_الاستخدام":"شركه الصفا والمروه فراوله","GlobalID":"{CFFC898B-7722-4550-A8B9-9222F6A58A13}","SHAPE_Length":218.49626803612736,"SHAPE_Area":2834.2769405570721},"geometry":{"type":"Polygon","coordinates":[[[31.926321,30.405164],[31.926306,30.405253],[31.926166,30.405236],[31.926094,30.405668],[31.926618,30.405733],[31.926705,30.405212],[31.926321,30.405164]]]}},
{"type":"Feature","properties":{"نمط_العمران":null,"اسم_المحور":"2","مساحة_التغير_كم2":0.097126414778663336,"نسبة_المساحه":null,"مساحة_التغير_بالمتر":null,"اسم_القطاع":"10","وصف_الاستخدام":"مصنع","GlobalID":"{38D90F6B-E527-445C-B3CA-B1B99726F84A}","SHAPE_Length":1735.9121245642273,"SHAPE_Area":97126.41477866334},"geometry":{"type":"Polygon","coordinates":[[[31.885304,30.349668],[31.88831,30.345341],[31.88758,30.344923],[31.88837,30.343728],[31.887714,30.343404],[31.883964,30.349018],[31.885304,30.349668]]]}},
{"type":"Feature","properties":{"نمط_العمران":null,"اسم_المحور":"2","مساحة_التغير_كم2":0.050210160130262783,"نسبة_المساحه":null,"مساحة_التغير_بالمتر":null,"اسم_القطاع":"10","وصف_الاستخدام":"الشركة الوطنية للصناعات المحمية","GlobalID":"{99CD9156-E18A-46B4-8955-5877D7AC7998}","SHAPE_Length":956.52189845726014,"SHAPE_Area":50210.160130262782},"geometry":{"type":"Polygon","coordinates":[[[31.737564,30.419329],[31.734198,30.419269],[31.734181,30.420688],[31.737531,30.420718],[31.737564,30.419329]]]}},
{"type":"Feature","properties":{"نمط_العمران":null,"اسم_المحور":"2","مساحة_التغير_كم2":0.0095780509550141262,"نسبة_المساحه":null,"مساحة_التغير_بالمتر":null,"اسم_القطاع":"10","وصف_الاستخدام":"مخزن","GlobalID":"{0C8C9A92-45C8-45EC-B523-DF16F9AAAAB3}","SHAPE_Length":411.11889096075987,"SHAPE_Area":9578.0509550141269},"geometry":{"type":"Polygon","coordinates":[[[31.644213,30.338615],[31.643126,30.337859],[31.642658,30.338375],[31.643767,30.339114],[31.644213,30.338615]]]}},
{"type":"Feature","properties":{"نمط_العمران":null,"اسم_المحور":"2","مساحة_التغير_كم2":0.02416858525186855,"نسبة_المساحه":null,"مساحة_التغير_بالمتر":null,"اسم_القطاع":"10","وصف_الاستخدام":"مجمع الفرسان الصناعي وحده 61 بجوار ارما","GlobalID":"{9D7F4A29-DAB0-4B6A-8A08-8A1D45B6B698}","SHAPE_Length":715.97529673571398,"SHAPE_Area":24168.58525186855},"geometry":{"type":"Polygon","coordinates":[[[31.776052,30.286768],[31.776158,30.287436],[31.77573,30.2881],[31.777478,30.289269],[31.777365,30.28754],[31.776052,30.286768]]]}},
{"type":"Feature","properties":{"نمط_العمران":null,"اسم_المحور":"2","مساحة_التغير_كم2":0.038084558231322868,"نسبة_المساحه":null,"مساحة_التغير_بالمتر":null,"اسم_القطاع":"10","وصف_الاستخدام":"مصنع المحبة","GlobalID":"{35093CF3-00C2-4FE3-90F5-496402560224}","SHAPE_Length":829.32490403134614,"SHAPE_Area":38084.558231322866},"geometry":{"type":"Polygon","coordinates":[[[31.779179,30.285774],[31.778506,30.28654],[31.778945,30.286827],[31.778506,30.287328],[31.778506,30.287949],[31.779419,30.28851],[31.7808,30.286834],[31.779179,30.285774]]]}},
{"type":"Feature","properties":{"نمط_العمران":null,"اسم_المحور":"2","مساحة_التغير_كم2":0.026563321125583284,"نسبة_المساحه":null,"مساحة_التغير_بالمتر":null,"اسم_القطاع":"10","وصف_الاستخدام":"مصر بلاستيك لتصنيع العبوات","GlobalID":"{394B2686-A959-4E28-81A1-B7C6EB9FD706}","SHAPE_Length":752.5420566729947,"SHAPE_Area":26563.321125583283},"geometry":{"type":"Polygon","coordinates":[[[31.781954,30.28628],[31.781349,30.286949],[31.783666,30.28851],[31.78427,30.287841],[31.781954,30.28628]]]}},
{"type":"Feature","properties":{"نمط_العمران":null,"اسم_المحور":"2","مساحة_التغير_كم2":0.010064477980026515,"نسبة_المساحه":null,"مساحة_التغير_بالمتر":null,"اسم_القطاع":"10","وصف_الاستخدام":"غزالة للصناعات الحديديةGSF","GlobalID":"{22C488BE-0A88-48D2-B61A-2115893617D2}","SHAPE_Length":501.32456818157561,"SHAPE_Area":10064.477980026515},"geometry":{"type":"Polygon","coordinates":[[[31.786771,30.290628],[31.786239,30.290781],[31.787503,30.292217],[31.788001,30.292025],[31.786771,30.290628]]]}},
{"type":"Feature","properties":{"نمط_العمران":null,"اسم_المحور":"2","مساحة_التغير_كم2":0.11850066530923019,"نسبة_المساحه":null,"مساحة_التغير_بالمتر":null,"اسم_القطاع":"10","وصف_الاستخدام":"مصنع","GlobalID":"{C8CCC7BC-4D68-43D3-81CF-96E1FBB5A6E5}","SHAPE_Length":2022.4532395004508,"SHAPE_Area":118500.66530923019},"geometry":{"type":"Polygon","coordinates":[[[31.738363,30.231031],[31.737353,30.230359],[31.736462,30.231386],[31.735344,30.230661],[31.734749,30.231392],[31.732399,30.22987],[31.731741,30.23062],[31.733928,30.232054],[31.733065,30.232962],[31.734779,30.234178],[31.736697,30.232161],[31.737033,30.232399],[31.738363,30.231031]]]}},
{"type":"Feature","properties":{"نمط_العمران":null,"اسم_المحور":"2","مساحة_التغير_كم2":0.1198760832936674,"نسبة_المساحه":null,"مساحة_التغير_بالمتر":null,"اسم_القطاع":"10","وصف_الاستخدام":"مصنع","GlobalID":"{6758A98E-4AA2-4973-B50E-74577B9B05B6}","SHAPE_Length":1951.9842095815941,"SHAPE_Area":119876.0832936674},"geometry":{"type":"Polygon","coordinates":[[[31.731741,30.23062],[31.730335,30.229698],[31.729363,30.230804],[31.729136,30.230655],[31.728223,30.231695],[31.733827,30.23537],[31.734699,30.234406],[31.730712,30.231791],[31.731741,30.23062]]]}},
{"type":"Feature","properties":{"نمط_العمران":null,"اسم_المحور":"2","مساحة_التغير_كم2":0.0090388379731990744,"نسبة_المساحه":null,"مساحة_التغير_بالمتر":null,"اسم_القطاع":"10","وصف_الاستخدام":"ايس كريم جمعه","GlobalID":"{FA808404-5C36-4B0B-A1EC-7A3116360250}","SHAPE_Length":380.42124808156382,"SHAPE_Area":9038.8379731990735},"geometry":{"type":"Polygon","coordinates":[[[31.734075,30.22902],[31.733295,30.228515],[31.732716,30.22925],[31.733521,30.229724],[31.734075,30.22902]]]}},
{"type":"Feature","properties":{"نمط_العمران":null,"اسم_المحور":"2","مساحة_التغير_كم2":0.0057605773253035265,"نسبة_المساحه":null,"مساحة_التغير_بالمتر":null,"اسم_القطاع":"10","وصف_الاستخدام":"مخزن","GlobalID":"{7E41A924-DEAD-4AE2-B478-E73DDE085380}","SHAPE_Length":320.7736337631672,"SHAPE_Area":5760.5773253035268},"geometry":{"type":"Polygon","coordinates":[[[31.732716,30.225717],[31.732067,30.22649],[31.732524,30.226777],[31.733173,30.226004],[31.732716,30.225717]]]}},
{"type":"Feature","properties":{"نمط_العمران":null,"اسم_المحور":"2","مساحة_التغير_كم2":0.012462108801495678,"نسبة_المساحه":null,"مساحة_التغير_بالمتر":null,"اسم_القطاع":"10","وصف_الاستخدام":"مصنع سلسبيل بلاست","GlobalID":"{91486E89-2ED1-459A-A7B0-EF5C83ABBD62}","SHAPE_Length":495.06046872396303,"SHAPE_Area":12462.108801495679},"geometry":{"type":"Polygon","coordinates":[[[31.732465,30.228232],[31.730705,30.228746],[31.731712,30.229497],[31.73274,30.22843],[31.732465,30.228232]]]}},
{"type":"Feature","properties":{"نمط_العمران":null,"اسم_المحور":"2","مساحة_التغير_كم2":0.025447784552617814,"نسبة_المساحه":null,"مساحة_التغير_بالمتر":null,"اسم_القطاع":"10","وصف_الاستخدام":"سايبس للدهانات","GlobalID":"{ADAB91B5-B2DF-4EE6-9C98-A635090F9E37}","SHAPE_Length":658.48922353772014,"SHAPE_Area":25447.784552617813},"geometry":{"type":"Polygon","coordinates":[[[31.738215,30.23184],[31.739485,30.232678],[31.740424,30.231672],[31.740015,30.231388],[31.740213,30.231176],[31.739378,30.230594],[31.738215,30.23184]]]}},
{"type":"Feature","properties":{"نمط_العمران":null,"اسم_المحور":"2","مساحة_التغير_كم2":0.007796479302983334,"نسبة_المساحه":null,"مساحة_التغير_بالمتر":null,"اسم_القطاع":"10","وصف_الاستخدام":"الشكره البورسعيديه للانشاءات البحريه","GlobalID":"{715FE631-F749-40A2-AD5F-58BFB2A2B135}","SHAPE_Length":415.57921688758552,"SHAPE_Area":7796.4793029833336},"geometry":{"type":"Polygon","coordinates":[[[31.742394,30.23281],[31.742017,30.232545],[31.740967,30.233657],[31.741395,30.233939],[31.742394,30.23281]]]}},
{"type":"Feature","properties":{"نمط_العمران":null,"اسم_المحور":"2","مساحة_التغير_كم2":0.0029336875819493758,"نسبة_المساحه":null,"مساحة_التغير_بالمتر":null,"اسم_القطاع":"10","وصف_الاستخدام":"الشكره البورسعيديه للانشاءات البحريه","GlobalID":"{4A468E7C-8044-4810-950C-3DAD7A4898A6}","SHAPE_Length":263.74269299618106,"SHAPE_Area":2933.6875819493757},"geometry":{"type":"Polygon","coordinates":[[[31.742112,30.231369],[31.74148,30.231975],[31.741632,30.232093],[31.741891,30.231845],[31.742058,30.231975],[31.742431,30.231617],[31.742112,30.231369]]]}},
{"type":"Feature","properties":{"نمط_العمران":null,"اسم_المحور":"2","مساحة_التغير_كم2":0.54619694776861183,"نسبة_المساحه":null,"مساحة_التغير_بالمتر":null,"اسم_القطاع":"10","وصف_الاستخدام":"مصنع","GlobalID":"{97868C42-82DD-46D4-AE66-7823996CF45B}","SHAPE_Length":5618.2404633140322,"SHAPE_Area":546196.94776861183},"geometry":{"type":"Polygon","coordinates":[[[31.75872,30.250709],[31.737725,30.236207],[31.736674,30.237237],[31.737048,30.237481],[31.736521,30.237758],[31.738901,30.239337],[31.757162,30.252238],[31.75872,30.250709]]]}},
{"type":"Feature","properties":{"نمط_العمران":null,"اسم_المحور":"2","مساحة_التغير_كم2":0.014545822983853417,"نسبة_المساحه":null,"مساحة_التغير_بالمتر":null,"اسم_القطاع":"10","وصف_الاستخدام":"مصنع","GlobalID":"{567B576D-8D3C-4F66-BBB0-035962B37039}","SHAPE_Length":560.33017308427941,"SHAPE_Area":14545.822983853417},"geometry":{"type":"Polygon","coordinates":[[[31.737187,30.234938],[31.735895,30.234112],[31.735436,30.234648],[31.737279,30.235898],[31.737187,30.234938]]]}},
{"type":"Feature","properties":{"نمط_العمران":null,"اسم_المحور":"2","مساحة_التغير_كم2":0.020127698922360222,"نسبة_المساحه":null,"مساحة_التغير_بالمتر":null,"اسم_القطاع":"10","وصف_الاستخدام":"Mega Pack - Packing Materials","GlobalID":"{174B1B80-D7DF-4594-81E1-80A646F6CD58}","SHAPE_Length":704.45746041069583,"SHAPE_Area":20127.698922360221},"geometry":{"type":"Polygon","coordinates":[[[31.764237,30.251262],[31.763612,30.251917],[31.764708,30.252639],[31.764914,30.252405],[31.76597,30.253101],[31.766358,30.252661],[31.764237,30.251262]]]}},
{"type":"Feature","properties":{"نمط_العمران":null,"اسم_المحور":"2","مساحة_التغير_كم2":0.0030404924395406622,"نسبة_المساحه":null,"مساحة_التغير_بالمتر":null,"اسم_القطاع":"10","وصف_الاستخدام":"السمندل للمقاولات","GlobalID":"{D5B5343E-08D0-4D0D-8DC0-BBAF0C63CF65}","SHAPE_Length":242.94351195060483,"SHAPE_Area":3040.4924395406624},"geometry":{"type":"Polygon","coordinates":[[[31.761405,30.252263],[31.761197,30.252525],[31.761939,30.252962],[31.762146,30.252699],[31.761405,30.252263]]]}},
{"type":"Feature","properties":{"نمط_العمران":null,"اسم_المحور":"2","مساحة_التغير_كم2":0.0065045749458292864,"نسبة_المساحه":null,"مساحة_التغير_بالمتر":null,"اسم_القطاع":"10","وصف_الاستخدام":"مصنع لوفيان التركي","GlobalID":"{32AFE8BB-1DC0-4485-A28B-1A8B3D9CA84A}","SHAPE_Length":329.72877553608083,"SHAPE_Area":6504.5749458292867},"geometry":{"type":"Polygon","coordinates":[[[31.75922,30.251341],[31.758589,30.252053],[31.75913,30.25241],[31.75976,30.251699],[31.75922,30.251341]]]}},
{"type":"Feature","properties":{"نمط_العمران":null,"اسم_المحور":"2","مساحة_التغير_كم2":0.0039404811709405647,"نسبة_المساحه":null,"مساحة_التغير_بالمتر":null,"اسم_القطاع":"10","وصف_الاستخدام":"الشركة الشرقية للغازات - اتيكو جاس","GlobalID":"{8CBADE72-20A2-4FE9-8B4A-B294AD6C43EC}","SHAPE_Length":251.12287623374866,"SHAPE_Area":3940.4811709405649},"geometry":{"type":"Polygon","coordinates":[[[31.75802,30.253774],[31.757967,30.254347],[31.758608,30.254391],[31.75866,30.253818],[31.75802,30.253774]]]}},
{"type":"Feature","properties":{"نمط_العمران":null,"اسم_المحور":"2","مساحة_التغير_كم2":0.00077620526576071419,"نسبة_المساحه":null,"مساحة_التغير_بالمتر":null,"اسم_القطاع":"10","وصف_الاستخدام":"مصنع","GlobalID":"{635EF1B9-2349-4B78-A3B8-4CA8D17A0FEB}","SHAPE_Length":111.92445205251053,"SHAPE_Area":776.20526576071416},"geometry":{"type":"Polygon","coordinates":[[[31.757709,30.258161],[31.757635,30.258381],[31.757941,30.258457],[31.758015,30.258237],[31.757709,30.258161]]]}},
{"type":"Feature","properties":{"نمط_العمران":null,"اسم_المحور":"2","مساحة_التغير_كم2":0.0016341494064214942,"نسبة_المساحه":null,"مساحة_التغير_بالمتر":null,"اسم_القطاع":"10","وصف_الاستخدام":"مصنع","GlobalID":"{07E1D11A-83B5-40E8-92B7-B29CDC4C5F7E}","SHAPE_Length":205.33435690532798,"SHAPE_Area":1634.1494064214942},"geometry":{"type":"Polygon","coordinates":[[[31.762773,30.247344],[31.762208,30.247909],[31.762363,30.248025],[31.762928,30.24746],[31.762773,30.247344]]]}},
{"type":"Feature","properties":{"نمط_العمران":null,"اسم_المحور":"2","مساحة_التغير_كم2":0.000814429202358117,"نسبة_المساحه":null,"مساحة_التغير_بالمتر":null,"اسم_القطاع":"10","وصف_الاستخدام":"مصنع","GlobalID":"{76F27B73-A1F8-45DF-8A08-05DEE3F3AA34}","SHAPE_Length":117.98153305379429,"SHAPE_Area":814.42920235811698},"geometry":{"type":"Polygon","coordinates":[[[31.763173,30.246875],[31.762909,30.247118],[31.763077,30.247253],[31.76334,30.247011],[31.763173,30.246875]]]}},
{"type":"Feature","properties":{"نمط_العمران":null,"اسم_المحور":"2","مساحة_التغير_كم2":0.043417863058033718,"نسبة_المساحه":null,"مساحة_التغير_بالمتر":null,"اسم_القطاع":"10","وصف_الاستخدام":"سوبالك","GlobalID":"{70606B7E-E9AC-4093-A6B5-531CB7C43FE7}","SHAPE_Length":998.85857282818824,"SHAPE_Area":43417.863058033719},"geometry":{"type":"Polygon","coordinates":[[[31.747294,30.221723],[31.744823,30.224481],[31.745746,30.225099],[31.748217,30.22234],[31.747294,30.221723]]]}},
{"type":"Feature","properties":{"نمط_العمران":null,"اسم_المحور":"2","مساحة_التغير_كم2":0.1927600511925836,"نسبة_المساحه":null,"مساحة_التغير_بالمتر":null,"اسم_القطاع":"10","وصف_الاستخدام":"مصنع","GlobalID":"{3F96FF31-30B8-4CB7-85B0-8417BE235EB5}","SHAPE_Length":2198.2531115068537,"SHAPE_Area":192760.0511925836},"geometry":{"type":"Polygon","coordinates":[[[31.744444,30.217471],[31.740659,30.221696],[31.742542,30.222955],[31.745013,30.220197],[31.747294,30.221723],[31.748608,30.220257],[31.744444,30.217471]]]}},
{"type":"Feature","properties":{"نمط_العمران":null,"اسم_المحور":"2","مساحة_التغير_كم2":0.0055651074234645357,"نسبة_المساحه":null,"مساحة_التغير_بالمتر":null,"اسم_القطاع":"10","وصف_الاستخدام":"اكوا تكنولوجي","GlobalID":"{FFDAE37F-E5AF-4681-BDDE-FDB330F5353A}","SHAPE_Length":311.40426600256052,"SHAPE_Area":5565.1074234645357},"geometry":{"type":"Polygon","coordinates":[[[31.750076,30.225652],[31.749407,30.226344],[31.749851,30.226664],[31.75052,30.225972],[31.750076,30.225652]]]}},
{"type":"Feature","properties":{"نمط_العمران":null,"اسم_المحور":"2","مساحة_التغير_كم2":0.027564355655966415,"نسبة_المساحه":null,"مساحة_التغير_بالمتر":null,"اسم_القطاع":"10","وصف_الاستخدام":"اكوا تكنولوجي","GlobalID":"{4FF699A8-07E8-4DC7-94ED-85BAC7A7F722}","SHAPE_Length":715.22372397395509,"SHAPE_Area":27564.355655966414},"geometry":{"type":"Polygon","coordinates":[[[31.747429,30.224918],[31.746716,30.225722],[31.748656,30.227121],[31.749407,30.226344],[31.747429,30.224918]]]}},
{"type":"Feature","properties":{"نمط_العمران":null,"اسم_المحور":"2","مساحة_التغير_كم2":0.072901959955018886,"نسبة_المساحه":null,"مساحة_التغير_بالمتر":null,"اسم_القطاع":"10","وصف_الاستخدام":"مصنع","GlobalID":"{D142C703-EB6A-4DD4-AF06-C847BD48310E}","SHAPE_Length":1097.8345243755846,"SHAPE_Area":72901.959955018887},"geometry":{"type":"Polygon","coordinates":[[[31.774588,30.258034],[31.773202,30.25961],[31.775814,30.26145],[31.777271,30.259793],[31.774588,30.258034]]]}},
{"type":"Feature","properties":{"نمط_العمران":null,"اسم_المحور":"2","مساحة_التغير_كم2":0.010768594839064474,"نسبة_المساحه":null,"مساحة_التغير_بالمتر":null,"اسم_القطاع":"10","وصف_الاستخدام":"Vigor plastic","GlobalID":"{D5B13DC2-12B5-45DD-A81C-F4607B292236}","SHAPE_Length":488.99351618563912,"SHAPE_Area":10768.594839064473},"geometry":{"type":"Polygon","coordinates":[[[31.749423,30.221638],[31.748206,30.222952],[31.748675,30.223275],[31.749891,30.221961],[31.749423,30.221638]]]}},
{"type":"Feature","properties":{"نمط_العمران":null,"اسم_المحور":"2","مساحة_التغير_كم2":0.21415239033982544,"نسبة_المساحه":null,"مساحة_التغير_بالمتر":null,"اسم_القطاع":"10","وصف_الاستخدام":"مصنع","GlobalID":"{4FAB1212-5847-4C38-8B8A-FFD7EA3E7C58}","SHAPE_Length":2439.2247849953424,"SHAPE_Area":214152.39033982545},"geometry":{"type":"Polygon","coordinates":[[[31.751844,30.225412],[31.757442,30.229211],[31.758972,30.227559],[31.751743,30.222552],[31.7506,30.223785],[31.751275,30.224242],[31.751135,30.224397],[31.751396,30.224574],[31.750513,30.225546],[31.751261,30.226054],[31.751844,30.225412]]]}},
{"type":"Feature","properties":{"نمط_العمران":null,"اسم_المحور":"2","مساحة_التغير_كم2":0.026007255400625557,"نسبة_المساحه":null,"مساحة_التغير_بالمتر":null,"اسم_القطاع":"10","وصف_الاستخدام":"GPS","GlobalID":"{EA7A338F-1DF4-4C80-8C04-ABB8F37E0879}","SHAPE_Length":645.07469203821893,"SHAPE_Area":26007.255400625556},"geometry":{"type":"Polygon","coordinates":[[[31.762652,30.230141],[31.761643,30.231304],[31.762984,30.232174],[31.763994,30.23101],[31.762652,30.230141]]]}},
{"type":"Feature","properties":{"نمط_العمران":null,"اسم_المحور":"2","مساحة_التغير_كم2":0.024111929912464945,"نسبة_المساحه":null,"مساحة_التغير_بالمتر":null,"اسم_القطاع":"10","وصف_الاستخدام":"مخازن هير العاشر","GlobalID":"{1BF1AA0F-CEE5-4C9B-B4D9-DCB55D0E7CCD}","SHAPE_Length":621.73186347938008,"SHAPE_Area":24111.929912464944},"geometry":{"type":"Polygon","coordinates":[[[31.769049,30.234738],[31.768074,30.235777],[31.769386,30.236697],[31.770361,30.235658],[31.769049,30.234738]]]}},
{"type":"Feature","properties":{"نمط_العمران":null,"اسم_المحور":"2","مساحة_التغير_كم2":0.017836855494190392,"نسبة_المساحه":null,"مساحة_التغير_بالمتر":null,"اسم_القطاع":"10","وصف_الاستخدام":"مصنع","GlobalID":"{D34F5568-C259-43D7-BEA5-4DCB67A74AB8}","SHAPE_Length":696.19155330369199,"SHAPE_Area":17836.855494190393},"geometry":{"type":"Polygon","coordinates":[[[31.774738,30.239405],[31.774277,30.239814],[31.776641,30.241418],[31.777042,30.24098],[31.774738,30.239405]]]}},
{"type":"Feature","properties":{"نمط_العمران":null,"اسم_المحور":"2","مساحة_التغير_كم2":0.023949485012720546,"نسبة_المساحه":null,"مساحة_التغير_بالمتر":null,"اسم_القطاع":"10","وصف_الاستخدام":"مصبغه خلفاء وجدي مؤمن للصناعات النسيجيه والتصدير","GlobalID":"{59250AF9-A563-4314-9F85-EA3717E4380C}","SHAPE_Length":662.3222271632726,"SHAPE_Area":23949.485012720546},"geometry":{"type":"Polygon","coordinates":[[[31.782371,30.244103],[31.78172,30.244862],[31.783596,30.246081],[31.784257,30.245311],[31.782371,30.244103]]]}},
{"type":"Feature","properties":{"نمط_العمران":null,"اسم_المحور":"2","مساحة_التغير_كم2":0.011492034419679607,"نسبة_المساحه":null,"مساحة_التغير_بالمتر":null,"اسم_القطاع":"10","وصف_الاستخدام":"مصنع","GlobalID":"{C123D003-287F-4732-93EB-89D4841686AD}","SHAPE_Length":543.6532261730564,"SHAPE_Area":11492.034419679607},"geometry":{"type":"Polygon","coordinates":[[[31.775643,30.250747],[31.774188,30.252273],[31.774643,30.252579],[31.776049,30.25102],[31.775643,30.250747]]]}},
{"type":"Feature","properties":{"نمط_العمران":null,"اسم_المحور":"2","مساحة_التغير_كم2":0.14307343613751811,"نسبة_المساحه":null,"مساحة_التغير_بالمتر":null,"اسم_القطاع":"10","وصف_الاستخدام":"مصنع","GlobalID":"{2BCAF4D3-B749-42AE-B13C-B78F5D1F0D67}","SHAPE_Length":1752.7837612890348,"SHAPE_Area":143073.43613751812},"geometry":{"type":"Polygon","coordinates":[[[31.751186,30.209499],[31.749672,30.211241],[31.75341,30.213796],[31.754427,30.212626],[31.755025,30.213014],[31.7555,30.212468],[31.754726,30.211966],[31.755441,30.211144],[31.753375,30.209804],[31.752755,30.210518],[31.751186,30.209499]]]}},
{"type":"Feature","properties":{"نمط_العمران":null,"اسم_المحور":"2","مساحة_التغير_كم2":0.012504832868411577,"نسبة_المساحه":null,"مساحة_التغير_بالمتر":null,"اسم_القطاع":"10","وصف_الاستخدام":"مصنع","GlobalID":"{43C22083-76B6-4473-85AD-D4F9938EA595}","SHAPE_Length":544.92885605366644,"SHAPE_Area":12504.832868411577},"geometry":{"type":"Polygon","coordinates":[[[31.75276,30.218533],[31.752276,30.219095],[31.751632,30.218679],[31.75125,30.219105],[31.752355,30.219844],[31.753227,30.218834],[31.75276,30.218533]]]}},
{"type":"Feature","properties":{"نمط_العمران":null,"اسم_المحور":"2","مساحة_التغير_كم2":0.16076967586839203,"نسبة_المساحه":null,"مساحة_التغير_بالمتر":null,"اسم_القطاع":"10","وصف_الاستخدام":"مصنع","GlobalID":"{2509D5D0-CE76-4FAA-94CA-FFE4908BCAE5}","SHAPE_Length":2234.5907927528392,"SHAPE_Area":160769.67586839202},"geometry":{"type":"Polygon","coordinates":[[[31.76072,30.21802],[31.758228,30.216282],[31.75654,30.21803],[31.754617,30.216644],[31.755378,30.215855],[31.754688,30.215346],[31.753235,30.217064],[31.758343,30.220607],[31.76072,30.21802]]]}},
{"type":"Feature","properties":{"نمط_العمران":null,"اسم_المحور":"2","مساحة_التغير_كم2":0.32731695242344738,"نسبة_المساحه":null,"مساحة_التغير_بالمتر":null,"اسم_القطاع":"10","وصف_الاستخدام":"مصنع","GlobalID":"{012377F9-4C44-451F-8399-F661DF63FC64}","SHAPE_Length":2415.1340840689763,"SHAPE_Area":327316.95242344739},"geometry":{"type":"Polygon","coordinates":[[[31.845727,30.243396],[31.8396,30.248476],[31.842817,30.25088],[31.848713,30.246108],[31.845727,30.243396]]]}},
{"type":"Feature","properties":{"نمط_العمران":null,"اسم_المحور":"2","مساحة_التغير_كم2":0.41348767369086442,"نسبة_المساحه":null,"مساحة_التغير_بالمتر":null,"اسم_القطاع":"10","وصف_الاستخدام":"مصنع","GlobalID":"{C7B7613E-BFDA-42B9-AEF1-58FE79FB7ED4}","SHAPE_Length":5512.7684019380531,"SHAPE_Area":413487.67369086441},"geometry":{"type":"Polygon","coordinates":[[[31.761584,30.214292],[31.763169,30.215398],[31.76822,30.2099],[31.767252,30.209246],[31.766015,30.210617],[31.76579,30.210465],[31.764342,30.212069],[31.761582,30.210208],[31.762512,30.209178],[31.763533,30.209867],[31.764052,30.209293],[31.763011,30.208591],[31.762842,30.208778],[31.762135,30.208301],[31.760688,30.209903],[31.759756,30.209274],[31.758271,30.210847],[31.758634,30.211085],[31.75784,30.211847],[31.758542,30.212314],[31.758036,30.212883],[31.758938,30.21351],[31.758021,30.214621],[31.757065,30.214032],[31.757447,30.213569],[31.756691,30.213103],[31.755946,30.214006],[31.756573,30.214392],[31.756121,30.214939],[31.756599,30.215234],[31.756261,30.215643],[31.75672,30.215926],[31.757058,30.215517],[31.757684,30.215902],[31.758488,30.215041],[31.759939,30.216053],[31.761584,30.214292]],[[31.759919,30.211648],[31.760965,30.212384],[31.760136,30.213263],[31.75909,30.212527],[31.759919,30.211648]]]}},
{"type":"Feature","properties":{"نمط_العمران":null,"اسم_المحور":"2","مساحة_التغير_كم2":0.0096343921355197936,"نسبة_المساحه":null,"مساحة_التغير_بالمتر":null,"اسم_القطاع":"10","وصف_الاستخدام":"شركة برستيج","GlobalID":"{23A37334-0176-4613-8031-10678CF2E7E6}","SHAPE_Length":444.95335377484099,"SHAPE_Area":9634.3921355197945},"geometry":{"type":"Polygon","coordinates":[[[31.764952,30.207687],[31.763645,30.206744],[31.763252,30.207144],[31.764551,30.208096],[31.764952,30.207687]]]}},
{"type":"Feature","properties":{"نمط_العمران":null,"اسم_المحور":"2","مساحة_التغير_كم2":0.087603447555692479,"نسبة_المساحه":null,"مساحة_التغير_بالمتر":null,"اسم_القطاع":"10","وصف_الاستخدام":"مصنع","GlobalID":"{AC938D62-C73D-4ADA-AF1B-894180F0A8EC}","SHAPE_Length":1375.576696626832,"SHAPE_Area":87603.447555692474},"geometry":{"type":"Polygon","coordinates":[[[31.754702,30.200444],[31.752116,30.204601],[31.753209,30.205261],[31.756454,30.201604],[31.754702,30.200444]]]}},
{"type":"Feature","properties":{"نمط_العمران":null,"اسم_المحور":"2","مساحة_التغير_كم2":0.0026892455311361874,"نسبة_المساحه":null,"مساحة_التغير_بالمتر":null,"اسم_القطاع":"10","وصف_الاستخدام":"مخازن صادق السويدي","GlobalID":"{D61E6148-93D0-4726-8B93-2D2EF11A8FB9}","SHAPE_Length":211.6823132678233,"SHAPE_Area":2689.2455311361873},"geometry":{"type":"Polygon","coordinates":[[[31.753712,30.206316],[31.753197,30.205958],[31.752926,30.206273],[31.753455,30.206614],[31.753712,30.206316]]]}},
{"type":"Feature","properties":{"نمط_العمران":null,"اسم_المحور":"2","مساحة_التغير_كم2":0.13343372464537312,"نسبة_المساحه":null,"مساحة_التغير_بالمتر":null,"اسم_القطاع":"10","وصف_الاستخدام":"مصنع","GlobalID":"{FBF83BEC-C1B4-4330-A752-95471B165BFD}","SHAPE_Length":1901.03345484953,"SHAPE_Area":133433.72464537312},"geometry":{"type":"Polygon","coordinates":[[[31.759429,30.223617],[31.758496,30.224755],[31.759255,30.22522],[31.758978,30.225559],[31.762693,30.228062],[31.765129,30.225322],[31.763766,30.22443],[31.762523,30.225847],[31.761316,30.225057],[31.761478,30.224871],[31.759429,30.223617]]]}},
{"type":"Feature","properties":{"نمط_العمران":null,"اسم_المحور":"2","مساحة_التغير_كم2":0.16980764572398077,"نسبة_المساحه":null,"مساحة_التغير_بالمتر":null,"اسم_القطاع":"10","وصف_الاستخدام":"مصنع","GlobalID":"{812FC74D-707D-4FFB-881E-1539A4D12DD3}","SHAPE_Length":2024.1933041291165,"SHAPE_Area":169807.64572398076},"geometry":{"type":"Polygon","coordinates":[[[31.776883,30.227888],[31.774086,30.226153],[31.772317,30.228014],[31.772106,30.227864],[31.772908,30.22702],[31.772473,30.226712],[31.771672,30.227556],[31.771313,30.227301],[31.770276,30.228393],[31.773924,30.230999],[31.776883,30.227888]]]}},
{"type":"Feature","properties":{"نمط_العمران":null,"اسم_المحور":"2","مساحة_التغير_كم2":0.011475877324385333,"نسبة_المساحه":null,"مساحة_التغير_بالمتر":null,"اسم_القطاع":"10","وصف_الاستخدام":"مصنع القاهره للمستلزمات المروريه","GlobalID":"{CBA46701-CBCE-4AF9-AF4B-63183088E7B1}","SHAPE_Length":435.29765339638908,"SHAPE_Area":11475.877324385334},"geometry":{"type":"Polygon","coordinates":[[[31.767956,30.224307],[31.76708,30.225175],[31.767783,30.225705],[31.76866,30.224837],[31.767956,30.224307]]]}},
{"type":"Feature","properties":{"نمط_العمران":null,"اسم_المحور":"2","مساحة_التغير_كم2":0.0045517793594851792,"نسبة_المساحه":null,"مساحة_التغير_بالمتر":null,"اسم_القطاع":"10","وصف_الاستخدام":"مصنع","GlobalID":"{D563FE11-6ACB-4AB1-90F3-B14EF208EB64}","SHAPE_Length":269.89844743592556,"SHAPE_Area":4551.7793594851792},"geometry":{"type":"Polygon","coordinates":[[[31.764417,30.223749],[31.763962,30.224224],[31.764496,30.224605],[31.76495,30.22413],[31.764417,30.223749]]]}},
{"type":"Feature","properties":{"نمط_العمران":null,"اسم_المحور":"2","مساحة_التغير_كم2":0.0016363820749049627,"نسبة_المساحه":null,"مساحة_التغير_بالمتر":null,"اسم_القطاع":"10","وصف_الاستخدام":"مخزن ABB","GlobalID":"{46DCD5DF-E221-4716-A4C1-FBADE3611355}","SHAPE_Length":161.93736687345313,"SHAPE_Area":1636.3820749049628},"geometry":{"type":"Polygon","coordinates":[[[31.766317,30.226198],[31.766052,30.226462],[31.766383,30.22671],[31.766649,30.226446],[31.766317,30.226198]]]}},
{"type":"Feature","properties":{"نمط_العمران":null,"اسم_المحور":"2","مساحة_التغير_كم2":0.0031076063275816976,"نسبة_المساحه":null,"مساحة_التغير_بالمتر":null,"اسم_القطاع":"10","وصف_الاستخدام":"O Marketing","GlobalID":"{7047F733-A1DF-4172-9CD8-14C38547339F}","SHAPE_Length":247.71920172414684,"SHAPE_Area":3107.6063275816978},"geometry":{"type":"Polygon","coordinates":[[[31.78356,30.267798],[31.782944,30.268396],[31.783217,30.268605],[31.783832,30.268006],[31.78356,30.267798]]]}},
{"type":"Feature","properties":{"نمط_العمران":null,"اسم_المحور":"2","مساحة_التغير_كم2":0.027050492890549036,"نسبة_المساحه":null,"مساحة_التغير_بالمتر":null,"اسم_القطاع":"10","وصف_الاستخدام":"مصنع","GlobalID":"{1BDA58F7-FC2E-49E8-8722-579E8D56EA61}","SHAPE_Length":684.02033240764695,"SHAPE_Area":27050.492890549038},"geometry":{"type":"Polygon","coordinates":[[[31.785965,30.265878],[31.78456,30.267419],[31.785576,30.26811],[31.786981,30.266569],[31.785965,30.265878]]]}},
{"type":"Feature","properties":{"نمط_العمران":null,"اسم_المحور":"2","مساحة_التغير_كم2":0.01075023435082537,"نسبة_المساحه":null,"مساحة_التغير_بالمتر":null,"اسم_القطاع":"10","وصف_الاستخدام":"شركة هوايي لتصنيع الادوات الصحية","GlobalID":"{28CA0491-E548-496C-8D44-C5759FFBE9A5}","SHAPE_Length":426.76840656847139,"SHAPE_Area":10750.234350825369},"geometry":{"type":"Polygon","coordinates":[[[31.787251,30.264552],[31.786757,30.26515],[31.787875,30.265839],[31.788369,30.265241],[31.787251,30.264552]]]}},
{"type":"Feature","properties":{"نمط_العمران":null,"اسم_المحور":"2","مساحة_التغير_كم2":0.053695757557504185,"نسبة_المساحه":null,"مساحة_التغير_بالمتر":null,"اسم_القطاع":"10","وصف_الاستخدام":"ارض فضاء","GlobalID":"{76D3623F-6911-40A3-A979-E0343E1C5309}","SHAPE_Length":1040.4416835959526,"SHAPE_Area":53695.757557504185},"geometry":{"type":"Polygon","coordinates":[[[31.80537,30.234866],[31.804614,30.235657],[31.805201,30.236076],[31.804304,30.237014],[31.805893,30.238149],[31.80679,30.237212],[31.806639,30.237104],[31.807091,30.236632],[31.806775,30.236406],[31.807079,30.236088],[31.80537,30.234866]]]}},
{"type":"Feature","properties":{"نمط_العمران":null,"اسم_المحور":"2","مساحة_التغير_كم2":0.14021598793506032,"نسبة_المساحه":null,"مساحة_التغير_بالمتر":null,"اسم_القطاع":"10","وصف_الاستخدام":"مصنع","GlobalID":"{15C17BF0-8B81-4DC9-83D2-77E4BA295285}","SHAPE_Length":2027.661359921439,"SHAPE_Area":140215.98793506032},"geometry":{"type":"Polygon","coordinates":[[[31.78767,30.243256],[31.781925,30.239151],[31.780704,30.240436],[31.787355,30.245189],[31.787827,30.244695],[31.786916,30.244044],[31.78767,30.243256]]]}},
{"type":"Feature","properties":{"نمط_العمران":null,"اسم_المحور":"2","مساحة_التغير_كم2":0.010513679194414356,"نسبة_المساحه":null,"مساحة_التغير_بالمتر":null,"اسم_القطاع":"10","وصف_الاستخدام":"كلاركات كريم سعيد","GlobalID":"{48EDF674-57E2-4E09-AED4-4ED198BBAD42}","SHAPE_Length":410.14856679713029,"SHAPE_Area":10513.679194414355},"geometry":{"type":"Polygon","coordinates":[[[31.799744,30.239027],[31.799085,30.23975],[31.799926,30.240322],[31.800585,30.239598],[31.799744,30.239027]]]}},
{"type":"Feature","properties":{"نمط_العمران":null,"اسم_المحور":"2","مساحة_التغير_كم2":0.001971265515381136,"نسبة_المساحه":null,"مساحة_التغير_بالمتر":null,"اسم_القطاع":"10","وصف_الاستخدام":"الشرق للاكواب الورقيه","GlobalID":"{A560439C-F879-4FEC-BF55-F11B835D0DFB}","SHAPE_Length":178.21947142458481,"SHAPE_Area":1971.2655153811361},"geometry":{"type":"Polygon","coordinates":[[[31.801398,30.238991],[31.801135,30.23928],[31.801529,30.239549],[31.801793,30.239261],[31.801398,30.238991]]]}},
{"type":"Feature","properties":{"نمط_العمران":null,"اسم_المحور":"2","مساحة_التغير_كم2":0.0014506880306190508,"نسبة_المساحه":null,"مساحة_التغير_بالمتر":null,"اسم_القطاع":"10","وصف_الاستخدام":"شركة ريو بلاست لتصنيع إضافات الأسمنت","GlobalID":"{92675C37-240E-4B38-B009-6D6F0B473DF6}","SHAPE_Length":153.13945220305544,"SHAPE_Area":1450.6880306190508},"geometry":{"type":"Polygon","coordinates":[[[31.801899,30.238475],[31.801688,30.238726],[31.802043,30.238949],[31.802254,30.238698],[31.801899,30.238475]]]}},
{"type":"Feature","properties":{"نمط_العمران":null,"اسم_المحور":"2","مساحة_التغير_كم2":0.0032532886056659315,"نسبة_المساحه":null,"مساحة_التغير_بالمتر":null,"اسم_القطاع":"10","وصف_الاستخدام":"مصنع رويال هوم لتصنيع المراتب والمفروشات والأثاث","GlobalID":"{3DDD3AA5-508F-4E70-B218-DED07CD558BE}","SHAPE_Length":228.25726283275367,"SHAPE_Area":3253.2886056659313},"geometry":{"type":"Polygon","coordinates":[[[31.802787,30.236728],[31.802436,30.237123],[31.802921,30.237445],[31.803273,30.23705],[31.802787,30.236728]]]}},
{"type":"Feature","properties":{"نمط_العمران":null,"اسم_المحور":"2","مساحة_التغير_كم2":0.0067349400965909289,"نسبة_المساحه":null,"مساحة_التغير_بالمتر":null,"اسم_القطاع":"10","وصف_الاستخدام":"مصنع","GlobalID":"{11D9EB8C-0994-40AC-A706-59AE7EC4E4A2}","SHAPE_Length":449.92066668491492,"SHAPE_Area":6734.940096590929},"geometry":{"type":"Polygon","coordinates":[[[31.798181,30.24067],[31.797762,30.241135],[31.797427,30.24091],[31.796913,30.241481],[31.797345,30.241771],[31.797859,30.2412],[31.798078,30.241348],[31.798497,30.240883],[31.798181,30.24067]]]}},
{"type":"Feature","properties":{"نمط_العمران":null,"اسم_المحور":"2","مساحة_التغير_كم2":0.0048275310836204755,"نسبة_المساحه":null,"مساحة_التغير_بالمتر":null,"اسم_القطاع":"10","وصف_الاستخدام":"المنار للمواد الغذائية","GlobalID":"{BBC4FB03-A3D5-4BA2-9A1E-E637E430046B}","SHAPE_Length":286.49934267999902,"SHAPE_Area":4827.5310836204753},"geometry":{"type":"Polygon","coordinates":[[[31.794937,30.241148],[31.794588,30.241533],[31.795318,30.242027],[31.795666,30.241642],[31.794937,30.241148]]]}},
{"type":"Feature","properties":{"نمط_العمران":null,"اسم_المحور":"2","مساحة_التغير_كم2":0.006922505959937454,"نسبة_المساحه":null,"مساحة_التغير_بالمتر":null,"اسم_القطاع":"10","وصف_الاستخدام":"Sweetana مصنع سويتانا للشوكولاته  \r\n","GlobalID":"{53081E97-F660-46B1-9E19-0F2350ED1FD0}","SHAPE_Length":359.0610957230312,"SHAPE_Area":6922.5059599374536},"geometry":{"type":"Polygon","coordinates":[[[31.79615,30.241733],[31.795375,30.242621],[31.79584,30.242925],[31.796616,30.242037],[31.79615,30.241733]]]}},
{"type":"Feature","properties":{"نمط_العمران":null,"اسم_المحور":"2","مساحة_التغير_كم2":0.0022025290263572132,"نسبة_المساحه":null,"مساحة_التغير_بالمتر":null,"اسم_القطاع":"10","وصف_الاستخدام":"Winner welding factory (Rafik Bebawi)","GlobalID":"{90B85C8C-84E6-4BE7-BF65-99C10CF8802B}","SHAPE_Length":187.93448280233847,"SHAPE_Area":2202.5290263572133},"geometry":{"type":"Polygon","coordinates":[[[31.795288,30.243442],[31.795024,30.243774],[31.795446,30.244025],[31.79571,30.243693],[31.795288,30.243442]]]}},
{"type":"Feature","properties":{"نمط_العمران":null,"اسم_المحور":"2","مساحة_التغير_كم2":0.0047707614524708118,"نسبة_المساحه":null,"مساحة_التغير_بالمتر":null,"اسم_القطاع":"10","وصف_الاستخدام":"مصنع","GlobalID":"{324B8FDF-547F-4752-90CE-56AC34BE56CB}","SHAPE_Length":310.17583697350977,"SHAPE_Area":4770.7614524708115},"geometry":{"type":"Polygon","coordinates":[[[31.7904,30.24648],[31.7904,30.247498],[31.79084,30.247498],[31.79084,30.24648],[31.7904,30.24648]]]}},
{"type":"Feature","properties":{"نمط_العمران":null,"اسم_المحور":"2","مساحة_التغير_كم2":0.0062555415738563373,"نسبة_المساحه":null,"مساحة_التغير_بالمتر":null,"اسم_القطاع":"10","وصف_الاستخدام":"مصنع","GlobalID":"{BDE119D6-DD8B-47A0-B66D-45F1444FE21C}","SHAPE_Length":324.01381036843446,"SHAPE_Area":6255.541573856337},"geometry":{"type":"Polygon","coordinates":[[[31.790963,30.245402],[31.790945,30.24629],[31.791605,30.2463],[31.791623,30.245411],[31.790963,30.245402]]]}},
{"type":"Feature","properties":{"نمط_العمران":null,"اسم_المحور":"2","مساحة_التغير_كم2":0.0096114108124443973,"نسبة_المساحه":null,"مساحة_التغير_بالمتر":null,"اسم_القطاع":"10","وصف_الاستخدام":"الشرقية للضفائر الكهربائية ش.م.م","GlobalID":"{91F9709D-9F00-4FE8-BB2E-1193D6C7B4A5}","SHAPE_Length":405.83613235830978,"SHAPE_Area":9611.4108124443974},"geometry":{"type":"Polygon","coordinates":[[[31.795783,30.245238],[31.795732,30.246388],[31.796515,30.246414],[31.796566,30.245264],[31.795783,30.245238]]]}},
{"type":"Feature","properties":{"نمط_العمران":null,"اسم_المحور":"2","مساحة_التغير_كم2":0.014701144958421264,"نسبة_المساحه":null,"مساحة_التغير_بالمتر":null,"اسم_القطاع":"10","وصف_الاستخدام":"مصنع","GlobalID":"{CE394B44-A5A6-4E1D-A248-3903C01912EB}","SHAPE_Length":485.02528756737649,"SHAPE_Area":14701.144958421264},"geometry":{"type":"Polygon","coordinates":[[[31.799543,30.24646],[31.799543,30.247541],[31.800817,30.247541],[31.800817,30.24646],[31.799543,30.24646]]]}},
{"type":"Feature","properties":{"نمط_العمران":null,"اسم_المحور":"2","مساحة_التغير_كم2":0.016844393680951281,"نسبة_المساحه":null,"مساحة_التغير_بالمتر":null,"اسم_القطاع":"10","وصف_الاستخدام":"مصنع","GlobalID":"{C4A052B1-4D0B-464E-956E-C91A5B114D49}","SHAPE_Length":626.10655579759111,"SHAPE_Area":16844.393680951282},"geometry":{"type":"Polygon","coordinates":[[[31.8038,30.245439],[31.803719,30.24764],[31.804436,30.247659],[31.804517,30.245458],[31.8038,30.245439]]]}},
{"type":"Feature","properties":{"نمط_العمران":null,"اسم_المحور":"2","مساحة_التغير_كم2":0.02138956294503341,"نسبة_المساحه":null,"مساحة_التغير_بالمتر":null,"اسم_القطاع":"10","وصف_الاستخدام":"مصنع","GlobalID":"{5FB45D3F-0C24-4A33-986E-DAFC6DF84007}","SHAPE_Length":685.14278186497359,"SHAPE_Area":21389.562945033409},"geometry":{"type":"Polygon","coordinates":[[[31.804846,30.245398],[31.804812,30.247748],[31.805665,30.247757],[31.8057,30.245407],[31.804846,30.245398]]]}},
{"type":"Feature","properties":{"نمط_العمران":null,"اسم_المحور":"2","مساحة_التغير_كم2":0.0040885841256138537,"نسبة_المساحه":null,"مساحة_التغير_بالمتر":null,"اسم_القطاع":"10","وصف_الاستخدام":"مصنع","GlobalID":"{34E3BD69-6C08-4C75-BAF7-5A6AF2A1AC79}","SHAPE_Length":291.90872095568375,"SHAPE_Area":4088.5841256138533},"geometry":{"type":"Polygon","coordinates":[[[31.807351,30.245578],[31.807314,30.246553],[31.807707,30.246564],[31.807744,30.245589],[31.807351,30.245578]]]}},
{"type":"Feature","properties":{"نمط_العمران":null,"اسم_المحور":"2","مساحة_التغير_كم2":0.001340843687672252,"نسبة_المساحه":null,"مساحة_التغير_بالمتر":null,"اسم_القطاع":"10","وصف_الاستخدام":"ايليت للاعمدة(elite)","GlobalID":"{FF93989E-A09E-4058-9779-88224A06B432}","SHAPE_Length":150.02183219222036,"SHAPE_Area":1340.8436876722519},"geometry":{"type":"Polygon","coordinates":[[[31.811012,30.245704],[31.810997,30.245969],[31.81147,30.245989],[31.811485,30.245724],[31.811012,30.245704]]]}},
{"type":"Feature","properties":{"نمط_العمران":null,"اسم_المحور":"2","مساحة_التغير_كم2":0.0063192091887463485,"نسبة_المساحه":null,"مساحة_التغير_بالمتر":null,"اسم_القطاع":"10","وصف_الاستخدام":"مصنع الزاهي","GlobalID":"{355B4B07-E710-4023-9168-A529D4791E7B}","SHAPE_Length":343.55244540596243,"SHAPE_Area":6319.2091887463484},"geometry":{"type":"Polygon","coordinates":[[[31.812463,30.246516],[31.811995,30.246804],[31.812755,30.247725],[31.813089,30.247274],[31.812463,30.246516]]]}},
{"type":"Feature","properties":{"نمط_العمران":null,"اسم_المحور":"2","مساحة_التغير_كم2":0.023075869143051222,"نسبة_المساحه":null,"مساحة_التغير_بالمتر":null,"اسم_القطاع":"10","وصف_الاستخدام":"مصنع الزاهي","GlobalID":"{B1C12875-2C6E-4203-B89D-73EFC8AE3D72}","SHAPE_Length":682.61663475538057,"SHAPE_Area":23075.869143051223},"geometry":{"type":"Polygon","coordinates":[[[31.813286,30.244074],[31.812748,30.244698],[31.813593,30.245242],[31.813326,30.245552],[31.81425,30.246147],[31.815056,30.245212],[31.813286,30.244074]]]}},
{"type":"Feature","properties":{"نمط_العمران":null,"اسم_المحور":"2","مساحة_التغير_كم2":0.029415666217461309,"نسبة_المساحه":null,"مساحة_التغير_بالمتر":null,"اسم_القطاع":"10","وصف_الاستخدام":"مصنع ايدمكس","GlobalID":"{EB644885-9AFC-4507-BC23-35FB849540FD}","SHAPE_Length":719.82174860917758,"SHAPE_Area":29415.666217461308},"geometry":{"type":"Polygon","coordinates":[[[31.80261,30.242742],[31.801579,30.243916],[31.80232,30.244402],[31.80248,30.244221],[31.803365,30.244801],[31.804237,30.243808],[31.80261,30.242742]]]}},
{"type":"Feature","properties":{"نمط_العمران":null,"اسم_المحور":"2","مساحة_التغير_كم2":0.0067572422219314282,"نسبة_المساحه":null,"مساحة_التغير_بالمتر":null,"اسم_القطاع":"10","وصف_الاستخدام":"مصنع","GlobalID":"{0D2568BD-D729-411D-A3C4-0D4CD0817C9D}","SHAPE_Length":332.37160654339129,"SHAPE_Area":6757.2422219314285},"geometry":{"type":"Polygon","coordinates":[[[31.806857,30.242788],[31.806378,30.243275],[31.807135,30.243829],[31.807613,30.243342],[31.806857,30.242788]]]}},
{"type":"Feature","properties":{"نمط_العمران":null,"اسم_المحور":"2","مساحة_التغير_كم2":0.004618704326711855,"نسبة_المساحه":null,"مساحة_التغير_بالمتر":null,"اسم_القطاع":"10","وصف_الاستخدام":"Manazil PVC","GlobalID":"{6576C422-99F0-4610-B9E9-A3685EAA6EB8}","SHAPE_Length":289.70194610589033,"SHAPE_Area":4618.7043267118552},"geometry":{"type":"Polygon","coordinates":[[[31.804378,30.242197],[31.804079,30.242537],[31.804888,30.243066],[31.805186,30.242726],[31.804378,30.242197]]]}},
{"type":"Feature","properties":{"نمط_العمران":null,"اسم_المحور":"2","مساحة_التغير_كم2":0.0057472720766617051,"نسبة_المساحه":null,"مساحة_التغير_بالمتر":null,"اسم_القطاع":"10","وصف_الاستخدام":"سما للانشاءات المعدنية ٢","GlobalID":"{737B8F37-4D63-4B3E-85FB-565719F0067C}","SHAPE_Length":303.40484963886911,"SHAPE_Area":5747.2720766617049},"geometry":{"type":"Polygon","coordinates":[[[31.805711,30.241048],[31.805201,30.241599],[31.805798,30.242011],[31.806308,30.241461],[31.805711,30.241048]]]}},
{"type":"Feature","properties":{"نمط_العمران":null,"اسم_المحور":"2","مساحة_التغير_كم2":0.0054887218856031032,"نسبة_المساحه":null,"مساحة_التغير_بالمتر":null,"اسم_القطاع":"10","وصف_الاستخدام":"سند الربيكي","GlobalID":"{6CE912D6-2F14-4016-A1DD-FA731244D9B5}","SHAPE_Length":302.69412330934051,"SHAPE_Area":5488.7218856031031},"geometry":{"type":"Polygon","coordinates":[[[31.806931,30.241413],[31.806538,30.241836],[31.807276,30.24235],[31.80767,30.241927],[31.806931,30.241413]]]}},
{"type":"Feature","properties":{"نمط_العمران":null,"اسم_المحور":"2","مساحة_التغير_كم2":0.0029356911587370203,"نسبة_المساحه":null,"مساحة_التغير_بالمتر":null,"اسم_القطاع":"10","وصف_الاستخدام":"مصنع","GlobalID":"{358A3406-371D-4007-A192-B9F35C2AFE42}","SHAPE_Length":353.86154434139769,"SHAPE_Area":2935.6911587370205},"geometry":{"type":"Polygon","coordinates":[[[31.79876,30.244066],[31.798736,30.244945],[31.799562,30.244962],[31.799566,30.244834],[31.798966,30.244822],[31.798986,30.244071],[31.79876,30.244066]]]}},
{"type":"Feature","properties":{"نمط_العمران":null,"اسم_المحور":"2","مساحة_التغير_كم2":0.0059103306757672756,"نسبة_المساحه":null,"مساحة_التغير_بالمتر":null,"اسم_القطاع":"10","وصف_الاستخدام":"HSD Steel","GlobalID":"{88E1FCE4-291B-4582-8568-765DCBE7F96F}","SHAPE_Length":363.65839629077385,"SHAPE_Area":5910.3306757672754},"geometry":{"type":"Polygon","coordinates":[[[31.801858,30.240445],[31.80113,30.241127],[31.801534,30.24145],[31.802136,30.240886],[31.802334,30.241044],[31.802461,30.240925],[31.801858,30.240445]]]}},
{"type":"Feature","properties":{"نمط_العمران":null,"اسم_المحور":"2","مساحة_التغير_كم2":0.054317204669778928,"نسبة_المساحه":null,"مساحة_التغير_بالمتر":null,"اسم_القطاع":"10","وصف_الاستخدام":"مصنع","GlobalID":"{F065010D-9086-49F9-9F95-A37F8BD151D3}","SHAPE_Length":1001.2457056403196,"SHAPE_Area":54317.204669778926},"geometry":{"type":"Polygon","coordinates":[[[31.808547,30.236602],[31.806753,30.238531],[31.808048,30.23943],[31.808809,30.238611],[31.809348,30.238985],[31.81038,30.237875],[31.808547,30.236602]]]}},
{"type":"Feature","properties":{"نمط_العمران":null,"اسم_المحور":"2","مساحة_التغير_كم2":0.0068257266335219526,"نسبة_المساحه":null,"مساحة_التغير_بالمتر":null,"اسم_القطاع":"10","وصف_الاستخدام":"شركه ام ان اس الدوليه للصناعات الكنيائيه","GlobalID":"{CC6B4029-2D4B-439D-BC11-67BBB6E34D6E}","SHAPE_Length":333.46701200211044,"SHAPE_Area":6825.7266335219529},"geometry":{"type":"Polygon","coordinates":[[[31.810742,30.238866],[31.810129,30.239532],[31.810718,30.239936],[31.811331,30.23927],[31.810742,30.238866]]]}},
{"type":"Feature","properties":{"نمط_العمران":null,"اسم_المحور":"2","مساحة_التغير_كم2":0.002377872800039003,"نسبة_المساحه":null,"مساحة_التغير_بالمتر":null,"اسم_القطاع":"10","وصف_الاستخدام":"مصنع المصرية الاوروبية للدهانات الجديد","GlobalID":"{70DD82F0-2E58-48E5-8987-ECAE804089B1}","SHAPE_Length":217.2425157472511,"SHAPE_Area":2377.8728000390029},"geometry":{"type":"Polygon","coordinates":[[[31.811434,30.23984],[31.81092,30.240386],[31.811166,30.240559],[31.81168,30.240012],[31.811434,30.23984]]]}},
{"type":"Feature","properties":{"نمط_العمران":null,"اسم_المحور":"2","مساحة_التغير_كم2":0.0032449749798377963,"نسبة_المساحه":null,"مساحة_التغير_بالمتر":null,"اسم_القطاع":"10","وصف_الاستخدام":"مصنع المصرية الاوروبية للدهانات الجديد","GlobalID":"{7803DF37-799B-4252-B8F2-9ECD128E3A2E}","SHAPE_Length":234.3897843586264,"SHAPE_Area":3244.9749798377961},"geometry":{"type":"Polygon","coordinates":[[[31.812155,30.239507],[31.81168,30.240012],[31.812042,30.240267],[31.812518,30.239761],[31.812155,30.239507]]]}},
{"type":"Feature","properties":{"نمط_العمران":null,"اسم_المحور":"2","مساحة_التغير_كم2":0.010479197640814689,"نسبة_المساحه":null,"مساحة_التغير_بالمتر":null,"اسم_القطاع":"10","وصف_الاستخدام":"شركة البدر لتكنولوجيا مواد البناء","GlobalID":"{3D4ABA10-9753-4BFB-8C3F-28BB55C8121A}","SHAPE_Length":473.29306753625264,"SHAPE_Area":10479.197640814689},"geometry":{"type":"Polygon","coordinates":[[[31.812887,30.2399],[31.811879,30.241037],[31.812285,30.241306],[31.8127,30.240838],[31.812934,30.240994],[31.813528,30.240323],[31.812887,30.2399]]]}},
{"type":"Feature","properties":{"نمط_العمران":null,"اسم_المحور":"2","مساحة_التغير_كم2":0.0030623573587394257,"نسبة_المساحه":null,"مساحة_التغير_بالمتر":null,"اسم_القطاع":"10","وصف_الاستخدام":"المحبة بلاست","GlobalID":"{5A0AB77C-3F4C-490B-81E7-27E4A7A1156B}","SHAPE_Length":237.20344755972059,"SHAPE_Area":3062.3573587394258},"geometry":{"type":"Polygon","coordinates":[[[31.811365,30.241053],[31.810861,30.241633],[31.811177,30.241838],[31.811681,30.241258],[31.811365,30.241053]]]}},
{"type":"Feature","properties":{"نمط_العمران":null,"اسم_المحور":"2","مساحة_التغير_كم2":0.0052942351456627436,"نسبة_المساحه":null,"مساحة_التغير_بالمتر":null,"اسم_القطاع":"10","وصف_الاستخدام":"مصنع","GlobalID":"{CD430F65-1D7A-4242-A7FA-63FF3DF1713E}","SHAPE_Length":328.15644436298135,"SHAPE_Area":5294.2351456627439},"geometry":{"type":"Polygon","coordinates":[[[31.81021,30.242301],[31.80986,30.242659],[31.810129,30.242855],[31.809862,30.243128],[31.810169,30.243352],[31.810785,30.242721],[31.81021,30.242301]]]}},
{"type":"Feature","properties":{"نمط_العمران":null,"اسم_المحور":"2","مساحة_التغير_كم2":0.0019976254588560875,"نسبة_المساحه":null,"مساحة_التغير_بالمتر":null,"اسم_القطاع":"10","وصف_الاستخدام":"أركان للخرسانة الجاهزة","GlobalID":"{258BB4E4-48C1-4EE6-9472-1A2C37E1CD47}","SHAPE_Length":179.9358918005845,"SHAPE_Area":1997.6254588560873},"geometry":{"type":"Polygon","coordinates":[[[31.812528,30.24385],[31.812205,30.244204],[31.812531,30.244427],[31.812855,30.244072],[31.812528,30.24385]]]}},
{"type":"Feature","properties":{"نمط_العمران":null,"اسم_المحور":"2","مساحة_التغير_كم2":0.0024858434703474057,"نسبة_المساحه":null,"مساحة_التغير_بالمتر":null,"اسم_القطاع":"10","وصف_الاستخدام":"أركان للخرسانة الجاهزه","GlobalID":"{ED8C267B-6122-4DE4-B259-55392C84ACF4}","SHAPE_Length":206.07474625397504,"SHAPE_Area":2485.8434703474059},"geometry":{"type":"Polygon","coordinates":[[[31.813036,30.242274],[31.81264,30.242744],[31.812965,30.242948],[31.81336,30.242478],[31.813036,30.242274]]]}},
{"type":"Feature","properties":{"نمط_العمران":null,"اسم_المحور":"2","مساحة_التغير_كم2":0.0069126391337894942,"نسبة_المساحه":null,"مساحة_التغير_بالمتر":null,"اسم_القطاع":"10","وصف_الاستخدام":"سامح الحديدي للخرسانه الجاهزه","GlobalID":"{02C6442E-CF35-4DD0-B261-12B64F70A2DF}","SHAPE_Length":378.42769765572922,"SHAPE_Area":6912.6391337894938},"geometry":{"type":"Polygon","coordinates":[[[31.81443,30.241232],[31.813728,30.242052],[31.814081,30.242277],[31.814391,30.241915],[31.814674,30.242096],[31.815066,30.241638],[31.81443,30.241232]]]}},
{"type":"Feature","properties":{"نمط_العمران":null,"اسم_المحور":"2","مساحة_التغير_كم2":0.018919015740412853,"نسبة_المساحه":null,"مساحة_التغير_بالمتر":null,"اسم_القطاع":"10","وصف_الاستخدام":"مصنع","GlobalID":"{8543FF48-72C8-4DC1-8B17-BF02E9AB4038}","SHAPE_Length":754.35209389430827,"SHAPE_Area":18919.015740412855},"geometry":{"type":"Polygon","coordinates":[[[31.824842,30.250529],[31.823491,30.251857],[31.822988,30.251476],[31.822749,30.251711],[31.823389,30.252196],[31.823628,30.251961],[31.824131,30.252343],[31.825482,30.251015],[31.824842,30.250529]]]}},
{"type":"Feature","properties":{"نمط_العمران":null,"اسم_المحور":"2","مساحة_التغير_كم2":0.010075800452078173,"نسبة_المساحه":null,"مساحة_التغير_بالمتر":null,"اسم_القطاع":"10","وصف_الاستخدام":"AL BARON Group for textile","GlobalID":"{26D722A6-167D-43EE-9B76-E2753164250A}","SHAPE_Length":434.16910972144257,"SHAPE_Area":10075.800452078172},"geometry":{"type":"Polygon","coordinates":[[[31.821291,30.253284],[31.82086,30.253761],[31.822091,30.25459],[31.822522,30.254112],[31.821291,30.253284]]]}},
{"type":"Feature","properties":{"نمط_العمران":null,"اسم_المحور":"2","مساحة_التغير_كم2":0.0046914980742561799,"نسبة_المساحه":null,"مساحة_التغير_بالمتر":null,"اسم_القطاع":"10","وصف_الاستخدام":"Elsewedy Electric - Bead Wire Factory\r\n","GlobalID":"{CB4FF039-54C9-4D70-B2E3-A541D366805A}","SHAPE_Length":277.18175341512659,"SHAPE_Area":4691.4980742561802},"geometry":{"type":"Polygon","coordinates":[[[31.82056,30.254071],[31.820172,30.254481],[31.820816,30.254935],[31.821203,30.254525],[31.82056,30.254071]]]}},
{"type":"Feature","properties":{"نمط_العمران":null,"اسم_المحور":"2","مساحة_التغير_كم2":0.003519477603840845,"نسبة_المساحه":null,"مساحة_التغير_بالمتر":null,"اسم_القطاع":"10","وصف_الاستخدام":"Elsewedy Electric - Bead Wire Factory\r\n","GlobalID":"{56AD3CBB-3D5E-4858-B230-6E961096B09A}","SHAPE_Length":300.05920596288854,"SHAPE_Area":3519.4776038408449},"geometry":{"type":"Polygon","coordinates":[[[31.820275,30.255303],[31.820103,30.255504],[31.820205,30.25557],[31.819969,30.255845],[31.820569,30.25623],[31.820806,30.255955],[31.820338,30.255655],[31.82051,30.255454],[31.820275,30.255303]]]}},
{"type":"Feature","properties":{"نمط_العمران":null,"اسم_المحور":"2","مساحة_التغير_كم2":0.0091593018255707054,"نسبة_المساحه":null,"مساحة_التغير_بالمتر":null,"اسم_القطاع":"10","وصف_الاستخدام":"Elsewedy Electric - Bead Wire Factory","GlobalID":"{8E47CF33-87B8-4043-B9E2-5CC90499E2EB}","SHAPE_Length":393.54797770359426,"SHAPE_Area":9159.3018255707048},"geometry":{"type":"Polygon","coordinates":[[[31.821868,30.257025],[31.821093,30.257887],[31.821714,30.258304],[31.822489,30.257442],[31.821868,30.257025]]]}},
{"type":"Feature","properties":{"نمط_العمران":null,"اسم_المحور":"2","مساحة_التغير_كم2":0.005396065776945241,"نسبة_المساحه":null,"مساحة_التغير_بالمتر":null,"اسم_القطاع":"10","وصف_الاستخدام":"Elsewedy Electric - Bead Wire Factory\r\n","GlobalID":"{BE55BA86-DC5E-4DCA-933E-B04F1DD8B395}","SHAPE_Length":293.91575819087359,"SHAPE_Area":5396.0657769452409},"geometry":{"type":"Polygon","coordinates":[[[31.818544,30.256306],[31.818099,30.256825],[31.818728,30.257228],[31.819173,30.256709],[31.818544,30.256306]]]}},
{"type":"Feature","properties":{"نمط_العمران":null,"اسم_المحور":"2","مساحة_التغير_كم2":0.004586498116115589,"نسبة_المساحه":null,"مساحة_التغير_بالمتر":null,"اسم_القطاع":"10","وصف_الاستخدام":"شركة السلام","GlobalID":"{932928AA-094C-4BE9-9817-024306E5D884}","SHAPE_Length":275.01016921074711,"SHAPE_Area":4586.4981161155893},"geometry":{"type":"Polygon","coordinates":[[[31.816743,30.258185],[31.816393,30.258599],[31.817071,30.259026],[31.817421,30.258611],[31.816743,30.258185]]]}},
{"type":"Feature","properties":{"نمط_العمران":null,"اسم_المحور":"2","مساحة_التغير_كم2":0.0059259410138700584,"نسبة_المساحه":null,"مساحة_التغير_بالمتر":null,"اسم_القطاع":"10","وصف_الاستخدام":"Acoman factory","GlobalID":"{08D13478-F8CF-4C26-B3D7-232841E1ED19}","SHAPE_Length":323.96946327609731,"SHAPE_Area":5925.9410138700587},"geometry":{"type":"Polygon","coordinates":[[[31.819494,30.257988],[31.818777,30.258716],[31.81922,30.259041],[31.819937,30.258313],[31.819494,30.257988]]]}},
{"type":"Feature","properties":{"نمط_العمران":null,"اسم_المحور":"2","مساحة_التغير_كم2":0.0017288557815672389,"نسبة_المساحه":null,"مساحة_التغير_بالمتر":null,"اسم_القطاع":"10","وصف_الاستخدام":"ODFI (Oil & Dough for food industries)","GlobalID":"{E6DF20A4-FCA9-4CB8-90B2-907304E7051A}","SHAPE_Length":177.12584301116308,"SHAPE_Area":1728.8557815672389},"geometry":{"type":"Polygon","coordinates":[[[31.820453,30.259109],[31.820044,30.259512],[31.820271,30.259684],[31.82068,30.259282],[31.820453,30.259109]]]}},
{"type":"Feature","properties":{"نمط_العمران":null,"اسم_المحور":"2","مساحة_التغير_كم2":0.26957234880362319,"نسبة_المساحه":null,"مساحة_التغير_بالمتر":null,"اسم_القطاع":"10","وصف_الاستخدام":"مصنع","GlobalID":"{9A62E456-D5FE-4753-8572-EFEA560ED42B}","SHAPE_Length":2883.8336299144366,"SHAPE_Area":269572.34880362317},"geometry":{"type":"Polygon","coordinates":[[[31.825325,30.258632],[31.821886,30.262505],[31.820217,30.261399],[31.817421,30.264549],[31.819228,30.265746],[31.820349,30.264482],[31.822016,30.265586],[31.827129,30.259827],[31.826172,30.259193],[31.826419,30.258915],[31.826066,30.258681],[31.825818,30.258959],[31.825325,30.258632]]]}},
{"type":"Feature","properties":{"نمط_العمران":null,"اسم_المحور":"2","مساحة_التغير_كم2":0.0016720526895533376,"نسبة_المساحه":null,"مساحة_التغير_بالمتر":null,"اسم_القطاع":"10","وصف_الاستخدام":"SEDCO #2 EL Sewedy","GlobalID":"{FB87D0AF-19CF-42D7-943B-2A7EF50DFF11}","SHAPE_Length":169.2711790943336,"SHAPE_Area":1672.0526895533376},"geometry":{"type":"Polygon","coordinates":[[[31.813968,30.261287],[31.813767,30.26151],[31.814203,30.261805],[31.814405,30.261582],[31.813968,30.261287]]]}},
{"type":"Feature","properties":{"نمط_العمران":null,"اسم_المحور":"2","مساحة_التغير_كم2":0.038603093035972626,"نسبة_المساحه":null,"مساحة_التغير_بالمتر":null,"اسم_القطاع":"10","وصف_الاستخدام":"مصنع","GlobalID":"{883D62BE-C276-4CD9-91F5-20EE0E994F48}","SHAPE_Length":963.0301740176692,"SHAPE_Area":38603.093035972626},"geometry":{"type":"Polygon","coordinates":[[[31.809901,30.263863],[31.80808,30.265888],[31.809698,30.266974],[31.810547,30.266029],[31.809604,30.265397],[31.810576,30.264316],[31.809901,30.263863]]]}},
{"type":"Feature","properties":{"نمط_العمران":null,"اسم_المحور":"2","مساحة_التغير_كم2":0.023025111679083495,"نسبة_المساحه":null,"مساحة_التغير_بالمتر":null,"اسم_القطاع":"10","وصف_الاستخدام":"مصنع","GlobalID":"{7B014AC2-7D06-4774-9368-35390B96B6B3}","SHAPE_Length":658.14422032321249,"SHAPE_Area":23025.111679083497},"geometry":{"type":"Polygon","coordinates":[[[31.805009,30.260576],[31.803905,30.261759],[31.804128,30.261915],[31.803999,30.262053],[31.804462,30.262374],[31.804671,30.26215],[31.805126,30.262467],[31.806031,30.261495],[31.80552,30.26114],[31.805638,30.261013],[31.805009,30.260576]]]}},
{"type":"Feature","properties":{"نمط_العمران":null,"اسم_المحور":"2","مساحة_التغير_كم2":0.0021213785950427535,"نسبة_المساحه":null,"مساحة_التغير_بالمتر":null,"اسم_القطاع":"10","وصف_الاستخدام":"مصنع","GlobalID":"{AB8E7A93-6DD7-48A3-971D-2360BBDAFF1F}","SHAPE_Length":185.41504678427455,"SHAPE_Area":2121.3785950427537},"geometry":{"type":"Polygon","coordinates":[[[31.788785,30.272446],[31.788445,30.272806],[31.788777,30.27304],[31.789117,30.27268],[31.788785,30.272446]]]}},
{"type":"Feature","properties":{"نمط_العمران":null,"اسم_المحور":"2","مساحة_التغير_كم2":0.00079235572105112919,"نسبة_المساحه":null,"مساحة_التغير_بالمتر":null,"اسم_القطاع":"10","وصف_الاستخدام":"شركة مصر ايطاليا لانتاج التروس والخراطة وقطع الغيار","GlobalID":"{CE354F5B-7AB7-4954-8E27-6F7A5E693208}","SHAPE_Length":116.8908284804082,"SHAPE_Area":792.35572105112919},"geometry":{"type":"Polygon","coordinates":[[[31.787751,30.272128],[31.787486,30.27237],[31.787647,30.272502],[31.787913,30.27226],[31.787751,30.272128]]]}},
{"type":"Feature","properties":{"نمط_العمران":null,"اسم_المحور":"2","مساحة_التغير_كم2":0.014995612798343329,"نسبة_المساحه":null,"مساحة_التغير_بالمتر":null,"اسم_القطاع":"10","وصف_الاستخدام":"مصنع","GlobalID":"{8ED70FC4-C236-414B-ABB9-2D53BCFD1C24}","SHAPE_Length":513.21053436347381,"SHAPE_Area":14995.612798343329},"geometry":{"type":"Polygon","coordinates":[[[31.794557,30.275733],[31.793506,30.276928],[31.794253,30.277417],[31.795304,30.276223],[31.794557,30.275733]]]}},
{"type":"Feature","properties":{"نمط_العمران":null,"اسم_المحور":"2","مساحة_التغير_كم2":0.0063272085742595583,"نسبة_المساحه":null,"مساحة_التغير_بالمتر":null,"اسم_القطاع":"10","وصف_الاستخدام":"السراج للتبريد ٢","GlobalID":"{375FC039-CD44-4491-A3F7-5A0EE4483B95}","SHAPE_Length":324.91834603391493,"SHAPE_Area":6327.2085742595582},"geometry":{"type":"Polygon","coordinates":[[[31.79555,30.276424],[31.795118,30.276872],[31.795899,30.277434],[31.796332,30.276986],[31.79555,30.276424]]]}},
{"type":"Feature","properties":{"نمط_العمران":null,"اسم_المحور":"2","مساحة_التغير_كم2":0.005055337265812275,"نسبة_المساحه":null,"مساحة_التغير_بالمتر":null,"اسم_القطاع":"10","وصف_الاستخدام":"PSP A5 Plant","GlobalID":"{34459CAE-E4F8-44C4-9ACC-9CC9634A4DB1}","SHAPE_Length":286.90094126918467,"SHAPE_Area":5055.3372658122753},"geometry":{"type":"Polygon","coordinates":[[[31.797279,30.277613],[31.796753,30.278174],[31.797245,30.27854],[31.797784,30.277965],[31.797279,30.277613]]]}},
{"type":"Feature","properties":{"نمط_العمران":null,"اسم_المحور":"2","مساحة_التغير_كم2":0.008267049245879815,"نسبة_المساحه":null,"مساحة_التغير_بالمتر":null,"اسم_القطاع":"10","وصف_الاستخدام":"Power Service projects (PSP)","GlobalID":"{057A056A-B59B-4BEC-9021-F87A93E6F15F}","SHAPE_Length":368.6319359408422,"SHAPE_Area":8267.0492458798144},"geometry":{"type":"Polygon","coordinates":[[[31.797245,30.27854],[31.796512,30.279274],[31.797151,30.279706],[31.797866,30.278974],[31.797245,30.27854]]]}},
{"type":"Feature","properties":{"نمط_العمران":null,"اسم_المحور":"2","مساحة_التغير_كم2":0.01920040097822211,"نسبة_المساحه":null,"مساحة_التغير_بالمتر":null,"اسم_القطاع":"10","وصف_الاستخدام":"مصنع سبيس كيميكال - Space Chemical","GlobalID":"{5E903659-7C04-4C39-B939-074C1745753C}","SHAPE_Length":572.97156001491294,"SHAPE_Area":19200.400978222111},"geometry":{"type":"Polygon","coordinates":[[[31.798297,30.279255],[31.797609,30.280014],[31.799082,30.281009],[31.799769,30.280251],[31.798297,30.279255]]]}},
{"type":"Feature","properties":{"نمط_العمران":null,"اسم_المحور":"2","مساحة_التغير_كم2":0.0047656127254253342,"نسبة_المساحه":null,"مساحة_التغير_بالمتر":null,"اسم_القطاع":"10","وصف_الاستخدام":"شركة البيت لصناعة المفروشات-House Covers Industries","GlobalID":"{C6C6D587-2D68-413F-96C4-046C7EE142C6}","SHAPE_Length":281.55847746984,"SHAPE_Area":4765.6127254253342},"geometry":{"type":"Polygon","coordinates":[[[31.80099,30.281134],[31.800418,30.281708],[31.800866,30.28204],[31.801438,30.281466],[31.80099,30.281134]]]}},
{"type":"Feature","properties":{"نمط_العمران":null,"اسم_المحور":"2","مساحة_التغير_كم2":0.012110970447446847,"نسبة_المساحه":null,"مساحة_التغير_بالمتر":null,"اسم_القطاع":"10","وصف_الاستخدام":"مصنع","GlobalID":"{FB024495-6F66-4638-B616-B6AAD137AEE1}","SHAPE_Length":440.28196739598008,"SHAPE_Area":12110.970447446847},"geometry":{"type":"Polygon","coordinates":[[[31.791034,30.273489],[31.790309,30.274281],[31.791191,30.274883],[31.791916,30.274091],[31.791034,30.273489]]]}},
{"type":"Feature","properties":{"نمط_العمران":null,"اسم_المحور":"2","مساحة_التغير_كم2":0.38404784500586048,"نسبة_المساحه":null,"مساحة_التغير_بالمتر":null,"اسم_القطاع":"10","وصف_الاستخدام":"مصنع","GlobalID":"{95EF0953-AC37-454B-BD69-8391591256D6}","SHAPE_Length":4612.3448843859333,"SHAPE_Area":384047.84500586049},"geometry":{"type":"Polygon","coordinates":[[[31.807917,30.277313],[31.807122,30.277584],[31.806673,30.277066],[31.807413,30.276587],[31.806795,30.275979],[31.806143,30.276598],[31.805514,30.276104],[31.806166,30.275486],[31.804322,30.274251],[31.803747,30.274891],[31.803111,30.274465],[31.801398,30.276451],[31.79978,30.27541],[31.798288,30.27714],[31.799782,30.278144],[31.800659,30.277171],[31.801096,30.277465],[31.801662,30.27683],[31.803443,30.278047],[31.802869,30.278673],[31.801425,30.277686],[31.800548,30.278659],[31.805154,30.281756],[31.807635,30.279799],[31.808009,30.279368],[31.808235,30.278866],[31.808296,30.278329],[31.808187,30.277798],[31.807917,30.277313]],[[31.802985,30.278794],[31.8036,30.278115],[31.80388,30.278304],[31.803265,30.278983],[31.802985,30.278794]],[[31.805523,30.278314],[31.805708,30.278121],[31.806001,30.278331],[31.805816,30.278524],[31.805523,30.278314]],[[31.805696,30.280044],[31.805403,30.280365],[31.805208,30.280232],[31.805501,30.279911],[31.805696,30.280044]],[[31.803514,30.276177],[31.803695,30.275962],[31.80396,30.276129],[31.803778,30.276344],[31.803514,30.276177]]]}},
{"type":"Feature","properties":{"نمط_العمران":null,"اسم_المحور":"2","مساحة_التغير_كم2":0.5671401514440737,"نسبة_المساحه":null,"مساحة_التغير_بالمتر":null,"اسم_القطاع":"10","وصف_الاستخدام":"مصنع","GlobalID":"{484AFE2F-7848-4FD4-83EF-5DE3A5CD9EB1}","SHAPE_Length":7164.573094057695,"SHAPE_Area":567140.15144407365},"geometry":{"type":"Polygon","coordinates":[[[31.798669,30.272941],[31.7966,30.271615],[31.795947,30.272375],[31.794799,30.27164],[31.796086,30.270146],[31.799218,30.272301],[31.799548,30.271917],[31.799725,30.27203],[31.800249,30.271495],[31.799727,30.271112],[31.799264,30.271584],[31.799046,30.271424],[31.799509,30.270953],[31.798264,30.270144],[31.79769,30.270736],[31.797427,30.270545],[31.798001,30.269954],[31.796566,30.268998],[31.796175,30.269399],[31.795766,30.269102],[31.795584,30.269289],[31.795266,30.269058],[31.795839,30.26847],[31.79501,30.267889],[31.79442,30.268531],[31.794042,30.268272],[31.794632,30.26763],[31.791063,30.265198],[31.788131,30.267567],[31.787909,30.267933],[31.787738,30.268463],[31.787718,30.269014],[31.789381,30.26865],[31.789467,30.269276],[31.789749,30.269742],[31.788783,30.270457],[31.79294,30.273374],[31.793671,30.272479],[31.794296,30.27286],[31.794851,30.272165],[31.795392,30.272488],[31.794836,30.273182],[31.794296,30.27286],[31.793565,30.273755],[31.795803,30.274993],[31.796509,30.274297],[31.797928,30.275372],[31.797223,30.276067],[31.79798,30.276655],[31.799293,30.275093],[31.797698,30.274071],[31.798669,30.272941]],[[31.792979,30.270263],[31.793659,30.269504],[31.794908,30.270338],[31.794228,30.271098],[31.792979,30.270263]],[[31.791414,30.270532],[31.791827,30.270033],[31.792149,30.270232],[31.791736,30.27073],[31.791414,30.270532]]]}},
{"type":"Feature","properties":{"نمط_العمران":null,"اسم_المحور":"2","مساحة_التغير_كم2":1.3018818444848272,"نسبة_المساحه":null,"مساحة_التغير_بالمتر":null,"اسم_القطاع":"10","وصف_الاستخدام":"مصنع","GlobalID":"{4579F5C8-984F-4C74-B531-878682357FC1}","SHAPE_Length":10347.468722795611,"SHAPE_Area":1301881.8444848272},"geometry":{"type":"Polygon","coordinates":[[[31.804377,30.264319],[31.803362,30.26378],[31.801918,30.263482],[31.795085,30.263492],[31.795088,30.263856],[31.793913,30.263839],[31.794039,30.264582],[31.794257,30.265112],[31.795368,30.264796],[31.79552,30.265194],[31.794594,30.265637],[31.794916,30.266054],[31.795644,30.265432],[31.795923,30.265675],[31.795322,30.266365],[31.79632,30.267041],[31.796196,30.267178],[31.796523,30.267399],[31.796647,30.267262],[31.797739,30.267958],[31.798366,30.26726],[31.798801,30.267551],[31.798174,30.26825],[31.798749,30.268655],[31.798617,30.268795],[31.798944,30.269026],[31.799077,30.268886],[31.801165,30.270359],[31.801511,30.269993],[31.802019,30.270362],[31.804093,30.267863],[31.805771,30.26889],[31.806256,30.2683],[31.807374,30.268984],[31.807682,30.268608],[31.80896,30.269391],[31.808172,30.270157],[31.808004,30.270027],[31.807525,30.270487],[31.807146,30.270192],[31.806032,30.271435],[31.805253,30.270915],[31.805654,30.270467],[31.804027,30.26938],[31.80359,30.269871],[31.804682,30.270622],[31.804275,30.271135],[31.804702,30.271427],[31.80409,30.272093],[31.804422,30.27232],[31.804224,30.272542],[31.805839,30.27356],[31.806545,30.272813],[31.806931,30.273084],[31.80608,30.273986],[31.806323,30.274156],[31.806468,30.274003],[31.809831,30.276369],[31.809686,30.276523],[31.81006,30.276786],[31.811233,30.275544],[31.812391,30.276359],[31.811659,30.277134],[31.811902,30.277305],[31.81169,30.27753],[31.812587,30.278162],[31.815906,30.275093],[31.816131,30.274787],[31.816372,30.274286],[31.816489,30.273752],[31.816477,30.273208],[31.81626,30.27251],[31.804377,30.264319]],[[31.810612,30.271906],[31.811387,30.271106],[31.811625,30.271278],[31.81085,30.272078],[31.810612,30.271906]],[[31.80744,30.272072],[31.808253,30.27114],[31.808803,30.271498],[31.80799,30.27243],[31.80744,30.272072]],[[31.801068,30.269075],[31.800504,30.269658],[31.800249,30.269474],[31.800814,30.268891],[31.801068,30.269075]],[[31.79585,30.264801],[31.795775,30.264174],[31.796825,30.264207],[31.796902,30.264458],[31.797308,30.264756],[31.796672,30.265624],[31.796038,30.265135],[31.79585,30.264801]]]}},
{"type":"Feature","properties":{"نمط_العمران":null,"اسم_المحور":"2","مساحة_التغير_كم2":0.0067387090682078576,"نسبة_المساحه":null,"مساحة_التغير_بالمتر":null,"اسم_القطاع":"10","وصف_الاستخدام":"مصنع","GlobalID":"{7B3EE12B-9A99-4745-9BB5-3CA2CF1ECA56}","SHAPE_Length":333.49669891608909,"SHAPE_Area":6738.7090682078579},"geometry":{"type":"Polygon","coordinates":[[[31.808445,30.284947],[31.80783,30.285651],[31.808402,30.286023],[31.809017,30.285319],[31.808445,30.284947]]]}},
{"type":"Feature","properties":{"نمط_العمران":null,"اسم_المحور":"2","مساحة_التغير_كم2":0.045267177918137627,"نسبة_المساحه":null,"مساحة_التغير_بالمتر":null,"اسم_القطاع":"10","وصف_الاستخدام":"مصنع","GlobalID":"{81BA20CE-25E9-4EA0-82B2-D0FBFCAEE6CC}","SHAPE_Length":860.92892462361783,"SHAPE_Area":45267.177918137626},"geometry":{"type":"Polygon","coordinates":[[[31.815983,30.279554],[31.815851,30.278554],[31.814304,30.277463],[31.813021,30.278609],[31.815397,30.280205],[31.815983,30.279554]]]}},
{"type":"Feature","properties":{"نمط_العمران":null,"اسم_المحور":"2","مساحة_التغير_كم2":0.12921978246545318,"نسبة_المساحه":null,"مساحة_التغير_بالمتر":null,"اسم_القطاع":"10","وصف_الاستخدام":"مصنع","GlobalID":"{4D1E87D2-63CE-48BC-8ED1-EA81AB35A1EF}","SHAPE_Length":1814.2756117290544,"SHAPE_Area":129219.78246545317},"geometry":{"type":"Polygon","coordinates":[[[31.815815,30.298417],[31.819654,30.295839],[31.822001,30.294348],[31.820365,30.293209],[31.814755,30.29724],[31.815815,30.298417]]]}},
{"type":"Feature","properties":{"نمط_العمران":null,"اسم_المحور":"2","مساحة_التغير_كم2":0.20531580687184786,"نسبة_المساحه":null,"مساحة_التغير_بالمتر":null,"اسم_القطاع":"10","وصف_الاستخدام":"مصنع","GlobalID":"{9DFFF948-C144-4CFD-ADE8-25767086C33F}","SHAPE_Length":2703.8878055652153,"SHAPE_Area":205315.80687184786},"geometry":{"type":"Polygon","coordinates":[[[31.830084,30.295205],[31.829439,30.293084],[31.830661,30.292807],[31.830393,30.291738],[31.829598,30.291949],[31.829485,30.291632],[31.83028,30.29142],[31.827821,30.289653],[31.82735,30.290203],[31.826737,30.289813],[31.824236,30.292336],[31.826955,30.294283],[31.828643,30.295266],[31.829068,30.295416],[31.830084,30.295205]],[[31.827753,30.29089],[31.828155,30.291178],[31.827962,30.291379],[31.828473,30.291745],[31.827704,30.292546],[31.826791,30.291892],[31.827753,30.29089]]]}},
{"type":"Feature","properties":{"نمط_العمران":null,"اسم_المحور":"2","مساحة_التغير_كم2":0.026944438307484886,"نسبة_المساحه":null,"مساحة_التغير_بالمتر":null,"اسم_القطاع":"10","وصف_الاستخدام":"مصنع","GlobalID":"{5763B9DC-E2C3-4AA5-9766-4FE3EAD49D67}","SHAPE_Length":714.54075798804706,"SHAPE_Area":26944.438307484885},"geometry":{"type":"Polygon","coordinates":[[[31.831647,30.300255],[31.83208,30.29974],[31.832338,30.299144],[31.832402,30.298509],[31.832203,30.297733],[31.831317,30.297964],[31.831402,30.298368],[31.831366,30.298778],[31.83121,30.299167],[31.830844,30.299656],[31.830886,30.299954],[31.831069,30.300163],[31.831345,30.300272],[31.831647,30.300255]]]}},
{"type":"Feature","properties":{"نمط_العمران":null,"اسم_المحور":"2","مساحة_التغير_كم2":0.015913951811807603,"نسبة_المساحه":null,"مساحة_التغير_بالمتر":null,"اسم_القطاع":"10","وصف_الاستخدام":"مصنع","GlobalID":"{DB9313CF-87D7-4BE8-B60B-EBB964E06BFB}","SHAPE_Length":567.08623683005794,"SHAPE_Area":15913.951811807603},"geometry":{"type":"Polygon","coordinates":[[[31.834349,30.297949],[31.834231,30.297421],[31.833173,30.297597],[31.833629,30.299453],[31.833856,30.299387],[31.834349,30.297949]]]}},
{"type":"Feature","properties":{"نمط_العمران":null,"اسم_المحور":"2","مساحة_التغير_كم2":0.19108797544255782,"نسبة_المساحه":null,"مساحة_التغير_بالمتر":null,"اسم_القطاع":"10","وصف_الاستخدام":"مصنع","GlobalID":"{B582E29A-5D85-483E-94CF-53AEBD14839B}","SHAPE_Length":2744.9363803877714,"SHAPE_Area":191087.97544255783},"geometry":{"type":"Polygon","coordinates":[[[31.83581,30.300736],[31.839381,30.290194],[31.837851,30.289808],[31.837113,30.291226],[31.836736,30.293101],[31.834281,30.300349],[31.83581,30.300736]]]}},
{"type":"Feature","properties":{"نمط_العمران":null,"اسم_المحور":"2","مساحة_التغير_كم2":0.011409436149071134,"نسبة_المساحه":null,"مساحة_التغير_بالمتر":null,"اسم_القطاع":"10","وصف_الاستخدام":"مصنع","GlobalID":"{9C2C416F-48F3-4EC0-8CE4-2A4B89D1E6F8}","SHAPE_Length":438.49458223570718,"SHAPE_Area":11409.436149071134},"geometry":{"type":"Polygon","coordinates":[[[31.834113,30.300631],[31.834287,30.301665],[31.835123,30.301887],[31.835445,30.300985],[31.834113,30.300631]]]}},
{"type":"Feature","properties":{"نمط_العمران":null,"اسم_المحور":"2","مساحة_التغير_كم2":0.013078452909088758,"نسبة_المساحه":null,"مساحة_التغير_بالمتر":null,"اسم_القطاع":"10","وصف_الاستخدام":"مصنع","GlobalID":"{EC66F52D-B7D1-4175-BCF8-131F4E11A478}","SHAPE_Length":461.84308835767274,"SHAPE_Area":13078.452909088759},"geometry":{"type":"Polygon","coordinates":[[[31.835848,30.301612],[31.835492,30.302756],[31.836492,30.302989],[31.836848,30.301844],[31.835848,30.301612]]]}},
{"type":"Feature","properties":{"نمط_العمران":null,"اسم_المحور":"2","مساحة_التغير_كم2":0.0047842338602689626,"نسبة_المساحه":null,"مساحة_التغير_بالمتر":null,"اسم_القطاع":"10","وصف_الاستخدام":"مصنع","GlobalID":"{B9A4996F-6579-4D92-9E08-B85AF91B98AF}","SHAPE_Length":293.06408044714516,"SHAPE_Area":4784.2338602689624},"geometry":{"type":"Polygon","coordinates":[[[31.834293,30.294875],[31.834121,30.293972],[31.833615,30.294087],[31.833784,30.294906],[31.834293,30.294875]]]}},
{"type":"Feature","properties":{"نمط_العمران":null,"اسم_المحور":"2","مساحة_التغير_كم2":0.030311963799628486,"نسبة_المساحه":null,"مساحة_التغير_بالمتر":null,"اسم_القطاع":"10","وصف_الاستخدام":"السويدى للمحولات","GlobalID":"{6DCF3228-DBE1-475A-AD82-2013FDEDDA5D}","SHAPE_Length":734.26230892845615,"SHAPE_Area":30311.963799628487},"geometry":{"type":"Polygon","coordinates":[[[31.833325,30.280595],[31.831732,30.282281],[31.832744,30.282994],[31.834338,30.281308],[31.833325,30.280595]]]}},
{"type":"Feature","properties":{"نمط_العمران":null,"اسم_المحور":"2","مساحة_التغير_كم2":0.0066864772978211025,"نسبة_المساحه":null,"مساحة_التغير_بالمتر":null,"اسم_القطاع":"10","وصف_الاستخدام":"مصنع النور كريت للمنتجات الاسمنتيه","GlobalID":"{1D26E12E-60FB-4AC0-89CB-47B1B1B58E03}","SHAPE_Length":329.35592914857284,"SHAPE_Area":6686.4772978211022},"geometry":{"type":"Polygon","coordinates":[[[31.838327,30.281965],[31.837886,30.282498],[31.838666,30.282979],[31.839106,30.282446],[31.838327,30.281965]]]}},
{"type":"Feature","properties":{"نمط_العمران":null,"اسم_المحور":"2","مساحة_التغير_كم2":0.0079388582815459949,"نسبة_المساحه":null,"مساحة_التغير_بالمتر":null,"اسم_القطاع":"10","وصف_الاستخدام":"مصنع النور كريت للمنتجات الاسمنتيه","GlobalID":"{99CF19AA-8766-4AD3-9267-C8024F9783C0}","SHAPE_Length":368.91122875147835,"SHAPE_Area":7938.858281545994},"geometry":{"type":"Polygon","coordinates":[[[31.834995,30.280108],[31.834566,30.280601],[31.835532,30.281228],[31.835961,30.280735],[31.834995,30.280108]]]}},
{"type":"Feature","properties":{"نمط_العمران":null,"اسم_المحور":"2","مساحة_التغير_كم2":0.10410607005413935,"نسبة_المساحه":null,"مساحة_التغير_بالمتر":null,"اسم_القطاع":"10","وصف_الاستخدام":"مصنع","GlobalID":"{8567F09D-6DA0-4738-B2D0-158255A941C7}","SHAPE_Length":1530.7143402807314,"SHAPE_Area":104106.07005413936},"geometry":{"type":"Polygon","coordinates":[[[32.107579,30.484505],[32.104384,30.487511],[32.105457,30.488281],[32.105991,30.487665],[32.107426,30.488589],[32.10799,30.487855],[32.108624,30.486655],[32.109156,30.484645],[32.108393,30.485258],[32.107579,30.484505]]]}},
{"type":"Feature","properties":{"نمط_العمران":null,"اسم_المحور":"2","مساحة_التغير_كم2":0.020880989245241465,"نسبة_المساحه":null,"مساحة_التغير_بالمتر":null,"اسم_القطاع":"10","وصف_الاستخدام":"مصنع","GlobalID":"{8B8B4F87-DDEE-45CB-995F-30A305ADD691}","SHAPE_Length":716.86790148868442,"SHAPE_Area":20880.989245241464},"geometry":{"type":"Polygon","coordinates":[[[32.112049,30.491303],[32.110654,30.48926],[32.109697,30.490271],[32.111311,30.491032],[32.111161,30.491269],[32.111457,30.491527],[32.112049,30.491303]]]}},
{"type":"Feature","properties":{"نمط_العمران":null,"اسم_المحور":"2","مساحة_التغير_كم2":0.046039389109024255,"نسبة_المساحه":null,"مساحة_التغير_بالمتر":null,"اسم_القطاع":"10","وصف_الاستخدام":"مصنع","GlobalID":"{AAA4C87C-C94F-4349-862F-9474633F3F42}","SHAPE_Length":1114.143029219958,"SHAPE_Area":46039.389109024254},"geometry":{"type":"Polygon","coordinates":[[[32.133742,30.49396],[32.133599,30.494888],[32.137979,30.496261],[32.138267,30.49538],[32.133742,30.49396]]]}},
{"type":"Feature","properties":{"نمط_العمران":null,"اسم_المحور":"2","مساحة_التغير_كم2":0.014472040114992916,"نسبة_المساحه":null,"مساحة_التغير_بالمتر":null,"اسم_القطاع":"10","وصف_الاستخدام":"مخزن","GlobalID":"{FAC5DC83-1B88-415F-9D68-601C59BA9DE8}","SHAPE_Length":549.32124542030806,"SHAPE_Area":14472.040114992917},"geometry":{"type":"Polygon","coordinates":[[[32.090669,30.479618],[32.090356,30.479421],[32.090749,30.478954],[32.089996,30.478419],[32.089155,30.479318],[32.090457,30.48012],[32.090559,30.479996],[32.090424,30.479913],[32.090669,30.479618]]]}},
{"type":"Feature","properties":{"نمط_العمران":null,"اسم_المحور":"2","مساحة_التغير_كم2":0.013148382336355487,"نسبة_المساحه":null,"مساحة_التغير_بالمتر":null,"اسم_القطاع":"10","وصف_الاستخدام":"Kayan frozen foods","GlobalID":"{856A37AF-476C-4456-B1E5-14A54D0E52E1}","SHAPE_Length":593.33780166324414,"SHAPE_Area":13148.382336355487},"geometry":{"type":"Polygon","coordinates":[[[32.089225,30.481524],[32.089092,30.481681],[32.089307,30.481821],[32.089177,30.481969],[32.088962,30.481829],[32.088737,30.482027],[32.090265,30.482991],[32.090831,30.482325],[32.090492,30.482111],[32.090375,30.482249],[32.089225,30.481524]]]}},
{"type":"Feature","properties":{"نمط_العمران":null,"اسم_المحور":"2","مساحة_التغير_كم2":0.0025430164422682966,"نسبة_المساحه":null,"مساحة_التغير_بالمتر":null,"اسم_القطاع":"10","وصف_الاستخدام":"مصنع","GlobalID":"{4B9E3469-7E5C-4608-9FD9-FB36F12A1B0B}","SHAPE_Length":202.40285945384721,"SHAPE_Area":2543.0164422682965},"geometry":{"type":"Polygon","coordinates":[[[32.102445,30.495194],[32.102175,30.495542],[32.102651,30.495816],[32.10292,30.495468],[32.102445,30.495194]]]}},
{"type":"Feature","properties":{"نمط_العمران":null,"اسم_المحور":"2","مساحة_التغير_كم2":0.00046261302880573705,"نسبة_المساحه":null,"مساحة_التغير_بالمتر":null,"اسم_القطاع":"10","وصف_الاستخدام":"مصنع الجزيره للزيتون والمخللات","GlobalID":"{A795448E-84AC-41CC-A0FF-2CDCE046357A}","SHAPE_Length":90.521600605087428,"SHAPE_Area":462.61302880573703},"geometry":{"type":"Polygon","coordinates":[[[32.100874,30.495844],[32.100784,30.495961],[32.101041,30.496109],[32.101132,30.495992],[32.100874,30.495844]]]}},
{"type":"Feature","properties":{"نمط_العمران":null,"اسم_المحور":"2","مساحة_التغير_كم2":0.0086240757463510644,"نسبة_المساحه":null,"مساحة_التغير_بالمتر":null,"اسم_القطاع":"10","وصف_الاستخدام":"معصرة سينالكو","GlobalID":"{B7309D56-7482-42AC-937D-A08F04CE22A6}","SHAPE_Length":373.7884412348975,"SHAPE_Area":8624.0757463510636},"geometry":{"type":"Polygon","coordinates":[[[32.101611,30.49692],[32.100952,30.496433],[32.100246,30.497143],[32.100904,30.49763],[32.101611,30.49692]]]}},
{"type":"Feature","properties":{"نمط_العمران":null,"اسم_المحور":"2","مساحة_التغير_كم2":0.03838607989900801,"نسبة_المساحه":null,"مساحة_التغير_بالمتر":null,"اسم_القطاع":"10","وصف_الاستخدام":"مصنع","GlobalID":"{73761356-9F1C-485C-9106-98A7876195C3}","SHAPE_Length":929.88816740203083,"SHAPE_Area":38386.079899008007},"geometry":{"type":"Polygon","coordinates":[[[32.093344,30.502184],[32.092764,30.504085],[32.095228,30.504676],[32.095423,30.504073],[32.094908,30.50395],[32.095046,30.503523],[32.094256,30.503334],[32.094535,30.502469],[32.093344,30.502184]]]}},
{"type":"Feature","properties":{"نمط_العمران":null,"اسم_المحور":"2","مساحة_التغير_كم2":0.022216815615274256,"نسبة_المساحه":null,"مساحة_التغير_بالمتر":null,"اسم_القطاع":"10","وصف_الاستخدام":"مصنع مودرن تريد","GlobalID":"{CEBCB442-C201-45A5-9753-8F52475CAC0C}","SHAPE_Length":672.18923026377547,"SHAPE_Area":22216.815615274256},"geometry":{"type":"Polygon","coordinates":[[[32.126908,30.506678],[32.126675,30.50708],[32.126072,30.506944],[32.125615,30.508448],[32.126774,30.50871],[32.12736,30.506779],[32.126908,30.506678]]]}},
{"type":"Feature","properties":{"نمط_العمران":null,"اسم_المحور":"2","مساحة_التغير_كم2":0.031237111069688565,"نسبة_المساحه":null,"مساحة_التغير_بالمتر":null,"اسم_القطاع":"10","وصف_الاستخدام":"شركة","GlobalID":"{CFA1EE1C-52F4-416C-BB87-BDE59A6988CB}","SHAPE_Length":810.71179539039122,"SHAPE_Area":31237.111069688566},"geometry":{"type":"Polygon","coordinates":[[[31.481612,30.092888],[31.481493,30.094021],[31.484533,30.094378],[31.483852,30.093949],[31.484026,30.093742],[31.483687,30.093106],[31.481612,30.092888]]]}},
{"type":"Feature","properties":{"نمط_العمران":null,"اسم_المحور":"2","مساحة_التغير_كم2":0.12334049405124423,"نسبة_المساحه":null,"مساحة_التغير_بالمتر":null,"اسم_القطاع":"10","وصف_الاستخدام":"مصنع","GlobalID":"{2D1B83ED-4AA6-418D-A1E7-C2BCC03E59F2}","SHAPE_Length":1886.6042985584495,"SHAPE_Area":123340.49405124423},"geometry":{"type":"Polygon","coordinates":[[[31.562387,30.096126],[31.561335,30.09524],[31.560525,30.09752],[31.559556,30.097262],[31.558618,30.099903],[31.559588,30.100161],[31.559078,30.101596],[31.560464,30.101964],[31.562387,30.096126]]]}},
{"type":"Feature","properties":{"نمط_العمران":null,"اسم_المحور":"2","مساحة_التغير_كم2":0.010357808461011008,"نسبة_المساحه":null,"مساحة_التغير_بالمتر":null,"اسم_القطاع":"10","وصف_الاستخدام":"مخزن","GlobalID":"{6CDCB603-9003-4734-82F7-0A21CF229FC0}","SHAPE_Length":410.33527716776302,"SHAPE_Area":10357.808461011009},"geometry":{"type":"Polygon","coordinates":[[[31.569372,30.102741],[31.569073,30.103514],[31.570213,30.103833],[31.570508,30.103071],[31.569372,30.102741]]]}},
{"type":"Feature","properties":{"نمط_العمران":null,"اسم_المحور":"2","مساحة_التغير_كم2":0.33264694065405809,"نسبة_المساحه":null,"مساحة_التغير_بالمتر":null,"اسم_القطاع":"10","وصف_الاستخدام":"مصنع","GlobalID":"{360EEC11-B93B-4797-BFF2-C38CAC2DD080}","SHAPE_Length":3109.3514635751244,"SHAPE_Area":332646.94065405807},"geometry":{"type":"Polygon","coordinates":[[[31.772129,30.121736],[31.766116,30.121721],[31.765797,30.124474],[31.765401,30.126521],[31.77124,30.127959],[31.771658,30.126204],[31.771946,30.124429],[31.772129,30.121736]],[[31.767713,30.123461],[31.769018,30.123597],[31.768731,30.125652],[31.767426,30.125516],[31.767713,30.123461]]]}},
{"type":"Feature","properties":{"نمط_العمران":null,"اسم_المحور":"2","مساحة_التغير_كم2":0.0014912968035106183,"نسبة_المساحه":null,"مساحة_التغير_بالمتر":null,"اسم_القطاع":"10","وصف_الاستخدام":"مصنع","GlobalID":"{980C7992-C598-40EB-93CF-4CC79C7821CE}","SHAPE_Length":161.80419756768461,"SHAPE_Area":1491.2968035106182},"geometry":{"type":"Polygon","coordinates":[[[31.759581,30.123714],[31.759386,30.124157],[31.759662,30.124247],[31.759857,30.123805],[31.759581,30.123714]]]}},
{"type":"Feature","properties":{"نمط_العمران":null,"اسم_المحور":"2","مساحة_التغير_كم2":0.0078278956058171426,"نسبة_المساحه":null,"مساحة_التغير_بالمتر":null,"اسم_القطاع":"10","وصف_الاستخدام":"مصنع","GlobalID":"{94CE68ED-D7D4-41FD-8C04-3E6422A1AD65}","SHAPE_Length":436.89547549403505,"SHAPE_Area":7827.8956058171434},"geometry":{"type":"Polygon","coordinates":[[[31.759165,30.124795],[31.758677,30.126299],[31.759129,30.126409],[31.759617,30.124904],[31.759165,30.124795]]]}},
{"type":"Feature","properties":{"نمط_العمران":null,"اسم_المحور":"2","مساحة_التغير_كم2":0.0068418201019918414,"نسبة_المساحه":null,"مساحة_التغير_بالمتر":null,"اسم_القطاع":"10","وصف_الاستخدام":"مصنع","GlobalID":"{D6445E8C-E092-4406-827A-81FF01EA4CEE}","SHAPE_Length":511.33559666763455,"SHAPE_Area":6841.8201019918415},"geometry":{"type":"Polygon","coordinates":[[[31.758529,30.126737],[31.757802,30.128603],[31.757991,30.128658],[31.758229,30.128045],[31.758408,30.128097],[31.758896,30.126843],[31.758529,30.126737]]]}},
{"type":"Feature","properties":{"نمط_العمران":null,"اسم_المحور":"2","مساحة_التغير_كم2":0.1425865251965574,"نسبة_المساحه":null,"مساحة_التغير_بالمتر":null,"اسم_القطاع":"10","وصف_الاستخدام":"مصنع","GlobalID":"{D5E1BED6-E04D-4531-950A-539C2727FEDE}","SHAPE_Length":2348.3560081560349,"SHAPE_Area":142586.5251965574},"geometry":{"type":"Polygon","coordinates":[[[31.754382,30.13362],[31.753517,30.133309],[31.753324,30.133073],[31.753259,30.132789],[31.755522,30.127843],[31.75544,30.127509],[31.754762,30.127087],[31.7547,30.126821],[31.753507,30.128564],[31.751979,30.132066],[31.751937,30.132756],[31.752446,30.135405],[31.752558,30.135596],[31.752985,30.135684],[31.753599,30.13536],[31.754382,30.13362]],[[31.752195,30.132015],[31.752247,30.131871],[31.752524,30.131946],[31.752472,30.13209],[31.752195,30.132015]]]}},
{"type":"Feature","properties":{"نمط_العمران":null,"اسم_المحور":"2","مساحة_التغير_كم2":0.011770605038551254,"نسبة_المساحه":null,"مساحة_التغير_بالمتر":null,"اسم_القطاع":"10","وصف_الاستخدام":"مخزن","GlobalID":"{107145AA-2940-464F-A234-5582E4F14E28}","SHAPE_Length":456.18914336488081,"SHAPE_Area":11770.605038551254},"geometry":{"type":"Polygon","coordinates":[[[31.750877,30.118208],[31.750558,30.118704],[31.75187,30.119319],[31.752373,30.118515],[31.750877,30.118208]]]}},
{"type":"Feature","properties":{"نمط_العمران":null,"اسم_المحور":"2","مساحة_التغير_كم2":0.03326516425996312,"نسبة_المساحه":null,"مساحة_التغير_بالمتر":null,"اسم_القطاع":"10","وصف_الاستخدام":"مخزن","GlobalID":"{A243FCD2-0BD6-41AE-8AD0-4523B6390E2A}","SHAPE_Length":732.71714107332241,"SHAPE_Area":33265.164259963123},"geometry":{"type":"Polygon","coordinates":[[[31.809886,30.118024],[31.808149,30.118212],[31.808455,30.119997],[31.810144,30.119815],[31.809886,30.118024]]]}},
{"type":"Feature","properties":{"نمط_العمران":null,"اسم_المحور":"2","مساحة_التغير_كم2":0.27470287867878218,"نسبة_المساحه":null,"مساحة_التغير_بالمتر":null,"اسم_القطاع":"10","وصف_الاستخدام":"مصنع","GlobalID":"{4E6F0CF9-6D61-4F0A-AB32-387D184E210F}","SHAPE_Length":2341.7904625194301,"SHAPE_Area":274702.8786787822},"geometry":{"type":"Polygon","coordinates":[[[31.765526,30.17055],[31.764136,30.173946],[31.769869,30.175656],[31.77034,30.174453],[31.771606,30.174967],[31.772406,30.173894],[31.771442,30.17338],[31.772195,30.171994],[31.768383,30.171305],[31.765526,30.17055]]]}},
{"type":"Feature","properties":{"نمط_العمران":null,"اسم_المحور":"2","مساحة_التغير_كم2":0.27831964460551578,"نسبة_المساحه":null,"مساحة_التغير_بالمتر":null,"اسم_القطاع":"10","وصف_الاستخدام":"مصنع","GlobalID":"{6F015B12-1DC7-48EE-80EE-C6D1FFE07F4F}","SHAPE_Length":4048.2503270817506,"SHAPE_Area":278319.64460551576},"geometry":{"type":"Polygon","coordinates":[[[31.757904,30.178007],[31.759262,30.174012],[31.760965,30.174444],[31.76141,30.173134],[31.756783,30.171797],[31.757159,30.170825],[31.756568,30.170675],[31.756642,30.170422],[31.756387,30.170357],[31.756538,30.169915],[31.756367,30.169872],[31.756662,30.169004],[31.755917,30.168815],[31.755801,30.169154],[31.754571,30.168842],[31.754513,30.169013],[31.754134,30.168917],[31.754049,30.169166],[31.753698,30.169076],[31.753639,30.169248],[31.753209,30.169138],[31.753028,30.169672],[31.753162,30.169711],[31.752861,30.170595],[31.754807,30.171157],[31.755042,30.170549],[31.755452,30.170667],[31.755554,30.170402],[31.75623,30.170597],[31.755908,30.171544],[31.75629,30.171654],[31.755762,30.173206],[31.75525,30.173076],[31.755051,30.173662],[31.754797,30.173597],[31.754723,30.173817],[31.755261,30.174018],[31.755176,30.174268],[31.75544,30.174336],[31.755525,30.174085],[31.756429,30.174314],[31.756357,30.174527],[31.756585,30.174585],[31.756657,30.174372],[31.756809,30.174411],[31.755771,30.177465],[31.757904,30.178007]]]}},
{"type":"Feature","properties":{"نمط_العمران":null,"اسم_المحور":"2","مساحة_التغير_كم2":0.043599990954331841,"نسبة_المساحه":null,"مساحة_التغير_بالمتر":null,"اسم_القطاع":"10","وصف_الاستخدام":"مصنع","GlobalID":"{E9E72520-F28E-4201-BEBF-A75D2CC5A68C}","SHAPE_Length":864.65497389170969,"SHAPE_Area":43599.990954331843},"geometry":{"type":"Polygon","coordinates":[[[31.768053,30.179611],[31.766092,30.178886],[31.764978,30.181139],[31.767007,30.181089],[31.768053,30.179611]]]}},
{"type":"Feature","properties":{"نمط_العمران":null,"اسم_المحور":"2","مساحة_التغير_كم2":0.66433339572175054,"نسبة_المساحه":null,"مساحة_التغير_بالمتر":null,"اسم_القطاع":"10","وصف_الاستخدام":"مصنع","GlobalID":"{05F5A471-EEE0-496C-BFBD-BBA51DF51014}","SHAPE_Length":3973.1973853051959,"SHAPE_Area":664333.39572175057},"geometry":{"type":"Polygon","coordinates":[[[31.741845,30.169074],[31.736606,30.170283],[31.735882,30.171289],[31.732644,30.171979],[31.731494,30.171463],[31.7275,30.172385],[31.728074,30.177151],[31.734851,30.175707],[31.736214,30.176478],[31.737338,30.174992],[31.737041,30.174801],[31.738532,30.174483],[31.742279,30.170577],[31.741845,30.169074]]]}},
{"type":"Feature","properties":{"نمط_العمران":null,"اسم_المحور":"2","مساحة_التغير_كم2":0.052338440568426459,"نسبة_المساحه":null,"مساحة_التغير_بالمتر":null,"اسم_القطاع":"10","وصف_الاستخدام":"فوج1","GlobalID":"{B296354E-3C65-4FD2-89EE-AB86B91475E0}","SHAPE_Length":964.47634912470073,"SHAPE_Area":52338.440568426457},"geometry":{"type":"Polygon","coordinates":[[[31.700202,30.188213],[31.700125,30.186734],[31.698247,30.186367],[31.69749,30.189263],[31.700202,30.188213]]]}},
{"type":"Feature","properties":{"نمط_العمران":null,"اسم_المحور":"2","مساحة_التغير_كم2":0.10807086444711884,"نسبة_المساحه":null,"مساحة_التغير_بالمتر":null,"اسم_القطاع":"10","وصف_الاستخدام":"مخزن","GlobalID":"{E966E672-419E-4F36-A38E-0FC926CD9AFA}","SHAPE_Length":1354.5611491637626,"SHAPE_Area":108070.86444711885},"geometry":{"type":"Polygon","coordinates":[[[31.746643,30.194811],[31.745144,30.196733],[31.748766,30.198844],[31.750265,30.196922],[31.746643,30.194811]]]}},
{"type":"Feature","properties":{"نمط_العمران":null,"اسم_المحور":"2","مساحة_التغير_كم2":0.0093354128542217658,"نسبة_المساحه":null,"مساحة_التغير_بالمتر":null,"اسم_القطاع":"10","وصف_الاستخدام":"مخزن","GlobalID":"{35916A02-0038-44A5-B693-DBD59269B715}","SHAPE_Length":507.23280965954308,"SHAPE_Area":9335.4128542217659},"geometry":{"type":"Polygon","coordinates":[[[31.583231,30.107105],[31.582053,30.106777],[31.581784,30.107527],[31.583006,30.107785],[31.583231,30.107105]],[[31.582242,30.107078],[31.582338,30.106919],[31.582621,30.107047],[31.582525,30.107206],[31.582242,30.107078]]]}},
{"type":"Feature","properties":{"نمط_العمران":null,"اسم_المحور":"2","مساحة_التغير_كم2":0.013768840564495823,"نسبة_المساحه":null,"مساحة_التغير_بالمتر":null,"اسم_القطاع":"10","وصف_الاستخدام":"مخزن","GlobalID":"{F0605FA1-D78E-4ACF-A08C-45829B9C0317}","SHAPE_Length":477.08033405635342,"SHAPE_Area":13768.840564495822},"geometry":{"type":"Polygon","coordinates":[[[31.688393,30.143431],[31.689391,30.143598],[31.689669,30.142352],[31.688671,30.142185],[31.688393,30.143431]]]}},
{"type":"Feature","properties":{"نمط_العمران":null,"اسم_المحور":"2","مساحة_التغير_كم2":0.018993109676013763,"نسبة_المساحه":null,"مساحة_التغير_بالمتر":null,"اسم_القطاع":"10","وصف_الاستخدام":"فارما اوفر سيز رئيسى العبور","GlobalID":"{B247F90B-4E46-4660-A47C-A3088C7FD1DD}","SHAPE_Length":763.12363168485138,"SHAPE_Area":18993.109676013763},"geometry":{"type":"Polygon","coordinates":[[[31.452583,30.249489],[31.451651,30.250042],[31.45216,30.250509],[31.452818,30.249973],[31.453826,30.251067],[31.454718,30.250455],[31.452583,30.249489]]]}},
{"type":"Feature","properties":{"نمط_العمران":null,"اسم_المحور":"2","مساحة_التغير_كم2":0.042427264695090852,"نسبة_المساحه":null,"مساحة_التغير_بالمتر":null,"اسم_القطاع":"10","وصف_الاستخدام":"مصنع","GlobalID":"{0AEA1185-E690-41C1-A45D-36E26BC6874D}","SHAPE_Length":873.28541228381357,"SHAPE_Area":42427.264695090853},"geometry":{"type":"Polygon","coordinates":[[[31.441148,30.205373],[31.444161,30.205298],[31.444215,30.203983],[31.441202,30.204046],[31.441148,30.205373]]]}},
{"type":"Feature","properties":{"نمط_العمران":null,"اسم_المحور":"2","مساحة_التغير_كم2":0.032721291466570594,"نسبة_المساحه":null,"مساحة_التغير_بالمتر":null,"اسم_القطاع":"10","وصف_الاستخدام":"مخزن","GlobalID":"{ADE7EFF6-D579-4E48-9441-4758B0E5C50B}","SHAPE_Length":724.25638985769388,"SHAPE_Area":32721.291466570594},"geometry":{"type":"Polygon","coordinates":[[[31.44292,30.15821],[31.441014,30.157716],[31.440492,30.159221],[31.442324,30.159695],[31.44292,30.15821]]]}},
{"type":"Feature","properties":{"نمط_العمران":null,"اسم_المحور":"2","مساحة_التغير_كم2":0.022659193950969759,"نسبة_المساحه":null,"مساحة_التغير_بالمتر":null,"اسم_القطاع":"10","وصف_الاستخدام":"مخزن","GlobalID":"{283468B5-5F36-4ED3-8AAF-BAA42EC6E9A7}","SHAPE_Length":628.07103950494047,"SHAPE_Area":22659.193950969759},"geometry":{"type":"Polygon","coordinates":[[[31.443932,30.155532],[31.444291,30.154581],[31.442271,30.154031],[31.441948,30.155019],[31.443932,30.155532]]]}},
{"type":"Feature","properties":{"نمط_العمران":null,"اسم_المحور":"2","مساحة_التغير_كم2":0.0032534614342549606,"نسبة_المساحه":null,"مساحة_التغير_بالمتر":null,"اسم_القطاع":"10","وصف_الاستخدام":"مخزن","GlobalID":"{659685A8-B3C1-42F5-AA94-A6F804241790}","SHAPE_Length":245.46214179626929,"SHAPE_Area":3253.4614342549607},"geometry":{"type":"Polygon","coordinates":[[[31.485991,30.194327],[31.485918,30.193571],[31.485517,30.1936],[31.48559,30.194356],[31.485991,30.194327]]]}},
{"type":"Feature","properties":{"نمط_العمران":null,"اسم_المحور":"2","مساحة_التغير_كم2":0.0012182922213714955,"نسبة_المساحه":null,"مساحة_التغير_بالمتر":null,"اسم_القطاع":"10","وصف_الاستخدام":"مخزن","GlobalID":"{8E65AF6F-649A-4BCD-9C09-141AAE1C4804}","SHAPE_Length":142.44057067756779,"SHAPE_Area":1218.2922213714955},"geometry":{"type":"Polygon","coordinates":[[[31.49698,30.225182],[31.496942,30.224799],[31.496646,30.224821],[31.496684,30.225204],[31.49698,30.225182]]]}},
{"type":"Feature","properties":{"نمط_العمران":null,"اسم_المحور":"2","مساحة_التغير_كم2":0.0026648646952588005,"نسبة_المساحه":null,"مساحة_التغير_بالمتر":null,"اسم_القطاع":"10","وصف_الاستخدام":"مخزن","GlobalID":"{FA524BCA-D142-4D69-A2BA-1E526AE8DFBF}","SHAPE_Length":214.34039959214729,"SHAPE_Area":2664.8646952588006},"geometry":{"type":"Polygon","coordinates":[[[31.496841,30.204279],[31.496763,30.203669],[31.496358,30.203708],[31.496437,30.204318],[31.496841,30.204279]]]}},
{"type":"Feature","properties":{"نمط_العمران":null,"اسم_المحور":"2","مساحة_التغير_كم2":0.0019416772812460106,"نسبة_المساحه":null,"مساحة_التغير_بالمتر":null,"اسم_القطاع":"10","وصف_الاستخدام":"مخزن","GlobalID":"{B2CE8EBE-E262-487E-8B14-154D68D9BD45}","SHAPE_Length":176.66030313684399,"SHAPE_Area":1941.6772812460106},"geometry":{"type":"Polygon","coordinates":[[[31.495125,30.204502],[31.495551,30.204468],[31.495506,30.204045],[31.49508,30.204079],[31.495125,30.204502]]]}},
{"type":"Feature","properties":{"نمط_العمران":null,"اسم_المحور":"2","مساحة_التغير_كم2":0.0035069346669975446,"نسبة_المساحه":null,"مساحة_التغير_بالمتر":null,"اسم_القطاع":"10","وصف_الاستخدام":"مخزن","GlobalID":"{E7EE7AC6-3A48-4DE3-A64E-A365CE7B054B}","SHAPE_Length":237.41653930574478,"SHAPE_Area":3506.9346669975448},"geometry":{"type":"Polygon","coordinates":[[[31.493455,30.189543],[31.494111,30.189494],[31.494061,30.188997],[31.493406,30.189045],[31.493455,30.189543]]]}},
{"type":"Feature","properties":{"نمط_العمران":null,"اسم_المحور":"2","مساحة_التغير_كم2":0.0015864694209694885,"نسبة_المساحه":null,"مساحة_التغير_بالمتر":null,"اسم_القطاع":"10","وصف_الاستخدام":"مخزن","GlobalID":"{4F473C9F-D2D3-4D44-930B-34284A1866D8}","SHAPE_Length":190.4563796210557,"SHAPE_Area":1586.4694209694885},"geometry":{"type":"Polygon","coordinates":[[[31.504214,30.215313],[31.504177,30.215121],[31.503422,30.215231],[31.503459,30.215422],[31.504214,30.215313]]]}},
{"type":"Feature","properties":{"نمط_العمران":null,"اسم_المحور":"2","مساحة_التغير_كم2":0.0049775875900975606,"نسبة_المساحه":null,"مساحة_التغير_بالمتر":null,"اسم_القطاع":"10","وصف_الاستخدام":"مخزن","GlobalID":"{842CEF2F-FC44-455D-847B-6BF11A763D48}","SHAPE_Length":365.96658511958287,"SHAPE_Area":4977.5875900975607},"geometry":{"type":"Polygon","coordinates":[[[31.505556,30.225563],[31.507104,30.225503],[31.507087,30.225203],[31.505524,30.225267],[31.505556,30.225563]]]}},
{"type":"Feature","properties":{"نمط_العمران":null,"اسم_المحور":"2","مساحة_التغير_كم2":0.0023855029724872091,"نسبة_المساحه":null,"مساحة_التغير_بالمتر":null,"اسم_القطاع":"10","وصف_الاستخدام":"مخزن","GlobalID":"{CEC5C0B2-099A-432F-BDD6-EEE4B685B5F0}","SHAPE_Length":216.17202929262001,"SHAPE_Area":2385.5029724872093},"geometry":{"type":"Polygon","coordinates":[[[31.508834,30.216952],[31.508805,30.216675],[31.508006,30.216737],[31.508035,30.217014],[31.508834,30.216952]]]}},
{"type":"Feature","properties":{"نمط_العمران":null,"اسم_المحور":"2","مساحة_التغير_كم2":0.022943176569297775,"نسبة_المساحه":null,"مساحة_التغير_بالمتر":null,"اسم_القطاع":"10","وصف_الاستخدام":"مخزن","GlobalID":"{92CDDBAA-E619-4D95-8B60-686D9A227F82}","SHAPE_Length":728.70724547205054,"SHAPE_Area":22943.176569297775},"geometry":{"type":"Polygon","coordinates":[[[31.512649,30.216507],[31.51241,30.215807],[31.509585,30.216528],[31.509825,30.217228],[31.512649,30.216507]]]}},
{"type":"Feature","properties":{"نمط_العمران":null,"اسم_المحور":"2","مساحة_التغير_كم2":0.0017577801090391321,"نسبة_المساحه":null,"مساحة_التغير_بالمتر":null,"اسم_القطاع":"10","وصف_الاستخدام":"مخزن","GlobalID":"{A30FC7B4-43F1-456B-BA26-F33F2DF6CB10}","SHAPE_Length":169.41564036373811,"SHAPE_Area":1757.7801090391322},"geometry":{"type":"Polygon","coordinates":[[[31.512946,30.204679],[31.513412,30.204515],[31.513269,30.204211],[31.512803,30.204375],[31.512946,30.204679]]]}},
{"type":"Feature","properties":{"نمط_العمران":null,"اسم_المحور":"2","مساحة_التغير_كم2":0.0021089967490163491,"نسبة_المساحه":null,"مساحة_التغير_بالمتر":null,"اسم_القطاع":"10","وصف_الاستخدام":"مخزن","GlobalID":"{6ED97B98-D6D5-4849-BF48-EE6EE79ECBDF}","SHAPE_Length":197.28923401168691,"SHAPE_Area":2108.996749016349},"geometry":{"type":"Polygon","coordinates":[[[31.537379,30.208679],[31.537998,30.20847],[31.537976,30.208163],[31.537345,30.208373],[31.537379,30.208679]]]}},
{"type":"Feature","properties":{"نمط_العمران":null,"اسم_المحور":"2","مساحة_التغير_كم2":0.0028448316412009889,"نسبة_المساحه":null,"مساحة_التغير_بالمتر":null,"اسم_القطاع":"10","وصف_الاستخدام":"مخزن","GlobalID":"{DD55808A-804D-4BBE-B503-A556B230BD90}","SHAPE_Length":215.11723291911551,"SHAPE_Area":2844.831641200989},"geometry":{"type":"Polygon","coordinates":[[[31.544508,30.224519],[31.543956,30.224784],[31.544193,30.225153],[31.544745,30.224889],[31.544508,30.224519]]]}},
{"type":"Feature","properties":{"نمط_العمران":null,"اسم_المحور":"2","مساحة_التغير_كم2":0.0063248873202630838,"نسبة_المساحه":null,"مساحة_التغير_بالمتر":null,"اسم_القطاع":"10","وصف_الاستخدام":"مخزن","GlobalID":"{167E0203-A1E9-49C4-B410-2D8964337EFC}","SHAPE_Length":369.8403144116096,"SHAPE_Area":6324.8873202630839},"geometry":{"type":"Polygon","coordinates":[[[31.551806,30.19295],[31.551534,30.192617],[31.550348,30.193341],[31.55062,30.193675],[31.551806,30.19295]]]}},
{"type":"Feature","properties":{"نمط_العمران":null,"اسم_المحور":"2","مساحة_التغير_كم2":0.0079182023359782635,"نسبة_المساحه":null,"مساحة_التغير_بالمتر":null,"اسم_القطاع":"10","وصف_الاستخدام":"مخزن","GlobalID":"{35ED5007-30E4-43F0-8D08-045085066B91}","SHAPE_Length":368.40959623162394,"SHAPE_Area":7918.2023359782643},"geometry":{"type":"Polygon","coordinates":[[[31.5637,30.197964],[31.563572,30.19857],[31.564755,30.198758],[31.564884,30.198152],[31.5637,30.197964]]]}},
{"type":"Feature","properties":{"نمط_العمران":null,"اسم_المحور":"2","مساحة_التغير_كم2":0.001649330772195501,"نسبة_المساحه":null,"مساحة_التغير_بالمتر":null,"اسم_القطاع":"10","وصف_الاستخدام":"مخزن","GlobalID":"{8E369733-55F0-4DF1-A087-A96FC67A04A3}","SHAPE_Length":163.19557082373433,"SHAPE_Area":1649.3307721955009},"geometry":{"type":"Polygon","coordinates":[[[31.572139,30.208842],[31.57238,30.208583],[31.572017,30.208331],[31.571776,30.20859],[31.572139,30.208842]]]}},
{"type":"Feature","properties":{"نمط_العمران":null,"اسم_المحور":"2","مساحة_التغير_كم2":0.0014351383131113603,"نسبة_المساحه":null,"مساحة_التغير_بالمتر":null,"اسم_القطاع":"10","وصف_الاستخدام":"مخزن","GlobalID":"{0527FD58-D5B3-4EAD-A802-FF86745E9D24}","SHAPE_Length":200.03295742325039,"SHAPE_Area":1435.1383131113603},"geometry":{"type":"Polygon","coordinates":[[[31.584195,30.190874],[31.58433,30.190978],[31.584903,30.190423],[31.584769,30.190319],[31.584195,30.190874]]]}},
{"type":"Feature","properties":{"نمط_العمران":null,"اسم_المحور":"2","مساحة_التغير_كم2":0.013486721211642821,"نسبة_المساحه":null,"مساحة_التغير_بالمتر":null,"اسم_القطاع":"10","وصف_الاستخدام":"مخزن","GlobalID":"{F606BE03-34E6-4E12-86D5-6483CA00F277}","SHAPE_Length":482.34760200946482,"SHAPE_Area":13486.721211642822},"geometry":{"type":"Polygon","coordinates":[[[31.579981,30.288332],[31.581557,30.288525],[31.581686,30.287738],[31.58011,30.287545],[31.579981,30.288332]]]}},
{"type":"Feature","properties":{"نمط_العمران":null,"اسم_المحور":"2","مساحة_التغير_كم2":0.0060387014786313547,"نسبة_المساحه":null,"مساحة_التغير_بالمتر":null,"اسم_القطاع":"10","وصف_الاستخدام":"مصنع","GlobalID":"{E067A1CF-C001-42BD-ABE7-4E20FC32B039}","SHAPE_Length":326.4506308311669,"SHAPE_Area":6038.7014786313548},"geometry":{"type":"Polygon","coordinates":[[[31.757647,30.123836],[31.756593,30.123546],[31.756413,30.124033],[31.757468,30.124323],[31.757647,30.123836]]]}},
{"type":"Feature","properties":{"نمط_العمران":null,"اسم_المحور":"2","مساحة_التغير_كم2":0.023585735149988806,"نسبة_المساحه":null,"مساحة_التغير_بالمتر":null,"اسم_القطاع":"10","وصف_الاستخدام":"OptaLine For Medical Devices","GlobalID":"{16BDFD22-0B0D-4757-8AC7-56DB01920311}","SHAPE_Length":625.2245116459676,"SHAPE_Area":23585.735149988806},"geometry":{"type":"Polygon","coordinates":[[[31.756066,30.123148],[31.754881,30.122832],[31.754121,30.124262],[31.755419,30.124795],[31.756066,30.123148]]]}},
{"type":"Feature","properties":{"نمط_العمران":null,"اسم_المحور":"2","مساحة_التغير_كم2":0.0044825559684240389,"نسبة_المساحه":null,"مساحة_التغير_بالمتر":null,"اسم_القطاع":"10","وصف_الاستخدام":"مخزن","GlobalID":"{607BAF43-50C5-4B99-A987-5A46D2180E07}","SHAPE_Length":275.76686199461028,"SHAPE_Area":4482.5559684240388},"geometry":{"type":"Polygon","coordinates":[[[31.627134,30.179616],[31.627068,30.180384],[31.627612,30.180419],[31.627678,30.179651],[31.627134,30.179616]]]}},
{"type":"Feature","properties":{"نمط_العمران":null,"اسم_المحور":"2","مساحة_التغير_كم2":0.05175225510585732,"نسبة_المساحه":null,"مساحة_التغير_بالمتر":null,"اسم_القطاع":"10","وصف_الاستخدام":"مصنع","GlobalID":"{BF278CF7-7910-42DD-A574-8F703F01F1C5}","SHAPE_Length":1036.3752198574348,"SHAPE_Area":51752.255105857323},"geometry":{"type":"Polygon","coordinates":[[[31.406987,30.0888],[31.410417,30.088993],[31.410544,30.08731],[31.408194,30.087178],[31.408128,30.088055],[31.407048,30.087994],[31.406987,30.0888]]]}},
{"type":"Feature","properties":{"نمط_العمران":null,"اسم_المحور":"2","مساحة_التغير_كم2":0.0020046613593913557,"نسبة_المساحه":null,"مساحة_التغير_بالمتر":null,"اسم_القطاع":"10","وصف_الاستخدام":"مخزن","GlobalID":"{E2E053A4-3D6B-456B-83AE-E6D89F80835E}","SHAPE_Length":185.78237820249382,"SHAPE_Area":2004.6613593913555},"geometry":{"type":"Polygon","coordinates":[[[31.557689,30.190095],[31.557129,30.190305],[31.557266,30.19058],[31.557834,30.190385],[31.557689,30.190095]]]}},
{"type":"Feature","properties":{"نمط_العمران":null,"اسم_المحور":"2","مساحة_التغير_كم2":0.027185679794701878,"نسبة_المساحه":null,"مساحة_التغير_بالمتر":null,"اسم_القطاع":"10","وصف_الاستخدام":"مصنع","GlobalID":"{B265B154-DED0-4E13-A3FF-375EC5BB64C0}","SHAPE_Length":662.06056882444682,"SHAPE_Area":27185.679794701879},"geometry":{"type":"Polygon","coordinates":[[[31.46456,30.265989],[31.463449,30.266924],[31.46477,30.268096],[31.465887,30.267108],[31.46456,30.265989]]]}},
{"type":"Feature","properties":{"نمط_العمران":null,"اسم_المحور":"2","مساحة_التغير_كم2":0.0021255828858653108,"نسبة_المساحه":null,"مساحة_التغير_بالمتر":null,"اسم_القطاع":"10","وصف_الاستخدام":"مصنع","GlobalID":"{BB36B4CC-7F35-41CB-8027-FEC3F994F7CD}","SHAPE_Length":184.59855832700146,"SHAPE_Area":2125.5828858653108},"geometry":{"type":"Polygon","coordinates":[[[31.464409,30.264468],[31.464087,30.264753],[31.464458,30.265051],[31.464771,30.264759],[31.464409,30.264468]]]}},
{"type":"Feature","properties":{"نمط_العمران":null,"اسم_المحور":"2","مساحة_التغير_كم2":0.0014468631173147749,"نسبة_المساحه":null,"مساحة_التغير_بالمتر":null,"اسم_القطاع":"10","وصف_الاستخدام":"مصنع","GlobalID":"{6041EDD4-EEE2-468C-9799-C7DCAE05CE37}","SHAPE_Length":153.7074325011742,"SHAPE_Area":1446.8631173147749},"geometry":{"type":"Polygon","coordinates":[[[31.465362,30.264485],[31.465116,30.264278],[31.464796,30.264561],[31.465042,30.264768],[31.465362,30.264485]]]}},
{"type":"Feature","properties":{"نمط_العمران":null,"اسم_المحور":"2","مساحة_التغير_كم2":0.11786700695212417,"نسبة_المساحه":null,"مساحة_التغير_بالمتر":null,"اسم_القطاع":"10","وصف_الاستخدام":"مصنع","GlobalID":"{C14CBDA7-D0D6-4369-8E1E-E4059BB66FBC}","SHAPE_Length":2283.8476862550947,"SHAPE_Area":117867.00695212417},"geometry":{"type":"Polygon","coordinates":[[[31.753044,30.141345],[31.759245,30.134393],[31.757678,30.133519],[31.757497,30.133762],[31.757943,30.134056],[31.752094,30.140704],[31.753044,30.141345]]]}},
{"type":"Feature","properties":{"نمط_العمران":null,"اسم_المحور":"2","مساحة_التغير_كم2":0.17974841621280863,"نسبة_المساحه":null,"مساحة_التغير_بالمتر":null,"اسم_القطاع":"10","وصف_الاستخدام":"مصنع","GlobalID":"{88AB1B7A-2E6B-4E1B-993D-E50089C11444}","SHAPE_Length":2429.0403441401022,"SHAPE_Area":179748.41621280863},"geometry":{"type":"Polygon","coordinates":[[[31.76554,30.14019],[31.763214,30.138828],[31.760349,30.142166],[31.759261,30.141435],[31.758101,30.142715],[31.760934,30.144638],[31.761155,30.14438],[31.761462,30.144577],[31.76262,30.143225],[31.763291,30.143656],[31.763598,30.143298],[31.762276,30.142451],[31.763208,30.141363],[31.764064,30.141912],[31.76554,30.14019]]]}},
{"type":"Feature","properties":{"نمط_العمران":null,"اسم_المحور":"2","مساحة_التغير_كم2":0.14555011833276316,"نسبة_المساحه":null,"مساحة_التغير_بالمتر":null,"اسم_القطاع":"10","وصف_الاستخدام":"مصنع","GlobalID":"{996E5096-C786-4B7C-A40C-BAB8C73B3338}","SHAPE_Length":1965.9275269110217,"SHAPE_Area":145550.11833276314},"geometry":{"type":"Polygon","coordinates":[[[31.755686,30.141077],[31.75957,30.136695],[31.760789,30.13532],[31.759245,30.134393],[31.754176,30.140076],[31.755686,30.141077]]]}},
{"type":"Feature","properties":{"نمط_العمران":null,"اسم_المحور":"2","مساحة_التغير_كم2":0.14738630489471849,"نسبة_المساحه":null,"مساحة_التغير_بالمتر":null,"اسم_القطاع":"10","وصف_الاستخدام":"مصنع","GlobalID":"{C26923AB-2A16-4FAE-8B11-CDF7610C2319}","SHAPE_Length":2007.2288894447524,"SHAPE_Area":147386.30489471849},"geometry":{"type":"Polygon","coordinates":[[[31.760934,30.144638],[31.754176,30.140076],[31.753044,30.141345],[31.759834,30.145921],[31.760934,30.144638]]]}},
{"type":"Feature","properties":{"نمط_العمران":null,"اسم_المحور":"2","مساحة_التغير_كم2":0.14372371126016209,"نسبة_المساحه":null,"مساحة_التغير_بالمتر":null,"اسم_القطاع":"10","وصف_الاستخدام":"مصنع","GlobalID":"{F2809296-D7F4-4AD4-9113-615607C9CAB4}","SHAPE_Length":1930.5930627595449,"SHAPE_Area":143723.71126016209},"geometry":{"type":"Polygon","coordinates":[[[31.767245,30.139481],[31.766534,30.13903],[31.766681,30.138856],[31.760789,30.13532],[31.75957,30.136695],[31.766256,30.140648],[31.767245,30.139481]]]}},
{"type":"Feature","properties":{"نمط_العمران":null,"اسم_المحور":"2","مساحة_التغير_كم2":0.079071786469691346,"نسبة_المساحه":null,"مساحة_التغير_بالمتر":null,"اسم_القطاع":"10","وصف_الاستخدام":"مصنع","GlobalID":"{485D8561-8B54-47AF-8A14-B36C190475FF}","SHAPE_Length":1250.2363146326149,"SHAPE_Area":79071.786469691346},"geometry":{"type":"Polygon","coordinates":[[[31.761041,30.137556],[31.75957,30.136695],[31.756737,30.139891],[31.758281,30.140836],[31.761041,30.137556]]]}},
{"type":"Feature","properties":{"نمط_العمران":null,"اسم_المحور":"2","مساحة_التغير_كم2":0.08000838312375691,"نسبة_المساحه":null,"مساحة_التغير_بالمتر":null,"اسم_القطاع":"10","وصف_الاستخدام":"مصنع","GlobalID":"{9FEB8C36-BC5E-4660-9E6E-F9D412ACD086}","SHAPE_Length":1412.2418317457573,"SHAPE_Area":80008.38312375691},"geometry":{"type":"Polygon","coordinates":[[[31.760947,30.139558],[31.762035,30.140289],[31.763214,30.138828],[31.761041,30.137556],[31.758281,30.140836],[31.759261,30.141435],[31.760947,30.139558]]]}},
{"type":"Feature","properties":{"نمط_العمران":null,"اسم_المحور":"2","مساحة_التغير_كم2":0.051288752048238351,"نسبة_المساحه":null,"مساحة_التغير_بالمتر":null,"اسم_القطاع":"10","وصف_الاستخدام":"شركة فيلو إيجي للصناعات الشكاير","GlobalID":"{001EF044-6496-47E7-9CCE-66971270B81B}","SHAPE_Length":938.9664158494511,"SHAPE_Area":51288.752048238348},"geometry":{"type":"Polygon","coordinates":[[[31.759261,30.141435],[31.756737,30.139891],[31.755686,30.141077],[31.758101,30.142715],[31.759261,30.141435]]]}},
{"type":"Feature","properties":{"نمط_العمران":null,"اسم_المحور":"2","مساحة_التغير_كم2":0.16341408379183134,"نسبة_المساحه":null,"مساحة_التغير_بالمتر":null,"اسم_القطاع":"10","وصف_الاستخدام":"مصنع","GlobalID":"{9B1DEAD6-E8B3-4AB3-83C2-A50CA96D51FE}","SHAPE_Length":3349.9521241261805,"SHAPE_Area":163414.08379183133},"geometry":{"type":"Polygon","coordinates":[[[31.762779,30.124378],[31.762146,30.124232],[31.762213,30.123854],[31.762857,30.12394],[31.762992,30.122795],[31.762423,30.122799],[31.76242,30.122533],[31.762989,30.122528],[31.763209,30.120295],[31.761257,30.120292],[31.761253,30.120438],[31.761141,30.120436],[31.761093,30.122032],[31.76068,30.121988],[31.760538,30.121747],[31.760124,30.124713],[31.759744,30.125957],[31.759389,30.126758],[31.761976,30.127485],[31.762779,30.124378]],[[31.760895,30.126852],[31.761018,30.126549],[31.761507,30.126697],[31.761383,30.127001],[31.760895,30.126852]],[[31.760784,30.124059],[31.761294,30.124172],[31.761211,30.124453],[31.760701,30.12434],[31.760784,30.124059]],[[31.761813,30.122869],[31.76236,30.122869],[31.76236,30.123217],[31.761813,30.123217],[31.761813,30.122869]],[[31.761039,30.122216],[31.761528,30.122237],[31.761497,30.122775],[31.761009,30.122754],[31.761039,30.122216]],[[31.76196,30.121121],[31.761977,30.120588],[31.762844,30.12061],[31.762827,30.121142],[31.76196,30.121121]]]}},
{"type":"Feature","properties":{"نمط_العمران":null,"اسم_المحور":"2","مساحة_التغير_كم2":0.14222128993068175,"نسبة_المساحه":null,"مساحة_التغير_بالمتر":null,"اسم_القطاع":"10","وصف_الاستخدام":"مصنع","GlobalID":"{34C62D17-9AB6-48CA-8852-9E676B0CBC50}","SHAPE_Length":1952.3415010116121,"SHAPE_Area":142221.28993068176},"geometry":{"type":"Polygon","coordinates":[[[31.77124,30.127959],[31.763697,30.126072],[31.763156,30.12803],[31.764468,30.12846],[31.764644,30.12806],[31.770761,30.12952],[31.77124,30.127959]]]}},
{"type":"Feature","properties":{"نمط_العمران":null,"اسم_المحور":"2","مساحة_التغير_كم2":0.11173392398953842,"نسبة_المساحه":null,"مساحة_التغير_بالمتر":null,"اسم_القطاع":"10","وصف_الاستخدام":"مصنع","GlobalID":"{582BE767-B56D-41CA-81BD-A7876B94C458}","SHAPE_Length":1675.0897478106617,"SHAPE_Area":111733.92398953842},"geometry":{"type":"Polygon","coordinates":[[[31.766187,30.120299],[31.764489,30.120297],[31.764214,30.123365],[31.763697,30.126072],[31.765401,30.126521],[31.765888,30.123869],[31.766187,30.120299]]]}},
{"type":"Feature","properties":{"نمط_العمران":null,"اسم_المحور":"2","مساحة_التغير_كم2":0.12158179160053485,"نسبة_المساحه":null,"مساحة_التغير_بالمتر":null,"اسم_القطاع":"10","وصف_الاستخدام":"مصنع","GlobalID":"{E8CA9A20-4320-4685-B528-0C25D4F1CD2B}","SHAPE_Length":1820.9837073744525,"SHAPE_Area":121581.79160053485},"geometry":{"type":"Polygon","coordinates":[[[31.766187,30.120299],[31.766116,30.121721],[31.773529,30.121747],[31.77405,30.121552],[31.774305,30.121112],[31.77414,30.120591],[31.773603,30.120317],[31.766187,30.120299]]]}},
{"type":"Feature","properties":{"نمط_العمران":null,"اسم_المحور":"2","مساحة_التغير_كم2":0.21525285795714816,"نسبة_المساحه":null,"مساحة_التغير_بالمتر":null,"اسم_القطاع":"10","وصف_الاستخدام":"مصنع","GlobalID":"{C38FD496-FB63-4B62-AE28-C38D5287ED59}","SHAPE_Length":3823.0821233406841,"SHAPE_Area":215252.85795714817},"geometry":{"type":"Polygon","coordinates":[[[31.759245,30.134393],[31.761054,30.132141],[31.761856,30.130811],[31.762558,30.129439],[31.763228,30.127798],[31.760024,30.126996],[31.759095,30.129164],[31.757921,30.131017],[31.757149,30.130605],[31.756873,30.130993],[31.757926,30.131607],[31.758394,30.130952],[31.758694,30.131112],[31.758861,30.130878],[31.758561,30.130718],[31.758947,30.130178],[31.759618,30.130536],[31.758512,30.132084],[31.758103,30.131865],[31.758187,30.131747],[31.757926,30.131607],[31.757451,30.132462],[31.757772,30.132428],[31.757803,30.132652],[31.757482,30.132686],[31.757645,30.133215],[31.757814,30.133337],[31.757678,30.133519],[31.759245,30.134393]],[[31.758527,30.132393],[31.758908,30.131969],[31.759143,30.132127],[31.758843,30.13246],[31.759063,30.132608],[31.758849,30.132846],[31.758667,30.132724],[31.7588,30.132577],[31.758527,30.132393]],[[31.759051,30.131778],[31.759232,30.131557],[31.759392,30.131654],[31.759212,30.131876],[31.759051,30.131778]],[[31.759326,30.129449],[31.759559,30.12899],[31.761168,30.129603],[31.760934,30.130062],[31.759326,30.129449]]]}},
{"type":"Feature","properties":{"نمط_العمران":null,"اسم_المحور":"2","مساحة_التغير_كم2":0.10241906986597873,"نسبة_المساحه":null,"مساحة_التغير_بالمتر":null,"اسم_القطاع":"10","وصف_الاستخدام":"مصنع","GlobalID":"{3C35763F-1EDE-4849-8CBD-BC4EFDC80B94}","SHAPE_Length":1898.6544354896271,"SHAPE_Area":102419.06986597873},"geometry":{"type":"Polygon","coordinates":[[[31.764489,30.120297],[31.763209,30.120295],[31.762857,30.12394],[31.762482,30.125719],[31.761976,30.127485],[31.763228,30.127798],[31.764041,30.124435],[31.764291,30.122786],[31.764489,30.120297]]]}},
{"type":"Feature","properties":{"نمط_العمران":null,"اسم_المحور":"2","مساحة_التغير_كم2":0.075667958971093727,"نسبة_المساحه":null,"مساحة_التغير_بالمتر":null,"اسم_القطاع":"10","وصف_الاستخدام":"مصنع","GlobalID":"{9489400E-C6D4-486F-BC23-06C8E06A5F4D}","SHAPE_Length":1216.4406543163932,"SHAPE_Area":75667.958971093729},"geometry":{"type":"Polygon","coordinates":[[[31.764019,30.135321],[31.760312,30.133145],[31.759245,30.134393],[31.762973,30.136631],[31.764019,30.135321]]]}},
{"type":"Feature","properties":{"نمط_العمران":null,"اسم_المحور":"2","مساحة_التغير_كم2":0.059349353522384567,"نسبة_المساحه":null,"مساحة_التغير_بالمتر":null,"اسم_القطاع":"10","وصف_الاستخدام":"مصنع","GlobalID":"{5ECBD30D-3212-4A8C-91D9-B1FDA64C469D}","SHAPE_Length":1022.0365508117684,"SHAPE_Area":59349.353522384568},"geometry":{"type":"Polygon","coordinates":[[[31.766874,30.136996],[31.764019,30.135321],[31.762973,30.136631],[31.76582,30.138339],[31.766874,30.136996]]]}},
{"type":"Feature","properties":{"نمط_العمران":null,"اسم_المحور":"2","مساحة_التغير_كم2":0.056350246047863262,"نسبة_المساحه":null,"مساحة_التغير_بالمتر":null,"اسم_القطاع":"10","وصف_الاستخدام":"MG GROUP","GlobalID":"{E371E774-387B-4AFD-8BCD-25F2B6F0E8FB}","SHAPE_Length":1257.0825257535421,"SHAPE_Area":56350.246047863264},"geometry":{"type":"Polygon","coordinates":[[[31.76582,30.138339],[31.766681,30.138856],[31.76821,30.136889],[31.769414,30.134747],[31.768491,30.134238],[31.766874,30.136996],[31.76582,30.138339]]]}},
{"type":"Feature","properties":{"نمط_العمران":null,"اسم_المحور":"2","مساحة_التغير_كم2":0.12266865054470573,"نسبة_المساحه":null,"مساحة_التغير_بالمتر":null,"اسم_القطاع":"10","وصف_الاستخدام":"مصنع","GlobalID":"{F48F29EA-5C7C-44FE-A647-1EFF3832744A}","SHAPE_Length":1409.3404633235928,"SHAPE_Area":122668.65054470573},"geometry":{"type":"Polygon","coordinates":[[[31.777521,30.220347],[31.779978,30.217583],[31.777359,30.215869],[31.774882,30.218695],[31.777521,30.220347]]]}},
{"type":"Feature","properties":{"نمط_العمران":null,"اسم_المحور":"2","مساحة_التغير_كم2":0.09709748180023875,"نسبة_المساحه":null,"مساحة_التغير_بالمتر":null,"اسم_القطاع":"10","وصف_الاستخدام":"مصنع","GlobalID":"{010AE501-9DFD-4D1C-8219-FAEB40B31BED}","SHAPE_Length":1255.7499721343604,"SHAPE_Area":97097.481800238747},"geometry":{"type":"Polygon","coordinates":[[[31.775826,30.222254],[31.777521,30.220347],[31.774882,30.218695],[31.772916,30.220938],[31.775277,30.222483],[31.775605,30.222109],[31.775826,30.222254]]]}},
{"type":"Feature","properties":{"نمط_العمران":null,"اسم_المحور":"2","مساحة_التغير_كم2":0.095102811900727308,"نسبة_المساحه":null,"مساحة_التغير_بالمتر":null,"اسم_القطاع":"10","وصف_الاستخدام":"مصنع","GlobalID":"{ADA580A1-29B2-46F0-BB9C-E70EEF76DEF0}","SHAPE_Length":1238.8828368846862,"SHAPE_Area":95102.811900727305},"geometry":{"type":"Polygon","coordinates":[[[31.782817,30.219441],[31.779978,30.217583],[31.778205,30.219578],[31.780944,30.221421],[31.782817,30.219441]]]}},
{"type":"Feature","properties":{"نمط_العمران":null,"اسم_المحور":"2","مساحة_التغير_كم2":0.093861008863132908,"نسبة_المساحه":null,"مساحة_التغير_بالمتر":null,"اسم_القطاع":"10","وصف_الاستخدام":"مصنع","GlobalID":"{9EEF9A1F-F7DA-4130-AF18-602F2F4BA79B}","SHAPE_Length":1531.3442834289674,"SHAPE_Area":93861.008863132913},"geometry":{"type":"Polygon","coordinates":[[[31.78323,30.222959],[31.778205,30.219578],[31.777241,30.220662],[31.782256,30.22407],[31.78323,30.222959]]]}},
{"type":"Feature","properties":{"نمط_العمران":null,"اسم_المحور":"2","مساحة_التغير_كم2":0.081743305306546846,"نسبة_المساحه":null,"مساحة_التغير_بالمتر":null,"اسم_القطاع":"10","وصف_الاستخدام":"مصنع","GlobalID":"{7202FAB6-08AB-4FFC-BD96-4909C3D4FC8A}","SHAPE_Length":1568.6256087341787,"SHAPE_Area":81743.305306546841},"geometry":{"type":"Polygon","coordinates":[[[31.782817,30.219441],[31.780944,30.221421],[31.78323,30.222959],[31.784068,30.222003],[31.784859,30.22252],[31.785829,30.221413],[31.785039,30.220896],[31.784219,30.221831],[31.783523,30.221376],[31.784343,30.22044],[31.782817,30.219441]]]}},
{"type":"Feature","properties":{"نمط_العمران":null,"اسم_المحور":"2","مساحة_التغير_كم2":0.067011681828238079,"نسبة_المساحه":null,"مساحة_التغير_بالمتر":null,"اسم_القطاع":"10","وصف_الاستخدام":"مصنع","GlobalID":"{38A394FB-ECE9-4422-81CD-35486D20DE00}","SHAPE_Length":1047.9244861735701,"SHAPE_Area":67011.681828238085},"geometry":{"type":"Polygon","coordinates":[[[31.779714,30.222342],[31.777241,30.220662],[31.775826,30.222254],[31.778429,30.223903],[31.779714,30.222342]]]}},
{"type":"Feature","properties":{"نمط_العمران":null,"اسم_المحور":"2","مساحة_التغير_كم2":0.14632348626320457,"نسبة_المساحه":null,"مساحة_التغير_بالمتر":null,"اسم_القطاع":"10","وصف_الاستخدام":"مصنع","GlobalID":"{5F602763-ABC7-4EEE-824A-6513C3F72AD6}","SHAPE_Length":1708.7940303756188,"SHAPE_Area":146323.48626320457},"geometry":{"type":"Polygon","coordinates":[[[31.782256,30.22407],[31.779714,30.222342],[31.778429,30.223903],[31.777039,30.223048],[31.775958,30.224281],[31.779854,30.22681],[31.782256,30.22407]]]}},
{"type":"Feature","properties":{"نمط_العمران":null,"اسم_المحور":"2","مساحة_التغير_كم2":0.13572981330269951,"نسبة_المساحه":null,"مساحة_التغير_بالمتر":null,"اسم_القطاع":"10","وصف_الاستخدام":"مصنع","GlobalID":"{5550EC16-5939-4AC3-A872-45122E3F8287}","SHAPE_Length":1747.9779290210813,"SHAPE_Area":135729.81330269951},"geometry":{"type":"Polygon","coordinates":[[[31.770064,30.230126],[31.766699,30.227808],[31.766517,30.228008],[31.766402,30.227933],[31.766111,30.228265],[31.764518,30.227222],[31.763356,30.228509],[31.767767,30.231481],[31.768379,30.230804],[31.769046,30.231254],[31.770064,30.230126]]]}},
{"type":"Feature","properties":{"نمط_العمران":null,"اسم_المحور":"2","مساحة_التغير_كم2":0.24712212027698302,"نسبة_المساحه":null,"مساحة_التغير_بالمتر":null,"اسم_القطاع":"10","وصف_الاستخدام":"مصنع","GlobalID":"{2D0643C3-B37D-45B1-A6A6-9A823C2BE8E1}","SHAPE_Length":2350.6030722591081,"SHAPE_Area":247122.12027698301},"geometry":{"type":"Polygon","coordinates":[[[31.779854,30.22681],[31.772163,30.221797],[31.770471,30.223659],[31.774086,30.226153],[31.777605,30.2284],[31.778145,30.228386],[31.778631,30.228178],[31.779854,30.22681]]]}},
{"type":"Feature","properties":{"نمط_العمران":null,"اسم_المحور":"2","مساحة_التغير_كم2":0.074128386464557897,"نسبة_المساحه":null,"مساحة_التغير_بالمتر":null,"اسم_القطاع":"10","وصف_الاستخدام":"مصنع","GlobalID":"{13D44A9E-9A68-4DC7-89CF-F0CFE4B0C97F}","SHAPE_Length":1430.7965546886019,"SHAPE_Area":74128.386464557901},"geometry":{"type":"Polygon","coordinates":[[[31.771574,30.224371],[31.770471,30.223659],[31.766699,30.227808],[31.767649,30.228499],[31.771574,30.224371]]]}},
{"type":"Feature","properties":{"نمط_العمران":null,"اسم_المحور":"2","مساحة_التغير_كم2":0.10885488296738323,"نسبة_المساحه":null,"مساحة_التغير_بالمتر":null,"اسم_القطاع":"10","وصف_الاستخدام":"مصنع","GlobalID":"{DF9E39DD-E43F-483A-AE1A-6DDDFBD06BCA}","SHAPE_Length":2050.4705822138703,"SHAPE_Area":108854.88296738322},"geometry":{"type":"Polygon","coordinates":[[[31.774954,30.236531],[31.776088,30.235339],[31.775527,30.23494],[31.775146,30.235341],[31.771952,30.233074],[31.772853,30.232126],[31.771465,30.23114],[31.770532,30.232122],[31.769903,30.231675],[31.769181,30.232434],[31.774954,30.236531]]]}},
{"type":"Feature","properties":{"نمط_العمران":null,"اسم_المحور":"2","مساحة_التغير_كم2":0.037409210236716013,"نسبة_المساحه":null,"مساحة_التغير_بالمتر":null,"اسم_القطاع":"10","وصف_الاستخدام":"مصنع","GlobalID":"{92E64CDE-6187-4F87-8D31-E5C844C49233}","SHAPE_Length":804.04102287114495,"SHAPE_Area":37409.210236716011},"geometry":{"type":"Polygon","coordinates":[[[31.773924,30.230999],[31.772008,30.229622],[31.771078,30.2306],[31.771616,30.230982],[31.771465,30.23114],[31.772853,30.232126],[31.773924,30.230999]]]}},
{"type":"Feature","properties":{"نمط_العمران":null,"اسم_المحور":"2","مساحة_التغير_كم2":0.15489181556962764,"نسبة_المساحه":null,"مساحة_التغير_بالمتر":null,"اسم_القطاع":"10","وصف_الاستخدام":"مصنع","GlobalID":"{67228ACE-A57A-4455-8EFC-76CED2085EED}","SHAPE_Length":3203.9365017485652,"SHAPE_Area":154891.81556962765},"geometry":{"type":"Polygon","coordinates":[[[31.758343,30.220607],[31.753745,30.217392],[31.753022,30.21823],[31.754544,30.21921],[31.75341,30.220524],[31.755349,30.221718],[31.75629,30.220789],[31.756751,30.221137],[31.75581,30.222067],[31.756642,30.222709],[31.75611,30.223289],[31.757865,30.224493],[31.759461,30.222755],[31.758591,30.222158],[31.757833,30.222983],[31.756807,30.222279],[31.758343,30.220607]],[[31.755804,30.220136],[31.756187,30.220423],[31.755305,30.221302],[31.754922,30.221015],[31.755804,30.220136]]]}},
{"type":"Feature","properties":{"نمط_العمران":null,"اسم_المحور":"2","مساحة_التغير_كم2":0.28219111346448872,"نسبة_المساحه":null,"مساحة_التغير_بالمتر":null,"اسم_القطاع":"10","وصف_الاستخدام":"مصنع","GlobalID":"{19C10D84-6229-4CED-A487-12301833B09C}","SHAPE_Length":3065.2668352547344,"SHAPE_Area":282191.11346448871},"geometry":{"type":"Polygon","coordinates":[[[31.758271,30.210847],[31.760854,30.208059],[31.75962,30.207227],[31.761487,30.20516],[31.759875,30.204072],[31.759061,30.204973],[31.757302,30.203786],[31.758116,30.202885],[31.756801,30.201999],[31.754162,30.204921],[31.75803,30.207608],[31.757066,30.208645],[31.757945,30.209256],[31.757148,30.210113],[31.758271,30.210847]]]}},
{"type":"Feature","properties":{"نمط_العمران":null,"اسم_المحور":"2","مساحة_التغير_كم2":0.099295765936168692,"نسبة_المساحه":null,"مساحة_التغير_بالمتر":null,"اسم_القطاع":"10","وصف_الاستخدام":"مصنع","GlobalID":"{3EE89BB8-E23E-4C91-88BE-63859FF2448B}","SHAPE_Length":1516.7199939925556,"SHAPE_Area":99295.765936168696},"geometry":{"type":"Polygon","coordinates":[[[31.75341,30.213796],[31.749672,30.211241],[31.748334,30.212781],[31.751968,30.21514],[31.752506,30.21452],[31.75345,30.215133],[31.753845,30.214679],[31.753076,30.21418],[31.75341,30.213796]]]}},
{"type":"Feature","properties":{"نمط_العمران":null,"اسم_المحور":"2","مساحة_التغير_كم2":0.40144518552537534,"نسبة_المساحه":null,"مساحة_التغير_بالمتر":null,"اسم_القطاع":"10","وصف_الاستخدام":"مصنع","GlobalID":"{D5B69CED-AA35-4445-AF3F-0C82DEB7FC07}","SHAPE_Length":2761.5380570180569,"SHAPE_Area":401445.18552537536},"geometry":{"type":"Polygon","coordinates":[[[31.790614,30.224824],[31.786157,30.221791],[31.785272,30.222716],[31.785951,30.223201],[31.781366,30.22799],[31.785382,30.230673],[31.790614,30.224824]]]}},
{"type":"Feature","properties":{"نمط_العمران":null,"اسم_المحور":"2","مساحة_التغير_كم2":0.26880967771598085,"نسبة_المساحه":null,"مساحة_التغير_بالمتر":null,"اسم_القطاع":"10","وصف_الاستخدام":"مصنع","GlobalID":"{B437A374-1461-49DF-B394-B41410C5454A}","SHAPE_Length":2295.6991690907607,"SHAPE_Area":268809.67771598086},"geometry":{"type":"Polygon","coordinates":[[[31.788057,30.232476],[31.793311,30.226659],[31.790614,30.224824],[31.785382,30.230673],[31.788057,30.232476]]]}},
{"type":"Feature","properties":{"نمط_العمران":null,"اسم_المحور":"2","مساحة_التغير_كم2":0.22916043209377135,"نسبة_المساحه":null,"مساحة_التغير_بالمتر":null,"اسم_القطاع":"10","وصف_الاستخدام":"مصنع","GlobalID":"{D9212465-7512-43BE-9CBA-720F0FC85001}","SHAPE_Length":2541.8705412872073,"SHAPE_Area":229160.43209377135},"geometry":{"type":"Polygon","coordinates":[[[31.781813,30.234529],[31.779178,30.232956],[31.776576,30.231156],[31.77467,30.233147],[31.781065,30.237717],[31.781949,30.236793],[31.780581,30.235816],[31.781048,30.235329],[31.782415,30.236306],[31.783181,30.235507],[31.781813,30.234529]]]}},
{"type":"Feature","properties":{"نمط_العمران":null,"اسم_المحور":"2","مساحة_التغير_كم2":0.23282218931694076,"نسبة_المساحه":null,"مساحة_التغير_بالمتر":null,"اسم_القطاع":"10","وصف_الاستخدام":"مصنع","GlobalID":"{5A9B8041-29EA-493E-96D5-E69EE83F3C69}","SHAPE_Length":2193.6532287979721,"SHAPE_Area":232822.18931694076},"geometry":{"type":"Polygon","coordinates":[[[31.788057,30.232476],[31.781366,30.22799],[31.779425,30.230018],[31.786098,30.234388],[31.788057,30.232476]]]}},
{"type":"Feature","properties":{"نمط_العمران":null,"اسم_المحور":"2","مساحة_التغير_كم2":0.1297169560592952,"نسبة_المساحه":null,"مساحة_التغير_بالمتر":null,"اسم_القطاع":"10","وصف_الاستخدام":"مصنع","GlobalID":"{38C2BC50-12E1-4E4E-8462-E72A28E583BF}","SHAPE_Length":2054.4280161381103,"SHAPE_Area":129716.95605929519},"geometry":{"type":"Polygon","coordinates":[[[31.781813,30.234529],[31.783548,30.232717],[31.779059,30.229756],[31.778174,30.230681],[31.777496,30.230196],[31.776576,30.231156],[31.777289,30.231605],[31.777955,30.230909],[31.778927,30.231604],[31.779146,30.231375],[31.780064,30.232031],[31.779178,30.232956],[31.781813,30.234529]]]}},
{"type":"Feature","properties":{"نمط_العمران":null,"اسم_المحور":"2","مساحة_التغير_كم2":0.059454152016268046,"نسبة_المساحه":null,"مساحة_التغير_بالمتر":null,"اسم_القطاع":"10","وصف_الاستخدام":"مصنع","GlobalID":"{FB418DE3-7C23-4C8D-83B2-3ED7FC420CAF}","SHAPE_Length":1091.2574565805073,"SHAPE_Area":59454.152016268046},"geometry":{"type":"Polygon","coordinates":[[[31.78439,30.23607],[31.786098,30.234388],[31.783548,30.232717],[31.782523,30.233788],[31.78389,30.234766],[31.783352,30.235328],[31.78439,30.23607]]]}},
{"type":"Feature","properties":{"نمط_العمران":null,"اسم_المحور":"2","مساحة_التغير_كم2":0.18680152612066467,"نسبة_المساحه":null,"مساحة_التغير_بالمتر":null,"اسم_القطاع":"10","وصف_الاستخدام":"مصنع","GlobalID":"{CCD21F4A-B9E3-4A3D-AF46-87576E33A4F7}","SHAPE_Length":2150.6865331755944,"SHAPE_Area":186801.52612066467},"geometry":{"type":"Polygon","coordinates":[[[31.792542,30.236755],[31.789728,30.234873],[31.791409,30.232996],[31.789026,30.231402],[31.786098,30.234388],[31.791454,30.237969],[31.792542,30.236755]]]}},
{"type":"Feature","properties":{"نمط_العمران":null,"اسم_المحور":"2","مساحة_التغير_كم2":0.15229768394643622,"نسبة_المساحه":null,"مساحة_التغير_بالمتر":null,"اسم_القطاع":"10","وصف_الاستخدام":"مصنع","GlobalID":"{6C329A44-584E-4B5D-8313-FEC45668B446}","SHAPE_Length":1559.7341258637982,"SHAPE_Area":152297.68394643621},"geometry":{"type":"Polygon","coordinates":[[[31.799904,30.233952],[31.797937,30.232536],[31.796864,30.231902],[31.794194,30.234789],[31.797337,30.236812],[31.799904,30.233952]]]}},
{"type":"Feature","properties":{"نمط_العمران":null,"اسم_المحور":"2","مساحة_التغير_كم2":0.041926843425672385,"نسبة_المساحه":null,"مساحة_التغير_بالمتر":null,"اسم_القطاع":"10","وصف_الاستخدام":"مصنع","GlobalID":"{2229D905-11BF-4AFC-BF77-9D207D8D077B}","SHAPE_Length":846.43893194647148,"SHAPE_Area":41926.843425672385},"geometry":{"type":"Polygon","coordinates":[[[31.792724,30.233843],[31.791409,30.232996],[31.789728,30.234873],[31.791037,30.235748],[31.792724,30.233843]]]}},
{"type":"Feature","properties":{"نمط_العمران":null,"اسم_المحور":"2","مساحة_التغير_كم2":0.14307322018075752,"نسبة_المساحه":null,"مساحة_التغير_بالمتر":null,"اسم_القطاع":"10","وصف_الاستخدام":"مصنع","GlobalID":"{7EA726A5-286B-4549-AFB5-62BEDFF37B91}","SHAPE_Length":1610.5221925016692,"SHAPE_Area":143073.22018075752},"geometry":{"type":"Polygon","coordinates":[[[31.797337,30.236812],[31.792724,30.233843],[31.791037,30.235748],[31.792542,30.236755],[31.79574,30.238521],[31.797337,30.236812]]]}},
{"type":"Feature","properties":{"نمط_العمران":null,"اسم_المحور":"2","مساحة_التغير_كم2":0.17004734037477701,"نسبة_المساحه":null,"مساحة_التغير_بالمتر":null,"اسم_القطاع":"10","وصف_الاستخدام":"مصنع","GlobalID":"{94E8BFFA-4086-4D4B-BB05-7A7CE21788BF}","SHAPE_Length":2205.4108867784507,"SHAPE_Area":170047.34037477701},"geometry":{"type":"Polygon","coordinates":[[[31.79574,30.238521],[31.792542,30.236755],[31.790097,30.239574],[31.793028,30.241423],[31.794233,30.240134],[31.796041,30.241395],[31.796447,30.240961],[31.795607,30.240376],[31.795954,30.240005],[31.794985,30.239329],[31.795405,30.238879],[31.796378,30.239558],[31.796713,30.239199],[31.79574,30.238521]]]}},
{"type":"Feature","properties":{"نمط_العمران":null,"اسم_المحور":"2","مساحة_التغير_كم2":0.14531420951398433,"نسبة_المساحه":null,"مساحة_التغير_بالمتر":null,"اسم_القطاع":"10","وصف_الاستخدام":"مصنع","GlobalID":"{9E215F22-8915-4A7D-B311-CB638A80E8EA}","SHAPE_Length":1759.7673299432579,"SHAPE_Area":145314.20951398433},"geometry":{"type":"Polygon","coordinates":[[[31.791454,30.237969],[31.786098,30.234388],[31.784596,30.235854],[31.790097,30.239574],[31.791454,30.237969]]]}},
{"type":"Feature","properties":{"نمط_العمران":null,"اسم_المحور":"2","مساحة_التغير_كم2":0.15185913390506695,"نسبة_المساحه":null,"مساحة_التغير_بالمتر":null,"اسم_القطاع":"10","وصف_الاستخدام":"مصنع","GlobalID":"{21E1EBF1-093E-4895-A51C-90505723781A}","SHAPE_Length":2120.0573975300917,"SHAPE_Area":151859.13390506693},"geometry":{"type":"Polygon","coordinates":[[[31.793028,30.241423],[31.788666,30.238614],[31.786883,30.240319],[31.792214,30.244128],[31.792465,30.243861],[31.791426,30.243137],[31.792194,30.242315],[31.793275,30.243069],[31.793578,30.242745],[31.792497,30.241991],[31.793028,30.241423]]]}},
{"type":"Feature","properties":{"نمط_العمران":null,"اسم_المحور":"2","مساحة_التغير_كم2":0.089552060154671834,"نسبة_المساحه":null,"مساحة_التغير_بالمتر":null,"اسم_القطاع":"10","وصف_الاستخدام":"مصنع","GlobalID":"{80AB01E7-CA5C-44F6-A97E-70DF3CBED136}","SHAPE_Length":1446.5610143812191,"SHAPE_Area":89552.060154671839},"geometry":{"type":"Polygon","coordinates":[[[31.786645,30.240568],[31.788666,30.238614],[31.785248,30.23632],[31.784695,30.236898],[31.784454,30.236726],[31.78397,30.237231],[31.786103,30.238755],[31.785311,30.239583],[31.786645,30.240568]]]}},
{"type":"Feature","properties":{"نمط_العمران":null,"اسم_المحور":"2","مساحة_التغير_كم2":0.04520571990418501,"نسبة_المساحه":null,"مساحة_التغير_بالمتر":null,"اسم_القطاع":"10","وصف_الاستخدام":"مصنع","GlobalID":"{B0CF18F7-FBF4-4DBA-8BE2-6D3D7C036B0C}","SHAPE_Length":871.71087075865876,"SHAPE_Area":45205.719904185011},"geometry":{"type":"Polygon","coordinates":[[[31.786645,30.240568],[31.784519,30.239017],[31.78339,30.240198],[31.785533,30.241729],[31.786645,30.240568]]]}},
{"type":"Feature","properties":{"نمط_العمران":null,"اسم_المحور":"2","مساحة_التغير_كم2":0.10057405679727535,"نسبة_المساحه":null,"مساحة_التغير_بالمتر":null,"اسم_القطاع":"10","وصف_الاستخدام":"مصنع","GlobalID":"{89A05862-82DE-446A-8216-51C4457CED22}","SHAPE_Length":1764.4625983785272,"SHAPE_Area":100574.05679727535},"geometry":{"type":"Polygon","coordinates":[[[31.781925,30.239151],[31.781094,30.238558],[31.780648,30.239024],[31.778561,30.237533],[31.779247,30.236816],[31.7774,30.235496],[31.775933,30.237027],[31.780704,30.240436],[31.781925,30.239151]]]}},
{"type":"Feature","properties":{"نمط_العمران":null,"اسم_المحور":"2","مساحة_التغير_كم2":0.14578498478461202,"نسبة_المساحه":null,"مساحة_التغير_بالمتر":null,"اسم_القطاع":"10","وصف_الاستخدام":"مصنع","GlobalID":"{9497145D-D813-4EC0-83A7-565DF9ABD738}","SHAPE_Length":1530.1204906890894,"SHAPE_Area":145784.98478461202},"geometry":{"type":"Polygon","coordinates":[[[31.802888,30.236002],[31.799904,30.233952],[31.797337,30.236812],[31.800172,30.238838],[31.802888,30.236002]]]}},
{"type":"Feature","properties":{"نمط_العمران":null,"اسم_المحور":"2","مساحة_التغير_كم2":0.095497345727491814,"نسبة_المساحه":null,"مساحة_التغير_بالمتر":null,"اسم_القطاع":"10","وصف_الاستخدام":"مصنع","GlobalID":"{FCBBB5F2-DED6-4B93-94B9-D13653BFA709}","SHAPE_Length":1269.260930280672,"SHAPE_Area":95497.345727491818},"geometry":{"type":"Polygon","coordinates":[[[31.801467,30.23221],[31.799904,30.233952],[31.803038,30.236109],[31.804679,30.234396],[31.801467,30.23221]]]}},
{"type":"Feature","properties":{"نمط_العمران":null,"اسم_المحور":"2","مساحة_التغير_كم2":0.11590613010926891,"نسبة_المساحه":null,"مساحة_التغير_بالمتر":null,"اسم_القطاع":"10","وصف_الاستخدام":"مصنع","GlobalID":"{C1905D2C-A138-4E6D-AD12-8F4C09D08426}","SHAPE_Length":1823.366621282968,"SHAPE_Area":115906.13010926891},"geometry":{"type":"Polygon","coordinates":[[[31.801467,30.23221],[31.797074,30.229221],[31.795414,30.230961],[31.797937,30.232536],[31.798735,30.231669],[31.799767,30.232379],[31.798969,30.233246],[31.799904,30.233952],[31.801467,30.23221]]]}},
{"type":"Feature","properties":{"نمط_العمران":null,"اسم_المحور":"2","مساحة_التغير_كم2":0.20029660219182785,"نسبة_المساحه":null,"مساحة_التغير_بالمتر":null,"اسم_القطاع":"10","وصف_الاستخدام":"مصنع","GlobalID":"{D15AE9F9-F42B-4056-A292-3D8FF9B4E216}","SHAPE_Length":1795.5542017150492,"SHAPE_Area":200296.60219182784},"geometry":{"type":"Polygon","coordinates":[[[31.794268,30.232277],[31.797074,30.229221],[31.793311,30.226659],[31.790456,30.229819],[31.794268,30.232277]]]}},
{"type":"Feature","properties":{"نمط_العمران":null,"اسم_المحور":"2","مساحة_التغير_كم2":0.14218390704610404,"نسبة_المساحه":null,"مساحة_التغير_بالمتر":null,"اسم_القطاع":"10","وصف_الاستخدام":"مصنع","GlobalID":"{36ED9D67-5C18-429D-8AB7-EDA4B7AB17E6}","SHAPE_Length":1704.8991831137394,"SHAPE_Area":142183.90704610402},"geometry":{"type":"Polygon","coordinates":[[[31.795719,30.233219],[31.790456,30.229819],[31.789026,30.231402],[31.794194,30.234789],[31.795719,30.233219]]]}},
{"type":"Feature","properties":{"نمط_العمران":null,"اسم_المحور":"2","مساحة_التغير_كم2":0.057533490952654344,"نسبة_المساحه":null,"مساحة_التغير_بالمتر":null,"اسم_القطاع":"10","وصف_الاستخدام":"مصنع","GlobalID":"{DA4087F1-4A01-41B5-937C-D8445D2E1E96}","SHAPE_Length":1013.7065523487838,"SHAPE_Area":57533.490952654342},"geometry":{"type":"Polygon","coordinates":[[[31.8298,30.288038],[31.83182,30.285657],[31.830579,30.284724],[31.828239,30.287046],[31.8298,30.288038]]]}},
{"type":"Feature","properties":{"نمط_العمران":null,"اسم_المحور":"2","مساحة_التغير_كم2":0.1553820089990757,"نسبة_المساحه":null,"مساحة_التغير_بالمتر":null,"اسم_القطاع":"10","وصف_الاستخدام":"مصنع","GlobalID":"{B5CB2CE8-B4E3-4CCE-BC38-B724BB2E5CA6}","SHAPE_Length":2123.4074368981319,"SHAPE_Area":155382.00899907571},"geometry":{"type":"Polygon","coordinates":[[[31.837851,30.289808],[31.837744,30.289322],[31.837371,30.288887],[31.836899,30.288666],[31.832115,30.285364],[31.83079,30.286872],[31.837113,30.291226],[31.837851,30.289808]],[[31.833849,30.287887],[31.834307,30.28742],[31.834596,30.287632],[31.834137,30.288098],[31.833849,30.287887]]]}},
{"type":"Feature","properties":{"نمط_العمران":null,"اسم_المحور":"2","مساحة_التغير_كم2":0.15580033940818452,"نسبة_المساحه":null,"مساحة_التغير_بالمتر":null,"اسم_القطاع":"10","وصف_الاستخدام":"مصنع","GlobalID":"{A0302A4C-70E3-4FE4-955C-2AFA55BAC559}","SHAPE_Length":2609.4843654745159,"SHAPE_Area":155800.33940818452},"geometry":{"type":"Polygon","coordinates":[[[31.83079,30.286872],[31.8298,30.288038],[31.829627,30.288574],[31.833547,30.291182],[31.833704,30.290962],[31.835488,30.292221],[31.83597,30.291735],[31.836535,30.292152],[31.836053,30.292638],[31.836736,30.293101],[31.837113,30.291226],[31.83079,30.286872]],[[31.831267,30.288245],[31.831656,30.287811],[31.832008,30.288046],[31.831619,30.28848],[31.831267,30.288245]],[[31.833402,30.29074],[31.833723,30.290416],[31.834024,30.290638],[31.833704,30.290962],[31.833402,30.29074]]]}},
{"type":"Feature","properties":{"نمط_العمران":null,"اسم_المحور":"2","مساحة_التغير_كم2":0.060424501525755368,"نسبة_المساحه":null,"مساحة_التغير_بالمتر":null,"اسم_القطاع":"10","وصف_الاستخدام":"مصنع","GlobalID":"{738A9475-AFFE-401F-BE93-C8A5F2BE0E30}","SHAPE_Length":1207.4367893335902,"SHAPE_Area":60424.501525755368},"geometry":{"type":"Polygon","coordinates":[[[31.833547,30.291182],[31.829627,30.288574],[31.829136,30.288637],[31.829115,30.289323],[31.829353,30.289858],[31.832877,30.292121],[31.833547,30.291182]]]}},
{"type":"Feature","properties":{"نمط_العمران":null,"اسم_المحور":"2","مساحة_التغير_كم2":0.0949202115653415,"نسبة_المساحه":null,"مساحة_التغير_بالمتر":null,"اسم_القطاع":"10","وصف_الاستخدام":"مصنع","GlobalID":"{491B1264-18A7-4A52-BF75-6A242A148CE8}","SHAPE_Length":1494.4789682219428,"SHAPE_Area":94920.211565341495},"geometry":{"type":"Polygon","coordinates":[[[31.833238,30.284251],[31.832115,30.285364],[31.836899,30.288666],[31.837952,30.28754],[31.833238,30.284251]]]}},
{"type":"Feature","properties":{"نمط_العمران":null,"اسم_المحور":"2","مساحة_التغير_كم2":0.075563266689535585,"نسبة_المساحه":null,"مساحة_التغير_بالمتر":null,"اسم_القطاع":"10","وصف_الاستخدام":"مصنع","GlobalID":"{8DABCACB-7657-4B99-B8A2-DC50C9C46848}","SHAPE_Length":1103.6573362398728,"SHAPE_Area":75563.26668953558},"geometry":{"type":"Polygon","coordinates":[[[31.838904,30.291603],[31.838025,30.294197],[31.840542,30.294833],[31.841421,30.292239],[31.838904,30.291603]]]}},
{"type":"Feature","properties":{"نمط_العمران":null,"اسم_المحور":"2","مساحة_التغير_كم2":0.071757824212224708,"نسبة_المساحه":null,"مساحة_التغير_بالمتر":null,"اسم_القطاع":"10","وصف_الاستخدام":"مصنع","GlobalID":"{99388E27-1E62-4CF5-B940-8FB114412AD8}","SHAPE_Length":1408.2845276454336,"SHAPE_Area":71757.824212224703},"geometry":{"type":"Polygon","coordinates":[[[31.823385,30.293195],[31.826737,30.289813],[31.827208,30.289262],[31.826453,30.288774],[31.825763,30.28957],[31.825436,30.289359],[31.822236,30.292382],[31.823385,30.293195]]]}},
{"type":"Feature","properties":{"نمط_العمران":null,"اسم_المحور":"2","مساحة_التغير_كم2":0.18900725841460181,"نسبة_المساحه":null,"مساحة_التغير_بالمتر":null,"اسم_القطاع":"10","وصف_الاستخدام":"مصنع","GlobalID":"{08637EA3-C5E3-470E-B9F0-38802BEFB5D3}","SHAPE_Length":2899.3030594792222,"SHAPE_Area":189007.25841460182},"geometry":{"type":"Polygon","coordinates":[[[31.83032,30.296053],[31.829304,30.296263],[31.829068,30.295416],[31.828545,30.295214],[31.826955,30.294283],[31.826228,30.295046],[31.825603,30.294602],[31.826329,30.293839],[31.825789,30.29346],[31.825063,30.294229],[31.824425,30.29378],[31.825151,30.293011],[31.824236,30.292336],[31.822585,30.294037],[31.826801,30.296746],[31.827232,30.296306],[31.827622,30.29659],[31.82719,30.297031],[31.830166,30.299106],[31.830666,30.298962],[31.830911,30.298514],[31.83032,30.296053]]]}},
{"type":"Feature","properties":{"نمط_العمران":null,"اسم_المحور":"2","مساحة_التغير_كم2":0.043011472134670367,"نسبة_المساحه":null,"مساحة_التغير_بالمتر":null,"اسم_القطاع":"10","وصف_الاستخدام":"مصنع","GlobalID":"{441AA426-7133-4FBA-8761-51DEC8359343}","SHAPE_Length":834.12496988321266,"SHAPE_Area":43011.472134670366},"geometry":{"type":"Polygon","coordinates":[[[32.184486,30.605636],[32.182468,30.606762],[32.183547,30.608193],[32.185536,30.607029],[32.184486,30.605636]]]}},
{"type":"Feature","properties":{"نمط_العمران":null,"اسم_المحور":"2","مساحة_التغير_كم2":0.11882225249743565,"نسبة_المساحه":null,"مساحة_التغير_بالمتر":null,"اسم_القطاع":"10","وصف_الاستخدام":"مصنع","GlobalID":"{D378181D-F686-4957-BC6D-7CBC131E9898}","SHAPE_Length":1814.5040443061496,"SHAPE_Area":118822.25249743565},"geometry":{"type":"Polygon","coordinates":[[[32.193543,30.60674],[32.194857,30.60616],[32.194126,30.605054],[32.195252,30.604503],[32.192751,30.600719],[32.192258,30.60096],[32.192402,30.601354],[32.191881,30.601495],[32.192397,30.602419],[32.19104,30.60298],[32.191329,30.603497],[32.191658,30.603361],[32.193543,30.60674]]]}},
{"type":"Feature","properties":{"نمط_العمران":null,"اسم_المحور":"2","مساحة_التغير_كم2":0.0012736790239787931,"نسبة_المساحه":null,"مساحة_التغير_بالمتر":null,"اسم_القطاع":"10","وصف_الاستخدام":"مصنع","GlobalID":"{549701A8-7DA4-43E3-8664-635EA032026B}","SHAPE_Length":144.65826977493751,"SHAPE_Area":1273.6790239787931},"geometry":{"type":"Polygon","coordinates":[[[31.677084,30.200863],[31.676776,30.201131],[31.677004,30.201326],[31.677305,30.201052],[31.677084,30.200863]]]}},
{"type":"Feature","properties":{"نمط_العمران":null,"اسم_المحور":"2","مساحة_التغير_كم2":0.0041097537075721934,"نسبة_المساحه":null,"مساحة_التغير_بالمتر":null,"اسم_القطاع":"10","وصف_الاستخدام":"مخزن","GlobalID":"{2FEAD2E6-E7DD-4775-8239-F31F7A55F47D}","SHAPE_Length":274.51304887043693,"SHAPE_Area":4109.753707572193},"geometry":{"type":"Polygon","coordinates":[[[31.676049,30.199979],[31.675719,30.200283],[31.676435,30.20084],[31.676742,30.200571],[31.676049,30.199979]]]}},
{"type":"Feature","properties":{"نمط_العمران":null,"اسم_المحور":"2","مساحة_التغير_كم2":0.044942006800317534,"نسبة_المساحه":null,"مساحة_التغير_بالمتر":null,"اسم_القطاع":"10","وصف_الاستخدام":"محطة ( خلط الخرسانة المركزية) بالعاشر من رمضان ","GlobalID":"{02014D18-96A7-4E37-B652-783176A88CB9}","SHAPE_Length":886.53624494951407,"SHAPE_Area":44942.006800317533},"geometry":{"type":"Polygon","coordinates":[[[31.703342,30.286249],[31.70237,30.287341],[31.704727,30.28892],[31.705748,30.287772],[31.703342,30.286249]]]}},
{"type":"Feature","properties":{"نمط_العمران":null,"اسم_المحور":"2","مساحة_التغير_كم2":0.0075767445966223044,"نسبة_المساحه":null,"مساحة_التغير_بالمتر":null,"اسم_القطاع":"10","وصف_الاستخدام":"شركة","GlobalID":"{F7CC838C-57BE-4366-9D54-A93C8521C9CF}","SHAPE_Length":383.08866792425698,"SHAPE_Area":7576.744596622304},"geometry":{"type":"Polygon","coordinates":[[[31.56238,30.192452],[31.562334,30.192707],[31.561876,30.192645],[31.561798,30.193086],[31.562966,30.19324],[31.563088,30.192547],[31.56238,30.192452]]]}},
{"type":"Feature","properties":{"نمط_العمران":null,"اسم_المحور":"2","مساحة_التغير_كم2":0.066422147597808498,"نسبة_المساحه":null,"مساحة_التغير_بالمتر":null,"اسم_القطاع":"10","وصف_الاستخدام":"مصنع","GlobalID":"{E12A5FE1-7537-433E-83BE-6198C4179C98}","SHAPE_Length":1294.652352403938,"SHAPE_Area":66422.147597808493},"geometry":{"type":"Polygon","coordinates":[[[32.109549,30.487974],[32.111199,30.487646],[32.109156,30.484645],[32.108624,30.486655],[32.10799,30.487855],[32.107426,30.488589],[32.108206,30.48909],[32.10872,30.488557],[32.109549,30.487974]]]}},
{"type":"Feature","properties":{"نمط_العمران":null,"اسم_المحور":"2","مساحة_التغير_كم2":0.33211953489825907,"نسبة_المساحه":null,"مساحة_التغير_بالمتر":null,"اسم_القطاع":"10","وصف_الاستخدام":"مصنع","GlobalID":"{ACA4967C-2175-458E-A89B-9C948EBE5F94}","SHAPE_Length":3518.2943081761841,"SHAPE_Area":332119.53489825909},"geometry":{"type":"Polygon","coordinates":[[[31.769859,30.131321],[31.763929,30.129749],[31.762838,30.131861],[31.761876,30.133384],[31.760617,30.132789],[31.760312,30.133145],[31.766874,30.136996],[31.768491,30.134238],[31.769859,30.131321]],[[31.765288,30.131394],[31.766576,30.132006],[31.765204,30.134165],[31.763916,30.133553],[31.765288,30.131394]]]}}
]
}
