{"type":"FeatureCollection","features":[{"type":"Feature","properties":{"source_layer":"Study_Area","source_feature_count":1,"اسم_المحور":"1","مساحة_المنطقة_كم2":2766.33851576,"اسم_القطاع":"4","اسم_المحافظة":"5","EMP_Urban":4762,"EMP_Agri":69075,"EMP_Industry":476,"Shape_Length":328042.88380536705,"Shape_Area":2766338515.7554355},"geometry":{"type":"Polygon","coordinates":[[[30.597603,28.82468],[30.757971,28.712447],[30.74582,28.698978],[30.745656,28.697787],[30.745353,28.69709],[30.744843,28.696704],[30.7437,28.696653],[30.743979,28.694157],[30.739616,28.692303],[30.739694,28.692262],[30.729765,28.681377],[30.72986,28.680757],[30.726973,28.669966],[30.727069,28.669351],[30.727821,28.668586],[30.728039,28.668143],[30.72829,28.662076],[30.727995,28.662182],[30.726504,28.663845],[30.726479,28.663504],[30.728506,28.661279],[30.729187,28.659538],[30.726739,28.658836],[30.726342,28.658288],[30.726415,28.654734],[30.72621,28.654299],[30.725761,28.65406],[30.724628,28.639148],[30.725023,28.639138],[30.724941,28.638387],[30.725258,28.638229],[30.725258,28.638118],[30.726132,28.638065],[30.726149,28.637942],[30.726689,28.638035],[30.726794,28.638223],[30.726994,28.638258],[30.726906,28.638411],[30.727275,28.638862],[30.727047,28.63932],[30.727223,28.639402],[30.727568,28.638816],[30.7277,28.638903],[30.727643,28.639353],[30.727824,28.639372],[30.727854,28.639203],[30.72824,28.639368],[30.728364,28.639057],[30.728034,28.638599],[30.727835,28.638663],[30.727741,28.638396],[30.727944,28.63834],[30.727786,28.63763],[30.727944,28.637612],[30.727917,28.637465],[30.727535,28.637525],[30.727486,28.637308],[30.72818,28.637187],[30.727959,28.636917],[30.727035,28.63712],[30.727009,28.636913],[30.727223,28.636861],[30.727208,28.636748],[30.727767,28.636651],[30.727568,28.636489],[30.727043,28.636561],[30.727002,28.636272],[30.724608,28.635715],[30.724635,28.635579],[30.724394,28.635534],[30.72434,28.635355],[30.723096,28.61904],[30.721232,28.597176],[30.723122,28.597147],[30.72353,28.596979],[30.723775,28.596715],[30.724342,28.591584],[30.723814,28.590295],[30.723455,28.589992],[30.722923,28.58989],[30.720639,28.590222],[30.717469,28.553032],[30.717977,28.553025],[30.718034,28.553817],[30.71844,28.553816],[30.718314,28.551963],[30.718911,28.55128],[30.717313,28.551203],[30.716775,28.544882],[30.71769,28.543139],[30.720324,28.535566],[30.721923,28.532002],[30.715137,28.51966],[30.718553,28.519209],[30.718414,28.516082],[30.718098,28.515199],[30.716716,28.514228],[30.715434,28.51417],[30.715435,28.515035],[30.713414,28.51516],[30.713285,28.513728],[30.710097,28.513848],[30.70804,28.508988],[30.705977,28.504761],[30.703287,28.499978],[30.700538,28.495719],[30.698644,28.489654],[30.698283,28.487617],[30.69773,28.487588],[30.697699,28.486083],[30.696538,28.484653],[30.693894,28.479924],[30.688796,28.481141],[30.68538,28.475301],[30.684745,28.474526],[30.684714,28.474306],[30.684866,28.474069],[30.68558,28.474139],[30.685575,28.473868],[30.685396,28.473853],[30.685367,28.473536],[30.685,28.473561],[30.685048,28.473933],[30.684785,28.473919],[30.684764,28.473501],[30.684585,28.473495],[30.684591,28.473081],[30.684353,28.473094],[30.684321,28.472617],[30.684036,28.472608],[30.68408,28.473531],[30.683827,28.47354],[30.683737,28.472884],[30.683155,28.47295],[30.683032,28.472244],[30.682848,28.472247],[30.682841,28.472095],[30.682653,28.472103],[30.682754,28.47263],[30.682662,28.472659],[30.682681,28.472972],[30.68236,28.472991],[30.682281,28.472436],[30.682089,28.472462],[30.681993,28.471968],[30.681856,28.472016],[30.682012,28.473032],[30.678812,28.469232],[30.677145,28.467465],[30.67301,28.461069],[30.672535,28.460663],[30.669408,28.458888],[30.668934,28.458384],[30.66626,28.452907],[30.666674,28.450949],[30.666717,28.45003],[30.665982,28.446427],[30.665791,28.446034],[30.6653,28.445669],[30.659628,28.443957],[30.660022,28.442676],[30.656394,28.43398],[30.656023,28.433727],[30.652656,28.433284],[30.652742,28.428968],[30.655278,28.419128],[30.658515,28.405057],[30.65943,28.401562],[30.660673,28.39518],[30.661211,28.390878],[30.661628,28.385353],[30.661753,28.379443],[30.661562,28.37427],[30.661923,28.374219],[30.662159,28.374736],[30.662476,28.374656],[30.662559,28.374283],[30.663067,28.374205],[30.663121,28.374332],[30.664002,28.374294],[30.664164,28.373805],[30.664364,28.373611],[30.663888,28.372845],[30.663392,28.371555],[30.663322,28.371195],[30.663582,28.369777],[30.662906,28.36952],[30.661777,28.368561],[30.661245,28.368632],[30.66086,28.363139],[30.660954,28.362994],[30.661295,28.362991],[30.661036,28.362381],[30.661632,28.362368],[30.661609,28.362063],[30.660782,28.362029],[30.659942,28.350039],[30.661559,28.339068],[30.663647,28.339218],[30.665667,28.338905],[30.666389,28.338427],[30.666623,28.337737],[30.666343,28.333872],[30.666456,28.333101],[30.666744,28.332533],[30.670238,28.327743],[30.670565,28.327121],[30.670802,28.326232],[30.668648,28.325709],[30.666343,28.324293],[30.664699,28.324356],[30.664877,28.319375],[30.664649,28.31898],[30.663455,28.318096],[30.662872,28.30979],[30.66268,28.308228],[30.662389,28.308157],[30.662341,28.307898],[30.662529,28.307635],[30.663082,28.307865],[30.663275,28.307123],[30.663594,28.307207],[30.663664,28.307102],[30.662939,28.306869],[30.663078,28.3066],[30.662887,28.30653],[30.665228,28.305566],[30.667455,28.304115],[30.668577,28.303131],[30.668863,28.302236],[30.66859,28.301438],[30.667814,28.300728],[30.667106,28.300331],[30.665226,28.299642],[30.664081,28.298757],[30.663588,28.297974],[30.663501,28.296914],[30.66376,28.295661],[30.664344,28.294117],[30.665117,28.292796],[30.666121,28.291673],[30.666886,28.2911],[30.668185,28.290434],[30.669261,28.290141],[30.671413,28.289838],[30.671823,28.289713],[30.672021,28.289501],[30.672392,28.288003],[30.671019,28.284816],[30.670692,28.282754],[30.670898,28.281455],[30.671252,28.280521],[30.671797,28.279771],[30.67188,28.278895],[30.671682,28.278304],[30.671289,28.277795],[30.669467,28.277675],[30.667811,28.278243],[30.663171,28.280736],[30.663966,28.274733],[30.664602,28.273765],[30.664882,28.27253],[30.664812,28.271882],[30.664409,28.271191],[30.664832,28.267211],[30.665044,28.263564],[30.664959,28.255062],[30.666078,28.254558],[30.667229,28.253578],[30.667921,28.252248],[30.668005,28.251219],[30.66776,28.250466],[30.667259,28.249661],[30.666175,28.248531],[30.665181,28.247777],[30.664182,28.246449],[30.663575,28.242809],[30.662787,28.239122],[30.661829,28.235475],[30.660705,28.231876],[30.659139,28.227631],[30.657657,28.224164],[30.656017,28.220769],[30.653512,28.216109],[30.653204,28.214351],[30.652599,28.212329],[30.651406,28.212503],[30.648947,28.208729],[30.646202,28.204959],[30.642425,28.200289],[30.639173,28.196681],[30.635149,28.192691],[30.625671,28.184114],[30.624141,28.178795],[30.622557,28.173975],[30.620681,28.169237],[30.618842,28.165274],[30.619518,28.159459],[30.627594,28.133603],[30.629166,28.127359],[30.630161,28.121625],[30.631146,28.113144],[30.63135,28.108694],[30.631332,28.104981],[30.631082,28.100533],[30.630685,28.096841],[30.629983,28.092441],[30.629212,28.088809],[30.63233,28.086086],[30.635356,28.083197],[30.640891,28.077633],[30.644484,28.073643],[30.651463,28.065106],[30.659945,28.053645],[30.663358,28.048559],[30.665673,28.044591],[30.66777,28.040503],[30.669643,28.036308],[30.671287,28.032018],[30.672696,28.027645],[30.673867,28.023203],[30.674915,28.018444],[30.675723,28.013449],[30.676276,28.008058],[30.676526,28.003607],[30.676504,27.998407],[30.676216,27.993959],[30.67413,27.976419],[30.67097,27.952163],[30.666455,27.914069],[30.665573,27.905345],[30.664388,27.898768],[30.662667,27.892311],[30.660298,27.885457],[30.657142,27.878063],[30.657012,27.876408],[30.658388,27.87589],[30.659415,27.874924],[30.659875,27.873894],[30.659873,27.872566],[30.659813,27.872349],[30.659736,27.872136],[30.659643,27.871929],[30.659534,27.871728],[30.659409,27.871534],[30.65927,27.871348],[30.659117,27.871171],[30.65895,27.871004],[30.658771,27.870848],[30.65858,27.870703],[30.658378,27.87057],[30.658167,27.870449],[30.657946,27.870342],[30.657718,27.870249],[30.657483,27.87017],[30.657242,27.870105],[30.656998,27.870056],[30.656749,27.870021],[30.656499,27.870002],[30.656324,27.868343],[30.657226,27.867399],[30.657651,27.86622],[30.657531,27.864986],[30.657155,27.864228],[30.656733,27.863732],[30.65993,27.844636],[30.660077,27.844476],[30.660212,27.844307],[30.660333,27.84413],[30.660442,27.843946],[30.660536,27.843757],[30.660615,27.843562],[30.66068,27.843363],[30.66073,27.84316],[30.660764,27.842955],[30.660783,27.842748],[30.660786,27.842541],[30.660774,27.842334],[30.660746,27.842128],[30.660702,27.841925],[30.660644,27.841724],[30.66057,27.841527],[30.660482,27.841335],[30.664321,27.818388],[30.676305,27.79147],[30.686702,27.767592],[30.689195,27.761152],[30.690346,27.757491],[30.691525,27.753146],[30.705657,27.696845],[30.71114,27.689328],[30.714108,27.684759],[30.717142,27.679322],[30.720057,27.673026],[30.723249,27.668696],[30.726534,27.663578],[30.736198,27.645957],[30.564802,27.57085],[30.565004,27.570773],[30.565201,27.570685],[30.56539,27.570584],[30.565571,27.570473],[30.565743,27.57035],[30.565904,27.570217],[30.566055,27.570074],[30.566195,27.569922],[30.566323,27.569762],[30.566437,27.569595],[30.566539,27.569421],[30.566627,27.569241],[30.5667,27.569056],[30.566759,27.568867],[30.566804,27.568675],[30.566833,27.56848],[30.566847,27.568285],[30.566846,27.568088],[30.56683,27.567893],[30.566798,27.567699],[30.566751,27.567507],[30.56669,27.567318],[30.566614,27.567134],[30.566524,27.566955],[30.566421,27.566782],[30.566304,27.566616],[30.566175,27.566457],[30.566033,27.566307],[30.565881,27.566165],[30.565717,27.566034],[30.565544,27.565913],[30.565362,27.565802],[30.565172,27.565704],[30.564974,27.565617],[30.56477,27.565543],[30.564561,27.565481],[30.564348,27.565432],[30.564131,27.565397],[30.563913,27.565375],[30.563693,27.565367],[30.563473,27.565372],[30.563254,27.565391],[30.563036,27.565423],[30.562822,27.565469],[30.562612,27.565528],[30.562407,27.565599],[30.562208,27.565683],[30.562016,27.565779],[30.561832,27.565887],[30.561657,27.566005],[30.561491,27.566134],[30.561336,27.566274],[30.561192,27.566422],[30.56106,27.566579],[30.56094,27.566744],[30.560833,27.566915],[30.56074,27.567093],[30.560661,27.567276],[30.560597,27.567464],[30.560547,27.567655],[30.560512,27.567848],[30.560492,27.568044],[30.560487,27.56824],[30.560498,27.568436],[30.560524,27.568631],[30.560565,27.568824],[30.56062,27.569013],[30.559735,27.568625],[30.559886,27.56847],[30.560025,27.568307],[30.560151,27.568136],[30.560264,27.567957],[30.560362,27.567772],[30.560446,27.567581],[30.560516,27.567386],[30.56057,27.567187],[30.560608,27.566985],[30.560631,27.566781],[30.560638,27.566576],[30.560629,27.566371],[30.560605,27.566167],[30.560565,27.565966],[30.560509,27.565767],[30.560439,27.565572],[30.560353,27.565382],[30.560253,27.565197],[30.560139,27.565019],[30.560012,27.564848],[30.559872,27.564686],[30.559719,27.564533],[30.559555,27.564389],[30.559381,27.564255],[30.559196,27.564133],[30.559003,27.564022],[30.558802,27.563923],[30.558593,27.563837],[30.558378,27.563764],[30.558158,27.563704],[30.557934,27.563658],[30.557707,27.563625],[30.557478,27.563607],[30.557249,27.563602],[30.557019,27.563612],[30.556791,27.563635],[30.556564,27.563673],[30.556342,27.563724],[30.556124,27.563789],[30.555911,27.563867],[30.555705,27.563957],[30.555506,27.56406],[30.555316,27.564175],[30.555135,27.564302],[30.554964,27.564439],[30.554804,27.564586],[30.554656,27.564743],[30.55452,27.564908],[30.554398,27.565082],[30.554289,27.565262],[30.554194,27.565449],[30.554114,27.565641],[30.554048,27.565837],[30.553998,27.566037],[30.553964,27.56624],[30.553945,27.566444],[30.553942,27.566649],[30.553955,27.566854],[30.553983,27.567057],[30.549301,27.57559],[30.54499,27.581357],[30.539822,27.58929],[30.536385,27.595431],[30.533717,27.601215],[30.532763,27.602513],[30.532589,27.602593],[30.532422,27.602682],[30.532262,27.60278],[30.532109,27.602887],[30.531965,27.603003],[30.531829,27.603127],[30.531702,27.603259],[30.531585,27.603397],[30.531478,27.603542],[30.531382,27.603693],[30.531297,27.603849],[30.531224,27.60401],[30.531162,27.604174],[30.531113,27.604342],[30.531076,27.604512],[30.531051,27.604684],[30.531038,27.604857],[30.527679,27.609427],[30.527495,27.609335],[30.527303,27.609255],[30.527106,27.609187],[30.526904,27.609132],[30.526698,27.609089],[30.526489,27.609059],[30.526278,27.609042],[30.526067,27.609038],[30.525855,27.609048],[30.525645,27.60907],[30.525438,27.609106],[30.525233,27.609154],[30.525033,27.609215],[30.524838,27.609289],[30.524649,27.609374],[30.524468,27.609471],[30.524294,27.609578],[30.52413,27.609697],[30.523975,27.609825],[30.52383,27.609962],[30.523697,27.610109],[30.523575,27.610263],[30.523466,27.610424],[30.523369,27.610592],[30.523286,27.610765],[30.523217,27.610943],[30.523162,27.611125],[30.523121,27.61131],[30.523095,27.611497],[30.523083,27.611685],[30.523086,27.611873],[30.523104,27.612061],[30.523137,27.612247],[30.523184,27.612431],[30.523246,27.612611],[30.523321,27.612787],[30.52341,27.612958],[30.523512,27.613123],[30.523627,27.613282],[30.523754,27.613432],[30.523893,27.613575],[30.524042,27.613708],[30.524201,27.613832],[30.52437,27.613946],[30.524547,27.614049],[30.519232,27.622916],[30.516413,27.628351],[30.513725,27.634692],[30.511564,27.641231],[30.510598,27.644934],[30.507183,27.660052],[30.494919,27.70845],[30.487586,27.725228],[30.471851,27.760499],[30.470275,27.764581],[30.468718,27.769177],[30.467027,27.774664],[30.465915,27.778898],[30.464973,27.783044],[30.45349,27.85125],[30.452837,27.855822],[30.452472,27.859552],[30.452281,27.863296],[30.452265,27.867044],[30.452604,27.87303],[30.45411,27.885251],[30.456254,27.910845],[30.456881,27.916021],[30.45817,27.922597],[30.459996,27.929046],[30.462695,27.936363],[30.465498,27.942511],[30.46921,27.974491],[30.464533,27.978714],[30.460881,27.982328],[30.458352,27.985038],[30.458084,27.985145],[30.457826,27.985269],[30.457578,27.985408],[30.457343,27.985563],[30.457119,27.985732],[30.45691,27.985915],[30.456716,27.98611],[30.456538,27.986317],[30.456377,27.986535],[30.456234,27.986762],[30.456109,27.986998],[30.456002,27.987241],[30.455916,27.98749],[30.455849,27.987743],[30.455803,27.988],[30.451201,27.993849],[30.44808,27.998345],[30.431806,28.024346],[30.429485,28.028323],[30.42705,28.033112],[30.424185,28.039729],[30.422396,28.04473],[30.420862,28.05012],[30.420603,28.0502],[30.420352,28.050296],[30.420108,28.050406],[30.419874,28.050532],[30.41965,28.050671],[30.419438,28.050824],[30.419238,28.050989],[30.419051,28.051167],[30.418879,28.051355],[30.418721,28.051553],[30.41858,28.051761],[30.418455,28.051977],[30.418347,28.0522],[30.418256,28.052429],[30.418184,28.052663],[30.41813,28.052901],[30.418095,28.053141],[30.418078,28.053383],[30.418081,28.053626],[30.418102,28.053868],[30.418142,28.054108],[30.418201,28.054345],[30.418278,28.054578],[30.418373,28.054805],[30.418485,28.055027],[30.418615,28.05524],[30.418761,28.055446],[30.418922,28.055642],[30.419098,28.055827],[30.419288,28.056001],[30.419492,28.056164],[30.41848,28.062998],[30.417989,28.070126],[30.418036,28.076171],[30.418625,28.082994],[30.419393,28.088264],[30.420505,28.093471],[30.424557,28.107367],[30.421006,28.118667],[30.420493,28.118561],[30.420146,28.120398],[30.420507,28.120448],[30.419034,28.126713],[30.418092,28.131937],[30.413446,28.171121],[30.413201,28.174718],[30.413063,28.180243],[30.413243,28.186338],[30.413728,28.191462],[30.414539,28.196544],[30.415918,28.202507],[30.417398,28.207536],[30.41919,28.212462],[30.421287,28.217265],[30.422968,28.220611],[30.429251,28.232237],[30.43423,28.249931],[30.436296,28.256242],[30.438247,28.261292],[30.439833,28.264818],[30.441576,28.26827],[30.443868,28.272305],[30.445942,28.275569],[30.44816,28.278736],[30.450518,28.281801],[30.453384,28.285203],[30.45646,28.288599],[30.456006,28.292736],[30.455767,28.296399],[30.455697,28.300069],[30.455796,28.303738],[30.456584,28.312344],[30.457129,28.312276],[30.457272,28.315019],[30.45692,28.315103],[30.457488,28.318614],[30.458306,28.322528],[30.456243,28.336959],[30.455895,28.340592],[30.455698,28.344968],[30.455791,28.353157],[30.457247,28.374685],[30.455588,28.381839],[30.452118,28.395017],[30.450446,28.402133],[30.449526,28.407267],[30.448885,28.413193],[30.44871,28.416914],[30.448728,28.421385],[30.447811,28.468776],[30.447917,28.472513],[30.448273,28.476986],[30.44876,28.480693],[30.449571,28.485106],[30.450826,28.490187],[30.452627,28.495974],[30.453888,28.499541],[30.455611,28.503741],[30.457556,28.507842],[30.45972,28.511833],[30.462427,28.516258],[30.465035,28.520126],[30.467359,28.523243],[30.470322,28.526847],[30.507681,28.56929],[30.514501,28.576799],[30.519107,28.632064],[30.522303,28.675208],[30.523793,28.697192],[30.525978,28.720149],[30.526653,28.725341],[30.527663,28.730478],[30.529005,28.735539],[30.53078,28.740982],[30.533342,28.747272],[30.537053,28.754584],[30.540792,28.760681],[30.545012,28.766456],[30.549887,28.772261],[30.585741,28.81151],[30.597603,28.82468]]]}},{"type":"Feature","properties":{"source_layer":"Study_Area","source_feature_count":1,"اسم_المحور":"1","مساحة_المنطقة_كم2":2211.48288487,"اسم_القطاع":"1","اسم_المحافظة":"6","EMP_Urban":952,"EMP_Agri":22092,"EMP_Industry":14286,"Shape_Length":270974.22543573665,"Shape_Area":2211482884.868212},"geometry":{"type":"Polygon","coordinates":[[[30.768023,27.569525],[30.772335,27.556709],[30.773442,27.55245],[30.77441,27.547672],[30.775199,27.542458],[30.775603,27.537956],[30.775754,27.532685],[30.775609,27.528167],[30.77521,27.523665],[30.774457,27.518285],[30.773801,27.51461],[30.772979,27.510969],[30.771322,27.505231],[30.766571,27.491727],[30.766805,27.484725],[30.766627,27.48372],[30.757606,27.461876],[30.757021,27.461316],[30.756005,27.461156],[30.757707,27.455289],[30.758961,27.449352],[30.760279,27.440197],[30.760773,27.433406],[30.76073,27.427354],[30.76032,27.422074],[30.759429,27.416088],[30.757192,27.405405],[30.75748,27.404715],[30.760806,27.401957],[30.769265,27.3944],[30.775897,27.392377],[30.782385,27.389934],[30.789715,27.386729],[30.796382,27.383227],[30.825731,27.364914],[30.833612,27.359295],[30.836804,27.356735],[30.839882,27.354039],[30.843418,27.350632],[30.846773,27.347047],[30.849938,27.343293],[30.852903,27.339379],[30.854665,27.337503],[30.860505,27.332044],[30.867559,27.325184],[30.876691,27.315843],[30.873246,27.313026],[30.872242,27.312901],[30.872342,27.312787],[30.873425,27.312977],[30.876782,27.31575],[30.893262,27.298837],[30.896478,27.295353],[30.897074,27.295264],[30.896677,27.295135],[30.904124,27.286978],[30.908487,27.284708],[30.912735,27.282228],[30.916858,27.279545],[30.92019,27.277158],[30.9256,27.272976],[30.929363,27.269807],[30.933536,27.265866],[30.936915,27.26229],[30.940101,27.258542],[30.942604,27.255294],[30.952572,27.24083],[30.954519,27.237591],[30.956668,27.233599],[30.962207,27.225369],[30.965046,27.220703],[30.967447,27.216195],[30.970949,27.208835],[31.033833,27.19465],[31.042756,27.192229],[31.047656,27.19068],[31.052475,27.188897],[31.060207,27.185648],[31.063918,27.183897],[31.068266,27.181584],[31.073176,27.178602],[31.077234,27.175811],[31.081139,27.172811],[31.084882,27.16961],[31.087869,27.166796],[31.090731,27.163854],[31.093461,27.16079],[31.096055,27.157609],[31.098507,27.154318],[31.100813,27.150923],[31.102968,27.147431],[31.104969,27.143848],[31.107161,27.139438],[31.108809,27.135679],[31.110567,27.131079],[31.112058,27.126565],[31.113294,27.122338],[31.114148,27.118769],[31.114841,27.115165],[31.115372,27.111533],[31.129963,27.095831],[31.133561,27.0915],[31.136831,27.087088],[31.138997,27.083816],[31.141401,27.079769],[31.154085,27.0559],[31.155975,27.054525],[31.171807,27.046943],[31.175437,27.044986],[31.179687,27.042448],[31.184495,27.039317],[31.18987,27.035392],[31.194315,27.031736],[31.197945,27.028393],[31.201954,27.024262],[31.206121,27.019449],[31.209101,27.015682],[31.211877,27.011761],[31.218432,27.001889],[31.221073,26.997501],[31.224542,26.990839],[31.227243,26.984464],[31.228748,26.980099],[31.230148,26.975276],[31.231194,26.970811],[31.231988,26.966295],[31.232456,26.962503],[31.232938,26.956745],[31.233233,26.942459],[31.194741,26.898525],[31.080923,26.751151],[31.067813,26.759391],[31.061887,26.763596],[31.058734,26.766118],[31.055091,26.769313],[31.050956,26.773299],[31.047712,26.776721],[31.044648,26.780304],[31.04177,26.784038],[31.038691,26.788422],[31.036259,26.792281],[31.034032,26.796262],[31.031475,26.801475],[31.029753,26.805482],[31.02802,26.810148],[31.0261,26.816558],[31.024685,26.822929],[31.023793,26.829085],[31.02332,26.835513],[31.022615,26.904976],[31.022742,26.911188],[31.023406,26.918424],[31.011512,26.927232],[31.004669,26.932766],[31.001214,26.935886],[30.997874,26.939199],[30.995163,26.942111],[30.99258,26.945136],[30.98777,26.95153],[30.983277,26.958591],[30.973469,26.97582],[30.965544,26.990632],[30.951907,27.004922],[30.948903,27.008258],[30.944733,27.012355],[30.941555,27.015853],[30.939049,27.018892],[30.936219,27.022677],[30.93359,27.026605],[30.931171,27.030665],[30.925022,27.030937],[30.918898,27.031551],[30.913683,27.032347],[30.907655,27.033589],[30.903396,27.03468],[30.898348,27.036211],[30.894201,27.03767],[30.888477,27.039942],[30.883716,27.04137],[30.879696,27.042741],[30.875734,27.044273],[30.871066,27.046322],[30.867257,27.048202],[30.863527,27.050234],[30.859164,27.05287],[30.85563,27.055227],[30.851111,27.058537],[30.84789,27.061059],[30.84417,27.064264],[30.840046,27.068238],[30.836705,27.071836],[30.831446,27.077909],[30.828342,27.080527],[30.824976,27.08284],[30.821711,27.085294],[30.816712,27.089502],[30.811446,27.09463],[30.806587,27.100145],[30.801621,27.106556],[30.799435,27.109755],[30.797393,27.113048],[30.794089,27.119188],[30.786204,27.136109],[30.782956,27.140251],[30.778103,27.143489],[30.772803,27.147535],[30.7684,27.151363],[30.761796,27.157607],[30.758492,27.161042],[30.739398,27.181928],[30.717518,27.204343],[30.712612,27.209107],[30.705005,27.216208],[30.698077,27.223446],[30.693516,27.224664],[30.688819,27.226107],[30.682516,27.22827],[30.678557,27.229756],[30.671593,27.232824],[30.667825,27.234743],[30.664137,27.236811],[30.655927,27.241913],[30.649746,27.246319],[30.645182,27.250063],[30.630371,27.263067],[30.624666,27.265769],[30.615842,27.270542],[30.610206,27.274089],[30.60416,27.278513],[30.598311,27.283297],[30.593605,27.287692],[30.589223,27.29241],[30.584708,27.298074],[30.581087,27.303398],[30.577477,27.309678],[30.574699,27.315487],[30.571592,27.323094],[30.569873,27.327991],[30.568289,27.333706],[30.566643,27.34187],[30.565968,27.346278],[30.555773,27.369364],[30.554374,27.372897],[30.552916,27.377216],[30.551703,27.381611],[30.550737,27.386067],[30.550024,27.390569],[30.549511,27.395864],[30.549358,27.39966],[30.549409,27.404219],[30.549715,27.408768],[30.550275,27.413292],[30.551333,27.419263],[30.552328,27.423759],[30.553574,27.428191],[30.55511,27.432718],[30.550581,27.450334],[30.549712,27.454627],[30.548993,27.459687],[30.548137,27.470606],[30.547286,27.485459],[30.547407,27.497039],[30.547733,27.502371],[30.548533,27.508423],[30.549783,27.514399],[30.551477,27.520263],[30.553561,27.525966],[30.555621,27.530888],[30.558343,27.536344],[30.561035,27.54095],[30.564293,27.545782],[30.562022,27.552521],[30.555694,27.563962],[30.556832,27.56363],[30.558022,27.563674],[30.559099,27.564075],[30.559956,27.564781],[30.560489,27.565707],[30.560634,27.566739],[30.560371,27.567753],[30.559735,27.568625],[30.56062,27.569013],[30.560565,27.568824],[30.560524,27.568631],[30.560498,27.568436],[30.560487,27.56824],[30.560492,27.568044],[30.560512,27.567848],[30.560547,27.567655],[30.560597,27.567464],[30.560661,27.567276],[30.56074,27.567093],[30.560833,27.566915],[30.56094,27.566744],[30.56106,27.566579],[30.561192,27.566422],[30.561336,27.566274],[30.561491,27.566134],[30.561657,27.566005],[30.561832,27.565887],[30.562016,27.565779],[30.562208,27.565683],[30.562407,27.565599],[30.562612,27.565528],[30.562822,27.565469],[30.563036,27.565423],[30.563254,27.565391],[30.563473,27.565372],[30.563693,27.565367],[30.563913,27.565375],[30.564131,27.565397],[30.564348,27.565432],[30.564561,27.565481],[30.56477,27.565543],[30.564974,27.565617],[30.565172,27.565704],[30.565362,27.565802],[30.565544,27.565913],[30.565717,27.566034],[30.565881,27.566165],[30.566033,27.566307],[30.566175,27.566457],[30.566304,27.566616],[30.566421,27.566782],[30.566524,27.566955],[30.566614,27.567134],[30.56669,27.567318],[30.566751,27.567507],[30.566798,27.567699],[30.56683,27.567893],[30.566846,27.568088],[30.566847,27.568285],[30.566833,27.56848],[30.566804,27.568675],[30.566759,27.568867],[30.5667,27.569056],[30.566627,27.569241],[30.566539,27.569421],[30.566437,27.569595],[30.566323,27.569762],[30.566195,27.569922],[30.566055,27.570074],[30.565904,27.570217],[30.565743,27.57035],[30.565571,27.570473],[30.56539,27.570584],[30.565201,27.570685],[30.565004,27.570773],[30.564802,27.57085],[30.736194,27.645963],[30.748599,27.623422],[30.750307,27.619986],[30.751857,27.616476],[30.753756,27.611451],[30.757079,27.60115],[30.768023,27.569525]],[[30.753549,27.468683],[30.755969,27.461261],[30.756942,27.461403],[30.757487,27.461902],[30.766394,27.483392],[30.766699,27.484641],[30.766399,27.49129],[30.763731,27.485219],[30.760307,27.47885],[30.757106,27.473648],[30.753549,27.468683]]]}},{"type":"Feature","properties":{"source_layer":"Study_Area","source_feature_count":1,"اسم_المحور":"1","مساحة_المنطقة_كم2":2540.17286831,"اسم_القطاع":"8","اسم_المحافظة":"7","EMP_Urban":0,"EMP_Agri":128,"EMP_Industry":5238,"Shape_Length":298798.13648821594,"Shape_Area":2540172868.3114257},"geometry":{"type":"Polygon","coordinates":[[[31.271373,26.828675],[31.274179,26.822834],[31.275202,26.82045],[31.277019,26.815609],[31.279428,26.807701],[31.28204,26.798236],[31.287498,26.787439],[31.291082,26.781525],[31.299385,26.771067],[31.304215,26.769574],[31.308583,26.768001],[31.313788,26.765885],[31.31883,26.763517],[31.323715,26.760896],[31.327738,26.758522],[31.33075,26.756596],[31.335147,26.753535],[31.339467,26.75021],[31.342597,26.747548],[31.346701,26.743791],[31.350455,26.739953],[31.353259,26.736773],[31.356472,26.732838],[31.359584,26.728562],[31.362423,26.724134],[31.365597,26.718497],[31.36786,26.71381],[31.370275,26.707961],[31.372363,26.701617],[31.374104,26.694666],[31.374978,26.689618],[31.375639,26.683819],[31.375931,26.67799],[31.399519,26.64692],[31.405318,26.638794],[31.408152,26.634365],[31.410261,26.630653],[31.412401,26.626505],[31.414511,26.621761],[31.416012,26.617806],[31.417385,26.613674],[31.418971,26.607661],[31.419898,26.603063],[31.42061,26.597995],[31.420973,26.593879],[31.421221,26.587995],[31.426126,26.570318],[31.437481,26.56436],[31.453883,26.558383],[31.457529,26.556949],[31.461887,26.555037],[31.465481,26.553296],[31.469324,26.551253],[31.473061,26.549058],[31.476686,26.546716],[31.480192,26.544232],[31.483571,26.541609],[31.486817,26.538854],[31.489924,26.535972],[31.492241,26.533651],[31.49586,26.529714],[31.499226,26.525599],[31.502176,26.521577],[31.504688,26.517757],[31.50756,26.516457],[31.513393,26.513472],[31.518992,26.510143],[31.52433,26.506484],[31.529384,26.502513],[31.534131,26.498245],[31.53855,26.493702],[31.542621,26.488903],[31.546327,26.48387],[31.54965,26.478625],[31.552576,26.473192],[31.555091,26.467594],[31.559113,26.456602],[31.562966,26.447385],[31.564493,26.442884],[31.565725,26.438699],[31.566904,26.433702],[31.567767,26.428652],[31.568311,26.423566],[31.568715,26.416701],[31.568998,26.408478],[31.568961,26.404353],[31.572552,26.39953],[31.575439,26.395119],[31.578274,26.390232],[31.579677,26.3876],[31.580985,26.384929],[31.582197,26.38222],[31.58331,26.379478],[31.584325,26.376705],[31.585239,26.373904],[31.586052,26.371078],[31.586771,26.368255],[31.61887,26.355347],[31.621039,26.354359],[31.62318,26.353323],[31.625293,26.35224],[31.627377,26.351112],[31.629429,26.349939],[31.631449,26.348721],[31.633436,26.347459],[31.637151,26.344981],[31.64155,26.341757],[31.645739,26.338314],[31.649542,26.334821],[31.652542,26.331849],[31.65615,26.327908],[31.659504,26.323788],[31.662594,26.319505],[31.665212,26.315457],[31.667888,26.310953],[31.68166,26.284425],[31.68932,26.269473],[31.691412,26.264725],[31.692755,26.261231],[31.694463,26.256066],[31.695759,26.251608],[31.696384,26.249116],[31.697398,26.244089],[31.698918,26.233451],[31.702393,26.202231],[31.708083,26.193707],[31.71792,26.194629],[31.722927,26.195928],[31.729494,26.197282],[31.73508,26.198124],[31.74143,26.198764],[31.747086,26.19903],[31.753905,26.198989],[31.759558,26.198676],[31.765183,26.198076],[31.769946,26.197337],[31.774208,26.196518],[31.781628,26.19466],[31.786538,26.194345],[31.792162,26.193743],[31.797739,26.192855],[31.800505,26.192305],[31.808278,26.190466],[31.81366,26.188876],[31.817685,26.187521],[31.822899,26.185525],[31.827978,26.183266],[31.840262,26.1769],[31.845026,26.174137],[31.847341,26.172665],[31.851576,26.169781],[31.855201,26.167049],[31.863274,26.16651],[31.868721,26.1679],[31.874246,26.16902],[31.879832,26.169855],[31.882643,26.170166],[31.886499,26.170514],[31.88916,26.170673],[31.891824,26.170767],[31.89449,26.170798],[31.897156,26.170764],[31.89982,26.170666],[31.90248,26.170504],[31.905135,26.170278],[31.910544,26.16968],[31.91612,26.168787],[31.92163,26.167611],[31.927856,26.165951],[31.933183,26.16422],[31.938054,26.162383],[31.943116,26.160202],[31.948521,26.160891],[31.902838,26.080519],[31.903039,26.080289],[31.902355,26.079669],[31.855773,25.997775],[31.843284,25.996663],[31.830744,25.996236],[31.818198,25.996494],[31.805693,25.997437],[31.793273,25.999061],[31.780984,26.001359],[31.768871,26.004325],[31.756979,26.007946],[31.745349,26.01221],[31.738852,26.013281],[31.733225,26.014528],[31.667745,26.008552],[31.662607,26.008319],[31.656952,26.008339],[31.651308,26.008647],[31.644806,26.009349],[31.637488,26.010555],[31.632746,26.011563],[31.628745,26.012564],[31.621625,26.014733],[31.615003,26.017216],[31.608476,26.020099],[31.603549,26.022607],[31.601146,26.023954],[31.594073,26.028417],[31.589268,26.031888],[31.583305,26.036816],[31.577397,26.04247],[31.572588,26.04784],[31.56811,26.053568],[31.5217,26.123037],[31.51953,26.126544],[31.516368,26.132217],[31.513055,26.139302],[31.512045,26.141688],[31.510249,26.146533],[31.508238,26.152947],[31.506421,26.160393],[31.505194,26.167522],[31.501321,26.201296],[31.497601,26.202203],[31.492214,26.203781],[31.48956,26.204672],[31.484341,26.206655],[31.476141,26.210311],[31.468485,26.214391],[31.466455,26.215593],[31.464457,26.216838],[31.462493,26.218127],[31.460564,26.219459],[31.458672,26.220832],[31.456817,26.222246],[31.455001,26.223701],[31.449947,26.228042],[31.446095,26.231788],[31.443471,26.234567],[31.439984,26.238593],[31.43619,26.243582],[31.428972,26.253817],[31.412921,26.277366],[31.409958,26.282191],[31.407416,26.286757],[31.403768,26.294535],[31.400509,26.30107],[31.397198,26.304139],[31.39346,26.30798],[31.391011,26.31073],[31.387647,26.314842],[31.383623,26.320506],[31.381136,26.32432],[31.376301,26.332173],[31.373477,26.337424],[31.371449,26.341729],[31.369492,26.346524],[31.36784,26.351411],[31.366204,26.357485],[31.364099,26.367176],[31.363275,26.371615],[31.362649,26.376195],[31.358697,26.379275],[31.354438,26.382982],[31.350273,26.387053],[31.346772,26.390875],[31.343777,26.394492],[31.338691,26.40114],[31.335723,26.405493],[31.332883,26.410268],[31.29872,26.428109],[31.296305,26.42945],[31.293933,26.430852],[31.291606,26.432314],[31.289327,26.433835],[31.287095,26.435413],[31.284915,26.437048],[31.282786,26.438737],[31.280138,26.440963],[31.278153,26.442727],[31.276222,26.444541],[31.274349,26.446402],[31.272533,26.448308],[31.270778,26.45026],[31.269083,26.452255],[31.26745,26.454292],[31.265011,26.457504],[31.261149,26.463273],[31.245423,26.488884],[31.241791,26.495707],[31.238821,26.502169],[31.237008,26.50701],[31.234559,26.515088],[31.223828,26.553645],[31.222387,26.560062],[31.212462,26.573075],[31.206616,26.578564],[31.202985,26.582493],[31.198907,26.587493],[31.19519,26.592576],[31.192349,26.597],[31.191034,26.599264],[31.187995,26.605041],[31.185876,26.609781],[31.183657,26.615813],[31.17675,26.619193],[31.170731,26.622669],[31.164963,26.626492],[31.159113,26.630906],[31.155009,26.63444],[31.14974,26.639616],[31.144169,26.645847],[31.140918,26.650037],[31.139392,26.652192],[31.136547,26.656615],[31.132879,26.663175],[31.12988,26.669642],[31.128475,26.673216],[31.127152,26.677034],[31.121376,26.684544],[31.118287,26.689005],[31.109533,26.703391],[31.107406,26.707107],[31.099439,26.722608],[31.094629,26.732325],[31.091127,26.740526],[31.089339,26.745807],[31.080924,26.751153],[31.194741,26.898525],[31.233234,26.942459],[31.23337,26.9319],[31.23327,26.926779],[31.232866,26.921684],[31.232369,26.917819],[31.230727,26.908876],[31.228615,26.899634],[31.227101,26.894709],[31.226228,26.892278],[31.224086,26.887088],[31.224125,26.881299],[31.231829,26.876253],[31.238128,26.871471],[31.244456,26.865867],[31.249919,26.860174],[31.254637,26.85447],[31.258101,26.84971],[31.261929,26.844023],[31.267633,26.835142],[31.271373,26.828675]]]}},{"type":"Feature","properties":{"source_layer":"Study_Area","source_feature_count":1,"اسم_المحور":"1","مساحة_المنطقة_كم2":2615.42453192,"اسم_القطاع":"11","اسم_المحافظة":"8","EMP_Urban":1904,"EMP_Agri":12529,"EMP_Industry":1857,"Shape_Length":307100.6951869326,"Shape_Area":2615424531.9164605},"geometry":{"type":"Polygon","coordinates":[[[32.7195,26.214064],[32.742765,26.207444],[32.742917,26.207799],[32.743184,26.208035],[32.743092,26.208124],[32.743859,26.208799],[32.74761,26.208698],[32.747605,26.207725],[32.748177,26.207719],[32.748143,26.207007],[32.74767,26.207019],[32.7477,26.206038],[32.751612,26.204837],[32.755621,26.203432],[32.75957,26.201867],[32.763454,26.200145],[32.767264,26.198268],[32.771301,26.196083],[32.775498,26.193552],[32.778899,26.19129],[32.782935,26.188389],[32.786637,26.185447],[32.793425,26.179647],[32.797533,26.175751],[32.801103,26.172026],[32.804634,26.167924],[32.808637,26.162638],[32.811313,26.15876],[32.813778,26.154744],[32.815664,26.151301],[32.818136,26.146232],[32.819976,26.142044],[32.822712,26.137191],[32.825562,26.131304],[32.829637,26.120824],[32.832656,26.114195],[32.834961,26.107925],[32.837501,26.101762],[32.841859,26.090005],[32.844958,26.081233],[32.846124,26.07733],[32.847093,26.073397],[32.847897,26.069256],[32.848537,26.064879],[32.849057,26.058524],[32.849141,26.054182],[32.84899,26.049842],[32.849497,26.044293],[32.84964,26.04052],[32.84948,26.034014],[32.848876,26.027903],[32.845571,26.006836],[32.844853,26.001026],[32.842994,25.989181],[32.842092,25.984691],[32.841151,25.980994],[32.838023,25.9713],[32.835096,25.964119],[32.832408,25.958623],[32.829338,25.953329],[32.825532,25.947698],[32.820993,25.941896],[32.816419,25.936712],[32.810612,25.930884],[32.805673,25.926524],[32.805354,25.925648],[32.804563,25.919331],[32.803933,25.915865],[32.803035,25.908637],[32.802014,25.9057],[32.801703,25.904309],[32.800835,25.891636],[32.800599,25.890618],[32.799945,25.889131],[32.794397,25.879956],[32.790288,25.871989],[32.787467,25.867517],[32.787174,25.866881],[32.78886,25.862514],[32.790095,25.858917],[32.791161,25.855299],[32.792061,25.851636],[32.792867,25.847598],[32.793586,25.842806],[32.794192,25.835707],[32.794271,25.831446],[32.794171,25.827503],[32.79392,25.823834],[32.793445,25.819712],[32.792724,25.815326],[32.791944,25.811704],[32.790819,25.807413],[32.789694,25.803806],[32.787563,25.798149],[32.784767,25.79201],[32.782195,25.787197],[32.778776,25.781691],[32.775586,25.777182],[32.760624,25.757777],[32.748748,25.742107],[32.558842,25.822713],[32.561413,25.826081],[32.563974,25.829175],[32.567149,25.832683],[32.569992,25.835566],[32.576189,25.841205],[32.579339,25.843741],[32.583411,25.846768],[32.582095,25.852587],[32.581214,25.85786],[32.580679,25.863179],[32.580492,25.868523],[32.580687,25.874614],[32.581193,25.880013],[32.581956,25.885099],[32.58314,25.890581],[32.584271,25.894831],[32.585624,25.899016],[32.599128,25.936],[32.602182,25.945719],[32.60751,25.960501],[32.611208,25.970641],[32.614382,25.978389],[32.616924,25.986107],[32.574061,25.96911],[32.535928,25.942113],[32.462202,25.889577],[32.456527,25.886017],[32.450091,25.882524],[32.445457,25.880269],[32.439744,25.87784],[32.432485,25.875249],[32.425058,25.873188],[32.417238,25.871539],[32.408787,25.870334],[32.319809,25.864068],[32.314712,25.863834],[32.310386,25.863815],[32.306062,25.863966],[32.300887,25.864373],[32.296593,25.864899],[32.292323,25.865594],[32.28724,25.866649],[32.282315,25.867894],[32.278344,25.869064],[32.273643,25.870672],[32.205288,25.873606],[32.200878,25.873875],[32.195605,25.874431],[32.189496,25.875401],[32.182754,25.876877],[32.177186,25.878364],[32.172652,25.879795],[32.168569,25.881235],[32.164548,25.882842],[32.159841,25.884958],[32.088139,25.920118],[32.083221,25.920139],[32.078568,25.920301],[32.070152,25.920966],[32.066136,25.921484],[32.061727,25.922212],[32.054111,25.923856],[32.047491,25.925725],[32.041218,25.927884],[32.012317,25.939489],[31.999892,25.944881],[31.995424,25.947006],[31.988926,25.950588],[31.983058,25.95436],[31.977737,25.955858],[31.971701,25.957912],[31.966235,25.960117],[31.960901,25.962626],[31.955726,25.965408],[31.950771,25.968394],[31.947247,25.970748],[31.938284,25.977172],[31.933347,25.97686],[31.928121,25.976765],[31.922882,25.976881],[31.917576,25.977216],[31.913266,25.977635],[31.908121,25.978362],[31.902715,25.97939],[31.898459,25.980357],[31.890911,25.982534],[31.886113,25.984168],[31.882202,25.985685],[31.878354,25.987359],[31.855773,25.997775],[31.902355,26.079669],[31.903039,26.080289],[31.902838,26.080519],[31.948521,26.160891],[31.95448,26.161591],[31.9597,26.161947],[31.96493,26.162056],[31.970728,26.161887],[31.971019,26.162238],[31.970864,26.162375],[31.97147,26.163209],[31.971329,26.163311],[31.971445,26.163445],[31.971776,26.16328],[31.972009,26.16363],[31.971404,26.164015],[31.971481,26.164136],[31.971635,26.164059],[31.972048,26.16479],[31.972565,26.164576],[31.972323,26.164086],[31.972752,26.163872],[31.972499,26.163509],[31.972917,26.163283],[31.972301,26.162552],[31.972592,26.162365],[31.972317,26.162029],[31.972433,26.161969],[31.972315,26.161801],[31.977978,26.161247],[31.984171,26.160375],[31.984454,26.160803],[31.984135,26.160996],[31.984255,26.161188],[31.98462,26.160983],[31.984945,26.161268],[31.985198,26.161082],[31.985012,26.160963],[31.985988,26.160259],[31.986326,26.160584],[31.986791,26.160179],[31.987097,26.160471],[31.987575,26.160146],[31.987257,26.159818],[31.991612,26.158898],[31.995832,26.157825],[32.000833,26.156314],[32.004941,26.154871],[32.010263,26.152741],[32.014672,26.150726],[32.021355,26.147253],[32.028223,26.143083],[32.028665,26.143281],[32.028961,26.142594],[32.029091,26.1427],[32.029239,26.142487],[32.029523,26.142623],[32.029577,26.142552],[32.029346,26.142336],[32.050092,26.127441],[32.065478,26.122849],[32.071733,26.120747],[32.078951,26.11779],[32.08286,26.115918],[32.086423,26.114046],[32.091485,26.111084],[32.096365,26.107831],[32.101046,26.104296],[32.105806,26.10027],[32.111348,26.100056],[32.111762,26.100316],[32.111796,26.10048],[32.112195,26.100023],[32.114345,26.09994],[32.114465,26.10011],[32.114307,26.100227],[32.114473,26.100385],[32.114942,26.099917],[32.12275,26.099495],[32.129608,26.098754],[32.133866,26.098074],[32.138853,26.097056],[32.138987,26.097183],[32.138758,26.097382],[32.138968,26.097631],[32.139324,26.097332],[32.139747,26.097719],[32.140455,26.096858],[32.140658,26.097017],[32.140933,26.096951],[32.141206,26.097246],[32.141596,26.096838],[32.141277,26.096494],[32.146887,26.094985],[32.15266,26.093083],[32.157515,26.091193],[32.163632,26.088478],[32.235838,26.053066],[32.278633,26.05123],[32.315811,26.049318],[32.320934,26.048855],[32.326031,26.048153],[32.331089,26.047213],[32.335387,26.046219],[32.362152,26.048121],[32.412344,26.083954],[32.461176,26.118514],[32.464642,26.120831],[32.468922,26.123423],[32.475567,26.12691],[32.482993,26.130142],[32.562642,26.161674],[32.627384,26.202078],[32.631035,26.204172],[32.634769,26.206114],[32.640204,26.208714],[32.644907,26.210715],[32.650508,26.212761],[32.655393,26.214262],[32.661272,26.215765],[32.667238,26.216968],[32.672398,26.217736],[32.678456,26.218322],[32.683668,26.218557],[32.690061,26.218534],[32.695359,26.218271],[32.69976,26.217857],[32.704141,26.217268],[32.709361,26.216329],[32.7195,26.214064]],[[32.785533,25.870911],[32.787129,25.866993],[32.787377,25.867556],[32.790198,25.872029],[32.794307,25.879996],[32.799845,25.889153],[32.800496,25.89062],[32.800735,25.891643],[32.801601,25.904294],[32.80191,25.905699],[32.802937,25.908654],[32.803834,25.915875],[32.804464,25.919343],[32.805197,25.925191],[32.803314,25.919942],[32.799559,25.910607],[32.797359,25.90463],[32.792777,25.89195],[32.790952,25.885991],[32.789,25.88027],[32.785533,25.870911]]]}},{"type":"Feature","properties":{"source_layer":"Study_Area","source_feature_count":1,"اسم_المحور":"1","مساحة_المنطقة_كم2":2239.75166214,"اسم_القطاع":"12","اسم_المحافظة":"9","EMP_Urban":1428,"EMP_Agri":12277,"EMP_Industry":9524,"Shape_Length":259656.71252853412,"Shape_Area":2239751662.138129},"geometry":{"type":"Polygon","coordinates":[[[32.748748,25.742107],[32.748166,25.739769],[32.74936,25.738829],[32.749065,25.738321],[32.748552,25.738708],[32.747982,25.738342],[32.747405,25.734717],[32.74663,25.730933],[32.744808,25.724223],[32.743292,25.719842],[32.74185,25.716258],[32.740247,25.712743],[32.738487,25.709303],[32.734934,25.703327],[32.731378,25.698272],[32.725511,25.691178],[32.720321,25.685344],[32.710854,25.663857],[32.706631,25.654619],[32.703878,25.649229],[32.701264,25.644762],[32.700842,25.643391],[32.70047,25.643514],[32.698053,25.639972],[32.695079,25.636039],[32.691904,25.632267],[32.688535,25.628666],[32.685587,25.625803],[32.682518,25.623072],[32.676703,25.618502],[32.670006,25.614015],[32.666327,25.61185],[32.66256,25.609839],[32.658713,25.607987],[32.654793,25.606297],[32.6506,25.60468],[32.646464,25.603248],[32.638885,25.6011],[32.634613,25.600148],[32.630306,25.599372],[32.609647,25.582857],[32.584901,25.563833],[32.579574,25.560235],[32.57452,25.557195],[32.569381,25.554449],[32.564856,25.552337],[32.565485,25.550811],[32.570111,25.545179],[32.574184,25.539359],[32.577399,25.533923],[32.579884,25.528988],[32.582053,25.523905],[32.58566,25.514149],[32.586731,25.510757],[32.588282,25.505139],[32.589527,25.499706],[32.591295,25.495434],[32.600438,25.486347],[32.603698,25.482824],[32.608226,25.477227],[32.611866,25.471964],[32.614348,25.467855],[32.632602,25.435268],[32.634326,25.431838],[32.636227,25.427614],[32.637659,25.424085],[32.63893,25.420495],[32.640624,25.414643],[32.641581,25.410698],[32.6423,25.407072],[32.643931,25.39547],[32.645209,25.389709],[32.646159,25.38381],[32.646666,25.379287],[32.646921,25.374744],[32.646823,25.367123],[32.646526,25.363327],[32.646053,25.359548],[32.645244,25.354872],[32.644446,25.35123],[32.643272,25.346914],[32.642116,25.34337],[32.642113,25.332982],[32.641786,25.328456],[32.64132,25.324704],[32.642143,25.317423],[32.648048,25.314634],[32.65446,25.311048],[32.658101,25.308726],[32.675594,25.298169],[32.680271,25.294984],[32.68413,25.292043],[32.692123,25.289293],[32.70346,25.284615],[32.675575,25.229453],[32.677329,25.231173],[32.677216,25.231269],[32.677389,25.231427],[32.677557,25.231284],[32.678033,25.23177],[32.677363,25.232339],[32.678203,25.233124],[32.67845,25.232864],[32.678858,25.233256],[32.678984,25.233134],[32.678767,25.232973],[32.679076,25.232678],[32.67929,25.232838],[32.679691,25.232449],[32.67997,25.23269],[32.680368,25.232409],[32.680454,25.232464],[32.680985,25.231869],[32.680611,25.231558],[32.680378,25.231847],[32.679612,25.231194],[32.679852,25.230957],[32.67965,25.230798],[32.680027,25.230449],[32.679136,25.229699],[32.679717,25.229037],[32.680007,25.22923],[32.680227,25.228989],[32.679703,25.228624],[32.680237,25.227955],[32.680574,25.228184],[32.681072,25.227506],[32.680667,25.227209],[32.681049,25.226489],[32.681706,25.226969],[32.682011,25.226653],[32.681096,25.226084],[32.681337,25.225758],[32.680732,25.22532],[32.681266,25.224644],[32.680795,25.22434],[32.681716,25.223295],[32.680574,25.222106],[32.680948,25.221598],[32.682297,25.222503],[32.682544,25.222164],[32.683946,25.223033],[32.683038,25.22406],[32.682234,25.223562],[32.682027,25.22384],[32.68228,25.223956],[32.681839,25.22459],[32.682331,25.22484],[32.682564,25.22455],[32.684392,25.225455],[32.684579,25.225183],[32.684938,25.225378],[32.685111,25.22513],[32.68462,25.224808],[32.685,25.224337],[32.684562,25.224021],[32.685139,25.223451],[32.684864,25.223192],[32.685287,25.222718],[32.686075,25.223165],[32.686442,25.222827],[32.685997,25.222553],[32.686785,25.221175],[32.68624,25.221004],[32.686421,25.22069],[32.684685,25.220147],[32.684455,25.220549],[32.68358,25.220332],[32.682811,25.219757],[32.682276,25.220358],[32.681989,25.220209],[32.681687,25.220509],[32.680472,25.219752],[32.680575,25.21957],[32.678915,25.219206],[32.679055,25.218906],[32.678938,25.218341],[32.676988,25.217078],[32.67794,25.216137],[32.67816,25.216303],[32.678585,25.216312],[32.678625,25.215612],[32.678338,25.215716],[32.678181,25.215549],[32.678331,25.215432],[32.678316,25.215241],[32.677729,25.214595],[32.671159,25.220649],[32.620606,25.120562],[32.53777,24.948523],[32.511281,25.048545],[32.508226,25.060575],[32.478129,25.175229],[32.473613,25.177414],[32.468918,25.180041],[32.464892,25.18264],[32.461063,25.185475],[32.457417,25.188551],[32.453986,25.191845],[32.450686,25.195468],[32.447524,25.199466],[32.444302,25.204212],[32.392336,25.28732],[32.377843,25.308898],[32.368015,25.323166],[32.366451,25.325529],[32.364051,25.329599],[32.361919,25.333846],[32.360099,25.338192],[32.358589,25.342635],[32.357397,25.347157],[32.337792,25.44645],[32.296582,25.460795],[32.291743,25.462776],[32.28735,25.464891],[32.28374,25.46687],[32.278509,25.470184],[32.274971,25.472791],[32.245048,25.496682],[32.241704,25.499492],[32.238164,25.502862],[32.235252,25.506044],[32.233419,25.508285],[32.229952,25.513139],[32.228613,25.515309],[32.225638,25.520929],[32.224428,25.52372],[32.222492,25.529155],[32.221979,25.530956],[32.221379,25.533368],[32.220572,25.537679],[32.220044,25.542535],[32.21992,25.54782],[32.220034,25.550515],[32.220479,25.55485],[32.221241,25.559159],[32.22225,25.563193],[32.224392,25.569383],[32.225283,25.57147],[32.22776,25.576377],[32.229463,25.57926],[32.231849,25.582785],[32.234631,25.586354],[32.236195,25.588156],[32.240939,25.592946],[32.244434,25.595941],[32.247944,25.598583],[32.253069,25.601889],[32.255901,25.603474],[32.259912,25.605445],[32.264057,25.607173],[32.270448,25.609345],[32.324316,25.62523],[32.328654,25.626392],[32.334037,25.627538],[32.341365,25.628582],[32.346226,25.628975],[32.361682,25.629769],[32.365917,25.637766],[32.369297,25.643238],[32.373053,25.64846],[32.377703,25.654003],[32.381614,25.658051],[32.386378,25.662373],[32.391396,25.666401],[32.402675,25.675058],[32.409676,25.680201],[32.415101,25.683832],[32.421199,25.687396],[32.42686,25.690254],[32.434019,25.697505],[32.439186,25.70211],[32.445035,25.706642],[32.448425,25.708968],[32.451908,25.711151],[32.455478,25.713189],[32.459804,25.715436],[32.463653,25.717234],[32.468362,25.719185],[32.472354,25.720636],[32.476402,25.721924],[32.480498,25.723049],[32.485298,25.724161],[32.501979,25.737568],[32.507342,25.742255],[32.520646,25.752866],[32.524611,25.755663],[32.529824,25.758955],[32.5335,25.761057],[32.538023,25.763372],[32.538279,25.767643],[32.538766,25.772004],[32.539327,25.775647],[32.540051,25.779261],[32.542032,25.786716],[32.545988,25.798475],[32.548442,25.804716],[32.551648,25.811309],[32.555022,25.817092],[32.558842,25.822713],[32.748748,25.742107]]]}},{"type":"Feature","properties":{"source_layer":"Study_Area","source_feature_count":1,"اسم_المحور":"1","مساحة_المنطقة_كم2":4134.95083498,"اسم_القطاع":"2","اسم_المحافظة":"10","EMP_Urban":22848,"EMP_Agri":7879,"EMP_Industry":23810,"Shape_Length":319841.65881739015,"Shape_Area":4134950834.977499},"geometry":{"type":"Polygon","coordinates":[[[32.779808,25.233559],[32.783397,25.229148],[32.788583,25.222015],[32.794769,25.214065],[32.808294,25.198054],[32.811201,25.194297],[32.813802,25.190555],[32.821704,25.183038],[32.826926,25.181303],[32.833848,25.178684],[32.838499,25.176745],[32.842299,25.174957],[32.846652,25.173459],[32.850585,25.171936],[32.855979,25.169537],[32.861227,25.166834],[32.874996,25.158547],[32.88772,25.150101],[32.890981,25.147739],[32.894135,25.145236],[32.899522,25.14039],[32.902893,25.136929],[32.906076,25.133294],[32.909063,25.129496],[32.911845,25.125546],[32.914414,25.121454],[32.916764,25.117232],[32.918887,25.112892],[32.920777,25.108446],[32.940316,25.085312],[32.944545,25.079838],[32.947126,25.076014],[32.952502,25.067425],[32.954426,25.064138],[32.956201,25.060769],[32.959014,25.054519],[32.961087,25.04879],[32.962372,25.044404],[32.966802,25.027364],[32.973733,24.99135],[32.974541,24.985375],[32.974911,24.979356],[32.974799,24.972574],[32.973932,24.963437],[32.972738,24.956621],[32.971206,24.950663],[32.968327,24.942053],[32.965685,24.935674],[32.962914,24.930197],[32.957889,24.921563],[32.960717,24.9052],[32.964485,24.898715],[32.967567,24.89382],[32.970526,24.888299],[32.97183,24.885584],[32.973648,24.881118],[32.974961,24.877429],[32.976106,24.873684],[32.978037,24.870293],[32.985138,24.859218],[32.992241,24.847671],[32.995101,24.842255],[32.99756,24.836646],[32.998887,24.833055],[33.00005,24.829407],[33.001045,24.82571],[33.001871,24.821972],[33.002526,24.8182],[33.003009,24.814402],[33.003319,24.810586],[33.003455,24.80676],[33.005369,24.80249],[33.007226,24.797596],[33.010226,24.790529],[33.012241,24.784921],[33.015467,24.773486],[33.018103,24.761285],[33.018943,24.755394],[33.019385,24.750371],[33.019556,24.746784],[33.020088,24.741916],[33.020368,24.736208],[33.02024,24.729971],[33.021174,24.726335],[33.022076,24.721921],[33.022695,24.717806],[33.023149,24.713371],[33.023344,24.709661],[33.02337,24.705945],[33.023227,24.702233],[33.022916,24.69853],[33.023291,24.695123],[33.024023,24.684925],[33.024569,24.67961],[33.025981,24.674139],[33.026966,24.668918],[33.027463,24.665154],[33.027787,24.661372],[33.027943,24.655302],[33.027714,24.649993],[33.027036,24.643958],[33.026032,24.638506],[33.02485,24.633867],[33.023677,24.630054],[33.022048,24.625553],[33.020508,24.621872],[33.018446,24.617552],[33.016554,24.614039],[33.014507,24.610615],[33.01231,24.607285],[33.009967,24.604056],[33.00697,24.600323],[33.004323,24.597338],[33.001546,24.594474],[32.998644,24.591736],[32.995005,24.588625],[32.991849,24.586184],[32.988588,24.583886],[32.989305,24.578194],[32.989684,24.572906],[32.989721,24.567604],[32.98948,24.563066],[32.98887,24.557587],[32.9879,24.552061],[32.98673,24.547059],[32.985171,24.541867],[32.983854,24.538225],[32.982172,24.534171],[32.979135,24.527829],[32.97723,24.524418],[32.974404,24.519821],[32.970219,24.513871],[32.970738,24.5126],[32.970632,24.512602],[32.970139,24.513766],[32.966414,24.509222],[32.962049,24.504549],[32.963771,24.49924],[32.965094,24.494081],[32.966643,24.485808],[32.967248,24.481242],[32.967678,24.476839],[32.967872,24.47242],[32.967742,24.453874],[32.969205,24.445321],[32.971737,24.44057],[32.974083,24.43547],[32.975623,24.431364],[32.977168,24.426728],[32.978632,24.420732],[32.979678,24.414909],[32.980251,24.409764],[32.980607,24.402903],[32.981836,24.398974],[32.982853,24.39501],[32.986502,24.388966],[32.989644,24.382643],[32.991447,24.378295],[32.992766,24.3746],[32.994035,24.370484],[32.995044,24.36652],[32.995456,24.366599],[32.995068,24.366414],[32.996297,24.359865],[32.997715,24.348117],[32.998141,24.342206],[32.998195,24.337196],[32.998826,24.333496],[32.999287,24.329771],[32.999576,24.326029],[32.999704,24.321618],[33.000459,24.317997],[33.001049,24.314345],[33.001744,24.307054],[33.001937,24.299693],[33.001833,24.29523],[33.00124,24.288463],[33.000469,24.283367],[32.999381,24.278329],[32.997967,24.273307],[32.997155,24.269493],[32.996097,24.265461],[32.994184,24.259551],[32.992162,24.254505],[32.989823,24.249597],[32.987422,24.245228],[32.984902,24.241139],[32.982167,24.237191],[32.9782,24.232166],[32.974103,24.227624],[32.969387,24.223043],[32.964353,24.218756],[32.959445,24.209615],[32.960245,24.206061],[32.960884,24.202474],[32.961629,24.195959],[32.962965,24.192423],[32.964136,24.188828],[32.965994,24.18158],[32.969318,24.174529],[32.976077,24.159141],[32.977705,24.155099],[32.979147,24.15089],[32.984352,24.138793],[32.986641,24.13235],[32.988231,24.126482],[32.989142,24.122024],[32.989888,24.116827],[32.990275,24.112205],[32.990414,24.107147],[32.990259,24.101735],[32.989823,24.096563],[32.989238,24.092067],[32.988367,24.087437],[32.795768,24.120789],[32.779443,24.122182],[32.75285,24.104644],[32.749334,24.119726],[32.74651,24.132561],[32.744365,24.144378],[32.741987,24.155975],[32.734348,24.196402],[32.723898,24.233199],[32.721831,24.241394],[32.716891,24.263913],[32.692711,24.380292],[32.689527,24.394794],[32.681039,24.435325],[32.653603,24.567344],[32.65237,24.574097],[32.645896,24.605066],[32.644605,24.610519],[32.632487,24.668343],[32.628644,24.684705],[32.624714,24.704317],[32.611269,24.767506],[32.608762,24.780184],[32.604717,24.798485],[32.603285,24.805743],[32.600337,24.819082],[32.582571,24.882433],[32.570099,24.890627],[32.566347,24.893432],[32.563027,24.89625],[32.55965,24.899504],[32.556516,24.902955],[32.553647,24.906577],[32.552153,24.908689],[32.548719,24.91431],[32.546688,24.918376],[32.544955,24.922556],[32.543278,24.927718],[32.53777,24.948523],[32.620606,25.120562],[32.671159,25.220649],[32.677729,25.214595],[32.678316,25.215241],[32.678331,25.215432],[32.678181,25.215549],[32.678338,25.215716],[32.678625,25.215612],[32.678585,25.216312],[32.67816,25.216303],[32.67794,25.216137],[32.676988,25.217078],[32.678938,25.218341],[32.679055,25.218906],[32.678915,25.219206],[32.680575,25.21957],[32.680472,25.219752],[32.681687,25.220509],[32.681989,25.220209],[32.682276,25.220358],[32.682811,25.219757],[32.68358,25.220332],[32.684455,25.220549],[32.684685,25.220147],[32.686421,25.22069],[32.68624,25.221004],[32.686785,25.221175],[32.685997,25.222553],[32.686442,25.222827],[32.686075,25.223165],[32.685287,25.222718],[32.684864,25.223192],[32.685139,25.223451],[32.684562,25.224021],[32.685,25.224337],[32.68462,25.224808],[32.685111,25.22513],[32.684938,25.225378],[32.684579,25.225183],[32.684392,25.225455],[32.682564,25.22455],[32.682331,25.22484],[32.681839,25.22459],[32.68228,25.223956],[32.682027,25.22384],[32.682234,25.223562],[32.683038,25.22406],[32.683946,25.223033],[32.682544,25.222164],[32.682297,25.222503],[32.680948,25.221598],[32.680574,25.222106],[32.681716,25.223295],[32.680795,25.22434],[32.681266,25.224644],[32.680732,25.22532],[32.681337,25.225758],[32.681096,25.226084],[32.682011,25.226653],[32.681706,25.226969],[32.681049,25.226489],[32.680667,25.227209],[32.681072,25.227506],[32.680574,25.228184],[32.680237,25.227955],[32.679703,25.228624],[32.680227,25.228989],[32.680007,25.22923],[32.679717,25.229037],[32.679136,25.229699],[32.680027,25.230449],[32.67965,25.230798],[32.679852,25.230957],[32.679612,25.231194],[32.680378,25.231847],[32.680611,25.231558],[32.680985,25.231869],[32.680454,25.232464],[32.680368,25.232409],[32.67997,25.23269],[32.679691,25.232449],[32.67929,25.232838],[32.679076,25.232678],[32.678767,25.232973],[32.678984,25.233134],[32.678858,25.233256],[32.67845,25.232864],[32.678203,25.233124],[32.677363,25.232339],[32.678033,25.23177],[32.677557,25.231284],[32.677389,25.231427],[32.677216,25.231269],[32.677329,25.231173],[32.675575,25.229453],[32.70346,25.284615],[32.710231,25.281735],[32.72062,25.276962],[32.724352,25.275109],[32.733747,25.269856],[32.743386,25.263581],[32.756063,25.254654],[32.760893,25.250895],[32.769408,25.243822],[32.772457,25.241137],[32.776522,25.23716],[32.779808,25.233559]]]}},{"type":"Feature","properties":{"source_layer":"Study_Area","source_feature_count":1,"اسم_المحور":"1","مساحة_المنطقة_كم2":5574.72688129,"اسم_القطاع":"7","اسم_المحافظة":"10","EMP_Urban":476,"EMP_Agri":56587,"EMP_Industry":1095,"Shape_Length":618852.990573919,"Shape_Area":5574726881.293971},"geometry":{"type":"Polygon","coordinates":[[[32.902049,23.910881],[32.902196,23.910646],[32.901889,23.91088],[32.901672,23.910767],[32.901758,23.910508],[32.901567,23.910581],[32.901555,23.910098],[32.901751,23.909901],[32.90167,23.909715],[32.901447,23.909758],[32.901502,23.909909],[32.90134,23.910028],[32.901315,23.910234],[32.901131,23.9103],[32.90128,23.910357],[32.901343,23.910594],[32.900453,23.910137],[32.900568,23.910154],[32.900657,23.909966],[32.900942,23.909804],[32.900827,23.909619],[32.900569,23.909775],[32.900247,23.909693],[32.90014,23.909543],[32.90021,23.909462],[32.900045,23.909353],[32.900312,23.909018],[32.900042,23.909169],[32.899893,23.908915],[32.900065,23.90865],[32.900761,23.90861],[32.900356,23.908491],[32.900611,23.908099],[32.900268,23.908311],[32.900194,23.908162],[32.900187,23.908387],[32.900077,23.90833],[32.900133,23.908586],[32.899941,23.90856],[32.899848,23.90873],[32.899662,23.908731],[32.89967,23.907583],[32.899522,23.908039],[32.899416,23.908051],[32.899508,23.908069],[32.899425,23.90833],[32.899056,23.908096],[32.899117,23.908611],[32.899291,23.908645],[32.89945,23.908865],[32.898799,23.909182],[32.898563,23.909051],[32.898669,23.908847],[32.898488,23.908865],[32.898412,23.908392],[32.898721,23.908315],[32.898654,23.908113],[32.898722,23.907731],[32.89883,23.907781],[32.898856,23.90731],[32.899172,23.907003],[32.898968,23.906978],[32.89906,23.906759],[32.898648,23.907148],[32.898429,23.90705],[32.898369,23.907219],[32.898137,23.90707],[32.898024,23.907151],[32.898494,23.907635],[32.898261,23.907707],[32.898351,23.907957],[32.898214,23.908184],[32.897846,23.908158],[32.897869,23.90722],[32.89776,23.907416],[32.897557,23.907315],[32.897729,23.907484],[32.897587,23.907635],[32.897692,23.90767],[32.897676,23.908282],[32.897428,23.90839],[32.897909,23.908532],[32.89793,23.908618],[32.897737,23.908675],[32.897803,23.908846],[32.891413,23.906133],[32.885169,23.903993],[32.877986,23.902112],[32.870679,23.900798],[32.865017,23.898879],[32.860035,23.897478],[32.854143,23.896156],[32.847621,23.895063],[32.84187,23.894389],[32.83609,23.894029],[32.821939,23.88945],[32.816938,23.888125],[32.812725,23.887208],[32.805062,23.885994],[32.795419,23.885133],[32.794951,23.88495],[32.794976,23.885098],[32.792671,23.884902],[32.785925,23.883873],[32.786084,23.88359],[32.78583,23.883364],[32.786025,23.882868],[32.785638,23.882483],[32.785421,23.882557],[32.785508,23.883034],[32.785188,23.88376],[32.733818,23.875922],[32.6738,23.867684],[32.628142,23.861945],[32.60408,23.852705],[32.589763,23.814459],[32.569151,23.743589],[32.567504,23.738533],[32.534829,23.654021],[32.533164,23.650188],[32.52185,23.625818],[32.506891,23.595299],[32.505057,23.591769],[32.503068,23.588324],[32.500928,23.58497],[32.498641,23.581715],[32.496211,23.578565],[32.491101,23.572685],[32.48775,23.569147],[32.484224,23.565784],[32.4799,23.562092],[32.475365,23.558664],[32.471322,23.555943],[32.465582,23.552479],[32.460026,23.549534],[32.445241,23.519175],[32.430431,23.479886],[32.42893,23.476267],[32.427268,23.472719],[32.423881,23.466535],[32.41924,23.459421],[32.415037,23.45397],[32.411748,23.450182],[32.409025,23.447259],[32.40501,23.443367],[32.40139,23.440225],[32.395868,23.435973],[32.391746,23.433121],[32.386762,23.430062],[32.373239,23.422592],[32.369659,23.420746],[32.365269,23.418721],[32.359345,23.41635],[32.354519,23.414665],[32.349616,23.41322],[32.344647,23.412018],[32.338998,23.410899],[32.333042,23.410037],[32.327905,23.40957],[32.320774,23.409196],[32.285745,23.380153],[32.241876,23.316549],[32.221726,23.280738],[32.21836,23.275275],[32.215589,23.271339],[32.213126,23.268174],[32.210527,23.265119],[32.207796,23.26218],[32.203765,23.258272],[32.199502,23.254618],[32.178501,23.237898],[32.13228,23.20151],[32.106832,23.182398],[32.064207,23.151914],[32.04323,23.13657],[32.037914,23.132046],[31.980086,23.084076],[31.934997,23.041129],[31.918084,23.024924],[31.895452,23.000536],[31.896284,22.999325],[31.896542,22.997909],[31.896185,22.996511],[31.895268,22.995353],[31.895072,22.995198],[31.894866,22.995056],[31.89465,22.994927],[31.894425,22.994811],[31.894193,22.994709],[31.893954,22.994621],[31.893709,22.994549],[31.89346,22.994491],[31.893206,22.994448],[31.892951,22.994421],[31.892694,22.99441],[31.892437,22.994414],[31.892181,22.994434],[31.891926,22.99447],[31.891675,22.994521],[31.891428,22.994587],[31.891186,22.994668],[31.890951,22.994764],[31.890722,22.994873],[31.890503,22.994997],[31.890292,22.995133],[31.88758,22.992411],[31.887696,22.992185],[31.887796,22.991952],[31.887877,22.991713],[31.887941,22.99147],[31.887986,22.991223],[31.888012,22.990974],[31.88802,22.990724],[31.88801,22.990474],[31.88798,22.990225],[31.887932,22.989979],[31.887866,22.989736],[31.887782,22.989499],[31.88768,22.989267],[31.887562,22.989042],[31.887426,22.988825],[31.887275,22.988618],[31.887109,22.98842],[31.886928,22.988234],[31.886734,22.98806],[31.886528,22.987898],[31.88631,22.987751],[31.886081,22.987617],[31.885843,22.987499],[31.885597,22.987396],[31.885343,22.987309],[31.885084,22.987238],[31.88482,22.987185],[31.884552,22.987148],[31.884283,22.987128],[31.884013,22.987126],[31.883743,22.987141],[31.883475,22.987173],[31.88321,22.987223],[31.882949,22.987289],[31.882694,22.987372],[31.882446,22.987471],[31.882205,22.987585],[31.877118,22.983629],[31.872388,22.980407],[31.867476,22.977471],[31.861766,22.974464],[31.862029,22.973646],[31.861962,22.972936],[31.86155,22.972172],[31.860977,22.971696],[31.860128,22.971402],[31.859237,22.971436],[31.858313,22.971873],[31.85776,22.97252],[31.856167,22.971806],[31.855147,22.969871],[31.855249,22.969707],[31.855338,22.969537],[31.855414,22.969362],[31.855477,22.969182],[31.855526,22.968998],[31.855561,22.968812],[31.855582,22.968624],[31.855589,22.968435],[31.855582,22.968246],[31.85556,22.968058],[31.855525,22.967872],[31.855475,22.967688],[31.855412,22.967508],[31.855335,22.967333],[31.855246,22.967163],[31.855144,22.966999],[31.855029,22.966843],[31.854904,22.966693],[31.854767,22.966553],[31.85462,22.966421],[31.854464,22.9663],[31.854299,22.966189],[31.854125,22.966088],[31.853945,22.965999],[31.853759,22.965922],[31.853567,22.965857],[31.853371,22.965805],[31.853171,22.965765],[31.852969,22.965739],[31.851777,22.963478],[31.851953,22.962382],[31.851642,22.961312],[31.850894,22.960447],[31.849919,22.959954],[31.84812,22.95654],[31.848228,22.955557],[31.847902,22.954518],[31.847311,22.953799],[31.84639,22.953257],[31.845974,22.952467],[31.846722,22.951923],[31.847114,22.951282],[31.847235,22.950408],[31.84703,22.949697],[31.846571,22.949095],[31.845768,22.948622],[31.84487,22.948494],[31.843991,22.948704],[31.832045,22.925466],[31.816024,22.896915],[31.813978,22.893461],[31.811781,22.890102],[31.809437,22.886843],[31.80695,22.883692],[31.804326,22.880655],[31.800356,22.87641],[31.797479,22.873563],[31.794484,22.870841],[31.79074,22.867748],[31.785638,22.863984],[31.780845,22.86081],[31.775153,22.857528],[31.770003,22.854972],[31.761231,22.851261],[31.7371,22.842187],[31.731498,22.840311],[31.726615,22.838962],[31.7225,22.838024],[31.630533,22.819702],[31.595526,22.808393],[31.561979,22.783134],[31.559842,22.779113],[31.557902,22.775851],[31.555391,22.772053],[31.553149,22.768991],[31.55591,22.764312],[31.558367,22.759467],[31.562065,22.750991],[31.564161,22.745241],[31.565457,22.740836],[31.580996,22.682073],[31.593515,22.644744],[31.594924,22.639897],[31.59623,22.63439],[31.597035,22.63453],[31.597342,22.633112],[31.596567,22.632935],[31.606534,22.593273],[31.608539,22.592178],[31.607241,22.590504],[31.620784,22.536031],[31.621717,22.531647],[31.622902,22.524333],[31.629999,22.510359],[31.64403,22.480928],[31.655599,22.465582],[31.681833,22.43018],[31.668146,22.410838],[31.62924,22.347759],[31.628521,22.348011],[31.628159,22.347835],[31.628158,22.347467],[31.628568,22.347133],[31.627933,22.346241],[31.628065,22.34587],[31.627959,22.345671],[31.574689,22.259169],[31.570772,22.260956],[31.566408,22.263211],[31.562167,22.265687],[31.558059,22.26838],[31.554095,22.271281],[31.550287,22.274384],[31.546645,22.277678],[31.543177,22.281157],[31.539894,22.28481],[31.536804,22.288628],[31.533915,22.2926],[31.53081,22.297416],[31.527438,22.303472],[31.52459,22.309614],[31.517946,22.320858],[31.514787,22.327049],[31.512964,22.33131],[31.511372,22.335662],[31.510017,22.340094],[31.508741,22.345348],[31.495669,22.363071],[31.481082,22.382421],[31.478639,22.386],[31.472711,22.395302],[31.46947,22.401333],[31.453297,22.43518],[31.441681,22.457969],[31.438779,22.464434],[31.436051,22.471565],[31.434906,22.475194],[31.433924,22.47887],[31.432697,22.484832],[31.430429,22.499053],[31.420848,22.537839],[31.407808,22.588938],[31.406189,22.595813],[31.398567,22.61853],[31.39835,22.618374],[31.398122,22.618233],[31.397885,22.618107],[31.397639,22.617996],[31.397385,22.617901],[31.397125,22.617823],[31.396859,22.617761],[31.39659,22.617716],[31.396318,22.617689],[31.396044,22.617679],[31.395771,22.617686],[31.395498,22.617711],[31.395228,22.617753],[31.394962,22.617812],[31.394701,22.617888],[31.394446,22.61798],[31.394198,22.618089],[31.39396,22.618213],[31.39373,22.618351],[31.393512,22.618504],[31.393305,22.618671],[31.393111,22.61885],[31.392931,22.619042],[31.392766,22.619244],[31.392615,22.619456],[31.392481,22.619678],[31.392363,22.619907],[31.392263,22.620143],[31.39218,22.620386],[31.392116,22.620633],[31.39207,22.620883],[31.392042,22.621136],[31.392033,22.62139],[31.392043,22.621644],[31.392072,22.621896],[31.392119,22.622147],[31.392185,22.622393],[31.392268,22.622635],[31.392369,22.622871],[31.392488,22.6231],[31.392623,22.623321],[31.392774,22.623533],[31.392941,22.623735],[31.393122,22.623925],[31.393316,22.624104],[31.393524,22.62427],[31.393743,22.624422],[31.393972,22.62456],[31.394212,22.624683],[31.39446,22.624791],[31.394715,22.624882],[31.394977,22.624957],[31.395243,22.625015],[31.395513,22.625056],[31.395786,22.62508],[31.396059,22.625086],[31.396333,22.625075],[31.393314,22.634317],[31.384698,22.666301],[31.383513,22.666236],[31.38257,22.66652],[31.38165,22.667218],[31.381103,22.668196],[31.381016,22.669295],[31.381403,22.670337],[31.382203,22.671152],[31.383284,22.671607],[31.380112,22.683509],[31.366257,22.701369],[31.363177,22.705745],[31.362977,22.70579],[31.363025,22.705977],[31.361997,22.707584],[31.361755,22.707463],[31.361505,22.707358],[31.361248,22.707269],[31.360985,22.707196],[31.360717,22.707141],[31.360446,22.707103],[31.360173,22.707082],[31.359898,22.707078],[31.359624,22.707092],[31.359352,22.707124],[31.359083,22.707173],[31.358817,22.707238],[31.358558,22.707321],[31.358305,22.70742],[31.35806,22.707535],[31.357824,22.707665],[31.357598,22.707809],[31.357384,22.707968],[31.357182,22.708141],[31.356993,22.708325],[31.356818,22.708521],[31.356658,22.708728],[31.356514,22.708945],[31.356386,22.70917],[31.356275,22.709403],[31.356182,22.709643],[31.356106,22.709887],[31.356049,22.710136],[31.356011,22.710388],[31.355991,22.710642],[31.35599,22.710897],[31.356008,22.711151],[31.356044,22.711403],[31.3561,22.711653],[31.356173,22.711898],[31.356265,22.712138],[31.356374,22.712372],[31.3565,22.712598],[31.356642,22.712815],[31.356801,22.713023],[31.356974,22.713221],[31.357162,22.713407],[31.357363,22.71358],[31.357576,22.71374],[31.357801,22.713887],[31.358035,22.714018],[31.35828,22.714135],[31.35816,22.714366],[31.357908,22.714264],[31.35765,22.714179],[31.357386,22.714111],[31.357118,22.714059],[31.356846,22.714024],[31.356573,22.714007],[31.356298,22.714007],[31.356025,22.714024],[31.355753,22.714059],[31.355485,22.714111],[31.355221,22.714179],[31.354963,22.714264],[31.354711,22.714366],[31.354468,22.714483],[31.354233,22.714615],[31.354009,22.714761],[31.353797,22.714922],[31.353596,22.715095],[31.353409,22.715281],[31.353236,22.715478],[31.353078,22.715686],[31.352935,22.715903],[31.352809,22.716129],[31.352699,22.716362],[31.352607,22.716602],[31.352533,22.716847],[31.352477,22.717096],[31.35244,22.717348],[31.352421,22.717601],[31.352421,22.717856],[31.352439,22.718109],[31.352476,22.718361],[31.352532,22.718611],[31.352606,22.718855],[31.352697,22.719095],[31.352806,22.719329],[31.352932,22.719555],[31.353074,22.719772],[31.353232,22.71998],[31.353405,22.720177],[31.353592,22.720364],[31.353792,22.720537],[31.354004,22.720698],[31.354228,22.720845],[31.354462,22.720977],[31.354705,22.721095],[31.354957,22.721196],[31.354242,22.72294],[31.353605,22.722171],[31.352665,22.721854],[31.351686,22.722042],[31.35096,22.72268],[31.3509,22.722781],[31.350848,22.722884],[31.350804,22.722991],[31.350768,22.723101],[31.350739,22.723212],[31.350719,22.723325],[31.350707,22.723439],[31.350703,22.723553],[31.350708,22.723667],[31.350721,22.723781],[31.350742,22.723894],[31.350772,22.724005],[31.350809,22.724114],[31.350854,22.724221],[31.350907,22.724324],[31.350967,22.724424],[31.351034,22.72452],[31.351108,22.724612],[31.351189,22.724698],[31.351276,22.72478],[31.351368,22.724855],[31.351466,22.724925],[31.351568,22.724989],[31.351675,22.725046],[31.351786,22.725096],[31.351901,22.725139],[31.352018,22.725175],[31.352137,22.725204],[31.352258,22.725225],[31.352381,22.725238],[31.352504,22.725244],[31.352628,22.725242],[31.35275,22.725232],[31.352872,22.725214],[31.352993,22.725189],[31.353111,22.725157],[31.353227,22.725117],[31.353339,22.72507],[31.353448,22.725016],[31.353047,22.726128],[31.352145,22.725694],[31.351253,22.725718],[31.350471,22.726117],[31.349931,22.726917],[31.349885,22.727743],[31.350325,22.728581],[31.351101,22.729074],[31.352036,22.729161],[31.35143,22.731037],[31.351163,22.731003],[31.350894,22.730986],[31.350624,22.730985],[31.350354,22.731002],[31.350087,22.731035],[31.349822,22.731085],[31.349562,22.731151],[31.349307,22.731233],[31.349059,22.731331],[31.348819,22.731445],[31.348587,22.731573],[31.348365,22.731715],[31.348154,22.731871],[31.347955,22.73204],[31.347768,22.732221],[31.347595,22.732413],[31.347436,22.732615],[31.347293,22.732827],[31.347165,22.733048],[31.347053,22.733276],[31.346959,22.73351],[31.346881,22.73375],[31.346821,22.733994],[31.346779,22.734241],[31.346756,22.734491],[31.34675,22.734741],[31.346762,22.734991],[31.346793,22.73524],[31.346841,22.735486],[31.346908,22.735728],[31.346992,22.735966],[31.347093,22.736198],[31.34721,22.736424],[31.347344,22.736641],[31.347493,22.73685],[31.347657,22.737048],[31.347835,22.737236],[31.348027,22.737413],[31.348231,22.737577],[31.348446,22.737728],[31.348671,22.737865],[31.348907,22.737988],[31.34915,22.738096],[31.34553,22.749301],[31.342663,22.757512],[31.341573,22.761154],[31.340484,22.765583],[31.339519,22.770816],[31.338957,22.775343],[31.338637,22.779968],[31.33851,22.780003],[31.338387,22.780046],[31.338267,22.780097],[31.338151,22.780155],[31.338039,22.780221],[31.337934,22.780294],[31.337833,22.780373],[31.337739,22.780459],[31.337652,22.780551],[31.337572,22.780648],[31.3375,22.78075],[31.337435,22.780857],[31.337379,22.780968],[31.337331,22.781082],[31.337292,22.781198],[31.337262,22.781317],[31.337241,22.781438],[31.337229,22.78156],[31.337226,22.781682],[31.337233,22.781804],[31.337249,22.781926],[31.337274,22.782046],[31.337308,22.782164],[31.337351,22.78228],[31.337402,22.782392],[31.337462,22.782501],[31.33753,22.782606],[31.337606,22.782706],[31.337689,22.782801],[31.337779,22.78289],[31.337876,22.782974],[31.337979,22.78305],[31.338087,22.78312],[31.3382,22.783183],[31.338318,22.783238],[31.338439,22.783285],[31.338564,22.783325],[31.338626,22.786704],[31.338514,22.786757],[31.338406,22.786817],[31.338302,22.786884],[31.338204,22.786956],[31.338111,22.787035],[31.338024,22.787119],[31.337943,22.787209],[31.337869,22.787303],[31.337802,22.787402],[31.337742,22.787504],[31.33769,22.78761],[31.337646,22.78772],[31.337609,22.787831],[31.337581,22.787945],[31.33756,22.78806],[31.337549,22.788176],[31.337545,22.788293],[31.33755,22.788409],[31.337564,22.788525],[31.337586,22.78864],[31.337616,22.788753],[31.337654,22.788865],[31.3377,22.788973],[31.337754,22.789079],[31.337815,22.789181],[31.337883,22.789278],[31.337959,22.789372],[31.338041,22.78946],[31.338129,22.789543],[31.338223,22.789621],[31.338322,22.789693],[31.338427,22.789758],[31.338535,22.789816],[31.338648,22.789868],[31.338764,22.789913],[31.338824,22.790875],[31.338476,22.791393],[31.338342,22.792112],[31.338539,22.79282],[31.339031,22.79339],[31.33908,22.793871],[31.338878,22.793882],[31.338677,22.793907],[31.338478,22.793944],[31.338283,22.793993],[31.338092,22.794054],[31.337906,22.794128],[31.337725,22.794213],[31.337551,22.794309],[31.337385,22.794416],[31.337227,22.794533],[31.337078,22.79466],[31.336938,22.794796],[31.336809,22.79494],[31.336691,22.795092],[31.336584,22.795252],[31.336489,22.795418],[31.336407,22.795589],[31.336337,22.795765],[31.33628,22.795945],[31.336237,22.796129],[31.336207,22.796314],[31.336191,22.796501],[31.336189,22.796689],[31.3362,22.796876],[31.336225,22.797062],[31.336264,22.797247],[31.336316,22.797428],[31.336382,22.797605],[31.33646,22.797778],[31.336551,22.797946],[31.336654,22.798108],[31.336768,22.798263],[31.336894,22.79841],[31.33703,22.798549],[31.337176,22.798679],[31.337331,22.798799],[31.337494,22.79891],[31.337666,22.799009],[31.337844,22.799098],[31.338029,22.799176],[31.338218,22.799241],[31.338412,22.799295],[31.33861,22.799336],[31.33881,22.799364],[31.339011,22.79938],[31.339214,22.799383],[31.339416,22.799373],[31.339617,22.799351],[31.339816,22.799316],[31.339979,22.800257],[31.339776,22.800089],[31.33956,22.799933],[31.339334,22.799792],[31.339098,22.799666],[31.338853,22.799555],[31.3386,22.79946],[31.338341,22.799382],[31.338077,22.79932],[31.337808,22.799276],[31.337537,22.799248],[31.337265,22.799238],[31.336993,22.799246],[31.336721,22.799271],[31.336452,22.799313],[31.336188,22.799373],[31.335928,22.799449],[31.335674,22.799542],[31.335428,22.799651],[31.335191,22.799775],[31.334963,22.799914],[31.334746,22.800068],[31.334542,22.800235],[31.33435,22.800414],[31.334172,22.800606],[31.334009,22.800808],[31.333861,22.80102],[31.333729,22.801242],[31.333614,22.801471],[31.333517,22.801707],[31.333437,22.801949],[31.333376,22.802195],[31.333333,22.802445],[31.333309,22.802697],[31.333304,22.802949],[31.333317,22.803202],[31.333349,22.803453],[31.3334,22.803701],[31.333469,22.803945],[31.333557,22.804185],[31.333661,22.804418],[31.333783,22.804644],[31.333922,22.804862],[31.334077,22.80507],[31.334246,22.805268],[31.33443,22.805455],[31.334628,22.805629],[31.334837,22.80579],[31.335059,22.805938],[31.335291,22.80607],[31.335532,22.806188],[31.335782,22.80629],[31.336038,22.806376],[31.3363,22.806445],[31.336567,22.806497],[31.336837,22.806532],[31.337109,22.80655],[31.337382,22.80655],[31.337654,22.806533],[31.337924,22.806498],[31.33819,22.806446],[31.338453,22.806377],[31.338709,22.806292],[31.338959,22.80619],[31.3392,22.806072],[31.339432,22.80594],[31.339654,22.805792],[31.339864,22.805631],[31.340062,22.805457],[31.340246,22.805271],[31.340416,22.805073],[31.34057,22.804865],[31.340709,22.804648],[31.340832,22.804422],[31.342105,22.809289],[31.341872,22.809162],[31.341631,22.809051],[31.341382,22.808955],[31.341126,22.808875],[31.340865,22.808812],[31.3406,22.808765],[31.340332,22.808735],[31.340063,22.808722],[31.339793,22.808727],[31.339525,22.808748],[31.339258,22.808786],[31.338995,22.808841],[31.338736,22.808913],[31.338484,22.809001],[31.338238,22.809104],[31.338001,22.809223],[31.337773,22.809357],[31.337555,22.809504],[31.337349,22.809666],[31.337155,22.809839],[31.336975,22.810025],[31.336808,22.810222],[31.336656,22.810429],[31.33652,22.810645],[31.336401,22.810869],[31.336298,22.8111],[31.336212,22.811337],[31.336144,22.811579],[31.336094,22.811824],[31.336062,22.812073],[31.336048,22.812323],[31.336053,22.812573],[31.336076,22.812822],[31.336118,22.813069],[31.336178,22.813313],[31.336255,22.813552],[31.33635,22.813786],[31.336462,22.814014],[31.336591,22.814234],[31.336735,22.814445],[31.336895,22.814646],[31.337069,22.814837],[31.337257,22.815017],[31.337457,22.815184],[31.337669,22.815338],[31.337893,22.815479],[31.338126,22.815604],[31.338368,22.815715],[31.338617,22.815811],[31.338873,22.81589],[31.339134,22.815953],[31.339399,22.815999],[31.339667,22.816028],[31.339936,22.81604],[31.340206,22.816035],[31.340475,22.816014],[31.340741,22.815975],[31.341004,22.815919],[31.341263,22.815847],[31.341515,22.815759],[31.34176,22.815654],[31.341997,22.815535],[31.342225,22.815401],[31.342442,22.815253],[31.342648,22.815091],[31.342841,22.814917],[31.343022,22.814731],[31.343188,22.814533],[31.343339,22.814326],[31.343474,22.81411],[31.343593,22.813886],[31.345349,22.818421],[31.344611,22.818874],[31.344216,22.819477],[31.344112,22.820175],[31.344314,22.820854],[31.344695,22.821326],[31.345342,22.821697],[31.346086,22.8218],[31.34678,22.82164],[31.348715,22.825513],[31.351035,22.829603],[31.353137,22.832911],[31.355854,22.836748],[31.360876,22.843045],[31.365023,22.847648],[31.36833,22.850912],[31.373825,22.855922],[31.389419,22.871525],[31.391784,22.876176],[31.394426,22.880676],[31.39839,22.886763],[31.401732,22.891286],[31.405343,22.895599],[31.409209,22.899683],[31.413315,22.903526],[31.417248,22.906799],[31.417044,22.906943],[31.416851,22.9071],[31.41667,22.90727],[31.416502,22.90745],[31.416348,22.907641],[31.416209,22.907841],[31.416085,22.90805],[31.415977,22.908266],[31.415885,22.908489],[31.415811,22.908717],[31.415753,22.908949],[31.415713,22.909184],[31.415691,22.909422],[31.415686,22.90966],[31.4157,22.909898],[31.415731,22.910134],[31.41578,22.910368],[31.415846,22.910598],[31.415929,22.910824],[31.416029,22.911043],[31.416145,22.911256],[31.416277,22.91146],[31.416424,22.911656],[31.416585,22.911842],[31.416759,22.912017],[31.416946,22.91218],[31.417145,22.912331],[31.417355,22.912469],[31.417575,22.912593],[31.417803,22.912702],[31.418039,22.912797],[31.418281,22.912876],[31.418529,22.91294],[31.418781,22.912987],[31.419036,22.913018],[31.419293,22.913033],[31.41955,22.913031],[31.419806,22.913013],[31.420061,22.912978],[31.420312,22.912927],[31.420559,22.91286],[31.4208,22.912777],[31.421034,22.912679],[31.421261,22.912566],[31.421478,22.912439],[31.421686,22.912298],[31.421882,22.912145],[31.422067,22.911979],[31.422238,22.911801],[31.422396,22.911613],[31.422539,22.911416],[31.422668,22.911209],[31.42278,22.910995],[31.425926,22.913367],[31.425719,22.913451],[31.425519,22.913547],[31.425326,22.913657],[31.425142,22.913778],[31.424968,22.91391],[31.424803,22.914054],[31.424649,22.914207],[31.424507,22.914369],[31.424377,22.914541],[31.424261,22.91472],[31.424157,22.914906],[31.424068,22.915098],[31.423992,22.915295],[31.423932,22.915496],[31.423886,22.915701],[31.423856,22.915909],[31.423841,22.916117],[31.423841,22.916326],[31.423857,22.916535],[31.423888,22.916742],[31.423934,22.916947],[31.423995,22.917148],[31.424071,22.917345],[31.424161,22.917537],[31.424265,22.917723],[31.424383,22.917902],[31.424513,22.918072],[31.424655,22.918235],[31.424809,22.918388],[31.424975,22.91853],[31.42515,22.918662],[31.425334,22.918783],[31.425527,22.918892],[31.425727,22.918988],[31.425934,22.919072],[31.426147,22.919142],[31.426365,22.919199],[31.426586,22.919241],[31.426809,22.91927],[31.427035,22.919285],[31.42726,22.919285],[31.427486,22.919271],[31.427709,22.919243],[31.427931,22.919201],[31.428148,22.919144],[31.428361,22.919075],[31.428568,22.918992],[31.428769,22.918896],[31.428962,22.918788],[31.429147,22.918668],[31.429323,22.918536],[31.429488,22.918394],[31.429643,22.918241],[31.429786,22.918079],[31.429917,22.917909],[31.430035,22.91773],[31.430139,22.917545],[31.43023,22.917353],[31.430306,22.917157],[31.430368,22.916955],[31.430415,22.916751],[31.479468,22.953677],[31.491935,22.962491],[31.496197,22.965123],[31.500397,22.967439],[31.500395,22.968055],[31.501091,22.968052],[31.501079,22.96956],[31.502186,22.969521],[31.502197,22.969839],[31.502525,22.96983],[31.502528,22.970835],[31.507508,22.970795],[31.510142,22.97187],[31.510134,22.975277],[31.51107,22.975265],[31.515716,22.973865],[31.531915,22.979103],[31.531814,22.979327],[31.53173,22.979557],[31.531663,22.979791],[31.531613,22.980029],[31.53158,22.98027],[31.531566,22.980513],[31.531569,22.980755],[31.53159,22.980997],[31.531628,22.981237],[31.531685,22.981474],[31.531758,22.981707],[31.531848,22.981935],[31.531955,22.982157],[31.532078,22.982371],[31.532216,22.982578],[31.532369,22.982775],[31.532537,22.982962],[31.532717,22.983138],[31.53291,22.983302],[31.533115,22.983454],[31.53333,22.983592],[31.533555,22.983717],[31.533788,22.983827],[31.534029,22.983923],[31.534277,22.984003],[31.53453,22.984067],[31.534787,22.984115],[31.535046,22.984147],[31.535308,22.984163],[31.53557,22.984162],[31.535832,22.984144],[31.536091,22.984111],[31.536348,22.984061],[31.5366,22.983994],[31.536847,22.983913],[31.537087,22.983816],[31.53732,22.983704],[31.537544,22.983577],[31.537758,22.983437],[31.537961,22.983284],[31.538153,22.983118],[31.538332,22.982941],[31.538497,22.982753],[31.538649,22.982555],[31.538785,22.982348],[31.538906,22.982132],[31.539011,22.98191],[31.5391,22.981681],[31.539171,22.981448],[31.539751,22.981635],[31.539851,22.981862],[31.539967,22.982081],[31.5401,22.982293],[31.540249,22.982495],[31.540413,22.982686],[31.540591,22.982867],[31.540783,22.983036],[31.540987,22.983191],[31.541202,22.983333],[31.541427,22.98346],[31.541662,22.983573],[31.541905,22.983669],[31.542154,22.98375],[31.542409,22.983814],[31.542668,22.983861],[31.54293,22.983892],[31.543194,22.983905],[31.543458,22.9839],[31.543721,22.983879],[31.543982,22.98384],[31.544239,22.983784],[31.544492,22.983712],[31.544738,22.983623],[31.544977,22.983518],[31.545207,22.983398],[31.555167,22.986616],[31.55713,22.990953],[31.562294,22.988918],[31.565987,22.990111],[31.567702,22.993841],[31.572133,22.992079],[31.577893,22.993652],[31.588086,22.995994],[31.588236,22.99617],[31.588398,22.996337],[31.588572,22.996493],[31.588758,22.996638],[31.588954,22.99677],[31.589159,22.99689],[31.589372,22.996996],[31.589593,22.997088],[31.589821,22.997166],[31.590053,22.99723],[31.59029,22.997278],[31.59053,22.997311],[31.590772,22.997329],[31.591014,22.997331],[31.591256,22.997318],[31.591497,22.997289],[31.591735,22.997245],[31.591968,22.997186],[31.592198,22.997113],[31.592421,22.997025],[31.592636,22.996922],[31.592943,22.996985],[31.592791,22.997193],[31.592655,22.99741],[31.592536,22.997636],[31.592434,22.997869],[31.59235,22.998108],[31.592284,22.998352],[31.592236,22.998599],[31.592207,22.998849],[31.592197,22.9991],[31.592206,22.999351],[31.592234,22.999601],[31.592281,22.999849],[31.592346,23.000093],[31.592429,23.000332],[31.592531,23.000565],[31.592649,23.000791],[31.592784,23.001009],[31.592935,23.001218],[31.593102,23.001416],[31.593283,23.001603],[31.593478,23.001779],[31.593685,23.001941],[31.593904,23.002089],[31.594134,23.002223],[31.594373,23.002341],[31.594621,23.002444],[31.594876,23.002531],[31.595136,23.002601],[31.595402,23.002654],[31.59567,23.00269],[31.595941,23.002709],[31.596212,23.00271],[31.596483,23.002693],[31.596752,23.002659],[31.597018,23.002608],[31.597279,23.00254],[31.597535,23.002455],[31.597783,23.002354],[31.598023,23.002237],[31.598254,23.002105],[31.598475,23.001958],[31.598683,23.001797],[31.59888,23.001624],[31.599062,23.001438],[31.59923,23.00124],[31.599383,23.001033],[31.59952,23.000816],[31.599641,23.000591],[31.599744,23.000358],[31.599829,23.00012],[31.599896,22.999876],[31.599945,22.999629],[31.599975,22.999379],[31.599986,22.999128],[31.599978,22.998877],[31.599952,22.998627],[31.599906,22.998379],[31.615995,23.001577],[31.616034,23.001717],[31.616083,23.001854],[31.616143,23.001987],[31.616212,23.002116],[31.616291,23.002241],[31.616379,23.00236],[31.616475,23.002474],[31.61658,23.00258],[31.616693,23.00268],[31.616812,23.002773],[31.616939,23.002858],[31.617071,23.002934],[31.617209,23.003002],[31.617351,23.00306],[31.617498,23.00311],[31.617648,23.00315],[31.6178,23.00318],[31.617955,23.003201],[31.61811,23.003211],[31.618266,23.003212],[31.618422,23.003202],[31.618576,23.003183],[31.618729,23.003154],[31.618879,23.003115],[31.619026,23.003067],[31.619169,23.003009],[31.619308,23.002942],[31.619441,23.002867],[31.619568,23.002783],[31.619688,23.002692],[31.619802,23.002592],[31.619908,23.002486],[31.620005,23.002374],[31.620888,23.002549],[31.620898,23.002736],[31.620922,23.002922],[31.62096,23.003105],[31.621011,23.003286],[31.621076,23.003464],[31.621153,23.003636],[31.621244,23.003804],[31.621346,23.003965],[31.62146,23.004119],[31.621586,23.004266],[31.621722,23.004404],[31.621868,23.004533],[31.622023,23.004653],[31.622187,23.004762],[31.622359,23.004861],[31.622537,23.004948],[31.622722,23.005024],[31.622912,23.005088],[31.623106,23.00514],[31.623304,23.005179],[31.623504,23.005206],[31.623705,23.00522],[31.623907,23.005221],[31.624109,23.005208],[31.624309,23.005184],[31.624507,23.005146],[31.624702,23.005096],[31.624892,23.005034],[31.625078,23.004959],[31.625257,23.004873],[31.62543,23.004776],[31.625595,23.004668],[31.625751,23.00455],[31.625898,23.004422],[31.626036,23.004284],[31.626163,23.004139],[31.626279,23.003986],[31.626383,23.003825],[31.626475,23.003659],[31.627104,23.003784],[31.627128,23.004038],[31.627171,23.004291],[31.627234,23.00454],[31.627315,23.004784],[31.627415,23.005022],[31.627533,23.005254],[31.627668,23.005477],[31.62782,23.00569],[31.627987,23.005893],[31.62817,23.006085],[31.628367,23.006264],[31.628577,23.00643],[31.628799,23.006582],[31.629033,23.006719],[31.629276,23.00684],[31.629527,23.006945],[31.629787,23.007033],[31.630052,23.007104],[31.630322,23.007158],[31.630595,23.007194],[31.630871,23.007212],[31.631147,23.007211],[31.631422,23.007193],[31.631696,23.007157],[31.631966,23.007103],[31.632231,23.007031],[31.63249,23.006943],[31.632741,23.006837],[31.632984,23.006716],[31.633217,23.006579],[31.633439,23.006427],[31.633649,23.006261],[31.633846,23.006081],[31.634028,23.005889],[31.634196,23.005686],[31.634347,23.005472],[31.634482,23.005249],[31.65832,23.009981],[31.658965,23.010298],[31.659728,23.010463],[31.665636,23.022081],[31.664775,23.022756],[31.664253,23.023682],[31.664157,23.024803],[31.664468,23.025712],[31.665098,23.026464],[31.665971,23.026969],[31.666979,23.027164],[31.668191,23.026957],[31.682206,23.053614],[31.681952,23.053702],[31.681705,23.053806],[31.681467,23.053926],[31.681238,23.05406],[31.68102,23.054209],[31.680814,23.054372],[31.68062,23.054547],[31.68044,23.054735],[31.680274,23.054933],[31.680124,23.055142],[31.67999,23.05536],[31.679872,23.055586],[31.679771,23.055819],[31.679689,23.056058],[31.679624,23.056301],[31.679577,23.056548],[31.67955,23.056798],[31.679541,23.057049],[31.67955,23.057299],[31.679579,23.057549],[31.679626,23.057796],[31.679692,23.058039],[31.679775,23.058278],[31.679877,23.05851],[31.679995,23.058736],[31.68013,23.058953],[31.680281,23.059162],[31.680447,23.05936],[31.680628,23.059547],[31.680822,23.059722],[31.681029,23.059884],[31.681248,23.060032],[31.681477,23.060166],[31.681716,23.060285],[31.681963,23.060389],[31.682217,23.060476],[31.682477,23.060547],[31.682742,23.060601],[31.68301,23.060638],[31.68328,23.060657],[31.683551,23.060659],[31.683822,23.060644],[31.68409,23.060612],[31.684356,23.060562],[31.684618,23.060495],[31.684873,23.060412],[31.685122,23.060313],[31.685363,23.060198],[31.685595,23.060067],[31.691785,23.071394],[31.694931,23.077719],[31.69467,23.077672],[31.694406,23.077642],[31.694141,23.077629],[31.693875,23.077633],[31.69361,23.077655],[31.693347,23.077694],[31.693088,23.077749],[31.692834,23.077822],[31.692585,23.07791],[31.692345,23.078015],[31.692112,23.078135],[31.69189,23.07827],[31.691678,23.078419],[31.691478,23.078581],[31.69129,23.078756],[31.691117,23.078942],[31.690958,23.079139],[31.690814,23.079347],[31.690687,23.079563],[31.690576,23.079786],[31.690482,23.080017],[31.690406,23.080253],[31.690348,23.080493],[31.690309,23.080736],[31.690288,23.080982],[31.690286,23.081228],[31.690302,23.081473],[31.690337,23.081717],[31.69039,23.081959],[31.690462,23.082196],[31.690551,23.082428],[31.690657,23.082653],[31.690781,23.082871],[31.690921,23.08308],[31.691076,23.08328],[31.691246,23.08347],[31.69143,23.083648],[31.691627,23.083813],[31.691836,23.083965],[31.692056,23.084104],[31.692286,23.084227],[31.692525,23.084336],[31.692771,23.084428],[31.693024,23.084505],[31.693282,23.084565],[31.693544,23.084608],[31.693808,23.084634],[31.694074,23.084642],[31.69434,23.084634],[31.694605,23.084608],[31.694867,23.084565],[31.695125,23.084505],[31.695378,23.084429],[31.695624,23.084336],[31.695863,23.084228],[31.696093,23.084104],[31.696313,23.083966],[31.696522,23.083814],[31.696719,23.083648],[31.696903,23.08347],[31.697073,23.083281],[31.697228,23.083081],[31.697368,23.082872],[31.697492,23.082654],[31.697598,23.082428],[31.698131,23.083294],[31.697111,23.083872],[31.696968,23.084006],[31.696835,23.084149],[31.696713,23.0843],[31.696604,23.084459],[31.696506,23.084624],[31.696421,23.084796],[31.696349,23.084972],[31.696291,23.085153],[31.696247,23.085337],[31.696216,23.085523],[31.6962,23.085711],[31.696198,23.085899],[31.69621,23.086088],[31.696237,23.086274],[31.696277,23.086459],[31.696331,23.086641],[31.696399,23.086818],[31.69648,23.086991],[31.696574,23.087158],[31.696681,23.087319],[31.696799,23.087473],[31.696928,23.087618],[31.697069,23.087755],[31.697219,23.087882],[31.697378,23.087999],[31.697546,23.088106],[31.697722,23.088202],[31.697904,23.088286],[31.698092,23.088358],[31.698286,23.088417],[31.698483,23.088464],[31.698683,23.088498],[31.698886,23.088519],[31.699089,23.088527],[31.699293,23.088522],[31.699496,23.088504],[31.699696,23.088472],[31.699894,23.088428],[31.700089,23.088371],[31.700278,23.088301],[31.700462,23.08822],[31.700639,23.088127],[31.700808,23.088022],[31.70097,23.087907],[31.701122,23.087782],[31.703425,23.090907],[31.703319,23.091138],[31.703232,23.091376],[31.703162,23.091619],[31.703111,23.091866],[31.703078,23.092115],[31.703064,23.092366],[31.703069,23.092618],[31.703093,23.092868],[31.703136,23.093116],[31.703197,23.093361],[31.703276,23.093601],[31.703374,23.093836],[31.703488,23.094064],[31.70362,23.094284],[31.703767,23.094495],[31.70393,23.094696],[31.704108,23.094886],[31.7043,23.095064],[31.704504,23.095229],[31.704721,23.095381],[31.704948,23.095518],[31.705185,23.095641],[31.705431,23.095748],[31.705684,23.095839],[31.705943,23.095914],[31.706208,23.095972],[31.706476,23.096012],[31.706746,23.096036],[31.707018,23.096042],[31.707289,23.09603],[31.707559,23.096001],[31.708202,23.096729],[31.708022,23.096915],[31.707856,23.097111],[31.707705,23.097318],[31.70757,23.097534],[31.707451,23.097758],[31.70735,23.097989],[31.707265,23.098225],[31.707199,23.098467],[31.70715,23.098712],[31.70712,23.09896],[31.707109,23.099209],[31.707116,23.099459],[31.707142,23.099707],[31.707186,23.099953],[31.707249,23.100195],[31.707329,23.100433],[31.707427,23.100666],[31.707542,23.100891],[31.707673,23.101109],[31.70782,23.101318],[31.707983,23.101517],[31.70816,23.101705],[31.70835,23.101881],[31.708554,23.102045],[31.708769,23.102196],[31.708994,23.102332],[31.709229,23.102454],[31.709473,23.10256],[31.709724,23.102651],[31.709982,23.102725],[31.710244,23.102783],[31.71051,23.102824],[31.710778,23.102848],[31.711048,23.102855],[31.711317,23.102845],[31.711585,23.102817],[31.71185,23.102772],[31.712111,23.102711],[31.712367,23.102633],[31.712617,23.102539],[31.712859,23.10243],[31.713093,23.102305],[31.713316,23.102165],[31.714466,23.10328],[31.714225,23.103356],[31.71399,23.103448],[31.713763,23.103553],[31.713544,23.103673],[31.713335,23.103807],[31.713135,23.103953],[31.712947,23.104112],[31.712771,23.104281],[31.712608,23.104462],[31.712459,23.104653],[31.712324,23.104852],[31.712204,23.10506],[31.712099,23.105274],[31.712011,23.105495],[31.711939,23.105721],[31.711884,23.10595],[31.711846,23.106183],[31.711825,23.106418],[31.711821,23.106653],[31.711835,23.106888],[31.711866,23.107122],[31.711914,23.107353],[31.711979,23.10758],[31.712061,23.107803],[31.712159,23.10802],[31.712272,23.108231],[31.712401,23.108434],[31.712545,23.108628],[31.712702,23.108813],[31.712873,23.108988],[31.713056,23.109151],[31.713251,23.109302],[31.713456,23.109441],[31.713671,23.109567],[31.713895,23.109678],[31.714127,23.109776],[31.714365,23.109858],[31.714609,23.109925],[31.714857,23.109977],[31.715109,23.110013],[31.715362,23.110033],[31.715617,23.110038],[31.715871,23.110026],[31.716123,23.109998],[31.716373,23.109954],[31.71662,23.109894],[31.716861,23.10982],[31.717096,23.10973],[31.717324,23.109626],[31.717544,23.109507],[31.717754,23.109375],[31.717955,23.10923],[31.718144,23.109072],[31.718321,23.108904],[31.718485,23.108724],[31.718636,23.108534],[31.718773,23.108336],[31.718894,23.108129],[31.719,23.107915],[31.71909,23.107695],[31.719164,23.107469],[31.719805,23.108],[31.720064,23.108971],[31.720782,23.10972],[31.72164,23.110052],[31.722417,23.110063],[31.727773,23.113951],[31.732693,23.117108],[31.738643,23.120444],[31.743775,23.122998],[31.743595,23.123191],[31.743429,23.123394],[31.74328,23.123608],[31.743146,23.123831],[31.743029,23.124062],[31.74293,23.124299],[31.742848,23.124543],[31.742785,23.124791],[31.74274,23.125042],[31.742714,23.125296],[31.742706,23.12555],[31.742718,23.125805],[31.742748,23.126058],[31.742797,23.126309],[31.742864,23.126556],[31.74295,23.126798],[31.743053,23.127034],[31.743174,23.127263],[31.743311,23.127484],[31.743464,23.127696],[31.743633,23.127897],[31.743816,23.128088],[31.744012,23.128266],[31.744222,23.128432],[31.744443,23.128583],[31.744675,23.128721],[31.744917,23.128843],[31.745167,23.12895],[31.745424,23.129041],[31.745688,23.129115],[31.745956,23.129173],[31.746228,23.129213],[31.746502,23.129236],[31.746778,23.129241],[31.747053,23.129229],[31.747327,23.1292],[31.747597,23.129153],[31.747864,23.12909],[31.748126,23.129009],[31.74838,23.128913],[31.748627,23.1288],[31.748866,23.128672],[31.749094,23.128529],[31.749311,23.128372],[31.749516,23.128202],[31.749707,23.128019],[31.749885,23.127825],[31.750048,23.127619],[31.750196,23.127404],[31.750327,23.12718],[31.750441,23.126948],[31.750538,23.126709],[31.750617,23.126465],[31.750677,23.126217],[31.75072,23.125965],[31.751159,23.126147],[31.75116,23.126396],[31.751179,23.126645],[31.751217,23.126891],[31.751273,23.127135],[31.751346,23.127375],[31.751438,23.127609],[31.751547,23.127837],[31.751672,23.128057],[31.751814,23.128269],[31.751971,23.128472],[31.752142,23.128664],[31.752328,23.128844],[31.752527,23.129012],[31.752737,23.129168],[31.752959,23.129309],[31.753191,23.129436],[31.753431,23.129548],[31.753679,23.129645],[31.753934,23.129725],[31.754195,23.129789],[31.754459,23.129836],[31.754727,23.129867],[31.754995,23.12988],[31.755265,23.129876],[31.755533,23.129855],[31.755799,23.129817],[31.756062,23.129762],[31.75632,23.12969],[31.756572,23.129602],[31.756817,23.129499],[31.757054,23.12938],[31.757281,23.129246],[31.757498,23.129098],[31.759993,23.131791],[31.75905,23.132903],[31.758639,23.134264],[31.758628,23.134508],[31.758634,23.134751],[31.758659,23.134993],[31.758701,23.135233],[31.75876,23.135471],[31.758836,23.135703],[31.75893,23.135931],[31.759039,23.136152],[31.759164,23.136366],[31.759305,23.136572],[31.75946,23.136768],[31.759629,23.136955],[31.759812,23.13713],[31.760006,23.137294],[31.760213,23.137445],[31.760429,23.137583],[31.760656,23.137708],[31.76089,23.137818],[31.761132,23.137913],[31.761381,23.137992],[31.761635,23.138057],[31.761893,23.138105],[31.762154,23.138137],[31.762416,23.138153],[31.762679,23.138152],[31.762942,23.138135],[31.763203,23.138102],[31.76346,23.138053],[31.763714,23.137988],[31.763962,23.137907],[31.764204,23.137811],[31.764438,23.1377],[31.764664,23.137575],[31.76488,23.137436],[31.765085,23.137284],[31.767659,23.14006],[31.767441,23.140216],[31.767235,23.140387],[31.767043,23.14057],[31.766865,23.140765],[31.766702,23.140971],[31.766556,23.141188],[31.766426,23.141413],[31.766314,23.141647],[31.76622,23.141887],[31.766144,23.142132],[31.766088,23.142382],[31.76605,23.142635],[31.766032,23.14289],[31.766034,23.143145],[31.766054,23.1434],[31.766095,23.143652],[31.766154,23.143902],[31.766232,23.144146],[31.766329,23.144386],[31.766443,23.144618],[31.766575,23.144842],[31.766724,23.145057],[31.766889,23.145262],[31.767069,23.145456],[31.767263,23.145637],[31.767471,23.145805],[31.767691,23.14596],[31.767922,23.146099],[31.768163,23.146223],[31.768413,23.146332],[31.768671,23.146423],[31.768935,23.146498],[31.769204,23.146555],[31.769477,23.146595],[31.769752,23.146616],[31.770028,23.14662],[31.770304,23.146606],[31.770578,23.146573],[31.770848,23.146523],[31.771115,23.146456],[31.771375,23.146371],[31.771628,23.14627],[31.771873,23.146152],[31.772109,23.146019],[31.772333,23.14587],[31.772546,23.145708],[31.772746,23.145531],[31.775472,23.14827],[31.775246,23.148402],[31.77503,23.148547],[31.774826,23.148706],[31.774634,23.148878],[31.774454,23.149061],[31.774289,23.149255],[31.774139,23.149459],[31.774004,23.149672],[31.773884,23.149893],[31.773782,23.150121],[31.773696,23.150355],[31.773628,23.150594],[31.773578,23.150837],[31.773546,23.151082],[31.773532,23.151328],[31.773536,23.151575],[31.773559,23.151821],[31.773599,23.152066],[31.773658,23.152307],[31.773734,23.152543],[31.773827,23.152775],[31.773937,23.153],[31.774064,23.153217],[31.774206,23.153426],[31.774364,23.153626],[31.774536,23.153815],[31.774721,23.153993],[31.774919,23.154158],[31.775129,23.154311],[31.775349,23.15445],[31.77558,23.154575],[31.775819,23.154686],[31.776065,23.15478],[31.776318,23.15486],[31.776577,23.154922],[31.776839,23.154969],[31.777104,23.154999],[31.777371,23.155012],[31.777638,23.155008],[31.777904,23.154987],[31.778168,23.15495],[31.778429,23.154896],[31.778685,23.154825],[31.778935,23.154739],[31.779178,23.154637],[31.779414,23.15452],[31.77964,23.154388],[31.779855,23.154243],[31.78006,23.154084],[31.780252,23.153913],[31.780432,23.15373],[31.780597,23.153536],[31.780747,23.153332],[31.78373,23.156192],[31.783476,23.156276],[31.783229,23.156375],[31.78299,23.15649],[31.78276,23.156619],[31.78254,23.156763],[31.782332,23.156921],[31.782136,23.157091],[31.781952,23.157274],[31.781783,23.157468],[31.781629,23.157672],[31.78149,23.157885],[31.781367,23.158107],[31.781262,23.158336],[31.781173,23.158571],[31.781102,23.158812],[31.78105,23.159056],[31.781015,23.159303],[31.780999,23.159552],[31.781002,23.159801],[31.781023,23.160049],[31.781063,23.160295],[31.78112,23.160539],[31.781196,23.160778],[31.78129,23.161011],[31.7814,23.161238],[31.781527,23.161458],[31.78167,23.161669],[31.781829,23.16187],[31.782002,23.162061],[31.782189,23.16224],[31.782389,23.162407],[31.782601,23.162561],[31.782824,23.162701],[31.783056,23.162827],[31.783298,23.162937],[31.783547,23.163032],[31.783802,23.163111],[31.784063,23.163173],[31.784328,23.163219],[31.784595,23.163247],[31.784865,23.163259],[31.785134,23.163253],[31.785402,23.16323],[31.785668,23.16319],[31.78593,23.163134],[31.786188,23.163061],[31.786439,23.162971],[31.786683,23.162866],[31.786919,23.162746],[31.787145,23.16261],[31.787361,23.162461],[31.787565,23.162299],[31.787757,23.162123],[31.787935,23.161936],[31.788098,23.161739],[31.788247,23.161531],[31.788379,23.161314],[31.788496,23.161089],[31.788595,23.160858],[31.789404,23.161634],[31.789498,23.161864],[31.789608,23.162088],[31.789734,23.162304],[31.789876,23.162512],[31.790033,23.16271],[31.790204,23.162898],[31.790389,23.163075],[31.790586,23.16324],[31.790794,23.163392],[31.791014,23.163531],[31.791243,23.163656],[31.791481,23.163766],[31.791726,23.163861],[31.833465,23.203734],[31.845019,23.214578],[31.907056,23.266144],[31.915212,23.273074],[31.919024,23.276014],[31.943599,23.294001],[31.985709,23.324136],[32.007201,23.340297],[32.056973,23.379567],[32.068851,23.400776],[32.072075,23.406322],[32.074533,23.410178],[32.126757,23.485983],[32.132842,23.493993],[32.135491,23.497075],[32.138843,23.500617],[32.141775,23.503431],[32.145452,23.506634],[32.213923,23.563462],[32.217083,23.565934],[32.220341,23.568275],[32.225059,23.571321],[32.231035,23.574792],[32.236317,23.577442],[32.241782,23.579823],[32.246446,23.58163],[32.25199,23.58345],[32.256817,23.58476],[32.263244,23.586185],[32.264798,23.589574],[32.293981,23.649528],[32.297932,23.65697],[32.299948,23.660247],[32.302104,23.663433],[32.305619,23.668235],[32.309706,23.673135],[32.314118,23.677743],[32.318836,23.682038],[32.325285,23.687128],[32.330076,23.690517],[32.335785,23.694036],[32.34172,23.697159],[32.351608,23.718444],[32.380668,23.79389],[32.401863,23.866844],[32.403378,23.871198],[32.424214,23.927068],[32.430373,23.943475],[32.431992,23.947489],[32.434094,23.952042],[32.436437,23.956496],[32.439015,23.960837],[32.441823,23.965057],[32.444854,23.969145],[32.4481,23.973091],[32.451553,23.976886],[32.456627,23.981833],[32.461517,23.985977],[32.467799,23.990642],[32.473386,23.994278],[32.479203,23.997531],[32.504854,24.00992],[32.509477,24.012011],[32.563816,24.032912],[32.569279,24.034796],[32.574837,24.036376],[32.581982,24.038075],[32.588459,24.039197],[32.645367,24.046356],[32.704016,24.054406],[32.733877,24.058971],[32.731995,24.068474],[32.731152,24.075254],[32.730925,24.079044],[32.730873,24.08284],[32.730995,24.086635],[32.73129,24.09042],[32.779443,24.122182],[32.795768,24.120789],[32.988131,24.087478],[32.955237,24.046101],[32.956012,24.041933],[32.956524,24.038225],[32.956866,24.034498],[32.957039,24.030759],[32.957042,24.027016],[32.956762,24.021783],[32.956689,24.015808],[32.955999,24.008171],[32.955271,24.00361],[32.954294,23.999096],[32.953069,23.994642],[32.951862,23.990987],[32.951615,23.985077],[32.951183,23.980587],[32.950509,23.976127],[32.949517,23.971354],[32.94817,23.966591],[32.946576,23.961904],[32.94474,23.957306],[32.943028,23.953552],[32.939543,23.946997],[32.935555,23.940733],[32.931091,23.934801],[32.926228,23.929291],[32.920841,23.924072],[32.915119,23.919341],[32.909045,23.915071],[32.902049,23.910881]]]}},{"type":"Feature","properties":{"source_layer":"Study_Area","source_feature_count":1,"اسم_المحور":"1","مساحة_المنطقة_كم2":525.25626692,"اسم_القطاع":"3","اسم_المحافظة":"1","EMP_Urban":9996,"EMP_Agri":175,"EMP_Industry":4762,"Shape_Length":94312.27454895288,"Shape_Area":-525256266.91487384},"geometry":{"type":"Polygon","coordinates":[[[31.127153,29.718895],[31.127727,29.73137],[31.150843,29.779535],[31.15285,29.784292],[31.154555,29.789165],[31.155583,29.792707],[31.15697,29.798292],[31.158235,29.80486],[31.158941,29.811511],[31.159072,29.818802],[31.162128,29.823614],[31.166617,29.831591],[31.16843,29.835015],[31.170395,29.839227],[31.179147,29.860925],[31.180429,29.86447],[31.181749,29.868798],[31.183889,29.872912],[31.185797,29.877139],[31.193483,29.896576],[31.194926,29.900528],[31.190177,29.902546],[31.012258,29.989295],[31.010021,29.985468],[31.009661,29.985279],[31.009241,29.985304],[31.008598,29.985979],[31.008318,29.985563],[31.006275,29.982347],[31.004381,29.979042],[31.001355,29.972889],[30.998841,29.96651],[30.99705,29.960684],[30.995253,29.953019],[30.99428,29.946751],[30.993572,29.944945],[30.990853,29.940366],[30.988432,29.935622],[30.986602,29.93144],[30.985004,29.927164],[30.984069,29.924268],[30.988516,29.922325],[30.989258,29.922522],[30.986404,29.917448],[30.98441,29.91464],[30.981763,29.915891],[30.981617,29.91535],[30.983745,29.914205],[30.982196,29.912061],[30.980592,29.912833],[30.979536,29.910241],[30.980866,29.909429],[30.981354,29.908827],[30.981527,29.908106],[30.981379,29.906684],[30.980805,29.906203],[30.979917,29.905906],[30.977863,29.906131],[30.970813,29.895393],[30.959464,29.877373],[30.957536,29.87411],[30.955757,29.870763],[30.954132,29.867339],[30.951605,29.861003],[30.950001,29.855946],[30.948689,29.850807],[30.947805,29.846431],[30.94717,29.842012],[30.946747,29.836822],[30.946657,29.832358],[30.946871,29.827155],[30.947328,29.822714],[30.93044,29.787241],[30.928334,29.78233],[30.926757,29.778177],[30.925412,29.773944],[30.924302,29.769643],[30.92356,29.766016],[30.922889,29.761625],[30.921654,29.748295],[30.920602,29.725967],[31.127153,29.718895]]]}},{"type":"Feature","properties":{"source_layer":"Study_Area","source_feature_count":1,"اسم_المحور":"1","مساحة_المنطقة_كم2":1765.05333258,"اسم_القطاع":"6","اسم_المحافظة":"3","EMP_Urban":2856,"EMP_Agri":15329,"EMP_Industry":14268,"Shape_Length":213853.37968863832,"Shape_Area":1765053332.5825334},"geometry":{"type":"Polygon","coordinates":[[[31.146609,29.612219],[31.185702,29.516399],[31.200577,29.503527],[31.207309,29.497136],[31.211202,29.493023],[31.217036,29.486048],[31.220698,29.481066],[31.224376,29.475163],[31.227235,29.46968],[31.229644,29.464128],[31.231017,29.460376],[31.232576,29.455413],[31.234272,29.448922],[31.235315,29.443051],[31.23596,29.436374],[31.236059,29.430412],[31.235774,29.423177],[31.235393,29.419449],[31.234838,29.415743],[31.233771,29.410607],[31.232371,29.405552],[31.225825,29.38719],[31.224173,29.383128],[31.22196,29.378345],[31.2199,29.374408],[31.218029,29.371213],[31.215064,29.366614],[31.21171,29.361986],[31.208667,29.358199],[31.205432,29.354575],[31.200835,29.350013],[31.180134,29.33095],[31.179597,29.326955],[31.178758,29.322476],[31.177668,29.318052],[31.176331,29.313696],[31.174751,29.309422],[31.172158,29.30327],[31.170125,29.299109],[31.167871,29.295064],[31.164533,29.289871],[31.13874,29.252714],[31.135829,29.248966],[31.132729,29.245372],[31.129449,29.241942],[31.125777,29.238418],[31.122007,29.235095],[31.118076,29.231963],[31.113993,29.229032],[31.109771,29.226307],[31.103882,29.222933],[31.099968,29.220862],[31.095167,29.218585],[31.090262,29.216542],[31.085265,29.214736],[31.081038,29.213417],[31.076762,29.212267],[31.070287,29.210743],[31.024682,29.202092],[31.020856,29.199736],[31.0169,29.197484],[31.012408,29.195169],[31.00781,29.192998],[31.006933,29.179591],[31.006475,29.175174],[31.005153,29.167378],[31.0038,29.161573],[31.00176,29.155118],[30.999506,29.149539],[30.99598,29.142227],[30.994065,29.138828],[30.992002,29.135517],[30.988404,29.130417],[30.984968,29.126173],[30.9802,29.120889],[30.975649,29.116398],[30.972046,29.113233],[30.968925,29.110736],[30.964227,29.107198],[30.958852,29.103425],[30.951724,29.098167],[30.948727,29.092626],[30.945845,29.087959],[30.94221,29.082851],[30.938746,29.078597],[30.934459,29.073977],[30.929843,29.069549],[30.925572,29.065931],[30.91982,29.061513],[30.916302,29.052896],[30.916125,29.053044],[30.915969,29.05257],[30.916152,29.052528],[30.915997,29.052149],[30.722587,29.112943],[30.730272,29.131812],[30.733276,29.138095],[30.737954,29.146141],[30.746871,29.160331],[30.751517,29.167112],[30.755835,29.172669],[30.760113,29.177502],[30.764715,29.182027],[30.769618,29.186225],[30.772533,29.191643],[30.77584,29.196832],[30.78004,29.202699],[30.78469,29.208264],[30.788596,29.212333],[30.79274,29.21616],[30.799072,29.221262],[30.803828,29.224765],[30.804243,29.231246],[30.804695,29.23125],[30.804684,29.231755],[30.804276,29.231721],[30.804839,29.239599],[30.805245,29.243239],[30.805819,29.246857],[30.806727,29.251157],[30.808262,29.256888],[30.809637,29.261215],[30.811247,29.265459],[30.813752,29.270969],[30.817698,29.278348],[30.827956,29.295775],[30.830402,29.299543],[30.833343,29.303618],[30.835803,29.306805],[30.8384,29.309881],[30.843565,29.315358],[30.846415,29.318065],[30.849373,29.320654],[30.853052,29.323643],[30.85638,29.326149],[30.86334,29.330811],[30.86904,29.334138],[30.876127,29.337742],[30.884682,29.341545],[30.89834,29.347241],[30.903569,29.35151],[30.909776,29.355885],[30.915554,29.359376],[30.923523,29.363563],[30.929098,29.366102],[30.933982,29.36803],[30.938951,29.369726],[30.943995,29.371186],[30.952806,29.373226],[30.974816,29.377289],[30.974885,29.377773],[30.975263,29.377617],[30.975216,29.377505],[30.975658,29.377444],[30.977162,29.37772],[30.978288,29.384367],[30.97997,29.390895],[30.982438,29.3981],[30.983913,29.401671],[30.985549,29.405171],[30.987342,29.408593],[30.98929,29.41193],[30.993836,29.418734],[30.998167,29.424311],[31.002916,29.429538],[31.000501,29.434107],[30.998303,29.438949],[30.959637,29.533348],[30.958503,29.532881],[30.958392,29.532648],[30.957902,29.532713],[30.957872,29.532553],[30.957576,29.532462],[30.957284,29.531704],[30.956734,29.531891],[30.956737,29.532173],[30.956285,29.532413],[30.956516,29.53288],[30.957298,29.533093],[30.957704,29.534288],[30.958411,29.534162],[30.958901,29.535151],[30.954081,29.546957],[30.941242,29.569365],[30.926078,29.596254],[30.913794,29.617171],[30.910779,29.622927],[30.908893,29.627058],[30.906984,29.632],[30.905396,29.637054],[30.904068,29.642448],[30.903194,29.646814],[30.902568,29.651223],[30.902151,29.656401],[30.902061,29.662013],[30.902183,29.666395],[30.902774,29.672795],[30.903405,29.677241],[30.90428,29.681646],[30.905395,29.685997],[30.906748,29.690279],[30.908621,29.695172],[30.910805,29.699935],[30.914245,29.706469],[30.920197,29.716747],[30.920602,29.725967],[31.127153,29.718895],[31.126238,29.698995],[31.126141,29.693074],[31.125883,29.689456],[31.125459,29.685853],[31.124513,29.679979],[31.123391,29.675084],[31.121452,29.668418],[31.11917,29.66208],[31.140724,29.624127],[31.144852,29.616235],[31.146609,29.612219]]]}},{"type":"Feature","properties":{"source_layer":"Study_Area","source_feature_count":1,"اسم_المحور":"1","مساحة_المنطقة_كم2":752.54548757,"اسم_القطاع":"9","اسم_المحافظة":"4","EMP_Urban":5236,"EMP_Agri":10164,"EMP_Industry":143,"Shape_Length":115236.24642519334,"Shape_Area":752545487.5719823},"geometry":{"type":"Polygon","coordinates":[[[30.830898,28.844521],[30.79748,28.763077],[30.794936,28.75757],[30.790872,28.750512],[30.786944,28.74472],[30.784078,28.741038],[30.780364,28.736765],[30.777167,28.733283],[30.773856,28.729964],[30.757971,28.712447],[30.597603,28.824681],[30.611031,28.83954],[30.648605,28.931365],[30.657508,28.953591],[30.675707,28.997914],[30.722591,29.112953],[30.915997,29.052149],[30.868844,28.936974],[30.850559,28.89264],[30.841805,28.87088],[30.835444,28.855504],[30.835378,28.8551],[30.830898,28.844521]]]}}]}